id,run_type,exe_time,err
20836263,native,29775491.594405595,
20836093,native,54094261.68,
20837125,native,36013387.208333336,
20836281,native,42690905.67961165,
20839750,native,11521695.095238095,
20839813,native,62165090.39705882,
20840125,native,27116186.14285714,
20836750,native,37123341.08,
20837687,native,40657227.09565217,
20836187,native,33255070.01369863,
20839819,native,30958162.795031056,
20836245,native,66300295.67142857,
20839890,native,39452612.712,
20840500,native,60645085.14102564,
20839796,native,65054675.06849315,
20839937,native,28022394.655555554,
20836843,native,53348495.35164835,
20836937,native,40304048.648,
20836000,native,39166186.57692308,
20836468,native,50868689.969387755,
20836251,native,43802717.008695655,
20836140,native,36407446.93006993,
20839843,native,14295002.514435695,
20837875,native,36303003.685314685,
20839807,native,61242188.27710843,
20839831,native,45448326.168141596,
20836269,native,46842214.0462963,
20839801,native,40800869.9921875,
20838625,native,54057791.208333336,
20839000,native,11440031.70600414,
20837500,native,35593161.027027026,
20839866,native,22792711.025210083,
20840875,native,38672412.54887218,
20841437,native,31958424.830409355,gas-used mismatch for 0x41f618d7a19c09a39af2d8fa5f435be02f56fffb57e5e364df3fe964dc9896dd: expected 127917 found 56972
20841250,native,44706548.62931035,
20836116,native,58763530.70454545,
20836234,native,47343331.95454545,
20836248,native,48423669.916666664,
20836375,native,81805375.06557377,
20836257,native,40292945.180451125,
20840687,native,49771665.36190476,
20837593,native,44267146.25203252,
20838437,native,31094693.110497236,
20836656,native,53083744.089108914,
20841625,native,52301900.19417476,
20838250,native,43427549.5546875,
20836562,native,22376095.624031007,
20836282,native,42686125.10377359,
20836094,native,57885357.43209877,
20836751,native,30863065.48275862,
20839844,native,64690555.55555555,
20836141,native,38832475.1,
20836117,native,37510551.89814815,
20840501,native,59382060.15384615,
20836264,native,74614623.72058824,
20840126,native,85637444.2909091,
20836844,native,34192525.97794118,
20836249,native,23441226.090425532,
20837126,native,52347934.0,
20839820,native,38421555.03174603,
20836235,native,60539410.95454545,
20839797,native,39336775.406504065,
20841251,native,29545213.987179488,
20836270,native,40490943.95652174,
20836188,native,37421007.492753625,
20836469,native,34037386.0979021,
20837594,native,38571667.263636366,
20836001,native,54016759.233333334,
20836376,native,48867047.06315789,
20838251,native,19997987.63761468,
20836938,native,45491514.09090909,
20838626,native,64961382.8,
20840688,native,41425652.663636364,
20836246,native,54863726.95698924,
20839751,native,97974144.56603773,
20839814,native,37826380.41059603,
20836657,native,16325868.113879003,
20839891,native,51740673.15841584,
20837876,native,31957508.726708073,
20839938,native,33197093.04375,
20839802,native,41644752.317073174,
20841438,native,65077297.0,
20837688,native,54116444.114285715,
20838438,native,54896436.54117647,
20840876,native,64689372.56626506,
20836258,native,43814110.23966942,
20839808,native,43869358.0,
20837501,native,25379153.973451328,
20839001,native,55263915.14851485,
20836563,native,57188392.85555556,
20836252,native,44480702.34351145,
20841626,native,61608028.97647059,
20839832,native,45808172.04615384,
20839867,native,87609687.42424242,
20837127,native,31717391.247933883,
20836283,native,41317510.60344828,
20839845,native,38567866.71304348,
20836095,native,43541193.27118644,
20836118,native,47051005.41747573,
20836845,native,30996732.124183007,
20836142,native,38834675.46875,
20840689,native,16225332.203636363,
20837877,native,47131110.58888889,
20836752,native,54395860.77551021,
20840502,native,32364932.35443038,
20836250,native,64385815.30263158,
20836271,native,36592532.437037036,
20836189,native,45797549.481481485,
20837595,native,36329072.45925926,
20836236,native,34594333.91390728,
20840127,native,49253629.37962963,
20838627,native,30394733.282208588,
20839892,native,26510563.845303867,
20836265,native,44192018.3,
20839815,native,36867414.23664122,
20836470,native,35340335.75172414,
20839752,native,31150965.987341773,
20836939,native,48951114.88118812,
20836377,native,38781857.24427481,
20839939,native,44068314.34234234,
20836002,native,46153790.32727273,
20841439,native,38311720.584,
20840877,native,45030639.08,
20838439,native,52671103.23255814,
20837689,native,46501252.58415841,
20841252,native,64183544.3125,
20836247,native,47749377.08571429,
20839002,native,22294405.343283582,
20836564,native,40856989.36190476,
20839803,native,37138351.573529415,
20839833,native,36114386.076271184,
20839821,native,49061281.4661017,
20839798,native,51131893.26956522,
20838252,native,45922253.65,
20839809,native,58140020.44186047,
20836658,native,85234318.26229508,
20837502,native,72124187.39393939,
20841627,native,26600695.96685083,
20836253,native,45342739.93636364,
20836259,native,44644548.90909091,
20839868,native,44977947.6,
20837128,native,40712104.43396226,
20836143,native,33901985.573913045,
20836284,native,41867758.46017699,
20836846,native,58362041.14102564,
20837878,native,34033761.21481481,
20836096,native,42064391.460869566,
20836119,native,47257619.33009709,
20839846,native,55030963.64285714,
20839753,native,33491061.307692308,
20840878,native,12720494.504398827,
20836378,native,34292111.664122134,
20836753,native,34817742.868965514,
20836940,native,40622925.97272728,
20836190,native,73833200.98333333,
20836237,native,15730246.29245283,
20839799,native,29698808.595375724,
20836471,native,41070821.75652174,
20837596,native,23099049.404545456,
20836272,native,30972220.75151515,
20840503,native,54678059.302083336,
20840690,native,66332112.5375,
20839893,native,38996023.907692306,
20838440,native,40180538.12,
20839816,native,52249604.0,
20838628,native,40786229.885496184,
20840128,native,40366380.684210524,
20841253,native,8076907.212403101,
20836266,native,37539807.91489362,
20839822,native,63262223.906666666,
20836260,native,42346694.49504951,
20836659,native,29326844.254658386,
20836003,native,46228658.01724138,
20836796,native,35318672.54285714,
20836565,native,32595826.220858894,
20839003,native,60801740.105882354,
20839940,native,37019072.80405405,
20841628,native,45841137.38613861,
20837503,native,34310601.06993007,
20839834,native,62509560.024096385,
20836254,native,28584330.770588234,
20841440,native,42364540.63235294,
20839810,native,47861346.08181818,
20837690,native,64885375.54444444,
20839804,native,36193058.125,
20838253,native,27803941.10447761,
20839869,native,4145594.7741935486,
20837129,native,27311517.555555556,
20836144,native,27919137.84864865,
20837879,native,34066180.02205882,
20836097,native,44190027.495238096,
20836847,native,46039450.44444445,
20836285,native,52188400.733333334,
20840879,native,50309196.428571425,
20836379,native,35463139.421052635,
20836191,native,13442289.432960894,
20836120,native,42031927.98347107,
20839754,native,56025988.73626374,
20836941,native,44300640.45454545,
20836472,native,35173935.60902256,
20839847,native,22983984.240343347,
20839800,native,51244238.86021505,
20837597,native,63281077.90140845,
20839894,native,51376859.76923077,gas-used mismatch for 0x20103dd3699f03769036e24aa9f54ea399dcec37c1499b8d7b715f02b556daa3: expected 164356 found 83660
20836754,native,54372483.07368421,
20836273,native,64548112.18666667,
20840691,native,21535373.131914895,
20840504,native,61384964.14814815,
20840129,native,40513643.69166667,
20836267,native,36390901.19259259,
20836261,native,43107521.557522126,
20839817,native,69617346.2112676,
20836566,native,31489854.92,
20838629,native,34852417.220689654,
20838441,native,33597154.758169934,
20839004,native,48596737.95918367,
20839835,native,30682388.45751634,
20836797,native,35850716.941176474,
20841254,native,78884356.8275862,
20836004,native,38936764.03125,
20837504,native,28646052.61403509,
20836238,native,68584375.84931506,
20839941,native,57459572.31395349,
20836255,native,40474838.576271184,
20839823,native,46945560.734513275,
20841441,native,42153450.46956522,
20839805,native,51389585.46666667,
20841629,native,48225246.18095238,
20838254,native,39325255.05785124,
20836660,native,56710826.694736846,
20837691,native,40487941.93495935,
20839811,native,27813575.82198953,
20839870,native,91323154.27868852,
20837130,native,54676564.54651163,
20837880,native,62608080.78571428,
20836098,native,48748383.31632653,
20836145,native,5201.819324432703,
20836380,native,55002187.15909091,
20836473,native,16590659.996551724,
20836848,native,47463164.217391305,
20836286,native,59527618.37209302,
20836942,native,59603611.69879518,
20839375,native,37523657.47058824,
20836121,native,45152776.10344828,
20840880,native,68918980.71794872,
20839895,native,35167416.22758621,gas-used mismatch for 0x5ac91b1b3f242d0d754f86368a70ee6f6e37f1f63048ad6c8e8a94e90139a0f0: expected 160997 found 97401
20839755,native,52697597.41584159,
20837598,native,49983269.495145634,
20836192,native,61181919.54117647,
20836755,native,32038295.50931677,
20839848,native,64378602.25,
20839818,native,37866975.8359375,
20836005,native,54945554.77108434,
20836567,native,36141303.073529415,
20836262,native,17264151.22972973,gas-used mismatch for 0x7bf4a8fcf5c581730fc7a955b76ba632b4068a5ad8e6698664517d4741ef7bf7: expected 110817 found 56972
20836798,native,37930996.65873016,
20840505,native,47281396.81981982,
20836268,native,54756468.92307692,
20839836,native,47411821.77669903,
20840130,native,51715747.49504951,
20838630,native,48423898.71428572,
20838255,native,11009488.242857143,
20838442,native,57278516.30681818,
20841255,native,40097987.74796748,
20839005,native,44995103.85840708,
20841442,native,43873255.66981132,
20839824,native,43925113.60909091,
20836256,native,47587295.51485149,
20841630,native,44431527.91428571,
20839942,native,47496165.70754717,
20837505,native,47939813.52830189,
20839812,native,37075793.40495868,
20840692,native,87323001.95238096,
20839806,native,41161172.25423729,
20836274,native,59671477.76530612,
20836239,native,29685708.26344086,
20836661,native,15864826.788856305,
20837692,native,49999207.25862069,
20839871,native,70894504.33333333,
20837131,native,32559955.126506023,
20836849,native,46981652.70967742,
20837881,native,40422170.141843975,
20836099,native,30122244.468085106,
20836146,native,87360367.60344827,
20841631,native,51017398.368421055,
20840881,native,50154664.17894737,
20836381,native,44910865.74166667,
20836122,native,30362782.63253012,
20836193,native,42709073.03539823,
20837599,native,32721222.274509802,
20839943,native,53004756.975,
20836474,native,77821850.92857143,
20839849,native,33981143.80136986,
20838256,native,45728291.5,
20839896,native,28847076.76966292,
20839376,native,42239801.38888889,
20836943,native,80163729.78461538,
20839756,native,40271587.60902256,
20840506,native,51275576.96842105,
20836006,native,34991185.49324324,
20836128,native,44864440.92920354,
20836240,native,48093498.51136363,gas-used mismatch for 0x0357af5915f527e3e6f4e644f33b8b5898eefcc5ae48a9e0c17b26c16cc7f5a4: expected 127917 found 56972
20836756,native,37241042.448275864,
20839006,native,27909607.3,
20840693,native,27278109.323863637,
20836287,native,95221084.39344262,
20836275,native,37596160.57024793,
20841256,native,65190380.25333333,
20840312,native,51995340.67346939,
20838443,native,37330008.08695652,
20839825,native,34307946.766666666,
20839837,native,45094854.42975207,
20836773,native,52134245.20388349,
20836568,native,51992900.574074075,
20836799,native,49840676.63063063,
20838631,native,53037686.310679615,
20841443,native,49094246.68181818,
20840131,native,67854098.7375,
20838343,native,42114501.10489511,
20837506,native,44258783.2,
20837078,native,58059125.65591398,
20836662,native,78010153.48333333,
20837031,native,36055815.9939759,
20837693,native,81411498.91666667,
20839872,native,44701673.217391305,
20837882,native,26984754.772413794,
20837132,native,46599354.41818182,
20841632,native,52020169.75789474,
20836850,native,37648259.46206897,
20836194,native,37420717.17460317,
20836147,native,55062881.93548387,
20836123,native,72984031.84848484,
20836382,native,43442327.576271184,
20839850,native,41877557.46551724,
20840882,native,63628157.60240964,
20839757,native,37722453.4296875,
20836475,native,45866166.845454544,
20837600,native,58755864.755813956,
20839377,native,41475366.928,
20836100,native,39787173.266666666,
20836276,native,39748726.68333333,
20840694,native,57528038.975903615,
20840507,native,29827335.27840909,
20839944,native,44489024.7398374,
20838257,native,52573339.051020406,
20836007,native,17893751.14237288,
20839826,native,43525112.27027027,
20841257,native,33417384.04054054,
20838632,native,38057641.456,
20836944,native,37437900.12162162,
20838444,native,32830790.522580646,
20836774,native,43466796.155172415,
20836288,native,37557290.46853147,
20839897,native,79246186.72857143,
20836241,native,17791637.9456869,
20840313,native,37677132.36231884,
20840132,native,38554424.744,
20839007,native,59575297.87777778,
20838344,native,32015184.045161292,
20836757,native,77140394.9859155,
20836800,native,64579932.15384615,
20837507,native,57474419.32530121,
20836569,native,38541594.15441176,
20836129,native,41071407.51748252,
20839838,native,55282084.21428572,
20841444,native,42070463.877862595,
20837694,native,48279120.91208791,
20837032,native,42268624.6637931,
20836663,native,28483177.627027027,
20837079,native,41895776.13013699,
20839873,native,37536736.232,
20841633,native,19405573.119170986,
20837133,native,34726118.07534247,
20837883,native,40884903.9765625,
20836195,native,37382062.41221374,
20836148,native,40351298.5,
20836851,native,47262366.761061944,
20836130,native,30232319.76,
20839851,native,36797344.8,
20836476,native,39626512.968,
20837601,native,40394002.23577236,
20836124,native,69557745.65333334,
20836383,native,43631089.48760331,
20836242,native,69748177.30357143,
20836277,native,49197677.62244898,
20840883,native,51011189.60952381,
20838258,native,44970226.94594595,
20839758,native,59716648.81111111,
20839945,native,43822566.36283186,
20836101,native,39135466.76923077,
20836945,native,50814993.43010753,
20839378,native,29171782.005405404,
20840508,native,73385111.92857143,
20840695,native,40882897.8,
20839898,native,30793287.763975155,
20836758,native,35020219.205882356,
20836775,native,43607863.32173913,
20836008,native,37031112.6,
20841258,native,37409146.925675675,
20839008,native,27684530.844559584,
20840314,native,47141623.18918919,
20839827,native,43226151.29230769,
20836801,native,38618355.729323305,
20836570,native,34411812.846666664,
20837508,native,24343395.695454545,
20836664,native,50021818.25274725,
20839839,native,26990225.805263158,
20838633,native,63105267.04545455,
20837695,native,44012964.027027026,
20841445,native,43294465.05217391,
20838345,native,42849229.571428575,
20838445,native,35139279.78181818,
20836289,native,61591426.88421053,
20840133,native,40661373.37241379,
20837033,native,47913255.1509434,
20839874,native,39433653.21818182,
20837080,native,42132172.81896552,
20837134,native,36940259.95035461,
20837884,native,46443212.380530976,
20841634,native,106597310.39215687,
20836852,native,37101710.136,
20836196,native,59988099.26506024,
20836149,native,53932341.448979594,
20840884,native,30663137.432258066,
20836384,native,31469241.860759493,
20839946,native,45556372.138613865,
20836278,native,39900934.28099173,
20836477,native,46765848.05405405,
20836125,native,53258675.52040816,
20836243,native,37016874.84397163,
20837602,native,34938362.525641024,
20840509,native,25947558.471204188,
20836009,native,31488104.18918919,
20839852,native,54319906.54368932,
20840696,native,35969765.27857143,
20841259,native,26918599.057803467,
20839759,native,60986168.23255814,
20836131,native,72740411.16,
20836665,native,35456571.87804878,
20839379,native,40053993.610687025,
20836946,native,37995253.673758864,
20839828,native,31865691.945945945,
20838259,native,47708405.35344828,
20836759,native,46026864.81981982,
20836802,native,32733777.81081081,
20836102,native,50875682.84259259,
20839899,native,37655460.74825175,
20839840,native,63883212.1369863,
20836290,native,18807670.375,
20840315,native,41430204.544,
20836571,native,44466570.04424779,
20839009,native,61834671.24691358,
20837509,native,72291129.35294117,
20837081,native,43783632.25,
20840134,native,38788263.512,
20838634,native,72693915.12676056,
20838346,native,26752823.554404143,
20841446,native,59853254.39534884,
20836776,native,54475044.39047619,
20838446,native,44617328.26271187,
20837696,native,62834143.075,
20837034,native,25691313.648780487,
20839875,native,43017542.895652175,
20837885,native,15565593.90106007,
20837135,native,31523911.810126584,
20841635,native,36436379.35862069,
20836197,native,36433619.17021277,
20839947,native,44011592.27184466,
20836853,native,34842864.08588957,
20836279,native,41789032.53333333,
20837603,native,64318538.49333333,
20836760,native,29397195.162162162,
20836478,native,41090883.536,
20836803,native,50116462.24705882,
20841260,native,51431358.222222224,
20840885,native,56616642.333333336,
20836150,native,53988006.9009901,
20836385,native,80444788.89393939,
20839760,native,37704654.177777775,
20836126,native,38301244.307692304,
20839853,native,48648807.75471698,
20836103,native,13127138.069148935,
20836010,native,94600842.07843137,
20837510,native,51292847.569767445,
20839841,native,39996740.62601626,
20838260,native,29925891.619318184,
20840697,native,46913715.08695652,
20836244,native,41350683.092857145,
20836947,native,42167998.08,
20839380,native,33401671.254658386,
20839010,native,32363568.18064516,
20839900,native,72570892.57142857,
20840135,native,68967596.75757575,
20836132,native,65674762.058823526,
20840316,native,53673709.182795696,
20837082,native,23560965.21800948,
20840510,native,41327797.45517241,
20837697,native,44593963.116504855,
20836666,native,39301824.55405405,
20838347,native,51625894.16,
20841447,native,41580275.67768595,
20838635,native,50110755.78095238,
20839829,native,59707003.54,
20838447,native,41278672.63414634,
20836572,native,20911384.7601476,
20836291,native,79501926.95714286,
20836777,native,49087507.54716981,
20839876,native,54341958.244444445,
20837035,native,30752614.35955056,
20837136,native,45463932.66037736,
20837886,native,76969678.14285715,
20836198,native,49092471.315789476,
20839948,native,46627428.666666664,
20836280,native,37914504.103174604,
20836761,native,33934701.566433564,
20836479,native,35303104.02173913,
20836804,native,35061735.26470588,
20836854,native,55935552.91111111,
20841636,native,49549365.85344828,
20837604,native,37986115.26470588,
20840886,native,27544912.857923497,
20839761,native,34238651.37588652,
20841261,native,44185179.20689655,
20836151,native,75373654.09230769,
20836386,native,33661793.5751634,
20837511,native,42178479.788135596,
20839854,native,32895712.393548388,
20836127,native,50701709.42,
20840218,native,26019689.968421053,
20839901,native,33670796.68571428,
20836011,native,33400257.705128204,
20839877,native,42044352.23655914,
20836104,native,55685706.38709678,
20839842,native,35614861.84931507,
20840698,native,38786149.94736842,
20840511,native,51640165.18947368,
20837083,native,64848314.76712329,
20839381,native,38169863.04347826,
20837698,native,31150472.267080747,
20838261,native,32740353.759036146,
20839011,native,40515698.0,
20836948,native,47673719.104347825,
20838348,native,30012904.581818182,
20836133,native,56390414.56989247,
20840317,native,39652909.88970588,
20836667,native,48838159.0754717,
20838448,native,37439373.97709924,
20840136,native,46514379.60330579,
20841448,native,58347952.22093023,
20836778,native,54736730.93333333,
20839830,native,57557312.06593407,
20836573,native,43266685.17886179,
20838636,native,18411691.931818184,
20836292,native,38627920.97872341,
20837036,native,85241917.03333333,
20837137,native,32930542.044871796,
20836199,native,52753498.28888889,
20839949,native,30735831.846625768,
20838296,native,33858061.418439716,
20836480,native,31199701.36129032,
20841637,native,44924509.324074075,
20840887,native,14401486.786585366,
20836762,native,45390238.39622641,
20837887,native,72211041.97647059,
20836855,native,59375601.035294116,
20836805,native,39460212.72519084,
20836152,native,45694557.09259259,
20839762,native,74334865.24242425,
20841262,native,14268632.252077563,
20837605,native,41000124.10769231,
20836387,native,39378808.37692308,
20836105,native,45944205.514563106,
20839860,native,23051792.877934273,
20839382,native,47196655.24489796,
20839855,native,30530543.883040935,
20836819,native,26183703.24,
20839902,native,47232984.99074074,
20837512,native,46021546.99137931,
20839012,native,43870121.46296296,
20836012,native,65541071.026315786,
20840512,native,37977969.77037037,
20840699,native,40085980.46564885,
20839878,native,36005248.33108108,
20837699,native,43576025.51304348,
20840137,native,38342386.61157025,
20838262,native,29618671.547058824,
20836668,native,33731978.64335664,
20837084,native,40869823.4047619,
20836134,native,50497667.93877551,
20840318,native,35177766.35664336,
20841449,native,22002723.100877192,
20840219,native,78860799.91780822,
20836949,native,42809029.82539683,
20838449,native,43206268.19491526,
20836703,native,42626069.618644066,
20836574,native,42746795.672413796,
20838349,native,69113958.0625,
20836779,native,37030207.928571425,
20836293,native,58288332.47727273,
20837037,native,66604706.92957746,
20838637,native,92129733.9090909,
20837138,native,58153356.729411766,
20836200,native,35405947.84827586,
20836763,native,51740395.08888889,
20838297,native,39262178.73282443,
20839950,native,52051559.99029126,
20836481,native,36958418.49285714,
20837888,native,39868831.21138211,
20839763,native,45461887.591836736,
20837606,native,27167237.56069364,
20836388,native,37579093.49152543,
20836856,native,40356348.2109375,
20840888,native,79874498.75757575,
20836806,native,41523632.1015625,
20836153,native,38450221.875,
20836013,native,29907890.275641024,
20837700,native,33316826.095588237,
20841263,native,51222619.28571428,
20839903,native,2872804.0087912087,
20841638,native,40537310.32679739,
20837513,native,50482679.18446602,
20840319,native,48488106.47311828,
20839013,native,38244856.18115942,
20838263,native,27147887.951612905,
20836669,native,46033198.83962264,
20836135,native,42222876.567567565,
20839383,native,29709679.16753927,
20836704,native,32899438.76470588,
20837085,native,36532261.807142854,
20839861,native,77215423.63013698,
20839879,native,8132364.278425656,
20836820,native,82856054.3968254,
20840513,native,44350244.288,
20836950,native,28874931.65317919,
20838350,native,77541104.66071428,
20838450,native,42028944.69565217,
20840138,native,7153169.997477932,
20836106,native,39512068.570512824,
20839856,native,54126366.938053094,
20841450,native,29836501.234972678,
20840220,native,35692883.929487176,
20836294,native,36985306.45185185,
20836575,native,42167822.024,
20836780,native,42740762.87603306,
20837038,native,54437917.67368421,
20840700,native,73442286.02325581,
20838638,native,40306331.96694215,
20836201,native,49720828.8125,
20837139,native,44821545.53125,
20839764,native,35667958.70434783,
20836764,native,43311541.80869565,
20836482,native,18512732.875471696,
20838298,native,37267837.91428571,
20836389,native,32792325.56849315,
20836154,native,40252671.61111111,
20839951,native,53161424.93684211,
20841264,native,40889822.41904762,
20837889,native,41371740.421875,
20836857,native,42423290.75423729,
20836807,native,43037090.628318585,
20837607,native,35259162.245033115,
20836014,native,35654549.63235294,
20837701,native,16184410.89108911,
20840889,native,63129071.975,
20839904,native,101800077.0,
20839014,native,40163502.0,
20837514,native,41626967.6446281,
20838264,native,24923919.98578199,
20839862,native,33618754.472972974,
20837086,native,47149884.70476191,
20839384,native,51853941.153061226,
20840320,native,30619564.01111111,
20840514,native,55613632.39772727,
20841639,native,19984157.04467354,
20838451,native,44144465.44144144,
20836295,native,42654418.0,
20836670,native,46645895.14049587,
20836951,native,38419410.94074074,
20838351,native,34752535.09933775,
20840139,native,56139939.86813187,
20836136,native,43480746.80916031,
20836107,native,45721895.49557522,
20836705,native,38092662.08391608,
20836781,native,22152118.948356807,
20836821,native,58267289.35227273,
20841451,native,72372050.07142857,gas-used mismatch for 0xe7f70221c62f7e5803c7d6fb93747ed28bc928caed6cc8429c158d2d6a68e6e5: expected 127917 found 56972
20836576,native,28757073.765714284,
20839880,native,72791430.14285715,
20839857,native,48028276.81981982,
20840221,native,43063656.18699187,
20840701,native,46195053.97272728,
20837039,native,18798565.208633095,
20838639,native,32684834.948717948,
20837140,native,37820338.62857143,
20839765,native,39576333.768518515,
20836202,native,15693385.835483871,
20836765,native,22590764.94,
20836390,native,41811051.49565218,
20836155,native,46059168.99056604,
20838299,native,31687928.913043477,
20836483,native,69025325.57534246,
20839952,native,26512858.231578946,
20841265,native,37971319.9921875,
20836808,native,32938750.96551724,
20837890,native,24317101.351219513,
20836858,native,46487462.4368932,
20837608,native,63760511.08,
20839015,native,40409293.27027027,
20839905,native,46984052.78571428,
20840890,native,36166403.98571429,
20837702,native,56509478.63636363,
20836015,native,41832065.21875,
20837087,native,31022218.0,
20840321,native,42962328.722222224,
20840515,native,30363850.110429447,
20838452,native,37564206.46875,
20839385,native,41134486.17355372,
20837515,native,51729930.647619046,
20838265,native,65398260.575,
20839863,native,40773313.928571425,
20841640,native,52208798.38709678,
20836952,native,20258254.812749002,
20836671,native,37516315.165413536,
20836577,native,31359686.493333332,
20836296,native,43955098.35652174,
20836108,native,20378798.125,
20836137,native,38619588.03053435,
20836706,native,28398899.889502764,
20841452,native,43623718.95652174,
20836822,native,40952509.184,
20838352,native,30561459.182857145,
20839858,native,19398507.9391635,
20840222,native,46651547.13207547,
20839881,native,67337208.46666667,
20840140,native,79718660.55882353,
20840702,native,32855281.620915033,
20837040,native,43268184.64655172,
20836782,native,95425459.21818182,
20838640,native,36936426.21428572,
20839766,native,43211390.87,
20837141,native,30437073.0875,
20836203,native,56341002.76136363,
20838300,native,40591513.84259259,
20836766,native,76360115.97142857,
20836156,native,41899164.525,
20836391,native,68236634.4,
20836484,native,32977105.326797385,
20839953,native,58240881.96590909,
20836809,native,51612060.8877551,
20841266,native,46877755.40909091,
20836859,native,41253142.70731708,
20837891,native,53788256.8,
20837609,native,35471132.56081081,
20839016,native,39652222.9921875,
20839906,native,36196091.00714286,
20837703,native,32272047.670886077,
20836016,native,38005316.822222225,
20840891,native,39921764.76296296,
20837088,native,61765466.307692304,
20840322,native,44378199.982300885,
20841641,native,64537918.15492958,
20838453,native,40292645.06504065,
20838266,native,20933455.93277311,
20836109,native,28721343.535714287,
20837516,native,39745717.4921875,
20840516,native,55375071.14736842,
20839864,native,44604992.63478261,
20836672,native,23396627.96744186,
20836297,native,25487910.414141413,
20836578,native,35277788.23448276,
20841453,native,29158162.874285713,
20840223,native,34239141.4680851,
20836138,native,47199719.5,
20839386,native,55778145.75247525,
20838353,native,34642628.49333333,
20839882,native,35124223.65248227,
20836707,native,22838609.05957447,
20836823,native,38551982.14814815,
20836953,native,80801240.19117647,
20840141,native,25507333.0,
20840703,native,38503632.384615384,
20836783,native,17500501.271477662,
20839859,native,83527525.71428572,
20837041,native,73484466.59210527,
20838641,native,50244711.98095238,
20839767,native,63930753.84507042,
20837142,native,37819158.625,
20836204,native,46998232.28571428,
20838301,native,8523030.955830388,
20836392,native,16028916.636963697,
20836157,native,30213455.99386503,
20836767,native,39053179.641221374,
20836810,native,46686266.82857143,
20839954,native,37215375.89705882,
20837892,native,39927755.70634921,
20839017,native,31913385.025316454,
20841267,native,55694613.29032258,
20836485,native,37525954.2875817,
20836860,native,21999261.52244898,
20837610,native,74398150.11764705,
20839907,native,48545666.190476194,
20837704,native,33449949.22875817,
20840892,native,39188069.125,
20836017,native,39776041.54135338,
20837089,native,24427287.7014218,
20836298,native,46017474.336842105,
20840323,native,33716027.72666667,
20838454,native,36386039.57857143,
20841642,native,34735391.794701986,
20838267,native,35964604.73287671,
20839883,native,32733057.376811594,
20837517,native,40572983.472,
20840517,native,39810416.115384616,
20839865,native,29215737.235955056,
20836110,native,73191808.54285714,
20836579,native,49084586.809523806,
20840224,native,35342056.19148936,
20836139,native,48360797.35,
20836673,native,66825051.223684214,
20836954,native,43339103.39814815,
20841454,native,50952558.72,
20838354,native,43885896.93965517,
20839387,native,39829745.65384615,
20836708,native,77884592.95081967,
20836824,native,43057801.166666664,
20840142,native,35591101.04794521,
20840704,native,26767974.974093266,
20836784,native,48157330.80555555,
20838642,native,69618757.26315789,
20837042,native,20427088.05862069,
20837143,native,40239785.96296296,
20839768,native,27640575.248618785,
20836205,native,19601867.462151393,
20838302,native,88120721.6,
20836393,native,59245372.14117647,
20836158,native,38714973.10526316,
20836768,native,57129121.97674418,
20839955,native,33334877.25165563,
20837893,native,44620864.75675676,
20836486,native,33090135.48,
20841268,native,38438111.96946565,
20836861,native,47440154.27184466,
20836811,native,48472230.46902655,
20839018,native,40501788.83206107,
20837705,native,14417779.502793295,
20839908,native,37484248.691176474,
20837611,native,56168880.20879121,
20840324,native,54204379.511627905,
20840893,native,53210874.68367347,
20838268,native,19468215.179166667,
20838455,native,9008350.879562045,
20836018,native,45879958.82882883,
20836299,native,39585856.16153846,
20837090,native,64793802.9625,
20841643,native,43847223.13559322,
20839884,native,33640785.61589404,
20839913,native,35331644.08571429,gas-used mismatch for 0x9457cf4189ed0d9d5233dfc447ec70c16e53cafb1683fb41cac54c0eef7f752e: expected 168022 found 98232
20837518,native,53308825.833333336,
20840518,native,30198102.0,
20836580,native,29596824.867052022,
20836674,native,28263709.62430939,
20836111,native,38704192.24637681,
20836709,native,39537457.38211382,
20838355,native,38296080.71755725,
20836955,native,33508957.634615384,
20841455,native,52265652.99029126,
20840225,native,52050971.91428571,
20839388,native,47154307.46902655,
20840143,native,53108268.6875,
20840031,native,80485467.21212122,
20836825,native,51536857.8019802,
20836785,native,46595066.43636364,
20840705,native,62130010.4117647,
20838643,native,21726708.425531916,
20837043,native,65221281.9125,
20839769,native,37998609.3984375,
20837144,native,41709424.29770993,
20836206,native,52129916.7,
20838303,native,32843870.894039735,
20836769,native,27611997.976878613,
20836159,native,39938686.43076923,
20836394,native,45412861.300884955,
20839956,native,69988810.0,
20841269,native,19838367.55102041,
20836487,native,17418976.937931035,
20837894,native,35923622.58695652,
20839909,native,33757167.82191781,
20837612,native,38599472.544,
20839019,native,54090836.56043956,
20836812,native,28700988.0,
20836862,native,42257946.73809524,
20837706,native,72348194.69014084,
20840325,native,47179134.77272727,
20838269,native,30809347.692771085,
20836019,native,52615704.59375,
20836300,native,35475660.4680851,
20837091,native,34768051.680851065,
20840894,native,39897149.65942029,
20841644,native,25566454.812206574,
20839885,native,61050043.57647059,
20837519,native,40574926.58730159,
20839914,native,42947831.864,
20836581,native,49283444.68,
20840519,native,78389009.79365079,
20836675,native,39702779.7890625,
20838456,native,78547987.84285714,
20836112,native,40649382.277777776,
20838356,native,43577436.594827585,
20836956,native,44151780.23275862,
20841456,native,28458760.10857143,
20836710,native,49835589.24761905,
20840144,native,40140758.216,
20840032,native,43476541.594827585,
20839389,native,40074461.07692308,
20836826,native,38909140.19847328,
20840226,native,49206224.627272725,
20836786,native,52664781.34375,
20840706,native,48698084.43518519,
20838644,native,42880724.358333334,
20837044,native,27348439.40425532,
20839770,native,58910235.44318182,
20837145,native,42219893.008,
20836207,native,45903167.2962963,
20838304,native,39386505.18699187,
20836770,native,38757830.30894309,
20839957,native,33110802.16783217,
20841270,native,40592880.49557522,
20836395,native,39381794.71875,
20836160,native,37838798.52592593,
20837613,native,45095970.17475728,
20836488,native,55709348.48888889,
20837895,native,42485686.949152544,
20836813,native,56599087.55681818,
20839020,native,42541429.49586777,
20839910,native,35586362.80405405,
20836863,native,35152043.5862069,
20838270,native,31968527.438356165,
20837707,native,11364516.939461883,
20840326,native,37400155.6,
20837092,native,45756302.00925926,
20840895,native,42151794.60869565,
20836020,native,40654804.125,
20836301,native,46277828.40909091,
20836582,native,15813272.181208054,
20837520,native,13375318.349333333,
20839886,native,48767434.24752475,
20841645,native,59390403.22093023,
20839915,native,54026995.1368421,
20840520,native,47299660.981818184,
20838357,native,50619934.92,
20840033,native,42337939.31818182,
20836113,native,40063369.8515625,
20836676,native,51299402.06930693,
20838457,native,48168308.45945946,
20836957,native,51164420.73,
20840145,native,37161455.2962963,
20836711,native,28133952.978723403,
20839390,native,38471375.33076923,
20836827,native,39138757.603053436,
20841457,native,33296765.3,
20836787,native,36698240.11347517,
20840707,native,32444843.170886077,
20840227,native,47364188.575,
20838645,native,27460809.139784947,
20837045,native,39928841.88,
20839771,native,16442625.962848296,
20837146,native,32530864.46,
20836208,native,39539417.88888889,
20838305,native,43559190.93965517,
20841271,native,33606445.368,
20836771,native,36713278.62222222,
20839958,native,41134936.0,
20837614,native,37834821.541666664,
20836396,native,26747276.256830603,
20836161,native,46095443.36111111,
20837896,native,37200440.2631579,
20836489,native,43074808.862068966,
20839021,native,30804128.267080747,
20836864,native,18720955.75665399,
20839911,native,56031499.23529412,
20836814,native,39929373.144,
20838271,native,33782557.61589404,
20837093,native,21161908.454545453,
20840327,native,38982622.34351145,
20836021,native,15527656.916923078,
20840896,native,39637201.65873016,
20836302,native,38246005.872180454,
20837708,native,86966199.09523809,
20839887,native,50337838.35714286,
20840521,native,10917654.252900232,
20836583,native,54791931.38709678,
20836114,native,39363017.51239669,
20839916,native,1169263.8555253623,
20840034,native,30456795.6686747,
20836677,native,41630606.016949154,
20837521,native,80426833.20634921,
20841646,native,45414070.96551724,
20838358,native,28193984.01081081,
20838458,native,45145296.04545455,
20840146,native,38323879.2519084,
20836712,native,12302325.39192399,
20836958,native,16806133.492063493,
20839391,native,40574194.51145038,
20836828,native,41072468.88888889,
20841458,native,62434789.074074075,
20840708,native,39083541.146153845,
20836788,native,40903292.5859375,
20840228,native,36059621.020979024,
20838646,native,82830007.56666666,
20837046,native,51839883.86,
20839772,native,73658499.87692308,
20837147,native,35707740.432432435,
20836209,native,35117630.24264706,
20838306,native,37203972.766917296,
20841272,native,40983067.80991735,
20837615,native,34821394.421875,
20836772,native,40153198.8125,
20836397,native,44338782.41584159,
20839959,native,62246263.42307692,
20836162,native,23289869.10232558,
20837897,native,23288705.581818182,
20836815,native,42355357.3539823,
20836865,native,34793023.97202797,
20839022,native,31926285.52173913,
20839912,native,60083451.55555555,
20838272,native,33140458.866666667,
20836490,native,61418455.81395349,
20837094,native,50829964.99,
20840328,native,44899697.89189189,
20840897,native,61694268.084337346,
20837709,native,17590660.814035088,
20836303,native,47617042.69811321,
20836022,native,50504693.99056604,
20840522,native,53962745.75824176,
20836584,native,61190736.69135802,
20839888,native,46689319.35135135,
20836678,native,39722711.65873016,
20836115,native,46185511.867256634,
20838359,native,40747467.24390244,
20841647,native,50413980.92,
20839917,native,82168696.16393442,
20837522,native,53365278.86734694,
20840035,native,60849790.34090909,
20838459,native,35811999.11724138,
20840147,native,36475155.37931035,
20836713,native,62549900.13580247,
20839392,native,35682938.09929078,
20836959,native,61670948.28915662,
20836829,native,15647092.399371069,
20841459,native,18897051.887218047,
20840229,native,44778144.11504425,
20840709,native,51832353.85148515,
20836789,native,40346217.71875,
20838647,native,34652020.6369863,
20839773,native,31059808.092715234,
20837047,native,45591703.73170732,
20837148,native,29163939.023809522,
20836210,native,18543498.36996337,
20838307,native,36607968.45925926,
20841273,native,35723204.992753625,
20837616,native,41403440.46902655,
20839984,native,46450366.762376234,
20836398,native,27995232.083333332,
20839960,native,34029602.66225166,
20838273,native,26574196.699386504,
20839023,native,51121616.75824176,
20836163,native,71653440.17333333,
20836866,native,41309652.52542373,
20837898,native,31349083.393939395,
20836816,native,39203661.1875,
20836491,native,45388408.16504855,
20840007,native,37475087.330827065,
20840329,native,24429331.27179487,
20837095,native,40997097.29268292,
20837710,native,52182140.166666664,
20836304,native,33853180.102564104,
20836585,native,31780242.135483872,
20836023,native,42325658.16528925,
20839889,native,36132151.03546099,
20840523,native,36625184.0137931,
20840898,native,51291995.018181816,
20836679,native,41167694.227642275,
20839925,native,30080792.952941176,
20839918,native,23281940.646788992,
20841648,native,27795166.51891892,
20838360,native,47937686.11111111,
20838460,native,26099204.265,
20840036,native,39076255.11278196,
20836960,native,30549537.975903615,
20839393,native,44864058.64864865,
20837523,native,32831405.587878786,
20836714,native,14307720.621917808,
20840148,native,49951767.018867925,
20836830,native,58305419.37362637,
20841460,native,147011626.8857143,
20840230,native,41572666.70247934,
20840710,native,52238718.81632653,
20836790,native,36457390.80419581,
20838648,native,69426993.58571428,
20839774,native,31490910.703030303,
20837048,native,45025168.73728813,
20837149,native,68203406.54666667,
20836211,native,73887613.9090909,
20841274,native,41518529.27826087,
20837617,native,33320119.18,
20838308,native,43310053.21666667,
20839985,native,41216657.3,
20836399,native,35970643.01481482,
20839961,native,37898599.22142857,
20839024,native,37258216.84615385,
20836817,native,35019855.06153846,
20836164,native,40748141.27586207,
20836867,native,54333304.10843374,
20837899,native,64283920.51470588,
20838274,native,61929714.6375,
20836492,native,40264222.81818182,
20840008,native,31286082.794871796,
20837096,native,37791270.53571428,
20840330,native,84210662.38333334,
20837711,native,32738512.066225167,
20836305,native,32582344.052287582,
20836586,native,51305076.15841584,
20840524,native,44881080.81415929,
20840899,native,46160422.62162162,
20836680,native,46823179.123809524,
20839926,native,33520934.953333333,
20839919,native,53585007.22448979,
20836024,native,54348362.77,
20841649,native,49793059.366336636,
20840037,native,5054156.28877551,
20840781,native,51986759.75,
20839394,native,39859724.0,
20838361,native,57646196.6,
20836715,native,62831545.42307692,
20837524,native,56610624.744444445,
20838461,native,64565444.8125,
20836961,native,54360182.46315789,
20836831,native,37446695.276923075,
20840149,native,48309565.018018015,
20841461,native,31466171.938650306,
20836791,native,15496188.177570093,
20840231,native,39080002.3129771,
20840711,native,14849621.343108505,
20838649,native,37581400.683823526,
20839775,native,37614819.685314685,
20837049,native,42750631.991304345,
20837150,native,53093290.1632653,
20836212,native,32951904.717948716,
20841275,native,49224658.47619048,
20837618,native,42207990.175,
20839986,native,46596753.12264151,
20836400,native,28583692.786516853,
20838309,native,40127211.57777778,
20839962,native,34763962.782608695,
20839025,native,38521237.3359375,
20836165,native,18698125.94814815,
20838275,native,29629546.60240964,
20836818,native,44228708.867256634,
20840009,native,52998424.43181818,
20836493,native,15085418.19018405,
20836868,native,37218511.323529415,
20837900,native,46882402.166666664,
20840331,native,44873081.97169811,
20837097,native,41253519.083333336,
20837712,native,36773597.676470585,
20836306,native,46475196.75471698,
20836681,native,33192607.4964539,
20839927,native,36947191.833333336,
20836587,native,50751797.49,
20840525,native,36190402.34751773,
20840900,native,49966683.782178216,
20836025,native,29265977.537572253,
20841650,native,33332618.246666666,
20838362,native,38761835.04958678,
20840782,native,36968613.86764706,
20839920,native,35462657.85806452,
20840150,native,32771479.347826086,
20840038,native,86258597.125,
20838462,native,35661574.9117647,
20839395,native,39018092.23846154,
20837525,native,40459385.376,
20836716,native,24854188.71904762,
20836962,native,42437993.720338985,
20836832,native,40617325.780487806,
20841462,native,32207079.306748465,gas-used mismatch for 0xa4465f9bd8f58e74b93407eb3d5b97548245fbbe0378fccd2e4cb06da9590a34: expected 127917 found 56972
20840232,native,29461868.01754386,
20836792,native,69717838.64705883,
20840712,native,62548352.375,
20838650,native,36987001.53623188,
20839776,native,50969774.18947368,
20837050,native,27586732.031088084,
20837151,native,31366841.10429448,
20836213,native,30402262.439759035,
20841276,native,42040000.63636363,
20837619,native,48342666.43809524,
20839987,native,51761554.29591837,
20839963,native,44040069.961904764,
20838310,native,58300993.77906977,
20836401,native,63319792.625,
20836869,native,42413181.85714286,
20839026,native,31970533.267973855,
20836166,native,44790535.0754717,
20838276,native,38240897.6640625,
20837101,native,44399758.03703704,
20840010,native,45103208.0,
20836494,native,57487528.4117647,
20837901,native,36046536.307142854,
20837713,native,42212545.281553395,
20840332,native,45014321.55555555,
20837098,native,37409885.114503816,
20836307,native,31368420.567741934,
20840901,native,23959484.738916256,
20840526,native,40886221.78512397,
20836588,native,38723198.24615385,
20836682,native,38474090.82608695,
20838363,native,36710254.32061069,
20836026,native,68048932.19736843,
20837526,native,17784451.281481482,
20839921,native,35681856.797202796,
20840151,native,38215557.73015873,
20840783,native,44467658.48275862,
20841651,native,40399172.81203008,
20838463,native,32161743.91875,
20839928,native,64528960.307692304,
20840039,native,59571308.87951807,
20839396,native,19685751.785714287,
20836963,native,31697418.153374232,
20836717,native,59331963.97674418,
20836833,native,51376472.16,
20841463,native,46331131.94444445,
20840233,native,57001753.36666667,
20836793,native,50570241.89108911,
20838651,native,39568815.625,
20840713,native,68687691.1369863,
20839777,native,43050848.41818182,
20837051,native,44305352.088495575,
20836214,native,41956354.54716981,
20837152,native,38446616.96946565,
20837620,native,27298568.273809522,
20841277,native,37513704.83206107,
20839988,native,30863217.84177215,
20838311,native,34420953.567567565,
20836167,native,39963507.051724136,
20839964,native,41847321.008,
20837102,native,36128801.704,
20839027,native,35958244.58646616,
20836870,native,35661572.1554054,
20840011,native,43961243.22727273,
20836495,native,41612518.26086956,
20838277,native,46447806.82727273,
20836402,native,50724891.6173913,
20837902,native,37919994.46875,
20837714,native,36987308.23529412,
20840333,native,49663018.61165048,
20837099,native,31796930.696774192,
20836308,native,36328042.62411348,
20840902,native,52715762.435294114,
20836589,native,40459207.16528925,
20840527,native,39260022.34920635,
20836683,native,53855886.64772727,
20836027,native,31688576.45098039,
20838364,native,55726804.53684211,
20839922,native,56690062.61627907,
20841652,native,40792608.15,
20840784,native,49436480.75,
20840040,native,33938204.83561644,
20838464,native,59923767.506172836,
20840152,native,16597065.759375,
20839929,native,47071522.324074075,gas-used mismatch for 0x56415f6dda85917838d91fbc925b175f058a83890592a2124c6560f352317b90: expected 168022 found 98232
20836964,native,36778729.977443606,
20837527,native,72856532.84931506,
20839397,native,57184724.88888889,
20836718,native,39617392.86153846,
20836834,native,37899962.92366412,
20841464,native,35028265.21678322,
20840234,native,62175053.43373494,
20836794,native,70508896.4520548,
20838652,native,41039047.112,
20840714,native,18627346.89160839,
20839778,native,41620118.669565216,
20837052,native,35344761.787234046,
20836215,native,60420297.152941175,
20837153,native,38449929.11904762,
20839989,native,30571998.588957056,
20837621,native,35736310.55405405,
20839965,native,31347831.64539007,
20837103,native,37535786.064,
20836871,native,34582168.921875,
20838312,native,2325638.8341573034,
20841278,native,38063814.5,
20836168,native,40146420.57936508,
20839028,native,42762218.22881356,
20840012,native,47641926.01904762,
20838278,native,43656871.182608694,
20837903,native,24468032.7960199,
20836403,native,31356302.8,
20836496,native,43109724.953125,
20837715,native,37972585.328,
20840334,native,38579519.87692308,
20837100,native,22763237.560538117,
20836309,native,33039852.88275862,
20840903,native,33927947.48251748,
20836684,native,43842216.97142857,
20840528,native,56934798.97530864,
20836590,native,38675789.03076923,
20838365,native,25206264.12972973,
20836028,native,45240908.54545455,
20839923,native,31036691.46583851,
20839930,native,19123975.97265625,
20838465,native,30490215.72891566,
20841653,native,57710747.04705882,
20840785,native,37590625.62222222,
20840041,native,39954919.690476194,
20836965,native,42419096.791666664,
20840153,native,81884457.83606558,
20839398,native,41761466.96694215,
20837528,native,54107375.48387097,
20836719,native,45628961.64864865,
20836835,native,40776329.80152672,
20841465,native,35051624.033112586,
20836795,native,37708021.35114504,
20840235,native,41795695.358333334,
20839779,native,24787012.435897436,
20838653,native,37153159.70714286,
20840715,native,78002408.30882353,
20837053,native,59414656.15,
20836216,native,57701187.39772727,
20837154,native,52981917.86,
20839990,native,35889373.179310344,
20837622,native,43273389.279661015,
20839966,native,48257139.556603774,
20838313,native,80630353.39655173,
20841279,native,31757181.347826086,
20836872,native,48138781.175925925,
20836169,native,44515501.948275864,
20839029,native,47070488.056603774,
20840013,native,51073131.368421055,
20838279,native,37203463.84962406,
20836404,native,39258024.83739837,
20837104,native,41548652.13986014,
20837904,native,29265983.414772727,
20836497,native,44615015.31132075,
20840904,native,36419940.333333336,
20837716,native,19878292.447580647,
20840335,native,39810203.82926829,
20839972,native,57712153.08235294,
20836685,native,32998233.482269503,
20840529,native,36113471.80451128,
20836310,native,60632262.277777776,
20836591,native,37614803.877862595,
20836029,native,43153736.0862069,
20838366,native,14942835.650273224,
20841654,native,42950610.3539823,
20840042,native,9983603.115009747,
20840786,native,48699951.56435644,
20838466,native,15227481.794117646,
20839931,native,70535433.14084508,
20839924,native,51836155.13592233,
20836966,native,50714839.631578945,
20839399,native,48726290.52380952,
20836720,native,30595157.086956523,
20840154,native,35278140.36666667,
20837529,native,31523829.931818184,
20841466,native,43615866.03636364,
20836836,native,37529277.74637681,
20840406,native,41690760.80487805,
20840236,native,35334394.56849315,
20839780,native,78550857.16923077,
20838654,native,48581419.78095238,
20840716,native,39309926.781954885,
20837054,native,27508243.135135137,
20836217,native,27367654.670454547,
20837155,native,38631564.26923077,
20837623,native,32359881.20625,
20839991,native,49740486.58095238,
20839967,native,35096592.37162162,
20838314,native,31641575.917721517,
20838280,native,25156454.243093923,
20836873,native,18071668.114285715,
20840014,native,33657660.73758865,
20841280,native,37814130.426470585,
20836170,native,27515575.05945946,
20836498,native,33098573.085714284,
20839030,native,49515410.33009709,
20836405,native,41352796.74576271,
20837105,native,23747332.936585367,
20837905,native,39948699.344,
20840905,native,39072088.54074074,
20840336,native,39566956.89430894,
20837717,native,55906993.795698926,
20836686,native,39695597.95867769,
20839973,native,45190807.882882886,
20836592,native,40039154.85454545,
20840530,native,58269601.50588235,
20836311,native,35846343.45,
20836030,native,34338963.62142857,
20840787,native,29990594.64848485,
20839932,native,37626540.218045115,
20841655,native,35979092.527027026,
20836967,native,43303945.362068966,
20840043,native,80483708.46031746,
20838367,native,72927974.23943663,
20838467,native,54436254.70526316,
20839187,native,77349731.13846155,
20839400,native,42813070.50833333,
20836721,native,35518714.640522875,
20840155,native,37084770.48951049,
20841467,native,32174032.41875,
20840407,native,49233509.524271846,
20836837,native,51305448.16190476,
20837530,native,36701833.5620915,
20840237,native,46927248.4954955,
20838655,native,34363250.08510638,
20839781,native,54650621.571428575,
20840717,native,11527216.79059829,
20837055,native,67541319.88157895,
20836218,native,39972111.4609375,
20837156,native,39142141.52205882,
20839992,native,30135460.25,
20837624,native,49597706.32038835,
20839968,native,46966647.85585585,
20838315,native,29709771.904494382,
20840015,native,38791340.70992366,
20836874,native,50845737.71287129,
20837106,native,48319397.05263158,
20836499,native,50214029.510204084,
20841281,native,37155083.39285714,
20836171,native,56335710.277777776,
20839031,native,38127010.64885496,
20838281,native,30130964.92972973,
20837906,native,27581984.005617976,
20836406,native,32922869.6875,
20840906,native,57560870.59210526,
20840337,native,60558763.825,
20836593,native,28943294.721518986,
20837718,native,58528573.54216868,
20836687,native,38486803.603053436,
20839974,native,43177262.18584071,
20836312,native,39394194.144067794,
20840531,native,84731002.96551724,
20836031,native,44090253.027777776,
20836968,native,38941338.05,
20840788,native,40349423.753968254,
20838468,native,41701948.137931034,
20839933,native,46540264.054545455,
20841656,native,48860257.94059406,
20840044,native,33457767.888888888,
20841468,native,27615148.584795322,
20839188,native,43863575.86440678,
20838368,native,30258701.409836065,
20840156,native,42399399.29565217,
20837531,native,40917999.16216216,
20836722,native,56483831.15909091,
20836838,native,35195747.42553192,
20840408,native,26975573.164893616,
20839401,native,59725603.604166664,
20839782,native,31504101.515337422,
20840238,native,58743115.19318182,
20838656,native,36502671.97260274,
20840718,native,58209275.39772727,
20837056,native,40490944.136,
20836219,native,43746868.09565217,
20837157,native,44943775.333333336,
20839993,native,28177136.6875,
20837625,native,37898192.18439716,
20839969,native,37792031.97101449,
20838316,native,35660629.63120567,
20838282,native,19166692.68699187,
20836875,native,34539917.62758621,
20840016,native,40625028.18253968,
20839032,native,35449770.5,
20841282,native,37822051.183823526,
20837907,native,26502428.54404145,
20836172,native,39150265.729323305,
20837107,native,31554378.679775283,
20836500,native,50634649.21818182,
20840907,native,40358504.08730159,
20836407,native,48991045.820754714,
20837719,native,30193028.320261437,
20840338,native,27412370.091891892,
20836688,native,37437165.29770993,
20839975,native,34664518.51748252,
20836594,native,52761425.416666664,
20836313,native,35703886.057971016,
20840532,native,36968626.092857145,
20836032,native,31596370.35625,
20840789,native,45762942.95918367,
20838469,native,21255660.278026905,
20836969,native,34972087.82857143,
20839934,native,48103702.583333336,
20841657,native,41938110.56097561,
20838369,native,35943010.314685315,
20841469,native,50983766.94059406,
20839189,native,42045809.89430894,
20840157,native,40667866.546875,
20840045,native,70675397.24358974,
20839402,native,30178884.11801242,
20836723,native,34103208.8516129,
20837532,native,57348252.13186813,
20840409,native,45920920.982300885,
20836839,native,52807022.62244898,
20839783,native,29483290.61988304,
20838657,native,30479012.92261905,
20840239,native,31584119.226190478,
20837057,native,31633835.452054795,
20840719,native,49775085.0,
20836220,native,41914323.11111111,
20837158,native,12085950.651331719,
20839994,native,44501318.15315315,
20837626,native,18816140.505703423,
20838317,native,32158792.793548387,
20839970,native,41705350.50413223,
20836876,native,45629880.9537037,
20840017,native,45986223.42727273,
20839033,native,28974459.60115607,
20841283,native,34891164.202797204,
20837908,native,22166837.63043478,
20840908,native,43815703.00943396,
20836173,native,32980148.083870966,
20838283,native,53624232.7037037,
20836501,native,34544323.08783784,
20836408,native,17625589.72972973,
20837108,native,51351438.6407767,
20837720,native,41154007.46280992,
20836689,native,57362203.313253015,
20840533,native,32694009.33587786,
20840339,native,51886881.19387755,
20839976,native,37790091.74045801,
20836314,native,51012763.48421053,
20836595,native,39574348.1484375,
20836033,native,35413040.44680851,
20840790,native,30731931.277419355,
20836970,native,40669995.51724138,
20838470,native,43623060.10810811,
20841658,native,26603505.718232043,
20841470,native,44509077.74757282,
20839935,native,48248179.77669903,
20840046,native,33136882.314285714,
20838370,native,24913007.926108375,
20839190,native,28924418.797687862,
20840158,native,25993601.224489797,
20836724,native,42232560.38983051,
20839403,native,42534090.00826446,
20837533,native,36578319.680851065,
20836840,native,16591984.771812081,
20839784,native,37053207.441176474,
20840410,native,19269619.44128114,
20838658,native,55149256.666666664,
20840240,native,39888612.8,
20837058,native,34970356.6,
20840720,native,51477504.346938774,
20836221,native,55823543.86666667,
20839995,native,42217332.91304348,
20837159,native,62127249.88235294,
20839971,native,47897038.43396226,
20836877,native,29017246.05202312,
20837627,native,74594468.77941176,
20838318,native,54304430.760416664,
20840909,native,40385837.016666666,
20840018,native,53069155.09375,
20841284,native,32350803.417721517,
20837109,native,37229443.11666667,
20836174,native,44264426.52173913,
20837909,native,18138474.722972974,
20838284,native,24363567.552238807,
20839034,native,61378427.0,
20836502,native,36532022.41304348,
20836409,native,63371304.9,
20836690,native,49021459.739583336,
20837721,native,26354928.207253885,
20840534,native,33265161.966216218,
20840340,native,38888206.464,
20839977,native,47000279.00970874,
20836596,native,42317617.86440678,
20836315,native,23028576.595833335,
20836034,native,37416039.096296296,
20840791,native,40809488.141666666,
20838471,native,58275428.30120482,
20836971,native,36273316.842857145,
20841659,native,41959981.182608694,
20841471,native,47103142.97029703,
20839936,native,36297576.20300752,
20840047,native,49412815.739583336,
20837534,native,34441254.81203008,
20838371,native,36001086.11188811,
20836725,native,31671918.88125,
20840159,native,54336875.35789473,
20839191,native,50468926.76415094,
20839404,native,57937282.582417585,
20839785,native,31068171.44242424,
20836841,native,62247323.20481928,
20840411,native,58296314.44705883,
20838659,native,50583660.010204084,
20840241,native,57642239.677777775,
20840721,native,30687929.310559005,
20837059,native,61201323.69879518,
20836222,native,31639281.301282052,
20839996,native,39027921.65079365,
20837160,native,48435745.22,
20836842,native,29753882.91566265,
20838319,native,37890971.4375,
20837628,native,35301140.77622378,
20840910,native,28640347.61142857,
20836878,native,41455077.832,
20840019,native,40559244.36585366,
20841285,native,38001685.18796992,
20837110,native,32423570.730769232,
20838285,native,45816571.61904762,
20837910,native,60746227.525,
20836175,native,54953761.45263158,
20836691,native,28367470.65882353,
20839035,native,53024964.428571425,
20837722,native,38383430.26984127,
20839978,native,39169315.46875,
20840535,native,46041130.38888889,
20836410,native,39375754.30075188,
20836503,native,53475723.84761905,
20840341,native,67035097.10526316,
20836597,native,67537320.35526316,
20836316,native,30183487.645714287,
20840792,native,24996015.76097561,
20836035,native,37742562.81481481,
20838472,native,28513344.595375724,
20836972,native,33278288.36,
20838290,native,33719434.26896552,
20841472,native,38330643.624060154,
20841660,native,61391022.755813956,
20840048,native,54206371.49462365,
20837535,native,40031867.70247934,
20839192,native,31820834.445945945,
20838372,native,55569890.55681818,
20836726,native,35532350.51449275,
20840160,native,39021951.57692308,
20839405,native,28261326.076502733,
20837312,native,52409712.13333333,
20840412,native,26564477.887096774,
20839786,native,35799593.56428572,
20838660,native,41109814.23966942,
20840242,native,40773571.48,
20837060,native,26968730.596774194,
20840722,native,26190360.968911916,
20836223,native,36035895.77037037,
20839997,native,23979355.924882628,
20837161,native,34533629.074324325,
20840911,native,54538285.15384615,
20839562,native,49351196.43396226,
20838320,native,38795231.073529415,
20836879,native,38976633.6870229,
20837629,native,39648964.45925926,
20837911,native,26388401.905759163,
20838286,native,38930743.091603056,
20840020,native,42676236.504,
20836176,native,19479817.37109375,
20837723,native,33327399.524475526,
20837111,native,9998398.63848921,
20836692,native,38091747.59541985,
20839036,native,55111377.677777775,
20841286,native,17872556.88095238,
20840342,native,18342198.658181816,
20836411,native,37910406.333333336,
20840536,native,41642020.152,
20836504,native,36257456.433566436,
20839979,native,58603025.5,
20836598,native,44016427.627272725,
20838473,native,24283319.159574468,
20836317,native,63125199.7625,
20836036,native,32964090.278145697,
20840793,native,51489593.85,
20836973,native,26546488.08108108,
20841473,native,46964969.469387755,
20838291,native,26887670.138121545,
20841661,native,34212243.26241135,
20839193,native,46205676.346938774,
20840049,native,32646171.794871796,
20837536,native,37743946.1796875,
20838373,native,38774741.85714286,
20840161,native,42669014.76724138,
20836727,native,46457772.531531535,
20837313,native,42947169.50862069,
20839406,native,50193594.14851485,
20840413,native,36785424.65441176,
20839787,native,46877732.70434783,
20838661,native,33852687.647435896,
20836224,native,19044211.077551022,
20840243,native,42040305.9389313,
20837061,native,31731984.89440994,
20840723,native,39331868.7890625,
20839998,native,74369366.23287672,
20837162,native,41472694.784,
20839563,native,28431944.529411763,
20838321,native,26335170.2460733,
20840912,native,41700923.325203255,
20837630,native,34482111.67123288,
20837912,native,38612018.592307694,
20840021,native,37396526.067669176,
20838287,native,16532245.832797427,
20837724,native,33975230.202797204,
20836880,native,45022076.375,
20839037,native,46248863.731481485,
20836693,native,56363443.24175824,
20837112,native,72680441.72857143,
20840343,native,23404812.54418605,
20836177,native,44978488.23809524,
20836412,native,30794192.30120482,
20840537,native,39477575.0546875,
20839980,native,38541351.323308274,
20841287,native,62245804.26506024,
20836505,native,53053099.37755102,
20836599,native,50739990.67326733,
20838474,native,84418647.61666666,
20836318,native,36138129.87857143,
20836037,native,36379772.42142857,
20841474,native,44577833.74074074,
20840794,native,57283250.17204301,
20836974,native,83444359.06557377,
20838292,native,39775873.152671754,
20839194,native,17718516.435897436,
20841662,native,36814668.45714286,
20840050,native,8553257.345637584,
20837537,native,27021623.29281768,
20838374,native,30657966.5398773,
20837314,native,24388587.086705204,
20840162,native,61478422.1625,
20836728,native,34303376.28,
20839407,native,20828765.484444443,
20839788,native,32816622.453333333,
20840414,native,63675821.44186047,
20838662,native,34283385.55244755,
20837062,native,33191896.64556962,
20836225,native,64469540.525,
20840244,native,33140633.0375,
20840724,native,64642535.65,
20837163,native,41276573.63636363,
20839999,native,28612199.8,
20839564,native,30155633.184971098,
20838322,native,35632123.85314685,
20837913,native,24903198.325123154,
20836881,native,38477401.632,
20840913,native,47471934.666666664,
20837631,native,52230493.17,
20837725,native,42858657.76033058,
20839038,native,34189943.31081081,
20838288,native,65347910.8375,
20840022,native,41666369.39130435,
20837113,native,39028403.16153846,
20836178,native,35112147.11188811,
20836694,native,48524945.28318584,
20840344,native,72112082.88571429,
20836506,native,39252003.08,
20840538,native,43344494.09917355,
20839981,native,44137337.1779661,
20841288,native,27362318.841836736,
20836413,native,60684006.77272727,
20836600,native,34452219.569536425,
20838475,native,46042752.74774775,
20840795,native,29958590.65359477,
20836038,native,50921641.37623762,
20836319,native,39043693.05925926,
20841475,native,32482358.54,
20838293,native,7105927.4367283955,
20836975,native,44629962.252173916,
20839195,native,57940856.38554217,
20837315,native,41889183.69444445,
20841663,native,34700564.62745098,
20838375,native,52731387.04395604,
20837538,native,57291434.729411766,
20840051,native,78145025.18461539,
20839408,native,61146564.48,
20836729,native,33445312.102739725,
20840163,native,30137929.305882353,
20838663,native,43422773.93333333,
20839789,native,33565792.54794521,
20840415,native,36650633.125,
20840245,native,40596039.75833333,
20836226,native,47907482.27184466,
20837063,native,59413345.641975306,
20840725,native,41284511.03333333,
20837164,native,47512772.458333336,
20840000,native,33202442.784810126,
20839565,native,36783450.9858156,
20838323,native,41842050.875,
20837632,native,31139423.284848485,
20836882,native,36106780.5890411,
20840914,native,57688841.86813187,
20837914,native,36124627.84768212,
20837726,native,47782730.46226415,
20838289,native,41820008.18644068,
20839039,native,37471500.79259259,
20837114,native,26407938.797872342,
20840023,native,37566151.992592596,
20836179,native,39611875.68253968,
20836414,native,29956993.38125,
20840539,native,41243169.15447155,
20839982,native,55747721.02352941,
20841289,native,25430032.07960199,
20840345,native,39805430.75735294,
20836601,native,33890246.47552448,
20836507,native,23295835.93277311,
20838476,native,35854337.18518519,
20836695,native,51629681.20909091,
20836039,native,37505713.233082704,
20836320,native,44837159.18965517,
20840796,native,50175611.443396226,
20841476,native,64325471.833333336,
20839196,native,58586404.790123455,
20838294,native,37910056.573426574,
20836976,native,42956117.766666666,
20837316,native,58560809.024096385,
20841664,native,31181256.133333333,
20838376,native,33512184.107594937,
20837539,native,47800270.64814815,
20840052,native,63744275.03947368,
20836730,native,17972788.4501845,
20839409,native,46398694.504761904,
20840164,native,16703791.69,
20838664,native,30699556.329192545,
20839790,native,46345208.11111111,
20840416,native,46960229.89090909,
20836227,native,52100858.817204304,
20840726,native,22218142.89090909,
20840246,native,52161456.37894737,
20837064,native,58668792.34736842,
20837165,native,43694546.92035398,
20839566,native,31236347.13664596,
20840001,native,65487500.28205128,
20838324,native,34943793.438709676,
20839040,native,31592602.019607842,
20836883,native,43261141.35344828,
20837633,native,42033212.520325206,
20837727,native,33038414.57615894,
20840915,native,35088086.14864865,
20836515,native,24703861.023255814,
20837915,native,36784479.47260274,
20840024,native,61882967.74074074,
20837115,native,49539104.76699029,
20836180,native,32857499.111111112,
20840346,native,52312094.03333333,
20840540,native,43403047.355932206,
20841290,native,37271947.080882356,
20839983,native,39708499.71428572,
20836602,native,57474881.04545455,
20838477,native,37443870.18796992,
20836508,native,57635849.93181818,
20836696,native,38330127.847328246,
20836415,native,15317968.621333333,
20836040,native,64207857.025641024,
20836977,native,35254558.50793651,
20836321,native,56651026.37777778,
20840797,native,63098261.48192771,
20839197,native,44121731.139130436,
20837317,native,9381710.937751004,
20838295,native,51446996.677083336,
20841477,native,46094730.576576576,
20841665,native,60262004.81333333,
20838377,native,47696101.427083336,
20840053,native,35185797.55555555,
20837540,native,37756212.20769231,
20839410,native,35033843.47142857,
20836731,native,67823691.83561644,
20840165,native,64004787.41025641,
20838665,native,53686163.74725275,
20839791,native,66781505.63013699,
20840417,native,55010691.9,
20836228,native,28039842.443820223,
20840247,native,41648831.984,
20837065,native,38813902.352,
20840727,native,74992541.73333333,
20837166,native,34400616.18,
20840002,native,54883529.04395604,
20839567,native,47061337.96363636,
20838325,native,42594814.94067796,
20837728,native,17009656.682593856,
20837634,native,21636979.668085106,
20836884,native,51757204.36734694,
20839041,native,33255346.18064516,
20837916,native,32168104.13291139,
20840916,native,53840832.42,
20836516,native,33669095.74683544,
20840347,native,52217494.376344085,
20837116,native,33384078.737179488,
20840025,native,39993636.146153845,
20836509,native,40991237.00900901,
20840541,native,41207100.584745765,
20836181,native,56240085.75,
20841291,native,48280380.038095236,
20840593,native,39154745.09375,
20836603,native,29408137.96111111,
20838478,native,42428062.78461538,
20836697,native,45272040.38211382,
20836041,native,39607430.57692308,
20836416,native,76636385.48571429,
20836322,native,40935955.88617886,
20836978,native,41060867.26984127,
20840798,native,45347688.666666664,
20839198,native,39695555.203125,
20838331,native,26158394.16923077,
20838378,native,44035857.4,
20841478,native,31339512.20588235,
20841666,native,35134441.45333333,
20837318,native,86105831.0862069,
20837541,native,46347545.8490566,
20839411,native,33823480.02797203,
20840166,native,35797240.36,
20840054,native,49099225.9047619,
20836732,native,34592443.4057971,
20838666,native,48960028.77669903,
20836229,native,44347354.84615385,
20840418,native,44960096.2037037,
20839792,native,22731750.334841628,
20840248,native,50507417.81632653,
20837066,native,35861281.6,
20840728,native,46229876.46902655,
20837167,native,56949610.36666667,
20838326,native,20051171.537254903,
20839568,native,40557883.53435115,
20840003,native,63191012.759036146,
20837635,native,58016247.47674418,
20839042,native,43446946.10344828,
20836885,native,33478039.116129033,
20840917,native,37124594.03968254,
20837729,native,67457292.55263157,
20840348,native,7139673.4055232555,
20837117,native,32422122.341935486,
20837917,native,44794016.541666664,
20840026,native,49649456.861386135,
20840542,native,36230227.368421055,
20836182,native,55278846.88636363,
20836510,native,36767663.70714286,
20836517,native,68009679.66666667,
20841292,native,14580766.463483145,
20840594,native,28918505.27840909,
20836604,native,33517863.787096772,
20838479,native,54703761.67032967,
20836698,native,18517858.959409595,
20840799,native,39902886.182608694,
20836042,native,49884843.54455446,
20836979,native,43699453.53982301,
20836417,native,37915271.782608695,
20839199,native,37406261.67391305,
20838379,native,32107547.15822785,
20836323,native,44434904.216,
20838332,native,59837903.19318182,
20837319,native,40398737.65289256,
20841479,native,33199307.527607363,
20840167,native,45734698.574074075,
20841667,native,52766681.802083336,
20836733,native,740986.9386521608,
20840055,native,13076647.420103094,
20839412,native,40303160.896,
20837542,native,46476034.94594595,
20840419,native,31202578.48666667,
20838667,native,40668852.84552845,
20836230,native,36895992.538461536,
20839793,native,43136290.20869565,
20840249,native,52611890.15625,
20837067,native,42730919.051724136,
20840729,native,52316922.041666664,
20837168,native,41326070.722222224,
20838327,native,57873190.22352941,
20840004,native,41742510.55555555,
20839569,native,35197524.470198676,
20839043,native,33447999.973509934,
20837636,native,41309366.18699187,
20836886,native,43949996.99152543,
20837730,native,30661115.70520231,
20840027,native,52228185.582417585,
20837918,native,7333134.994269341,
20840349,native,77391441.8923077,
20840918,native,48614833.38938053,
20836518,native,10565829.21263158,
20837118,native,41494062.33884297,
20836183,native,28212856.894444443,
20836511,native,36109827.75,
20840543,native,49739114.61320755,
20841293,native,41420698.791666664,
20836605,native,40509283.008,
20838480,native,36903835.572463766,
20840595,native,52525265.94059406,
20836699,native,54092480.703296706,
20836980,native,42404077.840707965,
20836043,native,38001288.3382353,
20840800,native,39562559.8962963,
20836418,native,42091254.9338843,
20836324,native,42668169.443478264,
20838380,native,45921572.37837838,
20838333,native,34452984.36486486,
20839200,native,58013953.84946237,
20840168,native,48900157.346534654,
20837320,native,27476450.22513089,
20837543,native,36407220.7037037,
20839413,native,34989068.97260274,
20840056,native,61957923.45,
20841480,native,60073062.011764705,
20841668,native,55415301.989473686,
20836734,native,99904934.09803921,
20840420,native,41894617.9826087,
20838668,native,30865417.806060605,
20836231,native,59869679.12790698,
20839794,native,73022293.15151516,
20840250,native,31977069.006329115,
20837068,native,46029355.77118644,
20840730,native,49802962.14285714,
20837169,native,34967206.69594595,
20837637,native,8471923.552136753,
20840005,native,18758236.98188406,
20839044,native,42853745.68103448,
20837731,native,27803134.818181816,
20836887,native,35923898.51428571,
20839570,native,57750108.28571428,
20838328,native,25760852.92477876,
20840919,native,37420017.015384614,
20840350,native,33714263.26351351,
20837919,native,58047607.38372093,
20840028,native,42277141.408,
20840544,native,16907866.440677967,
20836184,native,37766075.43478261,
20841294,native,52949180.89010989,
20836512,native,42700481.912,
20838481,native,41431294.24074074,
20836519,native,79211977.24615385,
20837119,native,53245677.6509434,
20836606,native,59625686.61627907,
20836981,native,25057740.313432835,
20840596,native,52720967.072916664,
20836700,native,36923110.19565217,
20836044,native,41348667.15873016,
20836419,native,39014181.27480916,
20840801,native,37895802.25,
20836325,native,35350242.312056735,
20839201,native,41967910.30833333,
20838334,native,51943665.86734694,
20838381,native,63940519.2,
20840057,native,39059193.6484375,
20837544,native,8708905.741989883,
20839414,native,27155314.79255319,
20840169,native,36348230.51724138,
20837321,native,51614742.83,
20841481,native,32259855.050632913,
20836735,native,29834130.69879518,
20840421,native,30641414.134969324,
20841669,native,49675416.301724136,
20838669,native,38147321.97709924,
20836232,native,32776804.445945945,
20839795,native,51877257.36263736,
20840251,native,33757435.49655172,
20837069,native,25155323.905472636,
20840731,native,32484400.80392157,
20837170,native,31179332.85,
20837638,native,54412427.631578945,
20840006,native,71055504.08450705,
20838329,native,36412752.75735294,
20839045,native,49257100.71818182,
20836888,native,52800462.631578945,
20840920,native,43392173.11666667,
20840351,native,48775543.75238095,
20837732,native,72359563.97183098,
20839571,native,77887567.51470588,
20837920,native,44352603.426086955,
20838482,native,34108347.38518518,
20840545,native,76506284.33333333,
20836185,native,57871336.64772727,
20841295,native,64623462.684210524,
20840029,native,61712377.13636363,
20836520,native,46349635.902654864,
20837120,native,26129021.715,
20836513,native,46080976.041666664,
20840597,native,33412285.11764706,
20836701,native,34702656.54109589,
20839202,native,45229084.6344086,
20836607,native,61096425.96511628,
20836045,native,34607032.07092199,
20836982,native,76590033.80882353,
20838382,native,32005637.25,
20836420,native,39422203.39230769,
20836326,native,45729151.67256637,
20840802,native,80198688.06153846,
20837545,native,41776691.15833333,
20839415,native,30319794.029761903,
20840058,native,33557911.96774194,
20838335,native,20851483.794573642,
20837322,native,28858550.844444446,
20840170,native,45064543.2,
20841482,native,22105108.44897959,
20841670,native,35614764.61029412,
20836736,native,60439833.233333334,
20840422,native,61017791.974358976,
20838670,native,34223907.89655172,
20836233,native,34636377.20689655,
20837122,native,42173397.06779661,
20840252,native,41759733.06779661,
20837070,native,28400969.44785276,
20840732,native,41086842.16528925,
20837171,native,47196746.30555555,
20837639,native,35121580.427536234,
20840640,native,45093777.85840708,
20836889,native,35084657.48251748,
20838330,native,63948147.1875,
20837733,native,46974710.66336634,
20840921,native,32624884.167741936,
20837921,native,28792830.16184971,
20839572,native,46446183.60377359,
20839046,native,38032554.73049645,
20840352,native,52485377.68367347,
20840030,native,20217610.14285714,
20840546,native,55978497.04444444,
20836186,native,49035505.36190476,
20838483,native,47353847.81355932,
20841296,native,26575770.4079602,
20836521,native,31477485.732919253,
20837121,native,33980164.32903226,
20840598,native,26183279.05699482,
20836514,native,30564443.48,
20836702,native,39763402.9921875,
20836046,native,48103080.038095236,
20839203,native,44023875.20338983,
20836608,native,59385901.45348837,
20836983,native,36793813.35507246,
20838383,native,33668757.486666664,
20836421,native,34529001.58,
20836327,native,33419968.732026145,
20838336,native,34926251.97826087,
20840803,native,18025852.488054607,
20839416,native,68038378.88571429,
20837546,native,50364237.425742574,
20837323,native,34898646.3630137,
20840171,native,32756379.248447206,
20840059,native,69822932.55263157,
20841671,native,58867073.31395349,
20841483,native,57398483.086021505,
20836737,native,30500036.70588235,
20838671,native,30552093.98214286,
20840423,native,42982010.67768595,
20839281,native,52868934.631578945,
20837123,native,28361169.98285714,
20840253,native,57029190.011627905,
20837071,native,38707631.60769231,
20840733,native,46444315.5,
20837172,native,49498509.89622641,
20836890,native,33547148.78723404,
20837640,native,38435136.69172932,
20840641,native,22074794.165217392,
20837734,native,18715559.31111111,
20838062,native,26198341.56632653,
20839573,native,23654025.061611373,
20837922,native,29289549.173410404,
20839047,native,48392856.96116505,
20840353,native,27889981.277777776,
20840547,native,23987944.5,
20840734,native,49029591.067961164,
20838484,native,42434754.00847457,
20841297,native,36879174.85185185,
20840078,native,48616292.86666667,
20841812,native,50792748.96666667,
20838337,native,35767728.986013986,
20840922,native,70471446.04705882,
20839204,native,43411108.65048543,
20836522,native,62194596.95294118,
20837968,native,33898212.406666666,
20840599,native,51779340.030612245,
20836047,native,48687488.58,
20836984,native,36344114.87407407,
20838384,native,16900496.911764707,
20836609,native,42990549.425,
20836422,native,40004744.70634921,
20836328,native,40142739.5,
20840616,native,34153590.033783786,
20839417,native,31700796.01840491,
20837547,native,40928682.396825396,
20837324,native,28278204.213114753,
20840804,native,71787576.93333334,
20840172,native,34789576.98,
20840060,native,40453098.3015873,
20838672,native,39747120.69105691,
20841672,native,19038229.85185185,
20841484,native,36805155.37762238,
20839282,native,48001826.481132075,
20840424,native,33652064.102564104,
20836738,native,47891288.938053094,
20837124,native,50053515.910891086,
20840254,native,51404804.88172043,
20837072,native,45470711.00952381,
20840569,native,38574900.704,
20837173,native,36258326.01526718,
20838063,native,38386146.79674797,
20836891,native,52115211.34,
20840642,native,47768174.52830189,
20839574,native,40602544.766666666,
20837641,native,46370909.12068965,
20837735,native,39241611.58646616,
20837923,native,41199729.88429752,
20839048,native,49340280.67961165,
20840354,native,72119647.88571429,
20840735,native,47507246.91509434,
20838485,native,43826062.827586204,
20840079,native,39766500.60769231,
20840548,native,73715008.06666666,
20841298,native,50305913.23584906,
20841813,native,40040344.09375,
20837969,native,27750391.978142075,
20840923,native,33685537.35483871,
20839205,native,45182144.51724138,
20836523,native,23544903.56,
20836985,native,36087261.404255316,
20838338,native,70686208.89333333,
20836048,native,52348652.23300971,
20836610,native,37155467.62962963,
20840600,native,48873327.58260869,
20838385,native,61903492.97647059,
20836329,native,42176319.49586777,
20836423,native,49410806.320754714,
20839418,native,48322988.5754717,
20840617,native,44914375.99152543,
20837548,native,42212002.34710744,
20837325,native,47137675.518181816,
20840805,native,66148364.118421055,
20840173,native,48498123.73584906,
20840061,native,48260159.336363636,
20838673,native,57432496.97802198,
20839283,native,35607138.82978723,
20841673,native,65096438.666666664,
20836739,native,31024635.251533743,
20841485,native,37054242.12857143,
20840425,native,48519137.22727273,
20841062,native,43006989.666666664,
20840255,native,28125414.39884393,
20837073,native,13466315.191011235,
20840570,native,29386036.150326796,
20837174,native,42914239.04504505,
20840643,native,28512498.819277108,
20838064,native,31060825.31875,
20839575,native,38819891.29770993,
20837924,native,47069753.98095238,
20837642,native,52030869.2,
20837736,native,52672117.8631579,
20839049,native,44826311.96460177,
20836892,native,69760837.65384616,
20840355,native,48245402.37623762,
20840736,native,35105397.979020976,
20840080,native,37393736.94656488,
20838486,native,52115577.697916664,
20841299,native,65328736.06849315,
20840549,native,36038489.6013986,
20841814,native,24061793.45971564,
20840924,native,47555947.99,
20839206,native,42110467.77586207,
20837970,native,39917426.656,
20836524,native,35761683.44,
20836986,native,50135682.08571429,
20836611,native,42803075.77586207,
20838386,native,38184845.856,
20839419,native,39494291.74336283,
20840601,native,44270346.32173913,
20836049,native,21580194.338645417,
20838339,native,49060504.675925925,
20836330,native,37864781.48529412,
20836424,native,34751852.25675676,
20840618,native,32601674.045161292,
20837549,native,14195700.311614731,
20841486,native,34187143.375,
20840174,native,24927707.887804877,
20837326,native,39247678.64661654,
20841674,native,40392662.55,
20840062,native,33978285.00666667,
20838674,native,36806472.36956522,
20839284,native,32202843.848101266,
20840806,native,76844522.90140845,
20840426,native,39698236.94656488,
20841063,native,35988352.6013986,
20840256,native,47084738.21818182,
20836740,native,56137867.910891086,
20837074,native,78063602.68852459,
20840571,native,54464239.84210526,
20837175,native,56216400.11363637,
20840644,native,47085333.71,
20838065,native,44151321.556521736,
20839050,native,14564953.839285715,
20837925,native,38906126.50381679,
20837643,native,35363350.93571428,
20839576,native,44023580.68595041,
20837737,native,38676765.091603056,
20840356,native,38084479.28571428,
20836893,native,38149311.94326241,
20838487,native,30300026.0,
20841300,native,33947094.18493151,
20840081,native,57977100.233333334,
20840550,native,61102050.75,
20840737,native,73627578.94666667,
20840925,native,32086170.84177215,
20839207,native,28720589.181818184,
20837971,native,26651392.27368421,
20841815,native,54964482.229166664,
20836612,native,28900568.494382024,
20840602,native,35178379.83687943,
20836987,native,44184720.05217391,
20838387,native,52067816.448979594,
20839420,native,46053849.93636364,
20838340,native,35415031.02758621,
20836525,native,49769271.699115045,
20836331,native,44022419.84347826,
20836425,native,34734244.35810811,
20836050,native,65789246.615384616,
20840175,native,48909569.0,
20840619,native,31563481.745454546,
20837550,native,58227813.8372093,
20841487,native,51220369.85,
20837327,native,59408505.35294118,
20839285,native,48567440.58415841,
20840807,native,14691370.254285714,
20840063,native,66229262.525641024,
20838675,native,14618825.594666667,
20841675,native,36339166.96273292,
20836741,native,39560076.73170732,
20840427,native,72081613.08450705,
20841064,native,54374302.83516484,
20840257,native,33767293.77483444,
20837075,native,43533736.833333336,
20840572,native,35572963.50735294,
20837176,native,36731113.169117644,
20840645,native,56883213.894117646,
20838066,native,43487044.45045045,
20837926,native,33927538.53424658,
20839051,native,50670292.89,
20837644,native,46507016.12037037,
20839577,native,52853201.43157895,
20840357,native,58460935.12345679,
20836894,native,45221775.73873874,
20837738,native,39262405.93478261,
20839208,native,35057461.30534351,
20840082,native,30909935.175757576,
20840551,native,37078517.28985507,
20838488,native,36149801.80128205,
20840738,native,36587493.27272727,
20841301,native,45625684.375,
20840926,native,43444392.88983051,
20841816,native,34935544.74468085,
20837972,native,50478355.60909091,
20840603,native,25828482.051813472,
20838388,native,31934088.089743588,
20836988,native,38928881.31538462,
20836613,native,31519388.78313253,
20839421,native,34137210.41059603,
20836332,native,51795545.15625,
20836426,native,35677520.9109589,
20840620,native,50545604.8877551,
20838341,native,46933050.25833333,
20836526,native,23033597.67078189,
20837551,native,36811774.70212766,
20836051,native,62484149.823529415,
20840176,native,57263726.526315786,
20841488,native,16571892.977491962,
20837328,native,50563628.76,
20840808,native,25736642.83084577,
20840064,native,37733371.5,
20839286,native,28435431.492307693,
20838676,native,60073095.9010989,
20841676,native,45753383.324324325,
20841065,native,50106197.45,
20836742,native,43115656.19166667,
20840428,native,35350918.85135135,
20840258,native,57088807.578947365,
20840573,native,42214998.43089431,
20837076,native,56491823.79120879,
20837177,native,50629053.276190475,
20840646,native,49970700.17346939,
20838067,native,33894147.95035461,
20837927,native,25561680.327777777,
20839052,native,30131726.715189874,
20840358,native,49609118.631578945,
20839578,native,37504715.7734375,
20837645,native,36121580.01449275,
20836895,native,36282013.34375,
20837739,native,50226297.10204082,
20840083,native,52938346.64772727,
20841302,native,18159538.07037037,
20840739,native,41422277.423728816,
20840552,native,32142289.703030303,
20839209,native,47622687.422413796,
20838489,native,38915325.392592594,
20841817,native,37977307.6962963,
20840604,native,64148566.29333334,
20840927,native,65224883.578313254,
20836989,native,23388400.62037037,
20837973,native,81253428.24590164,
20836333,native,49255761.094736844,
20839422,native,42167646.79338843,
20836614,native,39773546.37692308,
20838389,native,73697066.91428572,
20836427,native,35551239.54609929,
20837552,native,54327675.6,
20840621,native,38490217.572463766,
20838342,native,49411943.820754714,
20841489,native,62749678.18571428,
20836052,native,42355962.65833333,
20836527,native,84684016.8,
20840177,native,58394296.1875,
20837329,native,40496741.426470585,
20840809,native,71225155.90410958,
20839287,native,73762536.45588236,
20838677,native,54649375.483516484,
20840065,native,38083821.05517241,
20836743,native,40971320.27642276,
20840429,native,36734991.404255316,
20840259,native,43452508.72072072,
20841677,native,56436809.01980198,
20841066,native,45758045.2109375,
20840574,native,32653240.92903226,
20837077,native,38308397.57971015,
20837178,native,29222192.10909091,
20838068,native,25352465.11309524,
20837928,native,44903343.44444445,
20840647,native,36828159.92142857,
20836896,native,56252702.530120485,
20840359,native,42900911.49137931,
20839579,native,39268698.0,
20839053,native,57287601.516483516,
20837646,native,50208675.415929206,
20840553,native,41513985.336363636,
20840084,native,56630217.14444444,
20840740,native,21643595.1888412,
20841818,native,4924784.506416584,
20838490,native,45835612.17117117,
20837740,native,43084321.572463766,
20841303,native,85242622.35,
20840605,native,38185758.171875,
20840928,native,39347785.224,
20836334,native,37242654.6884058,
20836615,native,47248475.518867925,
20837553,native,46381379.3125,
20839210,native,52776278.03448276,
20836990,native,74872250.61764705,
20839423,native,30425157.70165746,
20837974,native,36994922.039215684,
20838390,native,56422537.11578947,
20836428,native,68512691.65789473,
20841490,native,58034164.2,
20838812,native,88626971.83928572,
20838678,native,45425532.21590909,
20839288,native,32212334.732824426,
20836053,native,28763182.27368421,
20840622,native,41345779.316176474,
20836528,native,32624697.232258063,
20836744,native,26603638.360215053,
20840066,native,37579239.29078014,
20837330,native,34586143.36969697,
20840810,native,76769230.38028169,
20840430,native,56064436.9,
20840178,native,45904149.0,
20840757,native,60198238.21917808,
20841678,native,43332858.96,gas-used mismatch for 0x2b107fc8e8ab7bb7168d4727463ecc5a644cd32cca51b25d912994ffadb15a39: expected 127917 found 56972
20840260,native,35312854.97575758,
20841067,native,42039487.9047619,
20838069,native,54987821.86746988,
20840575,native,68814829.28235294,
20840648,native,59324182.3943662,
20837179,native,40590754.09589041,
20837929,native,42596396.483050846,
20839580,native,33958073.4296875,
20840360,native,56020347.72093023,
20839054,native,51643946.8021978,
20836897,native,39829140.10144927,
20838491,native,47621119.49462365,
20840554,native,32916432.59006211,
20837647,native,43235141.512,
20840085,native,53232500.40625,
20841304,native,40638218.23478261,
20841819,native,80739804.85,
20836991,native,39344608.49074074,
20840741,native,81849946.58823529,
20839211,native,39756265.125,
20840606,native,38742027.762237765,
20840929,native,51603918.98095238,
20837975,native,50488135.36666667,
20837554,native,49835314.93877551,
20837741,native,8177434.250980392,
20836616,native,51540555.5754717,
20836429,native,35103882.63636363,
20839424,native,47259021.77118644,
20836335,native,53123509.68141593,
20836054,native,44962240.783018865,
20838391,native,43976649.9047619,
20838679,native,35569582.20714286,
20839289,native,66688343.08,
20841491,native,38769385.54794521,
20837331,native,40095268.91818182,
20838813,native,44363349.421052635,
20840623,native,13350293.977827052,
20836529,native,59008311.217821784,
20840811,native,43225940.182608694,
20836745,native,50353561.74528302,
20840067,native,44751271.14655172,
20841679,native,41788267.833333336,
20840431,native,50214985.22608696,
20840179,native,42763052.29323308,
20840758,native,40259566.72592592,
20840576,native,55537761.469879515,
20840261,native,41083852.31111111,
20841068,native,34158132.803571425,
20837180,native,41609880.66990291,
20840649,native,38197988.05384615,
20838070,native,41589911.925925925,
20840361,native,30277218.744827587,
20837930,native,39929118.19847328,
20836898,native,46182659.770833336,
20839581,native,47667322.930434786,
20840555,native,55484429.2125,
20837648,native,35343100.15625,
20838492,native,28686538.042424243,
20836992,native,53609785.115384616,
20839055,native,39488595.42331288,
20841305,native,38714248.928571425,
20839212,native,36554850.0,
20841820,native,48177153.389473684,
20840086,native,38500887.68571428,
20840742,native,51969742.846938774,
20836430,native,43084262.35,
20840930,native,52265818.37623762,
20840607,native,38344082.18571428,
20837976,native,81527340.84615384,
20836617,native,39523902.30534351,
20837555,native,67487543.79518072,
20837742,native,78459841.07142857,
20836336,native,60621147.894117646,
20838680,native,45024342.858333334,
20838392,native,22512904.350806452,
20836055,native,39460562.84246575,
20838814,native,47946252.603960395,
20839425,native,40912568.85314685,
20837332,native,46574758.345454544,
20839290,native,64959551.77906977,
20840624,native,75958230.67213115,
20836530,native,44035159.54782609,
20841680,native,47810389.74725275,
20836746,native,31254223.206060607,
20841492,native,39343898.04575163,
20840812,native,45992212.73043478,
20840432,native,41744186.04504505,
20840068,native,45623514.76422764,
20840180,native,51329068.697916664,
20840759,native,66545449.97333334,
20840577,native,40810989.24390244,
20840262,native,37510661.096296296,
20837181,native,43427759.06779661,
20840650,native,49346625.6,
20841069,native,42594989.79230769,
20838071,native,33536817.774834435,
20840362,native,68253301.0,
20839582,native,58001402.84931507,
20837931,native,37676644.55072464,
20836899,native,60009704.941176474,
20837649,native,34378090.178571425,
20840556,native,29948673.515151516,
20836993,native,47119993.591836736,
20839213,native,31406836.369863015,
20838493,native,57981090.55913979,
20841821,native,40517969.6097561,
20839056,native,59651296.93406593,
20840743,native,31321474.743243244,
20841306,native,36987048.151898734,
20840931,native,34637560.625,
20836337,native,34612661.19811321,
20840087,native,60438720.46236559,
20836431,native,40858314.6875,
20840608,native,78512641.84615384,
20836618,native,44798006.75,
20837556,native,17447884.590759076,
20837977,native,45642006.96666667,
20838393,native,65423173.48571429,
20837743,native,67680232.52857143,
20838681,native,44903915.3,
20837333,native,20890540.49130435,
20836056,native,52766468.104166664,
20839426,native,32767942.89102564,
20841681,native,78916021.47272727,
20838815,native,22284073.37142857,
20841493,native,42114367.820754714,
20839291,native,46820566.168141596,
20836747,native,84402776.76470588,
20840625,native,53648121.524752475,
20836531,native,93289496.15517241,
20840813,native,31172259.03468208,
20840181,native,51109422.9,
20840578,native,48494160.51578947,
20840069,native,23539166.748878922,
20840433,native,62748208.12790698,
20837182,native,48630582.99,
20840760,native,54773154.07920792,
20841070,native,64831265.53424658,
20840263,native,51858006.81481481,
20840651,native,40264677.45864662,
20838072,native,42123440.768,
20837932,native,52299564.76744186,
20839583,native,49066899.7264151,
20836900,native,42548094.59090909,
20840363,native,37388543.81935484,
20840557,native,36551485.171875,
20838494,native,42392465.684210524,
20839214,native,48754462.472527474,
20837650,native,43565371.76033058,
20836994,native,50644451.58163265,
20841822,native,42310139.69811321,
20839057,native,51465932.90361446,
20836432,native,41135767.316831686,
20840744,native,52689169.46236559,
20840088,native,43065652.057142854,
20836619,native,45540843.97530864,
20841307,native,30579302.0,
20840932,native,55531228.96842105,
20840609,native,39808648.253968254,
20838394,native,36020969.52066116,
20837557,native,57688554.55555555,
20836338,native,20847536.25614035,
20837334,native,59936013.77142857,
20837978,native,33112887.61392405,
20839427,native,46107452.448979594,
20837744,native,45322482.03603604,
20838816,native,77366969.55737706,
20836057,native,18839022.89473684,
20841682,native,37231683.42553192,
20836532,native,46216898.448979594,
20838682,native,46798600.95488722,
20840626,native,50387638.34951457,
20840182,native,51873957.28888889,
20841494,native,70766397.3625,
20840579,native,44881354.216981135,
20836748,native,56239730.76699029,
20840814,native,38976935.18796992,
20839292,native,44894608.27407408,
20841071,native,43792520.56122449,
20840070,native,65793203.55294117,
20840434,native,58105068.45544554,
20840264,native,60137195.35,
20837183,native,43203743.625,
20837933,native,49469492.47959184,
20840761,native,41561343.73529412,
20840652,native,33247055.626506023,
20840364,native,63486005.56410257,
20836901,native,35366691.65359477,
20840558,native,24248777.31707317,
20838073,native,40351745.30065359,
20839584,native,45985229.365079366,
20839215,native,46781095.69090909,
20841823,native,40314221.24137931,
20839058,native,42722416.67619047,
20838495,native,44967723.24390244,
20836995,native,34551569.058823526,
20837651,native,57059742.052083336,
20840745,native,35469729.592307694,
20836433,native,46352448.56190476,
20840089,native,54884780.913978495,
20836620,native,43942545.23728813,
20841308,native,64446112.333333336,
20837558,native,35104805.22058824,
20840933,native,52412338.8019802,
20838395,native,28150498.812154695,
20840610,native,53093389.633663364,
20837979,native,33288402.262068965,
20836339,native,52949217.00990099,
20837335,native,40086635.79389313,
20838817,native,32438846.20547945,
20839428,native,65778717.95180723,
20841495,native,41826506.72,
20836533,native,34259514.717391305,
20837745,native,42024106.503703706,
20840627,native,41945652.85454545,
20838683,native,27148811.984293193,
20841683,native,43399452.56153846,
20840815,native,36341862.54961832,
20836749,native,62572346.88888889,
20840580,native,56413926.95604396,
20840183,native,24944937.978070177,
20836058,native,73563896.9879518,
20841072,native,58779757.775,
20840762,native,32611809.609756097,
20839293,native,51091601.43396226,
20837184,native,40479826.73786408,
20840435,native,37849336.89256199,
20840071,native,45852383.22608696,
20840653,native,45431387.39795918,
20837934,native,50488849.22105263,
20838074,native,32899519.0,
20840559,native,52728729.333333336,
20840265,native,63670453.92222222,
20840365,native,37713723.93076923,
20836996,native,26214866.16551724,
20839585,native,42742478.83018868,
20836902,native,45116702.27927928,
20839059,native,42214517.11016949,
20841824,native,75195482.56060606,
20838496,native,77549219.31147541,
20839216,native,42771126.36666667,
20837652,native,35017163.46564885,
20840746,native,19673888.662601627,
20836434,native,36810048.74637681,
20836621,native,34016304.42307692,
20840090,native,11005179.913306452,
20836340,native,33778245.14159292,
20837559,native,45955332.9245283,
20838396,native,58931118.666666664,
20841309,native,57132849.69387755,
20837980,native,30520266.54761905,
20837336,native,30637418.8404908,
20840934,native,58192209.53684211,
20838818,native,56735006.744444445,
20837746,native,33970164.3,
20840611,native,39670261.333333336,
20839429,native,35693155.08571429,
20841496,native,59273200.058823526,
20840628,native,42403500.541666664,
20840816,native,59409706.39506173,
20840184,native,54015693.0,
20841531,native,48149960.04,
20836534,native,55064225.19811321,
20836059,native,39577030.593495935,
20838684,native,66700047.8125,
20840581,native,46109556.37037037,
20839294,native,45623478.12871287,
20841073,native,49001000.495145634,
20837185,native,39863065.29661017,
20841684,native,25725991.128318585,
20840436,native,64978089.065789476,
20840072,native,50968183.697916664,
20840763,native,42905086.24615385,
20840654,native,36628904.2,
20840560,native,47660533.82653061,
20838075,native,40444703.16101695,
20837935,native,30890772.833333332,
20839586,native,44721333.489795916,
20840366,native,46549896.19090909,
20840266,native,54073966.37962963,
20839217,native,40378556.75862069,
20836997,native,44304568.13076923,
20841825,native,39569581.688,
20838497,native,5578.801437469114,
20836903,native,40621958.979020976,
20840747,native,86222760.34545454,
20836435,native,60242910.75,
20837653,native,62812369.51612903,
20839060,native,44913730.442857146,
20840091,native,14791663.021021022,
20837560,native,37712439.5625,
20836341,native,59544112.197530866,
20836622,native,47171771.8671875,
20837337,native,34644271.656,
20838397,native,44416349.83050848,
20841310,native,43723569.159292035,
20838819,native,31629894.503311258,
20840935,native,64547707.97647059,
20837747,native,43660178.654545456,
20837981,native,55742879.80555555,
20839430,native,41481024.4,
20841497,native,45574409.92035398,
20840612,native,53982109.8877551,
20840817,native,49182987.31868132,
20840629,native,70850887.68571429,
20836535,native,37755242.02307692,
20840582,native,34224177.167832166,
20840185,native,39432688.205882356,
20841532,native,22418781.474789917,
20841074,native,34053021.202797204,
20838685,native,37048636.13043478,
20839295,native,50889124.91836735,
20836060,native,35235147.347826086,
20840764,native,24308478.497409325,
20840437,native,38370843.20769231,
20837186,native,42885763.16923077,
20841685,native,75167336.27142857,
20840073,native,29737367.417142857,
20838076,native,48699611.510416664,
20840561,native,37888487.28571428,
20839587,native,47580439.02970297,
20837936,native,73493430.08450705,
20840655,native,66596957.45882353,
20838498,native,74628730.64705883,
20840367,native,62170049.0,
20840267,native,38494586.9609375,
20839218,native,51647686.02970297,
20836998,native,42495317.227642275,
20837654,native,32032743.171875,
20839061,native,59436946.63934426,
20836904,native,39962239.84210526,
20841826,native,58776722.610526316,
20836436,native,18618158.657894738,
20840748,native,43153668.68461538,
20837338,native,45402443.16,
20836623,native,35913543.48888889,
20836342,native,37189748.875,
20840092,native,85514950.41666667,
20838398,native,21715418.546296295,
20837561,native,59017782.428571425,
20841311,native,36577705.67721519,
20840936,native,37104667.908396944,
20837982,native,47775413.635416664,
20838820,native,43961231.975,
20840613,native,33793166.73103448,
20840818,native,44813348.1,
20837748,native,51010675.5,
20839431,native,54417050.24752475,
20840630,native,37512730.225563906,
20841498,native,43110647.0,
20841533,native,51471502.18604651,
20836536,native,36965298.84962406,
20839296,native,40537450.52173913,
20836061,native,54686065.92307692,
20841686,native,17740339.61344538,
20838686,native,48200091.126213595,
20841075,native,66659059.85333333,
20840583,native,46710189.36440678,
20840438,native,35791904.11029412,
20840186,native,59057363.17894737,
20837187,native,39197694.84920635,
20838499,native,24560922.133333333,
20840656,native,29833521.253846154,
20840765,native,95159251.60714285,
20840074,native,85630673.6031746,
20840562,native,56082153.35714286,
20837937,native,29957269.759036146,
20838077,native,39936572.80689655,
20839588,native,35374693.929487176,
20840368,native,45165436.203539826,
20840268,native,19036521.953333333,
20839062,native,46757368.28703704,
20836999,native,14330249.62228261,
20836905,native,37311839.631578945,
20839219,native,50317696.62264151,
20837655,native,39893738.74264706,
20841827,native,51748027.17346939,
20840749,native,51595748.29,
20836343,native,57401582.078947365,
20838399,native,36567805.172413796,
20837339,native,49375535.78494623,
20836437,native,85361512.12307692,
20840093,native,42364363.36363637,
20836624,native,47392087.663636364,
20838821,native,36262193.25423729,
20837562,native,38311023.61702128,
20840819,native,45482654.31395349,
20840937,native,38400329.2734375,
20837983,native,63744062.96,
20841312,native,48125170.7027027,
20839432,native,52006525.01136363,
20841499,native,64389725.07042254,
20840614,native,59587847.84210526,
20837749,native,65034151.50588235,
20836537,native,31427994.94578313,
20840631,native,30005239.819148935,
20838687,native,35235398.538461536,
20841534,native,45651329.421875,
20836062,native,44651478.92063492,
20839297,native,38418912.09803922,
20841076,native,56576319.41052631,
20841687,native,58639811.16842105,
20840439,native,34324562.27272727,
20840766,native,43429325.84684685,
20838500,native,47114564.655172415,
20840584,native,47477699.256,
20840187,native,44272570.34375,
20840563,native,17534389.4057971,
20840369,native,35298885.076271184,
20839589,native,41745020.666666664,
20837188,native,55396929.027777776,
20838078,native,32285302.62580645,
20837938,native,57197884.705882356,
20840657,native,76107247.1923077,
20840075,native,46489129.27642276,
20839063,native,53587459.1978022,
20837000,native,72849276.78461538,
20839220,native,35653690.580882356,
20841828,native,37429727.08461539,
20840750,native,19754501.93073593,
20836906,native,60019399.07526882,
20836344,native,36617030.78461538,
20837656,native,57685544.55,
20838400,native,40553045.34375,
20840269,native,81637489.17333333,
20840094,native,82452405.51785715,
20836438,native,43316239.10169491,
20837340,native,49457510.927927926,
20836625,native,46477884.44067796,
20840820,native,56056649.375,
20837563,native,36154055.71851852,
20840938,native,66013701.557142854,
20841313,native,34282161.925925925,
20838822,native,41156512.24264706,
20841500,native,28375323.721212123,
20837984,native,46528689.39830509,
20839433,native,63862815.09210526,
20840632,native,43333136.20388349,
20840615,native,42453813.26829268,
20841535,native,39722041.66086957,
20836538,native,52055725.25742574,
20838688,native,48473800.895238094,
20836063,native,37212865.63235294,
20840188,native,38017172.93965517,
20840767,native,45898503.65048543,
20837750,native,52462684.24347826,
20841077,native,38525476.73571429,
20840440,native,47234416.84761905,
20840370,native,21085927.013452914,
20840585,native,43616878.13513514,
20839298,native,45749953.6504065,
20841688,native,44310097.03174603,
20840564,native,67805289.26760563,
20837939,native,52391709.68888889,
20838501,native,82141326.65079366,
20838079,native,38682840.809523806,
20840658,native,41782099.52727272,
20839590,native,77075208.3,
20837189,native,25347674.94537815,
20840076,native,48753772.94594595,
20837001,native,57781568.43181818,
20836907,native,30671776.7625,
20840270,native,47483281.02105263,
20839064,native,54295434.24074074,
20836345,native,38072168.97101449,
20838401,native,39805451.6446281,
20840751,native,80341691.27272727,
20836626,native,21980771.78238342,
20837564,native,46532044.67058823,
20839221,native,54779244.60330579,
20837657,native,51812457.88888889,
20841829,native,89554850.41428572,
20836439,native,54081150.32653061,
20840095,native,42921261.875,
20837341,native,34550348.921568625,
20840821,native,45126295.945454545,
20840939,native,42872903.28571428,
20841314,native,44221979.81081081,
20838823,native,47814821.5462963,
20841501,native,49693720.98,
20841536,native,29868050.086956523,
20837663,native,45785993.32967033,
20838689,native,45122407.63265306,
20839434,native,43817875.2406015,
20837751,native,63458180.79365079,
20837985,native,54065060.127272725,
20840633,native,59681079.35483871,
20836539,native,37986591.41221374,
20836064,native,44332194.70754717,
20841689,native,45342411.23529412,
20840189,native,41859671.654867254,
20839299,native,49512200.03296703,
20840586,native,54177677.05681818,
20838080,native,61349038.112676054,
20839591,native,30564328.636363637,
20841078,native,75851215.74285714,
20840441,native,29064265.80851064,
20838502,native,12071008.380246913,
20840565,native,41163068.28455284,
20840371,native,77483556.84507042,
20840659,native,55509102.13333333,
20837940,native,64569904.28395062,
20840768,native,54822562.017699115,
20837190,native,45981555.47272728,
20837002,native,55624905.52325582,
20840271,native,48848995.96511628,
20840077,native,59640026.46226415,
20836627,native,58124456.87671233,
20836346,native,40711292.00847457,
20840752,native,53878500.759036146,
20836908,native,46418489.325,
20837342,native,45323776.344444446,
20838402,native,32834404.95,
20839065,native,42814043.20634921,
20839222,native,45606945.20388349,
20840940,native,52163915.5,
20841830,native,38126774.452380955,
20840096,native,32768721.071895424,
20837658,native,31322002.587878786,
20837565,native,31137919.24117647,
20836440,native,53800644.791666664,
20840822,native,40253218.152,
20838824,native,37275898.064,
20841315,native,34514378.96503496,
20841502,native,60598608.07058824,
20837664,native,24646326.896373056,
20839435,native,42196384.324074075,
20837752,native,30979965.091503266,
20838690,native,42622297.415254235,
20841537,native,78316392.22535211,
20840634,native,44650259.35135135,
20840190,native,19499871.08235294,
20836065,native,56004194.14285714,
20841690,native,38239785.383458644,
20837986,native,33841740.19254658,
20836540,native,42608469.98373984,
20841079,native,59657499.211267605,
20838081,native,27768310.93258427,
20840587,native,52486908.030612245,
20839300,native,27630993.85714286,
20840566,native,36718828.10687023,
20840442,native,45594228.872727275,
20839592,native,57658474.55555555,
20837941,native,26632543.52150538,
20838503,native,79756196.1076923,
20840660,native,82161606.21311475,
20840372,native,35517667.05960265,
20840769,native,78142573.04,
20840272,native,49863369.34375,
20837191,native,32250082.868571427,
20837003,native,49886562.77227723,
20836628,native,55325351.011764705,
20840941,native,43815066.45054945,
20836347,native,27715857.285714287,
20839223,native,38140164.747826084,
20841718,native,62096056.09876543,
20840753,native,39671466.93333333,
20836909,native,24162565.1,
20839066,native,20324175.22745098,
20837343,native,56234037.03225806,
20836441,native,26454963.58563536,
20840097,native,43292328.766666666,
20841831,native,39676544.51449275,
20837659,native,32568456.025,
20837566,native,39477080.79259259,
20838403,native,59655893.33,
20838825,native,58313908.776315786,
20841316,native,46031111.36363637,
20840823,native,34784101.116959065,
20837665,native,37724648.36923077,
20841503,native,33861443.76821192,
20841538,native,59304901.83076923,
20838691,native,37709650.203125,
20839436,native,55677972.65263158,
20837987,native,46093176.307692304,
20837753,native,25068490.087962963,
20840635,native,42357265.233333334,
20841691,native,38275035.304,
20841080,native,37844202.25833333,
20840191,native,72561893.27142857,
20836541,native,39430173.91603053,
20838082,native,36202260.16030534,
20836066,native,54648336.928571425,
20839301,native,57758136.49411765,
20837942,native,19180400.32270916,
20840588,native,38677548.11643836,
20839593,native,40166831.794117644,
20840373,native,34929607.157142855,
20840567,native,55985828.79611651,
20840443,native,26012675.170212764,
20838504,native,41141255.68571428,
20840661,native,56652253.969387755,
20837004,native,30533803.866666667,
20836348,native,41694725.574074075,
20840273,native,41961259.0390625,
20836629,native,41365216.958333336,
20837192,native,65070365.2875,
20840770,native,50826723.45689655,
20841719,native,18829955.35074627,
20839224,native,63300684.3125,
20841832,native,34831993.60330579,
20840942,native,41505634.05072464,
20837344,native,43989324.268518515,
20836910,native,62266653.209876545,
20839067,native,75867110.58461538,
20837660,native,40796030.776923075,
20836442,native,44617756.65079365,
20840098,native,22243711.668,
20838404,native,41756517.8359375,
20837567,native,32629129.280701753,
20840754,native,57633763.60176991,
20840824,native,45327635.895238094,
20841539,native,30701926.25342466,
20838826,native,43574211.5942029,
20837666,native,38369515.34586466,
20841317,native,70027335.77777778,
20841504,native,37407350.10294118,
20837988,native,20939243.633484162,
20838692,native,34449734.51748252,
20839437,native,47721808.270833336,
20841692,native,18666972.15,
20841081,native,36024332.25735294,
20840192,native,34452575.22142857,
20840636,native,49041901.73584906,
20837754,native,89844205.16071428,
20840589,native,17474731.51502146,
20839594,native,38106277.07,
20836542,native,49010394.25714286,
20836067,native,42243754.398373984,
20838083,native,53652257.46226415,
20839302,native,62408175.376344085,
20837943,native,68263915.21052632,
20840444,native,61402414.08219178,
20840374,native,22797113.108225107,
20840568,native,35648872.75177305,
20840662,native,43690538.59259259,
20838505,native,44301360.43362832,
20836630,native,44836784.65591398,
20837193,native,37519430.856,
20840274,native,65038728.565789476,
20837005,native,45682795.12711865,
20840771,native,36684477.09558824,
20836349,native,70083892.30985916,
20841720,native,69669697.84507042,
20839225,native,43403429.16260163,
20840943,native,52804292.49462365,
20836911,native,52368479.80645161,
20841833,native,38097968.55319149,
20837345,native,59562940.67058823,
20839068,native,56432305.548387095,
20836443,native,39465629.076271184,
20837661,native,24820294.795121953,
20841540,native,20387059.91627907,
20837568,native,4632.761496766416,
20840755,native,46622675.61061947,
20840099,native,63994918.964705884,
20840825,native,33871298.615384616,
20841318,native,48294020.9,
20838405,native,38398479.21118012,
20838827,native,32534237.509202454,
20841693,native,75382066.73584905,
20841505,native,13210282.203562342,
20837667,native,49859367.1,
20838693,native,66946463.266666666,
20837989,native,72270713.15714286,
20840637,native,41534141.61016949,
20839438,native,42954342.4057971,
20840193,native,39743572.304,
20840590,native,66136105.20547945,
20839595,native,34022763.23287671,
20841082,native,87852715.21818182,
20839303,native,44557016.02272727,
20836543,native,46825996.88679245,
20837755,native,35027209.21935484,
20836068,native,44585184.85,
20839093,native,27957200.088607594,
20838084,native,46670055.09009009,
20840375,native,72668487.78461538,
20837944,native,30486868.5,
20838506,native,22345098.942857143,
20836631,native,44089764.59,
20840663,native,42705652.61016949,
20837194,native,35560113.5945946,
20840445,native,56266520.55238095,
20836350,native,33402832.16783217,
20840275,native,33510658.39869281,
20837346,native,32038610.67479675,
20840772,native,38283890.4,
20837006,native,31962320.40909091,
20841721,native,43046494.79310345,
20836912,native,40697241.624,
20836444,native,33390867.662068967,
20839226,native,45235859.7578125,
20841834,native,46771686.02479339,
20839069,native,37146992.79020979,
20840944,native,46894193.84920635,
20837662,native,66896101.361445785,
20841541,native,62738713.197674416,
20840756,native,40637927.70634921,
20840100,native,50173895.96396396,
20838828,native,66143269.366197184,
20840826,native,67751847.58666667,
20837569,native,72884403.6375,
20837668,native,20626712.70676692,
20840591,native,31243367.27480916,
20837990,native,50722057.908163264,
20838694,native,34981438.93150685,
20841506,native,78642168.7,
20838406,native,50778199.92173913,
20840194,native,43245104.475728154,
20839596,native,46920374.817204304,
20841319,native,67796308.61538461,
20840638,native,38554643.19512195,
20839439,native,31901406.044871796,
20841694,native,69581022.64772727,
20841083,native,31798767.19375,
20836069,native,36231153.1037037,
20836544,native,47520913.426086955,
20839304,native,63948577.10465116,
20839094,native,64811138.22666667,
20837756,native,55601513.87128713,
20838085,native,35534789.62237762,
20840376,native,75131487.0,
20836632,native,39414183.94067796,
20836456,native,18363090.185053382,
20837945,native,43483557.79661017,
20838507,native,52973333.208333336,
20837195,native,35549255.41780822,
20840664,native,39374333.02222222,
20840773,native,56648459.44444445,
20840446,native,64435059.53488372,
20837347,native,31014243.865030676,
20840276,native,10316520.958661417,
20836351,native,61231407.90909091,
20837007,native,84474911.76190476,
20841722,native,70874000.17333333,
20839227,native,32384845.20945946,
20841835,native,46738924.396039605,
20840945,native,55103666.15662651,
20836445,native,88097509.33928572,
20836913,native,40150400.092857145,
20841542,native,50865924.12222222,
20837570,native,52998869.12345679,
20839328,native,43562838.949152544,
20840101,native,20967635.668067228,
20839070,native,59098699.472222224,
20838829,native,29960072.96470588,
20838906,native,71516595.35526316,
20837991,native,39691202.96460177,
20840827,native,54012433.305263154,
20838695,native,39835671.371681415,
20841320,native,43914726.27184466,
20839597,native,9932620.40973631,
20840592,native,38631067.503703706,
20838407,native,31959886.297468353,
20841507,native,54569548.44444445,
20840639,native,41107885.3362069,
20840195,native,42713551.25619835,
20837669,native,77334431.25714286,
20839440,native,57121555.55789474,
20836070,native,34614157.32857143,
20841695,native,47649673.39830509,
20839305,native,43403407.0,
20840377,native,23874998.44864865,
20839095,native,45254524.14851485,
20841084,native,53761936.17475728,
20837757,native,38998926.538461536,
20836633,native,48921772.089108914,
20838086,native,57211634.98863637,
20837946,native,53594895.97802198,
20836457,native,81133393.63333334,
20838508,native,46366033.4245283,
20840665,native,22313984.064814813,
20837196,native,60332179.294117644,
20836545,native,96164206.72131148,
20840774,native,25902270.511235956,
20840447,native,39283923.13223141,
20836352,native,10479692.004705882,
20837348,native,59742136.815789476,
20841723,native,35252000.79674797,
20840277,native,85749946.8095238,
20839228,native,34117474.32191781,
20837008,native,39762621.59558824,
20841836,native,43111619.93103448,
20840946,native,40181172.45801527,
20836446,native,45368241.4,
20836914,native,60330079.45454545,
20841543,native,55716642.32258064,
20837571,native,43246539.14655172,
20839329,native,52729892.32631579,
20839071,native,42493449.916666664,
20838696,native,65331229.774647884,
20838907,native,34330857.01923077,
20840828,native,30064997.352601156,
20840102,native,61899283.63333333,
20839140,native,36621991.9140625,
20838830,native,54336037.35,
20837218,native,35479860.67175572,
20837992,native,33845015.15662651,
20841508,native,35058551.95035461,
20838408,native,67299491.69863014,
20840196,native,51418928.153061226,
20841696,native,29928031.386206895,
20839598,native,80824283.42857143,
20840378,native,29537804.37254902,
20841321,native,13159005.981744422,
20836546,native,30022566.68141593,
20839441,native,40285962.2631579,
20839306,native,44519513.96296296,
20836071,native,38754422.79259259,
20841085,native,40454786.82608695,
20837670,native,22147857.89090909,
20839096,native,25106633.06829268,
20837758,native,30865730.82278481,
20836634,native,34891707.301470585,
20838087,native,34883055.02941176,
20836458,native,23953715.60103627,
20838509,native,39221165.36666667,
20840666,native,74888196.29230769,
20837197,native,51433113.153061226,
20837947,native,49938610.79661017,
20840775,native,82113560.78181818,
20837349,native,40998458.5862069,
20840448,native,20157674.07843137,
20836353,native,68227801.94736843,
20841724,native,51537753.20792079,
20839229,native,32998910.48387097,
20837009,native,40361004.9765625,
20836915,native,40612921.62962963,
20840947,native,48699437.969387755,
20840278,native,91067238.38333334,
20836447,native,22036446.866666667,
20841837,native,62457711.38554217,
20839072,native,57088693.76,
20837572,native,53169268.20879121,
20838908,native,48160493.66,
20840103,native,12971405.48219178,
20839330,native,41081511.20300752,
20841509,native,33693045.60869565,
20837219,native,50925254.4,
20841544,native,91681858.12121212,
20838697,native,49177187.054545455,
20838831,native,59656869.88372093,
20840197,native,40976115.07272727,
20840829,native,103389873.97826087,
20837993,native,51529608.7,
20841697,native,60413369.2631579,
20838409,native,73716923.12857144,
20839141,native,57152534.4,
20839599,native,34915352.08391608,
20841322,native,57917621.21052632,
20841086,native,47520111.2688172,
20839442,native,37862243.7518797,
20840379,native,43933703.108333334,
20839307,native,48062579.32380953,
20836547,native,105546353.375,
20837671,native,70297232.05633803,
20839097,native,81261824.04761904,
20836072,native,62996242.85714286,
20838510,native,47081018.16981132,
20837198,native,36700458.779661015,
20840667,native,37862365.23728813,
20836635,native,41687002.51908397,
20836459,native,41493434.71428572,
20837759,native,51692981.11111111,
20838088,native,58403359.03125,
20840776,native,47790302.39784946,
20840449,native,58628473.776315786,gas-used mismatch for 0x2942ca33b0f186d20219d8be90ee76239eb92c40d2d1eadfa5fc37593e382bc6: expected 127917 found 56972
20837350,native,39949501.387931034,
20837948,native,75724536.25757575,
20836354,native,80087166.7,
20841725,native,46112813.53125,
20840279,native,39644991.93333333,
20839230,native,46623651.62857143,
20841838,native,41676557.666666664,
20840948,native,34928726.36601307,
20836916,native,39793007.41304348,
20839073,native,39991139.14782609,
20837573,native,36047163.8203125,
20837010,native,84777559.6,
20836448,native,101678834.72413793,
20838909,native,29700573.056962024,gas-used mismatch for 0x32d18538192004ece5d259f46480f7318c592061237e757ae6f9d14d888fb61f: expected 168022 found 98232
20840104,native,69695986.69117647,
20839331,native,38951456.86466166,
20837994,native,29156981.621794872,
20838832,native,48624588.89795918,
20841510,native,32705323.687116563,
20841545,native,12407273.294252874,
20838698,native,47308005.16521739,
20837220,native,75717761.55714285,
20840198,native,49322441.495238096,
20839142,native,53295349.8,
20839600,native,38933561.416,
20841698,native,61185822.65116279,
20841087,native,47293575.50495049,
20841323,native,41919771.47457627,
20838410,native,41770043.433823526,
20840830,native,61381477.02,
20839308,native,37784622.61111111,
20836548,native,18269817.764285713,
20839443,native,53019359.3367347,
20837672,native,35495986.20289855,
20839098,native,53004063.43333333,
20836073,native,37036681.78947368,
20840668,native,65655120.15068493,
20837199,native,46048697.68518519,
20840380,native,60565263.32673267,
20836460,native,47769384.36111111,
20837351,native,25109380.67251462,
20840450,native,41299959.08108108,
20838089,native,39787786.09375,
20836636,native,58226131.69892473,
20837760,native,18838677.416083917,
20838511,native,50955998.90990991,
20840777,native,16943190.66451613,
20837949,native,22628426.570135746,
20836355,native,46807701.75,
20841726,native,61445676.28915662,
20840280,native,50193659.604166664,
20839231,native,36525217.51428571,
20841839,native,45180628.74774775,
20836917,native,38021414.75423729,
20840949,native,65733882.67123288,
20837574,native,40744628.83478261,
20839074,native,37965175.27941176,
20837011,native,38485649.680851065,
20838910,native,47708628.92380952,
20841511,native,30980244.76712329,
20836449,native,32115235.4375,
20840105,native,53113541.315789476,
20838833,native,45412998.4537037,
20839332,native,43519868.97457627,
20838699,native,52542116.21978022,
20837221,native,64835277.887323946,
20840199,native,61857083.973684214,
20837995,native,57625246.98863637,
20841546,native,92830640.52830188,
20841699,native,32150505.699386504,
20838411,native,42372867.225225225,
20839143,native,56869907.153061226,
20841324,native,38525126.507246375,
20841088,native,43835277.47154471,
20840831,native,29582499.97777778,
20839601,native,64093496.61111111,
20836549,native,40567734.784,
20839444,native,51638812.84210526,
20839099,native,30176454.765060242,
20839309,native,65879029.46590909,
20836074,native,47594255.05555555,
20837200,native,45734488.12037037,
20838512,native,9309640.3197556,
20836461,native,18261699.75276753,
20840669,native,46219376.448275864,
20837352,native,52910233.5,
20840381,native,34130418.82911392,
20837673,native,68426872.27777778,
20838090,native,40624457.15079365,
20836637,native,37308897.81560284,
20837761,native,90201733.62745099,
20840451,native,45495759.57024793,
20840778,native,61756148.564705886,
20840281,native,60471517.558823526,
20837950,native,64684163.74074074,
20841727,native,41574212.026548676,
20836356,native,15190835.508379888,
20839232,native,42229042.0,
20836918,native,46356576.38095238,
20841840,native,53842537.89010989,
20840950,native,42857931.428571425,
20837575,native,33024053.458064515,
20837012,native,40483942.46551724,
20838911,native,38760444.4,
20838834,native,43034401.883495145,
20840106,native,46377975.45,
20839075,native,51176190.49152543,
20841512,native,90330151.66,
20836450,native,71203233.49295774,
20838700,native,35243966.755244754,
20837996,native,39575214.4047619,
20839333,native,37837666.87162162,
20840200,native,36354203.73648649,
20841547,native,47241437.675925925,
20837222,native,44299340.927536234,
20841700,native,34938862.51633987,
20839602,native,34846617.057971016,
20838412,native,39681179.19565217,
20839144,native,45276996.62068965,
20841325,native,44942767.03539823,
20840832,native,51097705.31632653,
20841089,native,49431693.175925925,
20839100,native,38872228.04,
20839445,native,38381856.9632353,
20839310,native,45558393.82857143,
20837201,native,40262937.51724138,
20836075,native,34515074.82978723,
20836550,native,51475248.08181818,
20840382,native,38242170.69105691,
20836638,native,39040559.22881356,
20840670,native,43016662.824,
20838091,native,41793706.766666666,
20838513,native,94743830.43396227,
20836462,native,58846236.48421053,
20837353,native,11957204.68442623,
20840779,native,19775140.662790697,
20837674,native,41041382.52857143,
20837762,native,52871241.68518519,
20840452,native,41455366.808823526,
20837951,native,40571457.28125,
20839233,native,52061352.60493827,
20836357,native,62649842.61643836,
20840282,native,54830312.40909091,
20841728,native,44994143.5625,
20840951,native,46934994.520833336,
20841841,native,22260079.368217055,
20837576,native,36556541.821428575,
20836919,native,14404498.948235294,
20837013,native,10414310.86185567,
20839076,native,59745208.40789474,
20838835,native,29195582.409356724,
20838912,native,44186647.41322314,
20840107,native,49197690.30630631,
20836451,native,42170367.8362069,
20839334,native,22025162.868181817,
20837997,native,73711565.13636364,
20841513,native,41122716.37857143,
20838701,native,44738108.44166667,
20841548,native,52605747.47727273,
20840201,native,45219960.415254235,
20837223,native,40140412.54310345,
20841326,native,37218897.80487805,
20839145,native,50581417.538461536,
20841701,native,41223821.56198347,
20840833,native,75054021.60655738,
20838413,native,39104175.79389313,
20839446,native,49747212.15053763,
20837202,native,35931569.427536234,
20841090,native,38229161.39716312,
20839101,native,41431586.515625,
20839603,native,60240282.18947368,
20839311,native,34739966.2384106,
20836076,native,41623206.75,
20838092,native,64589608.92424242,
20836639,native,29128038.69090909,
20840383,native,57562166.53488372,
20840671,native,47921063.6122449,
20836551,native,40053793.42962963,
20837354,native,67917408.71232876,
20836463,native,24022594.147826087,
20838514,native,59382036.65263158,
20837952,native,41117748.04347826,
20840453,native,52341561.05,
20840780,native,82794286.77941176,
20837675,native,40862669.72142857,
20839234,native,52147570.54368932,
20840283,native,30017233.441717792,
20836358,native,44305823.81034483,
20840952,native,54597371.85555556,
20837763,native,87466731.18461539,
20841729,native,29579892.320224717,
20841842,native,60336926.0375,
20837577,native,41102133.74166667,
20839077,native,50575713.32941177,
20837014,native,63030073.56818182,
20836920,native,87247865.63492064,
20838836,native,54880402.50537635,
20836452,native,37379366.728,
20838913,native,37327900.88111888,
20837998,native,63868311.57692308,
20837224,native,34861953.93129771,
20840108,native,49875774.56637168,
20840202,native,62900053.26153846,
20838702,native,42618343.31404959,
20841514,native,22807921.858333334,
20841549,native,46910639.56481481,
20839335,native,85601297.70491803,
20839146,native,33271213.31205674,
20841327,native,56397782.57647059,
20841702,native,38000956.46666667,
20838093,native,34582903.146153845,
20841091,native,27950265.77142857,
20840834,native,101386848.75471698,
20839102,native,43048582.76521739,
20839447,native,63510080.8,
20837203,native,45907887.75675676,
20840672,native,38331776.344827585,
20840384,native,46384347.03960396,
20838414,native,35517005.93333333,
20839604,native,41835829.832,
20836640,native,49201306.55,
20839312,native,67268761.34615384,
20836077,native,41786338.86923077,
20838515,native,29260763.303030305,
20837953,native,35992571.24637681,
20836464,native,78141068.54545455,
20836552,native,72365132.55294117,
20837355,native,66561823.7125,
20840284,native,48411259.389473684,
20838953,native,57009022.703296706,
20840454,native,35590373.548387095,
20839235,native,34145365.03333333,
20837676,native,32606665.165714286,
20840953,native,33553697.545454547,
20836359,native,48483636.31818182,
20837764,native,23525551.064814813,
20841730,native,62245985.55421687,
20841843,native,47825337.03960396,
20837015,native,39093733.846938774,
20837578,native,62188927.23076923,
20839078,native,30291957.19883041,
20836921,native,43763753.04716981,
20838837,native,36889747.42142857,
20836453,native,67553533.1369863,
20841515,native,54925753.868421055,
20840109,native,38949252.20661157,
20840203,native,58071828.325,
20838914,native,48783396.86111111,
20838703,native,44012025.722222224,
20841550,native,27105395.864864863,
20839336,native,38284930.368421055,
20837225,native,41206918.4351145,
20837999,native,33031560.264044944,
20839147,native,47297011.21238938,
20837204,native,28233013.44848485,
20839103,native,55848342.938271604,
20840673,native,27459903.61988304,
20841328,native,48370571.72357724,
20838094,native,50396783.37864078,
20840835,native,52824864.645833336,
20839605,native,38798387.28333333,
20839448,native,46592762.79245283,
20841703,native,45842621.9338843,
20838415,native,45908798.763636366,
20841092,native,94289787.5,
20840385,native,39217708.315789476,
20836641,native,63324096.0,
20836078,native,45373825.2037037,
20837954,native,31412832.868965518,
20837356,native,41379918.8018018,
20836553,native,77034037.22950819,
20836465,native,31024221.98285714,
20839313,native,55885037.682926826,
20838516,native,70194208.16470589,
20840285,native,48252705.13207547,
20840954,native,36594105.62698413,
20836360,native,35750415.925925925,
20840455,native,47548677.61261261,
20838954,native,42669289.76153846,
20839236,native,34414860.025,
20837765,native,57822439.01204819,
20837677,native,42388935.44444445,
20841731,native,69188008.8219178,
20841844,native,48137127.333333336,
20837579,native,38466976.47328244,
20839079,native,48883308.92473118,
20837016,native,31821770.59411765,
20836922,native,63637499.5,
20840110,native,45361908.84946237,
20838838,native,31011992.3875,
20841516,native,54723325.47727273,
20836454,native,39441829.97037037,
20838915,native,30519284.128834356,
20839337,native,32989859.390977442,
20840204,native,38380866.25,
20838704,native,50357969.55855856,
20837226,native,48825188.14814815,
20838000,native,49703079.84761905,
20838095,native,16795559.675373133,
20839148,native,43314265.14285714,
20841329,native,49069933.072916664,
20841551,native,72663557.45679012,
20837205,native,49452028.533980586,
20839606,native,15119222.86607143,
20839104,native,37511023.993103445,
20840836,native,26746608.91919192,
20838416,native,43883624.07964602,
20839449,native,39506142.95714286,
20840674,native,22373709.858208954,
20841704,native,43431336.63076923,
20841093,native,48977798.423423424,
20836642,native,45001708.61666667,
20837357,native,14731733.52,
20840386,native,46803360.60169491,
20836079,native,55326522.60185185,
20836554,native,46922121.883495145,
20840286,native,38347892.4,
20836361,native,47774920.42045455,
20837955,native,35838849.2060606,
20836466,native,75072001.61904761,
20839314,native,53165925.95698924,
20838517,native,26096973.45128205,
20840456,native,35669509.766917296,
20840955,native,62354916.11764706,
20839237,native,51846179.389473684,
20841845,native,64638594.29230769,
20837678,native,52609460.90322581,
20837766,native,40222165.6484375,
20838955,native,54544129.66336634,
20839080,native,52055978.37647059,
20837580,native,53292529.5882353,
20841732,native,40645632.782608695,
20836923,native,41275453.875,
20837017,native,70286583.04,
20841517,native,21131511.03167421,
20840111,native,70222915.0410959,
20838839,native,39946212.92307692,
20838916,native,13994480.195467422,
20839338,native,51464696.19354839,
20837227,native,38224356.23584906,
20838001,native,14196716.244067797,
20838705,native,35894034.571428575,
20838096,native,55291379.276315786,
20840205,native,50013570.62962963,
20836455,native,55824637.072072074,
20839105,native,39956751.46956522,
20837206,native,50538942.25510204,
20839450,native,22832666.077669904,
20840837,native,33496431.1986755,
20840675,native,50714683.086021505,
20839149,native,46170866.171875,
20837358,native,53227315.44705883,
20839607,native,91904166.31034483,
20841094,native,48843611.846938774,
20841705,native,27917772.234972678,
20841330,native,48521002.728,
20838417,native,51395066.0,
20836643,native,60391032.04819277,
20840387,native,44416675.71171171,
20841552,native,63996558.969387755,
20836080,native,65615592.313253015,
20836362,native,65239421.184210524,
20840287,native,5988738.919134396,
20838518,native,34437594.36879433,
20839081,native,41546921.802325584,
20836555,native,41383080.256,
20836467,native,55395364.47777778,
20839315,native,53759051.78640777,
20840457,native,55660961.11827957,
20837767,native,47771029.83168317,
20837956,native,39352145.57692308,
20840956,native,66413006.144578315,
20837581,native,12045536.05925926,
20837679,native,13924043.31043257,
20841846,native,48175244.168141596,
20839238,native,39499994.37419355,
20838956,native,169570604.8181818,
20841733,native,21414273.767346937,
20837018,native,47026367.554455444,
20836924,native,7934654.282758621,
20841518,native,54900366.703296706,
20840112,native,26488529.4,
20838917,native,63136252.01234568,
20839339,native,35156135.69178082,
20838840,native,44123520.104,
20840206,native,58101462.22666667,
20838002,native,39860231.86259542,
20840681,native,39338351.16521739,
20837228,native,39355538.758865245,
20838097,native,34002444.51265823,
20837207,native,56583957.4117647,
20838706,native,83636828.18571429,
20839106,native,55632462.37894737,
20839150,native,16345583.586885246,
20839451,native,62734626.77108434,
20840676,native,64850002.64,
20837359,native,68030767.2112676,
20840838,native,50679297.41818182,
20838418,native,32848168.70886076,
20839608,native,59770105.37362637,
20841331,native,41735444.896825396,
20841553,native,33010675.98666667,
20836644,native,39059187.09022556,
20841095,native,22070128.3046875,
20841706,native,59503284.720430106,
20840388,native,45193112.29752066,
20836556,native,19715894.276018098,
20839082,native,59399736.381578945,
20836363,native,27458225.44198895,
20838519,native,40086361.00826446,
20839468,native,40675597.47457627,
20836081,native,56246411.92631579,
20839316,native,18942770.68045113,
20840288,native,66768464.675,
20837957,native,22127249.844537817,
20837582,native,69836587.69014084,
20837680,native,81687348.25454545,
20837768,native,30211563.404371586,
20840957,native,39798821.60150376,
20841847,native,50991922.95049505,
20840458,native,15503078.963917525,
20841734,native,58590954.175,
20839239,native,52128229.54,
20838957,native,6270099.997627521,
20837019,native,58746619.511627905,
20841519,native,55439056.41860465,
20838918,native,54962616.697674416,
20840113,native,47178873.54285714,
20838003,native,39419116.36111111,
20840207,native,39149079.07438017,
20839340,native,49604240.25742574,
20838841,native,41104787.648,
20836925,native,82253279.78571428,
20840682,native,48561739.20388349,
20837229,native,23398897.17647059,
20838098,native,33499255.496688742,
20838707,native,28794035.06875,
20837208,native,35311554.74264706,
20840839,native,60128250.225352116,
20838419,native,37290726.81355932,
20839151,native,77309542.25396825,
20839107,native,36692527.88235294,
20841554,native,37091574.85950413,
20841332,native,51334550.38888889,
20840677,native,52756107.475247525,
20840389,native,10911015.814553991,
20837360,native,34946889.98076923,
20841707,native,42280404.168141596,
20836645,native,37247567.90780142,
20841096,native,47666435.07079646,
20836364,native,38804082.26956522,
20839609,native,17172036.994082842,
20839083,native,30265744.730769232,
20839452,native,36677916.21348315,
20838520,native,44706146.16504855,
20836082,native,49334987.21111111,
20836557,native,14794894.366847826,
20839317,native,59470488.20512821,
20840289,native,46812450.346534654,
20840459,native,83875740.14,
20839469,native,70316891.6235294,
20837583,native,41372280.486725666,
20837769,native,56011164.78888889,
20841848,native,65672406.15384615,
20839240,native,39964081.922413796,
20837681,native,47082904.104347825,
20838958,native,73149738.94827586,
20837958,native,77992450.1969697,
20840958,native,43568894.528,
20841520,native,15435555.81494662,
20841735,native,40171268.97058824,
20837020,native,33181130.843137253,
20838842,native,43101068.6952381,
20838004,native,30634911.832298137,
20839341,native,35953132.977443606,
20840208,native,42091337.25862069,
20838919,native,45517467.026086956,
20836926,native,56589416.23076923,
20837209,native,40004484.64516129,
20840114,native,50665277.62962963,
20838099,native,41905372.666666664,
20837230,native,62491702.41025641,
20840683,native,48759676.548672564,
20839152,native,31344820.04964539,
20838708,native,56977800.86666667,
20841555,native,51226184.02197802,
20839108,native,52199862.384615384,
20841708,native,47544921.0,
20841333,native,36761499.44615385,
20840678,native,48189660.902912624,
20840390,native,51755448.042105265,
20837361,native,45901307.731481485,
20840840,native,47610707.86259542,
20838420,native,67343176.89534883,
20836646,native,52075768.15,
20838521,native,32508019.373333335,
20841097,native,61861840.81927711,
20836365,native,67974950.0,
20839453,native,45599918.448275864,
20836083,native,44198830.37288135,
20839084,native,43990067.18253968,
20839610,native,101587073.23529412,
20840290,native,47979197.97087379,
20839470,native,28685820.352564104,
20836558,native,90928929.22413793,
20839318,native,62868859.09090909,
20840460,native,49193966.16,
20837584,native,56533656.75268817,
20839241,native,43869778.78703704,
20837682,native,46901806.106796116,
20841849,native,36550503.801470585,
20837770,native,55033895.375,
20837959,native,29103662.028571427,
20838959,native,38803190.88721804,
20840959,native,71518112.35211268,
20841521,native,57821266.38823529,
20841736,native,43712551.752,
20837021,native,63311560.152941175,
20838843,native,54408619.604395606,
20837210,native,29088971.46202532,
20838920,native,49210019.34375,
20840209,native,37823747.25954199,
20838005,native,56544455.244444445,
20840115,native,40936100.80508474,
20839342,native,39375149.24637681,
20836927,native,40739801.46923077,
20837231,native,35943701.336,
20838100,native,32451673.825,
20840684,native,66669158.671052635,
20839153,native,40024935.666666664,
20841556,native,31756093.35714286,
20841709,native,16994721.2,
20839109,native,36408422.67175572,
20838709,native,81284261.0,
20841334,native,35940117.782608695,
20840679,native,37819630.729323305,
20836647,native,34053893.518796995,
20840841,native,25006418.36923077,
20840391,native,49093056.39814815,
20838522,native,76335932.98275863,
20838421,native,36438001.77857143,
20837362,native,36202560.52317881,
20836084,native,42723726.96363636,
20840291,native,67911877.85714285,
20836366,native,52431707.40594059,
20839454,native,44371077.608333334,
20839085,native,59699386.855421685,
20841098,native,45666857.89430894,
20839611,native,32784942.45625,
20839471,native,62453381.97530864,
20836559,native,56367496.03225806,
20839319,native,62486516.46666667,
20840461,native,36996231.22758621,
20839242,native,41477308.423728816,
20837683,native,36814942.96296296,
20841850,native,68224216.35211268,
20837771,native,52189487.53333333,
20837960,native,57316142.8372093,
20837585,native,39515783.27152318,
20840960,native,64961409.51807229,
20837022,native,39385425.325203255,
20841737,native,45474501.64814815,
20841522,native,50597301.37735849,
20838960,native,44156957.91489362,
20837211,native,49441015.260416664,
20836928,native,16297083.751851851,
20838006,native,48462690.71428572,
20838844,native,46168325.04504505,
20840210,native,39152760.39849624,
20839343,native,35712074.11764706,
20838921,native,28967517.951612905,
20840116,native,59579406.18518519,
20838101,native,43318735.38738739,
20837232,native,41693069.040650405,
20839154,native,41099001.5785124,
20840685,native,53373521.40625,
20841557,native,37837035.4,
20838422,native,19818979.851282053,
20841710,native,48173453.44761905,
20839110,native,33633610.25,
20841335,native,46890655.0952381,
20838710,native,41348586.9921875,
20840842,native,44020564.14159292,
20838523,native,36455029.31428572,
20840680,native,52470335.32380953,
20836648,native,55762468.8877551,
20840392,native,34349827.50920245,
20836085,native,47516542.85148515,
20837363,native,53692051.77,
20841099,native,29385523.935897436,
20839086,native,33451768.953642383,
20840292,native,38702057.614285715,
20839320,native,45590134.31632653,
20839472,native,63581380.38666666,
20839455,native,49355530.16981132,
20839612,native,58270969.63953488,
20839243,native,43883105.097087376,
20836367,native,57440103.783018865,
20836560,native,45862382.398373984,
20840462,native,63657416.6125,
20837772,native,32129582.048275862,
20837684,native,50676103.14,
20841851,native,44169995.59166667,
20837586,native,39996853.80833333,
20837961,native,42438186.488,
20841523,native,33203921.65562914,
20840961,native,48704278.08181818,
20840117,native,26863849.083333332,
20836929,native,62989598.59154929,
20841738,native,46587523.840707965,
20837023,native,36051492.37908497,
20837212,native,30119136.61849711,
20838007,native,48582984.04854369,
20837233,native,46914765.56043956,
20838102,native,55803144.5625,
20838961,native,49855607.619469024,
20839344,native,39950336.84126984,
20838922,native,60236146.641975306,
20840211,native,31249584.58235294,
20838845,native,28815599.533333335,
20839155,native,56114996.29545455,
20841558,native,72678748.74603175,
20840686,native,46117025.392,
20841711,native,46189634.7,
20839111,native,44601251.24324324,
20840843,native,34600146.859375,
20838423,native,94531525.69642857,
20838711,native,13964299.889807163,
20841336,native,59020827.233333334,
20839087,native,43212347.87777778,
20838929,native,41387062.024,
20840393,native,53976446.8021978,
20836649,native,38752482.04580153,
20837364,native,40363047.16949152,
20838524,native,38047710.4964539,
20841100,native,73449473.13114753,
20840293,native,25234775.01010101,
20839321,native,44318536.518181816,
20839456,native,39321160.18253968,
20836086,native,59533045.302083336,
20839613,native,25556659.01421801,
20839244,native,37647610.674074076,
20839473,native,66259908.833333336,
20836368,native,46402410.17699115,
20836561,native,50074399.60194175,
20837773,native,42722014.125,
20837587,native,50331226.527472526,
20837685,native,35407674.22666667,
20841852,native,36076248.23571429,
20840463,native,51070077.783783786,
20837962,native,56999124.733333334,
20841739,native,34552183.680851065,
20838008,native,38195840.833333336,
20840118,native,26999703.89,
20841524,native,52077816.466019414,
20840962,native,49672852.10810811,
20837024,native,55914199.447916664,
20837234,native,34831253.00684932,
20837213,native,31653478.60115607,
20836930,native,64683218.461538464,
20838103,native,39894450.7037037,
20838962,native,48120952.345132746,
20840212,native,56062654.73626374,
20839345,native,50984841.25471698,
20838923,native,34679785.92546584,
20838846,native,75637370.03030303,
20839156,native,41810925.53043478,
20840394,native,28931246.055944055,
20840844,native,43072441.14,
20841559,native,34438282.962025315,
20841712,native,36410059.546875,
20838424,native,39021051.27642276,
20839112,native,52988310.17346939,
20839088,native,46546745.520833336,
20838712,native,80714583.46031746,
20836650,native,37089756.776923075,
20841337,native,48731532.53636364,
20837365,native,43195490.33050848,
20838930,native,48959387.70909091,
20836087,native,50259072.61627907,
20838525,native,45037287.87603306,
20839116,native,76274188.21428572,
20841101,native,55323824.524271846,
20839457,native,60318639.18604651,
20839474,native,26687932.71165644,
20839322,native,38236215.99315068,
20840294,native,65943330.729411766,
20836931,native,38396153.21551724,
20839245,native,41791841.375,
20839614,native,49579890.827586204,
20837588,native,14959873.597058823,
20836369,native,47832507.69090909,
20837963,native,48964382.61363637,
20841853,native,43345233.78761062,
20837774,native,42386643.3015873,
20837686,native,41872445.483333334,
20840464,native,33582395.78807947,
20837235,native,34270071.184,
20840119,native,77353912.7586207,
20838009,native,43423351.991304345,
20837025,native,11917.307518922662,
20841740,native,54234623.08737864,
20841525,native,76006229.75714286,
20837214,native,64110344.469879515,
20838104,native,35470293.14482759,
20838924,native,24441462.174757283,
20840963,native,53420706.96296296,
20838963,native,54286102.145833336,
20840395,native,42711865.87735849,
20839346,native,35934878.7972973,
20840845,native,52219214.777777776,
20840213,native,32013521.455555554,
20838847,native,28460950.76963351,
20836653,native,45507331.8984375,
20839157,native,50668894.1980198,
20841713,native,68508565.05882353,
20841560,native,37481961.927536234,
20838425,native,41179149.47457627,
20839113,native,48420368.216216214,
20839089,native,35228946.51633987,
20838931,native,62544561.43661972,
20836651,native,29090020.988235295,
20838713,native,74263287.49295774,
20841338,native,58139103.63636363,
20839117,native,34023306.319148935,
20837366,native,40376419.80740741,
20836088,native,29910437.29761905,
20839458,native,50280203.847058825,
20841102,native,50669902.67368421,
20839323,native,41123160.5945946,
20839475,native,38136661.5703125,
20840295,native,19856225.8625,
20838526,native,46061226.57024793,
20836932,native,39391360.664,
20839246,native,36528790.127819546,
20839615,native,58565844.10843374,
20837964,native,34425525.28148148,
20841854,native,79284243.13114753,
20841156,native,43660424.59130435,
20840465,native,50091349.63106796,
20837775,native,40949263.353846155,
20837589,native,90588063.03333333,
20838010,native,39251605.5,
20837026,native,76287273.50980392,
20840964,native,33553781.887755103,
20836370,native,73482509.6626506,
20837236,native,65152135.61333334,
20837215,native,10627577.035555556,
20841526,native,29789381.422857143,
20840120,native,37268054.49079755,
20838105,native,35394611.70921986,
20839158,native,30237690.918518517,
20840846,native,37014692.266666666,
20840214,native,29051136.580645163,
20839347,native,37212493.4140625,
20841741,native,51022844.95454545,
20840396,native,40487891.166666664,
20838964,native,49696390.29,
20836654,native,31480287.493243244,
20838925,native,79467969.52857143,
20838848,native,32680662.98159509,
20841561,native,48430079.30612245,
20841714,native,39503691.39097744,
20839114,native,4656467.75751503,
20838714,native,32754545.909774438,
20838426,native,78215710.78082192,
20838932,native,23701176.411764707,
20836652,native,44130559.29565217,
20839090,native,42699017.76,
20841339,native,33655896.9602649,
20841103,native,26433931.721212123,
20839118,native,48007413.11320755,
20836089,native,81223157.22413793,
20837367,native,56411965.44086021,
20839459,native,19070528.916363638,
20836933,native,62023274.802816905,
20839476,native,39543312.12195122,
20839324,native,43918580.1779661,
20838527,native,42562066.3826087,
20839247,native,42951294.54285714,
20840296,native,59964535.93333333,
20839616,native,32489482.483443707,
20837965,native,54264828.239583336,
20837027,native,57911305.626666665,
20837776,native,53961830.82954545,
20841157,native,42857919.90243903,
20837590,native,22553903.017316017,
20840965,native,37261346.078125,
20840466,native,38904258.53623188,
20841855,native,39335705.696551725,
20838011,native,32032817.31764706,
20837237,native,37277937.49006622,
20836371,native,40330280.96453901,
20840847,native,18671832.62989324,
20840397,native,50607094.969387755,
20838106,native,10454490.771428572,
20840215,native,76672734.84615384,
20839348,native,40675226.571428575,
20837216,native,71893533.71052632,
20841742,native,36086707.15862069,
20839159,native,61347636.65934066,
20836655,native,31833378.51785714,
20840121,native,58245183.73,
20838926,native,48698081.83168317,
20838965,native,42365596.58778626,
20838849,native,41732179.32539683,
20841527,native,114606838.37931034,
20841715,native,39426478.80740741,
20841562,native,44908014.56,
20838715,native,61987774.586666666,
20839115,native,62045563.84210526,
20841109,native,36007351.85123967,
20841340,native,38375569.628318585,
20837368,native,35605285.61904762,
20841104,native,23531301.220512822,
20838427,native,65206067.506172836,
20839119,native,34520471.86666667,
20839091,native,42715819.234375,
20838933,native,56723880.53684211,
20838528,native,44611535.23469388,
20836090,native,59862467.870588236,
20839325,native,44834076.2,
20839460,native,56620261.58139535,
20836934,native,627908.3176682693,
20840297,native,35480411.0,
20839248,native,42723031.43089431,
20839477,native,49803567.55555555,
20839617,native,44190818.8699187,
20837028,native,39744447.58778626,
20837966,native,55456807.53125,
20837777,native,32718661.9375,
20841158,native,44522370.061946906,
20838012,native,48048504.13265306,
20840467,native,59814736.05813953,
20837591,native,65454491.95061728,
20840966,native,68971480.1625,
20841856,native,46596802.21487603,
20837238,native,42916641.03333333,
20836372,native,35825371.67549669,
20840848,native,35281642.31884058,
20837217,native,41421098.94594595,
20839349,native,38504297.25,
20840122,native,68811440.90476191,
20840216,native,35766683.205882356,
20841743,native,51948396.24489796,
20838927,native,35002824.9,
20840398,native,33970880.27950311,
20839160,native,48327539.38181818,
20838850,native,31776138.47682119,
20838107,native,65351716.964705884,
20838966,native,47524190.699115045,
20841563,native,34860558.62698413,
20838859,native,59354028.10752688,
20841716,native,62066442.69135802,
20837369,native,39258018.35185185,
20841341,native,48091540.7311828,
20838716,native,41329401.67768595,
20841528,native,42911413.32231405,
20837029,native,33240548.733333334,
20841110,native,41910893.21138211,
20838428,native,31024509.038709678,
20841105,native,111193534.85365854,
20838529,native,20034881.995918367,
20839092,native,52159259.1875,
20839120,native,43114588.6171875,
20838934,native,33266420.826589596,
20839461,native,56121532.92473118,
20839326,native,52885868.37623762,
20839478,native,56395473.755813956,
20839618,native,27447335.95625,
20840298,native,46559270.54782609,
20839249,native,47716717.19090909,
20836091,native,75655056.75,
20836935,native,103016205.94117647,
20837967,native,39018857.56666667,
20841159,native,35328978.557971016,
20836936,native,67532802.05128205,
20840468,native,49879118.26530612,
20837778,native,50014589.82882883,
20841857,native,53475633.58064516,
20837592,native,50116801.518867925,
20838013,native,53824453.61165048,
20840967,native,37427133.9858156,
20836373,native,44994441.88,
20840849,native,7484891.721337579,
20837239,native,54451495.06451613,
20840123,native,21174132.55,
20839656,native,49380232.861386135,
20839350,native,56935831.833333336,
20840399,native,41621134.274336286,
20841744,native,44137050.74137931,
20839161,native,22814798.266968325,
20838851,native,60122877.15,
20838108,native,48646695.47,
20840217,native,47374414.008,
20841564,native,48315315.69,
20841717,native,61917578.74647887,
20838928,native,44358706.1,
20838429,native,55231218.46666667,
20837370,native,43166559.88333333,
20838717,native,34692079.8,
20838860,native,43463526.56390978,
20838967,native,40391273.49006622,
20841529,native,58220440.17204301,
20837030,native,43213241.79365079,
20841111,native,50165142.666666664,
20841342,native,59567884.699029125,
20838530,native,64835076.35714286,
20841106,native,36917559.89333333,
20838431,native,51092038.6,
20838935,native,38292598.296875,
20839121,native,51886393.78640777,
20840299,native,36388253.780487806,
20839462,native,69884703.14285715,
20839619,native,77093757.25396825,
20839479,native,32112882.757763974,
20839250,native,32511584.864516128,
20836092,native,34621471.062937066,
20839327,native,61591357.03225806,
20837265,native,59322794.34090909,
20840469,native,24823687.6686747,
20838882,native,39171065.47058824,
20841160,native,51993368.34,
20838014,native,50078144.3625,
20840400,native,36079452.77099237,
20837288,native,48437148.26126126,
20836374,native,24329589.572115384,
20841858,native,28332516.80612245,
20837779,native,34606709.458333336,
20837240,native,26701090.647959184,
20840850,native,74667533.16666667,
20840968,native,44656008.171875,
20839657,native,45369279.17272727,
20839363,native,39652228.637931034,
20840124,native,60550693.344444446,
20841745,native,40618371.91891892,
20839351,native,51462408.96116505,
20839162,native,81317529.06666666,
20838109,native,30842520.782608695,
20837300,native,34713553.797202796,
20840476,native,27107683.926136363,
20838852,native,40219332.06896552,
20841565,native,37792358.06206897,
20838430,native,29220984.73214286,
20841530,native,51540418.68181818,
20838718,native,56846617.389473684,
20838861,native,52693146.81,
20839163,native,52530877.927083336,
20838968,native,70264339.52054794,
20841343,native,56292630.988372095,
20837371,native,98343690.06666666,
20839480,native,58398420.583333336,
20841112,native,20667586.239130434,
20838531,native,61057133.11111111,
20841107,native,45692153.53719008,
20838936,native,35535696.31884058,
20839122,native,27483560.682080925,
20838432,native,38155055.04895105,
20840300,native,48906602.82524272,
20839620,native,52161965.67368421,
20839251,native,45584250.179245286,
20841390,native,46031146.62376238,
20838015,native,37423348.58015267,
20839463,native,68080548.62650603,
20838883,native,8649883.834693877,
20837266,native,47542259.88679245,
20840470,native,53325079.8019802,
20837289,native,37262926.96875,
20841161,native,31174398.959537573,
20840401,native,15574426.251445087,
20837406,native,51771787.69090909,
20841906,native,42411316.88983051,
20837780,native,35397528.81428572,
20840969,native,41501637.556521736,
20841859,native,61728915.32941177,
20837241,native,75472344.6764706,
20839364,native,41776268.0078125,
20840851,native,58634431.677777775,
20839658,native,58915245.73626374,
20839352,native,61810063.48192771,
20841746,native,37177260.32167832,
20838110,native,65368392.26923077,
20840488,native,36267154.01351351,
20837301,native,38400877.782608695,
20838578,native,10222620.870182555,
20838862,native,38010929.69090909,
20841566,native,49448954.76699029,
20838853,native,44867269.09166667,
20840863,native,63108933.8117647,
20840477,native,76764968.35616438,
20839164,native,38931675.86440678,
20838719,native,34938764.92,
20838969,native,30841500.43030303,
20841344,native,44536220.72413793,
20837372,native,33231165.346153848,
20838532,native,34335298.62411348,
20838937,native,38811650.83739837,
20841113,native,90686035.82142857,
20840857,native,92892177.60273972,
20838433,native,57019223.025,
20839481,native,36576879.28220859,
20839123,native,57388370.17582417,
20841108,native,40879910.877862595,
20840301,native,44795455.08181818,
20839252,native,30497802.09032258,
20839464,native,28324279.1372549,
20839621,native,43276866.47457627,
20838016,native,57983757.302325584,
20841391,native,51856118.00970874,
20838884,native,58585707.675,
20837267,native,28637456.19354839,
20840471,native,15297583.1880597,
20841162,native,48969208.22,
20837290,native,42093703.024,
20841907,native,40760252.20661157,
20837242,native,43323004.97959184,
20837781,native,38547695.34126984,
20840402,native,50908347.01941747,
20837407,native,26116743.616504855,
20839659,native,35897202.75,
20840970,native,30311583.039325844,
20841860,native,37575051.202797204,
20839365,native,38346783.5037594,
20838111,native,30683145.11724138,
20839353,native,57137630.02325582,
20840852,native,60661531.1882353,
20837302,native,15637771.677740864,
20840489,native,58656246.67045455,
20841747,native,54150951.93518519,
20840478,native,56020249.01282051,
20838863,native,14134442.733711049,
20838854,native,53558112.26373626,
20838579,native,65189344.6875,
20840864,native,28199479.530054644,
20841567,native,40001481.79230769,
20839165,native,27190053.229508195,
20838970,native,38742953.416,
20838720,native,56529175.10752688,
20837373,native,53570191.65934066,
20841345,native,37879393.765957445,
20841114,native,25471143.954081632,
20838533,native,75110704.69117647,
20839482,native,56698612.1,
20838938,native,43547291.73275862,
20839253,native,42372271.88679245,
20841765,native,45581359.114285715,
20839465,native,30377836.6625,
20840858,native,23236805.944206007,
20838434,native,40484049.43076923,
20838017,native,47269482.548387095,
20839124,native,50903886.594339624,
20840302,native,62702005.21590909,
20841392,native,42642107.982300885,
20838885,native,44530446.981481485,
20839622,native,53491444.7,
20840472,native,94164907.0,
20837268,native,48503115.26956522,
20841163,native,38010260.125,
20837291,native,42527540.84684685,
20837782,native,35173502.67132867,
20840403,native,89577113.35849057,
20837243,native,48832041.83809524,
20839660,native,34144700.49333333,
20841861,native,44695493.861386135,
20837408,native,64226200.7,
20841908,native,83507649.14285715,
20840971,native,56026810.04545455,
20838112,native,14013103.680555556,
20839366,native,41133055.18699187,
20840853,native,26871909.44148936,
20837303,native,48065018.99009901,
20841748,native,65220005.25714286,
20839354,native,50845319.93965517,
20840490,native,43682970.347457625,
20841568,native,43148382.1,
20839166,native,25382066.63243243,
20838864,native,83139628.05172414,
20838971,native,36122746.52542373,
20838580,native,58628863.84615385,
20838721,native,32683166.04109589,
20838855,native,68427149.07228915,
20840865,native,69044193.63855422,
20837374,native,14299493.889855072,
20840479,native,61909320.95283019,
20838534,native,31976655.25,
20841346,native,17601787.6,
20841115,native,46228014.882882886,
20838939,native,39719051.03759398,
20839125,native,36058518.328125,
20841766,native,47422301.88888889,
20840859,native,36435112.9,
20838435,native,54367032.04444444,
20838018,native,33219635.84768212,
20839483,native,52817936.55555555,
20839466,native,54238014.958333336,
20839254,native,60746979.447916664,
20841393,native,54572120.96590909,
20840303,native,35434126.23448276,
20838886,native,35361747.07692308,gas-used mismatch for 0xf22257dcabb1c9d662cc0bdfe6d01e594f2f30eebf5e47e8d17ed78ba2edc142: expected 127917 found 56972
20839623,native,32911075.212903228,
20840473,native,49589286.77419355,
20837292,native,44516231.574257426,
20841164,native,41456865.916666664,
20837244,native,49074038.675,
20837269,native,56260633.833333336,
20837783,native,41750752.54054054,
20841862,native,33073799.452054795,
20837409,native,32767674.02027027,
20839661,native,88539088.56363636,
20840404,native,45185391.95762712,
20841909,native,27960228.488764044,
20840972,native,58429775.22093023,
20839367,native,41217629.870229006,
20841749,native,30268636.181818184,
20840854,native,57649732.84615385,
20839355,native,43528667.16981132,
20837304,native,34368333.41025641,
20840491,native,38520751.48091603,
20838113,native,89566254.9090909,
20841569,native,50229555.54716981,
20839167,native,74434159.28787878,
20838865,native,31299596.44117647,
20838581,native,35095678.25874126,
20838856,native,37431936.078125,
20838972,native,40463246.75714286,
20840480,native,52482315.2,
20840866,native,26729314.663212433,
20839126,native,38209971.02830189,
20839255,native,44949315.85897436,
20838722,native,63759269.52222222,
20837375,native,68061335.09589042,
20841767,native,51678705.9,
20838535,native,55580218.30612245,
20838940,native,39820116.696,
20841116,native,47119545.333333336,
20840860,native,73896030.73846154,
20841394,native,32225464.736486487,
20838019,native,41523308.53125,
20841347,native,58721872.13333333,
20839484,native,48169080.836363636,
20839467,native,48805974.31818182,
20840304,native,37106628.09774436,
20838436,native,54704127.941747576,
20839624,native,41635153.051724136,
20838887,native,37766532.5319149,
20840474,native,41166978.14285714,
20837270,native,21882872.48768473,
20837293,native,30529430.555555556,
20837245,native,46508570.12962963,
20837784,native,27769284.21637427,
20841165,native,39000422.23571429,
20839662,native,44806463.2,
20841863,native,27756307.545454547,
20841910,native,30161317.891891893,
20840405,native,50269132.428571425,
20840973,native,46383413.0,
20837410,native,51992152.20909091,
20839368,native,40973780.783783786,
20841570,native,21307811.781420764,
20839356,native,33929282.25342466,
20840855,native,49303664.038095236,
20837305,native,62376834.82716049,
20840492,native,44930485.27927928,
20841750,native,138922420.28947368,
20838866,native,19309637.956862744,
20838114,native,56016190.98901099,
20839168,native,54537683.042105265,
20838973,native,36867148.27407408,
20840481,native,45394971.48571429,
20838582,native,31896026.128834356,
20838857,native,35435221.1686747,
20841768,native,34123349.615384616,
20838941,native,39475947.92173913,
20840867,native,95773060.94339623,
20839127,native,41242485.176923074,
20839256,native,46212105.88695652,
20841117,native,41858941.27586207,
20840861,native,26774671.22159091,
20838536,native,60219039.82716049,
20838723,native,62200710.68131868,
20837376,native,42785460.47407407,
20839485,native,36630356.46341463,
20841348,native,52332682.069767445,
20838038,native,57351318.10843374,
20838020,native,39912142.9389313,
20841395,native,37476604.72142857,
20841366,native,56711729.43181818,
20838888,native,53647608.45454545,
20840305,native,52867422.81553398,
20840475,native,62721757.5875,
20837246,native,30410422.644927535,
20837294,native,48106174.15625,
20841166,native,33218974.36923077,
20839663,native,35222177.516666666,
20839625,native,60549183.36893204,
20837271,native,26418814.92857143,
20837785,native,47316479.88181818,
20841911,native,52991628.76344086,
20841864,native,100771142.47916667,
20840974,native,39734483.16030534,
20837411,native,39784786.583333336,
20841882,native,94371505.32142857,
20839369,native,43917082.08,
20841751,native,47187123.79591837,
20837306,native,27737265.704918034,
20839357,native,44820453.53333333,
20841571,native,88825652.52459016,
20838974,native,36223116.86363637,
20839169,native,39054854.982300885,
20840856,native,42021650.78625954,
20840493,native,41426841.0703125,
20838115,native,40342358.64285714,
20838867,native,33920810.64516129,
20838583,native,20344358.495652173,
20840482,native,43202664.104761906,
20839257,native,44591912.92380952,
20841769,native,69548344.97142857,
20840868,native,38617488.05343512,
20841118,native,40440805.155172415,
20838942,native,38549815.20740741,
20839128,native,35053522.05405405,
20838858,native,72996594.32394366,
20841349,native,26193837.392045453,
20840862,native,34297375.37908497,
20838039,native,15999877.298611112,
20838724,native,41413977.671875,
20841367,native,37992011.12068965,
20838537,native,46561677.916666664,
20837377,native,42643253.616,
20841396,native,40335281.17391305,
20839486,native,59318451.217821784,
20840306,native,58377057.92941176,
20838021,native,73502963.86666666,
20837247,native,46660698.47413793,
20841753,native,43961865.928571425,
20841167,native,39485676.1953125,
20838889,native,30155131.451923076,
20837295,native,35553755.23287671,
20839626,native,32682011.50310559,
20839664,native,39097637.48251748,
20841865,native,55573523.118421055,
20837272,native,44392641.48760331,
20841912,native,49621373.26373626,
20838765,native,17419781.96641791,
20840975,native,33266910.55862069,
20837786,native,86749375.8095238,
20837412,native,45158751.5754717,
20841883,native,31887645.963636365,
20841752,native,32935326.45588235,
20838116,native,29293583.557971016,
20839170,native,48436471.22580645,
20839370,native,48583197.99099099,
20839358,native,59487208.2125,
20838868,native,42538364.55339806,
20841572,native,44200825.330434784,
20837307,native,24370461.384615384,
20840494,native,34033245.62068965,
20838975,native,82134697.62121212,
20840483,native,53004740.83516484,
20838026,native,52337051.647619046,
20838584,native,80759428.06349206,
20839258,native,36106322.830882356,
20841770,native,37422649.62222222,
20840869,native,27287395.86338798,
20839129,native,35341003.06521739,
20841368,native,45007302.11578947,
20838156,native,63947654.37179487,
20841119,native,41132935.5,
20838943,native,18206050.836177476,
20839515,native,32454795.874172185,
20838538,native,31144779.135135137,
20838725,native,46548022.472222224,
20841350,native,73649898.98630136,
20838040,native,49385133.574074075,
20841397,native,56283009.30681818,
20837378,native,20515169.133333333,
20839487,native,56447921.88888889,
20838890,native,28081729.173913043,
20840307,native,37163853.0979021,
20838022,native,40672137.9117647,
20839627,native,76201105.62068966,
20841866,native,43148488.217821784,
20841913,native,41647652.342857145,
20837248,native,21290041.830645163,
20841168,native,35744250.317567565,
20841754,native,47100521.882882886,
20837296,native,57460258.69318182,
20839665,native,46208157.5045045,
20837273,native,89306010.41509435,
20837787,native,30833501.466666665,
20837413,native,47701921.24752475,
20838766,native,79294625.54285714,
20840976,native,69995165.11842105,
20839171,native,34471597.02542373,
20839632,native,49398490.39784946,
20841884,native,61419088.7375,
20841573,native,15081461.498305084,
20838117,native,45659729.25454546,
20839359,native,48162256.14,
20839371,native,17408304.591503266,
20837308,native,62077527.12820513,
20840495,native,97328849.88,
20838869,native,33008730.96491228,
20838976,native,26667254.254054055,
20840484,native,34852704.58783784,
20838027,native,50569121.018518515,
20838585,native,45991654.33913043,
20839259,native,42157090.53097345,
20841369,native,31301758.79054054,
20838157,native,43360865.83809524,
20841771,native,55592411.86021505,
20840870,native,61185127.26506024,
20838944,native,77801115.88333334,
20839516,native,33500608.5875,
20838539,native,47643708.2264151,
20838041,native,43789194.99074074,
20839130,native,64067942.68131868,
20838726,native,27856357.297872342,
20841120,native,53429424.48648649,
20841351,native,61917683.08139535,
20841398,native,58097105.197916664,
20838023,native,28869938.74509804,
20838891,native,46938869.48514851,
20840308,native,40734682.712,
20839488,native,17878885.826625388,
20841169,native,31578113.337837838,
20841914,native,66153090.35211267,
20837249,native,58263304.666666664,
20837379,native,79734549.42253521,
20839628,native,43829278.96825397,
20841867,native,37776824.58219178,
20837297,native,34738959.19354839,
20837788,native,48723014.23655914,
20839666,native,45540755.10810811,
20841755,native,76996403.5890411,
20841885,native,191076.68383288383,
20837414,native,53103455.010752685,
20837274,native,57733288.63,
20838767,native,64982066.973684214,
20840977,native,47240714.056603774,
20839633,native,40719886.92561983,
20841574,native,70269444.07936507,
20839172,native,39264327.39864865,
20838118,native,36911350.25735294,
20839360,native,40783848.27272727,
20839372,native,50491171.885416664,
20838870,native,76476941.42857143,
20837309,native,33544443.2972973,
20840496,native,35246695.04054054,
20840485,native,88596417.30357143,
20838028,native,17804978.362068966,
20838977,native,59266606.883495145,
20840871,native,37275822.69105691,
20839260,native,30396780.905555554,
20841370,native,61717812.38554217,
20838042,native,37496367.20869565,
20838586,native,58380043.58415841,
20838158,native,31356263.92896175,
20841772,native,49327788.018181816,
20839517,native,41710229.47107438,
20838945,native,38294029.26896552,
20838540,native,42121047.65079365,
20839131,native,40441244.90243903,
20838727,native,31238305.975460123,
20841121,native,18518135.555944055,
20840309,native,36819361.358333334,
20841915,native,53717008.85526316,
20841352,native,52631614.62376238,
20838892,native,31681271.807692308,
20838024,native,65644435.32876712,
20841170,native,48165998.56666667,
20837380,native,33906420.70992366,
20837250,native,35611027.73076923,
20841868,native,17755755.644827586,
20837789,native,36442699.823529415,
20839629,native,32836922.093167704,
20837275,native,38649211.2264151,
20839489,native,86174865.55384615,
20837298,native,27326304.83163265,
20841886,native,19548895.54296875,
20838768,native,34360153.777777776,
20841399,native,81006039.66666667,
20839667,native,48192337.573913045,
20841756,native,37630554.8630137,
20841575,native,49387931.80681818,
20840978,native,63597108.8125,
20837415,native,62367955.32967033,
20839634,native,51171276.366336636,
20839361,native,11558156.137767222,
20838871,native,34339640.49230769,
20840497,native,14024111.916398713,
20838119,native,46650342.49074074,
20839173,native,41772539.696,
20839373,native,94021291.1509434,
20837310,native,29806018.261363637,
20840486,native,36180125.11029412,
20840872,native,46385362.74774775,
20841371,native,22950337.85520362,
20839261,native,39825320.115384616,
20838978,native,55885580.58252427,
20838029,native,79935560.28767124,
20838043,native,32230317.92857143,
20838946,native,47219510.85436893,
20838541,native,22652955.172093023,
20838159,native,39977561.129770994,
20841773,native,48846525.8,
20839132,native,43374673.03636364,
20838728,native,41526882.44067796,
20839518,native,53312921.3877551,
20838587,native,32848970.101123594,gas-used mismatch for 0xa88611499b0e958494fcf717d2a7e7ebd2b0f6451c4cf7e58dac4a1e46485d8c: expected 127917 found 56972
20841353,native,31837467.20547945,
20840310,native,65970429.36,
20841122,native,70732424.57746479,
20841916,native,45317286.53636364,
20837251,native,19729410.62857143,
20838025,native,51771413.145833336,
20841171,native,45142260.061946906,
20838893,native,40655805.075187966,
20837381,native,49087937.2264151,
20839490,native,47145795.96875,
20837276,native,49612923.43010753,
20841869,native,63654496.74666667,
20837299,native,43285687.44444445,
20838769,native,27203591.52601156,
20839630,native,69075838.04285714,
20841400,native,52424525.161290325,
20841887,native,86190702.98333333,
20837790,native,69115459.0,
20840979,native,41028092.13207547,
20839668,native,47529564.69421487,
20841757,native,21376386.778571427,
20839635,native,32284358.737179488,
20839362,native,60979701.7875,
20837416,native,61729285.67045455,
20839174,native,59161609.469135806,
20838120,native,42483576.24576271,
20838872,native,51258671.96,
20840498,native,25350260.619512197,
20839374,native,49846648.615384616,
20841576,native,63299666.58,
20837311,native,25831064.512820512,
20840487,native,39833009.22413793,
20840873,native,35731859.98550725,
20838947,native,35296760.73076923,
20839262,native,38695557.11764706,
20838979,native,53200521.416666664,
20838044,native,28953344.26857143,
20841372,native,89848535.7413793,
20838030,native,48380949.10377359,
20838542,native,65618624.55263158,
20839519,native,34310997.34042553,
20841774,native,34513126.406666666,
20838160,native,62411236.144578315,
20838729,native,43477781.27118644,
20839133,native,46720664.405172415,
20840311,native,50075521.07526882,
20838588,native,75530518.81428571,
20837252,native,60724949.12345679,
20841354,native,63020626.97802198,
20841123,native,73431891.63013698,
20841917,native,43046818.5234375,
20837382,native,53053881.2688172,
20841870,native,48646321.61261261,
20838894,native,49484942.46226415,
20841172,native,50522604.925925925,
20837277,native,22307158.981042653,
20839491,native,36254393.4964539,
20838554,native,41865969.772357725,
20841894,native,45223536.895652175,
20839631,native,43232922.76422764,
20841888,native,48536554.281553395,
20840980,native,22947736.65470852,
20838770,native,62755275.582417585,
20841401,native,38952040.312056735,
20837791,native,32106456.748538014,
20839636,native,28605995.73939394,
20839669,native,51165799.15789474,
20837417,native,40661857.5462963,
20841758,native,57737093.32098766,
20838873,native,32340571.25342466,
20838121,native,42917976.07272727,
20841132,native,50499641.61176471,
20839175,native,49274506.02830189,
20841953,native,53589478.13636363,
20839703,native,66694034.855421685,
20840499,native,82386530.90163934,
20841577,native,46319212.24347826,
20841929,native,37409232.7368421,
20840874,native,36376311.6328125,
20841373,native,23600265.602272727,
20838730,native,82937250.57777777,
20839263,native,52107410.29032258,
20838543,native,48278851.98901099,
20838045,native,63216976.192307696,
20838031,native,37121796.082706764,
20838980,native,43933208.93333333,
20838161,native,31538145.912162162,
20839520,native,40479378.0,
20838948,native,79428453.64285715,
20838566,native,43114989.6509434,
20839134,native,56995557.43209877,
20838589,native,41167087.31858407,
20841775,native,62954761.56626506,
20837383,native,43572806.34736842,
20841871,native,32663789.931034483,
20841355,native,48264536.01941747,
20841124,native,61492476.09876543,
20841918,native,51839765.99029126,
20837253,native,56026710.86,
20838895,native,24544848.01357466,
20838555,native,33520246.63043478,
20837278,native,52793602.41,
20841173,native,40561810.19310345,
20839492,native,38497459.65,
20841895,native,52308110.34736842,
20838900,native,39903278.6097561,
20838771,native,42058074.45,
20841889,native,28333872.05319149,
20837792,native,89033996.6,
20841402,native,34866943.78807947,
20839670,native,49001976.44144144,
20840981,native,61430958.59375,
20837418,native,37633368.15172414,
20839637,native,81035121.81428571,
20841954,native,48880634.854166664,
20841759,native,73766125.30666667,
20839704,native,57927383.461538464,
20839176,native,58099239.564705886,
20838874,native,41501696.822222225,
20838122,native,39867586.76470588,
20841133,native,43617769.291666664,
20841578,native,41333752.85123967,
20838897,native,47166861.13513514,
20841930,native,37709100.717391305,
20837259,native,29472690.095238097,
20841374,native,64431920.743589744,
20838544,native,43022888.35185185,
20838046,native,52142289.53409091,
20839135,native,40308193.14414415,
20838162,native,32980006.569536425,
20839264,native,38513240.84827586,
20838949,native,43703648.017699115,
20838731,native,56845959.3490566,
20838032,native,53215481.699029125,
20838981,native,13857633.557692308,
20838567,native,45162911.0661157,
20837384,native,39059416.13846154,
20839521,native,33266903.722222224,
20838590,native,45253790.858333334,
20841776,native,76021093.10958904,
20841872,native,39902527.65625,
20841356,native,23973224.564814813,
20838896,native,53264165.0,
20837254,native,32175661.248447206,
20841919,native,18402245.166666668,
20838556,native,39278436.11904762,
20841125,native,46985427.76521739,
20841174,native,35168390.74074074,
20837279,native,47098189.03636364,
20841896,native,46200518.50943396,
20839493,native,46312378.333333336,
20838772,native,57735892.469879515,
20839638,native,37264571.783783786,
20838901,native,34588334.7283237,
20841890,native,74732404.27692308,
20841403,native,84009361.89285715,
20839671,native,37782094.90243903,
20840982,native,65725626.88235294,
20838123,native,34197616.666666664,
20839705,native,33375149.835714284,
20837793,native,33083629.670588236,
20837419,native,39440376.323076926,
20841760,native,48791195.32038835,
20841955,native,44651947.301724136,
20839177,native,48227399.64285714,
20841134,native,15003339.78978979,
20838898,native,35763971.28461538,
20838875,native,45056212.72173913,
20841579,native,43574708.31818182,
20841931,native,28306244.9947644,
20838545,native,51646030.76923077,
20837260,native,53026129.72277228,
20841375,native,34737851.66891892,
20838163,native,45982777.2,
20838047,native,29069669.886363637,
20839136,native,48031911.12264151,
20838950,native,18506645.525,
20838568,native,22391996.455399062,
20838732,native,25555853.71212121,
20838982,native,97198241.06521739,
20838591,native,37185236.8828125,
20839522,native,58498768.86419753,
20837385,native,73927038.64615385,
20839265,native,52773485.10619469,
20838033,native,56243526.97959184,
20841126,native,43234317.36893204,
20841777,native,59146119.82954545,
20841873,native,58001057.30588235,
20841357,native,53827111.30612245,
20841920,native,72238092.01538461,
20839538,native,36362525.872180454,
20837280,native,46827446.217821784,
20841897,native,44497481.82882883,
20841175,native,49624320.40776699,
20838557,native,58438889.14285714,
20839494,native,22430857.0893617,
20837255,native,25072260.086419754,
20839639,native,15630210.107843136,
20838773,native,35552063.50684932,
20839706,native,36237356.47407407,
20841404,native,48231260.25454546,
20838124,native,45413999.68141593,
20837420,native,45148689.66990291,
20841956,native,97175374.32608695,
20837794,native,21260494.992094863,
20838902,native,67621955.66666667,
20839178,native,52221240.05,
20841891,native,61708833.04,
20841761,native,40197548.071428575,
20839672,native,63910885.51485149,
20838899,native,50411659.90740741,
20841580,native,38531708.20714286,
20838876,native,40118710.46428572,
20840983,native,82059860.675,
20841135,native,85843587.53030303,
20841932,native,71771707.6969697,
20837261,native,42854878.86734694,
20838546,native,42710422.79245283,
20838164,native,47808603.5,
20838048,native,40786337.45762712,
20841376,native,69079803.69863014,
20839137,native,43933522.52542373,
20839266,native,40747053.66019417,
20837386,native,25699139.594285715,
20838569,native,59990695.09876543,
20838733,native,36599844.12142857,
20838951,native,77387484.35294117,
20838983,native,46810220.55238095,
20839523,native,36323085.93478261,
20838592,native,46802337.069565214,
20841127,native,44165025.16037736,
20841358,native,46126686.908163264,
20838034,native,69616621.225,
20837281,native,57292379.23076923,
20841176,native,41306390.945454545,
20841874,native,50381895.845454544,
20841898,native,44536574.765765764,
20839539,native,40714507.8962963,
20839495,native,49237885.06122449,
20838558,native,56006555.27906977,
20841921,native,46620925.10569106,
20841778,native,54012602.333333336,
20838774,native,53538957.06666667,
20837256,native,74864888.73972602,
20837421,native,82758691.05454545,
20841405,native,42396825.50434782,
20839640,native,78553196.63013698,
20838125,native,63143690.38823529,
20838903,native,22307677.671296295,
20841892,native,44107576.36893204,
20841957,native,43558367.10169491,
20837795,native,69768754.04225352,
20837453,native,38168929.35344828,
20841762,native,61079763.19178082,
20839707,native,44458006.65441176,
20841581,native,38697441.72173913,
20841136,native,47277158.913978495,
20839673,native,65886801.03947368,
20837262,native,36482738.666666664,
20840984,native,51682864.18947368,
20839179,native,73910765.0,
20838877,native,40354644.28888889,
20841377,native,38014255.24074074,
20838165,native,52370521.80681818,
20841933,native,50074986.20754717,
20838547,native,33452921.97515528,
20838049,native,38915809.86231884,
20839267,native,20036581.01793722,
20838984,native,37579078.112068966,
20838952,native,33663368.96875,
20837387,native,44118270.63636363,
20839138,native,37167649.42028985,
20838570,native,53932720.795698926,
20839524,native,38120368.9632353,
20838734,native,36767913.12162162,
20841128,native,47505557.6952381,
20838593,native,24042417.927966103,
20841359,native,40996168.28455284,
20841177,native,54632937.775,
20837282,native,31480906.19354839,
20838035,native,47917440.472222224,
20841899,native,56539171.45348837,
20841779,native,40062538.23966942,
20839540,native,49918293.5945946,
20841875,native,51003697.54782609,
20838559,native,53857711.99,
20839496,native,84580044.22727273,
20838775,native,40446490.205882356,
20839641,native,42888607.76415094,
20841922,native,53027607.23478261,
20837257,native,44998145.536,
20837422,native,15647660.023188407,
20839674,native,16228774.228571428,
20838126,native,27411179.295081966,
20837796,native,34848587.72142857,
20838904,native,45468844.06363636,
20841406,native,48664266.85123967,
20841958,native,71013480.43661971,
20841893,native,45946548.594827585,
20837454,native,34593720.15686274,
20841763,native,13772418.322164949,
20841137,native,55302913.95294118,
20841582,native,40712769.15873016,
20837263,native,52914315.11578947,
20840985,native,32181336.9375,
20838878,native,24570263.495,
20841934,native,38399985.53719008,
20839708,native,52934909.902654864,
20838166,native,77385755.3,
20841378,native,64324822.373333335,
20839180,native,22857625.423728812,
20838548,native,52780059.72,
20838132,native,36363463.896,
20838985,native,45657930.63106796,
20838050,native,40086932.02898551,
20839139,native,48391330.04,
20838571,native,45087003.699115045,
20837388,native,37333055.62913907,
20839268,native,75259848.2625,
20839525,native,49716367.21818182,
20838735,native,89368903.61666666,
20841129,native,55760553.291666664,
20841360,native,45525305.477876104,
20838594,native,58964889.166666664,
20839541,native,36222622.39655172,
20838036,native,69986683.79487179,
20841178,native,39327070.58108108,
20837283,native,79673030.2112676,
20841900,native,50147889.98095238,
20841876,native,45122985.076271184,
20841780,native,40733656.03424658,
20839497,native,56249387.77419355,
20838560,native,32235529.781914894,
20841923,native,86608844.39655173,
20838776,native,53367776.138613865,
20837797,native,35466569.15625,
20838127,native,29295459.381818183,
20839642,native,36995586.23225807,
20841407,native,28016591.319018405,
20837258,native,55244403.87368421,
20838905,native,22936992.445887446,
20841583,native,44526534.70909091,
20841764,native,58333703.10843374,
20837423,native,63145452.64444444,
20838551,native,65753699.05263158,
20841138,native,41656050.352,
20839675,native,90872172.92063493,
20837455,native,40119952.9389313,
20841959,native,51313160.017699115,
20838879,native,33018612.348387096,
20840986,native,38152039.20289855,
20839181,native,59368549.618421055,
20838167,native,39015194.15789474,
20839709,native,77925888.16666667,
20841379,native,44770182.59130435,
20837264,native,24049019.5,
20841935,native,49281149.95867769,
20838133,native,17239290.800687287,
20838549,native,38740172.22580645,
20838051,native,38688026.42962963,
20837389,native,38691560.14655172,
20838986,native,45123758.14285714,
20838736,native,31330106.406504065,
20841879,native,68909754.08219178,
20838572,native,43469392.05833333,
20839526,native,24122561.597014926,
20839269,native,44925595.95,
20841130,native,37719461.46875,
20838595,native,34155589.48630137,
20841361,native,43220137.184,
20841179,native,41467794.50434782,
20838037,native,60880137.37037037,
20839542,native,38326896.470198676,
20841877,native,63211894.2,
20838561,native,22407431.0,
20841901,native,48392761.84347826,
20838777,native,37829203.36521739,
20839498,native,28230048.982954547,
20837284,native,51053632.747826084,
20841924,native,33582930.40441176,
20838128,native,33353243.87218045,
20839643,native,38813721.04132231,
20841788,native,41339564.48648649,
20841781,native,67309656.16049382,
20837798,native,59851227.95454545,
20841584,native,38993826.0862069,
20841408,native,86239563.96825397,gas-used mismatch for 0x0743c1657fa27602316032c71e2348555b3bc9014eaba081c1b1768545cc6abe: expected 110817 found 56972
20841139,native,46848178.54,
20837429,native,56938410.81318682,
20841880,native,40255626.765625,
20841960,native,42099632.42727273,
20838168,native,43040684.12244898,
20837424,native,59858400.01098901,
20839182,native,44401046.52380952,
20840987,native,57425658.32941177,
20837456,native,52556123.276190475,
20838552,native,50213037.423728816,
20839710,native,16234346.55948553,
20839676,native,41500818.83916084,
20838880,native,69490586.2236842,
20841936,native,35964217.46875,
20837394,native,57302923.20879121,
20841380,native,33996780.31612903,
20837390,native,41515120.0,
20838987,native,49281742.894117646,
20838052,native,15453419.099041533,
20838601,native,43480127.672413796,
20839270,native,52337274.74074074,
20838550,native,49333254.88333333,
20838737,native,48775108.520325206,
20839527,native,58290183.07954545,
20838134,native,101706581.58571428,
20838573,native,58389066.633663364,
20839550,native,22768434.757894736,
20841131,native,68836508.52054794,
20838596,native,77673428.22222222,
20841362,native,42727306.49565218,
20841180,native,38430014.127819546,
20839543,native,40941918.38888889,
20838778,native,45593690.723809525,
20841925,native,32036560.75,
20837285,native,35152477.426470585,
20841878,native,49254538.845454544,
20838562,native,72857330.85915492,
20841782,native,34108422.9453125,
20841902,native,56921644.614583336,
20838129,native,49770410.69811321,
20839644,native,55994618.11363637,
20839499,native,49646978.9338843,
20841789,native,49782152.35454545,
20841585,native,61462081.4939759,
20841409,native,21509416.890243903,
20837799,native,34524259.666666664,
20837828,native,43289686.550847456,
20837425,native,17574499.63043478,
20841961,native,61867126.88888889,
20841140,native,41419558.683823526,
20841881,native,32613798.2748538,
20838169,native,37463246.13986014,
20837430,native,66455542.4117647,
20840988,native,48051350.08181818,
20837457,native,63794173.26744186,
20839183,native,50326104.911504425,
20839677,native,44696709.9137931,
20838553,native,61880196.47674418,
20839711,native,90138522.81818181,
20837395,native,36521656.34042553,
20838881,native,38374072.862068966,
20841381,native,39902411.76153846,
20841937,native,63031276.361445785,
20838053,native,57985726.41975309,
20838738,native,21010714.56111111,
20837391,native,42440574.61111111,
20838988,native,44807246.80991735,
20839528,native,39806722.68,
20839679,native,48881278.98863637,
20838602,native,44683464.083333336,
20838597,native,16557097.080769232,
20839271,native,43665922.428571425,
20838574,native,46135625.82178218,
20839275,native,38181186.4,
20838135,native,38492939.2734375,
20841181,native,44987876.684210524,
20839551,native,50019599.20909091,
20839544,native,55318008.37209302,
20838779,native,39330153.94444445,
20841783,native,40359489.48760331,
20841363,native,42962935.03333333,
20841927,native,46301676.04504505,
20839645,native,39910534.982300885,
20841926,native,77733553.54411764,
20841903,native,44931253.12173913,
20841790,native,65177718.15151515,
20838130,native,55992973.666666664,
20838563,native,61157707.13978495,
20839500,native,46858115.66019417,
20837286,native,54110152.46017699,
20837829,native,21096697.05284553,
20841962,native,56150212.69411765,
20837800,native,47055225.654867254,
20839650,native,44240175.518181816,
20840989,native,57551620.0,
20837431,native,46951293.45631068,
20841586,native,198588340.85714287,
20837426,native,21774965.42745098,
20839678,native,35768643.333333336,
20838170,native,52164412.62857143,
20841141,native,45538913.82113821,
20841410,native,65740930.052083336,
20841938,native,12437981.83,
20837458,native,42702363.368,
20839184,native,42480176.73809524,
20841382,native,31964276.432748538,
20841015,native,76327503.23943663,
20839712,native,40742087.15942029,
20838054,native,37029569.344,
20838989,native,36693733.36,
20837396,native,50544451.95762712,
20839680,native,8801586.415329767,
20837392,native,92152175.98113208,
20838739,native,38488406.65734266,
20841601,native,61480179.28703704,
20839529,native,42719166.69172932,
20838603,native,41284079.9609375,
20839272,native,36491637.16551724,
20838598,native,89980654.18181819,
20839276,native,45514808.44144144,
20838575,native,37051588.01351351,
20838136,native,57936051.376344085,
20839545,native,31899016.045161292,
20839552,native,48265530.225225225,
20841182,native,46455981.6984127,
20838780,native,52364595.56,
20841364,native,33017724.012903225,
20838131,native,48026110.75,
20841784,native,39992096.7,
20841928,native,49707113.594339624,
20841904,native,56545881.24705882,
20839646,native,65060674.511627905,
20841791,native,49283415.18446602,
20839501,native,31198316.939393938,
20837287,native,44131585.12173913,
20838741,native,64897123.406593405,
20841963,native,37390545.80991735,
20838564,native,94022546.4137931,
20837801,native,27828576.023809522,
20841587,native,39078383.3553719,
20837432,native,60503716.82716049,
20840990,native,41028134.512,
20839651,native,12607668.80141844,
20837427,native,71951269.0,
20838171,native,47686368.99009901,
20837830,native,76454816.06849316,
20841142,native,49267695.62264151,
20837400,native,44861670.11904762,
20841383,native,48758422.072916664,
20839185,native,32909090.518987343,
20837459,native,56236859.56666667,
20841411,native,53063560.51,
20838740,native,70225766.38,
20841016,native,34424596.23717949,
20839713,native,47412115.927927926,
20837397,native,61230891.32530121,
20838990,native,52871684.79591837,
20841939,native,99417286.25,
20838055,native,43157557.71111111,
20837393,native,34565520.49673203,
20839681,native,78583121.96721311,
20839530,native,48281636.22105263,
20841602,native,36510943.9020979,
20839546,native,17584198.691666666,
20838599,native,36746453.801470585,
20839277,native,45738870.06306306,
20838604,native,62655833.13978495,
20838576,native,54055539.82105263,
20839273,native,55333030.942857146,
20838137,native,40514045.2406015,
20841183,native,50702192.352380954,
20839553,native,48364223.46551724,
20841941,native,49936255.307692304,
20838781,native,39077317.27659574,
20841365,native,66256416.6617647,
20841905,native,38588790.75,
20841964,native,36260699.63809524,
20839647,native,37600091.92561983,
20841792,native,27844984.138554215,
20839502,native,59231926.70512821,
20839186,native,20303229.280701753,
20838742,native,37585857.19491526,
20841940,native,46778855.56666667,
20841785,native,57000502.475728154,
20841588,native,55245583.39759036,
20838565,native,45509580.775,
20840991,native,44551654.88181818,
20837802,native,42713903.05072464,
20838172,native,36177628.625,
20837433,native,41316813.099236645,
20837831,native,30043056.286549706,
20838600,native,35458816.461538464,
20841384,native,50892044.12087912,
20839652,native,75521347.64383562,
20841143,native,55307980.38636363,
20837398,native,45381391.44444445,
20837460,native,36293899.81118881,
20841412,native,36971068.4,
20837401,native,76572137.50684932,
20837441,native,38563222.89705882,
20839531,native,20443453.322274882,
20839682,native,21955203.755,
20837428,native,44860537.88,
20838991,native,36460306.93478261,
20839714,native,30398191.835227273,
20838056,native,30814866.748466257,
20837851,native,50395208.86363637,
20841017,native,59621985.61386139,
20839547,native,58219330.464788735,
20841603,native,50508606.32631579,
20841976,native,62394141.5,
20838605,native,46867617.6,
20838577,native,36581071.60869565,
20839278,native,37674340.43150685,
20838138,native,44344092.91509434,
20841184,native,45041564.35643564,
20839274,native,77718558.27692308,
20839554,native,32040404.95104895,
20841800,native,25110371.687747035,
20841942,native,37262485.28,
20838743,native,46835127.345679015,
20838782,native,56094038.035294116,
20838144,native,51856537.715789475,
20837403,native,39447575.36296296,
20839648,native,54672765.55913979,
20841965,native,62876597.28395062,
20841786,native,59756885.24285714,
20839649,native,38128924.61788618,
20839503,native,42558355.06896552,
20841387,native,61362294.35526316,
20841793,native,38094679.62162162,
20837402,native,52399232.025641024,
20840992,native,45444359.89108911,
20837435,native,33100608.313559324,
20837803,native,37902694.728,
20841589,native,55996017.85436893,
20837434,native,38742500.348148145,
20838173,native,41536716.1484375,
20839653,native,36039173.39849624,
20841413,native,14558824.177777778,
20841385,native,37952096.84558824,
20837461,native,61842462.042253524,
20837832,native,27275059.088669952,
20837399,native,33817183.29801325,
20841144,native,48385519.2037037,
20837839,native,52632967.73863637,
20837442,native,34794201.26351351,
20837852,native,49419008.472527474,
20838992,native,36155560.45390071,
20839715,native,54759299.14736842,
20841947,native,29021017.916230366,
20839683,native,76950239.98571429,
20841018,native,59829686.56790123,
20839532,native,78094180.8,
20839548,native,74570654.67692308,
20838057,native,49965315.56198347,
20841604,native,54869345.45714286,
20838606,native,50791221.541666664,
20839555,native,59562585.95454545,
20841988,native,93430768.6,
20841977,native,67634706.45555556,
20839279,native,60732961.061728396,
20838139,native,55701761.71287129,
20841966,native,46348556.2962963,
20838994,native,50991559.53333333,
20838783,native,38838933.690476194,
20841185,native,70096348.45,
20838744,native,41017319.54471545,
20838145,native,23037799.677884616,
20841613,native,38188287.75,
20841801,native,87853739.13333334,
20837438,native,38206456.155172415,
20839504,native,58193504.60493827,
20837404,native,48832986.74074074,
20841943,native,69370590.53846154,
20841787,native,39505505.96376812,
20840993,native,64068311.14285714,
20841794,native,45581071.34166667,
20841590,native,38010623.74576271,
20841388,native,54721162.87826087,
20837804,native,40084804.92063492,
20837436,native,60751266.50537635,
20837833,native,70119139.91666667,
20839280,native,46865826.347826086,
20841386,native,32341427.581699345,
20838174,native,39889469.51908397,
20839556,native,53605347.05940594,
20841414,native,69906313.08571428,
20837437,native,38026261.0546875,
20839654,native,61631276.60227273,
20841145,native,45774913.66981132,
20837462,native,30580073.087431695,
20837443,native,25387631.87894737,
20837853,native,35811547.14814815,
20839684,native,31087400.853146855,
20837840,native,81359196.36065574,
20839716,native,53495437.18181818,
20838993,native,39770073.256,
20838058,native,39488992.91262136,
20839549,native,32768756.02739726,
20841019,native,45936781.37142857,
20839533,native,51909420.84158416,
20841605,native,49586601.16483516,
20838607,native,35669741.98571429,
20841948,native,82564093.33802816,
20841619,native,50470397.63106796,
20841978,native,33629664.44444445,
20837836,native,49755321.416666664,
20841967,native,45355490.37142857,
20841989,native,50890287.6173913,
20838140,native,47627185.69811321,
20838995,native,47410024.62135922,
20841186,native,25274564.790816326,
20838784,native,39445994.5,
20838745,native,35175093.4,
20839505,native,51581385.240963854,
20841802,native,32297067.412903227,
20838146,native,50231793.07920792,
20837439,native,57150960.68604651,
20841614,native,38872365.61594203,
20841944,native,44237517.75454546,
20841982,native,56733994.0131579,
20837405,native,41457155.861788616,
20840994,native,35257268.2,
20841795,native,33918834.50675676,
20837834,native,28005607.608108107,
20841389,native,38945887.05833333,
20841203,native,31722816.114285715,
20841591,native,53480029.77,
20837805,native,42709416.94166667,
20841425,native,31767727.816993464,
20839655,native,35316438.96240602,
20841146,native,41129638.50442478,
20839557,native,35856185.52447552,
20838613,native,38936932.57251909,
20841415,native,64950650.184210524,
20837463,native,48366239.37037037,
20838175,native,46520989.81666667,
20837854,native,41646910.415254235,
20837816,native,10164347.216161616,
20837444,native,70337884.0,
20839717,native,36200067.96,
20839534,native,39833001.99074074,
20839685,native,59605712.916666664,
20837841,native,25978544.685840707,
20841607,native,41498424.464,
20838059,native,29358472.85483871,
20841020,native,47104793.330434784,
20841606,native,47633156.68181818,
20838608,native,37771212.125,
20837837,native,32732784.679738563,
20841949,native,41127259.04964539,
20838996,native,37313721.25423729,
20841979,native,69365817.56,
20841187,native,39229293.44166667,
20838141,native,36688874.79432624,
20841968,native,43350855.575,
20839506,native,36307367.43846154,
20838785,native,56800163.27272727,
20841990,native,77072441.41176471,
20841620,native,82160640.64383562,
20838147,native,38791114.0,
20838746,native,51642269.74285714,
20841803,native,57155567.21505377,
20841226,native,37493559.03125,
20837440,native,44222160.80991735,
20840995,native,36034198.63414634,
20841615,native,38574556.38356164,
20841945,native,45228045.425,
20841983,native,44078728.696,
20841204,native,49906189.75,
20837835,native,49248410.166666664,
20841796,native,56580639.733333334,
20841994,native,59065644.42352941,
20841592,native,26182728.18918919,
20837806,native,48946018.11578947,
20838614,native,54930798.4,
20841426,native,62906481.13333333,
20839558,native,35844226.73913044,
20841147,native,47408692.08108108,
20839691,native,41370280.392592594,
20841416,native,40848772.2,
20837855,native,21145215.904564314,
20837445,native,44686704.733333334,
20837817,native,71754456.98484848,
20839718,native,50739981.14736842,
20837464,native,49237395.64347826,
20839535,native,59283714.5375,
20838060,native,53075900.469879515,
20837842,native,56710247.76923077,
20839686,native,257503.06978996738,
20838176,native,49893394.4661017,
20841608,native,45349826.179245286,
20841419,native,31155356.55900621,
20838609,native,58240670.85555556,
20841980,native,38760106.79310345,
20841021,native,44985146.88148148,
20837838,native,39320830.75206611,
20841950,native,57998991.65116279,
20838997,native,82587631.0,
20838142,native,43716143.074074075,
20841621,native,21572781.95305164,
20841969,native,41540501.93495935,
20841991,native,53255990.483516484,
20838786,native,43612447.46666667,
20841804,native,12267085.726342712,
20838148,native,76974548.31746031,
20839507,native,64114227.58024691,
20838747,native,29067099.05263158,
20841188,native,43632991.30136986,
20838203,native,38247324.842857145,
20841227,native,48391882.07272727,
20841616,native,58034834.12790698,
20841984,native,34409637.31724138,
20840996,native,21752766.247058824,
20841946,native,73956445.01515152,
20838610,native,40032494.1796875,
20841205,native,30197456.40909091,
20841593,native,46357394.089108914,
20841797,native,43902440.74137931,
20837807,native,61149210.1875,
20838615,native,30348042.64457831,
20841995,native,63308021.02222222,
20839692,native,50146031.88888889,
20841427,native,57935368.85555556,
20839559,native,53856469.59,
20841148,native,44300109.075,
20839719,native,56082323.81481481,
20841417,native,51254487.49,
20839536,native,34486804.86666667,
20838061,native,42798328.15044248,
20837856,native,67676373.35526316,
20837843,native,23068509.443438914,
20837818,native,30705323.633333333,
20837465,native,35753013.95333333,
20839687,native,60525721.225,
20837446,native,42230510.927536234,
20841609,native,46819016.15315315,
20841420,native,44576014.27118644,
20838177,native,61479712.10526316,
20841981,native,11840955.678899083,
20838619,native,43454636.541666664,
20837476,native,47508385.10810811,
20841951,native,33241324.87837838,
20841022,native,62585541.481481485,
20838143,native,34248595.48951049,
20841622,native,76013562.48484848,
20838998,native,82834241.6969697,
20841992,native,38527671.526315786,
20839508,native,33608069.634482756,
20841805,native,46171462.46296296,
20838748,native,64526794.92957746,
20841970,native,48493640.66942149,
20841617,native,35323235.60144927,
20838149,native,31628017.784946237,
20841986,native,42456493.99099099,
20838204,native,32652171.39375,
20841228,native,53135095.22580645,
20841985,native,50770106.7,
20838787,native,59851291.31132075,
20840997,native,54024874.71875,
20841798,native,47249255.572916664,
20841189,native,51033645.144067794,
20841594,native,52470951.85555556,
20841206,native,34890280.36986301,
20838611,native,51216514.34,
20838616,native,20629660.61061947,
20837808,native,45239281.628318585,
20839693,native,27343352.01875,
20841996,native,33672740.510344826,
20839560,native,34941506.461538464,
20841428,native,44038522.765765764,
20841149,native,38152004.03333333,
20839537,native,43155152.55555555,
20839720,native,31560944.63870968,
20841418,native,32372025.378205128,
20837819,native,31533594.04109589,
20837857,native,33312595.006666668,
20837447,native,44970883.24752475,
20839509,native,44301039.72173913,
20837844,native,50364787.8877551,
20841610,native,37821655.06015038,
20837466,native,50064114.87962963,
20839688,native,81318960.39393939,
20841023,native,40695458.06122449,
20841421,native,42739643.594827585,
20838178,native,59765104.538461536,
20841987,native,12433350.90070922,
20838999,native,35574224.60869565,
20837477,native,28776083.300578035,
20838620,native,45239207.946902655,
20841993,native,34330517.05932204,
20841952,native,60918719.361445785,
20841623,native,20495734.6798419,
20841973,native,47626820.27826087,
20841806,native,28344603.723756906,
20841238,native,34012294.40833333,
20841971,native,62114227.44736842,
20838749,native,33910242.179487176,
20838612,native,43164702.57251909,
20838150,native,56795417.03703704,
20838205,native,38679481.890625,
20841190,native,33151684.61068702,
20841229,native,41606389.82926829,
20841618,native,33190731.55952381,
20838788,native,49641362.66990291,
20841809,native,50173428.31896552,
20840998,native,76562937.9090909,
20837845,native,34382505.80821918,
20841799,native,36307584.1,
20841997,native,45629414.927083336,
20841207,native,63458492.09876543,
20838617,native,67476228.46575342,
20837809,native,26909996.610810813,
20839694,native,50569733.5,
20841595,native,96704456.25454545,
20839561,native,37423354.676691726,
20841150,native,40576073.769911505,
20841429,native,40407336.38016529,
20838179,native,41151097.46296296,
20839721,native,39342802.20869565,
20838226,native,54919890.7,
20837820,native,21581113.553097345,
20837858,native,34113056.903703704,
20837448,native,38566658.02307692,
20838214,native,45661405.72727273,
20841611,native,41970995.06363636,
20839510,native,40768577.50381679,
20837467,native,35235410.67132867,
20839689,native,42854485.74166667,
20841422,native,53296114.53763441,
20841232,native,63254191.36986301,
20839690,native,50197514.8,
20841024,native,61958522.92222222,
20841235,native,33255540.172413792,
20837478,native,35061865.9858156,
20839726,native,63130817.13580247,
20841153,native,47614689.654320985,
20841972,native,47713710.8372093,
20841624,native,46808410.344,
20841974,native,35152726.73287671,
20838621,native,37282208.93063584,
20841239,native,45859559.51304348,
20840999,native,48014884.957746476,
20838750,native,39013453.86666667,
20841230,native,34030561.66,
20841191,native,35044659.88356164,
20838151,native,43474463.6504065,
20839695,native,37275139.43877551,
20838206,native,33988727.26993865,
20841807,native,93325884.1904762,
20841151,native,39236480.84057971,
20841208,native,25750525.916666668,
20838789,native,45763627.06666667,
20841810,native,41160285.2,
20838618,native,44612302.53703704,
20838208,native,31302948.17647059,
20841998,native,39196164.666666664,
20837846,native,44923628.2890625,
20841596,native,34680451.7124183,
20841236,native,37286330.15384615,
20837810,native,69374381.65060242,
20841430,native,43847297.35344828,
20839722,native,39006632.29230769,
20841154,native,46076662.698275864,
20838180,native,48297694.0990991,
20837821,native,71250980.46969697,
20837859,native,36524417.38518518,
20838227,native,51796129.77669903,
20837449,native,25638177.594871797,
20838215,native,31519411.19607843,
20839511,native,44856907.55238095,
20841612,native,40285688.666666664,
20837468,native,42636391.094827585,
20841233,native,12531131.583333334,
20838211,native,43777375.833333336,
20841423,native,59341723.145833336,
20841025,native,43407784.61157025,
20837479,native,60668208.98795181,
20841999,native,53560158.81904762,
20837813,native,32466840.15625,
20839727,native,47073861.33913043,
20841811,native,36721276.874125876,
20838207,native,37991080.2890625,
20841975,native,73172156.13846155,
20838751,native,32912493.65185185,
20838622,native,47209105.88495575,
20841000,native,46193624.053097345,
20841240,native,42258449.390625,
20841192,native,21616163.70638298,
20838152,native,47922184.06603774,
20839696,native,37347546.72058824,
20841808,native,39635723.81746032,
20841231,native,30364291.255681816,
20841152,native,41746110.84347826,
20838790,native,44272223.80188679,
20841431,native,41558914.87826087,
20838623,native,32187370.57419355,
20841209,native,39452206.04615384,
20838209,native,61545151.1,
20838624,native,38909238.55725191,
20841597,native,17451096.860714287,
20837811,native,42225078.17117117,
20837847,native,13622770.429648241,
20841237,native,37002510.06015038,
20841244,native,50465603.510204084,
20839723,native,49139996.97,
20841155,native,33897060.07692308,
20837822,native,25392689.440414507,
20838181,native,39997210.1953125,
20838228,native,27445370.52840909,
20838216,native,36027562.615384616,
20837860,native,40100293.74045801,
20837450,native,54766792.22727273,
20837469,native,51525181.47674418,
20837488,native,31833560.8313253,
20839512,native,43310045.78861789,
20838212,native,34576094.65441176,
20841234,native,42811235.87804878,
20837480,native,52960369.61290322,
20841197,native,30814380.68125,
20841424,native,44205663.34920635,
20841026,native,47793727.28695652,
20837814,native,61820882.98765432,
20839728,native,16573787.21893491,
20838752,native,30269128.133333333,
20837825,native,39114707.666666664,
20839724,native,58635384.16842105,
20841241,native,35875705.781954885,
20838153,native,20274326.773755655,
20841598,native,59440927.96703297,
20841001,native,42485192.68103448,
20839697,native,40127207.051851854,
20841432,native,32648903.29032258,
20841210,native,34484881.573426574,
20841193,native,77464862.07042253,
20837451,native,39416981.45689655,
20841200,native,21796601.213178296,
20838791,native,38109222.37588652,
20837494,native,48528993.276190475,
20838210,native,33905863.62580645,
20837812,native,30895776.839743588,
20837823,native,35509350.69178082,
20837861,native,22682917.87134503,
20837863,native,55553813.10666667,
20837848,native,79663116.33333333,
20837815,native,45253902.820754714,
20841242,native,63275739.602564104,
20838182,native,40845797.252173916,
20841247,native,68479130.1025641,
20841245,native,49717379.10185185,
20838229,native,55734506.705882356,
20838217,native,38173087.951219514,
20837452,native,58388161.78823529,
20838753,native,63132747.602564104,
20839513,native,17851492.666666668,
20837489,native,50074605.37735849,
20837470,native,44703572.0,
20837491,native,31493605.32051282,
20838213,native,31344189.91411043,
20837482,native,31333460.636363637,
20837485,native,34821263.04958678,
20837481,native,38246474.578125,
20841198,native,38771050.62698413,
20841027,native,49699700.3963964,
20841214,native,54219052.166666664,
20839729,native,76064417.4923077,
20837826,native,36175637.503496505,
20841002,native,43099773.266666666,
20839725,native,34797023.36666667,
20838154,native,52629796.95555556,
20841599,native,45475637.345454544,
20838800,native,46040032.55,
20841433,native,44606861.666666664,
20841194,native,34076018.87586207,
20837495,native,71586519.6,
20838792,native,39187764.728,
20838191,native,31824620.487341773,
20841201,native,81654325.93650794,
20839698,native,47176605.59504132,
20841220,native,29518121.349726778,
20841211,native,90711327.45,
20841223,native,55784872.36263736,
20837864,native,29508235.512048192,
20837862,native,65118172.56,
20841243,native,33803425.16891892,
20841195,native,18112428.704861112,
20837849,native,36883370.76428571,
20838183,native,38979354.4296875,
20837824,native,80442680.29230769,
20841248,native,40709545.99173554,
20841246,native,31266549.505882353,
20841202,native,41217201.68965517,
20838230,native,65784880.8125,
20838218,native,57463393.14736842,
20837471,native,32454206.52142857,
20838754,native,45113786.90082645,
20839514,native,82673688.70689656,
20837490,native,32720058.006535947,
20841003,native,43848038.6446281,
20837483,native,41642524.844827585,
20837486,native,30458721.913043477,
20837492,native,31344888.45962733,
20841199,native,30405772.02484472,
20841196,native,73215655.60273972,
20841221,native,38014234.73287671,
20841215,native,43843053.67326733,
20837827,native,38911381.3203125,
20838197,native,33215125.106666666,
20841028,native,46973861.44715447,
20841600,native,40723323.138211384,
20838155,native,13915340.425974026,
20839730,native,38637834.28,
20838801,native,52686402.010204084,
20841217,native,57864650.22772277,
20841434,native,46564182.699029125,
20838793,native,42182919.274336286,
20841216,native,45281346.80909091,
20838192,native,26568833.403061226,
20837496,native,53616397.31632653,
20839738,native,54387085.277777776,
20839732,native,32905420.807692308,
20841009,native,37651257.37931035,
20841224,native,34417867.75714286,
20839744,native,44826724.01941747,
20837850,native,40539812.04545455,
20839699,native,38710991.27659574,
20837865,native,45510066.88679245,
20841212,native,55152319.631578945,
20841213,native,15419517.86984127,
20837497,native,21875394.514893617,
20838794,native,28797599.44848485,
20838231,native,37613198.84,
20841249,native,34280970.0443038,
20837498,native,35209729.114285715,
20838219,native,42624397.690265484,
20838184,native,44433356.41984733,
20838755,native,37105748.46341463,
20838797,native,86533753.6031746,
20837472,native,11564961.313043479,
20841225,native,42103087.592920355,
20839741,native,77517540.32786885,
20841004,native,51921246.0,
20837493,native,39629145.66942149,
20837487,native,37840421.801470585,
20837869,native,40942228.15447155,
20837484,native,53371892.55555555,
20838238,native,40781353.53719008,
20837473,native,70284842.8235294,
20838198,native,29663231.76608187,
20838200,native,53775751.582417585,
20838802,native,28037415.006060608,
20841222,native,95690667.93939394,
20839735,native,31113327.288235296,
20839731,native,68915730.08450705,
20841218,native,28424744.06741573,
20841435,native,38992536.08396947,
20841029,native,60353049.33663366,
20838795,native,47442792.0990991,
20839739,native,33299184.528571427,
20838193,native,58916546.0989011,
20838232,native,50681270.00952381,
20837866,native,59198181.010204084,
20838194,native,61525834.946666665,
20839700,native,46695049.11320755,
20841010,native,43283749.041666664,
20839745,native,37418626.87857143,
20839733,native,35120356.51282051,
20841436,native,22564935.436734695,
20839740,native,18754361.196551725,
20838195,native,34721166.666666664,
20837499,native,39497969.22608696,
20837867,native,51995864.279661015,
20837872,native,51704284.99056604,
20837474,native,77230383.07142857,
20838759,native,61761181.55555555,
20838798,native,42853629.647619046,
20838185,native,47898644.1509434,
20838756,native,40609653.80991735,
20839701,native,48986433.63736264,
20838220,native,40449146.34246575,
20838806,native,80256974.90666667,
20839742,native,67194219.91428572,
20841005,native,47300672.39823009,
20837475,native,73368892.5909091,
20837870,native,46473367.836363636,
20841006,native,40809355.94067796,
20841012,native,50049799.63,
20838223,native,72594993.61764705,
20838196,native,47818272.061946906,
20838239,native,58172201.79120879,
20839747,native,80541947.44615385,
20838804,native,3910674.6619246863,
20838803,native,37924979.62307692,
20838199,native,30482671.58426966,
20838757,native,56225239.15384615,
20841219,native,48787641.161290325,
20839736,native,48842590.675925925,
20838805,native,47831670.31818182,
20838201,native,39374910.074324325,
20841007,native,56754184.358024694,
20838796,native,31421001.257142857,
20838762,native,30976520.369863015,
20841011,native,36850731.176470585,
20841030,native,45032970.33898305,
20838799,native,59885927.21590909,
20838758,native,28326477.93037975,
20841013,native,43686353.16981132,
20839746,native,18093916.021582734,
20838233,native,36804794.22666667,
20839737,native,40770468.12698413,
20837873,native,36572451.64661654,
20838760,native,33566944.2060606,
20838809,native,35989413.3037037,
20837871,native,35998557.35333333,
20839734,native,76127550.16176471,
20838236,native,39600121.34259259,
20838244,native,49316728.42,
20839748,native,49096629.051020406,
20838186,native,34527290.957446806,
20838235,native,31895034.87647059,
20838202,native,38171857.0234375,
20841038,native,61948822.927083336,
20839702,native,22246213.489361703,
20841050,native,54758413.54285714,
20837868,native,39022282.87096774,
20839743,native,29874909.204819277,
20838807,native,31580267.813664597,
20839749,native,31194573.636363637,
20838221,native,35656902.0,
20838241,native,31522529.790849674,
20838224,native,37684097.71666667,
20838247,native,34791311.64827586,
20838240,native,54323340.18681318,
20838808,native,61565953.56818182,
20838243,native,22643165.855769232,
20841032,native,53934557.4537037,
20838763,native,57371329.4625,
20838242,native,43803508.2578125,
20838761,native,43557645.83898305,
20841031,native,52070062.268518515,
20838234,native,35204160.39772727,
20837874,native,54717521.81132075,
20838222,native,27241216.307692308,
20838188,native,34181346.4,
20838225,native,45311283.0990991,
20838764,native,49518550.698275864,
20841036,native,45586769.18018018,
20841033,native,39669751.129770994,
20841008,native,59440900.25263158,
20838810,native,47082610.37301587,
20841034,native,49853916.93181818,
20841014,native,17069892.59047619,
20838189,native,14461571.640198512,
20838245,native,37718739.368,
20841035,native,58873548.17204301,
20841041,native,27993697.44117647,
20838248,native,17013259.166112956,
20838246,native,33651375.14666667,
20838811,native,18137942.93624161,
20838187,native,62034973.67741936,
20841044,native,42402076.8220339,
20838249,native,56458557.01111111,
20838190,native,45519089.95698924,
20841056,native,30617691.58778626,
20841046,native,17678154.145631067,
20841059,native,38529385.58,
20838237,native,44622626.2972973,
20841039,native,30254547.82442748,
20841048,native,29333212.44137931,
20841043,native,43462901.13253012,
20841051,native,36779930.80582524,
20841042,native,43858444.05555555,
20841047,native,66129653.6,
20841045,native,40662658.68571428,
20841057,native,30405740.01724138,
20841049,native,59013233.38095238,
20841040,native,32324584.950413223,
20841053,native,37006823.45263158,
20841052,native,46566886.303030305,
20841060,native,10563874.107843136,
20841037,native,26118517.609375,
20841058,native,42123344.51764706,
20841054,native,23229368.453125,
20841055,native,27318410.694214877,
20841061,native,37378414.11764706,
20839375,aot,43138677.63,gas-used mismatch for 0x1b5b620452dc108497d65754d45040f024cb0321a8b12e3aaf9f58e013ef16de: expected 803731 found 565624
20837875,aot,39087785.654867254,
20839094,aot,65685238.763636366,
20841812,aot,51922058.174418606,
20836750,aot,36498179.45652174,gas-used mismatch for 0x3552d9e0e2b10883f118ea13722995b0fd3fcdb7bf486ef1015ea4f8e6a70b69: expected 380701 found 95868
20839095,aot,43633663.736363634,gas-used mismatch for 0x6d1e5a1433022332d1f5754966542043addb2c5a05f8672adb954f909d8b2981: expected 240770 found 188918
20841437,aot,30898470.09202454,gas-used mismatch for 0x41f618d7a19c09a39af2d8fa5f435be02f56fffb57e5e364df3fe964dc9896dd: expected 127917 found 56972
20839750,aot,12404229.96875,
20839000,aot,12198399.441314554,
20839093,aot,25568681.88205128,
20836163,aot,76465154.03636363,
20841625,aot,54993166.12345679,
20839116,aot,78411903.74545455,
20838437,aot,27015703.794871796,gas-used mismatch for 0xb42d3f6091ee00a81aada0bfa1c65556d0d356ff736a5b6abaf95e19fe4a9c97: expected 326671 found 369979
20841296,aot,28864302.421348315,
20836375,aot,77046418.7735849,
20840687,aot,47053320.763636366,gas-used mismatch for 0x08f47f1c0be293ea3fac2d421daed57f00dff852bdfbaa0a2e4772bd417834bb: expected 491586 found 95868
20840546,aot,59317168.3125,gas-used mismatch for 0xfb84d54adbaa21b88a073815156fef33289199ec5fd313708c436e4d04bfcad0: expected 335107 found 95916
20841250,aot,41445471.54545455,
20839122,aot,26123734.39800995,
20836116,aot,61086004.88636363,gas-used mismatch for 0xf25e1a8d7606e8dda86b3b508563c82333f181e4f2fc0be71f608d38e13c2f77: expected 640251 found 97523
20836187,aot,27652650.404145077,
20836093,aot,55286946.55294117,
20838250,aot,37942943.69503546,
20841343,aot,43940827.51239669,
20836000,aot,41052755.69565217,gas-used mismatch for 0xc3b25ba14f3aa852d34e738bd2884ad40f5d07685f1c4ba70d455bb6f2cc5dde: expected 112434 found 75185
20841366,aot,57378605.838709675,
20837500,aot,37649447.96666667,gas-used mismatch for 0x4f08a87fe22a3848da8e82877e5d3d9078579284869a00d9860d34da15339b8e: expected 143896 found 77373
20841390,aot,45191647.21875,gas-used mismatch for 0xdd742a9ce5b182f4bcdfeabe01ecabfe1fafa5dc005a50d8a5626a8f4c63c840: expected 266939 found 219649
20840500,aot,65224009.41025641,
20840875,aot,38063863.16083916,
20839163,aot,49928867.06363636,
20836140,aot,35799628.34939759,gas-used mismatch for 0x0a7e37a48ac6e56d3d8a2a933f51779733dd7aeb15650a0b9271aa8bc51f0bb7: expected 484642 found 454516
20839187,aot,89637272.16923077,gas-used mismatch for 0x680b1f232ee26fabe36acead6743a20c729cdfdff20275a8418f2b759213ab9a: expected 277745 found 153935
20839104,aot,44196361.676923074,
20839281,aot,54193075.78095238,gas-used mismatch for 0xb3a769a7462011c7c159e6269059f9acbd58fc6c3091f533f11d2f78fee129d2: expected 411436 found 104845
20839140,aot,39450023.36986301,
20839125,aot,37708276.16875,gas-used mismatch for 0x13643d6cfe6f439a36fb76ddd1b56a746807213fa775617fa0baaa1df2c3c3a7: expected 330239 found 289745
20841718,aot,52871268.14782609,gas-used mismatch for 0x8ff70cbb1bd586a67a726a1b5827eb67064e6a7fa0619e360562dce666314fe8: expected 1162309 found 710159
20838625,aot,58231115.48,
20839098,aot,62552324.435294114,
20840523,aot,39781206.99333333,
20839468,aot,42080274.95104895,
20839128,aot,36687012.93939394,
20839562,aot,53424298.018518515,
20840125,aot,31099825.689655174,
20840593,aot,48665706.676923074,gas-used mismatch for 0x7b3672e55ace5b220317731420fe276ff21bbbf947def9b5fec6675792ea8a95: expected 460643 found 104841
20838812,aot,97840446.95,gas-used mismatch for 0xd48b7213dec89f1708d7f8bb03bf942f7c0c1290abb3ba5465bbfabb259f0545: expected 187025 found 81810
20839101,aot,38597481.32038835,
20836188,aot,34995988.42727273,
20839376,aot,46005955.72972973,
20836376,aot,45535494.989795916,
20836164,aot,44321843.666666664,gas-used mismatch for 0x71396fb77cd8f8eed1d458db6a28ced18ab30b3704c331abc19c4a9bb61ec1ab: expected 182830 found 157089
20841719,aot,18680056.480769232,
20839751,aot,93510365.42,gas-used mismatch for 0x177f540d8a2e516338059752cc3bebaf6a5e2b0e1b043fdd0fed740fa37f19f6: expected 277745 found 153935
20839096,aot,22815040.40909091,
20837876,aot,32271577.029239766,gas-used mismatch for 0xee8455682449b3d9efa9c73ce1a36dd456c37ed4e520e3efddd6fa859e3b023c: expected 277745 found 153935
20838438,aot,52323449.694736846,gas-used mismatch for 0x060738a77a62eaf9e6659bc477d1f5c899040032f11a7ca4184eb7eb3fe21414: expected 201401 found 81762
20841813,aot,39934181.953125,
20841626,aot,55819237.41860465,
20836001,aot,56532823.21794872,
20841438,aot,78626764.5,gas-used mismatch for 0xacc86eb13120cd161d847fc39a5827ef6eeb9849f37c34f94449636f0dc97837: expected 391842 found 314826
20839105,aot,44949176.36734694,
20839117,aot,35987651.32876712,gas-used mismatch for 0x100068bc9432a69bd2b0a13f09eea9c5203af6cecaff0536b2d5af575026e826: expected 325664 found 267761
20839164,aot,38233343.03478261,
20839001,aot,49715064.7735849,
20841354,aot,62168221.325581394,gas-used mismatch for 0xa35ebdac14a862adbd6360203dddbb26e87fa51a7f277853d362a71c6be133e3: expected 264055 found 215866
20839141,aot,46314596.8,
20841297,aot,44660085.76271187,
20836751,aot,36227654.33986928,
20840547,aot,28761353.0,
20840688,aot,51462526.80582524,gas-used mismatch for 0x7da712b6d2e0c77b04e79b275e25201458fcfcea8043b1f79921194746b09662: expected 361965 found 302997
20836117,aot,42720757.08130081,gas-used mismatch for 0x5f57846b4823e7d1730190d5675f5f9a37cd91e8e64fe00fddba3b0bab9208bf: expected 267053 found 242551
20839188,aot,43767373.97272728,
20841251,aot,30354261.31111111,
20839123,aot,63923570.906976745,
20840524,aot,45424362.60194175,gas-used mismatch for 0x809354a995487923ed10165f71c66516ff0526fd40d5e35254ae502c55b3db84: expected 420327 found 96715
20838626,aot,75441094.06153846,gas-used mismatch for 0xd48accf777019d6836dda7869242c410b00b93cdb9022f96d03d85f84c524471: expected 200891 found 81738
20837501,aot,23778773.504385963,
20841367,aot,40478566.67175572,
20839282,aot,52095953.79591837,
20839469,aot,60008056.625,
20840501,aot,53587423.428571425,gas-used mismatch for 0x98b107f74f2020738ad0ac55a6a6b0d597ade13ac67e375cbe1f2f5eed296c55: expected 252103 found 209785
20836094,aot,56204538.18,gas-used mismatch for 0x6191c9e3974a0d8353c86e19c6074fdb428f97b8a24a25764cebbf9a55b13885: expected 845276 found 338416
20839563,aot,29247469.75595238,gas-used mismatch for 0x54027c4ef375a5e40de9b700d36458f17026a3aa773ed42e85ec414857262cb0: expected 277745 found 153935
20841344,aot,45811714.733333334,gas-used mismatch for 0xa390bc1ef8973787ce9750882daa0fdfd7132b7d391517db1946b676fad05061: expected 473403 found 104835
20840126,aot,92582239.50980392,gas-used mismatch for 0xa2cc8bf2262137ae21882af4116baeae5c2d42913385307ca842af6637c6c7ca: expected 715306 found 338690
20839129,aot,32872589.503311258,
20836141,aot,41554301.59541985,gas-used mismatch for 0x332c640c9953b0240d2ca65721fd7241f02dd99926d1eec49f4b66b60947868f: expected 255368 found 240510
20840876,aot,63519408.24705882,
20838251,aot,24185598.585365854,
20840594,aot,31296961.26993865,
20838813,aot,33638336.49668874,
20839126,aot,42716809.48529412,
20841391,aot,56973530.50925926,
20839099,aot,31333184.968421053,
20839102,aot,42010881.6627907,
20836189,aot,40966693.067961164,gas-used mismatch for 0xae137d6b7b922d8be5a88408fe06048e9407278986061cc0d2b431fb8f738b6f: expected 1817046 found 1465231
20836377,aot,35052294.3495935,
20839097,aot,80024842.83636364,gas-used mismatch for 0xe604791ae6c35589eb628a9b2440538394c7665fc886862cf4d7c0584abaaf0a: expected 605890 found 593566
20839752,aot,34268847.13333333,
20841298,aot,45731327.95294118,
20838439,aot,46394548.30612245,gas-used mismatch for 0x22ff9251e20c2752686a8818fead5fed9a26bab0d77a97f8eca089c42d19fce4: expected 126615 found 84755
20836752,aot,49595434.08139535,gas-used mismatch for 0xcb09353ab035b79fb246c1ff5b83a02a5866ab4d4f78c2ee7674e973256bf1c4: expected 668024 found 96877
20839377,aot,46150879.29310345,
20841627,aot,30290946.243589744,
20837877,aot,46938054.8877551,
20841439,aot,42562414.96396396,
20839002,aot,22504225.831818182,
20841814,aot,26753501.328205127,
20839142,aot,40459887.1,gas-used mismatch for 0x2d37b5f06d107a0f0c2af42ba1129add83d59b66b51daec79c76d5698d2ef65a: expected 266951 found 219661
20841368,aot,51899000.20930233,gas-used mismatch for 0x045df68b6c8319a79319c7ec6c6e2d2dc1ba4515da4fd200c577af71dbb153eb: expected 402135 found 95880
20836165,aot,21899324.875457875,
20840689,aot,20818377.215447154,
20839118,aot,52488550.0990099,
20839283,aot,35395240.347826086,gas-used mismatch for 0x97cabf265786b341cd5ed251fc0c80e242ab08609f2508b61191b1388b763cdf: expected 681564 found 570325
20838627,aot,33546562.925675675,gas-used mismatch for 0x8e03502ff282414a01a6e3ed36afad53b044b521f0e1aee845a24bbb2c5e0d66: expected 274472 found 238355
20840548,aot,69026611.65333334,gas-used mismatch for 0x05b599fc00bb0cad8f38555bf58e540d4edfc56066b3a7a976876ec142124920: expected 983101 found 335306
20839106,aot,54848945.5631068,gas-used mismatch for 0x484e36eb08ada2ef5f11a65822994dc4ea0cf654d9bb0eec73fdb33d6fa4e125: expected 340512 found 299863
20839165,aot,28668503.28,
20836118,aot,53331771.732673265,
20841345,aot,35702640.0141844,
20841252,aot,67627233.10958904,
20836002,aot,56809328.31132075,
20836095,aot,41536123.52380952,
20839130,aot,56748700.6,gas-used mismatch for 0x3612c969bb43e5c85225b539561d64c8540d5de27f581e47cae3617d38a4fc63: expected 252850 found 238290
20840502,aot,37971705.321428575,
20841720,aot,70820364.8235294,
20839189,aot,46111500.91735537,
20840877,aot,46715953.81132075,
20839470,aot,31126930.595375724,
20838252,aot,47422931.281553395,
20839564,aot,33128361.222891565,
20840525,aot,40290339.50714286,
20840127,aot,52843272.352380954,gas-used mismatch for 0xea8cec6ffd14094c6004e492d130ad3c0f85eedb947c5df655907ac68bff073d: expected 285978 found 238345
20838814,aot,45763808.03636364,gas-used mismatch for 0x332432e67b64807e0c325e877b06c825e4c3ea9c83b5b584f3a2401d80a652da: expected 680337 found 538624
20837502,aot,73863871.77333333,
20839100,aot,43605229.28828829,
20841355,aot,54772565.442477874,gas-used mismatch for 0x9cedef09d80d4661f5266963f78f01ce357c29a8b1c9814dc69d1b9b35ca2b78: expected 385268 found 95868
20841392,aot,41967081.22881356,
20839124,aot,51620397.45,gas-used mismatch for 0xa0877752da1b8fcd7ff504037d7faef4b0cee86a20c5c16dbe78087022a01b90: expected 152867 found 85518
20836142,aot,41442879.135714285,gas-used mismatch for 0x53d64a4c10deb5ddd6ad271ad5ad20a69855b886e9af1a5dc0c1bf5dcf6430c3: expected 274926 found 238184
20839127,aot,46779724.652173914,
20840595,aot,60101562.6344086,
20839103,aot,59011934.87654321,
20838440,aot,38582956.65740741,gas-used mismatch for 0xc3c322e65490ea1d0e5c9d5153976a6bfd387686f0641e6387335fcfc73700f4: expected 365779 found 306110
20836378,aot,48617371.690265484,
20836190,aot,102320349.79245283,
20837878,aot,34211367.39726027,
20839284,aot,40725116.58415841,gas-used mismatch for 0x106cc96144402dcf35b178be9c55216bd8943aff50c4a3abe1d4cfdbe20a38ae: expected 277745 found 153935
20839378,aot,34544627.838709675,
20839471,aot,59602243.827586204,
20839143,aot,48328947.24489796,gas-used mismatch for 0x69420c1b7e89f66d18cb7f46665029ee7d737eda4a232c6be3ba17123164c550: expected 744281 found 199091
20836753,aot,36430910.86092715,
20839753,aot,41086818.64285714,
20841628,aot,53922980.02040816,
20836166,aot,48245791.34375,
20836175,aot,46790110.19736842,gas-used mismatch for 0xfe0d8f2f332c85290c7e972300af546b74875c095dc89545fc07c056e0088918: expected 775688 found 182219
20841369,aot,38371473.87407407,
20841721,aot,44733761.88421053,
20838718,aot,62896851.02857143,
20836119,aot,54751387.36046512,gas-used mismatch for 0xc396691887e030ce6e14e00886e5ba97a61df3b05d9bfaceb57e9af61282b5b8: expected 347723 found 99005
20838628,aot,43765640.06896552,gas-used mismatch for 0x035df833154a237439d1a9694eea4a6cd56a802703c62926b2dd150a2fb32fb6: expected 367558 found 308502
20841815,aot,72114681.87179486,gas-used mismatch for 0xb4d2760fc02feb245d8a3cbda2d8afb2388cb05c9e17e75c7468e40f107ac3d8: expected 796947 found 172529
20841299,aot,86306047.69014084,
20840503,aot,52005219.44705883,
20841440,aot,46574049.70769231,gas-used mismatch for 0xdb36bbabc65d662d024fc3ca6d853cf8f36e98757e8b2e283ed03fb873a5b5b3: expected 322803 found 95880
20839565,aot,46441718.479166664,
20836143,aot,33091170.837398373,
20839107,aot,37346939.942857146,
20840690,aot,79871718.84126984,
20840526,aot,44777798.3,
20838815,aot,25061522.266666666,
20839119,aot,42135216.152671754,gas-used mismatch for 0x870945ddcd2c1538800b2f2fb472d4525357b33171c4bcc7dcdc5b82bd0e5471: expected 235978 found 80072
20839166,aot,26849132.045918368,
20836096,aot,47944070.23469388,
20841253,aot,9827944.690114068,gas-used mismatch for 0x46cb3269412980bd5dc26bc501bc3acd7e126f3def7e7ae01af1b2545847eed1: expected 345532 found 95880
20841356,aot,23207122.994736843,
20839003,aot,80858714.06849316,
20838253,aot,29718305.509090908,
20841346,aot,20495803.259398498,
20836003,aot,53521445.26,gas-used mismatch for 0x0c1165c1bd45b00fec5960e5a074830c758af0005b9b36865b3f479e219f4129: expected 512508 found 502588
20840549,aot,48271005.78333333,
20841393,aot,55638171.95604396,
20836562,aot,22782171.536796536,
20837687,aot,45528285.231481485,
20840128,aot,45070772.04,gas-used mismatch for 0x727466359118024a863775fc83cb3495440f074b39d0a71c51f12b160ce8d894: expected 901105 found 614502
20839131,aot,49064533.32231405,gas-used mismatch for 0x16de0783b22498d44454b49b3c49fa4240d3200fc2e20a4902606069922dfd33: expected 370745 found 175092
20840596,aot,53983343.81632653,gas-used mismatch for 0x2d4bf3cd07d6714ae0dc7bddff7c0b1b58c5da07baf60e09f6df2af1aa35de9b: expected 489495 found 107042
20837503,aot,48818671.25384615,gas-used mismatch for 0xdc42be968f8f3230c589112325b46023d7391d9a0c1911e01e669372e6671206: expected 255159 found 240462
20840878,aot,20228811.764367815,
20839190,aot,40160652.05847953,
20840781,aot,65310095.538461536,gas-used mismatch for 0xe3de671d07412b198e01df4e8ed682cca7271e1a80fe10a8eb8950679977780e: expected 272438 found 239139
20841370,aot,52773498.08196721,gas-used mismatch for 0x36021c8c7c73b3af8a420d5b5823e42116371ebc49d2144fad457f2a49b55983: expected 910422 found 265585
20836176,aot,20672269.25625,
20838441,aot,41445151.43846154,
20836754,aot,54384691.4,
20839285,aot,48394631.22580645,
20836379,aot,44900724.376,
20840504,aot,58825409.61971831,gas-used mismatch for 0x0dd44692af77cac46f6c4285b30e8829bf6f1b3b2392a920769e0198059b068c: expected 359817 found 107139
20841300,aot,39627687.60377359,
20837879,aot,41476341.2265625,
20836120,aot,42836771.8019802,gas-used mismatch for 0x222f708c54ec72e65cd7fda91bfc2755b0e2bf503ef9ab0fdabfb3d8935af053: expected 371551 found 350750
20839144,aot,44254184.387931034,
20838254,aot,36767792.25,
20840691,aot,30975172.37142857,gas-used mismatch for 0xc6072f8606b9a4601814b7de5533caad8070b111b8e2caa8a29862b795364e92: expected 1235399 found 1133838
20836191,aot,18676654.047923323,
20841629,aot,57648026.39534884,gas-used mismatch for 0xc345e18c1fe48c5b85220bf5f09735aef71ebb22c1abd5c94dd6136bb32e87f7: expected 307602 found 95868
20839472,aot,93010682.94642857,
20838719,aot,33600926.81560284,gas-used mismatch for 0xb53915f68fe707ecc581418970509f38b6c11dfd39152e7860437ed7eba70a80: expected 588797 found 428104
20841816,aot,40592090.24347826,
20836097,aot,49134551.266666666,
20839379,aot,53343241.64864865,gas-used mismatch for 0x5091ebca4facb16ff574a1fc82bf1f8307f4a5aaaf3416a24d3dcc4b6fcd6d58: expected 242273 found 107544
20838816,aot,66336880.8382353,gas-used mismatch for 0x3357bd6494685ca868320a6ad7abc99d030cf5101e9f7191b368bfd3a92a4c51: expected 570891 found 94716
20841357,aot,59210587.85526316,gas-used mismatch for 0xb33172c867079b8fe54eb0358f4b2c4c1dfed45bb14f43cfd25b02410555c100: expected 379061 found 104845
20841722,aot,82172695.60655738,gas-used mismatch for 0x00d4b732d9642a8cab6f1859c998375d188d93cbd4d878c2fb8259e96e5973e2: expected 377392 found 303004
20836167,aot,52157397.90740741,
20840527,aot,41859791.76271187,
20836144,aot,30938682.042424243,
20839120,aot,47728400.666666664,gas-used mismatch for 0x4bb0258c1434e9407dc60c9d464ccaa26a39a3f0e53978b487eeb9d3e861fc96: expected 394330 found 298392
20839754,aot,58726315.25714286,
20840550,aot,79204590.13793103,gas-used mismatch for 0x27d2723dd7c8063d623087da0902297b8fe10ec752dea94f913b0571cd30148b: expected 282545 found 153935
20836563,aot,54286456.125,
20839167,aot,95058156.86792453,
20839566,aot,44802845.64285714,
20841441,aot,50117282.486725666,
20839108,aot,63535988.3372093,
20840129,aot,44798762.91509434,gas-used mismatch for 0x9ff102682c1058c0a1e4db0ee07f5d6d2848cf18a463f05ad3dafbe2395eb471: expected 643982 found 394962
20841394,aot,32465010.76821192,gas-used mismatch for 0x76a62e14fbca494fa67eab6e0baf0376d7bb5e8e30becf4fbd935b1a79e96031: expected 329782 found 289721
20838629,aot,44456356.31851852,gas-used mismatch for 0xb0eb881734f9111b4d6e18d9580c3e7251ec508cb53c5f02fcedda7b2b016f13: expected 656233 found 418569
20841347,aot,65439338.96296296,gas-used mismatch for 0xd34f796961ad5bc8dce0d6f6cc2467c4950e0f119f66fc1340075a0d2c7fa3dd: expected 196103 found 81750
20839004,aot,60384987.86021505,gas-used mismatch for 0xfdb0fe7bf94022a2b6f2fea58ce75d285c4a5e633db66578332fc07e2c6920ee: expected 480806 found 496027
20837688,aot,52876156.37755102,gas-used mismatch for 0x9fe77e56f6c5ead43fb2650276bca1de63a351c567b413c5130b27d03ca1a2a5: expected 337235 found 293699
20837504,aot,29491105.152941175,
20839132,aot,45832839.95,
20836004,aot,48110317.808823526,
20840597,aot,39464335.120567374,
20841254,aot,113581179.01724137,
20840879,aot,71283348.64,
20839191,aot,66371291.65882353,gas-used mismatch for 0x68dea7dd5b3ab127210809dfb385042a659af289683af689d9427b57921ca690: expected 305691 found 95868
20840782,aot,49273105.71287129,
20836177,aot,46089990.66019417,gas-used mismatch for 0x568271e7d2a693e3c92c2a1f63c6115e4a33b6dc4496b634d291634d18556e7b: expected 282266 found 95940
20841371,aot,22684490.195348836,
20839145,aot,58670952.67605634,gas-used mismatch for 0x62f818225b231350abf11df1d3012b6eed03fa6224be1fad3b7ca70c66eb70a9: expected 264517 found 242515
20838442,aot,73510167.23684211,gas-used mismatch for 0xddd95e9b2b0db802b71fe2e3bb0a90f19f6c6bd902197a3f452c1f498d0657b5: expected 391704 found 95868
20839473,aot,66807012.81967213,
20840505,aot,50256606.04081633,gas-used mismatch for 0xac4b0e1623004298ed646ffe9794e307c7e311e5f55822ee89ae07e8ec240c0e: expected 407902 found 96902
20836168,aot,40717008.71428572,
20838817,aot,33961782.99206349,
20840528,aot,73436301.63793103,gas-used mismatch for 0x9b08238e1aaa24e691b1e8a22661625a69fa74cd103669dfe1c5131fa520bb5f: expected 282533 found 153923
20839286,aot,30305190.687179487,
20841630,aot,39950508.959349595,
20838255,aot,12946026.065375302,
20836564,aot,50488555.828947365,
20841301,aot,62734377.37647059,gas-used mismatch for 0x1eaa2ebca0780a00c593c1311a58479ec992773e71def30b44a54a1c4d561cc5: expected 153996 found 135424
20840551,aot,43196829.916666664,
20836755,aot,40404399.088607594,
20836121,aot,49256499.86111111,
20839755,aot,47579436.91111111,gas-used mismatch for 0xcac631e63a31da320e64591f42d838aea56010486cc027019caf71c0de61d2cd: expected 819370 found 105510
20837880,aot,73856202.88571429,
20836145,aot,5125.112316575564,
20840692,aot,129595169.62790698,gas-used mismatch for 0x8da4be062d87c42c153d1c62e32f42ace7d01c1800e481e58c18b7bf13f86ba7: expected 289067 found 255026
20836098,aot,54006844.1632653,
20839168,aot,55995262.98765432,
20838630,aot,55714567.05128205,
20836380,aot,85218301.39436619,gas-used mismatch for 0xc99499ef6e1e7c8dc409bcff45341f28c86a388b9e95b5cd2cf802693160cd96: expected 366031 found 306362
20841395,aot,32604448.785185184,
20838720,aot,54414495.00925926,
20841723,aot,40098178.13235294,
20841348,aot,62940095.7368421,gas-used mismatch for 0xbbdc0a2b1470513994faa9b4fc1db0785d1807b9c03b9cfcfba4f9757db17743: expected 545553 found 371886
20841442,aot,41716201.1779661,gas-used mismatch for 0x75c23d3fcba5e8b7892e8118dea6ab8828c261afd8b174e036b3cf1eb891dab2: expected 2691250 found 132481
20841817,aot,48737710.57936508,
20841358,aot,55192680.123809524,gas-used mismatch for 0x42d4cae357e057a7949f833aa2e251073d3ef739f37b57d128c64c22fe48e921: expected 277745 found 153935
20840130,aot,61112775.87209302,gas-used mismatch for 0x9c5d189e35469ac77b4d7462b001f7a2e6fc463a3171b4acf7211574c70ad1fa: expected 263104 found 245813
20839567,aot,58305852.720430106,gas-used mismatch for 0xe20a784eed71fb0b28aa6377aebb04a7380b811107f09d206b5edffa5f3d7e28: expected 277745 found 153935
20839109,aot,46329483.38938053,
20839121,aot,75285922.06410256,
20837689,aot,47493226.836363636,
20836005,aot,57947586.64,
20839380,aot,51162909.92366412,
20840598,aot,25529237.220994476,gas-used mismatch for 0x6d790d15e7608deae95b050867505dc4d0c47204e82d7fefea207372236e02a2: expected 277745 found 153935
20840880,aot,70676999.10714285,gas-used mismatch for 0x16e9c7265387bcfbf2aaeaf864a47152781a88c88718d02cb7edccea7e951a9b: expected 500777 found 486189
20841255,aot,46515318.125,
20836192,aot,92092574.01234567,
20839005,aot,61130056.0,
20837505,aot,51462580.65740741,
20839133,aot,52815568.66336634,
20839192,aot,36734890.21935484,
20840783,aot,47262711.68468469,
20836178,aot,37565590.9609375,
20841372,aot,100781675.24444444,
20841302,aot,19521191.78918919,
20838443,aot,38801800.725,
20836169,aot,51218133.02150538,
20839474,aot,31355067.083333332,
20836565,aot,33795638.15942029,
20840693,aot,29802953.135135137,
20839146,aot,46267526.05691057,
20838631,aot,57382581.01470588,
20839756,aot,39948253.375,
20838721,aot,32110736.608,
20836381,aot,43717131.60204082,
20840506,aot,61501390.52272727,
20840552,aot,39066611.533834584,gas-used mismatch for 0x7b1c42b64b894fb5dc0c02a0e4b649e7b96c6da9a1d5d2abe76f019391f8beec: expected 216926 found 206886
20839287,aot,77947591.1111111,gas-used mismatch for 0x426e0e6c1a59eedb5715c8250c63b544b384c40768b7e85fe2255c06105f6b52: expected 442967 found 383977
20841396,aot,52662889.13580247,
20836122,aot,30773892.50877193,
20839381,aot,40428655.825581394,gas-used mismatch for 0x8796497d0984a12caff7d4263afe2416e32d4f2978a287221c353af1d98c5960: expected 277745 found 153935
20841724,aot,44969615.33009709,gas-used mismatch for 0xc37ce92d5d19b6d1457a51081a60ad4f6cf2a2d6b33bee0463093aed75af8c67: expected 1344634 found 842830
20836756,aot,47303012.47826087,
20838818,aot,79401015.51315789,
20838256,aot,59882756.631578945,
20841818,aot,5186268.946448088,
20837881,aot,43384287.07936508,
20841359,aot,37173402.8984375,
20840529,aot,49166766.3984375,
20836146,aot,126252592.5,
20840828,aot,31978801.449275363,
20841349,aot,30945132.89473684,
20839110,aot,31413775.701986756,gas-used mismatch for 0xdac062e7ab40cfaf9ad858ab4105cb9af1f0ba93e28b77d25f0adbd0d4f14f0e: expected 254598 found 193924
20836099,aot,43350567.65413534,gas-used mismatch for 0x8dfbde13e1dadb652f65d2ebd851248954e53c3f0b556fd6646e3e02dbcb56e1: expected 989405 found 984726
20840881,aot,44361316.63736264,
20837506,aot,56763828.666666664,gas-used mismatch for 0x220ae5ffa490e607cd6ab0b4da9a11bcd6bac69ca805d75d80d0a411342204c4: expected 255183 found 240486
20840131,aot,70237900.58823529,gas-used mismatch for 0x92d055dc0adc41d3ad944a2d1595674bc78f7796a31245f5b621a36b8e8fc31f: expected 1437999 found 632573
20841443,aot,50800515.495145634,
20839568,aot,48391215.67272727,gas-used mismatch for 0x141dd0a468d412e85031058fc4bc908c27c6efee1ee6d1f7b8f2c2896f8bf3ec: expected 277745 found 153935
20841631,aot,70095672.94174758,
20839169,aot,54300085.7,
20836006,aot,40486346.65625,
20836193,aot,42318645.89814815,
20839006,aot,34331689.84931507,
20841256,aot,100005644.88235295,gas-used mismatch for 0x74ada09ab9e01ff4437bbfadb01d9f9f9dbfd0489fb63a07fdb29431ac34a073: expected 894497 found 870896
20839134,aot,75961752.32307692,
20837690,aot,74858154.95454545,gas-used mismatch for 0xfcd600e717333b332d75a082bad216ef9ecbb82edf30dd9869cd85796501042e: expected 277745 found 153935
20839193,aot,47160268.11578947,
20840599,aot,79556994.3764706,
20836179,aot,47365890.325581394,
20841303,aot,88268439.26086956,gas-used mismatch for 0x62e21e329c215a7dcd3b1763e975fb8a1bfaf4628fba5345d8e898b42dbba403: expected 511351 found 95880
20841373,aot,24143707.446902655,
20840784,aot,67359782.86734694,
20840507,aot,31076265.747967478,gas-used mismatch for 0x65388b76067107e89b35a1bf2c40d8c6f9e17a721059c5580984f26427170a08: expected 452050 found 178161
20839757,aot,41264421.60204082,gas-used mismatch for 0x9115d4f06399761c1eaef7b38f1f7632fa2290e2ab1c81f64f940a6221871a39: expected 620503 found 416327
20840694,aot,63222494.166666664,
20836170,aot,31610838.367741935,
20838444,aot,35313396.23417722,gas-used mismatch for 0xa85190b053662c6d68aa90f04b21848adbd102618299e8a1d8ad2c8904beccd6: expected 248548 found 137989
20840553,aot,44573594.208333336,
20841397,aot,58255110.464788735,
20839382,aot,53197449.5,gas-used mismatch for 0xc854ce1ca6839bc0b283977cd8efe3ad2bde7bd655eaceb03a8e339e8331e5a6: expected 1335582 found 741550
20836566,aot,44803817.146341465,
20838632,aot,44174606.0859375,
20838722,aot,60007331.46590909,
20836123,aot,66148285.78947368,
20839475,aot,60235870.94059406,
20838819,aot,39262780.29365079,
20841819,aot,106637466.8,gas-used mismatch for 0x3cb7f1f148f8b88a56e128f3f911430bd913cec8d14c7eaa79bea7cfae1efd7a: expected 367840 found 95880
20841350,aot,91273964.1111111,
20836382,aot,46866708.12698413,gas-used mismatch for 0xc6687eb4ab6c0e4dd169fe17ea67bb36c5dabf16120f2a375126421595d96926: expected 750569 found 434290
20837882,aot,31619975.192546584,
20840530,aot,61438693.115384616,
20839147,aot,70280060.1111111,
20841632,aot,58628847.3943662,gas-used mismatch for 0xba9bf133815a6d74873087cec3f2469eb9e176909dee6ee1c769cf8a10703700: expected 277745 found 153935
20836100,aot,51211931.62105263,gas-used mismatch for 0x013d4f655413cf98f8d949d0e5fe6a02da00b491d788bee3d97be2d2d1d4f3c1: expected 832543 found 827864
20840882,aot,76261585.07936507,
20839288,aot,36443759.935294114,
20836194,aot,39029297.45,
20841725,aot,47474753.35772358,
20836757,aot,93589681.15873016,gas-used mismatch for 0x65394b587b23397e5bb09b96b366cdec5d619177c390d1aedf5feffa035a0645: expected 421654 found 95880
20838257,aot,68015849.65,
20841360,aot,47381067.68333333,
20836147,aot,80981142.28169014,
20839170,aot,56755108.255813956,
20840829,aot,107847441.78431372,
20837507,aot,78461739.69863014,gas-used mismatch for 0x6465ef5bd11a2edf63c66eecd1654236d4ac0174e1c568a6bf386ff69b97c09e: expected 389794 found 95916
20839111,aot,49941399.43801653,
20841444,aot,49904392.104347825,
20839135,aot,59339489.28169014,
20841257,aot,35575572.34351145,
20840132,aot,45792042.834586464,
20839569,aot,37462195.42307692,gas-used mismatch for 0x3532d36c8ff331d0024f3e548953632ae2aff578df446c984e9b906a19a6378a: expected 278779 found 238283
20839007,aot,63396956.74666667,
20836007,aot,25057980.149321266,
20837691,aot,41555252.416666664,
20840600,aot,51416367.52222222,gas-used mismatch for 0x52b640f2153fc3344ae3686d1627fa796558a861f2b9f547e5b27a2bdddc3a5d: expected 1082974 found 583193
20836180,aot,37291235.166666664,
20839194,aot,22595967.764285713,
20841304,aot,41280330.46902655,gas-used mismatch for 0xdf571e88901c6200dd10ae42257ca9cd1cf590045dc33878202a2065b0b9d2d4: expected 369487 found 95880
20840785,aot,43828976.389473684,
20838445,aot,31693379.82142857,gas-used mismatch for 0x805b0f7a948d83a9e04cd3b436afb84f824c42342009673a6909007d6ef1c5eb: expected 796826 found 172553
20841374,aot,68357703.3253012,gas-used mismatch for 0x78c6f897123b9f19484937a44a1a7e7abaf97a925f3f6eb3d78f4e8ac3b0c5f4: expected 371527 found 350726
20836171,aot,60595625.41975309,gas-used mismatch for 0x87d962d618774c9dceb215f41bc0c4f67bc0ac616ce6c37c4e04121e6d6dcf03: expected 271190 found 238256
20839758,aot,65047672.625,gas-used mismatch for 0x24caf39f09c5b0b86ca2d7595b01e77db640a4b274e80741058fffec53a223a2: expected 339937 found 251112
20838820,aot,46262026.525,
20840695,aot,47038393.80508474,
20838723,aot,52880387.686746985,gas-used mismatch for 0xc4b40c772f61fcf97bcd20f959317cf76a1b6f9e0eeb30f2f61f6f3e58af978d: expected 371527 found 350726
20840508,aot,82604977.06849316,gas-used mismatch for 0xbca12640658acaefee8fcb9bd3c34ba5fefd427c7febc96cfae2c17b04eb3b60: expected 296352 found 87912
20840554,aot,37693720.41216216,
20841361,aot,42668627.44578313,gas-used mismatch for 0xb9308888d27081708d555342d4dfb09cd730a6ef61f726df2ea433c74c82f3b9: expected 282266 found 95940
20836383,aot,41606323.445544556,
20839476,aot,47224447.188118815,gas-used mismatch for 0x1a847fc394c0303edb9d9435289ca4a7c807c69d65327316d16c0ec0533da906: expected 160950 found 77336
20836567,aot,42206281.56349207,gas-used mismatch for 0x9fabfa23c367a2cd953eedb9e9483aa1efd989efd91f86dcceb23ec55ca5f3c7: expected 1234161 found 1090322
20841398,aot,63874968.56666667,gas-used mismatch for 0x0cf9a8929cc287f4bde037d1f693957a0ee1238077039bd66c449fb9bc0bb98c: expected 316462 found 95880
20839383,aot,41703585.3382353,
20838633,aot,61882077.39759036,
20836124,aot,74473550.63235295,
20840883,aot,54098046.85185185,
20841351,aot,62726603.65384615,
20838258,aot,52248084.1375,
20839148,aot,54174842.62222222,gas-used mismatch for 0xcfc6af91d1d7356cbf6ad628d2c98fe03947a40e41531319decc3b3ac29421b9: expected 399057 found 104825
20841820,aot,59845044.88372093,
20841633,aot,21411063.372881357,
20841726,aot,70846193.93150684,gas-used mismatch for 0x7351849d3e3b82a17e47e4ad481aa33de23c0f15544a2962db7321f7a221ba80: expected 894288 found 887715
20836758,aot,42660645.840707965,
20836101,aot,42590106.208,
20839171,aot,40463410.4,
20837883,aot,47448503.78333333,
20837508,aot,25540933.977142856,
20840531,aot,109247855.01960784,gas-used mismatch for 0x749d7cfbbb14662267b7f6e5741d8bee5cc62a8159095d2943f1a99f4d1ee7fa: expected 779734 found 172561
20839112,aot,56031056.384615384,
20840830,aot,62295018.48,
20836195,aot,42047990.65441176,
20840133,aot,45547833.40594059,
20841445,aot,48659997.76,gas-used mismatch for 0x6786ea0286ec755bee9543ed4e3ba41b833792895602f60d2fe942e589c3aaf9: expected 442263 found 480142
20836008,aot,39933682.40677966,gas-used mismatch for 0x1c4896f5470d8e0863daac008d38f879d1e4f0d553f886b1611871d7527b7b36: expected 324769 found 95880
20836148,aot,46286122.47457627,
20839289,aot,78174593.08,
20839570,aot,65005992.21333333,gas-used mismatch for 0x13d4fe8cc1ed91b164d711ef3a7d770fbd29979574b708189699d02edb70054e: expected 398003 found 381892
20839136,aot,53016044.43877551,
20839008,aot,32798654.243589744,
20841258,aot,42838073.48091603,
20840601,aot,49972576.06451613,gas-used mismatch for 0x2476f5b66d10367b2b6f63daff7aa2b6d91905ca33ef224e4857d9fb818ee547: expected 425058 found 95880
20837692,aot,52712291.15533981,gas-used mismatch for 0xa350a53fcab4f2c6b2fe80c46dc2e4905e95fc9bac502f58b1c3561a4fab0395: expected 553562 found 634081
20836181,aot,53949957.6,
20839195,aot,66259460.223684214,
20840786,aot,54458542.697674416,
20841305,aot,48528137.81034483,
20836172,aot,49068921.56435644,gas-used mismatch for 0xed67cbba0beecbdb45bc582add9659e16acc330f1e56b6e92232aca753f55f13: expected 473261 found 107042
20840696,aot,39620838.782608695,gas-used mismatch for 0x737eb4eaf4d24149274b9fa0c34659910dcc7ea0559de31a18719bceb22bbe74: expected 252048 found 206938
20841375,aot,36601972.74482758,
20838446,aot,56273882.66336634,gas-used mismatch for 0x9896ed140246475abf301af98cf569a2ca626e66af4de7881f095ab29df04bd3: expected 1006046 found 746821
20841399,aot,66480730.416666664,
20838821,aot,48984177.37142857,
20836568,aot,59063646.6,
20840509,aot,34340445.19580419,
20839384,aot,59349596.0,
20840884,aot,35464103.864,
20841362,aot,51386140.53,gas-used mismatch for 0x58886fd9d2010bb3d11fc5f4a7530d2ffe37906af51cab0ce7c9fbbe2a1402e4: expected 266915 found 219625
20839759,aot,76046292.42307693,
20836384,aot,35021584.34931507,
20838724,aot,49850207.26126126,gas-used mismatch for 0xde2c3f6b014092c1eaaa66d85c84890d1772a27be9615fee0f46058c706bf992: expected 214576 found 144540
20840555,aot,62882999.641975306,
20836125,aot,49521401.78947368,gas-used mismatch for 0x748356901264681554754674eab1ce30cdf81dea52d8454c3435b2109b379130: expected 334309 found 98969
20839149,aot,40819898.114285715,
20838259,aot,48493352.928571425,
20840532,aot,35637539.16216216,gas-used mismatch for 0xad6dcac50c229581dd0bd9077b39b23b2725b0e9787bda0890a033bee9828560: expected 422354 found 96732
20841352,aot,61583094.5625,
20836196,aot,76203350.55555555,
20839172,aot,36662870.6637931,
20839477,aot,56422896.153061226,
20837884,aot,50081403.847058825,gas-used mismatch for 0x2820f75698a278c76dbea2e70ef958633d62b72ec9ead9dac242106e5e41b9e7: expected 385869 found 86794
20841821,aot,43899991.87826087,gas-used mismatch for 0xbf37df6148a3c6e5ed24e4881e1fa645b9685ddafb2884e8cf9306ab08ad046e: expected 157701 found 55973
20838634,aot,77413360.74285714,
20841727,aot,40702190.30434783,
20836759,aot,51482455.571428575,gas-used mismatch for 0xa04e9be0cc76e0a3895a387a90d5e435e972b8e0bce9f1d72acf4a673ac6d25f: expected 173617 found 153935
20837509,aot,80902618.43076923,gas-used mismatch for 0x8207b18dfb084da838533d0811bc7d22efdb1ff983694418e52ec157019923b5: expected 400415 found 172549
20836102,aot,57488397.68181818,
20839571,aot,83124063.69090909,gas-used mismatch for 0xa56843abfafd64f6957fcc38e6bdf81fcdb1316a4a62a26863335dca49c160dc: expected 218683 found 137689
20839113,aot,46747989.573913045,
20839009,aot,71173582.63636364,gas-used mismatch for 0x21f949d0910fa3d74e11a2ffd66d98e0cdf1f7e3d9cc62d099544d96cf5ca04f: expected 868586 found 274290
20836009,aot,37119035.4351145,
20841634,aot,105286347.76,
20840134,aot,37689187.51428571,gas-used mismatch for 0xb2aaad9b6d169459dcd0840c42ba3a3bd1529dd1025ec12f2bbe3c9dac7a1a40: expected 468699 found 95868
20836149,aot,45743934.663636364,
20840831,aot,30303567.17204301,
20841259,aot,27191449.55214724,
20839290,aot,71010601.69014084,
20841446,aot,58769466.77906977,
20839137,aot,49088844.53333333,
20837693,aot,90613393.98214285,gas-used mismatch for 0x2242651c572ef0eda41b2fbfc51048f50cc95ee1940260dc589fdeb181e6eac8: expected 264079 found 215890
20839196,aot,66313148.96721312,gas-used mismatch for 0x85df26462b69d08447035c3b5232f3c12061004d6ae11a45b6edc7604b55b811: expected 1908280 found 2286929
20840602,aot,40859630.58741259,
20836182,aot,77771316.63440861,
20840787,aot,33810742.24050633,
20838822,aot,38720186.34951457,
20841306,aot,32443105.03030303,
20836173,aot,47948622.53333333,gas-used mismatch for 0xc4f08cfe4ee9c72bb22550da0f02e9565139f754e3354690f754f093eee64206: expected 370388 found 95892
20839385,aot,44653807.166666664,
20838447,aot,55849428.571428575,gas-used mismatch for 0x7d757349769f4e062606820b7321b0ffc6eb365910adf60ad076d36b513e9c86: expected 296701 found 224243
20836569,aot,47106542.42,gas-used mismatch for 0x499db3733f54dd9e8431564092e0251e4f0736cb97211dbc29bf907324d814c3: expected 483578 found 98969
20841376,aot,75800507.91428572,gas-used mismatch for 0x6eb94e75c16010aedd3b64f427ed4a59736bd6893e72187719e674a9fd9117f5: expected 1385600 found 1052786
20840885,aot,63376286.28787879,gas-used mismatch for 0xc413f2b11cf46315150f0c46d78a73b76a4a82d3a47d2a514dd40201f757793c: expected 407902 found 96902
20840697,aot,52994970.30612245,
20838260,aot,29094714.14,
20840556,aot,34987482.925925925,gas-used mismatch for 0xc8a3c622886fdc42190845fe8e1675da609da1ff17a010b72c1df472a2d06316: expected 637732 found 174587
20840510,aot,47926654.2962963,
20840533,aot,38499691.73275862,gas-used mismatch for 0x6d224c0844dfcc4e462122a9dd18087b8388daea17f45c098faae8de127863a3: expected 488757 found 131298
20839150,aot,17841229.50740741,
20837885,aot,91539.99737489062,transaction validation error: lack of funds (258451957983230159) for max fee (1490149264584140869)
20836385,aot,71676979.43939394,gas-used mismatch for 0x610e31cd6df877344b4ddfab551bd38faaa9b9c3ee41f66f8dd5d70f269bbb5e: expected 444286 found 361354
20841400,aot,56094571.33980583,
20836126,aot,45569916.9,
20836197,aot,47820841.445544556,
20838725,aot,47846613.62162162,gas-used mismatch for 0xea557e8ccf95f0a7138f71a1f998f5aaaf48b9f5c10cdd9015824f8d7584c964: expected 360097 found 222306
20841353,aot,34785672.28275862,
20839478,aot,62915464.6,gas-used mismatch for 0xc56e85e26452127d1c4b81ca9e9e0d24e126268bb3484e564471bac329f1e4c1: expected 450806 found 95868
20839760,aot,39045169.12,gas-used mismatch for 0xc746c8a2c6072fd7f961055d4091f94eb7adacf0e2020e874273af1ec20f81f2: expected 283621 found 210675
20841728,aot,43652154.81415929,
20839010,aot,35574143.04310345,
20841822,aot,48279054.432432435,
20841363,aot,44585388.66433566,
20838635,aot,63678344.70930233,gas-used mismatch for 0xba73ab57fa05ae236ec8af0d4eb0b1f755bea315660e85c32fe2782631ab7b68: expected 1152751 found 342632
20839173,aot,47334928.17886179,
20836760,aot,35454911.44137931,
20836103,aot,15620042.99107143,gas-used mismatch for 0x04d15a0b5463cda7e262d627066ba4b12ca054a8a7d3067939717efbda5c35ca: expected 334586 found 249164
20841260,aot,51967710.93975904,
20840832,aot,48800295.64835165,gas-used mismatch for 0x54c7d1969bb714501439811b0026c432b7a1559070d967e8c527481e23cb2d45: expected 289462 found 153923
20839291,aot,53535265.73493976,gas-used mismatch for 0x6dc5e5fdda7e31051b1a6ec4ffdadad358ef1bcbcf27ce47cdbcadeb09d2b3e3: expected 252065 found 192200
20839138,aot,38268385.61261261,gas-used mismatch for 0x099a834d6196b445cbca650f59a0cf4f5e44eca258872dd0a8229d9664e42319: expected 262134 found 196415
20837510,aot,53628292.23469388,gas-used mismatch for 0xd8bb63dd7c95f2e3a2d2da48f6f554ea2b5b76f2f679a63d238a31fa5989bf33: expected 402147 found 95892
20841635,aot,41855706.62068965,
20840135,aot,70878495.29577465,gas-used mismatch for 0x7321e1ef15b2fa2ed34b01216807a21c7507a5bdaa388eb5ac79e4f2c3615aa0: expected 885815 found 386219
20839572,aot,54922228.25,gas-used mismatch for 0x9670058f700b9ea16e2cc2c7ca1059af70c3af4e0b554a2f63e2fb17044c1346: expected 1171758 found 163373
20839114,aot,4893087.12108014,
20836150,aot,62205561.197530866,
20836010,aot,100445263.98,
20841447,aot,54695174.56603774,
20839197,aot,47718233.61904762,gas-used mismatch for 0x54777a26ba321156e651e40b8e18daa5bb60b8844c88b11f87c228c3ca4ebad7: expected 3098396 found 2739165
20840603,aot,31045358.02352941,
20837694,aot,55270490.9537037,gas-used mismatch for 0xea6ecc6c1f1b7e0e3f0a7bcf9df12cd7c17698ed719ddb4afbd6665465e74855: expected 472395 found 107042
20841307,aot,29894050.288135592,gas-used mismatch for 0xec3e3aa11a58d64f80040b054198cfd87d0214a0e7ef93a14bdf0fb9a0b682dd: expected 340103 found 299887
20838823,aot,44588985.22352941,
20840788,aot,48960968.86734694,
20839386,aot,71004571.98333333,gas-used mismatch for 0x29aa19d43802f521ab7e1348b34bf0e4c91ff2c051050acdcc17fd15927686bf: expected 288231 found 248271
20840534,aot,42719271.21875,gas-used mismatch for 0xa80fa63197d4f12c1bb2f26c31a162f5e586ade6bd8c0ec93b241fb597c79bf5: expected 477814 found 93709
20836183,aot,37162673.52795031,
20840511,aot,67682879.55555555,gas-used mismatch for 0x215662c172ba507dd137c0d5623b5fadba04ec0df064a86664e5e0a31bea366c: expected 365695 found 306026
20841377,aot,39481622.10810811,
20836174,aot,62823235.313253015,
20838448,aot,47909203.37837838,gas-used mismatch for 0x5f8ac7a67b144136cf3aa911ad3d3feb98af5c345e79b6c18609694af719810c: expected 404503 found 181783
20840698,aot,52068939.74,
20839151,aot,87187351.8235294,gas-used mismatch for 0x3c788fdabf845328506e37bccc404529296a5f0e02660bc890618dd2dd3f229a: expected 389794 found 95916
20840886,aot,31412357.988636363,
20838261,aot,38223664.28671329,
20836570,aot,38418315.84931507,
20840557,aot,43435557.01652893,
20839479,aot,37170844.35344828,
20836198,aot,73474336.77941176,gas-used mismatch for 0xbdf10fd81617455097abe646ad477f9430ac413fabe04d74fdc3e8af7f32eeb4: expected 360175 found 317174
20836386,aot,35571654.553333335,
20838726,aot,30205999.72392638,
20837886,aot,85403387.31746031,gas-used mismatch for 0x3b0a565448d398b0fcc3c4966567ec4d6286d3e2876eb6b270edf71cec66aa3c: expected 396008 found 96739
20839761,aot,44989868.21904762,
20836127,aot,46935721.65,gas-used mismatch for 0x459692fad86d812570f35fc790dc16c407c2267ff60b599072da69e1afe19954: expected 334849 found 179469
20838636,aot,21997047.073891625,gas-used mismatch for 0xfb4a1b4565c3c338e1889795b330a06225dce261f30a0c57f2bab1b71c9bba0d: expected 475060 found 415295
20841273,aot,38851402.696551725,gas-used mismatch for 0xf3e7d9b75bbceee4b9dcab3152e0e103878e0318d23b3f1e8db67ae2ec280638: expected 153996 found 135424
20841401,aot,39829224.43037975,
20836761,aot,37636503.872180454,gas-used mismatch for 0xd50d1ef913b959bbdba537ac0675f6fa83426e51dda3f2e6b23bbef4f012c3b8: expected 388699 found 367744
20841823,aot,46650040.5,gas-used mismatch for 0x8e30e6628826c4bb0e0df3f01103a2f86ea23884a4e547079c49ab692eaf23e6: expected 971263 found 636816
20839011,aot,44033673.291666664,gas-used mismatch for 0x6638228359cd171e7a5483e839e38b47c8e4fb6d5bc4b48f50e37054c3352736: expected 371551 found 350750
20841636,aot,51042439.96511628,
20839174,aot,67343340.24,gas-used mismatch for 0x082a5568611f9559b7d1c8dda622895d7481db96a811dfe60b15245131f1fb32: expected 389662 found 222294
20839292,aot,46604318.02857143,
20840136,aot,57198806.530120485,gas-used mismatch for 0x51f9c7c0f448f917acd18b6bf7360913d19a75ff67ded6cf160dfb77e74cb501: expected 285990 found 238357
20841261,aot,43033977.97457627,
20836104,aot,62888449.20512821,
20841729,aot,32504586.67368421,
20837511,aot,46846249.42477876,gas-used mismatch for 0x7cd1a4f6d1119f30a1d0c7869c5f69056e4bedfaa06c6b23753ea87601d91415: expected 870203 found 670860
20839139,aot,49659391.18584071,gas-used mismatch for 0xdb19b83ae4304a487d787e5199418923fbf651de66900cbd0569c74d282628c2: expected 449369 found 417173
20839573,aot,33566283.094936706,
20841364,aot,37388496.94219653,gas-used mismatch for 0x6f8b151559cfb4bff78616497a8d536581198308b49d8de2e514c4470aa75c78: expected 158782 found 139196
20836011,aot,35995697.65625,
20840833,aot,81229293.0,gas-used mismatch for 0x40021b52e6801f3cf01747b81fd18d3cf808f1440b48fb58bfefec3f428457c2: expected 365700 found 263258
20836151,aot,81011966.93442623,
20839115,aot,71126861.04,
20840604,aot,73092714.9137931,gas-used mismatch for 0x61fcfe789c1e333420f45bd89010aff1cabf80bc2de5a1f094c6d4a96a9a901c: expected 247241 found 188226
20839198,aot,48701095.32673267,gas-used mismatch for 0x230169fc3260ec70cdb5c4ad9de46fd0ea61dd94214eabcad7cbeabb4069e11c: expected 729242 found 760430
20841448,aot,69833021.34615384,
20837695,aot,47353477.86111111,
20839387,aot,38180872.447916664,
20838824,aot,39693044.51111111,
20841308,aot,68769479.3764706,
20841378,aot,52980480.12048193,
20840512,aot,45472136.415929206,
20839480,aot,62360995.461538464,gas-used mismatch for 0x5f6ac1b196aa1a1e0a26b5c75f4a5dae8dc7f2cdf8af3154709e91d140411d50: expected 108684 found 92496
20836184,aot,46531636.300884955,
20840535,aot,58031369.47777778,
20838449,aot,46264474.53703704,gas-used mismatch for 0x7c52c03a70f7d203b02bf3f7015ad5be2bca588b6a583cad7bdad0a2ad852b25: expected 516126 found 95868
20838765,aot,19883280.0989011,
20836571,aot,46790157.1122449,gas-used mismatch for 0x900267c624aab199db12210acb25739557492a26e05aa5d6e918a1d9ed1bd231: expected 421878 found 95880
20840887,aot,16624742.067567568,
20840699,aot,43994627.686956525,
20840789,aot,69556208.51,gas-used mismatch for 0xc18c6dba9f759e536718e14fbf629a944740db85e77c81b41e179f74419190cb: expected 650938 found 105667
20838262,aot,39071104.07936508,gas-used mismatch for 0xb015c0f7685f27fb321796f22be299d5960c88c8b63158106818a9a2f6292556: expected 269911 found 238158
20840558,aot,25946371.819148935,
20836387,aot,42122833.782608695,
20838637,aot,81797934.96363637,
20839152,aot,46231889.323308274,
20836199,aot,63624747.192771085,
20836128,aot,42222507.87288135,
20837887,aot,58875131.75,gas-used mismatch for 0x1d5e5bfd78919745084935fc3fd17f0d8cd539fe0a7a8e2a6334a5fb5589ce09: expected 268036 found 214801
20841402,aot,41976523.06481481,
20839012,aot,46754148.56435644,gas-used mismatch for 0x3964cbdf2043866c4ffbd752cadca037dfba8b9cfa2707a532285f8070a5a227: expected 431940 found 104847
20841274,aot,54348589.135416664,gas-used mismatch for 0xbab1bfca795b56d6bdb8ee142e3a974a5acb06a1fc8d5dd5694ec370ba24eaaa: expected 413257 found 381037
20839762,aot,75605633.09333333,
20837512,aot,40528388.31428572,
20840137,aot,39697326.20661157,
20841262,aot,18782727.68627451,
20838727,aot,44817497.11347517,
20841730,aot,58879164.16438356,gas-used mismatch for 0xb9461ce3396bba69b61d4ff653c23321e5779c3c3847e9f06249c294d151ddba: expected 561185 found 125098
20839293,aot,50330885.125,
20839175,aot,42377883.083333336,gas-used mismatch for 0x96a1479a84c135b658bc99c3b5e81162b025857e2dc68f8e07accf0f5b0904e1: expected 291097 found 175113
20841824,aot,66930478.97333334,gas-used mismatch for 0x09abff3b23c8fecd4a6e80076b25e9e1e2bb8d1ae59c516b7d848f8e82e3b560: expected 262852 found 245561
20836012,aot,66155401.73214286,
20841637,aot,44130150.733333334,
20836105,aot,46862794.70476191,
20836762,aot,60542262.604166664,
20841365,aot,60685752.78947368,gas-used mismatch for 0x4677596ad5279f140608fd284b9eac62e74775c103ca06ea4d064a9a03da0443: expected 530385 found 95880
20839574,aot,44193144.45689655,
20836152,aot,45656335.551020406,
20840834,aot,107643356.04878049,
20836185,aot,75102387.58571428,gas-used mismatch for 0xcc30b25d950833da224eb9adb6f1e8b778c9a1edcdb6d49fee6521feb4cd58a9: expected 406540 found 95940
20839328,aot,40066494.53982301,gas-used mismatch for 0x53bee8d5324dcd30c38462eb189705e9ee4f6338e25168eb7d42e6751a703758: expected 650760 found 97468
20841449,aot,21768917.040723983,gas-used mismatch for 0x2d6e8ef583f4b79f117f8afe10a8c205f9da8b86bfeaab37443d78b3b3021012: expected 1049243 found 576677
20840605,aot,46177838.48648649,
20839199,aot,48331456.0338983,gas-used mismatch for 0xbf0b40cd262bb960a010958e893a899aa8bb8389b112d47e9c0469eee62ce954: expected 329806 found 289745
20837696,aot,71278426.67692308,gas-used mismatch for 0xf88f8af18efe97ec314b09b899bc57e9b89c73d4ebe7e7c21fe4412609f9b14c: expected 1572834 found 1451572
20839388,aot,50715984.65048543,gas-used mismatch for 0x9858cc19eca5fb347c9fec6d92a35d236a8530836519fea2ebaa9eae58e5eac7: expected 195421 found 168683
20841309,aot,69222675.79310344,
20838825,aot,76216610.62121212,gas-used mismatch for 0x843eed6a562dd2ba98d6506f47636907489b49aae3583e6e7602f392e5a334a8: expected 264079 found 215890
20841379,aot,44852344.908163264,
20839481,aot,28387741.86,
20841531,aot,47568661.36,gas-used mismatch for 0x8473841a3cbb8ed8da122a709f12bf8949dbf7d8989d072c60d6665f80adafd9: expected 423021 found 363369
20840536,aot,51104892.703296706,
20838450,aot,43053510.4537037,
20840790,aot,34511560.42748091,gas-used mismatch for 0x129ebf4d4571352a79fb767981bb1b21f4ab59dcfc8f1c8cc0957d0116c3c7b7: expected 410054 found 96732
20840513,aot,48937033.92727273,gas-used mismatch for 0x2b9f2afe35de51970c44878752be1ee1a39dee8ca016848da0826ed5cceeb0fd: expected 216602 found 175565
20838263,aot,29119612.848484848,
20836572,aot,18560599.542372882,gas-used mismatch for 0xc5e3324c1e095a4f9c484adccd09055b721d5e87cceee226ea5b5b9d8a992035: expected 593466 found 121260
20840700,aot,62032759.62820513,gas-used mismatch for 0x5a7696f08fcaf2cb51aa0e69d12415b05523418d0e2e6c6cb781f28cf7b72401: expected 320135 found 276599
20838766,aot,89344352.80327868,gas-used mismatch for 0xe3c39acacb176909b3c408cd56005c327c96aeeff1b42316c584e9cd48f177bf: expected 293444 found 205870
20839153,aot,44366736.5,
20836388,aot,36858336.94656488,
20838638,aot,44337578.50526316,
20840559,aot,59029014.28409091,
20836200,aot,34026190.4893617,
20840888,aot,89199182.27941176,gas-used mismatch for 0x425e4151d2e2d410de799fdbc55adb32120a2d184738dfe853677dbded475487: expected 438790 found 249138
20838728,aot,41367422.38888889,
20836129,aot,38795898.270676695,
20839013,aot,42730634.6875,
20837888,aot,42488946.05384615,
20840835,aot,59923216.95714286,gas-used mismatch for 0xe70895a2fc1ee7ff4b0bd07ca8f4c8f0be29e49c8419975127f05c5184d0eef7: expected 810191 found 785661
20839575,aot,41996287.42,
20841731,aot,73560494.58461538,gas-used mismatch for 0x4c7e06b484576eaf4405fed6ca88157d5068be08e174f2f247794bb307ccd813: expected 277745 found 153935
20837513,aot,54840952.458333336,
20836153,aot,48477903.06818182,
20839763,aot,53239355.84158416,gas-used mismatch for 0xdf073ff65607fc2ae769aadc8868d47bfc2cebe9ddf8394b7e94a3aea3c3cc9e: expected 277745 found 153935
20840138,aot,7914845.344680851,
20841403,aot,98805165.34545454,
20839176,aot,63387755.35526316,
20841263,aot,83788599.29508197,
20836106,aot,54259022.89247312,
20836763,aot,56868356.71111111,
20840734,aot,52684265.82653061,gas-used mismatch for 0xd9d054ccb27f7145d351f7d5dfc62ccd9bead8484a246b2de8276c8ba6ed82b8: expected 1382201 found 152027
20841275,aot,67564146.31578948,
20836013,aot,38284401.85507246,
20841638,aot,43992049.096,
20839329,aot,50041972.24271844,
20841825,aot,54592878.652173914,
20836186,aot,71610446.82716049,
20841450,aot,31076797.81325301,gas-used mismatch for 0xc5314b4e4030acb29d97d85a67f2827178400cc8b4414646cb897106638c0669: expected 202342 found 81798
20839294,aot,70827706.84210527,
20837697,aot,47303785.913978495,
20840606,aot,34679995.14556962,
20840537,aot,55679325.45901639,
20838826,aot,56727169.65591398,
20839200,aot,75624078.6235294,
20841380,aot,36587695.53793103,
20839389,aot,49669691.6504065,
20839482,aot,56976200.97959184,gas-used mismatch for 0xd41144c8c44f04e295eaf9878773e70f65f8864fc40daa8c8d4d9e7f115452a0: expected 1155289 found 909990
20841310,aot,55702632.0661157,
20840560,aot,44685997.65934066,
20838451,aot,48030135.94444445,
20840514,aot,59083964.38554217,
20841532,aot,29534124.73631841,gas-used mismatch for 0x7b6da757bab14f45bfaf040ff7fd0ff0108a7635be27e2ab2abcec30b62ba2b8: expected 152867 found 85518
20838639,aot,35505466.203125,
20840791,aot,54128079.27722772,
20838729,aot,33256012.793650795,gas-used mismatch for 0x467adae2bdd9d466ac9bfcf1fadcf0772ea44ca4bf63b8d604e105c06c4e08ac: expected 346485 found 325684
20836573,aot,47591240.37962963,
20836201,aot,54778216.62962963,
20838264,aot,28635291.817733992,
20839154,aot,48463982.333333336,gas-used mismatch for 0x8b50616c94f605b93b0988ec87929ff5a7bae8ce90d409428d4595585de87b9b: expected 587619 found 442871
20840139,aot,46613722.26760563,
20840701,aot,47550991.33057851,
20838767,aot,71368651.87654321,gas-used mismatch for 0x0ab8662245034b94f56a3d653fd975d8e60d8ce26320fbf1fe59d7e5c53dc52e: expected 356568 found 98910
20839576,aot,50771563.41860465,
20841732,aot,44935319.895833336,
20836130,aot,34753259.166666664,
20840889,aot,67340327.95061728,
20840836,aot,31380900.234177217,
20836389,aot,40282528.225,
20837514,aot,47244774.732673265,
20840735,aot,55137811.897435896,gas-used mismatch for 0x14e1f7020b3a649739cc652532469631c0d3c9ed9483c28295f30aa538541c31: expected 282545 found 153935
20837889,aot,42580499.333333336,
20836764,aot,49026187.610526316,gas-used mismatch for 0x5994ddc3c7e4f06c9837a68a57b9c45f81b41e54d84e623e099f394c55fb4dbb: expected 338508 found 295197
20841404,aot,54396931.85714286,
20836107,aot,54710871.23255814,gas-used mismatch for 0x73f6a379fa719bb1d1a8ec67fecc69144d726011907b2e2eb574d1225555b4ca: expected 803137 found 892540
20836014,aot,40976734.73873874,
20839014,aot,59589994.26530612,gas-used mismatch for 0xd5b06994c1e336e9caa26f5497776bc8ad2fb9cfdc64310d059932a4366989bd: expected 966467 found 636828
20841264,aot,50590500.12631579,
20841276,aot,50770059.70967742,
20839764,aot,46685640.13076923,
20839330,aot,44810830.70754717,gas-used mismatch for 0x99e47853c0196421fbfc978487bf60c071f94f6a8c92781a64348d7ef1b3853d: expected 360175 found 317174
20841639,aot,22900821.73877551,gas-used mismatch for 0x81be7d7c36f9ca6e368141825071e2a44aa18ffc835b31fb5b9722ab80fd3789: expected 392492 found 95880
20840607,aot,35777199.11818182,
20839177,aot,75853467.75903614,gas-used mismatch for 0xcc661797f8f58d1f42c85a4855f6ad2d42f3bb6fd3184b073b623fbb19d154ac: expected 266951 found 219661
20836154,aot,62014762.9245283,
20841451,aot,67965289.63013698,gas-used mismatch for 0xe7f70221c62f7e5803c7d6fb93747ed28bc928caed6cc8429c158d2d6a68e6e5: expected 127917 found 56972
20841826,aot,75675198.86764705,
20837698,aot,38101622.411347516,
20839295,aot,54293488.87128713,gas-used mismatch for 0x0a15014bd18093969d352e37e8c4751ed661826ece41757030027a98e85a3a8f: expected 244526 found 189683
20838827,aot,32591596.954198472,
20839937,aot,47655090.84615385,
20840538,aot,51994665.8367347,gas-used mismatch for 0x7e3eb57d53c82ee26c1a6a9f83e478fcbb1f0cffed6f45efe51203762b4c899d: expected 373680 found 98922
20839390,aot,46769656.91,gas-used mismatch for 0x1d48978daf1b2a98cccc1dfbb91780fa41e0f27cfbdbaf3269979d2d811127a1: expected 209462 found 82074
20841381,aot,39652937.5,gas-used mismatch for 0x34dbf58ee16a53951dfbd0e14be35ef042785ef8a4fdade6a3a3dc1d69cc7802: expected 284303 found 154263
20838452,aot,44425921.53684211,
20839483,aot,43551505.04545455,
20839201,aot,58346731.70754717,
20838730,aot,83473584.91666667,gas-used mismatch for 0x00f87f4c84981f212d5155f0f42c07596ae7f34123d8fe5e459e10997ddae92a: expected 810870 found 120033
20841733,aot,22758134.885714285,
20840792,aot,28313981.509090908,
20840561,aot,43076301.612068966,
20840890,aot,40178249.13186813,
20839155,aot,54735362.08139535,gas-used mismatch for 0xade23986002c60f89ee527b41fa51f68b6a650ab963ce1c488d8fccf0089142c: expected 692739 found 102967
20838640,aot,42941091.722222224,
20841311,aot,37161965.43975904,
20840515,aot,37835847.642384104,
20836202,aot,20264445.805860806,
20841533,aot,68432128.92592593,
20840702,aot,36651561.68148148,
20838265,aot,72586630.34285714,
20836574,aot,49302613.23478261,
20840140,aot,87512814.72131148,
20836390,aot,45166000.35454545,
20838768,aot,38994216.19580419,
20839765,aot,40697630.95555556,gas-used mismatch for 0x9858adc09be9ae34f0eb0030c1ba85dd23640847205c7b7f1ad729f4339747b3: expected 759472 found 101562
20837890,aot,29759310.596153848,
20837515,aot,58142454.530120485,gas-used mismatch for 0x5fda73702c2184780bb2e943eb2df796bc43ee25b4c382c7a45d9b8394b9b3b8: expected 880635 found 637420
20839577,aot,66483356.12345679,gas-used mismatch for 0xddf12604a8fe9e8ce1ea9fbbf4dbecd24ce2dcee35bd4022fcbf9426c0944b3c: expected 277757 found 153947
20836108,aot,23563042.404145077,
20840736,aot,37213254.2,gas-used mismatch for 0x4611526625d5e31b73aabc33ea20cb54ecb9cdad5b22871fe14ec3db03d79735: expected 252405 found 194156
20840837,aot,39709199.801470585,
20836131,aot,73783792.73239437,
20839331,aot,39009672.64356436,
20841405,aot,48719093.718446605,
20836765,aot,29408560.988636363,
20841265,aot,46598589.723809525,
20836015,aot,46680806.72881356,
20839015,aot,51472001.70909091,gas-used mismatch for 0xcf3ba3116c13908dcea3b65ddd0e85c986763aae734ae12cd01d974ab6374751: expected 366705 found 302937
20841277,aot,48553871.80869565,
20841452,aot,57785083.75,gas-used mismatch for 0x8745fad6aaa5d2d7ed12670bf9442b72b7ddf5afc40e7dbb7a3d800c6f17f333: expected 439495 found 379070
20840608,aot,93347025.2909091,
20841827,aot,62513718.102564104,gas-used mismatch for 0x289393e7a8fcc100f5dd512b7cd84ac3376df7702259fcc74960f12317d9281d: expected 415800 found 372357
20841640,aot,63420169.92307692,
20837699,aot,46256601.518518515,
20838453,aot,39858025.026315786,
20838828,aot,71372514.1076923,
20836155,aot,63291200.56190476,gas-used mismatch for 0x1859d903f2b271164b83d13a51339ad986dc226417416f61931d5ba3c8045d63: expected 365688 found 322685
20839178,aot,67271689.79047619,
20839391,aot,39109720.449152544,
20840539,aot,42299168.556521736,gas-used mismatch for 0xb87977ceb058ed2b479c2007a0fe2e77737bd9fa0a242c4aaa7ffb5e68a27da5: expected 277745 found 153935
20839296,aot,59542894.38095238,
20841382,aot,30386069.52027027,gas-used mismatch for 0x5fb6144161b64e78d0b3f0ad6ca5bc75951a464580ecc47039d511990e5d8ab2: expected 343429 found 98981
20839938,aot,44882876.87692308,gas-used mismatch for 0xcdc8a8bf60b91a25ce67058b94c10f09453a064d0a728db206e5547740322de5: expected 436085 found 403989
20839484,aot,42670825.02912621,
20838731,aot,49668416.32941177,
20839202,aot,51082051.10227273,
20839156,aot,43254727.71681416,gas-used mismatch for 0xfa26e20472d249b35555389b49fe7de05405f995cdf8c02e3797225e5f553f58: expected 1705652 found 1844740
20838641,aot,60155935.51282051,
20840516,aot,66289329.76712329,gas-used mismatch for 0xeffceca4c7dcc0220e39e4c855bf47b4c1742380807e86c9ed87de033d6e710d: expected 253016 found 238147
20836132,aot,62172513.88235294,
20841734,aot,74993106.15384616,
20841534,aot,46281320.36363637,gas-used mismatch for 0x2e76bf0afb19fbfcb57c44a4686d9725eed01ef0223dcebe2adfdcd53f3fab1d: expected 1354988 found 1234809
20840141,aot,26956167.866666667,
20840562,aot,65643233.9010989,
20840793,aot,64400479.36734694,gas-used mismatch for 0xd943809d2e0bf2210e98d70ef99adbf7ff2e83c6cffa49d1ce44899e548a9674: expected 277745 found 153935
20836575,aot,44042843.74545454,gas-used mismatch for 0xf9bfe44249768d985af61bf10f8141ffedd16e417664772378839e7c6bb2c4b1: expected 277745 found 153935
20840891,aot,45943515.52380952,gas-used mismatch for 0xeb929dd6d0da3205845a439b866c4747b28e5cc5616b668de15071477d4535a9: expected 325006 found 289745
20841312,aot,49491135.972222224,
20840703,aot,45081835.52586207,
20836203,aot,70663312.66666667,gas-used mismatch for 0x2641a0758c82a628aa177c8a54d9e964b476f74a722756819ebcc5bbd4c1f254: expected 344225 found 95880
20838769,aot,30010372.490066227,
20838266,aot,26125840.542857144,
20841406,aot,60911085.666666664,
20839766,aot,48670476.50537635,
20836109,aot,40428444.24347826,
20840737,aot,91853307.25490196,gas-used mismatch for 0x8e62e1d7ad5bd094ea3c8b20f5520d92271a26a348f7b10a6ea149369e50646b: expected 493353 found 455560
20836391,aot,77647112.8,gas-used mismatch for 0x7221dce5b8b75b794ab648a639d9eb27ed7f185092062b6a6128b5a82f7ee150: expected 218093 found 138355
20837516,aot,43275008.61157025,gas-used mismatch for 0xd86e51d6ae60ab4780bd9f3c1546d0b6bf96418164ef768f0e74918d3bffc33c: expected 455280 found 107042
20839578,aot,47066887.127272725,gas-used mismatch for 0x79ebb0fe0c91e3aacca8f5cbac03faea713eff6a2b5a5079ee097009dbe028c4: expected 277745 found 153935
20837891,aot,66569248.8,gas-used mismatch for 0x2af03c9706bb66c711186df2259e3d29392ecd014f35ddf3578336ca77d1ff29: expected 277745 found 153935
20841828,aot,39818158.73626374,
20836766,aot,91523772.45454545,gas-used mismatch for 0xc1bfe639f20935bbcee155075026151c0f4799f2250799d5fdc019ea69ac0897: expected 368925 found 99005
20839016,aot,49011656.24210526,
20840838,aot,51919448.690265484,gas-used mismatch for 0xa1e60bd9fcd89badeea3f674cb9b5a557138d76886aad384c4ad473f712ae287: expected 705391 found 279704
20837700,aot,31786213.653465346,
20841266,aot,53885090.55,
20841453,aot,32029997.726666667,
20836016,aot,48941320.018018015,
20839332,aot,49785265.780487806,
20836156,aot,42035377.95,
20840540,aot,43863006.586666666,gas-used mismatch for 0x40b94f6960b7371125b682e42bd9ac7e62e5a4e1900c1e16dff716b2b6254c93: expected 277745 found 153935
20838829,aot,30611797.8,
20841278,aot,46219960.25954199,
20839392,aot,37481741.23300971,
20840609,aot,45922189.2421875,
20841641,aot,77949343.12676056,
20838454,aot,47368391.927927926,gas-used mismatch for 0x6539fc7ec15cc3c220539e35891be09998069f41051df63ad1f205013959d15c: expected 322851 found 282767
20839939,aot,44106408.17346939,gas-used mismatch for 0x869f9d51f8c7d3bec1b894e1f61179f28f7155aa33fce17b9006c0ab4f8d8dda: expected 582628 found 437880
20839297,aot,41933314.720338985,
20841383,aot,52137690.60227273,
20839179,aot,71267223.92857143,
20839485,aot,40834036.23571429,gas-used mismatch for 0x0f5198ffb8a407a551aeba27f2777f560e73745b89048dc9465c583523c98dce: expected 286828 found 247562
20839203,aot,54581299.32631579,
20838732,aot,39693172.06206897,
20841407,aot,28220790.608,
20838642,aot,64003288.36986301,
20841535,aot,48501057.03488372,
20840142,aot,39565464.99099099,gas-used mismatch for 0xeef53141811f6c9a137defef9270331014f33367ed998606d9ec46de63de8ca2: expected 286002 found 238369
20836576,aot,34594608.95867769,gas-used mismatch for 0x99cefbb9ca79dfb63ce663371346fb2e4874f443d5bbe84ddfb6f1d2c31861c0: expected 422395 found 361970
20840794,aot,64599214.6,gas-used mismatch for 0x41d9a6a60901511913dc3c36896e178eb4d4af0e3d5b071f86e17dc96ca24bce: expected 277721 found 153911
20839157,aot,63020999.95294118,gas-used mismatch for 0xc80cd5c6a09633d8bb29ed817faeaa7cebec4302ffa7581c723b6136ac944c37: expected 277745 found 153935
20840517,aot,41547924.68461538,
20841313,aot,35115611.10294118,
20840892,aot,48810531.5,
20838267,aot,38485768.487804875,
20840563,aot,18807865.87142857,
20840704,aot,33150577.986754965,
20836133,aot,52696717.62857143,gas-used mismatch for 0x52ab2ca8ad1c17ef38357b7085efd81c16cc30725c050b99aca7b88bdf45e9b5: expected 365995 found 306326
20838770,aot,75102486.03076923,gas-used mismatch for 0xb317f8eef738dcc56e7b6ff884f67603cff4a962f21f7bb4deb06ef4b9240170: expected 1002655 found 668216
20839767,aot,81372073.49090908,
20836392,aot,20814317.67826087,
20840738,aot,40430434.041666664,
20836204,aot,44682288.93103448,
20841735,aot,40673165.44520548,
20836110,aot,83125507.85714285,gas-used mismatch for 0x656d15a33f88fb256d757cfc11587fab8ab3c44d4402545f7894f5675de85a69: expected 1888794 found 961074
20837892,aot,49118582.57777778,
20836017,aot,39420307.02,gas-used mismatch for 0x770e9319e23ef1e459cee57de05013324ddde5f2d36dbd05ffdb8af12f623019: expected 754574 found 105676
20839333,aot,33312213.40677966,gas-used mismatch for 0xbc7594bc8e570da411acd908d1eef06f8b652de9c90ebbc51e0b398643931877: expected 277745 found 153935
20836767,aot,40347950.208333336,
20837701,aot,17934030.731800765,
20840839,aot,73586015.3015873,gas-used mismatch for 0x398d2fe960850f244f8b6f19bd9477cb864e4fcd894138deef24aa95a000895f: expected 609497 found 284739
20839017,aot,37755972.4296875,
20841829,aot,81115590.52941176,gas-used mismatch for 0x7e6ee05a0c9c1f9894b35eb12a29be867fd5b10ee88a442dd0776d60a4c15e5d: expected 613251 found 526366
20837517,aot,53607718.872727275,
20839579,aot,51038841.084745765,
20836157,aot,32589338.524475526,
20841267,aot,71962053.04225352,gas-used mismatch for 0xeb2685c5675869f7aee75478fd868ad43820db125d7e6c9e757b658fe8e48d5f: expected 153996 found 135424
20840541,aot,46157511.03225806,
20841279,aot,39324288.495238096,
20841454,aot,60541448.36263736,gas-used mismatch for 0x63e3fae8c2c4859ad98ac328821f72181e152f422ee8995c2308b7653bb98e82: expected 282266 found 95940
20841642,aot,41331321.59047619,
20839298,aot,42250968.69892473,
20838455,aot,11058947.126190476,
20839180,aot,24202778.25,
20838830,aot,66139550.72289157,
20840610,aot,53602448.82,
20841384,aot,45379581.06122449,
20839393,aot,62902261.98,
20839486,aot,48278308.43333333,gas-used mismatch for 0xa9b358aa0c042ec22383d17d0fd07c901bf79854e35c43ea3c20436ae2798b02: expected 335279 found 299863
20839204,aot,48899772.05555555,
20839940,aot,48230737.48854962,gas-used mismatch for 0x1c4686cdee91043dc822d141b2bb6d8fd5dda787dd35a8b35b3ffdf4fafe9e05: expected 374699 found 104825
20839158,aot,30928991.10687023,
20838733,aot,43610890.46551724,
20841536,aot,41247830.91891892,
20838643,aot,28820595.102857143,
20841408,aot,82143641.20634921,gas-used mismatch for 0x7eab4aa47175f7e2588e0cf81c3bae40bf66fbb0e25f03dcbb02bc95995b84c4: expected 251988 found 206878
20840518,aot,37525528.225,
20838268,aot,20397610.663716815,
20841314,aot,42761993.666666664,
20836134,aot,64253729.676923074,
20836205,aot,23957434.755555555,
20840795,aot,37763818.81506849,gas-used mismatch for 0x1f239232fdd05746e6f54690cf0b05487a29f0b14c9ff65fa7c6b50e9342536e: expected 277745 found 153935
20840893,aot,63522516.90789474,
20836577,aot,41211250.92465753,
20838771,aot,44133680.92920354,
20840739,aot,43543929.62037037,
20840143,aot,70533019.03488372,
20836111,aot,48876155.8,
20840705,aot,86476052.57142857,gas-used mismatch for 0x71d4b93063ac761686c4dc14e6ab8c5d8822e01809c9e38e43b52d13ce7ac0c5: expected 575686 found 174757
20839334,aot,25953375.063583814,
20836393,aot,58966709.92941176,
20840564,aot,72004356.48684211,
20837893,aot,42608303.22881356,gas-used mismatch for 0xe05be7580d68eec48b98f8158ce592d8454c1d4ad5250f9f5c1732099d0f5e78: expected 477814 found 93709
20836018,aot,61013395.78205128,
20836158,aot,45167097.144578315,
20841736,aot,57721640.041666664,gas-used mismatch for 0x6869cf9c20a10831ef59760681500dba07d7dfcd57828f3d326b26ec81bd2db6: expected 388699 found 367744
20837702,aot,69908981.89393939,
20840840,aot,41199907.38333333,
20839768,aot,41405655.41772152,
20836768,aot,65094947.197530866,
20839580,aot,42368111.5,gas-used mismatch for 0x38231f704ddd555e5470176abc0bc7bc0c9bfb408080cbb63415de0007484f5c: expected 405254 found 96732
20841268,aot,49364557.36,
20837518,aot,55060927.55913979,
20839018,aot,45569992.8359375,gas-used mismatch for 0x2d2471d8a7d1af38943109a083b2112094bd48d5013b6de1c64659346f5365b9: expected 1111812 found 225835
20840542,aot,45729954.872727275,gas-used mismatch for 0x806bc916f2a3bf37353ce2336b95fe36fb01113f8307c2138d5d33afbe46fb2d: expected 874055 found 851775
20841455,aot,58651736.73493976,gas-used mismatch for 0xf06f9ee85a814eb4d1446c8963bdbfa494b3c0dd95608cb33af02d8a1e0370f8: expected 671457 found 103417
20841280,aot,41155214.06349207,gas-used mismatch for 0xb7fdf2f22c147286da8b7eeb50d3b8aff62f573f003b6a4a2a7314f35ab924fe: expected 294905 found 168576
20841830,aot,47995764.578125,
20840611,aot,40940101.5754717,
20839299,aot,52825271.78571428,gas-used mismatch for 0xb5da59d19c4771fb6d1539844f438fb778571eb610c16476c8409858e79383b2: expected 380713 found 96695
20841643,aot,50802127.99099099,
20838831,aot,63951845.65116279,gas-used mismatch for 0xa7062c224481661e599be20fa2ffd7d27581e3d98bfc434238c5772ba2194c52: expected 394904 found 240491
20841385,aot,46664657.94067796,
20838456,aot,86818810.38571429,gas-used mismatch for 0xae4b9110619a541b685b0b0ac12e5eb714aeca169933228621096163ad3ce13a: expected 218946 found 144547
20839394,aot,64083072.41025641,
20839487,aot,48052743.41584159,
20839181,aot,66720215.376344085,
20841315,aot,37848324.618421055,
20839205,aot,46998878.28181818,gas-used mismatch for 0xf8e72a4e004ecf307a9b05f0b3cc8df73fb42495238fb0293d8007d0097cc6c7: expected 852286 found 383219
20838734,aot,35835824.70731708,
20839941,aot,63248333.71084338,gas-used mismatch for 0xba7cf4bf5b2163f88c10a18afe225508d588562cb44a22d46ff3b002c3c1dfa6: expected 306031 found 209759
20839159,aot,61552551.08974359,gas-used mismatch for 0x02ebc07bf8697553223d5a323788cdf2529ac03ae1ea0d3ddf49ed29ef86051c: expected 422395 found 361970
20841409,aot,22993952.331730768,
20840740,aot,24506519.242236026,gas-used mismatch for 0xd5bf814f1c87e18bb06334dfd59aec28f7ba132a874724eb993c7a5e124b6270: expected 306394 found 237284
20838644,aot,52562726.76,gas-used mismatch for 0x0321b7381959ad8355dcd6fd3899fcd1a14a37ac4e44d929af1d99bf24f565e0: expected 294993 found 238277
20840519,aot,94766858.73214285,gas-used mismatch for 0xa7ed0c643d88fd7014471887dd0512a7578af691c8b042e9d6ce73670014c5da: expected 61840 found 57761
20838772,aot,71763948.80882353,
20836206,aot,56296690.042105265,
20841537,aot,103859951.44262294,
20840894,aot,47014904.43478261,
20836135,aot,49048116.50862069,
20840796,aot,62972977.21978022,gas-used mismatch for 0xcb8c6bc0f14ece9cde6fb7e32740e877d976f71f3177693dcdab2c00dfea12cd: expected 404748 found 172517
20837703,aot,36392301.96396396,gas-used mismatch for 0x2bffe48c63f5ccb562aaaa1274b8cedaaa81d4b7b7ae8e0bad74c8880a77f93a: expected 671799 found 293277
20841737,aot,48514147.84615385,
20840144,aot,48422806.163636364,
20836112,aot,48162459.97272728,gas-used mismatch for 0x0060f772891069412752c4f02b1b355fbfdc267b7bbc3837087493a2323a2c3f: expected 363968 found 95880
20836159,aot,42396435.16190476,
20838269,aot,43978110.45517241,gas-used mismatch for 0xdb3c5cc54c0057f6cb13f123b8db2369900bed68e75988d4255f64c665a58b35: expected 794702 found 883836
20840565,aot,40626816.58260869,
20839769,aot,40746904.07920792,gas-used mismatch for 0xcf4272b2f601aa7d302eeb27e77c0aa4dd035661dbd9fafaa152b6cf19585b70: expected 638912 found 117404
20836578,aot,48435586.8,
20839335,aot,101888042.18,gas-used mismatch for 0xdc13d5f9cd337d402204335285e01ffe180e63b1095cc12097583e088825758d: expected 433073 found 95868
20836394,aot,54758704.65625,
20836769,aot,31734966.946666665,
20837894,aot,40508339.03623188,
20840841,aot,26164900.126262628,gas-used mismatch for 0x07b57a7b921f352162e64f7a0b3a2493f5a06847b55470c4dbf3027a4b1bd3fc: expected 344236 found 363653
20836019,aot,68657118.35,
20840706,aot,65590375.071428575,gas-used mismatch for 0x01377ddbef1bf74c323ba7a3e64c42f67ebe4cb664cdac86da26e504297822aa: expected 450084 found 96732
20841269,aot,22488376.164444443,
20840543,aot,53526938.09090909,
20839581,aot,57372012.416666664,gas-used mismatch for 0x7fe6f515b05291a13c38f322403f73f2e273825c8dbbe706b7b61559fc74f6fe: expected 897123 found 892924
20839019,aot,63762892.67901234,
20841281,aot,43585410.772357725,gas-used mismatch for 0x98fe27193df24aaa970b371f5993410af5808f77196b5d689bd75a18d1611985: expected 584305 found 384343
20841456,aot,33884075.175,gas-used mismatch for 0x23e4d0407ad07c357e8f01183b88958589522672d356df97f958114fe2a2107a: expected 144235 found 77591
20839300,aot,30059410.489510488,gas-used mismatch for 0xb4a57fe8f859d389707f02c61cf385bfab6446962ca9e076966adca246a55441: expected 329806 found 289745
20840612,aot,51569851.720430106,gas-used mismatch for 0x4b13f82d1f255f9e91c9323c79a03fa9b45c7eb5b5561e36bf741ed7c9e317ec: expected 221532 found 144547
20837519,aot,58568328.58490566,
20841831,aot,44793786.180451125,gas-used mismatch for 0x9e7087789e3ef7f5361018f1cd42975f33c8e2571d999ea44f7fc2489b772b94: expected 279880 found 245489
20839395,aot,42558634.53763441,
20841644,aot,26572951.25,
20841386,aot,40548297.391666666,
20838832,aot,57347414.94505495,
20839488,aot,17429532.490322582,
20839182,aot,55336817.02040816,
20838457,aot,52601291.45454545,gas-used mismatch for 0x2d7b94f1e8e39b4a91f6ef7c58299946030278821b73bbef98a9875aedca1786: expected 448026 found 96926
20839160,aot,48869912.84946237,gas-used mismatch for 0x35c92c421a0d9fa7b564d572c0307ffd7742d3826027da0913d60facf5af59c5: expected 1272940 found 1032220
20841316,aot,62525722.666666664,
20839942,aot,44893382.46956522,
20840741,aot,85966055.34,gas-used mismatch for 0xaeb25ffd19f903554b1cb6caf049c1b2559a470575b050cd32a481637f7234fc: expected 416673 found 104962
20838735,aot,88470244.15,
20841410,aot,69002819.8219178,gas-used mismatch for 0xd0a7372c82d5a47d979f6f87556374ca1915a6b5c21594a42c3849c33bf37312: expected 796669 found 172541
20838645,aot,29695066.7251462,
20840566,aot,46363535.42307692,gas-used mismatch for 0x1b4def33ba9cc9afb4b3a389322defad4fb0c9f1b6cba0d0a65f84b95140dd94: expected 371551 found 350750
20836113,aot,48981005.930232555,
20840520,aot,57591604.770833336,gas-used mismatch for 0x694db72fabf9f944a21e8c5b58ab40a16d41e11c470dca7427dcf11b10f8e3de: expected 707680 found 566051
20841738,aot,59717827.54666667,gas-used mismatch for 0x5c72c9fea4c71d72cf196d20814a0b034688294085a2fa26d37478c39a9efb2b: expected 623945 found 589016
20837704,aot,44837273.85585585,
20836160,aot,52303780.77272727,
20840842,aot,47409393.94871795,
20837895,aot,48387583.18072289,gas-used mismatch for 0x35dad42e7fa12dc19ad9290d3c2a126adae5e9b3ca7902d126b748bcef0aef60: expected 235824 found 231154
20839206,aot,60662241.45864662,gas-used mismatch for 0x6c67549e30aae0798c48f76c7b01874faddf3310ba278700b80ccb841aca0b71: expected 324098 found 95868
20838773,aot,42499781.26086956,
20840145,aot,48161619.973451324,gas-used mismatch for 0x95435e131f0688cf07fabe365a46556392ea9d2856e0e799dfdac395c2dfd4bb: expected 298517 found 208693
20841538,aot,77976611.44285715,
20836770,aot,45208831.056603774,gas-used mismatch for 0x4041742a05b2231cfecba82d908c57731fc4d83b5a423ae88663f9dda04c3685: expected 403200 found 381856
20836395,aot,46169871.12962963,
20839336,aot,43305899.008,
20839770,aot,65266422.571428575,
20838270,aot,42005346.67132867,
20840797,aot,89905810.81690142,
20836020,aot,58074317.23529412,
20840895,aot,55169050.79661017,
20840544,aot,23169504.23853211,
20836207,aot,78378395.53333333,
20840613,aot,35919824.06363636,gas-used mismatch for 0x987242a9470cb68b151c8a394ee19ee4138f6223fbfb2d67010408d083af2890: expected 677267 found 97342
20839301,aot,59902506.223684214,
20839020,aot,52131779.010526314,
20840707,aot,57728880.75,
20837520,aot,14937111.99339934,gas-used mismatch for 0xb888aed759a2b5903f166539971065e519bef0f8fddf4f136d791729718cec27: expected 186217 found 81726
20841457,aot,46893712.51304348,
20836136,aot,75213916.62962963,
20836579,aot,96947075.78947368,
20841832,aot,56816960.666666664,
20839582,aot,99794901.61538461,gas-used mismatch for 0x44a0c15699d1423ad37339052ee3c9f86c0c69d332379e47f2b2b1bfca833b8f: expected 534476 found 104841
20839396,aot,22567747.677130044,
20841387,aot,67131384.86206897,
20841282,aot,64380955.48,
20841270,aot,67818961.80555555,
20841645,aot,77153679.91549295,gas-used mismatch for 0xc7c5c308e0dc01150e84c14cd14c7e626b1a430161eb7427e0dadd515570b228: expected 581677 found 223465
20838458,aot,72345432.96666667,gas-used mismatch for 0xea099629dbff2bef0e72c37ae476007bfd28b62fcf3e94d6a22d7c84745cd9de: expected 346882 found 218194
20839183,aot,58340831.7,
20839489,aot,92376734.03636363,gas-used mismatch for 0xa9025b6e236a9c86854133a0b610ac940c08b80341958394827d8674466c4eda: expected 282545 found 153935
20838833,aot,55671478.554455444,gas-used mismatch for 0x581707a87214c347fd29792ee3b2d0b79031eb0f1ea368b2a082f02b089895f3: expected 303530 found 268370
20839943,aot,64348330.16901408,gas-used mismatch for 0x15f3e49ccd8dd40c7a42c41ff6f2054d8a42f15dc71d7c85494221b2752597b6: expected 277745 found 153935
20839161,aot,28498364.990697674,
20840742,aot,67875315.16867469,gas-used mismatch for 0x1ffa24e83d94cdadf1cb6239569589d88ae2675dcaa64ed1765ab9eb81d49899: expected 535286 found 252152
20841739,aot,40365743.56989247,gas-used mismatch for 0x6f21f9a72034ebdeb208750d50a2f6bb4c34ba16abf6983052e7b76958a9c5cf: expected 432960 found 96708
20840567,aot,51753423.31868132,
20841317,aot,89569945.8,gas-used mismatch for 0xb59c7c309dc4badc660a077bff91429299f98b216110c6f3abf16009362465c4: expected 488612 found 131298
20838774,aot,67604375.20754717,gas-used mismatch for 0x76b12689d361019b07c1447a5fd8296ce0708b561c98b129de6c0733f5347d17: expected 386587 found 95880
20841539,aot,31416577.0,
20838736,aot,36727398.64285714,
20836114,aot,46109139.33009709,gas-used mismatch for 0x3c9e57ae2bcb5e011e67667f4bafbb64207f201c4bec2217c75a65331a53e0c0: expected 348528 found 95868
20841411,aot,67736629.43956044,
20840146,aot,62356593.63076923,
20840521,aot,14770623.662162162,
20838646,aot,101448378.46551724,gas-used mismatch for 0x69ba3c7b26448c45ae81777f4bbb6e3d56c96dbe4e1da6c7fa81e697a6ee6802: expected 404183 found 95868
20836021,aot,21966000.590425532,
20837705,aot,15025952.168421052,gas-used mismatch for 0xa33c5528f4d9fd396c99a6638d60bb170193d9268efa7af3a2063f01cef01177: expected 522602 found 95880
20836161,aot,61911916.07777778,gas-used mismatch for 0x051c5d1ebb960043f71f3b20fc3d2d0ddae9a8f98ea2f94c19faa935963f1ad9: expected 625274 found 263042
20839337,aot,34950842.67175572,gas-used mismatch for 0xb860568c2c5609f27c557707e95d549e40de56276df584d75e6a0eb0a402b702: expected 384609 found 395828
20836208,aot,47006328.88888889,
20836771,aot,51120144.06122449,
20840843,aot,35476566.701754384,gas-used mismatch for 0xbc5e59c95f6614f490f1eed358693ed5a774dd5e3b262f9f4d594698c8568152: expected 277745 found 153935
20839207,aot,46494669.61666667,
20840798,aot,61765094.98630137,gas-used mismatch for 0x5c600d725cc11b4853150421372a2ea7384b7663ef67fa14096e6045a114bd08: expected 404524 found 250808
20840545,aot,80675310.55737706,gas-used mismatch for 0xee917dffb953948c15f82265e1245b6d3cc8fb9e33a81d3e99aecd9b8fe81bd1: expected 365575 found 95880
20836396,aot,32615040.138121545,gas-used mismatch for 0x6e508d4022162f9a57b570adba2ebfb0dd724da736541601643a30b21a9cb49b: expected 475003 found 415238
20840614,aot,59796075.435294114,gas-used mismatch for 0x4db8960d24f7c1c7ed39e2984494e4af9193823cb238eebafd0faa10f48c7994: expected 624863 found 589934
20836137,aot,40073922.6632653,
20841458,aot,61831204.80327869,gas-used mismatch for 0xd3b0301dbe88cd6bac60ff1348d95118b785672c69590d961bdf3e5df021f573: expected 135832 found 49659
20840708,aot,49024233.895833336,
20837896,aot,59982589.87826087,
20836580,aot,36628480.76724138,
20839021,aot,34455306.0890411,gas-used mismatch for 0x7fbd08b379359de4c5ec6cebd3bbf36c2134ff602f48e18d377b9ec03f11bda2: expected 230693 found 118836
20838271,aot,45358792.88721804,
20839302,aot,60815073.40625,gas-used mismatch for 0x912a534c7c39953c4c9b9d09df5e6c916690165dcbb952a980acb1ef16858da4: expected 1069653 found 540973
20839771,aot,29487819.891666666,
20839397,aot,86691322.83333333,
20840896,aot,61443926.981981985,gas-used mismatch for 0xff9b8e3fcfdc2cd6a92efa5bf41a04f6ec73073f18c604948e85efe4ca9ca0dd: expected 216613 found 175590
20841271,aot,44432241.86021505,
20841833,aot,41410087.35,gas-used mismatch for 0x74aa5c3a3a5e9c83fe849a02597fc7b2b96f3078fca8547a87b2c58830a0430a: expected 310809 found 352636
20841388,aot,48543194.782178216,gas-used mismatch for 0xae336901f65c8cb437547a046cdef4f84afbba91c1264984528d844b4e69f0e2: expected 619174 found 379781
20837521,aot,142480686.46666667,gas-used mismatch for 0x4172ee6049428ea74358e5b1759f776bc7289492726afdf7e414e8b0250bc5ca: expected 475938 found 95940
20839583,aot,54256159.08163265,
20838459,aot,42520681.686956525,
20841283,aot,64469961.71590909,
20840743,aot,44736632.5890411,gas-used mismatch for 0xe0977fbcbb1fa7287241f79c76aa13ea54bfe459c05605e1d43af0126d0c9740: expected 323648 found 95880
20841646,aot,67443421.89333333,
20839184,aot,40890818.0,
20841740,aot,59114683.11764706,
20839944,aot,52499803.74528302,
20838834,aot,58830085.41584159,gas-used mismatch for 0xecaf6cffa1c140291ad19e3ec1925b1b29156861aec33c77d4c06809f282581e: expected 331511 found 288244
20839490,aot,54569583.85454545,
20839162,aot,106910654.51111111,
20838737,aot,52892714.10989011,
20838775,aot,41534596.112,
20841318,aot,51769941.783018865,gas-used mismatch for 0xe04458980df62c14e1ab3c103fe30e5959044ef95c2980befe69ab9035dc6167: expected 308306 found 268346
20840522,aot,85624158.50980392,
20838647,aot,47045895.15625,
20836772,aot,50935940.157142855,
20836115,aot,59594180.88888889,
20841412,aot,54396929.615384616,
20840568,aot,38926333.625,
20841540,aot,26388513.340807173,
20840757,aot,50607559.842857145,gas-used mismatch for 0x30331e99106abeb80ca31d09bf50eb1d4bfec4db54cd71c11ab75e47a0d7ffea: expected 277745 found 153935
20840147,aot,48098103.9,gas-used mismatch for 0x8375766cd46dc3d6c28a7c80ab58871d6f34e83e487d9041b3f8ca2925291049: expected 799319 found 523680
20840844,aot,45895570.43010753,gas-used mismatch for 0x7b007f44248d65b38d949d23d4eb5e9268beff5b4de86e336063d3873e553d2b: expected 302416 found 218182
20840615,aot,41502190.927710846,gas-used mismatch for 0xf2415e11b480ef926178b816b8cfcc273c4c3f9ea47fb70e26cdc638a50c8c4d: expected 178385 found 110462
20836397,aot,52430042.08219178,gas-used mismatch for 0xca077089b30aa12fca398fef6b07e8e5c6f8f3ca23e271a9ed9eba224da4416e: expected 372536 found 175198
20839208,aot,40316163.791666664,gas-used mismatch for 0x9be5aafa3b3ee8d12e112fa73e6d92d54c2cae4fbc85c9b0865d8de5d85a718b: expected 56030 found 49492
20837706,aot,87499426.33928572,gas-used mismatch for 0xfd5e1d59459bd3b7406bc4f0cd972ea0a0ca4cce00d824eb2fdbe1ff2ad6dfd4: expected 324098 found 95868
20836022,aot,74767137.07894737,
20836162,aot,33898678.25433526,
20839338,aot,82863065.57142857,
20836209,aot,50548228.26271187,
20840799,aot,51420174.60869565,
20839303,aot,40781743.5631068,gas-used mismatch for 0xcdf921977b58e5fbc036872b6d5f6778bc9f710e59ed3b2140df3d74a776fdd3: expected 907658 found 376525
20839398,aot,56931355.073529415,gas-used mismatch for 0xad07f6821c1f1774b22449959e73cd84dd10cd1ba3fdb0fd8d5c5ebc6fac4bcd: expected 304981 found 234735
20838272,aot,43192927.99090909,
20839022,aot,46413852.518867925,
20836581,aot,65160109.434210524,gas-used mismatch for 0xc6bd0cb49c5840908ff2343f46c8f9de56ae5a2f122d62b26273c8a14e39dca3: expected 305229 found 95868
20840897,aot,90947358.84,gas-used mismatch for 0xef550dfe3df6ccb3d6a5c36b21864648530e3e743ad08d45106926a341d8260a: expected 955646 found 362052
20836138,aot,61567787.60215054,
20839772,aot,102682448.5625,gas-used mismatch for 0x986a589258413c05ac4f87f779d125206850b8b0a6d2b081616a4fdd9e418561: expected 736597 found 727917
20841389,aot,44209582.25,
20837897,aot,36932849.7251462,
20840744,aot,62369545.2745098,
20837522,aot,62597707.84931507,gas-used mismatch for 0xe5cf299158506b91a5cf03f25bbc2e9247f5b624d95406a58081ce7827a41f52: expected 402147 found 95892
20841834,aot,46649789.41509434,
20841459,aot,26699938.019762848,
20840709,aot,88627143.86666666,gas-used mismatch for 0xddac4d5deb2f7687c7f11c80eecf5b50356deb6470efe0933086807d13b143a0: expected 262960 found 245669
20841272,aot,51991961.15315315,
20841647,aot,74084469.74603175,gas-used mismatch for 0x70ebec494e156ccc459ce3d0e76d72a985391703d0ded8f46a304b592981ed80: expected 472655 found 95880
20841284,aot,43331378.44144144,gas-used mismatch for 0x9929f6205c47c4896f5350cf95af3fd4f8a795e3c9e83ed8eeeb21a46ec693a6: expected 152951 found 72827
20841741,aot,74769826.80357143,
20839584,aot,60186498.4245283,gas-used mismatch for 0xfe816b9de9d5d4eb1972e2640e00a173762c2dc497efcd5f91f417a85692115d: expected 666175 found 287575
20838460,aot,39589047.80794702,
20841413,aot,14198616.713615023,
20840312,aot,61312090.58928572,gas-used mismatch for 0xf2678d842f87dcb3deb217b9f4bbb38b77774f7894b79e5ab6b26394a67132d9: expected 136625 found 135117
20838738,aot,23610824.233333334,
20839491,aot,36961990.44520548,gas-used mismatch for 0x087c1268e4509bc040e46a650bd52043bb2424091e31986569556d5b0c7cc68d: expected 277893 found 238277
20838835,aot,36590430.60689655,
20839945,aot,59553907.958333336,gas-used mismatch for 0xdbb3a6509f7e3c541587e294d5e76e14d0f79e225ecfaa859b730fb41d5abdee: expected 816720 found 105462
20839185,aot,40418341.254658386,
20840851,aot,68934365.7,
20838906,aot,77406685.46478873,gas-used mismatch for 0x933631084aa5df8ef394553f42dced22cca7881f4829260aa601225504fa1bc0: expected 322851 found 282767
20841319,aot,72672636.28,
20840758,aot,51936533.631578945,
20837707,aot,14199866.012987014,
20840569,aot,46457267.85454545,gas-used mismatch for 0x9371eb2590aaf252d3a627a28bdc3e8be3ff0f53dc2bde207c9a23f5358dc932: expected 364641 found 107029
20840616,aot,53192729.35483871,
20841541,aot,76235114.67142858,
20838776,aot,71714515.5909091,
20838648,aot,94209597.55384615,gas-used mismatch for 0xc60296483733ba553c667ca24a8953de87fa510162b60bccd735ff93264f89eb: expected 747856 found 105612
20839304,aot,61668377.125,
20836773,aot,69084438.89411765,
20836398,aot,39899801.45925926,
20836023,aot,59544428.2,
20839399,aot,63689900.05,
20840845,aot,69118867.65882353,
20839339,aot,44783455.876190476,
20840148,aot,70447242.0107527,gas-used mismatch for 0xe75e990f998e30848be06f37758d0153db41c1bb852012eef5911a4c3abb51cd: expected 736407 found 105612
20836210,aot,25382233.697560977,
20839209,aot,71768740.51764706,
20838273,aot,37668042.40458015,
20839023,aot,69898543.45070423,
20839351,aot,60830813.37142857,gas-used mismatch for 0xefb16f064b918e9a95e361a9ece77212b04a0a54f0f521cab61c73961903b53b: expected 329806 found 289745
20841835,aot,53303041.50704225,gas-used mismatch for 0x9b478f73ffaae53c88eb6b34df312f87547ac4f491ef0e111d998784db3c948a: expected 326700 found 152988
20841671,aot,79849357.02816902,
20836582,aot,18983692.971530247,
20840800,aot,54371728.666666664,gas-used mismatch for 0xfd445824ccb410968acb571b7179664c74b56fc36683c1b5f2bdfdd2fcb98d4c: expected 152457 found 135210
20840745,aot,37071440.5,
20840898,aot,59006566.833333336,
20837523,aot,37127482.45,
20836139,aot,58549620.315789476,
20837898,aot,35962503.19594595,
20840710,aot,74236479.76470588,gas-used mismatch for 0xb6e03bb6ea9b3a1d157eadf97e999c8c1231a02b7e4850d4a932925be5e96098: expected 579102 found 326347
20839656,aot,57983638.43209877,gas-used mismatch for 0x3388897317003ca0c2ec68df91d9130e48ab6d665ad2c63fe4c5686f9ba0fd8c: expected 483710 found 105173
20841742,aot,35877451.051724136,gas-used mismatch for 0x666652a489114b37984124c1098f25a1ab9fdc244a8ee38ee79d7a612cc85640: expected 277733 found 153923
20841648,aot,35148301.65753425,
20839773,aot,44327758.79333334,
20838461,aot,69719300.47272727,
20839585,aot,51612975.13953488,
20841460,aot,186267869.93939394,gas-used mismatch for 0x50ecec8a200e97910553cb6b06d4c29466d887a34726c43208f935b40ae0928c: expected 452039 found 104871
20841285,aot,54003944.783783786,
20839946,aot,49186277.41975309,gas-used mismatch for 0xdbf961e925149778d5a6d03d3aa9d587d335416ecc7def129c94ab4f59302de6: expected 1200420 found 933293
20838836,aot,62493298.89230769,gas-used mismatch for 0x9a883bb40a38c0563765a3c8c1f45f504393f2a280b91fafaf92472068a22732: expected 135899 found 85606
20838739,aot,40953386.720338985,
20839186,aot,24874260.825870648,
20840313,aot,47603791.61061947,gas-used mismatch for 0x1dcdd9558142b368fa9d6f3c86e3130ae519c41760afed9acc12dc949ae82e60: expected 327394 found 95880
20837708,aot,87245591.525,gas-used mismatch for 0x75931e5f3080d2340bb7056d889313ffdb57c2f4ea64a98bdc97deaded7f3977: expected 1668126 found 1228143
20841320,aot,56990647.92424242,
20840852,aot,72220320.0,gas-used mismatch for 0xc973f1cf3d7c6a7cadffff691f404b6946e38dc263ec8ce39c68a7d61cdb0fc2: expected 230285 found 188348
20839492,aot,49151100.38738739,
20838907,aot,29982291.916129034,
20840570,aot,37484411.24347826,
20840759,aot,73700329.39622642,
20841414,aot,105637496.78688525,
20838777,aot,54593628.925925925,gas-used mismatch for 0x818a618deaff1569d1a8c0d637fb08b7496d9921cc77eccdfd4822a6f175528e: expected 322851 found 282767
20836774,aot,53553270.57954545,gas-used mismatch for 0x733f33c6008fbfe3b7f5a1945697ae6bb657cc1ab574752b7ba52f18089de821: expected 909635 found 134525
20839305,aot,56885218.9625,
20839340,aot,51428933.84931507,
20836399,aot,47642166.631578945,
20839352,aot,59969268.952380955,gas-used mismatch for 0x33c45575af98d4d32ae4443240fbe89415ebb0c0275678b259f7ac0beee725fb: expected 319426 found 276159
20841542,aot,66896637.0375,
20839210,aot,55189629.48,gas-used mismatch for 0x60323f9ddae0c559ad070b28066fa5d157977c0e905f8043a3818b8e41ae8a47: expected 380698 found 95868
20840617,aot,67372844.23863636,
20839400,aot,53043795.425925925,gas-used mismatch for 0x23eb14c71916f5de5ea33c94903ca4d1b8450a962fbfc8284a6db51846668fdc: expected 277745 found 153935
20840846,aot,45646917.73015873,
20837524,aot,64062077.18,
20840746,aot,21616317.94897959,
20838274,aot,73414361.54545455,
20836024,aot,70885733.01136364,
20841836,aot,53887463.777777776,
20841425,aot,32226954.575,
20840801,aot,44767152.28828829,
20836583,aot,71753493.13636364,
20838649,aot,59679809.29661017,
20839024,aot,48334271.432432435,
20840711,aot,18708917.441666666,
20840149,aot,75486800.86666666,gas-used mismatch for 0xb4b3fb3f9b554c0af88e66b5ca9b4c8c0d2c4938872f3b3d97a6dedc90854afc: expected 437514 found 96787
20836211,aot,94054142.21666667,
20841461,aot,41525385.27160494,
20841672,aot,29796826.696682464,
20839657,aot,70747152.64705883,
20840899,aot,64174019.07954545,
20839586,aot,50629545.37209302,
20837899,aot,85820912.40983607,
20841649,aot,64251429.2739726,
20839947,aot,44524444.44186047,
20838837,aot,45110346.766666666,
20841743,aot,72863527.28169014,
20841286,aot,24709611.70967742,
20839774,aot,44374776.94074074,
20837709,aot,22388576.54255319,
20841321,aot,14863259.300330034,
20839345,aot,50568038.182795696,
20840853,aot,34607948.02290076,
20838462,aot,52733320.278195485,gas-used mismatch for 0x2237fba4fe29434448329d9ed7525e1579c2612d6dec45e157c423035b6ae8da: expected 1484241 found 630204
20838740,aot,95646134.94642857,gas-used mismatch for 0x1586b3f652908d2bb3b7193bc94749eb5b7039034cd24dbd63fd0768189b88a3: expected 439495 found 379070
20841415,aot,71491363.51666667,
20840314,aot,69184712.35227273,
20840571,aot,65932066.14102564,
20838778,aot,55370175.22352941,gas-used mismatch for 0x19682ad4eaf6f3e9e0455b947f3c0a2eafc0fb1670cda9a5f3221928811d985c: expected 235636 found 170654
20839493,aot,51908025.62162162,
20838908,aot,53416363.556603774,
20836775,aot,47091687.791666664,
20839341,aot,38291173.144,
20840760,aot,73610165.88,
20836400,aot,44298573.520325206,
20840618,aot,36709722.877862595,
20836025,aot,35815441.0,
20839353,aot,56699817.41111111,
20840847,aot,20391943.03539823,
20839211,aot,54984967.09375,
20841543,aot,59029802.833333336,
20839306,aot,66644103.1980198,gas-used mismatch for 0x38a9fb4000016b174087bcc40a3e8067138cba156cf80d6a3822b4615ee6b81e: expected 380488 found 222294
20841837,aot,63135335.5,gas-used mismatch for 0x057cdb8964044142ca2451b6ffa72f8206845a2b9924fe4eb052dc468e825aaf: expected 289055 found 255014
20841426,aot,77542482.01639344,gas-used mismatch for 0xeabb43b1ef9f10f1300171003c7e302d903079097d5b427500b1bcc3dae8da63: expected 643728 found 105533
20841462,aot,37681960.123893805,gas-used mismatch for 0xa4465f9bd8f58e74b93407eb3d5b97548245fbbe0378fccd2e4cb06da9590a34: expected 127917 found 56972
20838650,aot,53582657.14285714,gas-used mismatch for 0x4d79620df302535e94467503de1fdca6eb4a4a7d64eb5c83932cfc5aa6df8f92: expected 675345 found 319442
20840712,aot,73973135.2909091,gas-used mismatch for 0x614814d1c896da0c873c1d4b5f654d367c200348465a919d503235d74700856d: expected 277745 found 153935
20838275,aot,37711202.42553192,
20839401,aot,80099165.95774648,
20836212,aot,42841583.46666667,
20839025,aot,44001746.876106195,
20840900,aot,62956046.81967213,
20837525,aot,65589926.71,
20836584,aot,68910342.71084337,gas-used mismatch for 0x62a077e4cc4eac1219e73b781570211421f9d7f2a9c8b478cbf2b36207e24e63: expected 4114746 found 434896
20840747,aot,143312069.09756097,
20838838,aot,32286368.992753625,gas-used mismatch for 0x2482a6b59664aada8e6ad43e9d87c10254ca5aa83bd0f678278fb55431411b7a: expected 596800 found 119621
20839587,aot,65673439.807692304,gas-used mismatch for 0x2f34818bb902e4eff0ae1303067cf928c6e3736cce61a901c072a3a480191c4d: expected 266951 found 219661
20841673,aot,95909431.93103448,
20840802,aot,114574761.53448276,gas-used mismatch for 0xad646d27348874632232f7cdef0d6a69bdbf8757c749c3333360807c7809a31f: expected 341393 found 192942
20841650,aot,48527198.77391304,gas-used mismatch for 0xd332887b95422e7387e772cbaed994a3d45f4fa56149d775b41ccccb481a3faf: expected 290989 found 267511
20837710,aot,53594240.20547945,
20840150,aot,55777670.888,
20839948,aot,62784702.505494505,gas-used mismatch for 0xa16c3655e2166c8473428f47b8885918b0a1a50571b60fc1e67a407b39b02e75: expected 277745 found 153935
20841744,aot,63811354.05555555,gas-used mismatch for 0x29bbaf9936769bb13c399a709b37c1c088285de7f033cd738bef466022bbd60c: expected 274556 found 238439
20838463,aot,35982309.155172415,gas-used mismatch for 0xa489861a5908cd82240478672713c883e43f849f07b06bcacceacab06282477b: expected 332480 found 221694
20839775,aot,52662141.0,gas-used mismatch for 0xbe7343a28a6d8641376b7d59b96a2bcb2f6e245f86d4e2d1bdaf142789c8dec5: expected 313448 found 96017
20838741,aot,64929036.96363636,gas-used mismatch for 0x15a08dd557e66e3f11f5d8bcb238c0676eee1c485a1a03a50c7b88bd954f9523: expected 392535 found 284027
20839658,aot,92789590.89473684,gas-used mismatch for 0xd2c71465cabbacc2104e5ec5c371e1d159145a61b0fff73a3e882d7501c20556: expected 262840 found 245549
20841287,aot,87393253.65,
20839346,aot,41216924.27826087,
20841322,aot,68530810.16438356,
20838779,aot,46062208.48235294,gas-used mismatch for 0x270a45f815127356d3569057708ce09dd2777f54c1dee6601d37dfcaa878f5dd: expected 389849 found 104938
20837900,aot,65350240.90740741,
20839494,aot,23314649.988764044,
20840854,aot,70407845.84,
20841416,aot,51061933.2631579,
20840761,aot,41862605.58415841,
20840315,aot,51604428.86,gas-used mismatch for 0x913e031c4c62251689cc85bd6731adf99b1558536322597d6e436e6182444c93: expected 214576 found 144540
20839212,aot,38972645.94736842,gas-used mismatch for 0xf3a00f3046084cc94d8bdeec4ae946d4771bb1bfb4f8f36fceaef3a20a03bea0: expected 560342 found 346557
20840848,aot,42992335.45783132,
20839342,aot,42006633.277777776,gas-used mismatch for 0x0bb8784485e8488aa8f28bdc28942a2f548d18e114d2fa19b449234fbab685ae: expected 346828 found 107046
20838909,aot,41147518.44927536,gas-used mismatch for 0x32d18538192004ece5d259f46480f7318c592061237e757ae6f9d14d888fb61f: expected 168022 found 98232
20840572,aot,58592074.12037037,
20836776,aot,67323353.61627907,
20836026,aot,89674224.36363636,gas-used mismatch for 0x8922a266bc0ef7a593346a9357883656a5fab6b50922c06aa69a2ac70c2005ef: expected 382595 found 107151
20836213,aot,35741588.23478261,gas-used mismatch for 0x6a8c92be962341158d2796b778dfea591017e7ea6f75b40be9ea59b593f9e67a: expected 328420 found 95868
20836585,aot,41061393.15116279,gas-used mismatch for 0x23424fa21bce787f8e3175e6826721daef937bd65f6fc5cfd9f7eb421841b6c3: expected 391701 found 208629
20841463,aot,64487657.666666664,
20839354,aot,49487254.76521739,gas-used mismatch for 0x5a7d7ee1c9b4a4365a6c201aaf9e546667eddf2c8838b2b23610fb6522eb5262: expected 88070 found 81532
20836401,aot,82316073.94285715,
20840713,aot,77513690.3018868,gas-used mismatch for 0x11275be743983859077594e7bae4634fb00f5d65375062efe3ecb24b97cea901: expected 409580 found 95868
20841427,aot,68891777.39726028,gas-used mismatch for 0x2283a606990a6afce77b15d9d026a1c8c9fe2022c5189ca65a1a382003de875a: expected 848185 found 338416
20841838,aot,51858452.81632653,
20839402,aot,37600479.682926826,gas-used mismatch for 0x3fd802a227967441880ceb6fe20e6a5a32ba276cecdb26fa42c10382839efcf1: expected 277745 found 153935
20840619,aot,45710225.20689655,
20840901,aot,28833326.824242424,
20841544,aot,95568719.08196722,
20838651,aot,53916222.73,gas-used mismatch for 0xbb4819ba426803f72ad2f297e458f15644e37609814f0da4af5ff6ddc46051e3: expected 730585 found 100631
20838276,aot,57958560.97849462,
20839307,aot,61847134.41052631,
20837526,aot,21929244.334841628,
20839026,aot,46898972.13043478,
20840748,aot,50096247.56190476,
20839949,aot,34846976.483050846,
20837711,aot,43918289.60909091,
20839588,aot,47064079.74576271,
20838839,aot,44826706.08396947,gas-used mismatch for 0x65c6f51416012625a99cef90cffc2b6cc6a1dc79d7a5d0e812d0080858c0f43e: expected 277893 found 238277
20838464,aot,82753745.72916667,
20839659,aot,38859953.522522524,gas-used mismatch for 0x2b51cb1dced9d66b955e6d414b41d721ce14902f8823219e33ee04983fe34b34: expected 586499 found 98981
20841745,aot,57999216.833333336,gas-used mismatch for 0x6b859cbb4eb1864273a91048b5af2d6a70edf1581345514de49a5962f0190a76: expected 380564 found 303030
20840803,aot,26044729.600840338,
20838780,aot,57321557.126760565,
20839776,aot,74890611.27941176,gas-used mismatch for 0xa5f524049e10f515532750f045829e3e29b18b39223c897c126fe25783ffe417: expected 455555 found 311032
20841323,aot,48772049.85555556,gas-used mismatch for 0x7c313cb04d77a340b7ebd1693812fdfdb3cdee8880d0d5bd7fa8183f27b479c2: expected 245483 found 178503
20841288,aot,34926068.06410257,
20840151,aot,51051409.65289256,
20837901,aot,45091922.76530612,
20841417,aot,58614587.75757576,
20841651,aot,60883890.25471698,
20841674,aot,74855117.06593406,
20840855,aot,57333186.69318182,
20839213,aot,38018640.99099099,
20839343,aot,47430441.197674416,
20840316,aot,57160916.025,
20840762,aot,47543140.29310345,gas-used mismatch for 0x9aa95045ce903746bfe0b7349b87c70921d534badc8f56a09b4e052e8f928070: expected 234825 found 120070
20839347,aot,68599054.95145631,
20839495,aot,59528837.33009709,
20838742,aot,62333975.708333336,
20836027,aot,42553794.675675675,
20840849,aot,10948268.88392857,
20838910,aot,61211766.875,
20839355,aot,44252992.06315789,
20840573,aot,59998918.02325582,
20840620,aot,49930775.618421055,
20836586,aot,70257782.27941176,gas-used mismatch for 0x6780614431990ed5aa9769242498ef872a276f1dfca944fc75b5a4391de134fc: expected 365214 found 95916
20840902,aot,62676502.84615385,gas-used mismatch for 0x4c125302ed679b377e980db2a646822bd628456219b5667c9890ef5a20469a57: expected 328432 found 95880
20836214,aot,59527341.50588235,
20836777,aot,64792953.14117647,
20836402,aot,57694233.62962963,
20841464,aot,46781446.04545455,
20841839,aot,50074601.614583336,
20841428,aot,55746720.35164835,
20839403,aot,58215592.30107527,
20840714,aot,132859.9686222493,transaction validation error: lack of funds (457409167035703081) for max fee (653255708822492087)
20839308,aot,46683003.13333333,
20840749,aot,59417357.79365079,
20838652,aot,59336389.51612903,gas-used mismatch for 0xfe7d5e9b58ad0dd5231151764cfd1e7f2792d45e77257f9ca43bb897cdf44dcd: expected 819224 found 105636
20838277,aot,53874425.59047619,gas-used mismatch for 0x680dbce262508594960cc1170b88d3647554222bed9025bd3d2d8a16baa075fc: expected 426078 found 95868
20839027,aot,46619636.137931034,
20840804,aot,67284653.90243903,gas-used mismatch for 0x05aef2a7170e52254046eec37c6ed3abfec3366126f9a5b7682d7da9be202145: expected 489724 found 399685
20841545,aot,15978825.294536818,
20837712,aot,40130115.981981985,
20838465,aot,34445743.7890625,
20839660,aot,38572650.11504425,
20837527,aot,106909732.86206897,
20839950,aot,57341727.094736844,
20839589,aot,59552349.58888889,
20841746,aot,49018560.95698924,
20838840,aot,56429171.368421055,
20839777,aot,59038971.671052635,gas-used mismatch for 0x19ea041348fb71b45f512dea96af8aea40acffe5365d9f5fe9703a222aa9a0c9: expected 257436 found 240282
20841324,aot,47718938.15053763,
20840152,aot,19120030.536170214,
20841418,aot,44738746.2264151,
20840856,aot,47880518.45783132,
20841289,aot,34386698.26923077,
20839344,aot,45236605.04301076,gas-used mismatch for 0x6ff6c13df4aec3226d31a0084e039ce15a49298b942e259d98a4bab9aba9d945: expected 475075 found 415310
20841652,aot,51578470.78095238,
20837902,aot,43492781.1015625,
20839348,aot,42358205.17582417,gas-used mismatch for 0x6533afe148ec21a2517c94bb5fec67f2e51567fcccdf4ee56609f79d5d1698b3: expected 182919 found 98851
20841675,aot,48144111.1,gas-used mismatch for 0xa1fa897c965560964424d1d27a21b3f74726405ec420f4c92c67cf621911ce91: expected 187873 found 56592
20838781,aot,44010712.75172414,
20838743,aot,58773103.89041096,gas-used mismatch for 0x44e559277d8b3478b4be8c40862308e020f827c9f2662ece92337c825c718311: expected 214576 found 144540
20840574,aot,43034024.435294114,
20838911,aot,39527875.485436894,
20840763,aot,44141831.50833333,
20836028,aot,59891786.421052635,
20840317,aot,54931174.25862069,
20840621,aot,47746793.35,gas-used mismatch for 0x24e6596eeae8e0e2b3c7306b96452b832ffa477234f97214fb7eacd6599c2b01: expected 426340 found 104983
20839214,aot,77033201.38709678,gas-used mismatch for 0x9d72fe6af15b1c8884bafcd6407e3ad928c5f423ea9478fa418aa2efebf9bcea: expected 965868 found 940013
20839496,aot,86555492.80821918,gas-used mismatch for 0x1ceadcef15ab1fc48cfcd4431544c824331b6495c25bff9f5e26cedfb6fdeb60: expected 402135 found 95880
20840850,aot,96208717.52083333,
20839356,aot,38939641.62962963,gas-used mismatch for 0xee625af06c6275b210de97e3ecd3c32b74691c81162377335fc4348b63889a38: expected 377260 found 98981
20841465,aot,36768000.94308943,
20841840,aot,58057208.82716049,gas-used mismatch for 0x4ae32220a5b3c918c88762a967c5b6d9ed97bec16250a1e633cc7a221232a471: expected 476705 found 129044
20839404,aot,68057297.81967214,gas-used mismatch for 0x07092517b7abd560a706261de93542138a4eafd93ae6ac63f966980f03d4aa20: expected 192673 found 56592
20836403,aot,50287441.05555555,
20838653,aot,49128776.4125,
20836215,aot,83762923.04545455,gas-used mismatch for 0xa75dc88990c06aef8da172bd8df2b8c4e6da7a21059a9b104cc4bdadf092bbdd: expected 2604325 found 823262
20836587,aot,74268889.32051282,gas-used mismatch for 0x7e935e164553b98e413259573d2416f7f9cb2903a6890c0eef208f287a257e69: expected 270066 found 238061
20840903,aot,49961889.734513275,
20840750,aot,23954512.163265307,
20836778,aot,79793948.04225352,
20840715,aot,93322392.41666667,gas-used mismatch for 0x3c0948305718200dac9a48cf0165fea7dcf174ef14b114226f3e63a76be7df99: expected 716284 found 530786
20839309,aot,68996160.52564102,gas-used mismatch for 0xa42e157c58d16dab298ef0ce5a66222605357186229121f36189a2cf43bde43c: expected 1337565 found 596676
20841429,aot,58220507.29245283,gas-used mismatch for 0xaf800708751316b9f6eab17b1f68a2b69cae6449d0a37357535b86f8edcaf06d: expected 329488 found 95892
20838466,aot,18473309.82040816,gas-used mismatch for 0x8c851490ea110fb074621fba22e9dd703cc4acf96d9cecf771945be05d8684bf: expected 446894 found 454540
20839028,aot,50501428.905660376,gas-used mismatch for 0x6815ddab75ffaa4f6d5bcb64a0fd5cad8dfb3990475d1a334e94282c4346ebaa: expected 39432 found 39130
20839661,aot,91446716.37254901,
20837713,aot,60280992.71084338,
20841747,aot,46964997.45454545,
20840805,aot,78417685.74647887,
20841419,aot,34504722.54368932,gas-used mismatch for 0x3d2f83eccde264bbaf5858c101471578d82d0c3eb454a54084cb10a79379ab0b: expected 374023 found 315033
20841546,aot,126078959.78947368,
20839778,aot,55154652.530864194,
20841325,aot,58744107.12328767,
20838841,aot,50571905.666666664,
20837528,aot,67742562.12345679,
20838278,aot,66401725.56190476,
20840153,aot,94548414.09803921,gas-used mismatch for 0x394edfc977eb324ecefbc023d0213b7e08a83424e4c6846b1742b825f7172a0a: expected 286002 found 238369
20841290,aot,39060890.43564356,gas-used mismatch for 0x9f92cfc6b9986b76651f25a5a73645a47b8eb8903068746ba481f80165ffaf0e: expected 380715 found 401518
20837903,aot,25594859.410596028,gas-used mismatch for 0x23ae2d1025783fc3f9c8a5fe031b68f68e034404ca18453861502da6492a37fa: expected 192661 found 56580
20839951,aot,65297046.516483516,gas-used mismatch for 0xccc991072efa26b80c4de9f9f243297279aea7facb3c79fb01c088b31da07270: expected 277697 found 153887
20839590,aot,92152989.39393939,gas-used mismatch for 0x45ce917e96b7fbe9a54823c37c09f8c684c644f60d46f69bddd12e77069b1e1d: expected 437637 found 95868
20838782,aot,69343812.36507936,
20838912,aot,48615837.53333333,gas-used mismatch for 0xcb1f574addd1844cc764978354675e02075f9819160855a5c359468f59542c1e: expected 208114 found 196325
20838744,aot,53652664.6344086,
20841676,aot,73308505.85333334,
20839234,aot,78230318.76315789,
20836029,aot,60878347.78947368,
20839349,aot,58483853.4137931,
20840318,aot,46886794.02105263,
20840575,aot,72069943.17105263,gas-used mismatch for 0x3844b392536379e92da649c8f0f8c64b83e4b05aaad5e19043ca7043dcc1e14a: expected 337235 found 293699
20840622,aot,42466135.53097345,gas-used mismatch for 0x2b87ca64cb0e2505641ac47c85e25689317de50d5dfe0ee85ed7ceb8ec2fc777: expected 277745 found 153935
20840764,aot,28022401.03448276,
20839316,aot,20697148.73148148,
20840857,aot,107852067.38571429,
20839215,aot,48444384.2,
20839405,aot,29544008.75,
20839357,aot,52338544.61290322,
20841653,aot,95783011.32894737,
20839497,aot,85690937.57142857,gas-used mismatch for 0x4152dcbc3686b41131b0d5f0553e0b37a72820604b8b704adc6ec2facac9be0d: expected 277745 found 153935
20838654,aot,54464592.28395062,gas-used mismatch for 0x237c40f775d85f39db2223d00a0325af7478f1919d804ca78b5c1da898b889bd: expected 587643 found 442895
20840716,aot,49619001.0,
20841841,aot,22399125.254385963,
20840904,aot,47964277.89247312,
20836216,aot,80997448.4,gas-used mismatch for 0x2af82510a1d2a7859246a1800931f8207586d8867fd4ee4a0acde9c6e0b00803: expected 417193 found 172517
20841466,aot,69160924.4074074,gas-used mismatch for 0xc16355da6ac5e915da86552ecab25ca5d4100e5b8941bccfc04f072d3a5ed777: expected 289055 found 255014
20836404,aot,46740973.90909091,
20839310,aot,52400854.36666667,gas-used mismatch for 0x46c81f584fbdc044846563cecec39b59ba094ec27e16f713ccb817d74300216d: expected 459120 found 96763
20836779,aot,39726133.30434783,gas-used mismatch for 0xa5ac374fec724d3b133ec5c4522b1679a42b4debb1772f3ffb8f52836fb7515e: expected 793426 found 172529
20840806,aot,75582839.04166667,gas-used mismatch for 0x0ec056ea58b90c0ed7d93bcae12a8fbed777ab0080677ddd101304087f01fb72: expected 1138778 found 523482
20841420,aot,56728924.71212121,
20841547,aot,50113943.44,
20838467,aot,64440987.7631579,
20841326,aot,40869460.260416664,gas-used mismatch for 0xe08b299909b4c06b6e76fa686a7152b3f3b24a1285a75aebb8df11b5833727e0: expected 153996 found 135424
20836588,aot,61514419.93518519,
20841748,aot,87452548.05882353,gas-used mismatch for 0x3715ad5fa60f17d4f3d3cf590aefc3305fe3d718e6ff8ca3789181320b308606: expected 408768 found 96902
20839779,aot,28144042.51333333,
20838842,aot,50830458.058823526,
20839662,aot,55266061.47311828,
20841430,aot,59018088.25742574,
20839952,aot,33599593.06666667,
20839029,aot,67327876.82417582,gas-used mismatch for 0x0727994c52d3f69096007aaa4cfad775b48cf20ddda921214bb63f4f53483d7e: expected 388699 found 367744
20840751,aot,125980364.21428572,
20839591,aot,34245559.97142857,
20841291,aot,56094070.18947368,
20840154,aot,56531547.39795918,gas-used mismatch for 0xa5e021a057ae85b0871005b167e8b470407e76c49535ad67115ae04af656f962: expected 223599 found 144559
20837904,aot,41887830.53076923,
20838279,aot,60404386.03157895,
20837714,aot,57105123.539130434,
20838783,aot,46032239.01941747,
20837529,aot,37343817.578313254,
20841677,aot,63007283.941176474,gas-used mismatch for 0x1670f780690b8f8302dad52c1788565a3206eda8584d69e4c3e60c1e9afb8eb4: expected 737324 found 805349
20839350,aot,61979941.916666664,gas-used mismatch for 0x2fae940163add21f829594e33c82a70b65a2597e06e56f094e4a548ac2e24ecb: expected 56921 found 50383
20836030,aot,40221408.654545456,gas-used mismatch for 0x4f975c769bb5cb5d3d2f90591e25b98874f492ccb3c7a7e04c14f024d83d180d: expected 277745 found 153935
20840858,aot,23458499.072727274,
20838745,aot,36542940.91428571,
20839498,aot,34202610.927083336,
20840717,aot,12963946.588461539,
20838913,aot,54114564.522123896,gas-used mismatch for 0x6518c770cc346523412821d3ee0a405093d95b667557eca7f5efb269d29e5dd8: expected 277745 found 153935
20839235,aot,35957717.277027026,gas-used mismatch for 0xbc2783f255e0046b062d17337b50a64c079284d77bf456822902b39a195cc95a: expected 1275379 found 1325923
20840319,aot,56563964.31111111,
20839216,aot,55126295.305263154,
20841842,aot,76867621.48214285,gas-used mismatch for 0x0b38155015fc8806a27708868919f2a071db7075de7682fd861454a849df40ee: expected 861489 found 549383
20840576,aot,78196672.13157895,gas-used mismatch for 0x3bf57ea1690e0e89ff8f9f0cbfaa552991047e352d5b68d962161be756c9fc63: expected 779631 found 564201
20840765,aot,131923215.73170732,gas-used mismatch for 0xaf73d8ad81d42d46c497414f1fcb5e8abba67145a59bac0230d21c3bd8ff3ef6: expected 349630 found 95880
20839406,aot,57799980.06122449,
20839358,aot,70154189.20512821,gas-used mismatch for 0x932e536604eb212c61a8dc4d581f40f138bea330a440156af5c49e8e0b8b71fe: expected 1250131 found 1124516
20840623,aot,19419498.86904762,
20838655,aot,47229363.03603604,
20836217,aot,32551501.980769232,
20840905,aot,48305695.557522126,gas-used mismatch for 0x23b4238381e1eed305a31b41d41be9d9124016a264bedcd6d50868ff994472b4: expected 143715 found 84755
20839317,aot,93078448.88571429,
20841654,aot,68279143.01111111,
20841467,aot,42410671.72794118,
20836589,aot,52842008.906666666,
20836405,aot,53019096.518181816,
20841749,aot,33283788.546153847,
20840807,aot,17945511.243986253,
20841327,aot,57312641.3,gas-used mismatch for 0xaa870933ae8b5675a3e6edc3e042689f31e635562fc7886e4d943e6efee5bedf: expected 298608 found 229518
20836780,aot,51922666.60215054,
20841421,aot,57115871.12790698,
20839311,aot,38240422.5472973,
20838280,aot,28806713.494623657,
20841548,aot,81423163.73015873,
20839780,aot,97797337.92727272,gas-used mismatch for 0x71f204b63803ff958194697c780afc4f54d26f2036769176eaeab2338975ba3a: expected 401647 found 309310
20840155,aot,50078262.69736842,gas-used mismatch for 0xe5967411218f72babe212d853481eb560b3975ace08d4a478cf2025fef88efd8: expected 1302891 found 799554
20838468,aot,50478100.21666667,gas-used mismatch for 0x38e52d081db67c3c27f58cc91c86768426cc988fe91ce9b89209bf9f5eb136f4: expected 375574 found 95868
20840752,aot,82782182.48214285,gas-used mismatch for 0xa1030fac36a8376ada5ae4b9b43b90db314d4864153b7039cd4ac9592c441438: expected 813938 found 189665
20838843,aot,59544886.376344085,
20841292,aot,17293604.28629032,
20839663,aot,43354099.21052632,
20839953,aot,65971018.03947368,
20837530,aot,37163703.16504855,
20837905,aot,48674310.36734694,
20841678,aot,48256838.03125,gas-used mismatch for 0x2b107fc8e8ab7bb7168d4727463ecc5a644cd32cca51b25d912994ffadb15a39: expected 127917 found 56972
20841431,aot,62619101.03773585,
20838784,aot,50362531.623655915,
20837715,aot,43148624.29565217,
20839592,aot,69554844.68,
20839499,aot,53375842.52941176,
20839030,aot,73307888.83516483,gas-used mismatch for 0xb4bc7e20dd7d286b574826618b9d44ac0ed8b1adde6c5e1393d71bcc46809cab: expected 449393 found 417197
20841765,aot,64762295.23076923,
20839217,aot,40395380.5375,
20836031,aot,56950520.12087912,
20838746,aot,66563298.469879515,gas-used mismatch for 0x388da74eb336be7e7c03270de0af32068a009332cacf822b02f7ebeeccc68333: expected 252751 found 209807
20840859,aot,43644426.74045801,
20840766,aot,44725111.756410256,
20840320,aot,37749564.04580153,
20840577,aot,50484310.28395062,
20840718,aot,80305412.16901408,gas-used mismatch for 0xec98d4d9158f20dc26f771a655f995c67e2411f2f39b3c3cb9728b3a9952bd7a: expected 252726 found 238096
20841843,aot,54671521.03947368,
20838914,aot,55671116.125,
20838656,aot,44848757.416666664,
20839236,aot,45195289.20689655,
20839318,aot,63090576.55555555,gas-used mismatch for 0x06f318694f2e0b0804b241808ef79ff0739f9a66df2a6e040347077f24026d53: expected 393090 found 219356
20840624,aot,84171168.94,
20839407,aot,26631092.706976745,
20836218,aot,54585698.13978495,gas-used mismatch for 0x83cda7e53e0101cbc570b6428bf2bf15f0640d3116462f94b9286728dbe5b0a2: expected 233713 found 175590
20839359,aot,57696745.35,
20840906,aot,74482934.91549295,gas-used mismatch for 0x849f7641172d83befffa55471ff6da28b78b18dc533f9bb01acd2d80fd9578d3: expected 669235 found 517075
20841328,aot,56060563.37179487,
20841549,aot,57491123.98630137,gas-used mismatch for 0xd619df90d5f4611f12ed3f8e09d1fa5bf802b0c4b0d7f63af031b9a5daf2c422: expected 327401 found 269805
20836781,aot,22000654.056338027,
20836590,aot,48839884.69444445,
20841468,aot,37148955.37419355,
20840808,aot,32494515.36809816,gas-used mismatch for 0xa3a515dbb44cc5d8cf4b457761e737ba6decb97f02fce5073842f4f1f754a7dd: expected 329228 found 95868
20836406,aot,46187101.666666664,
20841422,aot,69332802.5875,
20839664,aot,48830100.75294118,gas-used mismatch for 0xb2b8447c17ce8ac162bd64d1f8eddc26f2dd94c6ec5283938e2ac959489286af: expected 315910 found 190391
20841655,aot,49656941.71428572,
20839312,aot,86579711.28571428,
20839781,aot,70273701.91176471,gas-used mismatch for 0x95d3bab9c49de06c00d594246e2a52f628e32825a9d1f1d550bee26dd00e9488: expected 277745 found 153935
20840753,aot,47196942.12244898,gas-used mismatch for 0xd0fafa9a6203d8c487d6299315550b9ab393d8475554f726d41fb6c28ae50015: expected 329228 found 95868
20838281,aot,42197159.407142855,gas-used mismatch for 0x25ab7cda3921a24f86d211a84ba5a25396154ecaa1a908bac0233ac3fac8aec9: expected 203039 found 82074
20841293,aot,51388030.625,
20838844,aot,51823433.768421054,gas-used mismatch for 0xba06c71e2e37e122b4cd64914bc2ccc268e78b40159847a103ae7f9d4eb17889: expected 315910 found 190391
20839954,aot,48680181.354166664,gas-used mismatch for 0x0c9f345958c6d7babf63beee5da069b3c3c6ab090f45cdd607fa6fbfeb6eccfa: expected 277745 found 153935
20841750,aot,187270522.12121212,
20837531,aot,48873973.44,gas-used mismatch for 0x08ba3e0c7654035122edd8009babdbefe948074cf220956b02b18fb1d563600f: expected 587062 found 595241
20838469,aot,30260549.37368421,
20837716,aot,22413683.494897958,
20838785,aot,56928577.74666667,
20837906,aot,32426031.58433735,
20840156,aot,62155779.83018868,gas-used mismatch for 0x88dbcff4ad82e66e20f84c718fe7ae95a890afcde93af4f7ea9a2ccbe8a74cc8: expected 1402458 found 596987
20841432,aot,39350270.91603053,gas-used mismatch for 0xaf2c46b1c0c1baee102ec6a0fdfa74e1f79f48e7a6cfedbf0d53096d4049d92c: expected 277745 found 153935
20841679,aot,52152436.40952381,
20841766,aot,47145080.55789474,gas-used mismatch for 0x6ef73cf13ce91e3c48ea9fb392d34331d7050283f9d868c9f7edd3f4a6ac7da5: expected 337066 found 95940
20839593,aot,50939902.45945946,
20839031,aot,48780996.52727272,gas-used mismatch for 0x6977e235006bb89b6429df81fa73f8c333aa87499df950f5eefdaa9805548dd6: expected 397979 found 381868
20839500,aot,64160369.472527474,gas-used mismatch for 0xe17632ed374aa72b6deb1eec7cca55fc64f410d615716c71e2ad46c22751ad1c: expected 673394 found 125775
20840578,aot,48947643.1125,
20838657,aot,33305947.03539823,
20838915,aot,39332752.95454545,gas-used mismatch for 0x322a5b70a00537e64a856b21b5f6b805ba087bb8b49fa0cf678da7eba4d4e21c: expected 481205 found 276900
20840767,aot,60409443.625,
20839218,aot,63594621.67058823,
20838747,aot,35827776.89864865,
20840860,aot,83765403.81034483,
20841844,aot,54352682.82795699,
20840719,aot,64016895.30263158,
20840907,aot,43022365.78666667,gas-used mismatch for 0x6516c58b9b07687b858f99a59b4afdbd4e64786b667eb9313bd3b29ea9222a2e: expected 380123 found 160307
20840321,aot,63578220.744186044,
20836032,aot,53842352.208,
20839319,aot,65107303.191176474,
20840625,aot,49369064.37894737,
20839237,aot,54241124.56666667,
20839408,aot,66704466.61904762,
20841329,aot,58647856.307692304,
20839360,aot,49144287.95454545,
20840809,aot,91895314.12195122,
20841550,aot,32397408.204968944,gas-used mismatch for 0xc5e0066bf756d736dabb678e38bb363cfb7711545435ce8867c3590b326a2af5: expected 570543 found 425795
20836219,aot,49872900.55932204,gas-used mismatch for 0xb54f9ea6a3898357c36b0d1917e57dfe17e82d2d0835e0ebd42b2e5f7a918b9e: expected 277745 found 153935
20836591,aot,53399977.838709675,gas-used mismatch for 0x587be8f9b5908144f67565d198b0811813a040e70a247ed21994060756b5b6d2: expected 453286 found 285766
20839955,aot,37099767.58,gas-used mismatch for 0x4050ec69e2d3cb4064a6b7c04d78c13a8005002c88f918fc9d3109e74b230fb8: expected 380147 found 160331
20841469,aot,67880967.96052632,gas-used mismatch for 0x5321393a60d0697d8e2514e25f51f6e90043580d0a1b6614394286ca8cf2a1c5: expected 266951 found 219661
20839665,aot,45973876.36734694,gas-used mismatch for 0xf15bbf6210993065468517636d5c47f99f7598ce7bc0503e083a12aa50928150: expected 350662 found 95880
20838282,aot,27955319.844594594,
20836782,aot,129055817.08571428,gas-used mismatch for 0x367e24a821a2ffe9b6d21d904135132e34571f647f6bb42178e49edcf243c788: expected 218783 found 142223
20839782,aot,36249945.00769231,gas-used mismatch for 0x4d886a48c723233e4c9fc8d09de2eacc0926f22e53327a247258726387872f0e: expected 335384 found 153000
20837717,aot,59112274.72727273,
20840754,aot,60990835.1369863,gas-used mismatch for 0x824b2597b28d6e2b7ade15de5722f21466f361050ef2db5cabde76c5023ea2c4: expected 422395 found 361970
20841423,aot,68902805.16901408,
20838845,aot,26645354.580110498,
20841751,aot,57820293.28205128,
20841294,aot,61737320.89041096,
20841656,aot,69488303.42105263,
20836407,aot,70027090.6,gas-used mismatch for 0xc25959863453d62759f9f2e8d32c497c4f857f3bd5bd2b79eac7ebd3fc466fa3: expected 347711 found 98993
20841767,aot,59177338.98275862,
20839313,aot,59544050.84158416,
20837532,aot,76530191.24285714,gas-used mismatch for 0x8afb6cddc7bd0b2dc06225b6dc5a6bf368092f4c14dcd608bd3437c84648220a: expected 369685 found 222294
20840157,aot,48952389.279569894,
20838786,aot,54042737.68367347,
20841680,aot,49872068.65909091,gas-used mismatch for 0x2491f9fb4c22a6a6762b665c25d32071522195566e11cba913997ffe31aa89fb: expected 324098 found 95868
20837907,aot,37717954.544117644,
20840579,aot,49147908.67123288,gas-used mismatch for 0x50cc0e3c303dd65c114dffcb8991c206fea5f050b2a9753ba91424ba5a037b01: expected 422543 found 193006
20838470,aot,56954378.23584906,
20841433,aot,69179988.80821918,
20838916,aot,15459308.136,
20839501,aot,29226649.793333333,
20839219,aot,56054629.68253968,gas-used mismatch for 0x3736ac70e9d7d099bbb9df803c71dc20ba4a947b7c466215ede8e9e40d305b54: expected 277745 found 153935
20838658,aot,54806443.549295776,gas-used mismatch for 0xe0a7c62447de88036f4a9869e9f7e375b5258a27dec5c93facc73437b2cb2a88: expected 277745 found 153935
20840768,aot,56809319.61333334,
20839032,aot,45622285.56779661,
20839594,aot,61503223.82795699,
20841845,aot,87438936.36956522,
20840861,aot,41646816.05405405,
20840720,aot,66101095.025,gas-used mismatch for 0xf71552a1e6f2638c60a585f3ff983a2508e0e9d7d5eb9caac16a7ee35fcda1b0: expected 212476 found 100406
20840908,aot,55401318.53763441,
20838748,aot,76752637.78205128,gas-used mismatch for 0xad4333a7799d789ca224f172eb837fbf4773e4a4ef1900c16b1576dfef00f2d3: expected 933434 found 907335
20839238,aot,43514970.2735849,
20839409,aot,59697842.15,
20841330,aot,43923131.83157895,
20841551,aot,73950171.39622642,gas-used mismatch for 0xaee22a305b4bdca92d9d8aa55c96dfd34b019e17e3f0680a0b49a87d7e223074: expected 674445 found 472785
20840810,aot,95775293.7,gas-used mismatch for 0xd28eab5958ceacaaae5ec78416bbeb093eca5af7163c466989a1a8a3de79269c: expected 223697 found 144547
20840626,aot,61531212.36046512,
20836033,aot,51889434.61818182,
20839320,aot,58443597.00952381,
20839361,aot,13941810.550724637,
20836220,aot,66762022.18181818,
20836592,aot,52421786.8372093,
20840322,aot,72015940.70833333,gas-used mismatch for 0xe8ede6507caa18b9a6f4a1d0ba64d339d4c5133ccbc8355a89d188cd1480585f: expected 247761 found 230365
20836783,aot,21180727.403669726,
20839666,aot,59648832.61627907,gas-used mismatch for 0xa7aa8fd77bd3c78d089fc3843afa087a6e1ec8af35097e133eb0fe49df90a743: expected 909780 found 134525
20839956,aot,76634876.42857143,gas-used mismatch for 0x0d4d4b6857239ae6879a1c7eee05c7eee6f23c9e2eeb2122ba3e008df3dc57d6: expected 256692 found 202260
20839783,aot,34573863.81884058,gas-used mismatch for 0x5dac3f3e57f2cfc956ade1744c0f0c6ac91363f822144c8b088eabe0f93e910e: expected 299409 found 88077
20840755,aot,50975317.14285714,gas-used mismatch for 0xc2211b202310d288d25a799724679ec2c037beda443b142c335cab0b8a813fa8: expected 613271 found 479674
20841657,aot,63327129.74285714,
20837718,aot,85925213.18181819,gas-used mismatch for 0x81ceacb8062c5e95d342d9706105ce9278f50fb26b5279c40c35e18e875675fb: expected 485130 found 223619
20838846,aot,87416532.33928572,gas-used mismatch for 0x2f24f89f4e21b5dfa1ed5d8d39a4abef66cfdeaca24c4b18629bd24227595e26: expected 396749 found 251999
20841768,aot,46214068.29032258,gas-used mismatch for 0x12eba36ff0367bc4280fb75c92285301122c48a59025fdb51d272f2e0547fcd0: expected 331372 found 98981
20838283,aot,69448998.89411765,
20841424,aot,47871048.31355932,gas-used mismatch for 0x1ea7f42ed8ae5b9393d8e96a8eb9ed32a6d22a34ac3630a8e4b21eee0139338d: expected 328766 found 95868
20841470,aot,70696132.7,
20836408,aot,24947178.675555557,
20841752,aot,48401223.81666667,
20839220,aot,37003835.1,
20841434,aot,50385838.05,gas-used mismatch for 0xbd86319af7b84c82a77fb0dfc573330e1de6db0583063ac6f531541c93826205: expected 602716 found 399168
20837533,aot,44790888.991304345,
20839314,aot,68791749.55128205,
20841846,aot,48270123.36764706,gas-used mismatch for 0x4d13a4e9486f1a224804210135f3dfe46cbce492b64bccfd3b65b934b270780a: expected 337290 found 98981
20838787,aot,76214843.76470588,
20841295,aot,87066120.31578948,gas-used mismatch for 0x05e29204a96dde48dc71b383304faa73c64449fe0c1ecaf9fb34aea098adb4b8: expected 2207174 found 654110
20839033,aot,30914444.247933883,
20838917,aot,73761605.13846155,gas-used mismatch for 0x1a0d4c33ba49ee3f11e24dcd82d09a49b5370c7ea998daa6f84440f1f34f460f: expected 411949 found 95880
20838659,aot,73031914.78688525,gas-used mismatch for 0x1180e39defc6cc9b851a9d31078d47954225b188adb5db21726d8acae64dd2b3: expected 677029 found 105569
20837908,aot,30435237.5,
20840158,aot,36702472.79141104,gas-used mismatch for 0x43dc4c5329809cbe3bbf429ec13253dcd8860d28065c8a8f83982230f624a8f5: expected 277745 found 153935
20840580,aot,73967305.53424658,gas-used mismatch for 0x28a1332b3716f3369df9b161d4e9d263851061181d4ba8e77cc5c3a8800ac14a: expected 212503 found 170654
20839502,aot,73019376.94117647,
20838471,aot,91354253.27868852,gas-used mismatch for 0x157e5420c4d508011155d46fb692f9de0048ba47155e580044c2f3e90feaaccd: expected 210409 found 81750
20839595,aot,45726723.739583336,gas-used mismatch for 0x9f564edbaaa7af006ddbdd5dea13824b5702afee7142382cd24acc119b680dca: expected 391830 found 314814
20840769,aot,74130714.90769231,
20841681,aot,103661295.3235294,gas-used mismatch for 0xb654a0708ed4438124cbfd3e1b882acc711d8d01aabf09cd029bab8c34ea8a05: expected 345532 found 95880
20840811,aot,40392968.74725275,
20839239,aot,48430151.733333334,
20841331,aot,47160330.27160494,
20840862,aot,45382565.54135338,
20841552,aot,61687622.64788733,gas-used mismatch for 0xde746438b93c0586910b4a14ab2377fc23580e0b3ec61d45b558afc6c8cbee83: expected 527354 found 95868
20840627,aot,46266150.9,
20838749,aot,38526303.55944056,
20836034,aot,42242228.75238095,gas-used mismatch for 0x2dfd3cff467079b670bf54893a0664c16d0dd6e13c6227a1c5a979fb41a7fd60: expected 430304 found 95880
20840909,aot,55951861.72,
20840721,aot,55466230.01904762,
20839410,aot,42760043.30081301,
20836221,aot,67820706.34482759,
20839321,aot,60075122.925925925,gas-used mismatch for 0xc4cbc2fb842a5ca28f0d706a7b80c1f0bde4c0df0ff46648ece596f3b8f4bade: expected 182931 found 98863
20836593,aot,43693837.79207921,
20836784,aot,66124990.73972603,
20840323,aot,45958055.733333334,gas-used mismatch for 0x67a86c1db8840aa4ef3c9d032674a8d7f205e44c8bcb49e32d3a9a274b834f4c: expected 639369 found 604440
20839362,aot,68829920.04651164,gas-used mismatch for 0x2197bbef82a1a7c659355445d20fd6e3fb308d9855c4b49801bdc617e8a698db: expected 1490633 found 212915
20841471,aot,61354792.88888889,gas-used mismatch for 0xfff98c48628fc7a5bd6f1dc9781cd4314fbff0a88b67576e8f131237d665b82f: expected 273829 found 271442
20839957,aot,48213073.56481481,
20840756,aot,53321624.92473118,
20839667,aot,62821516.6,gas-used mismatch for 0x7782e97caaa0e7f2b65263a05f524e2523d102852379998b36c7bbc57cdf57bf: expected 522200 found 104865
20839257,aot,56260038.666666664,gas-used mismatch for 0xda39041f44c70b320ef51e70303f2e6c9f9a4065b25acb3bff84b0da9484bd30: expected 182919 found 98851
20838284,aot,37065146.45038168,
20839221,aot,53830793.62820513,
20839784,aot,46452026.73846154,gas-used mismatch for 0x60877d9a44fe0fd37d7cead3f2a26935fe4dbe8bf13c1f1dbcf069db33ce4d0f: expected 277745 found 153935
20841658,aot,33969872.87730061,gas-used mismatch for 0x5fce77d85430d6471317b543797cf9a62169c336a9d1bb212ea5418a28363d5a: expected 800715 found 113021
20838847,aot,32524308.675,
20837534,aot,38620471.37931035,gas-used mismatch for 0xef884599aa4e79f140020242e70d040d645a732c046ebc32380bb9d74dd266f5: expected 889836 found 217267
20840031,aot,88974626.41463415,gas-used mismatch for 0xd053f0c616f307bbae246b9d09ff6e0e93805716509ca6f1de7cd8d32161a161: expected 1168941 found 603825
20841769,aot,74673039.94520548,gas-used mismatch for 0x0b1bb3fbb82c594552037d69a313aa2c9090f23f67263866d0dc7fd9f3cf0cbb: expected 196308 found 81738
20839034,aot,63271729.39344262,gas-used mismatch for 0x9aef25f566b950daf7e4c3c04fc15db84d1eb96bd1d1f6d09bc4ce736d0fb802: expected 860379 found 236654
20840581,aot,56070950.51428571,gas-used mismatch for 0xa2919bbbbe1d90742fe9dfe76e586f81092318b26e7dc6beb7985634feb7e8a3: expected 615069 found 580140
20841753,aot,41067576.39097744,gas-used mismatch for 0xeb3e074590639b2ccfb5dff5234acdbe4a3ec68d81d903a737e5a97d0cd22f43: expected 587920 found 252128
20839315,aot,72429098.37878788,
20841435,aot,47760978.71818182,
20836409,aot,80770323.91176471,
20838660,aot,46283517.514563106,gas-used mismatch for 0xd35ce8a8bbf37d55f5f924d68e19cabaa923fe1a4bbd2cded27aceb05a2e4364: expected 200336 found 77760
20837719,aot,47745267.52142857,
20837909,aot,22318823.29411765,
20838472,aot,37779141.550847456,gas-used mismatch for 0xae8068f7a986f941a80bf94afc0350ab715a7b4c485930724a239a79244e2b78: expected 270777 found 199172
20839596,aot,62552894.35211267,gas-used mismatch for 0x56de791c1d60e490a79d7562cb5dd7915f0ec49aac63bb5de2bd48612204fe34: expected 282545 found 153935
20841847,aot,51344060.268518515,
20838918,aot,58371522.6,
20839503,aot,43577400.5952381,gas-used mismatch for 0x97ac23d8a33e2e5e98683054eefdd1baa5272a8e4963cacd5383df06913eab47: expected 659718 found 287830
20841682,aot,44917635.574074075,
20838788,aot,74578199.92222223,gas-used mismatch for 0xb161e58307800705c9dbfd1fed6ce2d00c29054a0525ea7513411bfc570975b3: expected 328408 found 95856
20840863,aot,64071936.13636363,
20840159,aot,87733624.575,gas-used mismatch for 0x70c9acd85debdb7e98666a351281d1affd987b773e45d4411f4c8c889fe58d82: expected 363493 found 96926
20841553,aot,42326702.93,
20840770,aot,68997495.22727273,gas-used mismatch for 0xb2ab68c94e2c1a4cc73d9b7dd8ca39d7b284c2e0e381423d3951d5f17156f33a: expected 416994 found 379998
20840910,aot,32981769.88095238,
20840722,aot,30847161.685714286,
20838750,aot,49019058.02197802,
20836035,aot,54918902.333333336,
20839322,aot,38115254.77142857,gas-used mismatch for 0x26e2f3bd32b0ddaaf61718a227ecca488bd2f75db8d68373a9b2f1f4925df493: expected 735117 found 461935
20836594,aot,61178588.01408451,gas-used mismatch for 0xd68fbcb755d28ede4b395a3a13389f80cfd90c92d4e947b8dc45a0af1b2caea8: expected 312140 found 95880
20841332,aot,76017094.925,
20840628,aot,50448281.14655172,
20839240,aot,53644251.512195125,
20836785,aot,56095743.71232877,
20840324,aot,63943350.12698413,gas-used mismatch for 0x0e17084136e5c2fd43a2c9d35271b299a5202f71bc4bfa5a50223c2d2529563f: expected 402147 found 95892
20839363,aot,43599795.77551021,gas-used mismatch for 0x9718c47efde4123d446bcbe43149f3abfa79fc30a8399cd749df5d7a33798110: expected 298818 found 252550
20839411,aot,46335613.05263158,
20840812,aot,68848296.98113208,
20839958,aot,49808793.894117646,
20841472,aot,46755056.732673265,
20838848,aot,36648726.08695652,
20839258,aot,51402488.58888889,
20838753,aot,70423337.87142856,gas-used mismatch for 0x5f7b5f17e60e28366e050ea0e50c6a88494a06d1b8701540687fb60de7db50ca: expected 431406 found 429608
20841770,aot,38086145.881355934,
20839222,aot,53637155.010416664,gas-used mismatch for 0x11856b454551a6eeb0c22f37fde333aafdf614aa0d7df0a90a930182e2e503fb: expected 868630 found 562439
20840582,aot,39492662.18018018,gas-used mismatch for 0x569df461c5805ec52f916077bb902dc0a25551c02e5ff1d57fbbe62735014efa: expected 762699 found 561981
20839597,aot,14984533.428,
20840032,aot,58604891.166666664,
20836222,aot,52392119.79375,
20839785,aot,46432690.85950413,
20841659,aot,57898277.77,
20841436,aot,26651041.01612903,
20837720,aot,43551405.485436894,
20838473,aot,32636783.655172415,
20839668,aot,58480064.557522126,gas-used mismatch for 0xf64a615888201bac1afef459c7ce8ab4d053c27ce3a2dc3ae688fde5cebc3a64: expected 416698 found 356980
20838285,aot,75200553.83529411,
20836410,aot,47792514.168141596,gas-used mismatch for 0x82c6963ade333cbbb9992cd4727ad05ee3e3bc93793ad0bb9efcd5cbea65907a: expected 658034 found 666168
20837535,aot,60290389.7264151,
20839035,aot,80878908.74285714,
20841754,aot,60147707.739583336,gas-used mismatch for 0xc34d6f1834be958e88bf50e884f4129dd758e66b76270d2eeb95a54e7aea7c75: expected 277745 found 153935
20839504,aot,68872115.88333334,
20838919,aot,48817607.06666667,
20841848,aot,72837592.5263158,gas-used mismatch for 0x0aa26bb915be9da992b1e7dd25b61423ef0ba0767af57dc18d76ed02ab75da5a: expected 198449 found 169857
20837910,aot,74391947.28947368,
20838789,aot,49106531.511627905,gas-used mismatch for 0xd324fed47c0d663d500577f465143b91f85dc04eaa8e7d01cc2617923d555a11: expected 205358 found 158302
20839325,aot,66421776.52,
20841683,aot,52501306.13333333,gas-used mismatch for 0x89fcaebbc8d2b7c856c96f2b74611749ed9e43cedc4af2cf4493aef5ace897cc: expected 277745 found 153935
20840160,aot,47543994.12087912,gas-used mismatch for 0x6e6a2d0519450de4fc6dd01fe69140afa0b954bc625308cf2ea3bd09536d4178: expected 797003 found 172585
20841554,aot,39046749.238938056,gas-used mismatch for 0x40fee2373989a525acdfbeb76fcc7ed1888ebbaad2753f05d2554f8ebf404f96: expected 264043 found 215854
20838661,aot,50906433.872340426,
20840723,aot,48066933.48514851,gas-used mismatch for 0x310ab48f7ef4b5ca1f214178b6753e64a3a3c699a1e39909acbf89377f5e3c69: expected 439456 found 379031
20838751,aot,42416418.29565217,
20836036,aot,42547257.35,
20840771,aot,48113377.37391304,
20840864,aot,34528241.15789474,
20840911,aot,79038211.8028169,
20841333,aot,42469229.78640777,
20836595,aot,55458047.313253015,gas-used mismatch for 0xa29318bed4beb0a0edf2ae0ae4f05e6aa11b5a143106587df92699f1f0e930e3: expected 616157 found 395943
20839241,aot,47461916.1,
20840325,aot,53388895.913978495,gas-used mismatch for 0xcd8b1b8a40bed04bfc03ab8032f64415e6c37a732844149ae4e21269ee3a23b4: expected 277745 found 153935
20839323,aot,62341737.782178216,
20839364,aot,58864694.17283951,
20839412,aot,51377006.04444444,
20840629,aot,106070209.34,
20836786,aot,91023202.37878788,
20841473,aot,61522787.94871795,
20838849,aot,40384748.41269841,gas-used mismatch for 0xd9bc52be8a70b99b4dd1c38544416a50f22dc7ca854f7fd90bfa59a4f67203a8: expected 355576 found 96157
20840813,aot,40862082.3125,
20839259,aot,54844504.010526314,
20839223,aot,44150129.268518515,
20837721,aot,32913270.63478261,
20840033,aot,48991253.02222222,
20838800,aot,44472748.98,gas-used mismatch for 0x88e2331ddaaac1c23a89a0e46a8ce477cab4a50c6871cdab17c06ae251f07925: expected 409818 found 95880
20841771,aot,72407824.29333334,gas-used mismatch for 0x89bb7a9d0302eebc38ea11e6d0afb96264d85c1bfe2dca91e3714b82572522d1: expected 277745 found 153935
20838754,aot,46210259.0610687,
20839959,aot,93383747.65714286,
20839598,aot,94262669.24,
20836223,aot,50361535.2,
20839786,aot,42288186.62809917,
20841755,aot,71644336.64,
20840583,aot,54428603.68571428,
20837536,aot,51741730.061728396,
20841660,aot,75903083.66153847,gas-used mismatch for 0x3c7054b974e975430aa0de037d70d829e6ee7fb095340f0c6c0bf1ba3fb81484: expected 288436 found 204168
20838286,aot,46248153.69387755,
20841849,aot,36648704.666666664,
20839036,aot,56529675.0,
20839669,aot,66128331.15789474,
20836411,aot,51692526.524271846,
20841684,aot,27675828.2875817,
20839505,aot,61489214.04705882,gas-used mismatch for 0x7305d75078aa54465bad588f99c05d93c4442e4eda444b1dc7b0d1b2fe02dbe7: expected 277745 found 153935
20838474,aot,127794945.2173913,gas-used mismatch for 0x199ec43a33f6232aca2ea300a02e066afc9cdadcfd1ca110e4aee0073c35ea2a: expected 469443 found 95880
20838920,aot,54612373.55789474,gas-used mismatch for 0x94b6212833532b24f15c58775d53e949025b3c89a00a7bfff7d20e63f8b07574: expected 570161 found 119796
20838790,aot,50120897.72631579,
20839326,aot,67082020.14285714,gas-used mismatch for 0xe76876bb67a507c459e73d3ccd2d20c9124e4a10c21b6476e3b5455d03a9be6e: expected 762817 found 428914
20837911,aot,37670509.096551724,gas-used mismatch for 0x4d8bfe118fd84a32fc3f81d8e9b6f965e79320cffeec00e07823b2fc9e8a7006: expected 360127 found 317126
20838752,aot,43397108.56842105,
20840161,aot,62842990.915662654,
20840912,aot,53869954.84931507,gas-used mismatch for 0xaae6ddc25184e5efc1f4d04c6e7940fb2a76f809738f001909e895b77a4c0fea: expected 437571 found 377167
20841555,aot,61083010.85,
20840724,aot,77554704.49180327,gas-used mismatch for 0xa9a9d59d5f9008278175c3fbd57b35166d897e5e0b6e2c525107b238c5c1f088: expected 536108 found 344167
20839242,aot,44785837.6626506,gas-used mismatch for 0x3db5f8de1e148ace866b4662ebf9d7c5c63630409dce8c00f507cb8817ce35a1: expected 56102 found 49564
20840772,aot,44855235.15740741,gas-used mismatch for 0xda4b7c89d2d23389f07c008fe9094089ceaff325fdcc0451c1c2bdd2ad59c838: expected 734207 found 105588
20838662,aot,46010609.50793651,gas-used mismatch for 0xed3dfc804e91167a60a294cae08b23140ecf6ebf6556a3dcf876567adf8d3663: expected 980251 found 485934
20841334,aot,45234974.78703704,
20839365,aot,39346487.29473684,
20836037,aot,59885638.729166664,
20840630,aot,34842205.159292035,
20836596,aot,58226419.25274725,
20839324,aot,53981513.8,gas-used mismatch for 0xd69bb391a25eeb075faef14abd771046f97adc9db341ccef309145a5c5f486ce: expected 108536 found 72811
20840865,aot,95448833.6,gas-used mismatch for 0x2d6d7c192669704ec2c06cdc28c7a55132babab065c00580598e15c92731e3be: expected 404049 found 260563
20840326,aot,50058866.41441441,
20841474,aot,52532879.988235295,gas-used mismatch for 0x49bb3d45050d749eb4921d199f8f3fccb3bca3a9743b21ddb9855dc0f8ffe261: expected 403796 found 109508
20839413,aot,56305405.45714286,
20836224,aot,22835667.479452055,
20839260,aot,29187252.50980392,gas-used mismatch for 0xf3b58660eda0d57894a4c4e554a75d21c3b15e4120231a6fb100fddb1aced769: expected 266963 found 219673
20838850,aot,37978011.19310345,
20841850,aot,72081439.04651164,
20836787,aot,48912163.08943089,gas-used mismatch for 0x1f3a7d05dd35f85385955a99eb96fc15219209b8119799c71da84abff84cd65e: expected 282674 found 49274
20839224,aot,66882729.42666667,gas-used mismatch for 0xc7f7e6c923aaa923067f4333789bfee581f11b176afe204bcdbaab384951aa6e: expected 56078 found 49540
20839787,aot,56008060.4125,gas-used mismatch for 0xa7d6ec57460bb232ffe28bddf19cb5b7bcc5b5bd40a4755907ce4ce198941602: expected 2082289 found 1287504
20838755,aot,51460764.39784946,
20841661,aot,50879866.84090909,
20838287,aot,24916142.724324323,
20840034,aot,42469016.10526316,
20837537,aot,32919924.779310346,
20839599,aot,46355758.52542373,gas-used mismatch for 0x87d307caee71149ef83b6d11bcaf15c413a7cfa3e647219a7041727c8b6ac6a1: expected 450084 found 96732
20837722,aot,54743243.8,
20840814,aot,53928445.75221239,
20839960,aot,35110842.32692308,gas-used mismatch for 0x6eb7acab49414f3645b99190a356294b378d1369ae11024df3938b1503850c15: expected 360031 found 317030
20841772,aot,60268411.26136363,
20840584,aot,52621970.364583336,
20839670,aot,59190671.85915493,
20838801,aot,67744616.09638554,
20839037,aot,61783098.93150685,
20841756,aot,45424171.70338983,
20838475,aot,51747638.62820513,
20837912,aot,53961240.71764706,
20836412,aot,41850519.183823526,
20838921,aot,27200572.666666668,
20839506,aot,51322270.90740741,
20839366,aot,42808858.52857143,
20840162,aot,79500772.66071428,
20841788,aot,52779693.18947368,gas-used mismatch for 0x64518d1c2795a6e703f13a77085cc27aa08c09b47da12db4ec25679c1cca0215: expected 792281 found 480334
20839327,aot,51733697.03883495,gas-used mismatch for 0xc6931b2d881a0436260296bd9242961003870d441b4a9973465f67dbef5bfc3e: expected 404406 found 107178
20841556,aot,35714745.038461536,
20839243,aot,60032187.09859155,
20840725,aot,51832593.1,
20841685,aot,100563750.9,
20838791,aot,43417467.26896552,
20840773,aot,64189565.114285715,
20840913,aot,60509865.31818182,
20841335,aot,53941420.421686746,gas-used mismatch for 0x02a37aad8ca1b662ee5d9410ba14395c58ff8eefcf75c62065da693619493dae: expected 153996 found 135424
20836038,aot,58270553.802816905,
20840631,aot,34435739.096296296,gas-used mismatch for 0x4636d5e50b60d7a8766b2c6327606d405fcb5c7f62b5c3eca3bada3b1358fcdf: expected 563618 found 366256
20840866,aot,33299997.03968254,
20839984,aot,58483725.823529415,gas-used mismatch for 0x1c6bf01e1bfe584b0c79bbd57be9024fea150c34cd1de7fea667ffc2f477a782: expected 444941 found 193709
20838663,aot,63736616.320754714,
20839414,aot,42668834.74285714,
20836597,aot,100921373.0,gas-used mismatch for 0x2c41d17c3ac505f7d6f4fdf3cc5eb5f16ef249b30deff3256770d07a107e19a9: expected 607335 found 395941
20840327,aot,56536797.204301074,
20836225,aot,90947154.98275863,gas-used mismatch for 0xc05878416f116c45f52f93541d5ea7b352907f9a75a18157a567b2222f0ac017: expected 430892 found 95868
20836788,aot,46552069.25,gas-used mismatch for 0xd18903b5f30c7c8c2948f119ceb652dac83f8d97b2bfe6947b6cc41de2ea3dba: expected 328208 found 95880
20841662,aot,45719116.3372093,
20839261,aot,44245770.398373984,
20839788,aot,53917665.34883721,gas-used mismatch for 0x2114c6e2aa6e8cb5fea70f80efa73b682c2d2c6a30e2746de14494ef30ef6dec: expected 432982 found 395300
20839225,aot,54224819.166666664,
20841475,aot,51265864.47154471,
20838851,aot,94444867.8,
20840815,aot,42731993.91,
20840035,aot,63375035.38235294,
20839961,aot,37230783.032520324,gas-used mismatch for 0x452d66ec1edd95edb65993837607979e4f81b111d77abcaa718fd50dc4efb4dc: expected 194967 found 155675
20841851,aot,52942683.98095238,
20839038,aot,40779840.19090909,
20841757,aot,23774632.539267015,
20839671,aot,45688949.46,
20837723,aot,48297295.18367347,
20841773,aot,70700144.01428571,gas-used mismatch for 0x0879d439d5baa68610beb2c43b3ca1cb799c4263af186016434a3f28e17deffa: expected 1632123 found 1778094
20838288,aot,68635805.25,
20839600,aot,45922455.32727273,gas-used mismatch for 0x87d010253f3036888282f7e2d2957bece118c0f5e95c312c9010fd31e06aa27e: expected 420187 found 96902
20838802,aot,34151946.09815951,gas-used mismatch for 0x8eb5d32d89354e61aa43b53978c9ac4b81057279687416dd80063158adebfa03: expected 364256 found 95868
20841789,aot,46300520.026315786,
20840585,aot,70630540.64835165,gas-used mismatch for 0x8a9d9cc40658fcfdc67b5af0548ed68965143a7cea9dfa251aff2953580faec7: expected 324098 found 95868
20839244,aot,55463503.121212125,
20837538,aot,93717268.86764705,
20838476,aot,47897396.72357724,
20841686,aot,19862441.275862068,
20839367,aot,45374503.79,
20838756,aot,63256591.9826087,gas-used mismatch for 0x2b931f67330c374d3939f21b5a3c1a242d8976bf215e7d9b064c77ff7e9ea802: expected 356568 found 98910
20837913,aot,30055337.697142858,
20836413,aot,65782475.60606061,
20838922,aot,77254885.74603175,gas-used mismatch for 0x4d6d38cae5becf48a6f8db6a04eafa15755c9f0f19909f91275305f8b87143b5: expected 135730 found 85500
20838759,aot,60969883.91025641,gas-used mismatch for 0xa43419d6758044000faed11bf26ff0c6405b230208bf0e36242e2bff26fdc1c2: expected 434398 found 104847
20840163,aot,39711381.456,
20839507,aot,75597461.08196722,
20840726,aot,26572729.297872342,
20836039,aot,52167177.114285715,
20838792,aot,46387006.21238938,
20841557,aot,40450323.89041096,
20840914,aot,83381539.52380952,
20840867,aot,100736238.325,gas-used mismatch for 0xe5b358930bf44f600e097e52b4ebec23a893e2f562dc0412cff9d892b94f1f53: expected 1511088 found 572912
20841336,aot,66562453.85333333,
20839985,aot,50836718.39534884,
20840774,aot,33618821.64921466,
20836598,aot,50827191.53424658,
20839415,aot,35183311.41269841,
20840632,aot,60117384.0,
20838664,aot,37977221.425806455,gas-used mismatch for 0xfe9412abde1c65cc9c683db537ff785881ec47415defef2cfec2df2cc5d33072: expected 262792 found 245501
20840328,aot,69750583.98684211,gas-used mismatch for 0xc2d42f956efb8d6f61068c2e9d332cbc55a835379ae2daf258a88aeb8a4dea83: expected 437535 found 377131
20837724,aot,37617994.06930693,
20839672,aot,44295487.72727273,gas-used mismatch for 0x57ed0dd4b97b005e54e4b75ec1a0beebdad92910b119e0edb65a7f7c56ed785e: expected 1320795 found 1219998
20838852,aot,44285191.54285714,
20840036,aot,55220407.51282051,gas-used mismatch for 0xd48e9d7334163a603a3aedb0bb9ab4b8ebe6a113af88f04748235145e6e0305c: expected 277745 found 153935
20836226,aot,62161856.48888889,gas-used mismatch for 0x05c5b81004828dc7f90463d35981d669f561b1d901f810abf09763e788314e7b: expected 855576 found 932162
20839262,aot,47279464.22857143,
20839039,aot,42390400.62244898,
20839226,aot,46430204.75471698,
20841663,aot,40416741.698529415,
20838289,aot,62034609.36363637,
20841852,aot,41131050.39814815,
20839962,aot,46875507.75471698,
20840816,aot,73549952.63380282,gas-used mismatch for 0x9d677a85f19b95fa6de41a9077fbeb2b02b58ea217f8c1d6fcf15c48670ce51a: expected 382281 found 63069
20839789,aot,51435457.2920354,gas-used mismatch for 0xda9bbc38868d24e346ba30492b1ba314b7269a583f0a1926cfd776029969d928: expected 340067 found 299851
20841476,aot,84074235.63076924,gas-used mismatch for 0x34d9df249e4959c7e6b8611a0240ec1eab508a1d58c7b7734d2af12db7b850a1: expected 173617 found 153935
20841758,aot,79348596.93846154,gas-used mismatch for 0x25cb0e5b40d0c6a84755a564a2af136b93d3153457ac64cba093fcf39465e0db: expected 282545 found 153935
20838803,aot,42156091.24324324,
20836789,aot,64953589.2264151,
20839368,aot,45356084.31818182,
20841790,aot,82379508.07142857,
20839601,aot,107693860.33333333,
20841774,aot,48825742.96031746,gas-used mismatch for 0xa7aeb13668e7f4c21e3f64f0fe395be1c1a06f3e483a989c50218ae247bdd6d2: expected 253572 found 238325
20837914,aot,48922750.53684211,
20838760,aot,27402150.023809522,
20840586,aot,57508096.56043956,
20840164,aot,21355906.28508772,
20838757,aot,55824595.71111111,
20839508,aot,41487843.069565214,
20837539,aot,64495399.76470588,gas-used mismatch for 0xa694b843ad64b599ead3a5dc688b7792750d9227a04a2a25f5c3d1a69917fb09: expected 266951 found 219661
20836414,aot,39260144.77536232,gas-used mismatch for 0x4e079a747f99b240ddc645a500a5860872e547e5c1424cea70dfbd8865eecde9: expected 360151 found 317150
20841687,aot,61930561.46511628,gas-used mismatch for 0x49c75d16ebb6736908447544597aa0e70b1d5500746c0c6b7c9a343b582d140f: expected 372993 found 300529
20838923,aot,46927997.40833333,
20839245,aot,59765693.718446605,gas-used mismatch for 0x20284d7550986d20d35775c540fcb21a7b7173fe20de0f310a4c75d75543da7f: expected 56102 found 49564
20838477,aot,63352294.541666664,gas-used mismatch for 0xa365856f0f505d7d9f178bfa73eab3eeff88ac6b3cf6327a5cf67842b63cbeb6: expected 492056 found 393396
20838793,aot,43718364.873873875,gas-used mismatch for 0x5b625f445ee53612e9b7b863160e39aa24f5742811923797ccf1cf1472fffbad: expected 778650 found 103568
20840915,aot,43925387.34951457,
20840727,aot,81013188.64788732,gas-used mismatch for 0x697cadfde82f6feeaab48b2dec2d8d25c27c8271b75209da49422fc5cccb2402: expected 204766 found 82074
20836040,aot,102813984.78431372,
20840868,aot,38487152.333333336,
20841558,aot,87929849.42424242,gas-used mismatch for 0x3dce04ac70150e2647ff3a56c798327fdf413b82bae49e35b87faef0b0561c3b: expected 493003 found 104841
20840633,aot,61584338.85294118,gas-used mismatch for 0x79f07dc5d1c179b8069194b463c189a6a01ab955eaa2027cfd31d7e08d1e2b52: expected 810436 found 836165
20840775,aot,90652331.0909091,gas-used mismatch for 0x0d6082acd6873a78741ae96bc5680e1fe0bdaf715920dd2c3b220954f37f32bb: expected 254385 found 153935
20839986,aot,63829007.266666666,
20840037,aot,5525445.55882353,
20841337,aot,65775125.485436894,gas-used mismatch for 0x880d6e5f52f1320c7a98925a02d798d2de4544de081642f4ccecaf7be4895746: expected 277733 found 153923
20838290,aot,41587715.15,
20838853,aot,42779686.05376344,
20836599,aot,76433380.95180723,
20838665,aot,65940191.44578313,gas-used mismatch for 0x9302d6359d7082b031b1b4126fb07961ccf48746e6e6abe592c362452240d59a: expected 623141 found 520068
20839040,aot,37358969.27272727,
20839673,aot,70882411.21212122,
20839416,aot,107490209.8852459,gas-used mismatch for 0xec1ca07f1f7cfae8326644cfb4f1eec89c039504d6479f19b12a8d93fca7dc20: expected 277745 found 153935
20839963,aot,56013430.04109589,
20839263,aot,75503417.52380952,gas-used mismatch for 0x95aeb371d1f88b83661356d795c926ebf9096232b87fdb6003730216992d1d3f: expected 323193 found 95984
20837725,aot,51040933.5631068,
20840329,aot,37074670.12258065,
20839227,aot,42549630.288135596,
20839790,aot,59168210.205882356,
20836227,aot,64149955.759036146,
20840817,aot,60465061.58947369,gas-used mismatch for 0xa815c691f7235f11bbe540e0df10a0249454d7693a429125ee8f94c16aea0598: expected 253013 found 238164
20841477,aot,54500061.99009901,gas-used mismatch for 0x471241e6280aad03d0ba29a571c31404650af550cc1e041b01d484c5c3237fe9: expected 503881 found 95868
20841759,aot,80723494.93650794,
20839602,aot,37445698.015625,
20839369,aot,58408591.744186044,gas-used mismatch for 0x7502d81b75fbf26e17d64eb98f894be0cab0a4f61858478c2eea1a4e0fde3eab: expected 1001610 found 468850
20841791,aot,67957235.91176471,
20841775,aot,86288907.0754717,gas-used mismatch for 0x1fb1b329538423710fb23de3553ed4809b1e4b77d23e2f4f6c8f7a901ff0b66a: expected 282497 found 153887
20840587,aot,50315957.361445785,
20836790,aot,44458951.672,
20839509,aot,63762574.307692304,gas-used mismatch for 0x256b45a74839a4c58db0606b1d63f288ec6abfddb498ed5a76cbfc9a86b84be8: expected 375945 found 96751
20837915,aot,38290082.34710744,
20841664,aot,55127820.08888889,gas-used mismatch for 0x2e55aec09058f4d7b30e320d6cc5b58ff86914ddc990bc19af2ba27966f29100: expected 255259 found 238211
20838758,aot,29928387.59602649,
20841853,aot,72487408.29523809,gas-used mismatch for 0x3f3c46a8d208d66161589d858e8f83109badfb36ca88fafe0fccd02271320d26: expected 592758 found 521755
20838761,aot,48350369.33980583,gas-used mismatch for 0xe63697e0e69496db11f0d2fa478e9438b58ad68eb0b6e6301ce4c5a1620181f8: expected 367323 found 107034
20839246,aot,35176156.876106195,
20836415,aot,20446564.572614107,
20841688,aot,46876821.583333336,
20838794,aot,34412672.067669176,
20840916,aot,56749852.04,
20838924,aot,27704532.66129032,
20838478,aot,53927670.05494505,gas-used mismatch for 0x6e3cdb464c571daee1845b021b752d373918a76441073b64fedd6db1e48e1dc2: expected 1082671 found 857078
20837540,aot,55909184.15533981,gas-used mismatch for 0xef350dad7ac498e6e0dc86e98e0ef72491ac1364d2d391bce3c4ce557f30a3d2: expected 451912 found 297812
20838804,aot,6630041.37076796,
20841559,aot,44150610.45783132,gas-used mismatch for 0xfabe243923be5a36d5a14502aa7836368f47db71fee1232017a4179c9cc3e488: expected 415144 found 96033
20840165,aot,103928318.85,gas-used mismatch for 0xf90eb976754bce3a932ece86867e030307ee50f98b037e6a0f2062779d6371e1: expected 213091 found 144540
20840728,aot,60630463.5060241,
20840869,aot,32531453.735955056,
20836041,aot,59384472.677083336,
20841338,aot,61439545.655737706,gas-used mismatch for 0xd01e804cc5fa66af871963511764428c5ddd1bbaa688ffc02e24381f814bdb7f: expected 153996 found 135424
20839987,aot,55891708.53333333,gas-used mismatch for 0xdce667bac1099153ea85366479fba3fcf48e18ac6a145ef362bb8737d4d2f29d: expected 152832 found 85502
20840634,aot,43228120.344827585,
20839674,aot,21462970.975,
20840776,aot,64006154.2962963,gas-used mismatch for 0xca8e048a65096c9966bcfb9c164d2a3b249d6288c2f01c4603a4f916eeef7cd2: expected 253847 found 238324
20836600,aot,41729756.872727275,gas-used mismatch for 0x721cd949a3b9ae31ceaa6f1366fba3cf5ab17afec054d28c7e9114913067ce74: expected 257874 found 238232
20836228,aot,35134603.774774775,
20839228,aot,35477024.74166667,
20839791,aot,84437238.16,gas-used mismatch for 0xc51c57d9484b86b19133027d2cb3b511aa62231db4fc807bb850c542ac12b9eb: expected 196308 found 81738
20838291,aot,44241630.91489362,gas-used mismatch for 0xba48b38a1953cc1e916716df3f7f4176cf723816379163e45d60f8447545a287: expected 825196 found 820517
20839041,aot,39711343.692307696,
20839964,aot,48097685.75471698,
20839603,aot,74364748.85416667,
20838854,aot,65519016.60952381,gas-used mismatch for 0xa9c174f29b3edc568bf7392edd8d51cdb11b6f27e8e027c909c2dd7b45ffb634: expected 779576 found 814674
20839264,aot,51462275.77876106,gas-used mismatch for 0x9d0d97be4c8f1376d71a9efd4323b03f38b4402febd172da0fc40d043da60931: expected 428536 found 104845
20840038,aot,120484182.54545455,gas-used mismatch for 0x4b9e635a88ba3d4cd165fcc555b3db085402e6f333296796fc40bfaf41c2246a: expected 425592 found 95880
20840330,aot,103720498.62222221,gas-used mismatch for 0xb71c1d723a2389161c6c77c6c742713dff047b8d14ec102ae423ab37de27f880: expected 539614 found 139729
20840588,aot,50336319.28169014,
20840818,aot,50866503.03296703,gas-used mismatch for 0x9b3df84b13521e87fd2ed76412b5f2d9d04e5ca7cc93395fc9de2809b3f5c9db: expected 360678 found 250772
20839417,aot,41477958.150326796,
20838666,aot,64954772.030612245,
20839247,aot,41972997.35714286,
20839843,aot,16358727.197580645,
20837916,aot,47282109.666666664,
20836791,aot,18774819.25498008,
20841776,aot,76048802.95384616,gas-used mismatch for 0xc10bccb2a2b102528d2b28185a2f0233e903b5051be851bdcf3e7ca7ed9c3fd6: expected 264079 found 215890
20841478,aot,44522579.26717557,
20839370,aot,54689754.62135922,
20840917,aot,43014426.58064516,
20837726,aot,80868454.51612903,
20838795,aot,63760408.307692304,
20836416,aot,88692417.81818181,gas-used mismatch for 0xb9c59a083dd4fa4e399cdc0502dd3bf9bf7066120f4c8827dd7b9446df13f0af: expected 253850 found 238404
20841760,aot,66163366.041666664,
20839510,aot,49307634.40677966,
20841665,aot,113459204.6875,
20838479,aot,72559134.27272727,gas-used mismatch for 0x5cf31be3e64bdbeab620bf34f7551ac02a3a06cd500d3c82d52ad9e00249b34d: expected 959678 found 225433
20841854,aot,96057277.23636363,
20841792,aot,39943099.21686747,
20838805,aot,71379215.26666667,
20840166,aot,50936675.87096774,
20840729,aot,90443215.80392157,gas-used mismatch for 0x0e550b39577a7040d8976858cdc22a6c89e005f28f2d83ac43559d36403d51bb: expected 1456563 found 152027
20841560,aot,47191353.43362832,
20841339,aot,41516754.65263158,
20838925,aot,103112793.96428572,gas-used mismatch for 0xdf247add5e1f464e689a7f48debf770f2ccfd44a8d7129f0eed36aa657253a1d: expected 626060 found 507296
20841689,aot,68230549.39583333,gas-used mismatch for 0x66564ae375ba73f2bab92bbcc91e4d8c32d5bce6bf9e18c5dda9480cee786abe: expected 360097 found 222306
20836042,aot,64883294.2,gas-used mismatch for 0x5cd347df507dd1c2ae712bec740a8a23c1c5237b7aea7014232cd77c32f93e91: expected 406540 found 95940
20838762,aot,43124954.60240964,
20837541,aot,73603691.19753087,
20839988,aot,41685141.38181818,gas-used mismatch for 0xa1c6f2da95230eb07cb27b0c07fdc064bcf3867f5f12341e5bc32f317f44294d: expected 222874 found 212834
20840870,aot,75706670.35294117,
20839675,aot,101732103.58,gas-used mismatch for 0xa35bb7f52a4d403f20309e81dac293325a42b0a9f1263d8b6403538513601c7a: expected 505076 found 104841
20836229,aot,75732136.86792453,
20840777,aot,23335878.891666666,
20839965,aot,40833988.97849462,
20838292,aot,38612549.0,
20840635,aot,60296939.5631068,gas-used mismatch for 0xa35630f2d0ca22be421f99123fb305ec4e40f3c41f5a1c39bffeda8bb1a639e5: expected 738105 found 580726
20836601,aot,51555621.81132075,
20839042,aot,52263822.52325582,
20839418,aot,56686639.0952381,gas-used mismatch for 0x696dfdab386a475715a5eb5b7ec769cfbffbdfddf6c7ed187fd20451a5a4a17e: expected 433336 found 104845
20839265,aot,55789242.37179487,
20839604,aot,46802977.3367347,gas-used mismatch for 0xd2f266327548b65a04dfd227d7c51506eb395f4edd27e2cdc0656e46073a0c2d: expected 1924326 found 1591538
20838855,aot,71430052.0,
20840819,aot,55893948.8375,
20839229,aot,48857230.08396947,
20840589,aot,25236946.341346152,
20840039,aot,87319432.73214285,gas-used mismatch for 0xe669eaaed16066354736a653251ba5a8fc64e1485b3287e8bb0fdc3ed4092a32: expected 422371 found 361946
20839792,aot,35237579.41530055,
20841777,aot,61153052.10769231,
20837917,aot,51887528.56989247,
20838667,aot,55545847.20792079,
20839248,aot,49789515.65,gas-used mismatch for 0x2043bff29e060158001d4fe2a7d2b3e14caca405e2e908ae35cdf7ddef62e9d2: expected 287345 found 153935
20836792,aot,93209066.60377358,gas-used mismatch for 0x586caf583fb2a4c5753191f34f1aa1f7e4a56a6cc5e7fa26dd3de90924c4328f: expected 671101 found 172617
20840730,aot,50925270.0,gas-used mismatch for 0x906cd3d27d3531429ea86608761e8779ed384899b7429d9808aa9a9b02221d37: expected 1959455 found 1634642
20837727,aot,38620378.45217391,
20841666,aot,37049534.594339624,
20840331,aot,89965615.57534246,
20836417,aot,48370296.79545455,
20839844,aot,83650907.08219178,gas-used mismatch for 0x88d1241df5b0c5d01f9edbd14e57e7ee5a59af8e0a898834d758b080791a5c14: expected 277721 found 153911
20841340,aot,48703147.788732395,
20841479,aot,50593973.442477874,
20838796,aot,47940527.27927928,gas-used mismatch for 0x307b88e6f83e768cb51ea3481cdab03f7b59c5c3cf951e46d28ee9a5f5a95762: expected 1034879 found 1012669
20839371,aot,22149049.884615384,
20838806,aot,93179489.02325581,
20840167,aot,69111872.23809524,
20841793,aot,49006165.91262136,
20838480,aot,54647324.458333336,
20836043,aot,52099633.102564104,
20838763,aot,70648189.80357143,gas-used mismatch for 0x380ee5bdb3691290b58ae0117ee8eee42caafe8582bf83c6f0c24e24cfe2b870: expected 282545 found 153935
20837542,aot,73486190.875,
20841855,aot,48994638.60344828,
20841690,aot,46205718.4,
20840918,aot,88688155.23076923,gas-used mismatch for 0x555ba5cc874f9dbb7c810232b5f774926db7303233151cc2180fb1661c67975c: expected 379944 found 95868
20839511,aot,68724114.36263736,
20838926,aot,52170408.583333336,
20841761,aot,56001439.46341463,gas-used mismatch for 0x4af0570d13904608c7aa4b88fde456fc2a30d63d4f47bcbd4731cf0341d05d1c: expected 502650 found 276937
20840871,aot,49048238.58064516,
20839989,aot,38883134.169117644,
20841561,aot,76862744.64772727,
20840778,aot,91438798.43137255,gas-used mismatch for 0xe91498f6e108e4a7eb206791dabeacd0f1961309055d78e47b99b3e7327e2a5f: expected 370388 found 95892
20839605,aot,50712851.704225354,
20839676,aot,64751608.64835165,
20840636,aot,64524531.57333333,
20836230,aot,51290050.672413796,gas-used mismatch for 0x9263b751907beafbafe6e1be58823d1f852a1cc49ce7f52eeedcd40bb04af8b8: expected 513388 found 105041
20839043,aot,46140332.44067796,
20839966,aot,65093166.54736842,gas-used mismatch for 0x4834677d86613637313876bac4600e97d210f32e0f537be678c6f4804df3c1b5: expected 481462 found 134767
20839266,aot,48407851.42,
20840590,aot,69094496.35714285,gas-used mismatch for 0xb713922e363933412aca47b8e6e96aecc7022b12fda53720270b40436de3ce11: expected 282545 found 153935
20840040,aot,42644022.708737865,gas-used mismatch for 0xfc47ee6eec54727aca15125735056437de5332b70126861ecda7d668a6e0d28b: expected 196165 found 81738
20838856,aot,40639395.60169491,gas-used mismatch for 0x28de3308c8ee6f3d29e84aec663157f9231788bb5d85df30a424324c85e83ddd: expected 152999 found 85606
20839419,aot,47607788.425,
20839230,aot,64078965.86666667,
20838293,aot,12260787.99658703,
20840820,aot,77077014.61764705,gas-used mismatch for 0x9dc46e99a13a12fd7d8af10e0f320da08da26b6bf65e3cd3674592fcc1ff8adc: expected 253165 found 238332
20841778,aot,48144492.089108914,gas-used mismatch for 0x9198b5421b3934ed7173ab3a550b8b3d4c25a410bea7ffda459a61d072ca66bb: expected 739693 found 547867
20838668,aot,41903511.96226415,
20836602,aot,88886716.84615384,
20839793,aot,56866527.74,
20838797,aot,82900522.72916667,gas-used mismatch for 0xf4873de4443b7ba23d35363956694859f4b0c02b95b9e5edb4df41ccde80e1a0: expected 219354 found 53779
20837918,aot,12871693.88209607,
20840731,aot,48618048.78181818,gas-used mismatch for 0xbe5ebdc02bb3cee0e8f2cbf5c18c03e67693868de887c4e5039df22b0a2fd4a5: expected 277745 found 153935
20838807,aot,32927712.7421875,
20839845,aot,47549444.16,
20836044,aot,44112636.77272727,gas-used mismatch for 0xfede407453ccd3b2d4c9f6ff0d57f34a7d4f5e51393ede5a3ae87c8df0a8f010: expected 1055624 found 927794
20837543,aot,44856125.43589743,
20839372,aot,51098265.18888889,gas-used mismatch for 0xb9efcc1277a94b789db4f7d0e82ed2f7a640023550cb47fe3884a1cf2f497d67: expected 284674 found 153935
20838927,aot,36110302.229166664,
20841480,aot,70689617.92857143,gas-used mismatch for 0x8a5c6f7f529d36200974a28e32b8b2f58cc5fa68965f7015cd75e957b6755064: expected 563433 found 351703
20841341,aot,75151771.48484848,
20836418,aot,70198206.175,
20841667,aot,97654042.94827586,gas-used mismatch for 0xd9984b832171a77e9e892e89e8d65aa5f7f9b9cda27b6808e4fe1a3382e6cf3b: expected 732751 found 730872
20837728,aot,21529231.552083332,
20840332,aot,68179619.15116279,
20839249,aot,78540053.55,
20841794,aot,49672567.24,
20838764,aot,50560905.75789474,gas-used mismatch for 0xb3d4c5fdc4a2fa0577990f5f3754354ca32f2e0112bb3479774afeb374d6cc58: expected 519531 found 107793
20839512,aot,55699589.53333333,
20836793,aot,86362757.08974358,gas-used mismatch for 0x118771355f8d69b36e27532429e0da898b9ea873c9d1cc8256a1f5f2e35efe59: expected 444173 found 222319
20841691,aot,65842095.308823526,
20840168,aot,65363259.95348837,gas-used mismatch for 0x9e35f42c6f9f3bc193ff06ba4edaef8e87995ff9ae48a35e0e2aed020764a6a4: expected 286002 found 238369
20838481,aot,63422161.255555555,gas-used mismatch for 0xa91a5e477673c19a36cd83349503489b336e6677c0242771aab49168e971b0d5: expected 141516 found 126760
20841856,aot,62374765.105882354,
20840919,aot,51981697.25,
20839990,aot,45260302.1122449,gas-used mismatch for 0x875dc1cf50ddc7c7956a7cabccf08b42898a5d99273c2fbb15ee98423eeb5cb5: expected 277709 found 153899
20841762,aot,78114727.21666667,gas-used mismatch for 0x6c0f4439ee906729cfc2781ed5d88d2d2728a8b9686ba01afc94d766c6ee8af6: expected 390401 found 95880
20841562,aot,45350590.6,
20840872,aot,53668375.61111111,
20840779,aot,25100296.690607734,
20839606,aot,16973979.498098858,
20836231,aot,69990601.01639344,
20840637,aot,58522433.73076923,
20839677,aot,50091888.97029703,gas-used mismatch for 0xd7fab52e839d396b954cec293a83897827170693f6f8308357da05fd6f7bfd0a: expected 2092138 found 495356
20839231,aot,42277839.473684214,
20839420,aot,60283342.94736842,
20839967,aot,41437959.44166667,
20839044,aot,65974306.36470588,
20839267,aot,27875402.74129353,
20836603,aot,38982446.92727273,
20840591,aot,49357073.46902655,
20839250,aot,39336128.2,
20838294,aot,54177933.552083336,
20841342,aot,55638043.520833336,
20840732,aot,53992078.59154929,gas-used mismatch for 0x699f54f953143c26ba6d6a6822af97277803ec99f0785d942136c32ad2c6fe8b: expected 454299 found 95892
20840821,aot,51787601.00970874,
20836045,aot,43551902.0625,
20840333,aot,70567651.975,
20838857,aot,50052345.784,
20836281,aot,53815501.14,
20839794,aot,92768249.01886792,gas-used mismatch for 0x4fa920083241565e2c5ec7281f75d1b9d4a1fa874c19e1666c6303501299a533: expected 2069720 found 1350632
20838669,aot,59045809.70967742,
20841779,aot,66753424.825581394,
20838798,aot,56478473.21590909,gas-used mismatch for 0x547a43650741346e6be8fd7f06716411595c62c27ba36e00d81a4d394f90c363: expected 336502 found 293235
20840041,aot,56638396.24793389,gas-used mismatch for 0xc065668cd0f219af0ff8b1a7d387ec8b1a4224b98fa6e009854f6abeb8698bbe: expected 277745 found 153935
20838928,aot,53168487.02272727,gas-used mismatch for 0x5dc06ed726189d05aee3031d00205b428b573158a2d010bc03d6099b34385395: expected 771703 found 718582
20838808,aot,73889131.66197184,gas-used mismatch for 0x9b093d1206d55bb6fea0896e0971a56f5aaff6c6d94b4895030aea1c271fcb5d: expected 266951 found 219661
20837919,aot,61551161.01204819,gas-used mismatch for 0x5b9727ff2c8966eca74482e250e0a98b0768feb30d7e9a483801d5bf202732aa: expected 401694 found 342088
20839513,aot,26918754.022727273,
20839846,aot,62599326.72631579,gas-used mismatch for 0x241ba984f637487f8f9b780a938347a406cb9db339d716e422fa62a35d3f0c38: expected 306752 found 213176
20839991,aot,58959551.1617647,gas-used mismatch for 0xf1da6ba0c3dae435a5988bc8a0392f138ab9906e598d4e2bc212a4c8a64c476b: expected 395969 found 96715
20837544,aot,13139218.134042554,
20839373,aot,105412091.05454545,gas-used mismatch for 0x14abdaa50b41a24f78c49447ceb0b3ff8f656d9759100161044296192b9493e1: expected 277745 found 153935
20840169,aot,40008904.69491526,
20841668,aot,83142839.47058824,gas-used mismatch for 0xae4d3022d0e6f607748acced26e62f3ec4732a7facb2889682621edca139e7c2: expected 360079 found 317078
20836794,aot,91633496.57142857,gas-used mismatch for 0xc4f2638078c807c97feb7375889edb60041c5259cbc8c534207831641a7f5e54: expected 388699 found 367744
20841481,aot,50576075.76859504,
20840873,aot,38596237.840707965,
20841763,aot,15110204.453172205,
20837729,aot,99018023.0,
20840920,aot,49102142.16504855,
20841857,aot,60164554.1,
20841563,aot,45764663.82727273,gas-used mismatch for 0xf7138e0c727ef5076caed0007169f9d11873b73d31066700247c22f3c038d849: expected 277745 found 153935
20841692,aot,29571021.178899083,gas-used mismatch for 0x7b4ed37e6c077c7cc7ea87e3326ecfb940ec784d66e5ccfae0acd96d7c06b3a4: expected 324110 found 95880
20841795,aot,55224969.696,gas-used mismatch for 0x1b966286be424deac45768e9ea599106db11e4b193b6ff5cc08fdb4cb17d92fe: expected 459266 found 319193
20836232,aot,48454323.72,gas-used mismatch for 0xedc6be84ef2212a8a520ee60ee4f6397e5ae3b015fb7fcb081ef7c51e19a3a3c: expected 361377 found 96732
20836419,aot,66103343.522123896,
20838482,aot,61471864.504761904,
20840780,aot,97224120.66,gas-used mismatch for 0x0b8a9cd04593ecd54ed70998920e30562cb5ef4f430f5050d5352de1a41539a2: expected 380118 found 320952
20839045,aot,52341455.983333334,gas-used mismatch for 0xd8435f3a9250939906917b88f48258a486f8381377c3b96199a6528d84acbe5b: expected 843279 found 236654
20839678,aot,42627676.12698413,gas-used mismatch for 0x2b7bbfad1a3ef77b1ee2c910775de9555ecd13ab3c6241340452b745408d5734: expected 2198621 found 2712609
20839232,aot,55243413.23863637,gas-used mismatch for 0x572edc40c2a1faada0d691bea2f149516012baefd23d0f48639d970e68630867: expected 394387 found 315772
20839607,aot,118513582.52830188,gas-used mismatch for 0x0347a8a0fc5d764497691a8bc3fbf671fe763226bd0e369ab40b6dd8b0d346a8: expected 805152 found 801639
20840638,aot,56282801.592920355,gas-used mismatch for 0xa1268e73d6b49bb5881346426bf98bfde68c0d0d10f50711662fed3e61d485ca: expected 243478 found 80072
20839421,aot,57123061.916666664,
20840822,aot,47074494.87777778,
20839968,aot,54647540.54455446,gas-used mismatch for 0xab84067ee3b2840d5c70c0a6b24138a7ab2ca021130356089c850aeb9aca8a18: expected 987999 found 686616
20839268,aot,68511839.25396825,
20838799,aot,73381984.0,
20840592,aot,48877793.62264151,
20836604,aot,49077341.576576576,
20838295,aot,72774543.16176471,
20841780,aot,42788018.41747573,
20836046,aot,58344390.89534884,
20839251,aot,52310783.24074074,
20838859,aot,62288067.53684211,gas-used mismatch for 0x7d4ff7590e2511149fe091ca64adb2861fbdf5cb637b1103b6d9f649af930544: expected 286936 found 247670
20839795,aot,76403152.83823529,
20838858,aot,80335827.60606061,
20839514,aot,106321074.08333333,gas-used mismatch for 0xa9d45c4ba51ececbf5c14ead3c80e7830b9d5133fa5aa628dc6d35b5d5ca3fe9: expected 916507 found 1005221
20838929,aot,52168347.375,gas-used mismatch for 0x9cd276b221594b1c7f4dee2fb435971f0ce5ce343aebb8941924c1eacaabf646: expected 447624 found 406692
20838670,aot,50583221.49137931,gas-used mismatch for 0x2f30f7d84664c80ec1d7b82752b74ee590785a5c4794a2bcc8eefb11114efd1d: expected 264067 found 215878
20840334,aot,59683172.80909091,
20840170,aot,56271017.428571425,
20840042,aot,16814038.960526317,
20838809,aot,43935198.72357724,
20841669,aot,52397257.8625,
20837920,aot,80740688.76470588,
20840733,aot,81040133.71111111,
20839374,aot,59646991.40740741,
20836282,aot,73761404.59375,gas-used mismatch for 0xd94fe388bc5c09d5ed62f69a46f446e91fb113851de89f9cd2a266b187b8845b: expected 329782 found 289721
20836795,aot,47869900.305263154,
20839847,aot,27723825.989528798,
20841482,aot,33297781.97902098,
20839992,aot,43636598.168,
20841858,aot,34311194.14876033,
20837545,aot,57673229.64516129,
20837730,aot,34462976.91111111,
20836420,aot,46726084.96385542,gas-used mismatch for 0x0acc922a9415377231c5fd45b0b9923a760a1bf3813192db2469012676450924: expected 289677 found 247813
20840921,aot,38138399.641221374,
20841693,aot,128343793.18181819,gas-used mismatch for 0x9d5824ff28ad095db119cba0fa6541cbf37a892a8f64de0214e79cb4026c447c: expected 592595 found 627252
20838483,aot,49143087.755813956,
20836233,aot,38160336.908396944,gas-used mismatch for 0x34eab3e787948ae254d432c0aa24caa72194becb12898130fa520c5a307d3852: expected 328420 found 95868
20837781,aot,45866299.14736842,
20840874,aot,41804478.18493151,
20841564,aot,60021163.03296703,
20841764,aot,73792071.1111111,
20841796,aot,77618619.62962963,
20838882,aot,47491417.31818182,
20839046,aot,58412706.635416664,
20840823,aot,40213073.37735849,
20836605,aot,45310021.105882354,gas-used mismatch for 0x31f16f7ed1193f690b70e8e806807c6f1e621bc653788f5f86a786231d7b7307: expected 1148327 found 933300
20838062,aot,32089406.5037594,
20840639,aot,52214095.69387755,
20838860,aot,36627413.93548387,
20839233,aot,82285702.87142856,
20839679,aot,65524886.57777778,
20839422,aot,46414932.3490566,
20839269,aot,60696081.654320985,
20839252,aot,34809675.23140496,
20841781,aot,75751753.0,gas-used mismatch for 0x9bc7a3244d5f3c8db2b49a53714be47e6385c3d5706f76d106fea9403c017df3: expected 811242 found 714042
20839969,aot,51497960.0,
20838296,aot,56482535.76530612,
20839608,aot,87255765.16049382,
20836656,aot,64393627.09210526,gas-used mismatch for 0x24b185634789f78445c629058c4840ffcaaeb3ed51061c5cdb68a83e3f7631b9: expected 270174 found 238169
20836283,aot,48470960.16,gas-used mismatch for 0x8f46b105480061b4185b2d0dc0ae511e9b38fc5221d5495941181d64de171973: expected 221532 found 144547
20838930,aot,52166274.86813187,
20841062,aot,45806217.94871795,
20838671,aot,44991306.00900901,
20840043,aot,131482810.64516129,
20837731,aot,30623475.945454545,
20836796,aot,38505579.23584906,
20838810,aot,61388632.85185185,gas-used mismatch for 0x69ef7f87f54457528d1142f9f9d19486bc0da3a8915eaabd9c131d391691fa3c: expected 826983 found 678719
20841670,aot,52858554.71875,
20839515,aot,45852578.98473282,
20836047,aot,81688258.34939758,
20840335,aot,60947963.333333336,gas-used mismatch for 0xc5d9578ec6c487613adedceab9689db2bf400d3f35aac60cce2aa4681dec8620: expected 615068 found 580139
20841694,aot,81013682.82222222,gas-used mismatch for 0x7a0bb57563c038e42b94c189e2ee2c56082745481c4a865495f551d07813e224: expected 649437 found 97456
20839796,aot,108425428.0,gas-used mismatch for 0x5a55e3baea5f28b914e4f76b632cdca81aadc4063cce5029eb37c1a74c3bfba2: expected 832934 found 604845
20839848,aot,74768843.41538462,
20840171,aot,46904322.8671875,
20840640,aot,79050859.8235294,
20837546,aot,64970473.4109589,
20839993,aot,45587406.38983051,
20838484,aot,51748589.04705882,
20841859,aot,74798550.1369863,gas-used mismatch for 0x2321391e7841ebee103dc3db3c26a00287172690dccb1301ecc021cb743e3b96: expected 433879 found 355920
20836234,aot,61222902.35616438,
20836421,aot,48964096.539130434,
20837921,aot,49674035.21428572,gas-used mismatch for 0x7c51717962b4ad4114a49acef568c2ae13ddec5e6c21387e2b607904170e7956: expected 252895 found 238242
20840922,aot,87503841.36363636,
20841483,aot,97173901.98461539,gas-used mismatch for 0xcd453bb8256fc5cffc75db4a73421e847458b1e8fa9c6ef5fe1f7dabaa4ff8ba: expected 277745 found 153935
20840007,aot,58373416.62820513,
20837782,aot,42944899.905172415,
20839047,aot,59578032.827586204,gas-used mismatch for 0x06d830561385289ba24add06e6b832d3e03108e91c4f788014679780657bb694: expected 327304 found 95880
20839444,aot,72569665.6,
20841565,aot,46764161.73170732,
20838883,aot,13670779.698060941,
20841797,aot,48282658.97272728,gas-used mismatch for 0x24752d369254154e641285e6149671b76d8bec84150891dcbee31aefda537643: expected 296070 found 190143
20836606,aot,92852395.96,
20838861,aot,56620265.83561644,
20838876,aot,42294438.910891086,gas-used mismatch for 0xf9c5c640588aafbdebc8acd07a32846c6280195f559e99fb3c69fb348a3ae024: expected 143821 found 77324
20839680,aot,9028078.242,
20838870,aot,103870033.6744186,gas-used mismatch for 0xbfc65a06c19df52bbc535d43e00f63714010f02ed1e74ea66af8e9ef880c338e: expected 277929 found 238313
20839423,aot,32595291.496732026,
20839270,aot,67372501.91549295,gas-used mismatch for 0xb44ce7d4121dce3effd3acb23ad192b8f424953d5021ac9c76ecacd1f773b7c8: expected 366067 found 306398
20839253,aot,61347972.16,
20838063,aot,57678149.633663364,
20839609,aot,23610152.606382977,
20840824,aot,54656047.333333336,
20839970,aot,60190619.60526316,
20838297,aot,43168716.416666664,
20841782,aot,49010467.90909091,
20838931,aot,68339495.525,gas-used mismatch for 0xb4693e5ea0ba264fcfe6f1e4153f6fb28c009b72a273d8f94a5e1c1762a6cc2f: expected 6541967 found 1715663
20841063,aot,59047941.56989247,
20836284,aot,69125991.78313252,
20839516,aot,40875323.25423729,gas-used mismatch for 0x176dc5038271c69d9b839a4c30b42fddc5d03245c10c37410a93892f8e32f6e8: expected 866651 found 837996
20837922,aot,49245979.303030305,
20839849,aot,38040262.03478261,
20836048,aot,81333065.61666666,gas-used mismatch for 0xce16fad299681c2144a8c14e5acadf4459ace8759e6c2f5f4e57787e53cbe7d9: expected 259108 found 242117
20839703,aot,85716086.89090909,
20839797,aot,52648063.516483516,gas-used mismatch for 0xe0525a3968381358576548176c1e9b3da8486b91e1d47c65e567bbb07f67d495: expected 514220 found 487091
20837732,aot,121196590.8,gas-used mismatch for 0x1f0066ca8f5be8863a364c58df397cd9dda4176b6a4c457a9a1d2b7d91f829ac: expected 199438 found 82074
20840044,aot,52270044.14159292,
20836657,aot,30524143.87614679,gas-used mismatch for 0xa951e4954467026701916e0c66675b6f4ec169132ee26a429680532615a7a443: expected 837003 found 492954
20836797,aot,46278412.76984127,
20841860,aot,45523695.93684211,
20841695,aot,56577813.448979594,gas-used mismatch for 0x8bf0416518fcada559e20a1def2f4c2d0cc35f52943c58754b81c6a4b6dcc0cc: expected 880669 found 731271
20838485,aot,61969767.21052632,gas-used mismatch for 0x792f89c91ba5a904eb68459fd146e63f988598cfdc4f37f18c38fa2056cfc12d: expected 269899 found 238146
20840172,aot,53034937.25714286,gas-used mismatch for 0x3c04d90e3d709813d0e606deb9eeba1453e3e1eeafa84529b4aab9c65408020d: expected 460930 found 160728
20837547,aot,46030908.24347826,
20836235,aot,76563720.89090909,
20838672,aot,66689957.23300971,
20838811,aot,27637205.541666668,gas-used mismatch for 0x8865498d77cacfa386aee92e7d82993343c394db934e907940153b49d949a80f: expected 286912 found 247646
20839994,aot,65123832.81481481,gas-used mismatch for 0xe32bbdc3032c81abd014ce4f8b7ca8bb21c6add68fa9bc587bb88e770375d590: expected 374699 found 104825
20840641,aot,41718777.326241136,
20840008,aot,50939313.55913979,gas-used mismatch for 0xaa62543df6de22745bf40a8e7932fd0e192eb14b77c0b92de1b921b4b16b3394: expected 277745 found 153935
20841484,aot,55735157.13953488,
20840336,aot,60557632.79047619,gas-used mismatch for 0x2b71e6f8a21896f4cecf490babbaef50efd77ec5601a5c9cfb2c2473f98896e0: expected 860016 found 856906
20840923,aot,41504293.60150376,gas-used mismatch for 0xb538e62b0e6a83f29ade8eb22268a44ce22fb57eba08b402ed23e68529f9d13a: expected 153996 found 135424
20837783,aot,58941354.20930233,
20841566,aot,68270565.2413793,
20839445,aot,52408409.70967742,
20836607,aot,82899399.82222222,gas-used mismatch for 0xf267a1cbb9babea665f62c096a347b58b2127d22ca2630bba9348befb37f9544: expected 520053 found 227397
20839048,aot,73150141.58974358,gas-used mismatch for 0xbaa6fee35f268be284f480409643128a42dc74d01707e515f8396bbb0b749b58: expected 310514 found 325735
20836422,aot,50789354.2556391,gas-used mismatch for 0xb3612203a8e8f776ee52d63fff1b8115843c96dc4e971dbb1b1af0f8a80d24a8: expected 354195 found 95892
20841798,aot,76231990.53030303,gas-used mismatch for 0xc98a99c5b637bb524f9137e8eaa960461fbd458ddc0bf1db2ea80a72b09510a0: expected 196272 found 81738
20839424,aot,50801218.3125,
20838884,aot,93140322.66071428,
20839271,aot,52879532.54117647,
20839254,aot,61969534.11764706,gas-used mismatch for 0xc9e753d4345922f4fdbedfc9913d794bacb644fa6ffde1fd2f713279e3d6fa3f: expected 941978 found 782120
20838871,aot,42515664.578125,
20838064,aot,52424328.51578947,
20838877,aot,50894353.31428572,gas-used mismatch for 0x0872f154fa1e78e2983f772de2d9db4a533b70f4629468764b8364c3c0adfcfb: expected 454133 found 417137
20836049,aot,25045849.533834588,
20839610,aot,135174794.2777778,gas-used mismatch for 0x0ebb00d008ffba0d44e5de47fc18d257a2015e371e86d08fbcdd436b8a35f64b: expected 345520 found 95868
20839681,aot,113453237.03278689,gas-used mismatch for 0x77e48bdb897eba6aa2113d38884067a3c54177888915b97e7314b61613c24771: expected 273829 found 271442
20838862,aot,66252761.88181818,gas-used mismatch for 0xd3ae4078f43c8d7f68b0cce5e865db1de1e5c59f964ebaa57c66fd2f3ebf9299: expected 277797 found 238181
20839798,aot,56325185.483333334,gas-used mismatch for 0x61d1693dc89b2ebb86e0b31fe550b69b02fa61370946c21e51a95329b6ba6f1e: expected 365438 found 251092
20839704,aot,67475385.47272727,
20841783,aot,53205299.875,
20839971,aot,73151044.95061728,
20836285,aot,51293356.1882353,
20840825,aot,53961349.56097561,
20839850,aot,50484137.9375,gas-used mismatch for 0x082c95c6a051a6a3bf0f827783c7a26f5a057c42ec80b37c22d5129ebcee377d: expected 539756 found 209577
20838298,aot,52646179.30894309,
20841064,aot,61145799.053333335,
20840045,aot,85127709.0,gas-used mismatch for 0x504b9766c7dca96c5fd28de5ff1c2081503f3050069ff3a602f030fc05a792a4: expected 373280 found 95892
20837733,aot,57807455.41975309,
20836798,aot,58834845.222222224,
20841696,aot,46821779.97029703,
20837548,aot,59563418.30985916,
20838932,aot,27185113.207627118,
20841861,aot,53496585.472527474,gas-used mismatch for 0xae15f4bf81428c2996886004a0846282401a8202b437da9cdbba27dfb1fd18f0: expected 233713 found 175590
20840009,aot,85746901.125,gas-used mismatch for 0x069e93e0298b44ab3f0fc340e82be224806bd233833814f5367f9214edc951e4: expected 277745 found 153935
20839517,aot,68611022.8409091,gas-used mismatch for 0xfbdca7bd0f6f549a11ea9fd30f9a94104b4b7df9fa9e3c5a09d3db31d42c13db: expected 522252 found 466625
20837923,aot,57953212.83,
20839995,aot,58551706.115384616,
20836236,aot,41767848.641666666,
20839446,aot,60428799.29310345,gas-used mismatch for 0x795fbe005ae6074f8888e297427851c5395094fb13ba70d08d45b57e23123b23: expected 277745 found 153935
20840924,aot,62265430.36363637,
20838673,aot,62806121.23529412,
20840337,aot,84089743.05172414,gas-used mismatch for 0xc9b1d6f1bfe5918d1d458e6f3bbcbf32229055750b86c8a329589b36d28e67ec: expected 214564 found 144528
20840642,aot,74011230.34285714,gas-used mismatch for 0x9b4eb3fa9055bbefcc201bcb74fc33b44d150a4b9bfcfe5691e1a58371d6360b: expected 469391 found 97122
20838486,aot,96978395.96721311,gas-used mismatch for 0xf23f8ccc72577a69456121a87694966e51cd5dece7db407597682f24e55684bf: expected 439495 found 379070
20836658,aot,137016427.15555555,
20839049,aot,63181370.31818182,
20840173,aot,75516954.5340909,gas-used mismatch for 0x95b974b50a14d9f35232e4f5009b7c083ee53e2b70ca4db830f92564110fccc6: expected 255391 found 238541
20841485,aot,59801187.554455444,
20841567,aot,48092230.17272727,gas-used mismatch for 0x343dc7e256553563a8296162b4507130ed9e1e229ea7267098ac77bdb8fb2fc2: expected 261738 found 212288
20841578,aot,57182964.42276423,
20837784,aot,40942738.04895105,
20836608,aot,77936626.77142857,
20839272,aot,33960936.82442748,gas-used mismatch for 0xb248f6a61b9ff8ed1d8de781abb46d661e34b63e62cea7cce11f0c188ae3f045: expected 395351 found 239165
20836423,aot,73003616.24,
20838885,aot,62892584.9125,gas-used mismatch for 0xd4130669bc113917e99054e08123f450aaa92a2fcf89538d953b8b964eb35def: expected 373941 found 314951
20841799,aot,60300373.88172043,
20839255,aot,61078857.54545455,gas-used mismatch for 0x76836040099067ca8ddb4b34241a8bc4b1c55e8daeb091d750243bc25b46364b: expected 1303686 found 1266914
20839425,aot,49651924.67826087,
20838872,aot,64078180.54117647,
20839682,aot,27162338.17647059,gas-used mismatch for 0xad805196c4ca29026a66ad4359e64b2065508f4f5f14512be87790cd50352392: expected 277745 found 153935
20839611,aot,38050572.75,
20839799,aot,38075841.83471075,
20841784,aot,52029227.525,
20838065,aot,65401777.8,gas-used mismatch for 0x136ef7c97b1e24f37129c952d792d4a8ef534d9f887a7e93362c3ff0b18a4daf: expected 325006 found 289745
20839851,aot,49891612.64473684,
20836050,aot,106376607.55813953,
20838863,aot,24429739.6125,
20836286,aot,82948688.75471698,
20839705,aot,46468832.37391304,
20841065,aot,67603305.27272727,
20838878,aot,36466112.36363637,
20841697,aot,76089833.60416667,
20840826,aot,87417476.96226415,
20839972,aot,90805236.21666667,gas-used mismatch for 0x77a593df23084934315de151fa6f6d0ce96ed538e234f3d837dfe0cbf58410cc: expected 365675 found 403578
20837549,aot,17086658.04761905,
20840046,aot,47433970.58260869,
20839996,aot,53049959.847058825,gas-used mismatch for 0x3f660f2ee390164c2608e97f265890eb9bd2fbf416e3fba29784ba1017cefaeb: expected 890847 found 886648
20837734,aot,24751056.425438598,gas-used mismatch for 0x2eac62867d3680690beec0ae0c79be1f880f6e73a9045805f16000e62aa077f9: expected 282545 found 153935
20836799,aot,61114769.45348837,
20836659,aot,36167005.578947365,
20839050,aot,18721624.375,
20838487,aot,35328758.86486486,
20841862,aot,48414676.5,
20840338,aot,36079591.77118644,gas-used mismatch for 0x7cc6e165d387389248324aa2a2668336a682680ec2f3fe199bdfceb92b00deb5: expected 323072 found 95880
20837924,aot,74701171.52941176,
20840010,aot,75147823.42253521,
20836237,aot,19254450.614545453,
20838299,aot,43046728.49673203,
20838674,aot,49636810.82178218,gas-used mismatch for 0x321c62f460e003b24f3fa2483444d78af6535c096cbe800e183e3ccb92e3a5a8: expected 398711 found 96666
20839518,aot,81631260.25757575,gas-used mismatch for 0x2c0f991d65105822aaac52cd73abee0d5bf6ba5286283b6d50a6a40ff5ea8d6f: expected 277745 found 153935
20840174,aot,33298528.491666667,
20840925,aot,37458730.669117644,
20841486,aot,38907274.141509436,gas-used mismatch for 0xced79034c3671b9157ea69b6d290d19f17d4d82dfc91602eaaae2dad509585ad: expected 433838 found 96720
20841579,aot,52076198.061728396,gas-used mismatch for 0x17f957bb213b63d9d75c358a32b0be9cfceb5f4db27859d78a1e3a501d5574c6: expected 536744 found 418353
20838933,aot,92114821.94366197,
20837785,aot,57976188.24285714,
20836424,aot,41859452.9,gas-used mismatch for 0x420ac9ff6032e9c6af77d9feda00e359eb90c57374dabe52f6562b856bdec982: expected 360151 found 317150
20841568,aot,56241874.435294114,gas-used mismatch for 0x61b6087cae2307f183c2b1a84be328874076b1066c725040e044ac1b2c69bb3d: expected 608179 found 399203
20840643,aot,53099339.65833333,
20839447,aot,95671299.64788732,
20836609,aot,56330076.63529412,
20838886,aot,46196142.15841584,gas-used mismatch for 0xf22257dcabb1c9d662cc0bdfe6d01e594f2f30eebf5e47e8d17ed78ba2edc142: expected 127917 found 56972
20839426,aot,44904955.01980198,gas-used mismatch for 0xf0eb42f61978af97392e22d2f94714d6226d6343408182fe74f0a42be7c4ae59: expected 832928 found 223122
20839273,aot,59376348.35483871,gas-used mismatch for 0x478111e9d4c68d2becb62e281f5df19d218bbc83eb19806f3b893dd604c590a3: expected 459120 found 96763
20839683,aot,72781733.78,
20839800,aot,74748924.24444444,
20841785,aot,56667899.63529412,gas-used mismatch for 0x837c66989c6cdeee83fbaffcaec47b1cb11676407639f68810a5d507ec30d608: expected 337066 found 95940
20839256,aot,67625122.79591836,
20838873,aot,50890102.00826446,
20838066,aot,64902041.04705882,
20841800,aot,39044827.940298505,
20840827,aot,58550117.7037037,gas-used mismatch for 0x591454e0b2ddc14b27a48b290d82b6898ddec296d4bfb7891db28f6765fb35c6: expected 204049 found 81738
20838864,aot,113139301.8478261,gas-used mismatch for 0x443e50d07762544fd47deb77073b71d2ecfc4f78ffba73a0bfb21986af13089d: expected 329216 found 95856
20841066,aot,65159903.98717949,gas-used mismatch for 0x415a05bab55f0f50b57dfe7ed799f96920435b023724bd06baa3360523ee8404: expected 277745 found 153935
20836287,aot,91086308.5862069,
20841863,aot,33631389.84259259,
20841698,aot,96510462.02,
20838879,aot,40328055.45185185,
20838488,aot,49436340.51282051,
20839612,aot,110686201.55555555,gas-used mismatch for 0xc55450e408c095b5f5f1f76bdc004ae0e7cba09347f7d626493c60ca3581b114: expected 277745 found 153935
20839706,aot,60482452.43956044,
20839997,aot,32500211.466666665,
20839973,aot,66612834.03703704,gas-used mismatch for 0x81f73fc5f6198ecc34a643a4166097b2afb9fc6faa3e7a0cd7f86f20e8ff0649: expected 439495 found 379070
20840047,aot,79691170.39655173,
20837550,aot,60431565.30263158,
20836800,aot,93295879.58139534,
20839852,aot,72847180.5,
20838675,aot,16275462.253112033,
20836051,aot,89881265.04545455,
20836660,aot,78158207.33333333,gas-used mismatch for 0xeca63ae969803c7dc92180fceb39df38b377c6bcc66bd3e5a0067a69290c6955: expected 707427 found 491752
20839051,aot,68045327.26315789,gas-used mismatch for 0x6fcce5d493cb2112c732e2a9aff80ce414f922f1c58e8f83819dd90708604fc6: expected 148010 found 72827
20840926,aot,60554872.81428572,
20840011,aot,66507967.56626506,gas-used mismatch for 0x57e4ffe5714a204cfc9924dbdf440a259135109a37cc124fe112cc8af25cb506: expected 816814 found 105546
20841580,aot,42721807.41747573,
20841569,aot,44423839.655555554,
20838934,aot,35028349.42748091,
20837786,aot,85796563.04,gas-used mismatch for 0x4721caa68243dbeaffc06f9c5f81c1f79e0c20d6547fdaec27d1c099f11b2805: expected 543923 found 424614
20841487,aot,87585111.46031746,gas-used mismatch for 0x62fb3ff03213faddb1e76a5729fc6132430189f5a62ac7cd91222a0be677156f: expected 144011 found 77452
20837735,aot,64159084.268518515,
20840175,aot,79886125.56578948,
20836238,aot,129650678.9,gas-used mismatch for 0xef8c284ff42dc9004ed0bdb121ceca6bff61633cba9ec7bef1c14ab018a1ecff: expected 112434 found 75185
20838300,aot,68102474.04081632,
20840339,aot,76331826.23157895,gas-used mismatch for 0x12feec30ea607736ab256b75a5b5284d79b895d8f2b9e3e6449becde999d2dd5: expected 443202 found 95892
20836425,aot,55787592.702970296,gas-used mismatch for 0x5c2a3c92a42ef85d631e7145a894e1055b72cbe13f4ab57aca42c39459800cf6: expected 418898 found 234755
20837925,aot,57985342.41538461,gas-used mismatch for 0x18216fc96e37662f9fbf5e32e2d2b2cb8acc77035f5830547c16b3accd35b3b0: expected 574018 found 191490
20836610,aot,45083782.38738739,gas-used mismatch for 0xd716aa59deb5fc5dc68c082fd5d51a364ca5cee371e07aaf5fbaa39c965983c1: expected 380637 found 98933
20839519,aot,55570257.9296875,
20839448,aot,66573993.6125,
20840644,aot,79628183.28947368,
20839427,aot,60460794.44705883,
20839801,aot,56660671.244186044,gas-used mismatch for 0x48780059dd38a159f74d09358add0333ecb264d5c77c1a4f5146ef3736d507f9: expected 417102 found 104845
20838887,aot,43830168.585185185,
20839684,aot,52592743.5,gas-used mismatch for 0x7c93d52b2cff818a0926ced7b569bbb1596a9c734c933700918bdf9ce47f2e57: expected 620933 found 319903
20836288,aot,40731427.28169014,
20839274,aot,88996228.46969697,
20838067,aot,43961993.469135806,
20839707,aot,43778755.823529415,
20838874,aot,39722621.1,
20838865,aot,44627636.96116505,
20840048,aot,71619427.37254901,
20841801,aot,100030556.26315789,
20838880,aot,80008933.32142857,gas-used mismatch for 0x38ab47bed610504e84f7f603402b09a232198d77456b0e67a191b26538af7726: expected 267089 found 242587
20836257,aot,63795011.451612905,
20839974,aot,49459830.63636363,gas-used mismatch for 0xbcc6ae6f1f00f18f438fde1f45a5ea9bdd50dd769c4084564a1de3dab80a28aa: expected 812871 found 449261
20841067,aot,47796992.510416664,
20837551,aot,63353845.295774646,
20839613,aot,40562457.00793651,gas-used mismatch for 0x5f815e6e4ed433dc1909e0c4c6629f042063068caaa3ba0063a4bb9ff7e6a121: expected 380701 found 96683
20841699,aot,53163076.29591837,
20841864,aot,120780852.52173913,gas-used mismatch for 0xa7d2323e171ea08c09d961524b68db1a8178e915c760d8df18166924bebe23bb: expected 269898 found 238168
20836801,aot,46298835.3963964,
20836052,aot,56067879.61363637,gas-used mismatch for 0x1806125a7925ddb4086083f38e7eed9c1b8b966040bdb2892d3715c0a35313cd: expected 326572 found 289533
20836661,aot,19213498.024,
20839998,aot,90630808.73770492,gas-used mismatch for 0x2a139cad266e185fc8caa90f732a08b8300b8798a3fe1c8857958a7a508e363a: expected 1000797 found 185499
20841786,aot,107032177.66176471,
20839853,aot,57940561.22105263,
20838301,aot,10502548.993006993,
20840927,aot,68324760.1971831,gas-used mismatch for 0xf0a45b010367ff3fdc0f03d07c84bcc618821ec71009c426753e9ea219703368: expected 971688 found 651551
20840019,aot,61692537.45454545,
20838676,aot,78521975.42105263,gas-used mismatch for 0x0a426c2f32189128117b7db110374e22ead9114c96701d26e4a63dc42de25ada: expected 375476 found 95892
20838489,aot,54537370.888,
20839052,aot,35707382.42307692,gas-used mismatch for 0xfe10cb4eb95856235b916c67494fcc1616a96af7393435d72ab49d1620439db3: expected 546692 found 104865
20840176,aot,66181793.88679245,gas-used mismatch for 0x0649501d822687a1d6bc0d5e791bac09275e2b72c2688c1aff2159bfd4043895: expected 285990 found 238357
20841488,aot,20429822.742222223,
20841570,aot,32032959.8,gas-used mismatch for 0x7e2df419ba8c68def718c261030eebde2d56c46af73be8452318b39ee569fdd0: expected 427154 found 96732
20836426,aot,41464119.98095238,gas-used mismatch for 0x7081ec24a35bcf1373409b4f96d22c802fc8aaabfc7daba14cdd09b47af4d84d: expected 264067 found 215878
20836239,aot,32771439.035460994,
20841581,aot,58880943.95049505,
20840012,aot,94307495.28571428,
20836611,aot,61684662.6,
20840340,aot,67623365.39705883,gas-used mismatch for 0x59b518ef3520f50dc0c70492f50a61008dd12266f6bf4e69f49702e43f7d4639: expected 177895 found 105845
20838935,aot,52802287.85454545,
20837926,aot,44843472.21505377,
20837736,aot,61681344.67469879,
20839275,aot,32868767.151162792,
20839428,aot,69144768.0,
20837787,aot,53065378.461538464,
20839520,aot,58366882.71428572,
20838888,aot,81910344.48214285,gas-used mismatch for 0xe4ed27924d4d494d4d49b7a6039c4d7d285a3649e775b5b77bf675c52c22875d: expected 324098 found 95868
20839449,aot,61116889.58163265,
20839685,aot,73672385.58571428,
20836289,aot,79456166.34482759,
20839708,aot,49430763.31395349,
20838866,aot,19088319.4972973,
20838068,aot,39297254.34126984,
20840645,aot,96343709.79411764,
20838875,aot,48833164.42477876,
20839802,aot,64569515.7,gas-used mismatch for 0x4e7f39b8f3c2a957b1283c73e9333aade049e833bf613b4ad56edb1ba6c828f4: expected 277745 found 153935
20836802,aot,57552792.253968254,
20836258,aot,50094475.94623656,gas-used mismatch for 0xbe0120d1f92bd600d9ac2ee6c35bbcccdb7c93a3b27287eb926f9303851ef662: expected 400076 found 215082
20840177,aot,64602752.131578945,gas-used mismatch for 0xf16f312eced74276a81c04a1376ac4104c8cb934afef4deecc856c471a4e7459: expected 312181 found 247798
20839854,aot,39837144.61627907,
20837552,aot,72707146.52307692,gas-used mismatch for 0xf3ea22525d07514e54aeaa6e51e09247fa060b12aa864c324c429acf46159335: expected 327377 found 269781
20840049,aot,59431118.333333336,
20839999,aot,51000710.5,
20841865,aot,88577908.4375,
20841802,aot,46990353.60344828,
20839975,aot,48048266.6637931,gas-used mismatch for 0x800c89d19952060308d19e4ef9ba9cdfe01698498609f5be85fa028c79bcf5cb: expected 527052 found 466625
20838881,aot,58474027.554455444,
20839053,aot,75828586.80434783,gas-used mismatch for 0xdfd6974ebdce3ac1913498c59f07b74f341480c34787b96f2c3b03ea7a2d8de6: expected 148010 found 72827
20841068,aot,56962488.38679245,gas-used mismatch for 0x3164b16641b27513865b6d8f9c79bd6c48b4f638f0bb1a5c9faef354cfc1585a: expected 572376 found 284443
20836662,aot,124305199.90322581,
20841700,aot,54295234.60952381,
20836053,aot,43161900.06666667,
20841787,aot,40659550.24264706,gas-used mismatch for 0xcf88d9a418508f4ba01e08b8edbcf26148ed59eb78f4596e328f9ef7fddc3508: expected 277745 found 153935
20838302,aot,125663350.03333333,
20841489,aot,83591722.625,gas-used mismatch for 0xcb26f391ad2e5c38c2a93db12d48fcf15df3a9afebb63cd6be9ffaac1fa93d55: expected 439519 found 379094
20839614,aot,66992418.0776699,
20840020,aot,49127290.88333333,gas-used mismatch for 0x22b8cff6c21187b5aee631f0db8a3429c39bf13b9e70ede8fd36e64604e68094: expected 383899 found 367744
20840928,aot,52306437.584070794,
20837737,aot,54734449.723684214,
20836240,aot,59822481.666666664,gas-used mismatch for 0x223a9a6ad13130e3af29a66067a8df4b65b5765a90142967c32ccf834fce1366: expected 347711 found 98993
20838490,aot,59012610.99,
20837788,aot,46064253.881578945,gas-used mismatch for 0xd542ca72cba54c04e30235c08bc7c00df2d5065b046e007bfc6dd00c4f126c11: expected 344225 found 95880
20836612,aot,35403748.682432435,
20841571,aot,80002188.25757575,gas-used mismatch for 0xa80a5cefaddf641785a1cc8b04d317da0d2dd851890c69e73e53346baadf157f: expected 873589 found 101490
20839429,aot,45265124.333333336,
20838677,aot,80166776.5125,gas-used mismatch for 0xe4792d9fb32588cc7f5ca671daa761933493670dfaf3c6b43f8f4c549c166373: expected 277745 found 153935
20837927,aot,29297418.367021278,
20839450,aot,32617500.87826087,
20840341,aot,97418357.76470588,
20841582,aot,53010631.053097345,gas-used mismatch for 0x21e78b20e6a93834da663114d1e2728ce7ccf56cca34b8ffe3ade285ccc8010d: expected 277745 found 153935
20838889,aot,29746951.51748252,gas-used mismatch for 0x7c949c13d9fbc5260df0d1f8cf28231759738b0e7e677375a4c9d3291feaa9b4: expected 277745 found 153935
20840013,aot,97705750.41666667,gas-used mismatch for 0x0c16fbf54d93e2f64e23f7df74c778c105c1f7b16ebbbf8651127b494b9dd742: expected 612442 found 551907
20836427,aot,50308909.87603306,gas-used mismatch for 0xa56d2ac0211c2859bc3a2db80f9213f4515ccdfea51eae5533591fa7fe2ff24f: expected 810188 found 189581
20838936,aot,50921104.12396694,
20839521,aot,34850209.7,
20836290,aot,24227667.369942196,
20838867,aot,37596720.53719008,gas-used mismatch for 0x1d762932abbd3e79225daf02dde9f61e079a902d73335583ceddf8b511823bb4: expected 2560015 found 2260216
20839686,aot,338586.0387477547,
20839276,aot,63464606.46226415,
20839709,aot,87698327.9245283,
20838069,aot,81195893.03174603,
20839976,aot,52435751.36923077,gas-used mismatch for 0xed11534b41316bd51844336fda2443f1afd91f02a0fefc13fab8398e199e9842: expected 266415 found 277967
20840000,aot,44171861.11627907,
20837553,aot,65274873.378787875,gas-used mismatch for 0xe02cbab877cf12ff3d941b4364546994671e51d07c4ec57ace10a2237982d76d: expected 451026 found 95940
20840178,aot,49888841.50537635,
20836245,aot,107698804.33333333,gas-used mismatch for 0xf31e844324cd1fd0682de38160e382b4fd4240b905a62c3645b70abfadcec44c: expected 266939 found 219649
20841803,aot,69567656.85245901,
20837828,aot,59400673.10606061,
20841701,aot,39800123.18888889,
20840646,aot,83230842.63013698,gas-used mismatch for 0x08e0af3d2f6506a9baddafe7a7b52843fb70c3da9c9f57c01b73464323c8435c: expected 213177 found 144516
20840050,aot,11559721.625277162,
20836259,aot,64961934.50588235,
20839054,aot,67246817.46031746,
20836803,aot,68108500.60526316,
20841069,aot,63910957.526315786,gas-used mismatch for 0xb3f84b968265495cc5fd68337c476eadee59461b1f27f854507316a1718b8e5d: expected 415884 found 96732
20838303,aot,44984565.92222222,gas-used mismatch for 0x8528893299bcc5a6733ba376f373f54c2f304158823ade31cd68fa3d5abef9f2: expected 253062 found 238157
20839803,aot,56020901.87288135,
20836663,aot,38626764.0,
20839855,aot,46769119.81884058,
20841866,aot,60253822.222222224,gas-used mismatch for 0x9a646db666b5414082c86160f8514a736a35f1354c6f7706b76548d93e5e9716: expected 933552 found 131310
20840929,aot,57272703.24657534,gas-used mismatch for 0x675e898b077ee8018c84f45b2e2319b0d48dc17d3fa3fc0f4b7b460c9a1bc68d: expected 347697 found 96732
20838156,aot,70043966.67142858,
20840021,aot,49235817.86021505,
20841572,aot,52294951.68493151,
20837738,aot,60003310.1875,
20841490,aot,77395783.98717949,gas-used mismatch for 0xdb85b6e5d5fce415ad4a956ff8c919758b042db944d7cb7c6422ea50aa43ec13: expected 580483 found 553040
20836054,aot,57633943.45454545,
20839615,aot,68992733.77777778,
20837789,aot,45190644.53703704,
20838678,aot,60704523.434210524,
20840342,aot,24197850.233333334,
20837928,aot,59101318.39473684,
20838491,aot,64086185.697674416,gas-used mismatch for 0xee6f76995636b89782a368f87155d9017cb733c77b4a22dec95bac1aabf03afd: expected 1109673 found 884080
20836613,aot,40797605.80916031,
20841583,aot,53189186.39772727,
20839430,aot,57600451.270833336,
20836241,aot,29409691.502347417,
20836291,aot,89480017.14634146,gas-used mismatch for 0x60b4b28186ad6e113d4b036c8f8aeaf8ec08134ab1375aa55a7a5a5316cb0e8c: expected 442158 found 95880
20838937,aot,48565090.53465346,gas-used mismatch for 0xb14c5b7d89f944d02e76a922a858be947884bdc8e41d6a8f115401875c1866e4: expected 269268 found 214801
20839451,aot,75383905.95588236,
20840014,aot,47055446.845454544,gas-used mismatch for 0xe14a63fb287825ce2299d06587afbd04225132771c7313ddf570ac660646c3f7: expected 277745 found 153935
20838890,aot,46543769.50862069,
20839687,aot,80584610.17391305,gas-used mismatch for 0xce39c059c06b6a175047b9473d86f75f0c1a45533c589e9737075e3aee03d215: expected 120625 found 121933
20836428,aot,99009239.3275862,
20839522,aot,93310605.1724138,
20839710,aot,18610400.449275363,gas-used mismatch for 0xb6a0ba08cb793870de07d93f0df6cc6e8bcfc50f2b87cedde5742b3f6de32236: expected 279073 found 98981
20838868,aot,70313433.77777778,
20839277,aot,60584654.54545455,
20839977,aot,69699802.22950819,
20840179,aot,43218460.279569894,
20838070,aot,54856547.733333334,
20841804,aot,18637342.88695652,
20840647,aot,46999636.08139535,gas-used mismatch for 0xe80f831adb15bf24c0a2b537042ff52e30b26012ff8ebab0c4d522a74a229ae1: expected 575686 found 174757
20837554,aot,60961120.125,
20836246,aot,69266151.21538462,
20836804,aot,43695924.96842105,gas-used mismatch for 0x8dea1f881cf1550ec6e7e46fa8eafd59fbedbd7f5ee4dfab726876dd6e0cc25b: expected 1014904 found 722956
20837829,aot,24326869.195348836,
20838304,aot,53970630.53333333,
20840051,aot,103881946.51111111,gas-used mismatch for 0xab76e381e16143f4fc3b36d9d9be8afe7a3d7086e5486ece6b4f2076ce450d0d: expected 277733 found 153923
20836260,aot,67309360.5890411,
20840001,aot,100426951.08196722,
20839804,aot,43151578.55238095,
20841070,aot,72962107.1969697,gas-used mismatch for 0x8cc2e75f77be9837ea5daaa58f5e9e7a85f2db0066a5e67f6c0d55478785d542: expected 551875 found 95880
20839055,aot,45421898.83898305,
20839856,aot,66320870.558823526,gas-used mismatch for 0x8dee630a5def4a2df628d7d9233ad6dec9b8505eaf8337bb33e8f5dc4f7e3010: expected 282545 found 153935
20840022,aot,60331581.0,gas-used mismatch for 0xc81a9da569efb286079cf3bcc24afae9783a2af6a2951fa9e7a3953728aa7532: expected 218946 found 144547
20840930,aot,62380317.455882356,
20841573,aot,19759021.319248825,
20838157,aot,69135161.92424242,
20836664,aot,68224392.06410256,
20841702,aot,66864756.67619047,
20841491,aot,48632402.48863637,
20841867,aot,57103897.281553395,
20837790,aot,82510018.16071428,gas-used mismatch for 0x46692255dcc603f6afba37da3526d50ea59d15753c73789017c7f35348e164a4: expected 616472 found 117579
20836292,aot,43268721.85882353,gas-used mismatch for 0xae0e393bb4312d08926abbe34571a284835c48c8219f7e52bed194da0f34ba44: expected 254066 found 238232
20839616,aot,51624177.67741936,
20840343,aot,29377446.47878788,
20839452,aot,35651134.6,gas-used mismatch for 0xf31ac9fade77a23a68e0ede54aba0a55579445580cf5979782dcd94b3b035c71: expected 666121 found 287599
20841584,aot,53661358.075,gas-used mismatch for 0x463e89ad2070127179c9cf95eb7eab32b1571b4527bb2ce396571daa002f2b70: expected 277745 found 153935
20837739,aot,72281049.08219178,
20838679,aot,49172002.49056604,gas-used mismatch for 0x7369e4eb69880815c5c4d21c6d3c910ea6083b8e2878f288f7cd7ef3601a6053: expected 434719 found 379094
20836055,aot,49173803.477477476,
20838492,aot,34511239.91216216,
20837929,aot,48847222.42718446,
20836614,aot,58337109.0125,
20839431,aot,57710232.72289157,gas-used mismatch for 0x5abae557232cffb7178d191b4ceb19894a2ca6e0bd76a6c7f9535bf56993b4c7: expected 282545 found 153935
20839523,aot,49883944.759036146,gas-used mismatch for 0x623355de8f5640dd9d9d7d561375b0b46fdc5cb6017fbaab736cf351444286a6: expected 169605 found 135258
20836242,aot,94492019.34482759,gas-used mismatch for 0xba6a61ab6928119edad6257c9b14a864dd3dfef2813bc1c227e32772ab5b1b5f: expected 432960 found 96708
20838891,aot,68598219.43589744,
20840015,aot,57271631.0952381,gas-used mismatch for 0x73b37772dab3ab15833ffca7744a267aed4a45f7947bbdd1e1a5004298940f24: expected 277745 found 153935
20839278,aot,36018355.56034483,
20839688,aot,109724318.28301887,
20839978,aot,49817269.0,
20838071,aot,43713346.32673267,
20838938,aot,73647339.91836734,gas-used mismatch for 0x44b318a97fb6c99ccf4a4c6929e2b688695cf0636ea4db6b56414dda023a45dd: expected 618727 found 100557
20836429,aot,58935845.83809524,
20840180,aot,64215000.48717949,
20839711,aot,113532246.44,gas-used mismatch for 0x3a508054bf085c0df5811a864dbb5497153e44341be49e36e0c88574e37b2394: expected 487241 found 301118
20836805,aot,45406768.60215054,
20841805,aot,59795554.09638554,gas-used mismatch for 0x8d42a448783aa008991025d72647e4a8b9ae88979f0cbef10ee332abb7e4764c: expected 308682 found 91786
20837555,aot,74997493.06153846,
20836247,aot,59678215.32098766,
20836261,aot,64160279.621212125,
20840052,aot,86847806.39622642,gas-used mismatch for 0x2bfd743c93d85bf859550cc98b96fc13d419c9c7fe0dad82ff9bbb3f0c72b5ff: expected 402779 found 381868
20839805,aot,66355449.8,gas-used mismatch for 0x7bf7e3b96372a261b1fd45896aeafab443fc61db8a02bb70436ca7c1e7cfe7fd: expected 135767 found 85518
20838869,aot,48483548.21379311,
20840648,aot,76426382.58024691,gas-used mismatch for 0xf5723349df3f844c816750e772bffa99320fe5df52c0a2e8196766edb9ada813: expected 275855 found 234805
20836665,aot,54703788.42253521,
20838305,aot,66630227.45054945,
20840002,aot,90570434.77049181,gas-used mismatch for 0x31db3a0938a175a7484c35d405ae74769022827e93a04cbb04aac1cea4c6142b: expected 456203 found 98969
20840931,aot,54139964.56122449,gas-used mismatch for 0xebde208645ed1244ce5a08792fcca6fa2eeb6afaf43ee193ff236f636d1eff93: expected 153984 found 135412
20837740,aot,37041683.638554215,
20841574,aot,97667400.93333334,
20840023,aot,50126994.40740741,
20837830,aot,109390767.60655738,gas-used mismatch for 0xe2d29c17526442b362274cbac4c33452912b949324b44ff381d1272884446f3b: expected 2770675 found 2214514
20839056,aot,95382233.27692308,gas-used mismatch for 0x9aae4b6b3fa3364b5979f4ee91760992bb84f05ba42a2ccb68962c4557193ff3: expected 360055 found 317054
20841071,aot,67600520.45833333,
20838158,aot,39612011.46376812,
20841868,aot,25030419.075675678,
20839857,aot,66942747.32258064,
20841492,aot,49762836.96460177,
20838680,aot,62826213.57746479,
20839617,aot,53334635.071428575,gas-used mismatch for 0x0619c65a5bdf3af6e26b11c1907258b4dc6153a6400035c2ef6106286544a158: expected 492618 found 95868
20836615,aot,74930520.27868852,
20837930,aot,65899607.18309859,
20838493,aot,71081030.50684932,gas-used mismatch for 0xd1b6ffb552bc07480b2e5685981bc3937217f7ab58657763ba8fe09a1ba7b4fa: expected 464011 found 454540
20841703,aot,66377741.11881188,
20836056,aot,71228519.26027398,
20839453,aot,86969669.42465754,gas-used mismatch for 0x6a073e453f1177c910e724054fb99f1617bb6e61d6ad8b6fb52b47cef6746c3d: expected 896727 found 892961
20836243,aot,43619986.49074074,gas-used mismatch for 0xd2dd3eb289f4b08fdf00bf9854a49248bfd5000db2681ef4a9fd407b0103c81a: expected 324110 found 95880
20836293,aot,91244589.1,
20839432,aot,82330918.73529412,
20837791,aot,53602185.11764706,
20839524,aot,48072016.84955752,gas-used mismatch for 0xb1d61d7c862db7e785986504d9617675cc5aca15a70b384a0d456dce6919e9b3: expected 398643 found 355354
20840344,aot,111954928.41071428,
20841585,aot,85840089.74698795,gas-used mismatch for 0x43dd437cbe552fbd970e0ecb70370874c6bfd03a8cd0349e1546ac268b93abb1: expected 277733 found 153923
20840016,aot,60570712.569767445,gas-used mismatch for 0x68f45d14e678624d1cc9b21948bd9a349cfe618fa8a14a650fe8893bfc3cf870: expected 281808 found 202618
20836248,aot,53892704.01724138,
20838892,aot,55782145.33,
20839689,aot,54230452.04444444,
20838939,aot,45805905.27551021,
20839979,aot,79917783.79310344,gas-used mismatch for 0xa23541c6496555c1269926b37ef22b478db01555b1251e56338ac7a13fbb94f8: expected 410773 found 98981
20839279,aot,78272417.34666666,gas-used mismatch for 0xa7b4a0b2301690457e6dbff68f4f06d5545bd7060fc0bc1ce7c75c8539d3d91e: expected 1300093 found 1212341
20840181,aot,77356217.05357143,
20836806,aot,44028160.85148515,
20839712,aot,45323495.416666664,
20836430,aot,51543597.85148515,
20836262,aot,24092218.7486911,gas-used mismatch for 0x7bf4a8fcf5c581730fc7a955b76ba632b4068a5ad8e6698664517d4741ef7bf7: expected 110817 found 56972
20841806,aot,42400427.872,
20839806,aot,50218188.86666667,gas-used mismatch for 0xca0890851836ded0a0e044758d02ad079658988cff94ef27956245743a6e344f: expected 286014 found 238381
20840649,aot,48364357.37362637,
20839726,aot,86504196.3773585,gas-used mismatch for 0x766e3b397124445a51a0c2d2f6dcbb853bfaaf4e805f0d315d6f0c269ad65f41: expected 514846 found 95868
20837556,aot,22084254.615942027,
20840053,aot,61361656.92307692,gas-used mismatch for 0x3cb8aa48231684c863b46e2357c19a50e08221db47d56fe3446f9d91d798cc66: expected 277745 found 153935
20838072,aot,66570166.57272727,gas-used mismatch for 0xeb20d9e1822875655ead84876de22e5528e61c0aca94521fbf80a5891e3c68c5: expected 541868 found 104841
20840024,aot,63735836.91803279,gas-used mismatch for 0xd39bc4268a118f7c2adf8591afb7aaa5ef2bbfbc6b7f906ca0f5ad0c23288def: expected 800491 found 99433
20836666,aot,42625147.70689655,
20837831,aot,35222363.2734375,
20840003,aot,94430316.77586207,
20841575,aot,68228502.43209876,gas-used mismatch for 0x369c1aa34a0021fc7eb885eb05c4beee8dbd3a3a8f2dd3ffffa0255efe47f06b: expected 282266 found 95940
20841072,aot,79140761.53846154,gas-used mismatch for 0x7ce58fe764e030d49a1f8cd0240ef849047336cebb65b4e155f6bfaee0a4b4f9: expected 1002655 found 668216
20839618,aot,32347259.1,
20837741,aot,9714977.10327869,
20839858,aot,37896879.00735294,
20838306,aot,63654158.30612245,
20840932,aot,61901727.19354839,
20838159,aot,58523317.782178216,gas-used mismatch for 0x661ea3fbdbcd3ed79ed2628bd9e9387e460e452738eee4a6e1903e659db7207c: expected 264067 found 215878
20841704,aot,52303518.957746476,
20839433,aot,78310468.30555555,
20837931,aot,63788951.118421055,gas-used mismatch for 0x0e61212e48259a020d123c87a56945042bb5a2a1cf5d3df72280ddf7cdf785e0: expected 1697701 found 1660383
20841493,aot,52793103.1980198,
20838681,aot,56484275.22105263,
20836616,aot,68623290.72,
20841869,aot,93692034.45454545,
20839057,aot,89040604.46153846,
20837792,aot,85407676.95833333,gas-used mismatch for 0xe6e994cc9de194629f963f32961f128dbd6511e3e16e1d78dbd83ce7f9852340: expected 267920 found 204435
20839525,aot,49294811.45454545,gas-used mismatch for 0xc21af0002fecca90eb23a24d339a36bbe494c68fb99faef7cbf9168323ed1810: expected 679738 found 97367
20836244,aot,43164753.69444445,
20839454,aot,58491370.1,gas-used mismatch for 0xa20fd92f1c023d34f8300979823b46b8c28717d1dd4630019aa3daeab88bae12: expected 191472 found 81738
20836294,aot,49894127.93,
20841586,aot,203516499.5,
20840017,aot,70286603.27941176,gas-used mismatch for 0x754305eac3716b717ec85e031cf2dfa07fc6a012b655792bf265878f5cb47326: expected 277745 found 153935
20838494,aot,59554539.263636366,
20838940,aot,49528091.97727273,
20839980,aot,61460224.10958904,gas-used mismatch for 0xf8a36761fd7eeb32dee650404dec91d6bd0e65cedd6522200ed8f52cbcbbaff4: expected 383366 found 323646
20840182,aot,68539156.48275863,
20839280,aot,41527168.320754714,
20836057,aot,27568528.54296875,
20838893,aot,48501388.81132075,
20840345,aot,70203206.36470588,
20839807,aot,71666209.0,gas-used mismatch for 0x3f0b25f359559d998dd2899338ac3ae3e23e1e33c231a7b715f9f37351cc765d: expected 640222 found 97595
20836249,aot,35478196.67058823,
20840025,aot,52331329.952380955,
20839713,aot,59322803.07777778,
20836807,aot,64345820.53333333,
20841807,aot,99743327.55555555,
20839727,aot,70439224.34920634,
20839690,aot,74260949.97802198,
20836263,aot,59762277.54081633,
20836431,aot,52268786.83898305,
20840650,aot,64522572.70930233,
20840004,aot,49535218.27142857,
20837557,aot,84527143.72727273,
20836667,aot,70431356.85185185,
20840054,aot,77116891.13580246,gas-used mismatch for 0x6405036dafac115a86d3680063e5cc309e5d63cdf236f8713796f2422f4895e9: expected 132829 found 77373
20838073,aot,55604247.64347826,gas-used mismatch for 0xbdbbfe1b14b9c37da6a59b1dec3dcfeadf5dd9f85e5b49a37d6f0faa15a50196: expected 205691 found 81738
20837832,aot,29871421.790575918,
20839619,aot,87915682.0,
20841073,aot,80780120.44615385,gas-used mismatch for 0xe05faf7437d2798ce7b7689f4d856b441b44d67d701d6d66ae81acc8c5a59c44: expected 519008 found 344167
20837742,aot,87122300.53571428,
20838160,aot,103362510.29166667,gas-used mismatch for 0x9d0df6843ce68f30b5c37ebd8e6846c6c92e0d1eac201d1cba7e90f058e76e40: expected 450169 found 278135
20839859,aot,96523977.36363636,gas-used mismatch for 0x8069f428f8e130e50f983e345bc443e324046378dbb78f6b6f37ce71b70a2bfa: expected 3102562 found 2228220
20836617,aot,42530224.17,
20839526,aot,32703065.016528927,
20838307,aot,58394605.352380954,
20840018,aot,62408251.86956522,gas-used mismatch for 0x3b42f5c94ff3c6cb38d9eddc0e3ee2b2cee8d4638dc3e5e5107f004c09d07042: expected 435820 found 404374
20839434,aot,52601684.65,
20840933,aot,69100277.26666667,
20841494,aot,89794392.66037735,gas-used mismatch for 0xd1a50b0c3a7cc6a9924dafb9059c5e7d2c53488572af9043b497afe3df2705f3: expected 326993 found 95868
20841576,aot,86808601.65789473,gas-used mismatch for 0x303cc5d41e0beb0f6c1a4ffe7ee0d0e61964a3551b5f84572b42aef531b0b58c: expected 324726 found 95892
20841705,aot,38189308.05625,
20837793,aot,39891711.07317073,
20839058,aot,65033251.8125,
20841870,aot,68953051.24096386,gas-used mismatch for 0xefecc46210de1c94fc8819f5b5f6d656e38248aabd8fc29261a098dc7a42eef1: expected 262864 found 245573
20838682,aot,69982583.01111111,gas-used mismatch for 0x4d064b868ec7bc3f1c698a2978d26d4491d440df6e63049cfbf74e3afa21a30f: expected 197952 found 81774
20839538,aot,51845809.518181816,
20837932,aot,75540761.51136364,
20838941,aot,49319486.27551021,gas-used mismatch for 0x069905b511870444a1d9e115838d7c4405c45497437f926e14b74ac466fa72a6: expected 563606 found 366244
20836295,aot,54325608.81481481,gas-used mismatch for 0x1caafbf02dd0d388c4b154443231f359596fc81983ac1afc8633fb17a526e772: expected 143884 found 77361
20841577,aot,50894295.344444446,
20836058,aot,79772912.64,
20839455,aot,62633196.030612245,gas-used mismatch for 0x3ee2e4652d8b709657af0689a744cbc1d2f8e5464c39b63a5b878f0d2164f215: expected 221855 found 211815
20841587,aot,50867772.91891892,
20839714,aot,35624823.40594059,
20836250,aot,90011830.22222222,gas-used mismatch for 0x410a94594b80aa42a7b5628ec27be928f5215bf0b331e8dc36c2404fc3200513: expected 417249 found 172573
20839981,aot,69500506.6,
20840183,aot,31369276.857954547,gas-used mismatch for 0x9031bdb18a3767e30ac3320822d64d813dff40719eb5c5b704a6142b2a90e566: expected 282545 found 153935
20838495,aot,54723832.47,
20836808,aot,51163646.397435896,
20840346,aot,67518961.89473684,
20838894,aot,64759219.46590909,gas-used mismatch for 0xe9c11de50c79af8ba80fbb334afb20d9bc718162776f4663289851c808c72fb7: expected 329806 found 289745
20836432,aot,46036949.65060241,
20839691,aot,50454147.10989011,gas-used mismatch for 0x5b0bc915f5fb4135f277e8902b14c5eef681541eb13bd7a005373d5c3ff091f4: expected 414608 found 95658
20839808,aot,61855396.4,gas-used mismatch for 0xe78b1888fabdfbde25fa29c67225c5ced007fdf84263d002f93bd88ffcbc5f4d: expected 303054 found 238321
20841808,aot,52408784.18367347,
20840026,aot,73792758.62820514,gas-used mismatch for 0x3fa1e53164d77f696275834ca6e031427165d343d68d0ae79d9e0ed50ffce885: expected 277745 found 153935
20839728,aot,21473193.125490196,
20836668,aot,41861138.086419754,gas-used mismatch for 0xc3980bf60530c5d06b304bc2be310487a157d61ec9863f818e94157ef22c4d36: expected 476397 found 104871
20840005,aot,33898946.905063294,
20837558,aot,43064684.89814815,gas-used mismatch for 0x499e797695298fe0eaf23f2784d0a008ddb939b03939ef84bef3cdf4672cd2b6: expected 386521 found 107038
20840055,aot,18199399.731225297,
20840651,aot,62787131.87755102,gas-used mismatch for 0xa3673cc86494c205ffd951a0c0a238a92803a9de29573e33c92978c6e0db6c48: expected 2087599 found 2335200
20836264,aot,114778117.84,
20838074,aot,38234364.76190476,
20836618,aot,67097686.39215686,
20837743,aot,83628780.13043478,
20841074,aot,45854115.0,
20839860,aot,31587696.37241379,gas-used mismatch for 0x3f1a1373b700ea68b5b66a3c01e649db03ff0a75a85cef5b0cea5f537a416b2a: expected 304070 found 165860
20839620,aot,72529400.79452054,gas-used mismatch for 0xd8f4d00f6494d811edf0795ba1acd4a575417f1ab59e6c28a15a8850d37e940b: expected 277745 found 153935
20838161,aot,42368142.831858404,
20839527,aot,75282666.8888889,gas-used mismatch for 0x54cf66542551d82fa86d0b5841a33fcc34dd1327b8cb62b36fdad972e21f3bbd: expected 192963 found 183974
20837833,aot,101371887.78333333,gas-used mismatch for 0x1fafc5a7898624d9e16752df60505403d8ff3eeb3785ae533cce4520850c9bdd: expected 126899 found 77440
20837794,aot,27413912.31875,
20841706,aot,94982358.4375,gas-used mismatch for 0x34f7e4f047ff9a6a9f259ed1a115908053814a05dd341c16da91d186b851ccdc: expected 122176 found 36074
20839435,aot,57449903.29545455,
20838942,aot,50683501.53947368,
20836328,aot,60759512.23255814,
20841495,aot,54877869.97,
20838308,aot,59748703.20792079,gas-used mismatch for 0xbaed6b1d74ac283a7c156c4e968fe198a6d4f949f67142f42c9fba99711803a4: expected 277745 found 153935
20840663,aot,73028550.16470589,gas-used mismatch for 0x6246b0dc421a2d563f0d72d12fefdac08c55879b56265f3abf57ecdc85f0abe9: expected 436530 found 404001
20839059,aot,56011207.9375,
20837933,aot,62562583.35897436,gas-used mismatch for 0x9a2fc3338d1c45e61e46e170e345d280ecdb9e84f42e29889ba49f1a9fc2657f: expected 124984 found 49712
20839456,aot,47643991.55789474,
20838895,aot,27665721.1,
20837757,aot,53888031.483516484,
20836296,aot,60393463.21176471,gas-used mismatch for 0x8c45869bcef4ec26949aafa9bd9ddce2db9019354018e401acdb37e3e0ee8e06: expected 272504 found 240546
20836059,aot,58840481.57954545,gas-used mismatch for 0xae47419133ef65c87f8d5c108d1feea23c0d02168b9be6235e1f86f94c542b7b: expected 439495 found 379070
20838683,aot,32692372.514285713,
20840934,aot,79583053.3372093,gas-used mismatch for 0xf4039ce6e56babe71cdd85369db089f7953b2de96d52ac0c42aada8c2efd6849: expected 153996 found 135424
20841588,aot,86026168.71666667,gas-used mismatch for 0xbf40776a3d42ef227708b9df693bbcaf02b9a6216934f4124ea5ccbd47089f3d: expected 403290 found 96763
20839539,aot,59528484.51,gas-used mismatch for 0xbea0e0eac580c66ced6a9135e0cb98c7073deafc4e2a8d7e9adfc8fbf5e7f72b: expected 329355 found 261244
20839715,aot,77522100.01470588,gas-used mismatch for 0x11fb6e8aa42a64dd797252d7e33f09d18ce82f93ab92395c366275f42e0c35ef: expected 210785 found 244212
20840347,aot,64260780.535211265,gas-used mismatch for 0xd706a6951e2ed5206dcda51c711130f3276ccad51b37fd5574a0169f7e667a11: expected 411381 found 104849
20838496,aot,82571477.01666667,gas-used mismatch for 0x715eb944e8eb14bf9afe39547314eb5ec09f6fd6a5184487bc6ca96d09e1ece7: expected 988363 found 636816
20841871,aot,51784009.890625,
20836251,aot,68775499.16049382,
20836809,aot,69170162.95588236,
20841809,aot,51938377.973684214,
20839982,aot,75256733.42465754,gas-used mismatch for 0xbc483f69d5f2450ba651e5efef649c212284f84a7d5eec53daf361b6525af321: expected 891718 found 168973
20836433,aot,51866468.42352941,
20839692,aot,65155817.40845071,
20839729,aot,80547909.52173913,
20839809,aot,73526743.16438356,gas-used mismatch for 0x73661ee4fe408c53af689fa79147dc9f352d3578287d3f31a02e23e0a608a3a2: expected 365677 found 403580
20840184,aot,84208551.08433735,gas-used mismatch for 0xd8a3b26fb98ac19ec6214d4d0f8e25ee3134709ecdef44d286d0c960e510cad6: expected 286026 found 238393
20836619,aot,51875717.549295776,
20840027,aot,75380686.6125,gas-used mismatch for 0xd20a2aee5f595bc210d46706519032ea0961ef19a7a28ded4b0c688714b199f7: expected 871304 found 690061
20840652,aot,45813808.010204084,
20837559,aot,52359682.27722772,
20836669,aot,64453803.73626374,
20840006,aot,102143209.7735849,gas-used mismatch for 0xa3a350022a6d96d515b56560e779dcaa4a57283b6373520574ff9bc903e2842b: expected 89894 found 36062
20838075,aot,53807605.51485149,gas-used mismatch for 0x8c435d199f9879ab8c71670f66a162ecdd05f7f4fe001a90e38478d1fb51ea56: expected 321408 found 278097
20841707,aot,46336311.83561644,gas-used mismatch for 0x0e5508f259233ed1baa86a50f18ea7c6f63fd9df8e6d026db48ef93e802e39af: expected 277745 found 153935
20836265,aot,66283326.97674418,gas-used mismatch for 0x12063ced96bc09ceb86818e8304f4bdbb517327eb821f3982f08390bcf9a1520: expected 468271 found 313844
20839528,aot,61828553.2625,gas-used mismatch for 0x04a49e3738e463edb1419693d162f56efc1f80e0ce7a4c944e5acb76bf944f77: expected 277745 found 153935
20837834,aot,31768520.46451613,
20838943,aot,21394609.005780347,
20839861,aot,91239191.52830188,
20841075,aot,90811061.28333333,
20837744,aot,71695544.16049382,
20840056,aot,99481229.41176471,
20839621,aot,61387162.97849462,
20841496,aot,76418264.66071428,gas-used mismatch for 0x194da38a5793d09b1b3820a7dfef7f83bfd51482d49a7c6746cb2cfec618b3fa: expected 843837 found 209911
20838162,aot,39413597.451612905,
20839436,aot,60126228.78313253,
20840664,aot,43774852.10891089,gas-used mismatch for 0xb8b271308e361a96b378423e0e35a7432eb01504b3bbf8c2aa17d4f215198174: expected 388651 found 367696
20837795,aot,79228068.78571428,
20838309,aot,65464736.461538464,gas-used mismatch for 0x365a0cc4778fa65851255dc54d1790b851b4aad6e23ad73c7693ead92e7b053a: expected 310461 found 95868
20837934,aot,62406714.126760565,gas-used mismatch for 0xa18327e73611b50ce6cd39b4012e78167e6e40ca0233425730769b147bc93cfc: expected 200891 found 81738
20836297,aot,32900742.390625,
20841589,aot,49317819.86746988,gas-used mismatch for 0xa08ebe69692e21d5792ac0065c2fc3aeeb098b57c898f72ec8dc3d804d103686: expected 811154 found 192606
20836329,aot,68750950.62962963,
20837758,aot,38448551.96,
20839540,aot,52877662.1978022,
20839457,aot,70031130.25925925,gas-used mismatch for 0x012f5d1f12649bb48b5446ef62ff0755be7fc093e6ccd7a0cfc1de9a515efc8b: expected 450806 found 95868
20840935,aot,65058419.266666666,gas-used mismatch for 0xdb6e6cc38a12d282406b06dbe81aa99e2e2344529bcd656f5a5acb29afdb9f61: expected 451506 found 95868
20839060,aot,50934726.33050848,
20838497,aot,5903.255529299154,
20840348,aot,10898671.06302521,
20838684,aot,84955200.61538461,gas-used mismatch for 0x1a666be3b989ab45089e3095f4cc1e7382f88955171b3506b8f72506a12b9ccc: expected 402676 found 95916
20838896,aot,70477011.60240965,
20836060,aot,43060092.02205882,
20841810,aot,54559941.18681318,gas-used mismatch for 0x70cb6bacb85d7db33b5ea4b93f1f816ba10e2e2a3bfcdcf8b3853fcb5eb7a5eb: expected 322916 found 338825
20840185,aot,43891805.530864194,
20839693,aot,41430573.375,gas-used mismatch for 0x90025d34068bb9d1e311aaf78e11e158f33286284911b1e909ad64ce5a41b499: expected 725186 found 101352
20836810,aot,58691680.48863637,
20839716,aot,65140515.94736842,gas-used mismatch for 0x468889ba58f0d6add81d085e4e15eca9b58a9cf5429484913ba61d2e45e3e7dd: expected 459020 found 449549
20836252,aot,60580780.10752688,
20839730,aot,49742807.48,
20841872,aot,50649223.347457625,
20836434,aot,50525681.79338843,
20837560,aot,38399527.68867925,gas-used mismatch for 0xb493a385905a937003fa9318892010cde75809877bc233651c8de0d0adb79fc2: expected 192673 found 56592
20839810,aot,74474794.75308642,
20839983,aot,70090647.3018868,
20839529,aot,39889461.63529412,gas-used mismatch for 0xd36677ae03e5a50acebef274638bcd0a7acc88742d04c04b5ad2cb5232dde629: expected 868577 found 691056
20836670,aot,54340920.76699029,gas-used mismatch for 0x97c2bb476d7d7ed405d24c6ae8127986f2e6d21557763e27c4f450eb661425be: expected 2258951 found 749869
20836304,aot,51078876.0,gas-used mismatch for 0x409ae41e2dd9ac50fad19c7e507709c39e04cced8b1c79c8bebd0e9731d68ba3: expected 255308 found 240450
20840028,aot,55510186.10619469,
20838076,aot,61025728.08235294,
20839862,aot,39540563.81818182,
20841708,aot,83917830.29508197,
20840653,aot,61479576.38095238,
20836620,aot,75829024.35789473,gas-used mismatch for 0x99d504d2cdc1f2d5ee80f23253cdaa33f18377a510a9c829ce18bebc57ee6664: expected 454286 found 317564
20836266,aot,51079626.03636364,
20838944,aot,111257406.7173913,gas-used mismatch for 0x9f366291fe3d9386308b5a88ede83494916a6baa03c85ac0d203ee38e50061bc: expected 223587 found 144547
20841076,aot,69418090.09210527,gas-used mismatch for 0x5fa4812480dff096a370cf35b1f6cd5579e88dd94ba75b32fcd7c69710579e73: expected 153996 found 135424
20837835,aot,66516597.32941177,gas-used mismatch for 0xa71d268f633c544047edbfd13901c85b137ef0bf857f0ef4c7e4cc6dc46dcfd7: expected 361656 found 95880
20840057,aot,57886650.69318182,gas-used mismatch for 0x8dbf0c9052bcbba6d95df36e2ad395e117639b6909eededb6925205d3b12f8ba: expected 277745 found 153935
20839622,aot,64349449.97333334,
20838163,aot,63290023.64102564,
20837745,aot,52273635.74074074,
20840665,aot,28138561.47159091,
20839437,aot,60512514.2,
20836330,aot,51261975.61627907,
20839541,aot,54883898.802816905,
20841497,aot,54924049.99115044,
20838310,aot,91144787.81967214,gas-used mismatch for 0x9f206431686a8b956e46f9475e10a78eb2bad58847648b2ae8e0a43a55a1f3b1: expected 267446 found 197216
20841590,aot,58364540.07692308,gas-used mismatch for 0xb0c8c9b056bed25f74ac15414712483503217b6a4977a8eb06bf896e2cf0092b: expected 277745 found 153935
20837759,aot,60643392.602564104,
20840936,aot,45541821.666666664,
20838498,aot,95104462.7,
20839694,aot,54309746.303030305,gas-used mismatch for 0xb0b07b1a58756e0e8c99fe2b63474cd1991de963333b5e149d8af68f1e61da7f: expected 376375 found 251999
20838897,aot,49452726.81818182,gas-used mismatch for 0x7dd1f6e04d2a0e9be64067f2d1477d2c68d93e63bb931c0a138228c24749e10c: expected 305960 found 95868
20838685,aot,47738847.666666664,
20837935,aot,38917109.40522876,
20836298,aot,67093047.72093023,
20836061,aot,64350932.50769231,gas-used mismatch for 0xd4847698ef3bc23c560e02cfef32568d14a51c631cc48ea3f5f03c18bea57891: expected 453389 found 98969
20839717,aot,37346367.55238095,
20839061,aot,81916816.77586207,
20839731,aot,83012491.95348836,gas-used mismatch for 0x2f511bbdb5a41bdce10ac6b6a48e5259ae38fa7bb3a6c744501c490cf6b30b3b: expected 254090 found 238256
20837796,aot,51326445.384615384,
20839458,aot,60943713.70454545,
20836811,aot,54979069.24175824,gas-used mismatch for 0xe9f90605fc29b7e9a5b9d6e99c1a3e06f5a4fc0679c4c69b11a0bc1b2b5dd6ca: expected 880671 found 637456
20841811,aot,42314526.5546875,gas-used mismatch for 0x9f3b117e91c2faac82c4df2736ee74e451724fcf3b7e52bfb884ffde7cf23f6a: expected 388329 found 95868
20836253,aot,54017826.5,
20836435,aot,70825997.05357143,
20841873,aot,84988910.98412699,
20839811,aot,35616689.975,
20840349,aot,111845836.4,gas-used mismatch for 0xfa7c79ee422144f7122376ce3a2515536611f35f861944dc83d0bfba87edfb98: expected 214576 found 144540
20839530,aot,56382825.1875,gas-used mismatch for 0x6cf1c24fff8f403f494be53d7f255b6b9d200dd16910a38bc688c1625fd2d6c2: expected 277745 found 153935
20840186,aot,82834672.34883721,
20838077,aot,36142735.10909091,
20840654,aot,45581165.77108434,
20837561,aot,81165135.79487179,
20841709,aot,24360474.43877551,
20840029,aot,68790157.84931506,gas-used mismatch for 0xe37d92ca0de58d708aa7f9fa48b5e238922a9378530a0e2b6682264eb0c4ebd4: expected 393024 found 96803
20836621,aot,40768083.9009009,
20837836,aot,55146639.87142857,
20840058,aot,52261712.28,
20836305,aot,52031803.533980586,
20838945,aot,44482670.29523809,gas-used mismatch for 0x3e6cb25db8e949f1543aabe6ca13e9ce4280378e9446c189b1561652d8924439: expected 187861 found 56580
20836671,aot,66466893.720430106,
20839819,aot,54349148.7421875,
20840666,aot,86638924.5,gas-used mismatch for 0x0a9e588e9becca0aee98f37f2ee3543b9a542b35c61f3e9710d0433e005a4251: expected 1903632 found 2268957
20839863,aot,51207836.531531535,
20836267,aot,44555654.288135596,
20838164,aot,51943667.35227273,gas-used mismatch for 0x87902fc3f5936e551363617e0aea8fa989fa18ec7fd297131195aa795d8a601d: expected 879128 found 652381
20838311,aot,50065980.50666667,gas-used mismatch for 0x2956258b60a6a5d6ee89db5bf8667a15b142a3c3edcc56d167af04e82fcaa863: expected 353937 found 389058
20841077,aot,54684576.475247525,
20839623,aot,44955603.952,
20838898,aot,34747709.18918919,gas-used mismatch for 0xc33f1dc98169cf21022cee3bed21914014cc0da5ace1c2d8a7bc6842a7b73b04: expected 339570 found 95868
20836331,aot,66115490.08571429,
20839438,aot,61032355.81318682,
20839062,aot,43365310.61728395,
20840937,aot,42397271.7264151,gas-used mismatch for 0xd9f103c7bbb9e67c32accbbf262e6725b7321700134fa1cb4e8154155ed6b52c: expected 149582 found 75197
20839542,aot,57825619.28888889,gas-used mismatch for 0x3de77702e312c61e5fc1e62f1c73fc08200f48078e30a2545013e3e18265b98d: expected 1089881 found 1141725
20836062,aot,43413223.25274725,
20837760,aot,18606779.260869566,
20838499,aot,29190406.1242236,gas-used mismatch for 0xb566168a20a0f44a0c0a0b77d1d06b269f9594f7520b2c5fa1e1068bbfb9e98b: expected 555037 found 561088
20841591,aot,64410593.82857143,
20839695,aot,59314795.807692304,gas-used mismatch for 0x55786b5f15f9e1daae94f4a81d190691220497fb7d915862afda6c99e9b9deaf: expected 643506 found 105655
20837746,aot,55423702.0,
20841498,aot,52482406.763636366,
20837936,aot,103833811.0754717,gas-used mismatch for 0x4fb4d1deb78ceb514f04e5ce5d8d3063fc095f6bdfc44ef54ddc3ecc65025740: expected 391694 found 95880
20839718,aot,73999533.16176471,gas-used mismatch for 0x56f3ac48602365b9a20693c9dd76c5177fdfc90277a93def4851db836973cfa1: expected 315910 found 190391
20836299,aot,69069332.6875,
20836254,aot,34119383.646153845,
20838686,aot,56674113.64814815,gas-used mismatch for 0xff6a5a98ebc3e3e78503b36aed097e002e09cf02614c9a08467571b1f2861735: expected 739897 found 725988
20837797,aot,72554943.78571428,
20839732,aot,36360786.43708609,
20836812,aot,31641396.51190476,
20841874,aot,58175975.04545455,
20839459,aot,24138429.23404255,
20836436,aot,25365062.466019418,
20838109,aot,41780399.17037037,
20839531,aot,24424006.204678364,
20839812,aot,50985988.02912621,
20838078,aot,37493205.916666664,
20840655,aot,84977522.27272727,gas-used mismatch for 0x28b30cefb1a55c0a37cac85062d9be97edff6143aeafb630d9cf88b2bce60325: expected 370388 found 95892
20837562,aot,54204816.23529412,
20840350,aot,49803641.618320614,gas-used mismatch for 0x7f25248bc6d1f7fdbd3207281198c2bd4cd1ae9c832cce6bc0bbd47d219948c1: expected 386587 found 95880
20836672,aot,28727829.539007094,
20841710,aot,64211255.71232877,gas-used mismatch for 0x14f49667542e2028d07d8e8b867763ea4da7b4d5745550436aee62f1194f33f2: expected 277745 found 153935
20840030,aot,30005208.418181818,
20840059,aot,85271445.6,gas-used mismatch for 0xd8468188f457936f02a9bfe35173fa2cccb58e34681ab3fffac3ada9cb10ff68: expected 200958 found 81750
20841078,aot,76205564.23684211,
20838946,aot,58308980.04109589,
20840187,aot,63545537.13265306,
20840667,aot,50458937.23255814,
20836306,aot,58485828.81927711,
20838312,aot,2185457.1204684884,
20838899,aot,37570557.29473684,
20837837,aot,43863245.3671875,
20836622,aot,58034715.89,
20839820,aot,53480367.56842105,gas-used mismatch for 0x492614e7652bd8a4566c55ab175da6b850bdeabce5b2d4bd941d86571f141e8b: expected 444167 found 385177
20838165,aot,57836772.23076923,gas-used mismatch for 0x8373cd275d511d9c409639bf721fdb81286c737fbe620f5f3ae514c2f7e4dfdb: expected 376823 found 96763
20839864,aot,73972256.11428571,
20839439,aot,36701809.32727273,
20838500,aot,70098764.4923077,gas-used mismatch for 0x6ded26feed691cab6ce8c167caacf4379a85c1137f2bba14a11037936c0853f2: expected 252799 found 238146
20839696,aot,43347081.324074075,
20839543,aot,51112437.03125,
20837761,aot,108483751.3611111,
20839624,aot,65870403.89534884,
20839063,aot,70041804.84931506,gas-used mismatch for 0x82d14f3da2ade94c6476ade8bf4a626821e2fb1f8590b09aab1ebd9becc6c458: expected 371431 found 234743
20836268,aot,76470980.8409091,
20840938,aot,85635942.80327868,gas-used mismatch for 0x2442206b070fc8873d1ceaeea471598f44ceae3726a3913cd7f88d06c00c0c4e: expected 344213 found 95868
20836255,aot,50878389.62857143,gas-used mismatch for 0x1459bdd9ce8c50c063e2bc5d8c2c50396245d8a0b757ed5b3573706977341072: expected 279163 found 218775
20838687,aot,44422496.55,
20837798,aot,53763473.0,
20836063,aot,44180023.648,gas-used mismatch for 0xe5be5fd8130a0241bb4e427bfa0855cd22695b8260709947dde4c0f0242a11d8: expected 366066 found 95940
20837747,aot,67577854.88732395,
20839733,aot,42664581.0625,
20839460,aot,62495776.43103448,gas-used mismatch for 0x5b475df66658b43577554866931d1304476121546f90a214dddc0213de0311d4: expected 567342 found 335244
20841499,aot,78269897.81538461,
20836332,aot,65882951.32038835,
20839719,aot,68712413.71830986,
20836300,aot,51499619.4,
20841875,aot,41614857.34259259,
20841592,aot,39161382.49142857,gas-used mismatch for 0x8cb30788339bc4b0d68835dfddbbbe9d248854a53b9096670d6f11a1a49181e7: expected 344679 found 295453
20837937,aot,37887761.570512824,gas-used mismatch for 0x2bed938563dda2db8f90095eaa7f7f390179472f2b0aef6f7a9bc6d6f9c9e0d0: expected 318051 found 282767
20836813,aot,83131010.55,gas-used mismatch for 0xd547401df810bdcd84f54366d6a31997d34c4f508acc26dc37aacb50b31132b2: expected 875847 found 637432
20841711,aot,52654451.018181816,
20838110,aot,78042191.80882353,
20840060,aot,53900489.69811321,
20838079,aot,47427444.04444444,
20840351,aot,61242937.66071428,
20836437,aot,104969174.14,
20839813,aot,80769259.96666667,
20839532,aot,121853034.15555556,gas-used mismatch for 0xbea7b2e90c8dec85c9d5b4aaf755acd294460c726647a9c4cb4bffbe36ba9919: expected 786797 found 833886
20841079,aot,60458237.0,
20840188,aot,46295066.73239437,
20836673,aot,84041006.46341464,gas-used mismatch for 0x686179b4351d05fe156679678e1d4f63d487bb7f4455a3b7ffcc7a4f6dc4852c: expected 216733 found 210377
20840656,aot,39655711.48854962,gas-used mismatch for 0x9e7bbbdd67ddeffdee0d7ce9fe925d0f9b1ad16df1c75cf93f1ec702ef117b41: expected 255075 found 266627
20837563,aot,52798272.51485149,
20838947,aot,39945268.390625,gas-used mismatch for 0xdb40f3e04ab0616c9ccbc16b8a48c47bfda882b23246ddadd1990af41dda6043: expected 404740 found 107060
20841906,aot,52871503.473684214,
20839865,aot,35140631.75,gas-used mismatch for 0x9f72c39ff6f22850c8602319b94bf4d34ec51bdd138d74c454920b864dbedc07: expected 68183 found 61955
20839821,aot,49920082.425,
20840668,aot,77014990.61428571,
20836307,aot,45895346.78947368,
20838688,aot,60401002.21311475,gas-used mismatch for 0x1f4faef655e7288b0679b7c5070b3f266744fca7f396083da6adcb0b1cacad42: expected 361638 found 96697
20837838,aot,55542683.67619047,
20839440,aot,67852449.48,
20839697,aot,52689238.69411765,gas-used mismatch for 0x843c9199ee1eced3269ccd6bddec2196c483fb475eb77e6cc71754df20099aab: expected 329806 found 289745
20837799,aot,41221178.81052632,
20838501,aot,110350358.52173913,gas-used mismatch for 0xf941672469673d0c4a35ea50cb3327c604d91e85cfab98a225615a03e927c525: expected 2914975 found 2927209
20838313,aot,129742026.94339623,gas-used mismatch for 0xd8dfb2709d0a22d44257cab35ee34c87b277e6c203d00f9215f5afdcc4fa24e8: expected 337189 found 372310
20840939,aot,43913110.67,
20838166,aot,92147719.4923077,
20836623,aot,51170136.56521739,gas-used mismatch for 0xea4048cfb4862d58d188f0b5672b3606f2e2f70dcbb82f8ef210be64853fd012: expected 307010 found 95880
20841500,aot,35525317.0990991,gas-used mismatch for 0x3192ab1890669cd7409cf07afac961642db825e0dbf5c4bc0b050c86a19b6f2f: expected 262852 found 245561
20839625,aot,65272243.171052635,
20837762,aot,61045896.45783132,
20839064,aot,49181618.5,
20839734,aot,100348298.65116279,gas-used mismatch for 0x78a86ee97c16f0ef70a23ba679e062c021e1e02cf2101c61efcc7e69d7c43d71: expected 719033 found 398013
20837748,aot,74275012.13636364,
20838900,aot,71135277.0462963,gas-used mismatch for 0x75cd7f7da8781da8edc2d1a12c3d8a212b4afe3d2b4951e52d2130f17f543c7c: expected 660210 found 601255
20836269,aot,63931830.590361446,gas-used mismatch for 0x5aff80951551ec1818b3b8de20ac609e4e49ca9904503ff1bf7eafd9de99892d: expected 295040 found 95880
20839461,aot,53766920.77647059,gas-used mismatch for 0x5b4fe1d11d89be5ef232a2bc1c09231c5a5b6e56388de1b09c4b07da23ae115f: expected 295005 found 238289
20839544,aot,72245786.33333333,gas-used mismatch for 0xb14218d320e812d085bee4d36ac2914a1b2c4dba180ac848247022b6114fc826: expected 438280 found 273775
20836256,aot,70023316.98765433,gas-used mismatch for 0xf3c810f56b6b626a11b369c991413fabef5263972903c10ad62ba5756d639641: expected 609256 found 388532
20836333,aot,63468412.02857143,
20839720,aot,46017562.96039604,
20841876,aot,65747913.05479452,
20837938,aot,76370503.03448276,
20841593,aot,72641277.84848484,
20836064,aot,70245985.4945055,
20838080,aot,68399480.70833333,gas-used mismatch for 0xdc8f15bfd60a9e222b0b96ef8fbf8c1529c8420b013e6b346369f48a76a611f3: expected 1112096 found 124349
20838111,aot,32269391.191666666,
20840352,aot,57837936.615384616,gas-used mismatch for 0x4b0d5200eb008d27f49cdbd6fb6fb7dd640a861eda7ce2c579e7bbd626fc91b3: expected 813115 found 287587
20836438,aot,53200017.126760565,
20836814,aot,62325780.13953488,gas-used mismatch for 0x0d01e85f456afe83a48e38480a9d2413b5a7788d56195e7caf2fa50f4078bb2a: expected 897647 found 668832
20839533,aot,55636274.973684214,
20836301,aot,81738491.85,
20840061,aot,75836769.16666667,
20837564,aot,59169420.295081966,gas-used mismatch for 0x04aa79be75adbe3fa24d54cecc9e597c1b1d62e8a78561cd7a8e094d2a1d2c53: expected 457228 found 95868
20840657,aot,75847992.0,gas-used mismatch for 0x48ec5805ab0234b5f4d2144cbbb82c98c756f87869861e7dac8f53a5efcc9dd8: expected 277745 found 153935
20839814,aot,57406144.2688172,
20841080,aot,45155310.78703704,
20841712,aot,45515537.640625,
20840189,aot,61326142.48235294,gas-used mismatch for 0xb1a47e6284e1c139dec6f433494ada30bc2772db2e78a9c5d670f2f98008d50f: expected 769661 found 727121
20841907,aot,47505759.82105263,
20836674,aot,35881059.29090909,gas-used mismatch for 0xefe89a51a359090c7afe6d18066b14435503e7d09988c7059da7a40c8fa124c1: expected 218639 found 142079
20838948,aot,118926430.30232558,
20840669,aot,49137146.22105263,gas-used mismatch for 0xb001b31854df4ff86848ab8f04d5dd248acf2a8bc952cb34dba72145c775d069: expected 255332 found 240396
20836308,aot,39883438.297029704,
20837800,aot,53358484.3,gas-used mismatch for 0x24400dd4d8f1bd468cfcf79f2550505cebd6d06dcea1633b77d2e66356720a05: expected 1034885 found 278241
20839866,aot,28659738.57017544,
20838689,aot,82060178.31034483,gas-used mismatch for 0xd800061b512b148089ec24a9e7ffa11b8aeac3f6c4a8ffd1096dd500343f7ca4: expected 1046625 found 851660
20839822,aot,74124732.23255815,gas-used mismatch for 0x65c6525f4696c24a77449ee56a253d9c3107c7c58716f7d60cd2a8ee6947d116: expected 497842 found 104865
20837839,aot,54904988.4117647,
20836334,aot,45829823.704225354,
20841501,aot,64792815.842857145,gas-used mismatch for 0xefbc4b88b6bcd0ebe7d029aad665ee6cae82dfbff8ae3d259e5bc93c8603c861: expected 279990 found 238401
20839441,aot,64513619.89772727,gas-used mismatch for 0x06b692be8fb9a436bc26d8406ce87f14eb7694a063ef25355a77d544cee0b7d0: expected 211451 found 201411
20840940,aot,48347827.85,
20839735,aot,31335469.93150685,gas-used mismatch for 0xefed77ff1001f3229c4c69a37effc200fe8087c06c7e0cbc2a3018eb7e894a0b: expected 398908 found 175183
20840406,aot,60121693.14285714,
20838502,aot,15410368.782841822,
20839626,aot,50907437.82178218,
20837763,aot,86694652.78181818,gas-used mismatch for 0xfa5945816c2a5410dbc383e8e14d2f0f58455b36dacce61af8371950bdb3ea65: expected 637418 found 418874
20839065,aot,51593296.957894735,
20838081,aot,31692408.146551725,
20838901,aot,52472974.50537635,
20836270,aot,55029391.844444446,gas-used mismatch for 0x1165879e17d8359afedaa74992fd658f6990b45a8a750a9276575c1f62e840ec: expected 360151 found 317150
20839698,aot,68000830.45263158,gas-used mismatch for 0x4b71f6975667fba84fc1603fd48e0ea98cf10cecd6aba96b2eae7c8ef59acb1f: expected 630135 found 442214
20838167,aot,51772762.99115044,
20838112,aot,16801750.013157893,
20838314,aot,50031581.97619048,
20839721,aot,50002188.12,gas-used mismatch for 0x19e5d29f9c0f757f6a0f38c2e9179cdd2012402c983654ce0ab6f2dc6ecbbbbc: expected 381983 found 355378
20836065,aot,69023383.8,
20839462,aot,81946291.56666666,
20841594,aot,54409512.868421055,
20836624,aot,56811280.663636364,
20837749,aot,77120882.47435898,
20839545,aot,46817414.7443609,
20840353,aot,37816725.56390978,
20837939,aot,61936447.93333333,
20839534,aot,51591207.38554217,
20841877,aot,77343754.64,gas-used mismatch for 0x1c2efc342b719e318260e2d8aaade9fe3bf2638a0e39049c6b642e75ae3db7b2: expected 309660 found 96154
20836439,aot,63279827.55421687,
20836815,aot,65844539.44444445,gas-used mismatch for 0x77da7146cb47e0d1e4b8e2c54fa5aab1ad9e34505e0d7463e65f50623ada3964: expected 221532 found 144547
20840062,aot,47599989.694736846,
20836302,aot,54137815.85714286,
20837565,aot,43014902.8,gas-used mismatch for 0xf4ce3aaaec94f44cb83d3a817da478b793d306b56b6b9e319dd24d12c02de6c1: expected 310051 found 87936
20841713,aot,84617300.64285715,gas-used mismatch for 0xa45b78a3281816478f1b2891edbeee5d5d7b5c8269468bf377d16539d62cfc44: expected 327377 found 269781
20840658,aot,56410823.10465116,
20840190,aot,26231375.584699452,
20841908,aot,85714516.02083333,gas-used mismatch for 0x566d230c7c373a42a60528a3532b008d81c8f2188108a97293099af98f247c8d: expected 324982 found 289721
20839815,aot,47975491.95575221,
20841081,aot,52381444.06481481,
20836675,aot,48533526.11,
20840670,aot,61049772.05633803,gas-used mismatch for 0xc731db2f313470158a427779a75c429993227f62ede8f80095483f9401afc088: expected 483820 found 398581
20838949,aot,61311609.42352941,
20836309,aot,50395432.76190476,gas-used mismatch for 0xd6cf16a17c5e768f46b7122dd4696d51b187d8272d2c95d752c2f744cc4051af: expected 331151 found 95880
20840941,aot,43580397.42352941,
20838690,aot,68069546.67948718,
20836335,aot,52429013.37349398,
20837801,aot,38493736.23287671,
20838503,aot,100680205.30555555,gas-used mismatch for 0x97eaae097a6fd6526bf0ea494b7b31c103cf0b0d94257259d10ae747d797e438: expected 218858 found 82074
20837764,aot,29322724.74264706,
20840407,aot,68684067.40983607,gas-used mismatch for 0x9971619c5c30f01315ae74f581aa7b1588cd3c61cebb8cccd13e23f20c53bda9: expected 1120947 found 1273724
20839823,aot,60650865.87755102,gas-used mismatch for 0xc89180ab03b3f06a803e0004d7689faa0ebd16561286f49767da2f33338435dc: expected 3199693 found 2346692
20839736,aot,60282469.39473684,
20839442,aot,48025715.60909091,gas-used mismatch for 0xc37f5890de9adb1e4e8ef4492cfd08ccb61c0ec73a44a0c024cd0fc4138d5743: expected 411239 found 95880
20841502,aot,66519705.85897436,gas-used mismatch for 0x2aa8dfa812f502630c67ea93431b28bc7ef950fa99d93e433a3fcb6526e127cf: expected 277745 found 153935
20838902,aot,58746889.65384615,gas-used mismatch for 0x5e096a8600847764473b0893c0fd36368c301fe770212d8a85e1855002f533fb: expected 339582 found 95880
20837840,aot,124377014.65116279,gas-used mismatch for 0x4de0d91c7da383133a20290ce62eb74eb2fbf5fde252402cf798fb5e55cf4383: expected 660752 found 276777
20839463,aot,73054760.14,
20839867,aot,138124201.95652175,
20839627,aot,85177120.43333334,gas-used mismatch for 0x16ee29a2c9338b0f3a0c227fcfa8c0ba91a9e04fd5f78be8c8c4715881065251: expected 215702 found 53818
20838113,aot,86358658.6097561,
20836066,aot,67127476.78787878,
20838315,aot,41478942.355932206,
20839066,aot,26670289.71830986,
20836271,aot,55391002.89108911,gas-used mismatch for 0xddc79e3850b589ab3a2c765075901d38af2dc2d2e6a1834ecff94fdd666215e7: expected 355274 found 95880
20839722,aot,58812205.57777778,
20836625,aot,56477676.277777776,
20839699,aot,65024652.96875,
20839546,aot,23847673.814814813,
20838168,aot,61016637.9223301,
20838082,aot,63149816.10185185,gas-used mismatch for 0xcd50ed5b20b4f73fd0b52b5ec64df0a16a72c226cea7ea4249a185a6bce40894: expected 207710 found 82074
20840659,aot,66483739.25,gas-used mismatch for 0x9f7bc9802494ddf0cec2ba670c658bd45744ab35b24d94f98ede68a42b5452c8: expected 652322 found 668751
20837750,aot,62235074.527472526,
20841595,aot,157019294.5526316,gas-used mismatch for 0x62d1eac5a54b0387d325dcd4bf508ce65386d13d932ad127bb1688fa2927bb59: expected 252537 found 53918
20836440,aot,62512485.6375,
20836303,aot,69538595.71428572,
20839535,aot,78560143.84931506,gas-used mismatch for 0xe63b21e5920fe244fe73f3cac481c528bd1a884a9dd4caa100f440092cce15d7: expected 644625 found 97444
20840063,aot,89732905.45454545,gas-used mismatch for 0xd723ea7ffba6e6738ad17e7d7acf4b6c74c9a995b97ed0a81fd4c8981506f872: expected 268036 found 214801
20841878,aot,61205603.62376238,
20836816,aot,61032306.97959184,gas-used mismatch for 0x9d10011b857ecbece49d90b99c81206e71b2e60d99d9d63f89960361f369a2b1: expected 189099 found 81798
20840671,aot,58444022.6617647,gas-used mismatch for 0x921a772522dff86be2102ddd21b2f8f7191d141546e1411f395d36c556bee1a9: expected 409592 found 95880
20840354,aot,107826240.81034483,
20841082,aot,108727084.66666667,
20841909,aot,38533168.14814815,
20840191,aot,103434613.05660377,gas-used mismatch for 0x75153e02a53eb33528b17a8e69058499b9c3a74a8cf839f8296fdfd5192e5621: expected 672030 found 737541
20836676,aot,69801832.66153847,
20839816,aot,76458752.90666667,gas-used mismatch for 0x72d6c19020e2da9c3ef17126188f3be6a9db0a52bd77644d9e274847344f8234: expected 523042 found 104841
20837940,aot,92837435.30864197,gas-used mismatch for 0x72b3a63ba3f59ed9261b20d564f386a73f503b2ded621566600e5940b3ca6a41: expected 748095 found 443654
20841714,aot,62203121.03883495,
20836310,aot,58734394.26984127,
20837566,aot,60429039.1637931,
20838950,aot,27297159.8,
20837841,aot,21469922.35625,gas-used mismatch for 0xa1d7af4fe65d299b78c0ed88baf2d4187aaa129393f7ee7b0f2948bffbe08515: expected 405254 found 96732
20838691,aot,52371040.663157895,gas-used mismatch for 0x0e212c4a95296258f25e46f644872e31b197184b4a81fde80753083cb8e611eb: expected 863098 found 662054
20840408,aot,36097534.16793893,gas-used mismatch for 0x0de78caf576094f1c1c6bff3c4faa10ec0deff0055b21ceb112dcb1a9de349c4: expected 277745 found 153935
20839464,aot,36594400.33018868,
20838114,aot,73834918.16666667,gas-used mismatch for 0xb6cd56c9342b1f4626d8eab9b392748b1d22a087840c3841253a28272ecbdd82: expected 383260 found 95892
20840942,aot,51581314.78181818,
20836336,aot,70072156.50684932,
20838504,aot,50264024.23809524,gas-used mismatch for 0xdf1b6537e813b95e6d92277a0da1cdc07ce5a6418e747cc8850d41604d8b710a: expected 440238 found 234731
20838316,aot,47972507.53424658,
20839824,aot,62579516.0125,
20837802,aot,46183272.801724136,
20839443,aot,67599995.15384616,gas-used mismatch for 0x2a5f6c11161c37b0e34fd14d90e50cd11e058aa5911795a29c821543870abe46: expected 350674 found 95892
20841503,aot,47307334.973913044,
20839628,aot,64687125.733333334,
20836067,aot,52880067.0,
20838903,aot,32807235.970238097,
20838169,aot,42576189.074074075,gas-used mismatch for 0x1e612f8c1d51737b32f69a175d20708fb482ec46255a3497bac4804b3d2501dc: expected 252847 found 238194
20839737,aot,62690694.41935484,
20839067,aot,98572851.39130434,
20839868,aot,59165445.795698926,
20837765,aot,89812387.49333334,gas-used mismatch for 0xbd857337d71b5f864c86daad5f06ad0c5d755d1a727b3c939a9df444b898ce8f: expected 480789 found 276936
20836272,aot,43579437.90434783,
20836626,aot,28643047.484210525,gas-used mismatch for 0xfc8f0387bdbe2e0054ed9e057fb18422b21a2e9014c789af4ed408df9a343f6b: expected 361733 found 324317
20839547,aot,70319533.4090909,
20837751,aot,72962872.36666666,gas-used mismatch for 0x1fc9dad6e623e14732be72c973d4530ac352248fb3ff1bc2a22ecd4be01ba6d1: expected 665863 found 287575
20840660,aot,113263623.33333333,
20839700,aot,53781376.44761905,gas-used mismatch for 0xe3608b4fc4b5d17066c0df65ac30174245019d95f660383337560db0a0a536e9: expected 322803 found 95880
20839536,aot,55969658.37647059,gas-used mismatch for 0x87c71535eaea1a09b4ca0455d0d023581d530e36fa4c5a56f1981d813889dffd: expected 1062206 found 1084338
20836441,aot,38985124.80451128,
20839723,aot,71235387.51612903,gas-used mismatch for 0x963dcd56dc7cc57bb0cb350c92ae0ab04ed66fb274d257602d6fae534063ec36: expected 1322972 found 1222175
20838083,aot,61572774.279569894,
20841596,aot,48566149.37068965,gas-used mismatch for 0x2c867d086d64bb71232952ef38ad8d17cb432b337b1d602f57d2594a088ee573: expected 676950 found 665059
20840064,aot,50763563.04,
20841910,aot,38519770.13636363,
20840672,aot,47483465.34,
20836677,aot,52627531.071428575,
20836817,aot,52256021.88888889,
20836351,aot,79259235.74647887,
20841879,aot,80632057.19672132,
20840192,aot,51169680.53333333,gas-used mismatch for 0x227f30c0af7117a37010a45f6ce737ad23465d41db92689c313e92a329b3a887: expected 285942 found 238309
20840355,aot,64248420.8313253,
20837941,aot,38537296.4140625,
20841083,aot,44359289.53435115,gas-used mismatch for 0xe67eabb611e7ddd6ba7bd3aef78504244606f6e67d2719498d469aadfa03a7d2: expected 207623 found 107698
20841715,aot,57931718.105882354,
20836311,aot,57471802.12048193,
20837567,aot,39913692.11111111,
20838951,aot,92488213.35555555,gas-used mismatch for 0x9f41a3f11bfed64c37bbdb012519b77bde6886ea45152020b85b7eb50c9c1d3e: expected 92048 found 60473
20839817,aot,84186665.78082192,gas-used mismatch for 0x200e634bb2ead6b05eebabc64605441b0a243500df571ff153c11c13f637ed40: expected 282545 found 153935
20839465,aot,36514248.43478261,gas-used mismatch for 0x3eb1ade5bfdd4e0359f96fff8f378b6fddc397a679aeec51108f65da10c4f8cc: expected 561145 found 368198
20838115,aot,55003350.06849315,
20840409,aot,88676964.92,
20837842,aot,71314419.5,
20838317,aot,42960758.702970296,
20839629,aot,41793943.81481481,gas-used mismatch for 0xc8a8e46bd581c9b91f0d9f5de207d4daec3b53602725a7119d8c55941edd078b: expected 286743 found 288345
20839738,aot,68123326.44444445,gas-used mismatch for 0xf76decad85dd8b8b7c3580e5d00166615485e1589961fec395e36ed438d47455: expected 636042 found 105562
20838505,aot,64460589.270588234,gas-used mismatch for 0xaf84a0e63b8d46010c299105c0947fd99bd55b158319f1637dbc166fc5aa76b0: expected 196332 found 81762
20840943,aot,68770475.71794872,
20837803,aot,42654958.816,
20839825,aot,51319918.911504425,
20838170,aot,61491271.881578945,
20836337,aot,59665655.51428571,
20838692,aot,46023097.52317881,
20836068,aot,59098922.44318182,
20836363,aot,39197216.54,
20841504,aot,52656718.47169811,
20838904,aot,61600261.255813956,
20836627,aot,70045876.34545454,
20836273,aot,89206178.3,gas-used mismatch for 0xe5f99139e191cdf889a35e284c543cdf56682838854149079b0c2e87ed88a652: expected 364641 found 107163
20839869,aot,6637148.474330357,
20839068,aot,79981509.28169014,
20841597,aot,22289848.025,
20837752,aot,42688242.42477876,
20839701,aot,59321966.98591549,
20840661,aot,80129939.56923077,gas-used mismatch for 0xdef284723e4335aff93a9f2215bb6726e795f42e2da6b43e0308040c276926ac: expected 593265 found 582441
20839724,aot,66000098.691176474,gas-used mismatch for 0xf1158bee12612c3c3903ede5d011fd73f16aa733871b25dd435c6f28337591a0: expected 247118 found 137989
20837766,aot,48861356.91851852,
20838084,aot,47161876.489795916,
20841911,aot,63557114.5882353,
20840065,aot,41643070.85840708,
20839537,aot,60941123.65591398,
20836678,aot,49858483.65625,
20839548,aot,99745531.90769231,
20836352,aot,12894594.820197044,
20836442,aot,67657948.01111111,gas-used mismatch for 0x3b20cb2f2bf93f97dbc7fef813f2546406119dcb7a20b5ea5b4a063c08c83a21: expected 401104 found 357099
20840673,aot,37442580.87586207,
20836818,aot,75187765.2739726,gas-used mismatch for 0x2d4c57b9e69678a522fab0730c22a0a55482911e5f1d500dcffd65dcdb065af6: expected 875847 found 637432
20841716,aot,67950715.16393442,
20839466,aot,54035793.163934425,
20841084,aot,56891495.48717949,
20838952,aot,39362955.08737864,
20836312,aot,56683719.82716049,
20839818,aot,55291497.51428571,
20837942,aot,24846763.087962963,
20841880,aot,53608434.333333336,
20840193,aot,71247245.58064516,
20840356,aot,60999300.49056604,gas-used mismatch for 0xdfdf0dba2048b97c6b9df6508ca6cc99cd96f6988f4c3a8e936ed87a34ccd260: expected 580321 found 475614
20837843,aot,29968998.487341773,gas-used mismatch for 0xf154c44ce2675af90c2f4fb3f1310ebdb6b3fd64683903f9390637f653cfa353: expected 645715 found 117492
20838116,aot,34492155.406666666,
20838318,aot,74268400.18032786,
20837568,aot,8144.371783403493,
20840410,aot,29227171.0,
20838905,aot,23802225.69852941,gas-used mismatch for 0x00bb5fd1081b0bce6713ecf4076c33f4c0e79fb18e4771e22a1d8fccb019fb62: expected 331697 found 175044
20838693,aot,63278432.58,
20840944,aot,63273970.27142857,gas-used mismatch for 0x031a626c9b888f755d14b50d0c6b5e7ad4220a99752da5a4b29b9580c8d5cc33: expected 385280 found 95880
20836628,aot,54051694.93442623,
20839739,aot,48815778.6407767,
20837804,aot,58319283.67469879,
20836338,aot,23382110.718085106,
20839630,aot,84729158.53333333,
20838506,aot,28394565.912820514,
20838171,aot,54938389.258064516,gas-used mismatch for 0x456a818ade2833b1622765462a258bd7e61344e0d5b887f6cbd12085d0d9dca6: expected 414812 found 121272
20839826,aot,56653281.817204304,gas-used mismatch for 0x596ce4002bca19e424106b3095a882156c8584d3e57cec4ef98801f740bd5cd4: expected 400477 found 368943
20836069,aot,63615013.897435896,
20836364,aot,48176231.141509436,
20839702,aot,21454565.307692308,
20839870,aot,113027617.0263158,gas-used mismatch for 0xb93c698a6b832b3a6ab7e8fa6c8ed7c5ce1a0c1408be0a08468cb038fa377188: expected 1005837 found 726631
20840066,aot,41863598.09210526,
20839069,aot,52181237.67032967,gas-used mismatch for 0xbaeb7daad09f23edd05c1354aff2b7db1584a1c78377046788586fb3cb1b648d: expected 338499 found 95856
20841598,aot,65604579.03030303,gas-used mismatch for 0xf83aa61a40082690b56f6d10ceb8d9fcf4d22997bec013f788278b334fa1c1d0: expected 324726 found 95892
20840662,aot,63656861.95714286,gas-used mismatch for 0xce3e06bbd23cb0f621a11485385d56444319a500511e4fbea5fa82d0ce1324da: expected 277745 found 153935
20837753,aot,26634793.409836065,
20839725,aot,42034355.06363636,gas-used mismatch for 0x9349a76452423bd49ecdf1d6c7d7c966c4dfe62727202dadb54eefbe7bce581c: expected 946758 found 800068
20841505,aot,23436256.046263345,
20836274,aot,82096217.24285714,
20840674,aot,26991974.310344826,
20836679,aot,48570477.39534884,
20838085,aot,47137124.30630631,
20836819,aot,35064109.139130436,
20837767,aot,69298901.94318181,gas-used mismatch for 0x2e1cbee777bd99e308bf5b43f7c2a9b53788ddfd5619ccd56f11df9d5d9da4d9: expected 578060 found 396448
20836353,aot,79560738.48333333,gas-used mismatch for 0x342a722d0c861d7a5853aa2e1ae069b645206f549ec0ee4a664135100df84ff3: expected 381592 found 231566
20841085,aot,53834621.95890411,
20841912,aot,68320985.90123457,
20839549,aot,46034424.0754717,
20841156,aot,53215182.21917808,
20839467,aot,62226886.32,gas-used mismatch for 0x3a04359ea5aae14805b5626516bfbda3c051b586cb15333f6f3d8671f0b4499e: expected 419156 found 104849
20838953,aot,87140236.66666667,
20837943,aot,85881471.68888889,gas-used mismatch for 0x55b63c9d66e98b5ee4e4d3d53b8fc4dbbb89c526957395681946830b50a8c501: expected 454193 found 417197
20838531,aot,77505407.45,
20840194,aot,53276757.61627907,gas-used mismatch for 0x1fd53b40bca797f065d86aae7aefa53e9eb023618275fc3cf76d5eea16af1ec3: expected 282533 found 153923
20836313,aot,61322069.57777778,
20836443,aot,69381904.30526316,
20840945,aot,64132938.84,gas-used mismatch for 0xc4cd54f28fc4de47bf595606578fae3454cb6ba77b064c5d94be6d43bdf863da: expected 331064 found 174092
20841717,aot,86310743.87323944,
20838694,aot,45475746.1882353,
20841881,aot,41443130.75,
20837569,aot,97381726.16666667,gas-used mismatch for 0x112aade29662e62c735e6900f9b022bf9102c6b1d310075920d18ef81ac150f2: expected 388699 found 367744
20840357,aot,89400057.4590164,
20837805,aot,45271150.44186047,
20838319,aot,56425912.989247315,
20837844,aot,75926719.3150685,
20840411,aot,93642374.8490566,
20838097,aot,53134175.941747576,
20836629,aot,51178016.6632653,
20839740,aot,30278254.690607734,
20836365,aot,74989653.3773585,
20838117,aot,72493456.67741935,
20841601,aot,53538383.069767445,
20839631,aot,55443120.16190476,gas-used mismatch for 0x318415561ebbfa600c5f3276ba3e7d00a7d8a8b5a406042b5a21ac88e92537ec: expected 1903651 found 2268981
20836070,aot,45124634.051724136,
20838507,aot,67332738.43529412,gas-used mismatch for 0xd3bdab03794ae0b22414168f5380a2e1338f7dc824b078f4b56885a5fcc36366: expected 189075 found 81774
20841599,aot,56831555.474358976,
20840218,aot,37378138.00909091,
20840067,aot,57193478.61176471,
20839070,aot,59017422.6125,gas-used mismatch for 0x520896343589d4c51dc513c6196ebba5a1b84244a3792db8b9755979bf208928: expected 445800 found 226866
20840078,aot,76753663.79365079,gas-used mismatch for 0x12d9f6ce35711d94b9469c4bd4520336c2af8636feadce32db3dca23409291a1: expected 223599 found 144559
20839871,aot,94627527.66071428,
20839827,aot,52140868.51239669,gas-used mismatch for 0xa4f1b1e0db506ff4cd8b82d5be1e9fe5284d1f3b7fc21d883a53277da37d3e82: expected 720432 found 101388
20841506,aot,102620597.71111111,gas-used mismatch for 0xca0d01f90b44639b380d68cd2d7c8bb27ba2c316887574fb9891724452d69c04: expected 380713 found 95880
20836339,aot,77916089.84883721,
20837768,aot,33056271.652173914,
20836680,aot,65411839.88235294,gas-used mismatch for 0x01a736951df2f46da30832cab022e6f093ad523639b9d9f5103a7c5c69f49082: expected 324110 found 95880
20841913,aot,40629355.82417583,
20838172,aot,58463592.6,gas-used mismatch for 0xb1cba7d8b6db8ddc59496ad65ed47cdd71705f437d129d8dd2b67a27bec72d75: expected 189099 found 81798
20840675,aot,63017944.49333333,gas-used mismatch for 0xd442ce08c73e930a2f2b5f849550f49fdc61ddb25a09395e1a94eaf93b60b517: expected 361880 found 174956
20841086,aot,60761082.5,
20836275,aot,46680061.887931034,
20838954,aot,46917121.09876543,gas-used mismatch for 0x4a3e7a501f4f742c36fa8204fd8665ea04dccde6c4045ef613e959da9b2801df: expected 286050 found 238417
20841109,aot,43835018.79545455,
20836354,aot,81987067.06,
20837754,aot,97734885.63793103,
20836820,aot,123361584.03030303,gas-used mismatch for 0x9c46e89189d7800fd8f32bf4f5c532f55f8e51ffeacae67367bb659223d4ce32: expected 579607 found 662868
20840195,aot,65264089.21428572,
20838086,aot,94370764.5862069,
20841157,aot,50144738.01941747,
20840946,aot,42906977.72527473,
20837944,aot,36662452.26086956,
20837593,aot,61144091.7704918,
20838695,aot,46192082.065789476,
20839550,aot,44944674.97142857,gas-used mismatch for 0x83d53bd4f6e1ebea8d30c94f9528e95e1ccee4e119b85d8a79b0491599b330f9: expected 648259 found 638087
20836444,aot,51145312.49411765,
20838532,aot,49546389.37735849,
20836314,aot,77565161.61428571,
20841882,aot,96189285.13333334,gas-used mismatch for 0xfbe03787c713311c6465d6b3c80a43336785670ec83b1c6efd8f04ac1a15df29: expected 524768 found 104841
20837570,aot,65880890.48529412,gas-used mismatch for 0xf23d3a3d315aa1924aeac8d348cea717e28d8968c6cb8099ef52a9589ec9f663: expected 349630 found 95880
20838320,aot,56942927.425,gas-used mismatch for 0x38547790626442b30916eb8bba57a9e86fb92906b1e855e16175d9deaffa0088: expected 411880 found 95916
20840358,aot,69721644.76923077,gas-used mismatch for 0xb7b5a8b56295dd2e6214c5d0f2a3dac218369f779cbff5e39370f6a888447145: expected 135742 found 85512
20837845,aot,40021206.722222224,
20840412,aot,36463052.25925926,
20838098,aot,37757858.114503816,
20836630,aot,50744756.99,gas-used mismatch for 0x3505f770d098a86011acb09bacaa2984d7630f8fcb9499f107ae29fa834397c2: expected 894360 found 563135
20839741,aot,118037753.175,gas-used mismatch for 0x99f6c40cd631e81faa86a17132642f6f7aed6af9318d98fb8c7ca3f7cc3d70be: expected 158496 found 126640
20837806,aot,75291708.15,
20838118,aot,50989816.87368421,
20840219,aot,115458643.15151516,gas-used mismatch for 0xc61aaf7912b90fd47f1b488eb4e63f1ad3a5316b0def9b6ce286dd6b25d41990: expected 668859 found 636201
20840079,aot,57556767.93846154,gas-used mismatch for 0xae5c62a1940168365987ecdb7bd8c4d85f159e3ad1f4fd519b8f46ff29e81660: expected 198004 found 81646
20836071,aot,52488369.666666664,
20839632,aot,69175640.87301587,
20836366,aot,63756633.686746985,
20841602,aot,44770667.432432435,gas-used mismatch for 0x95c5e5d0e50c7eebe89d92d0c1e803a8fad182a0843473c9c911e6282d524643: expected 364564 found 297968
20836340,aot,50706414.868421055,
20841600,aot,51224854.09677419,gas-used mismatch for 0x8347f8a471224d53771ecb66b0e729bbded364e90bd164a4e940685f66c71664: expected 469129 found 500434
20840068,aot,53387498.34090909,
20839071,aot,58131559.95555556,
20838508,aot,75202691.21333334,gas-used mismatch for 0x0b53f48bc79e1e1cb888d044dff60087d3c4c041463a08265b8fad8aa4f9c55b: expected 262756 found 245465
20840676,aot,73525366.31372549,
20839828,aot,44560696.61666667,
20836681,aot,45406298.91428571,
20838955,aot,60353215.0,gas-used mismatch for 0x1e05b56fc05f57422ba86e1eef581d9f774b5e30bd1dec40c3aa55635184342e: expected 508923 found 491494
20838173,aot,49886152.52272727,
20841087,aot,68785655.31034483,
20837945,aot,44821417.36923077,
20841507,aot,71287674.01282051,
20837594,aot,45251910.538461536,
20837769,aot,79598883.28169014,gas-used mismatch for 0x68d1e8aa103343c4fe14927ddd0660172f1d8cf3130f584bb09e5e0b10262bd6: expected 907271 found 668856
20839872,aot,74202385.96511628,gas-used mismatch for 0xea413fda1e85c84f85d484fed01573245ef95f622afd2cdac47043b2cfd84321: expected 336431 found 200870
20836821,aot,68522136.30357143,gas-used mismatch for 0xb21b22b392e4209c3eed5fb229c9eebe36549f5e704187ecc1d92e0162f84294: expected 369194 found 99005
20836355,aot,64711689.833333336,
20840196,aot,57932439.95890411,
20838696,aot,73840031.58333333,
20841914,aot,84240079.2739726,
20841110,aot,61394811.554455444,
20840947,aot,60870317.61728395,gas-used mismatch for 0x6f18955200e32f8702927573bf2798da39dd483893b00c76182318d740b5c55a: expected 507541 found 95880
20837755,aot,54065817.36936937,
20836276,aot,61906828.067961164,
20841158,aot,50401530.5,
20839551,aot,63335015.8625,gas-used mismatch for 0x7bd658141a6935dc9a2589cac0c4832b8297ef280e5cc59bffe8f5459b635f15: expected 103682 found 61947
20838087,aot,57757157.666666664,
20837571,aot,60726901.266666666,gas-used mismatch for 0x6d5504d85030807d5a53f7c7fba7773bb211750d61c29a0b919e7c3cd06042bb: expected 336526 found 293259
20836315,aot,26376665.34358974,
20838533,aot,104980067.65454546,
20836445,aot,124158076.64150943,gas-used mismatch for 0x206e929dc865876f678de05b4420e1db0d342b812f32739fd7fd57111eb54135: expected 426702 found 95892
20839742,aot,79991241.0,gas-used mismatch for 0xa0f28da049fab7fe70d247a2c0ca2e7b239a4603e982e2ef453884a18bdd50bc: expected 1441736 found 678035
20841883,aot,42353491.183206104,
20838099,aot,53517959.85,gas-used mismatch for 0xee95149b101ed61e0d5655e13334478ff1fe9b123fa5a664fcf0b7fa750eb3f2: expected 400451 found 172585
20836072,aot,61211093.515151516,
20838321,aot,41250430.26582278,
20839633,aot,48714781.86021505,
20840359,aot,63432535.94505495,
20837846,aot,53537745.69090909,
20840069,aot,27357996.425675675,
20836367,aot,57738948.2,
20841603,aot,65151965.22857143,
20838119,aot,64511772.18518519,
20836631,aot,64679608.8,
20840080,aot,48859389.03703704,
20840413,aot,58562941.96226415,
20840220,aot,43956759.264,
20838706,aot,109882478.62222221,gas-used mismatch for 0x2239a0143438884d0f7cf78a68290a76df2023da039fd882fe6ff06c8c004499: expected 1480114 found 630204
20841508,aot,40826326.870588236,
20836682,aot,44118494.7,
20837807,aot,88092853.28767124,gas-used mismatch for 0x85d90baa9ac5f93d86e36ab440bfbb1ef8cb9c0b9dbead49e74947a9b01baf08: expected 149907 found 77351
20841088,aot,60264482.23943662,
20836341,aot,93330690.09836066,
20839829,aot,70313556.04545455,
20836356,aot,15938922.995670995,
20837946,aot,78667340.93650794,gas-used mismatch for 0xfec4a80dd31533348c75ad324b859506e6e3ec09d768e89cda48d729a2ee50e8: expected 339985 found 355187
20838509,aot,70720385.16867469,
20837595,aot,54515067.0,
20838697,aot,71935113.26666667,gas-used mismatch for 0x6921018761011838461a6238561bae26bd73c27d94c0bc42a573b8ee546e7a87: expected 491574 found 95856
20840677,aot,65069963.833333336,gas-used mismatch for 0xa332d01f45c22dc1846a946e9f9f31fccdb0069caaa16ae2f520ac46bd52164d: expected 345520 found 95868
20839072,aot,84487631.4,
20838174,aot,54072137.127272725,
20839873,aot,60316497.36263736,gas-used mismatch for 0x837f1e41ee83c3e3cb72fa2e06bb9d365977c040db5ba85509a1ee791e6988bd: expected 368792 found 225127
20836822,aot,58383731.68235294,
20838956,aot,216678280.64285713,gas-used mismatch for 0x7c1aa22372c4e101f836efcd0fcc43193db717fc7971a30c6b38e00afcd59362: expected 1491208 found 1098089
20841915,aot,60461977.26923077,gas-used mismatch for 0x1a5600fe721ce0e1cbf6a3eb253bca6dd6ea2bf47d2e40f9798de2e4a441cef0: expected 346868 found 95880
20841159,aot,41371572.58415841,
20837770,aot,75280156.48717949,
20837756,aot,59387022.223684214,
20840197,aot,74681499.9125,gas-used mismatch for 0xc0a09b765d263f6f97ddf6c3299f04461ee051090e769276a64afb5c47474fe0: expected 264055 found 215866
20841111,aot,73069608.77464789,
20836277,aot,87524188.1724138,
20839552,aot,51886407.98888889,gas-used mismatch for 0xc71b2ca82f6d7954d773f90e7fb8e9febfbefd04893e390081728cb1aa52829b: expected 277745 found 153935
20840948,aot,55749052.06666667,gas-used mismatch for 0xd34178185cb6405b3b1f90e7e99009658b49f5a887241ced1d68202c60b048aa: expected 428809 found 105065
20838088,aot,77899980.64705883,gas-used mismatch for 0x2821813bc409a08df1cf528ed41086bc269ba520f2c5c09a8468bb0f13a72b1e: expected 423009 found 363357
20838100,aot,43567369.266666666,
20836446,aot,48807671.2688172,gas-used mismatch for 0xaf861ca941bd672b1c2c519a109fd8ba66e5835e94ccb67bba20cd552e5d4cfd: expected 1640227 found 849388
20837572,aot,75675903.9264706,
20839743,aot,40066379.825,
20836316,aot,45562645.777777776,
20836073,aot,40700792.62809917,
20837847,aot,16495216.204946997,
20838534,aot,46583076.222222224,
20838707,aot,39206059.15053763,gas-used mismatch for 0x168effb93152e1390fdb599a6f76ddcdd86f0908a89655bdb467ff39829ce78d: expected 263214 found 196669
20839634,aot,61862955.925,
20841884,aot,70468269.52941176,
20836368,aot,56048231.31395349,
20840360,aot,79538245.35384615,gas-used mismatch for 0x5eaacde883a60b2c9eaa0fd21584f8fb9e0f3ae1423852bcfe8db03e816b37d6: expected 380976 found 95868
20841604,aot,65866072.72,gas-used mismatch for 0xf6db1c46ee3e2345f90b095376b84a6eaa24d14fa1d35400b5d01ece57f6a434: expected 380713 found 95880
20838322,aot,69152693.90123457,gas-used mismatch for 0x516b6ec173a4b4c571490df00cdcd9571791dfd29798c258bcebe6ee628d2036: expected 259138 found 166547
20838120,aot,56138116.82954545,
20840070,aot,79573730.38356164,gas-used mismatch for 0x0d694abed5d01e449ee5d3c66bf66375485983335b5244617cc4f6fe82333136: expected 1012349 found 1103830
20837808,aot,64870451.558823526,
20836342,aot,54244243.493827164,
20840414,aot,68588867.65432099,
20836632,aot,48903095.208333336,
20837596,aot,30262390.360902257,
20838510,aot,49497169.82954545,gas-used mismatch for 0xd87765cee89a95a7d505e05869f9be29f59f4e445f7d9c9f1ec7a99e03a1ce59: expected 971243 found 636804
20840081,aot,83397368.56164384,
20840221,aot,58914926.63888889,gas-used mismatch for 0xfb9dfacb4b98692df87117cbb63f2049fc719676593945affa33320e449a6ffa: expected 426808 found 105097
20837947,aot,66968594.28,gas-used mismatch for 0x6b41e9cf89f2e667b309a36468c0ab74d94150fd18a573a07e121a97bba6e975: expected 987094 found 651869
20838175,aot,50282667.725,
20839874,aot,51671851.03703704,
20840678,aot,59601965.19736842,
20836357,aot,79146801.57575758,
20841509,aot,51643307.1796875,
20841089,aot,59924104.99047619,gas-used mismatch for 0x89097aae4e217ab140c13b25bb7d322840c8d068042ca56cfcab1141844fcc83: expected 252919 found 238266
20838957,aot,8391666.1590106,gas-used mismatch for 0xcf265c7b3fa4079c1c6ddb0f98641f90b28f74a6fa6762a9a411d9da3f70ffa0: expected 284662 found 153923
20839073,aot,52852702.60227273,
20837771,aot,65557196.19672131,
20839830,aot,86445102.01369864,
20836683,aot,89546928.1923077,
20838698,aot,55293342.41747573,
20839556,aot,58696509.71764706,gas-used mismatch for 0x313be8bbba5ef6dd071774859abea4f3ddec3562803ab9134b91e40196705a5a: expected 2118938 found 1227840
20837573,aot,40474453.03947368,
20840198,aot,62089413.671052635,gas-used mismatch for 0x72608731648bae4eab606824bd291fdb48744392250e182b8d16d0aafda9d9a2: expected 703972 found 753185
20839553,aot,53482634.38372093,gas-used mismatch for 0x4212e097177d43a30ff9e9243032a3bf6133af777672e0ebd78c32a29d430bed: expected 439519 found 379094
20836278,aot,67946470.34848484,
20836823,aot,61476563.77551021,
20841112,aot,30000847.150289018,
20840949,aot,100366225.80487806,
20841160,aot,69389335.77647059,
20838089,aot,56786070.65789474,
20841916,aot,63752830.928571425,
20836074,aot,49432847.38028169,
20836317,aot,95328045.09803921,gas-used mismatch for 0x3e7a46c3bdb36a9fc89ae51e8d6bc26912733caef387f0f49358473564bbb681: expected 402135 found 95880
20838535,aot,74796627.95,gas-used mismatch for 0x6b1f11bb505c6e10a87603f0896869d98d698d727b5fd21d7de0ec28772d9112: expected 393747 found 226841
20836447,aot,31742027.490291264,
20838101,aot,70430125.33333333,
20839744,aot,68040082.83870968,
20836369,aot,61262083.21917808,
20837848,aot,93044634.25,gas-used mismatch for 0xeaa6ed3b2beec89112030b8d1fc4b0d63afc58c0f0a966f212988814b157b8be: expected 272444 found 240486
20837809,aot,32069493.390243903,
20838708,aot,63730483.1882353,
20839635,aot,44869509.23966942,
20838323,aot,56711406.941176474,gas-used mismatch for 0xc8239383e9fb09bd6dade05ef5d29c231dc739ef5f7dededadb4c4d693c92ebc: expected 201354 found 81714
20841605,aot,65513397.05263158,
20840071,aot,56073822.692307696,gas-used mismatch for 0xfe978bf7974e630f229a1234a5d09bad78082a362e7e0141446feca31f318155: expected 1448792 found 1429276
20837597,aot,85421093.11627907,gas-used mismatch for 0xd494a36abf5f9ee2e117d949695f7398b1e175acb014a3314f2eadf9dc171403: expected 264067 found 215878
20840361,aot,51371262.31034483,
20840415,aot,45870393.43636364,gas-used mismatch for 0xbd1cf5fcd2b6a4b105dbe8c7ccea64905eda4c056ad0b677d918426b4b77b9dc: expected 1447528 found 792252
20839875,aot,51485451.2368421,gas-used mismatch for 0x120c1ac8a7c65faf356a48bb7291590ce2775ca5fce1b2c92a07f3621feb54e4: expected 502844 found 519472
20841885,aot,262183.6054241515,
20836343,aot,75010010.76,
20840082,aot,43124390.414634146,
20841090,aot,43037673.9009901,
20837948,aot,68351071.76190476,
20838176,aot,59440049.358024694,
20838511,aot,77416277.0,gas-used mismatch for 0x0e8b70386a39464871bff99a6cd8b8856b0f405c977938d0610d670ef5944824: expected 342359 found 274292
20836358,aot,58011769.16049383,
20838121,aot,78275996.1,
20841510,aot,45285925.59223301,
20840222,aot,61590950.906976745,
20839831,aot,52505296.65789474,
20836684,aot,57701521.9,gas-used mismatch for 0x6efdab679984552fb265a5564f4f6ed719d40c3ee2658bb95393084f94787e78: expected 940209 found 672323
20838699,aot,61262742.45454545,
20836633,aot,75135862.52941176,gas-used mismatch for 0xa176839b76ecc46dbadbefd260faae362bf085b95276cf086555581f7f43cdb4: expected 370977 found 205246
20839074,aot,52017002.98058253,
20837574,aot,48972316.78823529,
20839554,aot,43103067.135416664,
20840679,aot,71010000.73255815,gas-used mismatch for 0x085d9e449d6679de5c35b168157947f0f3f005e841bc8da51ca374ed8c8885fd: expected 423021 found 363369
20836824,aot,53539636.42666667,
20836279,aot,48515589.94623656,gas-used mismatch for 0xcf8400ae1acf776b1bb8e0111609b329d02c317b1ecfca2ca06a11fe6f37f6f7: expected 282266 found 95940
20837772,aot,47231655.09917355,
20840199,aot,63373848.21052632,gas-used mismatch for 0x0742a88e0c1b984f81e925a6c566da4d28207b598836dff1127ef2fe9b2751b8: expected 564409 found 279704
20839557,aot,46293386.36036036,gas-used mismatch for 0xbaaa18b8aeb387967ab28493e5b84f3d3923dae79a3cb84b9a5311b0134b2530: expected 659445 found 287830
20841917,aot,46848984.56989247,
20840950,aot,53687004.069767445,
20838958,aot,125300073.47916667,
20841113,aot,117615034.39534883,gas-used mismatch for 0x5e5395e4fe76464a610108ac40a0d5135b7fcfb3e0fc2b122ec5596c95035233: expected 971263 found 636816
20838090,aot,54743369.1,
20838536,aot,86361885.74418604,gas-used mismatch for 0xd60ccaa317625d8acb84e443afd5bd6bfb0676192b4033f6a5375f43435e7610: expected 388329 found 95868
20841161,aot,49962173.76470588,
20839745,aot,58978257.42253521,gas-used mismatch for 0x43662c66e97962721d3de21c3baf8d6df0d8b79aaaa4d777fd36f6056007ba59: expected 371551 found 350750
20837598,aot,76161211.93023255,
20838102,aot,65897318.80821918,
20837849,aot,48681156.030612245,gas-used mismatch for 0x8130d374d1838ed8509de10da13d30135ad5b7bb5559a9dd8a3015fc6abfa4a4: expected 282545 found 153935
20836318,aot,65830190.822222225,
20840072,aot,45470899.24175824,gas-used mismatch for 0x4b1c5e527c6fd8a500e461b24de9fce223ff94bee25e704c2cd7819615ff5b6b: expected 649473 found 323887
20838709,aot,120689890.4,gas-used mismatch for 0x0fe462ee93ca4497a1fc8f0c4f7f269bdb0124225df5f415d8d55c5701eac86f: expected 200019 found 98851
20836075,aot,63905370.44144144,
20836448,aot,106892204.31372549,gas-used mismatch for 0x7a987333981d9b33fc6fc061e3ef65427b16d8fd56b795ec35fee7d558946e01: expected 226100 found 114718
20839636,aot,53199306.79591837,gas-used mismatch for 0xd8dca5d1e60354d5740eb36663827f0c0b09b9451f7542d91aeaa0ded6c2d4eb: expected 405287 found 368953
20840362,aot,84557664.03773585,
20836370,aot,83745462.87323944,gas-used mismatch for 0x56efc640b5f39b43cdda9bfe743059c3e352e6470fa5763abf74f283ad79e8d2: expected 668762 found 457772
20841606,aot,52553595.057142854,
20837810,aot,108153831.16363636,
20839876,aot,76584769.5737705,
20838122,aot,55042912.984848484,
20837949,aot,30601368.21276596,
20841886,aot,22713244.714285713,
20839832,aot,48829065.91111111,gas-used mismatch for 0xa7c5588f828d36ea42c6b6184324b68efe61a4288e40f0cc86ae5a6bd2cc60c5: expected 406120 found 96732
20840223,aot,38208636.44067796,
20841091,aot,35405838.99300699,
20838700,aot,65033308.044117644,gas-used mismatch for 0x99e1dfe501e5b32359f838dd8f728de30a220ddbb6d5998b32d83ce6eade34d1: expected 206353 found 82050
20838512,aot,16356764.983606558,
20838324,aot,61937486.654867254,
20840416,aot,54786621.938053094,gas-used mismatch for 0x8dfdf21a68f9df73f503761b1214cfd59ee0a8b6fdead717effa22590a2c0b91: expected 716498 found 460465
20836359,aot,54596795.703296706,
20841511,aot,38348885.092857145,gas-used mismatch for 0xfd633d170efd148ba8c5e9759499107da5f286a54c0642e95acf202f81a05310: expected 277745 found 153935
20840083,aot,61581912.94505495,
20839075,aot,49976734.44318182,
20838177,aot,88837942.28301887,
20840200,aot,41352890.910891086,gas-used mismatch for 0x692031008455e9ea2318b2c683ef0aae576a8bc2f7c7ff20f70be50c19c8bbdf: expected 255415 found 238565
20840680,aot,74170712.59016393,gas-used mismatch for 0x6c29740fae128de60154bbaf948ee969e2794606962cbe3a9881c224198ce4a0: expected 337211 found 293675
20836685,aot,61087555.7368421,
20841114,aot,33434959.95689655,
20836280,aot,44997094.17699115,gas-used mismatch for 0x9b063faf95dc597f7ea23fb87b5de082b0dab1bff860b973d5d9bd6e01758d61: expected 360163 found 317162
20836634,aot,50041947.83739837,gas-used mismatch for 0x14c069a8ded4584e96925da4d758b06c5b8d8ac4bf31dd8a18367f95bee82dce: expected 270150 found 238145
20837773,aot,45075409.19811321,
20836344,aot,83756514.72839506,
20837575,aot,55283117.475728154,
20839555,aot,100426188.44827586,gas-used mismatch for 0x045ced0e7dfd9d69a761a90a6559237b370cf38f8cb80d8d3ffe5e9d0e2f3fd4: expected 193087 found 82074
20841918,aot,69230391.1,gas-used mismatch for 0x615ec5ea9f0e0b356f1c34b646bb869f23da3fa11f298c4615e5065ad6eb11cd: expected 277745 found 153935
20836825,aot,73131753.30864197,gas-used mismatch for 0x5d60064ff37617b22ba2ee20b729a2cefad7075ed08167507b4aaff1ab419c3c: expected 875871 found 637456
20838959,aot,50228935.17,gas-used mismatch for 0xdcc186b54db1aabe1dda46a65d79a909d76440c1a931731929f2c2f7dea8ab0a: expected 284674 found 153935
20838537,aot,48193217.25274725,
20838091,aot,49550648.95652174,
20839558,aot,54054381.32231405,gas-used mismatch for 0x83b0b79ce6820d9454ab4bb3fdaa8d623ca8a0f0b0bece58d1a2fb64458db5b2: expected 277745 found 153935
20837599,aot,38632329.24752475,gas-used mismatch for 0xe609aebc33cfa06de1b5f3cb1a300c2dcf256fe0fd39f8797e46cd3610cc2370: expected 264067 found 215878
20840951,aot,60815833.3362069,
20839746,aot,20290609.517928287,
20841162,aot,84171385.64615385,
20838710,aot,36826271.58558559,gas-used mismatch for 0x4b27b817c2bfeadf23dfa8ab09cd0a0a3982f8f6c5a7d1ceff428a9c0f7e3ac6: expected 540614 found 282868
20840073,aot,34071668.294117644,gas-used mismatch for 0x997b04a9dbb8f6ba6e70a782c109949b1c2c6b3660f842ba24e997e2e302ecfd: expected 964882 found 668648
20838103,aot,58818047.870588236,
20836319,aot,46205383.69444445,
20837850,aot,52238436.28712871,
20840363,aot,40426283.5045045,gas-used mismatch for 0x9ca613e37261d63ad65df50e4acf18fc415cd0efa9f52d1e99eb80200b8b8d22: expected 427118 found 96696
20837950,aot,72270034.625,
20841607,aot,45709339.729166664,
20836076,aot,93266518.08928572,
20836449,aot,36559276.241830066,
20836371,aot,45485268.87826087,
20838123,aot,40321239.40833333,
20837811,aot,44147155.57723577,gas-used mismatch for 0x52db110087079cf66baab4e762fc606c0f375b4b4c22998c94bdc89e60a792b9: expected 389788 found 389439
20840224,aot,47077982.58947369,
20836360,aot,46429049.76923077,
20841887,aot,116781455.17391305,gas-used mismatch for 0xed0290dfcf47f9814daf5eba3536f52660097be8ccda598e2887157f6690c775: expected 379817 found 95880
20839637,aot,149326403.90697673,gas-used mismatch for 0x16ba69666b523064c70e9de4a70cd2aec982a047add2ca7ccee887f2a174292d: expected 260488 found 212288
20839877,aot,64983146.47311828,gas-used mismatch for 0xdeb71b61bdde77f1972731343fd8ee8e48c2bf97e185557d42919f1d113aebd5: expected 536632 found 252140
20840201,aot,48161502.746987954,
20839076,aot,71427182.32786885,
20839833,aot,53426183.24752475,
20838178,aot,84617662.31372549,gas-used mismatch for 0x74ac937cc8f2d84eb7b988894c6f61dbce883589e011ba78cabf15fe2cbe89b0: expected 358798 found 384401
20840417,aot,78096700.07936507,
20841512,aot,91902356.76744185,gas-used mismatch for 0x70cfeb789fe7a3846d602a7f6da59e71ce9d33bf511727e03e5bc455cd18667f: expected 546668 found 104841
20838325,aot,79963645.01538461,
20838513,aot,131562162.9,gas-used mismatch for 0x4273c7aca79162e764ed296e8e555fa024533f037035c5c4ee8abc471544663c: expected 438585 found 107218
20836635,aot,51408736.2368421,
20840084,aot,63475462.15384615,
20840101,aot,30549847.02222222,
20836345,aot,65189945.461538464,
20838701,aot,73594433.75308642,
20841115,aot,60571987.50666667,
20841092,aot,114947254.22,
20840681,aot,49073445.495145634,
20836686,aot,70567004.39393939,
20837774,aot,42529480.927927926,
20837576,aot,51651613.63636363,
20840453,aot,64269343.15,gas-used mismatch for 0xcb2cf928fde4f69e8e35c9f449b60fefe24aa8c4db0802588a22aa27a80ac294: expected 435603 found 107196
20836826,aot,48300827.99029126,gas-used mismatch for 0xb1c75f33e2272a91eed3b877d9c23b9f3fb8eae9bc1f0f821f92fe8923d81988: expected 875847 found 637432
20841919,aot,28387243.169902913,gas-used mismatch for 0xd4daca25c9b54044809b532bb1ff4b01758dc145e6d97de75d6ecabc92b4d1a4: expected 357245 found 309789
20840952,aot,73343775.33333333,
20838092,aot,72320355.26153846,
20839559,aot,62368881.34883721,gas-used mismatch for 0xcc0ddf57089d941888b5550a2ee3d549312b8f79c35cba6338389a921ab06ef2: expected 356402 found 184779
20838960,aot,56316071.92920354,gas-used mismatch for 0xcc89a675280ad5395ef17f0caed18a1f6cc03ac38ebac44c9521669d0ccc9916: expected 691405 found 677477
20838538,aot,42435497.625,
20837600,aot,73962480.39705883,
20841163,aot,61473063.1369863,
20840074,aot,95143525.09302326,
20839747,aot,86285044.66666667,
20838711,aot,17332677.409240924,
20840364,aot,72154151.95454545,gas-used mismatch for 0xf05a38f636e18954489ea3bf5d4f38e29a17ce631fdb1734fff19d05a15c28ec: expected 344749 found 98969
20838104,aot,47332449.14782609,
20836320,aot,72928938.4109589,gas-used mismatch for 0xbf2b849b5d3fcbf739f7f67b386e6d999d0f74ab1663575b1362fecd181bc8a7: expected 666554 found 98981
20838124,aot,50964960.61643836,gas-used mismatch for 0x3844d05d44f591da3d205a29af7e875a0eb8922959fe33f0013d8bcf5c7cc1d3: expected 324110 found 95880
20836077,aot,52758255.22727273,
20840225,aot,60441483.916666664,gas-used mismatch for 0x66d4e84b34028f17bbdd1cc1cf988b2910a12d4900514c2a71c40f591907247a: expected 324110 found 95880
20841608,aot,52389020.593406595,
20839638,aot,52870754.473684214,gas-used mismatch for 0x1cf722604ade3429b1e33de50cb4a249dcca8ea13dd03b3d27e6127e43ba20ae: expected 379498 found 95880
20837951,aot,45219426.585365854,
20837851,aot,53641476.56521739,
20841888,aot,70300135.58928572,
20840418,aot,58564729.86363637,gas-used mismatch for 0xd163c2f07b8349333f8c127650a3d5afcddabba3271c11d4933512073c1cbed5: expected 971243 found 636804
20836372,aot,38740936.91428571,
20839878,aot,48908040.1627907,
20836636,aot,64581318.36363637,
20836450,aot,84741948.67605634,gas-used mismatch for 0xd2f5cfab858291e3eda2333c67cac0c4193f350293c0aa23f7ef55b34f50a328: expected 629989 found 658927
20840085,aot,56317517.5,gas-used mismatch for 0xcb84be3b814e80a6ab84407bc492386a259bfa66f4d84f373eaa64906dad43b7: expected 1099272 found 808979
20838326,aot,33086322.30147059,
20837812,aot,45042221.1796875,
20841513,aot,56605081.32530121,
20839834,aot,91925514.83636364,gas-used mismatch for 0x91a3d06718b8a630ff994caf8d3731d0ca60aaedc457d20970bee8c3ad61cfe1: expected 360175 found 317174
20839077,aot,63179049.1375,
20841116,aot,48013340.26373626,
20837775,aot,48853453.60465116,gas-used mismatch for 0x9cd63a3159db5e9e80fbb1015eabd32e24597995141aeffa7a209cf2724fce0d: expected 365673 found 96815
20836687,aot,67706336.34285714,gas-used mismatch for 0x7c4fa7f21303b554ba5d029e990486e1baab39b16c5632f87fc0ae2de0a829e5: expected 328420 found 95868
20840202,aot,84326975.98571429,gas-used mismatch for 0xf37f9ebdd0ac3170402bc248a3abd13c994c9b18c9ae40dc7662a4327ad60131: expected 294789 found 238073
20838514,aot,86393283.24285714,gas-used mismatch for 0x607e0be285d7fc656ae9b1c6adbbd3f0e9be7402f44980cf19a42520d54f821d: expected 391349 found 104833
20838179,aot,72726987.59302326,gas-used mismatch for 0xbd9cd651c75628ee767c40b00e0dc3cd99a604eb0de9e0e3f37a2c9ffa3aa036: expected 252883 found 238230
20836361,aot,77110765.4090909,
20837577,aot,56260668.833333336,
20840102,aot,77805602.58571428,
20836346,aot,55537240.58095238,gas-used mismatch for 0x6e577d0d5f58478f8c2444cebdfbb0913e6c6ebedf89d6b04648242e2dbad065: expected 439208 found 95916
20840454,aot,41386996.4047619,gas-used mismatch for 0x2166f6b44842d58aad7726314ad7dac46c78ef722399b58eb4ab94d12ee16b52: expected 402779 found 381868
20840953,aot,38025007.5,
20838702,aot,60813401.22772277,
20840682,aot,76050927.6,
20836827,aot,53683849.947916664,
20841093,aot,69095174.42857143,
20838961,aot,68445542.92063493,
20841920,aot,104831913.83636364,gas-used mismatch for 0x8166998f6a0b6b79e8b172d92d5cb32b89006b4138c464e604f94bc54a0f1d73: expected 310051 found 87936
20838539,aot,58221183.85,
20839560,aot,60173593.75824176,
20838712,aot,84152717.46666667,
20838093,aot,44171112.166666664,
20841164,aot,65354773.013333336,
20839639,aot,16266345.028089888,
20837601,aot,54861562.29,
20839748,aot,60385083.51111111,gas-used mismatch for 0xd66b5d01538b2d09a9eae9945ffb2f4e804031e6742703ef5d43aa3b7fa9bb2a: expected 340079 found 299863
20836321,aot,96078483.74509804,gas-used mismatch for 0x6188e2d1bd303c3725e149054a44232bc68f91e566da8c6dfef14a27a18677f9: expected 934780 found 103270
20838105,aot,46535136.34259259,
20840365,aot,49778790.58252427,
20838125,aot,71613907.73529412,
20840226,aot,62279781.81927711,gas-used mismatch for 0xcef976a53a97c5aaff800ec4e9637d9821336839e391444669b6f590585fc820: expected 285990 found 238357
20837952,aot,60431753.78571428,
20837852,aot,54725748.71764706,
20841609,aot,58280306.32967033,
20840086,aot,51639808.76923077,
20840075,aot,62704182.18584071,gas-used mismatch for 0xa81f365da21d8dee5928272719f9879bf4bff4b728d61fa5fdc13e6f35b8ca8e: expected 508624 found 105077
20836373,aot,62578755.62962963,gas-used mismatch for 0x4644404701b70a6510e39a07c774c64a82e8956c94e39375a7bb0b408f74a594: expected 347723 found 99005
20839835,aot,35844987.24324324,
20841889,aot,37097295.386206895,
20836451,aot,56854870.0125,
20839879,aot,11093519.594202898,
20837813,aot,50542429.177777775,
20836078,aot,80076523.65,
20840419,aot,48662212.12931035,
20841117,aot,61903482.42424242,
20841514,aot,29980555.44720497,
20836637,aot,44621473.41353384,
20840203,aot,75395859.70491803,gas-used mismatch for 0x66e9332d43c9f9972b3f5bb9a455cc7d2c2a8a56a8815bcc266e937bbe435c9c: expected 286038 found 238405
20839078,aot,38682772.33103448,
20838327,aot,116696992.15517241,
20838962,aot,54829810.47619048,
20838515,aot,36071849.39215686,
20837776,aot,73217232.33333333,
20840954,aot,51161601.822222225,
20836362,aot,61172700.10843374,
20836828,aot,61262963.986666664,gas-used mismatch for 0x9718b239ea273f91bab8b00c7f62c14d6027682ebb1964ddc01f9304117d3ca1: expected 875859 found 637444
20838703,aot,69628714.46478873,gas-used mismatch for 0x8eeb70415608784cc4f7ab159e2ef1df3c59e6f66e9697c5c1633862fa2fcf40: expected 192661 found 56580
20840103,aot,22853581.199170124,
20837578,aot,83618054.96923077,
20840455,aot,101813308.60784313,
20836688,aot,66338581.9009901,gas-used mismatch for 0x80252dae3df41d2cb9948d7e8046aace39db6e177f445231bbec60cffc095c03: expected 245778 found 80072
20841094,aot,65525079.325,
20838540,aot,51474150.77647059,gas-used mismatch for 0xcfea44a2b00a2cacae621dca79656da1543c30f8e93e5f7bfc0aa0bdfb425cd3: expected 261710 found 212288
20841921,aot,44998826.66019417,
20839561,aot,45361050.875,
20840683,aot,58712739.66990291,gas-used mismatch for 0x30eb619974bb81f6131396c53b011c7462e0bbf882fd189bca0152409fe672e7: expected 360091 found 317090
20838180,aot,80422008.09411764,
20841165,aot,41529487.229166664,gas-used mismatch for 0x4748c31a6de3e3d1ed16e999c87355b695752db728bc40d41a2d4fbb51e578e8: expected 252799 found 238146
20839640,aot,102601911.1111111,
20836347,aot,44295196.23076923,
20838713,aot,80952685.10344827,gas-used mismatch for 0xb6d309bb52dd4eb0f26747c7e73db3fd631e6efa0ce22af99237981c8ee99a07: expected 1255636 found 1284465
20838094,aot,56192320.511627905,gas-used mismatch for 0xaf1b5db69a9888e84c4f35a4d33ab88727cd062e3406d2aaf3ebe02fe26e8a7d: expected 1013299 found 457785
20838106,aot,11312632.391076116,
20836322,aot,67104783.85714286,
20840366,aot,53190358.93589743,
20840087,aot,51457959.205882356,gas-used mismatch for 0x1b5bfb16513b2ef4399689395e0a3faac033fed403faf7e219eb391d659e9526: expected 371419 found 350618
20837953,aot,49021327.32954545,
20840227,aot,61541918.4109589,
20837602,aot,51297727.15833333,
20839749,aot,42801120.21678322,gas-used mismatch for 0x0d5a6293069f15e98a40977d7a2968fe4dd9842f7d7c6654484ae699a77b63b9: expected 630975 found 161779
20836374,aot,27900248.92156863,
20837853,aot,52791133.75824176,
20840420,aot,55868635.31818182,gas-used mismatch for 0x39c148973500935c7070d8d404b44d3422d8e752fa55c9a0e0fc8428a07d5eb8: expected 390830 found 98976
20836079,aot,72557233.71698113,gas-used mismatch for 0xccdc926d440419057c81f650d392451e6a2c6dd9802ca0457a2113c9dcc10b7c: expected 437490 found 96763
20838126,aot,33269155.205714285,
20836638,aot,48375245.266666666,
20836452,aot,48237242.114285715,
20841515,aot,55557117.118421055,
20839880,aot,85947895.09302326,
20840076,aot,69251442.79069768,
20838328,aot,25587884.977099236,
20841118,aot,65286794.43373494,gas-used mismatch for 0xa5f70bf18c832c2af4eb4df970ef6408814c843bd222558871d23ce229dba5b5: expected 396161 found 104845
20837814,aot,106213238.47916667,
20841610,aot,62605547.84761905,
20839079,aot,78046832.12068966,gas-used mismatch for 0x357ecf1f6acfd27620c452553207c54e5eabb2405d361e0f51b1a1a99611b0bd: expected 90604 found 84066
20840204,aot,48132664.0,
20836689,aot,74277501.86956522,
20840456,aot,44062002.802325584,
20839836,aot,92661096.93333334,
20840955,aot,93899553.44444445,gas-used mismatch for 0x2b3be971f4a3736ee4a9d94f66f8d52286d9f0de25fac9319fbb15989cfe2022: expected 329240 found 95880
20836829,aot,24125277.758426968,
20841890,aot,126961317.5,gas-used mismatch for 0xf9db2af07897bd3713a8b9d8c10020f8188a6fd83d18204f01947f652c8a42cc: expected 277745 found 153935
20838963,aot,64214348.86666667,gas-used mismatch for 0x69476ddbab50bc9368ebc550c42f6060236ece51c96ca1a1d62ae72609441371: expected 172642 found 56580
20838181,aot,36768449.988372095,gas-used mismatch for 0xb6c0ea313e3fa23e073d5df7fa5cf32b4cc6a5511057e28ca3dd1968bdab1e82: expected 399057 found 104825
20838516,aot,102730194.72916667,gas-used mismatch for 0x060dce49b06f704c905cc23d6cf0d0abe523758a8d3abc7405b5f51f9a8402fe: expected 2015789 found 2029580
20840104,aot,92748213.52083333,gas-used mismatch for 0x986572e1e99e7d5f4297ca4a6b9ccbaf001a84e50ba4781b88d00bdc3023705e: expected 135899 found 85606
20838541,aot,36464748.41441441,
20841894,aot,73049581.32394366,
20837579,aot,72739714.78571428,
20839641,aot,42184920.322222225,
20837777,aot,67248514.81318681,
20838704,aot,67014417.38888889,
20836348,aot,67217143.26153846,
20837954,aot,37561800.025,
20841166,aot,35982620.39310345,
20837125,aot,43666450.55725191,
20841922,aot,51535703.70434783,
20838095,aot,22988911.79111111,
20841095,aot,46907348.5882353,
20838714,aot,65997967.5,
20840684,aot,111067639.55172414,
20836323,aot,55106178.03225806,gas-used mismatch for 0xf3939fd220b977549dc5f72c5d79124922be47d0b1a93664341d5ac10294cafd: expected 558716 found 345674
20840088,aot,57438554.322222225,
20838107,aot,76728708.29411764,
20840367,aot,101079721.52727273,
20837603,aot,74180396.07042253,gas-used mismatch for 0xf4ce41588e933f63dbcb5324804be46b28fb915fde303adc7ab0c0b99010aadc: expected 1792135 found 317689
20836937,aot,56194432.09411765,
20840228,aot,59273910.23655914,
20841516,aot,80119387.83333333,gas-used mismatch for 0xbd3e4b9438ceb831e6582e3cf6f65f8be8129c2613db05191c36e64ab4b1c4fb: expected 517315 found 95880
20836080,aot,69545759.08433735,gas-used mismatch for 0xed64a842a6314870859a685523f8f052df15b24d04f6388bc5678dd2af3db44d: expected 344225 found 95880
20838127,aot,41137588.507246375,
20841611,aot,79812642.9,gas-used mismatch for 0x1135dde1095c13e158bd95c8c5dd9ac97f21d662c3e7783a742226ec9b172c10: expected 352639 found 313400
20840421,aot,44346132.25,
20841119,aot,55979631.526315786,
20839837,aot,59715590.38333333,gas-used mismatch for 0x9829618f12ad3402028ed84e7af2ca33f75e7ab42137557098427e7d36ce96d2: expected 293975 found 238408
20837854,aot,73631702.36470588,
20838517,aot,37579938.21686747,
20836843,aot,81138969.7037037,
20838329,aot,50527757.43564356,
20836639,aot,43588560.716216214,
20839642,aot,40876276.69014084,gas-used mismatch for 0x556470ef7f63e414ec17a32d5eb4ecf7937b6a05eafc1aa093593a5592c3aee5: expected 736520 found 101550
20839881,aot,99746580.73214285,gas-used mismatch for 0xabbaab19f8e57d669fd5fbfac8cafc613822e26697484fa3abe2c35d4451b9ed: expected 381479 found 98909
20840956,aot,89471720.32608695,gas-used mismatch for 0xd2fedf84c0fc0e72c4bad2df78e71d609a288db164f45734cafcc534c86f4270: expected 277733 found 153923
20838182,aot,61732509.984126985,
20836453,aot,96858172.22413793,
20840205,aot,59130888.93181818,gas-used mismatch for 0xecf241b443abe1e6d00a8b1b1a2e7d927e121349c52e008d45baa8e39b97315f: expected 461714 found 432706
20838964,aot,47844474.13978495,gas-used mismatch for 0x597502ca4496400f741584e460b80bebaa87f35ade790f2ce2a070de926a8099: expected 284662 found 153923
20836690,aot,61949835.434210524,
20840077,aot,62467110.79591837,
20841891,aot,78336963.60344827,
20838542,aot,79486222.25,
20841895,aot,79020375.04,gas-used mismatch for 0x9e7c7e3e97b529a8e051c0fd1b23ecb24c2fe124d3008c9e40b62cfbe442fdbe: expected 522590 found 95868
20837580,aot,77114467.24,
20840457,aot,83024999.95081967,gas-used mismatch for 0x44c38b7be7ad4639cfa449b50a3829a262c3d22c65efb6a8a32f5be7c754dc18: expected 263219 found 196669
20837778,aot,62968627.344827585,gas-used mismatch for 0xac0d0c2bcf0d18aaedd3bfcf2a8e88d6cdfb657d668f00c7fcadceac16dcc047: expected 372476 found 175222
20839080,aot,69914814.56976745,
20836830,aot,69709019.05479452,
20837815,aot,86420501.93023255,
20838705,aot,46000683.56190476,gas-used mismatch for 0x4b6e6227e0eb098b3bb120fb83432f44edd4a3ac7c290f4e6c9acebda56d96c6: expected 1733720 found 1147291
20841167,aot,52933895.63333333,gas-used mismatch for 0xe56249ca32b398a694e51d7b384731c57c69b44e349c85924112c9b51b74effc: expected 305978 found 95880
20837955,aot,50990516.49462365,
20837604,aot,47364994.98039216,
20841923,aot,111293613.23255815,gas-used mismatch for 0xaba8c1d363d480931b9864195a8b1d3a61d7e2e981ba476d74c8d4167a0330c6: expected 287333 found 153923
20840105,aot,79668253.92222223,gas-used mismatch for 0xa1b6bef515ecd10f82dcc14bcf58346b7b68fd5c2ed1de4a52d1edd0436fcba4: expected 810097 found 112841
20838096,aot,72571544.25396825,
20840089,aot,69299463.91071428,gas-used mismatch for 0xa858e8210921176a02ecc484dfe1013e6439a795f213138a8ba926bc7194624e: expected 858079 found 386348
20836349,aot,126115886.93333334,
20841096,aot,65452012.09876543,
20837126,aot,79021171.49382716,
20838715,aot,91910605.4590164,
20836324,aot,69862013.925,
20840368,aot,65794041.7625,
20838108,aot,62112997.35227273,
20836938,aot,65985740.37179487,
20840685,aot,77336282.13953489,
20836844,aot,48580051.16,gas-used mismatch for 0x662b885ec4affb07f907460bbdbd77843935706763edd2ae9cfd62e094002b9d: expected 880647 found 637432
20841517,aot,30591287.12162162,gas-used mismatch for 0xb96b3fd6e7d72c583b8ded795f893a13480e67bbfd818be419eab65e1cd4c27e: expected 439495 found 379070
20841120,aot,58576008.97183099,
20840229,aot,67085483.674418606,gas-used mismatch for 0xd4429e2d2b3efbb57ceebb43a764af2b0aaebc6bd48e1aba8975855d64e73cc2: expected 749224 found 329787
20837581,aot,13991981.839826839,
20837855,aot,27777839.068181816,
20841612,aot,61609710.45783132,
20837779,aot,32751415.136842106,
20839882,aot,47605354.305263154,gas-used mismatch for 0xa1d5441366bc4e5878bb580e962faf0e331da792bbf6a318b65a1fbe1c460fe4: expected 877399 found 874289
20840422,aot,111474104.86046511,gas-used mismatch for 0x52c6ecd1047870f5366747d9a9fe11b3438b792ea8756f9dacc2f9ba6c75a739: expected 277721 found 153911
20840957,aot,67605059.13636364,
20839838,aot,71840283.88235295,
20836691,aot,33292904.444444444,
20838128,aot,56806403.18095238,
20838965,aot,50095965.0,
20836831,aot,52718828.14084507,gas-used mismatch for 0xba4ae60ece2178b12492d850caecbb19b6e318f561bba684bfdb47c052305cc1: expected 189863 found 53718
20836081,aot,87122115.75,gas-used mismatch for 0xa82dbdae3ca500fc73db3834bc079c3228a4469c0f1f5097d4fdbf204571a179: expected 353372 found 95868
20836640,aot,62144002.86666667,
20841896,aot,51460335.7037037,
20838330,aot,109854732.94,gas-used mismatch for 0xb87704593f19baa8f311585fbc9f96bc4aed5bec53f4d982a6d0482f60ef56bc: expected 214576 found 144540
20836454,aot,56232128.505494505,
20838518,aot,55462833.263636366,gas-used mismatch for 0x9dd66f1053b4e745d18a3eb23ddd5376bb63671a9e505b0357a8f630c37ef1fa: expected 956855 found 636816
20838183,aot,67804595.44871795,
20841892,aot,61024579.938271604,gas-used mismatch for 0x65c060e7798e69c222f77c7f568b2641c8ab7bda326b883885b668a00434993e: expected 424498 found 368798
20839081,aot,52783865.78888889,
20839643,aot,55811284.3963964,
20838203,aot,63504435.23863637,
20840458,aot,24952391.2125,
20838543,aot,74059837.18072289,
20837605,aot,59982268.692307696,
20841168,aot,43407280.342857145,gas-used mismatch for 0xf8d3519ab36aca0c7a5b57472ffbf5ba8dd9484bfbfccc30662d1471298b6df2: expected 492488 found 153933
20837816,aot,14747182.042895442,
20840206,aot,96589152.94666667,gas-used mismatch for 0x4056166c80a5c1bc4d3f8b74f988695cdc12323260beadb7b83b2f95744bea4e: expected 375745 found 95892
20839644,aot,65789221.06557377,
20838519,aot,60270735.32,gas-used mismatch for 0xcbfd7cf5a1956bc24da2115cf18d30987cbf2c586b38f1e950766b7cfecc3e7e: expected 262804 found 245513
20836350,aot,47901202.03125,
20840090,aot,14973188.551630436,
20837956,aot,61200968.23,
20838716,aot,58317005.397435896,
20841924,aot,64877063.26530612,
20840106,aot,65890376.40860215,
20840686,aot,52154267.23076923,gas-used mismatch for 0xbb8c76684894239efee478feb392b9d761fc0f871a7d91c9ac01d45d0e593842: expected 212476 found 100406
20841097,aot,84034814.28,
20836325,aot,62759908.88372093,
20837780,aot,46875240.15789474,
20836939,aot,59764887.72289157,
20841121,aot,22452195.59534884,
20840230,aot,60287745.42666667,
20838525,aot,49797722.96551724,gas-used mismatch for 0x4c665697c3f7a70cc20bf971a13b44ee39dd19fd93ea7c0e3db709585d4a6264: expected 737250 found 105652
20841518,aot,74109650.17142858,gas-used mismatch for 0xb090400036cc587f7fdb6e5ba768eeda4eb3b341d4bd998f161fec449b647d69: expected 277745 found 153935
20836845,aot,47124108.53982301,
20840369,aot,71440899.75294118,
20836641,aot,75040736.3,
20840958,aot,65776008.571428575,
20837127,aot,48475633.53146853,gas-used mismatch for 0xa8802122eca72d8421167176baa2dc34d2ad71d52f62e794950c4577314d3c06: expected 502746 found 104971
20840423,aot,48653577.63265306,gas-used mismatch for 0x4ea2157ce7324e12204bfd7e65c40902f9eb632a71eb6dcbcd6b619360f8eb01: expected 449121 found 102447
20838331,aot,37254936.981132075,
20839883,aot,47674695.932038836,
20836832,aot,72882539.31147541,
20841893,aot,60700139.13114754,
20836455,aot,50490443.89156626,gas-used mismatch for 0x72f9c905649d6cd3d44779c41eac09f543eae0950314704203a200731c282e3e: expected 338905 found 334235
20839839,aot,39029168.72058824,
20838204,aot,39515688.684210524,
20839082,aot,76943747.16981132,gas-used mismatch for 0x596cab1b6b82cd459fb0fff3cc140f4cb832f36b881fb7e43c116efab68d43f8: expected 329794 found 289733
20841613,aot,66522804.03296703,
20836692,aot,68245186.0625,
20841897,aot,64103951.37349398,gas-used mismatch for 0xb782da4ccd3c36e711027edcd88b17d29f1389a33f0010949bf5a852d971b583: expected 202322 found 64499
20836326,aot,60324826.05,
20838129,aot,58391509.96039604,gas-used mismatch for 0xca4414ee166ed2026c08001dc370da9af0ddcd1b442d0aea1133d491149af451: expected 879140 found 672293
20837856,aot,106726939.0,
20838966,aot,78920992.1125,gas-used mismatch for 0x36397c70e047436f232080b35e7beb93983f1523c610903e65494ff9f9815fab: expected 339474 found 254052
20837582,aot,88990340.40789473,
20836082,aot,90395024.91549295,gas-used mismatch for 0xa5681531c60f89bca3360ce04afa2e9bb5eeb376950508ed388b57597a3515fc: expected 280276 found 245885
20838184,aot,51071595.56637168,
20838544,aot,49797938.421686746,
20840968,aot,76906937.01315789,
20840207,aot,48121515.07954545,
20840459,aot,126533609.625,
20837606,aot,45440621.982300885,
20839645,aot,46340290.59,
20837817,aot,117862677.91111112,gas-used mismatch for 0x275fa6694b26a8dc53ed96ddbae1561b1772ac47b5de655c2b5b2f18ae389031: expected 264055 found 215866
20838520,aot,63183810.34615385,gas-used mismatch for 0xc975388293f6b010f0ddc1480d286f961d0fde0aa61c89cbf5cd7fb01d16b832: expected 904958 found 888538
20841169,aot,55622165.80555555,
20837957,aot,20565614.519313306,
20841132,aot,69542029.625,
20836940,aot,50029230.92424242,
20840107,aot,60553185.675,
20841519,aot,80408726.32,
20840091,aot,23007128.269372694,gas-used mismatch for 0xa37002fb71b87e942e51752ed266d6c29e7bdcc49c28ce404a17fe8f82302d87: expected 217525 found 207485
20841015,aot,86827167.97826087,
20838528,aot,67850854.07042253,
20837128,aot,59479670.73846154,gas-used mismatch for 0x6dcbb2a2213d941874f0afcca5ed3f303d4d7e3df36e4f4884649036b9446ee5: expected 907247 found 668832
20841098,aot,53570980.38709678,
20841925,aot,55730849.53333333,
20838717,aot,53595573.56034483,
20841122,aot,104190930.225,
20836642,aot,70618384.8852459,
20838526,aot,73775914.70588236,gas-used mismatch for 0x2b8b77c28a489c9aaf59f95f0c0cc5c39e799ec6b55c7386d8f4aead1600ee4f: expected 192673 found 56592
20840959,aot,83569469.54545455,gas-used mismatch for 0xcf2b2a942047ceab8a84d2b11d639ff3f2076c739e93392d9193ae70496243c6: expected 369487 found 95880
20841103,aot,43146616.58415841,gas-used mismatch for 0xf915ed7832873d585b406d68c969eec994a4a862c4ea9a9bec1c5b0d7d7c1183: expected 321090 found 98969
20838226,aot,68640855.09876543,
20840424,aot,45999651.16504855,
20839840,aot,92971014.8,gas-used mismatch for 0x4b4941fcf15555e100ea311e45bb090caaf2b4a7bbb7e2322eee5c1e210bae7b: expected 402764 found 381853
20838332,aot,87916040.3,gas-used mismatch for 0x42a3b80764b6c351d9b8287865561ceb0321608ea7c5e44c76b1fdaf199fadc7: expected 320698 found 190379
20837857,aot,47775925.307692304,gas-used mismatch for 0x993b2578a7a83b6e10733b99861436b425fc79d651df1f672827e5783a09a887: expected 449464 found 104977
20840231,aot,67566744.04651164,
20836456,aot,19594466.709543567,
20839884,aot,52904807.01980198,gas-used mismatch for 0x42837ac0be90908fdf4f78ec6aab7ec62fabdb2f57452cbcadfe7e8e27cb017f: expected 460257 found 302279
20840370,aot,28411543.769953053,
20838205,aot,57675905.6625,
20836846,aot,119145946.43636364,gas-used mismatch for 0x689808281d807554e4a75e627543de12b03c977b69016b84a227c62dc1d8939f: expected 875871 found 637456
20838130,aot,66959485.13235294,gas-used mismatch for 0x528a544d5186be98841e5898a79337f70830e74ef44964c7eb29b01ccaa285a4: expected 196055 found 81738
20841898,aot,54062364.755813956,
20841614,aot,61794473.270588234,
20837583,aot,52618378.96385542,
20836327,aot,43309769.70689655,
20836083,aot,70795631.03278689,
20838967,aot,52091401.333333336,gas-used mismatch for 0x3da4731e511def95a61d30acd2eaa85566f962de31f93a8cc7d9b77dc74fd0d7: expected 277745 found 153935
20836833,aot,84617407.76056337,
20839083,aot,54848543.92173913,
20840969,aot,61227729.342857145,
20839646,aot,50467030.25,
20838545,aot,69467838.71052632,
20838185,aot,51796276.30555555,
20840460,aot,68335207.80821918,
20840208,aot,51942813.26415094,
20836693,aot,86632266.5375,
20841170,aot,69509477.36363636,
20838521,aot,42772224.54782609,gas-used mismatch for 0xcc6fe43204294bdf84d52418f6021f69537fdc1a42d7eaefaaf0e8815593f3df: expected 277745 found 153935
20837607,aot,50528444.23478261,
20837958,aot,84624885.81818181,gas-used mismatch for 0x2a0cc8393614624ec6c3acfc81fe034b7fc99c1f885359f75ee74aa1ff1f8711: expected 421050 found 96685
20837818,aot,56163858.0754717,
20838214,aot,58489592.41071428,
20836941,aot,71867788.0140845,
20840108,aot,76876125.88732395,gas-used mismatch for 0x24f16b66b16c47c189e7b9b00857ca79690fea56b5f29c0f218ce9ceeb70c578: expected 403453 found 175183
20837129,aot,36676448.888,
20838227,aot,67937615.77083333,
20838206,aot,39908700.0,
20841520,aot,23865723.854166668,
20841926,aot,88204444.22916667,
20841016,aot,41008446.96946565,
20840425,aot,68325096.9090909,gas-used mismatch for 0xfd50357a0af461d83aecf141903d2443f69bf72a6e1aa9899b4a7dbc3c692f72: expected 386587 found 95880
20840092,aot,115402942.41304348,gas-used mismatch for 0x08d6b9b10ac0dd98744e9c91c055d2ba17ee63a06615ef6e6d4927a644861aa6: expected 153087 found 85672
20841133,aot,58954773.80909091,gas-used mismatch for 0xd083ac13adeb4fb4e8b9b4948cde28241996f62a08045eba960ffc86243df398: expected 306998 found 95868
20841123,aot,71331152.44444445,
20841099,aot,43776732.19008265,
20841104,aot,26975216.23636364,
20836643,aot,62471663.79487179,
20838529,aot,30309293.497409325,
20838527,aot,57968533.870588236,
20840960,aot,92297861.21818182,gas-used mismatch for 0xe4ef34f2c58b5d8e44dc59c7db01e76d23d9850d066150d0ceeb24dd85221614: expected 277745 found 153935
20836457,aot,118650513.54545455,gas-used mismatch for 0x52bba0714502bd8822b0c46f72eda7afef9c95ad6c3a8e63833e1899883a1685: expected 127135 found 77591
20839841,aot,73935274.92063493,gas-used mismatch for 0x9dc8111fab01efa1338122929c4d51a985d0c2212a07d2156bac46cb75304026: expected 386617 found 107139
20840371,aot,101211873.60416667,gas-used mismatch for 0xd754909170843e89dadf74abba2658f89ac074fcc9ee01a4dac033c70626e7ee: expected 837310 found 392313
20836703,aot,60242162.475409836,
20836084,aot,54231691.64788733,
20837858,aot,52238073.75221239,
20838131,aot,79255467.28571428,
20840232,aot,48482853.904,
20838968,aot,98491834.80487806,gas-used mismatch for 0x56a41a7e32259b4cdd754735b67fd7c77b42914ae3bccb9c384185f8dc91b2bc: expected 284674 found 153935
20838333,aot,65188819.88,
20839885,aot,88361000.76470588,
20839647,aot,47232420.25510204,gas-used mismatch for 0xee04e1793524e7bfa5d75b2c35390e7903fda42020f3a55c66b311edc9df27d7: expected 518855 found 360737
20836834,aot,52178938.3592233,gas-used mismatch for 0xb98c615bee3e986c8c4eba88c35ce37d0885b2f6f5ac62c010fc94b170b7ed08: expected 578434 found 555319
20836847,aot,75546931.77108434,gas-used mismatch for 0x5983e9995fd41dc027487bdece87b88b3a28d75937cdb99327ea75ffbdefcdd8: expected 875859 found 637444
20838546,aot,53780050.4625,
20837584,aot,65076267.13186813,gas-used mismatch for 0xde9d7fa018b584123ff4ddc953a1c591ae95f1a596aedff13246d2184ddd91c0: expected 345532 found 95880
20841615,aot,61180274.07920792,gas-used mismatch for 0x4783b5de92358def891487648fab209149b7200e0f02175a617cbba616c23d30: expected 643192 found 117624
20839084,aot,74592219.30136986,
20837608,aot,75887762.7254902,gas-used mismatch for 0xc106bac29bfa1430a1b9a95f852ee25c459eef52cffe038bf004375cace000db: expected 664555 found 105538
20838186,aot,48448558.57272727,gas-used mismatch for 0xa46dfb905f426510bce139e643c96f76775e07ebe9129784f98df888a78ecb9b: expected 522161 found 104841
20841899,aot,86562605.34666666,
20840209,aot,48828087.106796116,gas-used mismatch for 0x14ec068ac0812a6aa669311e8cba5ce36f2772ad3223151deebb3114d4e72bcd: expected 767447 found 93721
20840461,aot,58987916.25882353,
20841171,aot,45263948.677083336,
20840970,aot,47881615.558823526,gas-used mismatch for 0x9917c57ae3a7c942014d74f0ecfc56f7508c47c5b1d30583c5ce59e558895887: expected 255344 found 240486
20837819,aot,47507138.9375,
20837959,aot,36540600.17391305,gas-used mismatch for 0x5111364e60a20c897824b32fa0057b139b01d6d5840e48b285b20dc1b7423c74: expected 267325 found 205327
20836694,aot,76744663.975,gas-used mismatch for 0x2d53bec95ecf98486f18759eae301fd4e1c427c18dcc8cbbb45764d60d2838f2: expected 576396 found 119850
20838522,aot,114260153.97777778,gas-used mismatch for 0x4d191544079fb1e2d22244e55512871a1540578453a5b22dadb19056965cc74f: expected 484924 found 399685
20836942,aot,68483839.89705883,gas-used mismatch for 0xef30dc7ec514f02e3ae5e7d556af2f5d91e9897c54b576c713b19a52edca7f61: expected 366079 found 306410
20841521,aot,109694531.24390244,gas-used mismatch for 0x94f9ffc9bd891f65342c094baccc6755162d7bf92329ceeeac8c4756c1c4f8ce: expected 617794 found 318218
20838207,aot,66677529.37142857,
20838215,aot,40380183.15,
20837130,aot,57576245.88372093,gas-used mismatch for 0x51b310539ff40b71f181f8feea2fa788d370d7685302098de18168ff991deba1: expected 792388 found 119974
20840426,aot,50610850.614583336,
20838228,aot,34290167.44871795,
20836458,aot,31745317.834586468,
20841017,aot,84570070.03571428,
20841134,aot,18155006.893238433,
20840109,aot,61009168.6875,gas-used mismatch for 0x4c58a31387b44faacec4f8214bf0679868e525f14bc213bfc84b3d2663efce41: expected 261328 found 196669
20836644,aot,51602168.989247315,
20841100,aot,84285605.96363637,
20839842,aot,57901894.807228915,gas-used mismatch for 0xa0dd898fdeff1983458177498a72b0fb9d76374353fa60b14383c8a821f1f6d5: expected 446602 found 104965
20840093,aot,59522438.458333336,gas-used mismatch for 0x31cb9e56d83c52177ece0e16a300fa3a11f3a49c8e3aac40df0563c8851f01e8: expected 644932 found 650490
20837031,aot,48010347.0,gas-used mismatch for 0x44d7c396f1913d2818614507790b4c45ffeb93d7e8e762618d47437bd1601d86: expected 255416 found 240558
20841105,aot,155767716.16666666,
20841124,aot,78397584.09230769,
20840372,aot,42955809.65934066,
20840961,aot,60517844.30120482,
20840233,aot,76177847.4,gas-used mismatch for 0xa8aebf3bbdd543c845f1ab2bae9629541626de816296512a591418ab55ef3b06: expected 277745 found 153935
20841927,aot,57369595.345454544,
20838530,aot,105340419.7735849,gas-used mismatch for 0x5176e18d239bd98ae7b5990bfaa4e377a823c32990d6f8c44f7617b2866d5e86: expected 287385 found 187921
20837859,aot,51117617.34090909,
20836704,aot,39384892.6796875,
20836085,aot,76927985.44444445,gas-used mismatch for 0x202fc50f3b08645327a3f94115712b7c3d96b8742324e495d96571eae6731a70: expected 336502 found 293235
20836835,aot,56127733.2,gas-used mismatch for 0x3cc61be25ce271df15622fc71dd12bab7ee11c905667252e4cf8b6dd85b7bd10: expected 912047 found 668832
20838132,aot,41510948.56779661,
20839886,aot,59648207.042253524,
20838547,aot,37104276.21428572,
20839648,aot,62981287.093333334,gas-used mismatch for 0x4f01fd6f26c68038ef2e8182cde098554fcda68e189f183dc80f87d77ba03c12: expected 528414 found 98981
20841616,aot,73779424.41176471,
20837820,aot,29826575.18018018,gas-used mismatch for 0xdab211d450d3c8f68047205b8669f26b2abcf481c55b25b222e226debed9efbe: expected 880647 found 637432
20839085,aot,89937774.14,
20838969,aot,56563353.922413796,
20840462,aot,90868693.22222222,gas-used mismatch for 0x8d7f750ab9f3ec178ca01d1b22ef9abec161d6bd51db1137baaa873a7b025437: expected 277745 found 153935
20836848,aot,61758117.64772727,
20840210,aot,56922615.075,gas-used mismatch for 0xe7d87e233ced1e63dcef3ff0171b6417a49599cd4014cbcc4112818d6541f7fe: expected 266951 found 219661
20838334,aot,87124624.2375,gas-used mismatch for 0x742a4c59bb74ff5107c8861060f0a818ccd4d2f343eb6583cf664c3ec3734ed0: expected 421630 found 95916
20837609,aot,52291592.11111111,
20837585,aot,49195144.122137405,
20838187,aot,86210507.03030303,
20841900,aot,72068928.43589744,gas-used mismatch for 0x6633aa868d0a4cea2bf1c19984a8eff74d000430e18452e067923420ebbd875d: expected 456533 found 440099
20840971,aot,85219554.68181819,
20841522,aot,73498924.8478261,
20837960,aot,103188069.92156863,gas-used mismatch for 0x7532329bd60f14bac1b1c125171599933b3c9bba088b86f86e8cfc2b128de872: expected 164116 found 115062
20841172,aot,72908217.18518518,
20836943,aot,83230338.18181819,gas-used mismatch for 0x17092c8cadd9b8ca3eeee28cd32e3d1cd7ce90f12e4ece322fce12dcb7b482ef: expected 417551 found 172585
20838523,aot,55559255.846938774,
20838216,aot,60210741.97058824,
20837032,aot,57597544.66071428,
20836459,aot,71720452.36666666,
20836645,aot,37828235.90909091,
20837131,aot,50526245.69306931,gas-used mismatch for 0xd508ba35e8e8271756363965c91b4e015e047ecaf119034114e12c4adfe491c2: expected 266939 found 219649
20840110,aot,67173219.45588236,gas-used mismatch for 0x1443351a0280c03f57133ddc3ce3e29ea247e3819fc3beaa862dd50430c2dd0a: expected 361709 found 324293
20841101,aot,61091303.60606061,
20840094,aot,115215780.58333333,gas-used mismatch for 0x0a4363419ed2fd44c1deede85587ac8c2c69e1751ecfe72bbe1cf8fc200d4a3a: expected 1828132 found 1201083
20841144,aot,57843100.25352113,
20841928,aot,53855422.8,
20840962,aot,46173006.947916664,
20836695,aot,96871632.5,
20841106,aot,34608974.65,
20840427,aot,109683430.69090909,gas-used mismatch for 0x0472960a87ca535e026ff4b337c9447ec061b0c1de03beb2f29831d2c5a0aea3: expected 1361423 found 666656
20841125,aot,48098088.98019802,gas-used mismatch for 0x2b2af0eaed0a7636c16b1da88366bc988a97766485560731d8edcdfe98c6b0a0: expected 368643 found 314453
20841018,aot,79654704.25,
20838229,aot,87034053.25641026,
20841135,aot,105782712.01785715,
20838208,aot,61423254.63333333,gas-used mismatch for 0xa0328199ac8c88298c5716f8b452027c92207b821e1ee03babfb9e5b15a1d907: expected 331175 found 322428
20837968,aot,50799856.59504132,gas-used mismatch for 0xa191e26b6540400635d6244376eb07906868f1cd73250df66efbb57765d04c80: expected 135849 found 49676
20836836,aot,53272287.93,
20840373,aot,68331657.5625,
20840234,aot,113727912.90566038,
20836705,aot,40854389.54545455,
20838133,aot,23536959.908333335,
20838548,aot,64415724.16438356,gas-used mismatch for 0x7f8845fea7895b8b314b2bf60a4b5ebfc5c1952d7e5a7d8cdb08a560ff00328c: expected 277745 found 153935
20839887,aot,61695075.677777775,
20837860,aot,71352331.73863636,
20836086,aot,91896044.85714285,
20840211,aot,52716898.84210526,
20838970,aot,54227307.29333334,
20840972,aot,66224681.62790698,gas-used mismatch for 0x4fcfb5fb5b337e87dc097d99dd12472ea7364c0e8eb7d0624fcfc6265ca303f4: expected 1513799 found 579802
20839086,aot,57159797.58064516,
20839649,aot,44003963.162962966,gas-used mismatch for 0x9a0fc96a45d7871eb5d9461262c78df3d2f9cb0efd10db88ae3e064158639187: expected 375464 found 95880
20837586,aot,46505202.15384615,
20837821,aot,124426190.5,gas-used mismatch for 0x22deaebae72fb228379a745adb448c6b5fc8f038bc2eba890e747d2808789618: expected 287385 found 187921
20836849,aot,64427746.29545455,gas-used mismatch for 0x161b6ae6c4150f769649ecb26697d9712869f4b83bc4f884dbdcce13270c36ed: expected 345054 found 99005
20841617,aot,63534539.25,gas-used mismatch for 0xc3262ea6e15336354e2aa5b5b23a9c6108870d7b9e4e87050003394e89be7ad0: expected 182919 found 98851
20841173,aot,38459266.217821784,
20838524,aot,44172189.6375,
20837610,aot,108243433.52173913,gas-used mismatch for 0x8a758153dd085553b8839d9e5bd99aa38225acb590eaf8a0d0439ec654e6548f: expected 264031 found 215842
20840463,aot,75376156.6117647,
20838335,aot,29765153.2,
20837961,aot,49625281.5,
20841901,aot,66357311.60240964,gas-used mismatch for 0x0037a1e2de235242d0718d6717dce12b281ba7ace78064754b0c39120329baf5: expected 279952 found 245561
20836944,aot,49738660.591836736,
20841523,aot,45647723.6504065,
20838217,aot,43719047.53097345,gas-used mismatch for 0x4f4021b516de7d88d49ed626cb96cf0dd1a36b74f4f211df0bed914927a21e64: expected 354153 found 95892
20838188,aot,49180291.45,gas-used mismatch for 0x3e4d10d395af16d3a8750b3f851488e04394acaa4a39153a20656828f9efa55e: expected 590830 found 104841
20836460,aot,56132974.62352941,
20841145,aot,75898551.75,
20840428,aot,60895400.4,
20841929,aot,43841306.952380955,
20837033,aot,77502119.93333334,gas-used mismatch for 0x8f623a55bb408eed5b32f735122333415bea3d88e3ebe3f3951505a4aa78d910: expected 573095 found 392155
20841019,aot,71245452.63793103,
20840095,aot,48503991.10909091,
20841102,aot,86858471.55737706,
20836696,aot,56521189.2625,
20840111,aot,114281142.33333333,gas-used mismatch for 0x115f619961fef89a62700eb5b3fa730119c1b6cb80ff2a274142d434a466b41c: expected 333387 found 95972
20837132,aot,70663203.37209302,
20836837,aot,69235437.69767442,
20840374,aot,26395740.97902098,
20841107,aot,57764165.04081633,
20838230,aot,80304363.27272727,
20838209,aot,83592792.86666666,gas-used mismatch for 0xfd51ad0251f05113c590f5e79d1b26278f13244130a41b83b43a8950bd34ef61: expected 277745 found 153935
20836646,aot,82182012.1590909,
20841126,aot,62020830.020833336,
20840963,aot,94681785.95714286,gas-used mismatch for 0xb833bbd679f0854014a807161731c367efdbfca2c3366cc766739d431c6e59d2: expected 427032 found 95880
20840212,aot,94348378.86046511,gas-used mismatch for 0x9a7c18502c9085b6e84bfb52f092c9ed41684f5875dda55c1c9bf5d36ed3d457: expected 122790 found 65912
20836087,aot,64866732.015873015,
20839888,aot,53700316.02469136,
20841136,aot,62525249.96842105,
20838971,aot,44285218.702970296,
20837861,aot,31974060.52027027,gas-used mismatch for 0xdfc2dc7a5c478be09792062f5e79808254b735397af784929e00f93f436d51c7: expected 317836 found 338545
20838134,aot,108773647.72093023,
20836706,aot,43346135.484615386,
20840235,aot,66433424.73626374,gas-used mismatch for 0x7e21b34b95d9617ecff1ca5faeca9e1dd49647c918427148cb13c8c29fcf4a8d: expected 2923188 found 223568
20839650,aot,61840048.157142855,
20837611,aot,84575973.26829268,gas-used mismatch for 0x8b59260f07ba241a389f798995f7e887781de8d5d63cdafaabbbfd30bf2471ec: expected 760609 found 795817
20839087,aot,62696273.92,
20837587,aot,82768349.0,
20840973,aot,68381830.45679012,
20838549,aot,55070272.25619835,
20837969,aot,49378901.880794704,
20836850,aot,47380110.13333333,
20836945,aot,65656450.62068965,gas-used mismatch for 0x6a0da005f2f7977227d9c71e88df8659e9e43dba5e928574de1f293b5f211a43: expected 880647 found 637432
20840464,aot,47924657.93877551,
20841618,aot,51404945.472222224,gas-used mismatch for 0x2a013384ce01b51bef198bf7af9a7b628b79763b0456ae6ee65968552580be73: expected 324726 found 95892
20838343,aot,51522644.38834952,
20837822,aot,41215140.45890411,
20838336,aot,55249148.86021505,
20838218,aot,62728940.450704224,
20840429,aot,42331164.279569894,
20841174,aot,47806196.879432626,
20837962,aot,74766728.7,gas-used mismatch for 0x0c8fa5a91dd2bb35e7d28fd7001d2752d7ae0d4c5e83a6be325eba09fb0bb388: expected 335975 found 125424
20836461,aot,31791919.579310346,
20836838,aot,51429204.461538464,gas-used mismatch for 0x6c8dd5d6dde8f8dbdbf108bc239dc3d18807662051c615792539afee25dbc2c4: expected 401647 found 309310
20841902,aot,84098466.64788732,
20837034,aot,31224966.85185185,
20841524,aot,80018487.67692308,
20840112,aot,33335287.70909091,
20840375,aot,92900715.3888889,gas-used mismatch for 0xfeee990c21d86c813e0f86738656f7af6d0cb6a10366cabd5a6bd80514f19355: expected 501743 found 343625
20841930,aot,44447235.22727273,
20841146,aot,59153731.68131868,
20838189,aot,24614760.3046875,
20840096,aot,48828398.94059406,
20838231,aot,56111216.47142857,
20837312,aot,75025951.38571429,gas-used mismatch for 0x91eaa2104ffd674e19bb7a476379c335974ab80c51eaf7959d2fcedf9cbb927f: expected 655647 found 105814
20841108,aot,52325904.755813956,
20841020,aot,67608439.21686748,
20837612,aot,42206063.842857145,gas-used mismatch for 0xe97365a5e5bfd6c01d1cbb5081afd9cb1301ec1d6ce9adea1e905afc2ea3a1fe: expected 195667 found 81738
20837133,aot,54010187.1981982,
20836697,aot,66652080.05494505,
20838210,aot,47153989.765765764,
20838135,aot,58855095.85294118,
20836088,aot,36939388.353846155,
20840964,aot,65848425.2125,gas-used mismatch for 0x056f6356710f6adbb608616e285136e48513eaf7eb93a528bb86b6f42b0371a6: expected 269273 found 214801
20839651,aot,17406659.625514403,
20836647,aot,46443041.6,
20838550,aot,50716508.75384615,
20838972,aot,77110678.51470588,
20841137,aot,75890310.35714285,
20837588,aot,19457376.888372093,
20836707,aot,38444276.858156025,
20839889,aot,59596741.733333334,gas-used mismatch for 0x7ca98fac75f023093e6371c29ed953604a34bf2b4fd0f3f776953494393e6e59: expected 494914 found 110809
20841127,aot,78191122.89772727,
20840213,aot,54643590.232,gas-used mismatch for 0x5f23be438ac857456e433276f60aa5f0553b6e1fcba1de8130500e0ba602070a: expected 391562 found 418823
20836946,aot,43666116.72727273,gas-used mismatch for 0xe0f13b768373fe847c41b1c33c4653d3d1a87f1a4873fc97fede68488cf0ab9f: expected 223583 found 142223
20840465,aot,64251903.85714286,gas-used mismatch for 0xcb9596e37935d6083cb9126599987400dd9077590f920466fa2936e197c5f02a: expected 215376 found 205336
20837970,aot,63438780.549295776,gas-used mismatch for 0xab241c736a71b91f2b678bfd74fcc7665fe0aef1f12d54cc6b7d685f05ca0cd2: expected 720689 found 620595
20840236,aot,65808692.0,
20837823,aot,41547838.26,
20839088,aot,65080946.739583336,
20840974,aot,63026019.02,
20841175,aot,64663504.321428575,
20837862,aot,121941428.50819673,
20837035,aot,43406326.68181818,gas-used mismatch for 0xfa1ef46c0e161a38daf113e179ae8fb4d7b4e28feb10d89f81f79e92df67df95: expected 470260 found 415295
20836851,aot,72096252.56626506,
20838344,aot,50715641.06363636,
20838337,aot,56678659.766666666,gas-used mismatch for 0xf92bc6e2e4236de6f25f1891d133904ec7cf25ec8ecfd5dcd96ec4406ee4cf7f: expected 252787 found 238134
20840430,aot,77147848.7,
20840376,aot,110457571.17142858,
20841619,aot,69970526.2795699,
20838219,aot,60476200.90625,
20838232,aot,52415103.2631579,gas-used mismatch for 0x770ebecf56d794c0e60f1265a1601c278f2554995402dbd1c2523c1c1dae7c71: expected 225084 found 144559
20837963,aot,81745391.6764706,
20836462,aot,85622077.94366197,gas-used mismatch for 0x4611a0803c5a8053c535e3652f7d28efeb20113749be67d321fb96e6f81c5c17: expected 682675 found 658975
20841903,aot,59660383.8125,gas-used mismatch for 0xc7b2190d49073f31a52dd9f5714c7c8149c38a8c1e7b666a7acc6b605697895c: expected 277745 found 153935
20841525,aot,117806191.86,gas-used mismatch for 0x9ac28418662d5b9348bf7c9dbe3d6b271c695e180d14533554f68339d8d5ff34: expected 486917 found 145066
20837825,aot,55939957.0375,gas-used mismatch for 0xf89480cab19e303dc2a7f96ca8bbb87bdab5e354f9df210c22fc3c0bfcf0bd8a: expected 907247 found 668832
20838136,aot,76570579.97916667,gas-used mismatch for 0xf1cc86fa4831a7da1b285ebd6548b2978fbd45305aeb86a29b40de6975ecf83f: expected 324110 found 95880
20841931,aot,34485604.45454545,
20838190,aot,64407005.60240964,
20841147,aot,77717329.52,
20836698,aot,28727892.313333333,
20838211,aot,45363325.11,gas-used mismatch for 0x95110c0864da52f6811ca42329b8b3f05a4af5553d92dfffb384e1a70bf45164: expected 214911 found 54032
20840113,aot,69265127.66019417,gas-used mismatch for 0x5670b4e772e5059f9fd436ed2c8053cc1535c54346d1f8a6b6095ba9500ca737: expected 894694 found 672293
20837313,aot,65042540.582417585,
20836839,aot,86280075.20454545,gas-used mismatch for 0xe225ca9eb4443c0e6da48238ca9f448ed9ed406e9cba5e21d2ac1cbe471e09fc: expected 344213 found 95868
20840097,aot,59568259.32727273,
20837134,aot,56096739.88,
20838973,aot,53018075.77647059,
20838551,aot,85236872.18,
20841021,aot,79298446.57777777,
20840965,aot,61994781.684210524,
20836648,aot,74113575.1369863,
20836089,aot,148825281.7317073,gas-used mismatch for 0x0cf4c3f064c2d35a3847ffc4b0276c7ec0aa6addb7bae6d427f2aa4ea120b62e: expected 486524 found 104983
20841138,aot,53975037.571428575,
20837589,aot,117602416.41304348,gas-used mismatch for 0xea92a8580513f12f708995774d02538961b6fbb83719989ac0b3916d36ce4dde: expected 340079 found 299863
20840237,aot,55113324.79518072,gas-used mismatch for 0xfa198cc3ac3795c1449cf895f6bc2b4fd21bb876e920b1cb537d3e681c4c2fb7: expected 1357775 found 83799
20840466,aot,53557941.739583336,gas-used mismatch for 0xd15a51064672ed922c12e8901b0fecbf4b9612ba642d69430a12d45b75ca2f99: expected 196290 found 187301
20841128,aot,75970992.28571428,
20840214,aot,43286264.4921875,gas-used mismatch for 0xa24152f70e80e28d5e5672d498536e7d760b28d4ebcc80a7cc7cba1e1aecf16f: expected 286014 found 238381
20837971,aot,38649535.0367647,gas-used mismatch for 0xeb2c9e62a9de0e324c3d1df4999274d01dcb256f781c044917e29cba1f5b9189: expected 208453 found 144540
20839652,aot,116111700.58181818,
20836708,aot,118756354.54166667,gas-used mismatch for 0x3ded4cea96742340a2a23a47a9d3dfc1824ff0001a1a421cf081464cb654af1b: expected 270174 found 238169
20839890,aot,67471312.92307693,
20839089,aot,36437136.91869919,
20840431,aot,61701269.78571428,gas-used mismatch for 0xee428aa31acd7179e2480a623528ef20508eb5302f21b8e544f42f4481a7842c: expected 366043 found 306374
20837613,aot,87571294.62105264,
20837863,aot,70074937.16071428,
20838345,aot,71570555.09836066,
20840975,aot,50917618.89108911,
20840377,aot,36667066.37391304,
20837824,aot,103327600.3,
20836947,aot,68643053.92380953,
20836852,aot,53379809.010204084,
20841176,aot,47739542.953125,gas-used mismatch for 0x48ca1e92bcfe9d84b34ccfe04a2803cb99ca67705f995ffff60fa882c2cbdd14: expected 365743 found 306074
20838220,aot,47648763.81,
20837826,aot,50578819.18666667,gas-used mismatch for 0x8a39febdaff34389947a68368de8ae8ebc6d949fea3dcadd16299fb15d1fc21a: expected 592314 found 294089
20837036,aot,91412076.13333334,
20841620,aot,99461733.07843137,gas-used mismatch for 0x8a335c4b5f5abed516c911b0a719e1a95c9cff845966a50ffefb031e0b9b47c3: expected 269826 found 238096
20838338,aot,113977703.06,
20841526,aot,39402888.796460174,
20838233,aot,30821574.429411765,
20838191,aot,43706929.52222222,
20841148,aot,45533969.55421687,gas-used mismatch for 0x483ac9db1ceca0be825b257971948776833d56c9bad9f5866781a8a19c726c33: expected 324373 found 95868
20837964,aot,53179907.67,
20836463,aot,26596688.764444444,gas-used mismatch for 0x66bfdcfdeca953e35f526c765c15ada10c13908eb026d3f8dc37facd5500f530: expected 404780 found 172549
20838212,aot,41444486.231481485,gas-used mismatch for 0xbe45ad6d6c62fee551d317e25f9ddb2f4c525eea919065689fc1b8bc39196448: expected 448300 found 95892
20840114,aot,71404677.61538461,gas-used mismatch for 0x5368feecb60d56c53fcbde909a883fb6997a3e73b2d410ac35822d3a2384c934: expected 861323 found 952111
20836699,aot,77659642.60655738,gas-used mismatch for 0xd7d40ff89cc81be6e7c01b70ac45d9210219f74f341fe926bb4ab2cd2c47c8de: expected 346437 found 98933
20841904,aot,82792441.79487179,gas-used mismatch for 0x469f1eb70f174f35662b786f99577465d81bb2b8f36d86be3f11df33d9628650: expected 881539 found 949815
20840098,aot,43812385.70909091,gas-used mismatch for 0x50d3996dcb18b9c256588df42206beda6f6f12503a8d2e472960cb7ddf1fc1d9: expected 277745 found 153935
20837314,aot,37708925.3,
20838137,aot,44261880.484615386,
20841932,aot,89759560.06666666,
20838974,aot,53630062.90588235,gas-used mismatch for 0x1ffd7a07f9451e7be67cf9af4edf5ba5c889044af709f491fe9ec5edea272107: expected 39408 found 39106
20836649,aot,61449783.885245904,
20841139,aot,60863100.39655172,
20836840,aot,28621975.470873788,gas-used mismatch for 0x09bd139475a90fcd7491e15c826ca54410f299236b0902e373d6ac6678feedda: expected 349703 found 91727
20840966,aot,88881825.8,gas-used mismatch for 0xce43f8e1c2a612bc38e6de663fedeb17bfa241f6573070386a8d50a735daf129: expected 411046 found 104953
20837135,aot,58123035.76344086,
20840238,aot,71920552.96721311,gas-used mismatch for 0x5ae05ee4c67c8b5d41cca8d74ae5f47dc395782975d6d484da3e52b2eb1cc249: expected 255391 found 238541
20838552,aot,62666119.322916664,gas-used mismatch for 0x4a8e078e5a9e5c77266325c0cdda46af53bc58dc8735400495d351c08ecff50e: expected 286014 found 238381
20837614,aot,48302536.28,
20836709,aot,61481055.15492958,gas-used mismatch for 0x398565767b963f2f39d621532bdebaaace4fc62bb1dee249facc9ffd2b6ae12c: expected 192649 found 56568
20837590,aot,35403221.679487176,
20839891,aot,69705840.48275863,
20840215,aot,93715886.98039216,gas-used mismatch for 0xe8bdea6622a1c88f18d165e873b92764c40ce16f497b51ad8d292d983e5e7611: expected 277745 found 153935
20841022,aot,82122635.71232876,
20836090,aot,89969127.09230769,
20837972,aot,64696318.345679015,gas-used mismatch for 0x71568e0aa6b2caefde87b651b9c0c8fe28367c6c323d977d69044da78cd9cfb3: expected 632576 found 336578
20839090,aot,50231398.43157895,
20841129,aot,80059715.2,
20840432,aot,56841002.07777778,
20837864,aot,36279349.38518518,
20839653,aot,49281745.05217391,
20838346,aot,41976680.9,gas-used mismatch for 0x03f66c37e542ed8c653a2ba8f56e00ee012ee241058ccaf8df85cdb7de5f8d16: expected 398667 found 355378
20836948,aot,60226493.746031746,
20840378,aot,47695786.948979594,
20840467,aot,83300489.6875,gas-used mismatch for 0x8c3503af74d8df04c309921737bddcf29e41d9636250ff3dc850e27674d2cbe9: expected 383991 found 95868
20838221,aot,41319181.7,
20840382,aot,55849041.22727273,
20838192,aot,33653151.24,
20836853,aot,39442586.854961835,gas-used mismatch for 0x34124714917947a9a2b743967ecb01a5cf23dd5d3cbb443176e1daacc56a3d6e: expected 126911 found 77452
20840976,aot,100787670.94642857,
20841177,aot,70311628.98666666,
20838234,aot,32538846.586206898,
20837965,aot,78498951.05454545,
20838339,aot,81870904.08333333,
20841527,aot,141581237.6969697,gas-used mismatch for 0x8f1f1c1d64bd9528143065b7968245c1a919987012482cf42e6f450ec05fa8ef: expected 153959 found 94469
20841621,aot,37299814.67333333,
20841149,aot,58628071.34117647,
20837827,aot,60371842.32380953,gas-used mismatch for 0x70413b23606fdc068a4113330420c3586288f29f147f0396adddc72643e82793: expected 264055 found 215866
20836700,aot,52788855.0125,
20837037,aot,95177706.4264706,gas-used mismatch for 0x4624c64f774843bdd3fa68ee5ba5e43d901b5e0ed4658d3334e18bf5d3c75076: expected 337223 found 293687
20838138,aot,68352083.78333333,
20840115,aot,52985193.64772727,
20837315,aot,61914599.5,
20836464,aot,119169889.26666667,
20841905,aot,50560837.333333336,gas-used mismatch for 0xc3edc655fd85a4dc89d3fdc7944c0a7838e5f250e12346791c787056dde9f4dd: expected 828427 found 739529
20840967,aot,43231881.59090909,gas-used mismatch for 0x036fc2977849d6034eb0a014818bff987cc8e2c61d9b4290e3209c7bf64cd758: expected 135732 found 85502
20838213,aot,48127310.234375,
20840239,aot,33814579.30188679,
20841140,aot,51594926.63333333,
20836841,aot,89959415.24,gas-used mismatch for 0xf60ed6a9af38cb1c098a5936fd5c0aeecdcffe3b09f70b18a361267d0578329b: expected 880659 found 637444
20840099,aot,85897072.95714286,gas-used mismatch for 0xc3416bf9c9fae242bdb816609abd42f6929a64618c22831b824414ae1f4aa0a9: expected 188045 found 179056
20836650,aot,53626057.02105263,
20838553,aot,74127294.49206349,
20837591,aot,80371503.88679245,gas-used mismatch for 0xa9d835f691fdf3e9f920a43155f9f3136fa17bf008ec88b555d8e9cfbe546e98: expected 280108 found 245717
20837136,aot,53246615.7,
20840433,aot,65702864.895833336,gas-used mismatch for 0x6c4510157308900bc67f449976da65c95ad85a205e2ceb1d3fc303ff7ac3b2de: expected 411684 found 96885
20837615,aot,55329425.37647059,
20841933,aot,68828975.01052631,
20841023,aot,54597017.421052635,
20838347,aot,59804208.62295082,
20836091,aot,76352671.8,
20839892,aot,41544336.3902439,
20836710,aot,82125109.33846153,
20839091,aot,47953683.38,
20838975,aot,113596388.8030303,
20840468,aot,60136860.71428572,gas-used mismatch for 0x52557837f5a0b07283a2faac0dec4bda207b5432aa7b6c92975847cf9b0ba7b3: expected 247151 found 187754
20840216,aot,61853558.72631579,gas-used mismatch for 0x0c507f9b21e2433b30590462583cde9c20f45fe98dedb17d4382c61a0b6f4b76: expected 277745 found 153935
20837973,aot,113025305.71111111,
20840383,aot,68200333.60344827,
20841130,aot,63589587.19318182,
20837865,aot,80490815.38461539,
20836949,aot,63294595.98765432,gas-used mismatch for 0xdfe1d46d27b07b5e2c443b25a38f066e3df6af53848e308755404399a3eba2c4: expected 252786 found 238156
20840379,aot,63788401.98717949,
20836854,aot,68617102.37142856,gas-used mismatch for 0x270224b5ab401262b7287ffced1fb34877952107a13c6a4efdae3b6345cde96e: expected 880647 found 637432
20840977,aot,77931896.31034483,
20838222,aot,39521408.29787234,
20841528,aot,55366133.83098592,
20838340,aot,59123713.333333336,
20838193,aot,84201214.93150684,gas-used mismatch for 0x3f05b1af6a761ef301918e254583132790e5aaa1b13ca8b061c4295b9a1d5d88: expected 546668 found 104841
20839654,aot,82978328.14444445,gas-used mismatch for 0x2b5f29d1a718db28c7c0b1a0acef367218e5026aaf7f0892de5b4344db66b39b: expected 736141 found 554854
20841131,aot,78890642.62,
20837966,aot,67936744.56338029,
20836465,aot,36330374.153061226,gas-used mismatch for 0x0d9688fae745179e6be7904d8a80a218dc8dbd59bfa10563dcebe6b144e9e2bb: expected 252811 found 238158
20837316,aot,72056248.1764706,
20840116,aot,79215186.60377358,
20841622,aot,119202280.97826087,gas-used mismatch for 0x6ef7ef4a2248987bfdb73aac28feec4d83a7fa2259fcb7b66f7554151a68187e: expected 580036 found 553026
20838235,aot,46482119.48091603,
20841178,aot,62622295.908163264,
20837218,aot,41252000.699115045,
20836701,aot,62818714.39795918,
20836842,aot,36610440.3203125,gas-used mismatch for 0x02fa5ae9015b5b465332a3707bfedc85db446b20ce97d6bdb067275d65a3a301: expected 197500 found 82074
20840100,aot,62033709.481481485,gas-used mismatch for 0x5f40a81a6352a9e38827f33df35486758378e3fa7b1101a983115c99f0a070c7: expected 1806143 found 1195457
20837038,aot,94626864.8028169,
20837616,aot,58241763.384615384,gas-used mismatch for 0x0725a777a3e00ff56b3bbbbacbdd99677e7aeecc799139dbf79da41cf89f7dee: expected 199328 found 82074
20841150,aot,68748198.1226415,
20838976,aot,51838947.5,gas-used mismatch for 0xf6896370eace518b9eb59101c68afed4181c5a9e8561134b66ad447dc25c9588: expected 363145 found 203262
20841141,aot,58611883.57777778,gas-used mismatch for 0xd251b82daea7720615b429b2a8ae471e9a73b22ee6bf82d3c65cef2fe7b14854: expected 984472 found 660383
20841024,aot,61332311.836065575,gas-used mismatch for 0xe840f70081fd97d55a12ea47c443ba69d7612c14a8faf4e45a4f3b8e22bcd125: expected 227976 found 113221
20840240,aot,64319778.96590909,
20838139,aot,92826980.1780822,
20840434,aot,69425675.44262294,gas-used mismatch for 0x68cb44c361f7173d2485e33f8079d3e1436913734ba749bf898492a7408806d0: expected 308306 found 268346
20838348,aot,34211214.655172415,
20837137,aot,47689983.1632653,
20838015,aot,65927974.533980586,
20836711,aot,36387923.881355934,
20841934,aot,46628012.02727272,
20836950,aot,33533941.027027026,
20837592,aot,68729996.0909091,gas-used mismatch for 0x848d61e182c6bd5d639c08840ddee47d693b3ed1e472cb7f36807827bdc0d42b: expected 255368 found 240510
20840978,aot,80049475.68421052,
20840469,aot,32805462.18881119,
20839092,aot,85749146.73333333,gas-used mismatch for 0xf022e1defa8fac50cec168a237bc3d5e59e71d79f21a2911e2a7fd90652b0cb1: expected 362569 found 95868
20839893,aot,46287074.44166667,
20837866,aot,92005094.26666667,gas-used mismatch for 0xcaae43e25222c3a77485c2e0f05ce00ccf3af0bb4a7fc28303126c9ab80d482e: expected 313244 found 263507
20836651,aot,57617362.76296296,
20837974,aot,39868628.28148148,gas-used mismatch for 0x2f00fc1c6ad542813e14567e0e7d0cbd6fd0ff64072c26ed7afca68cfb4658ba: expected 252920 found 188107
20836092,aot,60587699.679245286,
20838554,aot,81148174.47252747,
20836468,aot,84075509.61538461,
20837991,aot,51970618.54,
20840384,aot,58433440.80645161,
20840217,aot,56358934.116504855,
20838194,aot,82152630.69090909,gas-used mismatch for 0x90f9f4fc979d11867ceb23e5af2ee346d6f220aeba2b1388f9821b16b328fad6: expected 461268 found 96763
20838223,aot,84628082.96363637,
20838003,aot,39741212.73,
20840380,aot,78144248.37349397,gas-used mismatch for 0x6782adbbdc310882409a24971fcbdedad66ce3e2e5186b3b87ae9ec87d136f06: expected 216675 found 206635
20837967,aot,46898789.73626374,
20836855,aot,109162885.35714285,gas-used mismatch for 0x8656553d9aff35d9b21781e8a34585d57bcade817f3ed797c73a964871a28178: expected 218783 found 142223
20838341,aot,52081384.020833336,
20841623,aot,21873111.0625,
20841529,aot,80416584.8028169,
20837317,aot,15051124.446745561,
20838236,aot,82804819.72727273,
20839655,aot,66313909.52941176,
20840117,aot,38554313.717391305,gas-used mismatch for 0x8517b5e26f40fe6056c1a17095073a2d7629670e3ecef588084d3d1fce8fe383: expected 502930 found 443165
20836702,aot,54084717.30263158,
20838140,aot,56159456.53571428,gas-used mismatch for 0xe28f1be381d854dfa0e12b7e7904be0cf11e56cf8b1635ca79b83661a3ccf320: expected 189087 found 81786
20841179,aot,72233284.41025642,gas-used mismatch for 0x674f055a08462e5feedad9eb92cd806688305e243cbeaf9a2c5516b32cfbe2a3: expected 200903 found 81750
20841025,aot,47498856.368421055,
20837219,aot,50560039.46534654,
20840241,aot,93390442.15555556,gas-used mismatch for 0xd45478c6f5cab4df076ee1d6477a8dac877f8bcc7d61f21aaf002409a050a1bf: expected 421819 found 369352
20840119,aot,81035960.625,gas-used mismatch for 0x9a8f606197816824bbf74dafc087111d1c7e1f2db7b7ad59095e1fcc0ade6f1d: expected 380701 found 96683
20838578,aot,14421525.415730337,gas-used mismatch for 0x1c27ae50509ca35da22c91792dbc6fd8ca7160f62d5d862f7a2767eb7932ec26: expected 286900 found 247634
20836466,aot,117266728.34482759,
20837617,aot,47214501.358490564,
20837039,aot,39005273.39097744,
20841151,aot,61440902.655555554,
20841624,aot,53234638.04918033,
20841142,aot,71446966.4375,
20838349,aot,86501460.05454545,
20841935,aot,63983970.77941176,
20837138,aot,70316180.60273972,gas-used mismatch for 0x0d52334598575f06eb0c89d78054d1c5f847afbeb368b9f25b1446ddfb0250da: expected 430914 found 96914
20836951,aot,55400837.4,gas-used mismatch for 0x809061ae8698ac1e9fffd271e62261f5409c5e4a27ebc7785af26ea3263a7cbf: expected 875847 found 637432
20840435,aot,53589987.47169811,
20840979,aot,46842585.25,gas-used mismatch for 0xc8dd9485200e7ef73231b22246e112d36304b06b851fa9e0e09eafddf438fe96: expected 833717 found 907970
20839894,aot,82546005.47826087,gas-used mismatch for 0x20103dd3699f03769036e24aa9f54ea399dcec37c1499b8d7b715f02b556daa3: expected 164356 found 83660
20838016,aot,78375789.38235295,
20836712,aot,19523171.56140351,
20838977,aot,89426995.54285714,
20838009,aot,63638785.52941176,
20838144,aot,69650315.37704918,
20836469,aot,56367584.986666664,
20838555,aot,61687201.90410959,
20837992,aot,34878670.49206349,
20840470,aot,76068066.84507042,
20837867,aot,54459687.81481481,
20840385,aot,45855046.85217391,
20836652,aot,73036389.44705883,
20837975,aot,80602635.14666666,
20838572,aot,54313298.33802817,
20838566,aot,59576926.078947365,
20840381,aot,43233994.652542375,
20840122,aot,108962726.41071428,
20838195,aot,39970326.007246375,
20841530,aot,56814405.175,gas-used mismatch for 0x65f60946595fa2460d5572f89ed375f5783fd63a1c3dc9c00e92ff49aac6357b: expected 321677 found 95916
20838342,aot,73572437.1764706,
20838224,aot,54075427.87735849,
20838237,aot,83322530.01785715,
20836856,aot,61867132.54545455,
20840118,aot,33903427.56428572,
20838004,aot,38427771.7625,
20841180,aot,49146883.57777778,
20837040,aot,58790173.428571425,gas-used mismatch for 0xad92c25517ceef0caaf05fd12bf04f8bdb12cc1dd9cd5861df00f01d4391bab8: expected 297772 found 227735
20837318,aot,128783359.55555555,gas-used mismatch for 0xdab364de53f2b73356200117a9325b28c04d2236ec46cf3b85bf3f4dab46af15: expected 1329854 found 1271276
20840242,aot,52276674.1875,gas-used mismatch for 0x47f553b14fa60bef3b8166f3407a533edd1120ecd5c85efba2bb5d86f4ec6f78: expected 321384 found 278073
20841026,aot,49163156.916666664,
20837869,aot,61303102.09375,
20837220,aot,71381336.95238096,
20838141,aot,44168455.60769231,
20838601,aot,65146964.697674416,
20837618,aot,62297051.0625,gas-used mismatch for 0x5bb40950b4426040c98856bfbe03a9715eac46bec2dd23ffe872896a76788ed4: expected 360139 found 317138
20841936,aot,44497075.822916664,gas-used mismatch for 0xd5254e2f4400d0ff2bcb8a0a4544681fb80febce2d5f9aca80a6680a8c5e1d5d: expected 637357 found 97390
20840120,aot,48095794.20325203,
20838350,aot,92376369.35416667,
20836467,aot,67746725.34939758,
20840980,aot,36461145.44,gas-used mismatch for 0x924145afc52004f7f41cd5331cc1528015f392600b849f0071cb23342b30177b: expected 903130 found 551509
20838978,aot,57344894.549295776,gas-used mismatch for 0x4604af3646266aa51c6d47ae2c3ab39a7e679ceb0c8fbc570d8410cc57a830be: expected 383532 found 96890
20836713,aot,77944538.33928572,gas-used mismatch for 0x9ef96f0e2f9d498bd40627e71ef1799eaf7741535068b2088a1251207da2ba3d: expected 633282 found 638082
20839913,aot,54896455.058252424,gas-used mismatch for 0x9457cf4189ed0d9d5233dfc447ec70c16e53cafb1683fb41cac54c0eef7f752e: expected 168022 found 98232
20838579,aot,103535292.47619048,gas-used mismatch for 0x1ff370215a6f47037fe399654c508e4fe897ba8b26f0f7ed10d9975078e473b2: expected 266711 found 238391
20838010,aot,53702620.425,
20838017,aot,61093184.30120482,gas-used mismatch for 0x658a0e3e8f4e4e5da4c319e6027f4224436e76201a700b459254fc95207a0b1a: expected 408475 found 358960
20840436,aot,79618441.95588236,gas-used mismatch for 0x2e0fb198458e9ad4fda2f514fd0627f255f75b428e91e9df6e2167d10e2a859a: expected 144011 found 77452
20836952,aot,30474927.96276596,
20841152,aot,68913204.06666666,
20840471,aot,20313580.190243904,
20839895,aot,62822238.75510204,gas-used mismatch for 0xd38f44be2bf68ae46d1db0d8634f4a944aa0a9d242383b457566a7d277a0f321: expected 381641 found 418858
20841143,aot,107416117.62295082,
20836470,aot,46735624.973913044,
20837993,aot,67155522.0,gas-used mismatch for 0x152e1f45fd5835b3abb3290db8bc583cc5dab94c65f2fa144ecf0a7cf5fe183e: expected 365575 found 95880
20838556,aot,62627232.7,gas-used mismatch for 0x1a950069b059ce0b47383c47e0edf9a6b3ec1a7fcf17d6330721272da4b49812: expected 539252 found 104817
20837868,aot,48129709.78125,
20840123,aot,26272538.985507246,
20841203,aot,41209384.21052632,
20840386,aot,58046358.73255814,gas-used mismatch for 0xdf6d384c560d5502cf6cc2d465cda8fb2a68219db43ad816f5f5a22b16312061: expected 194874 found 185885
20837139,aot,70848659.1891892,
20838145,aot,33020624.6,
20838196,aot,56811510.4,
20838569,aot,86732253.97777778,
20837265,aot,84543558.97777778,gas-used mismatch for 0xcc393e409b9da736ac7c893db6db647da3c922b49a12148c9e47ae42179177f6: expected 192673 found 56592
20838225,aot,68374490.31746031,
20837976,aot,82549075.01470588,
20838573,aot,53633082.86792453,
20838238,aot,60244014.87951807,
20838567,aot,52748394.137931034,
20836653,aot,60236127.07272727,
20838005,aot,84453197.96428572,
20840243,aot,66894292.22857143,
20841191,aot,62505362.801724136,
20837319,aot,68980409.72941177,gas-used mismatch for 0x04cc043150baa444d5dae032b90d69474a477ddab7d58a3f97f007f74c62d3e5: expected 301885 found 244829
20838142,aot,56576402.38372093,
20837041,aot,105649869.83636364,
20841181,aot,75792291.42352942,
20840121,aot,72706434.71428572,gas-used mismatch for 0x221064500e1f4bd0e16824d2c67917af1501aa268856b9b3807a8ab71d947be4: expected 916953 found 987841
20836857,aot,66581636.56603774,
20837870,aot,61810192.795698926,
20837221,aot,74986652.0410959,gas-used mismatch for 0x43e2a1c8ca9c7817bad5d138b17f707981b963e025f1eb0954d1c88c60a42d7b: expected 344853 found 183475
20841027,aot,86231150.01470588,
20838602,aot,57530408.089108914,
20837619,aot,65024799.666666664,
20838150,aot,85926887.74,
20841937,aot,69878320.16,
20838018,aot,50820653.8117647,
20838011,aot,45986796.75471698,
20839896,aot,37998417.17475728,
20836714,aot,19420252.030201342,
20838979,aot,82048676.67605634,
20840981,aot,64950451.81318682,gas-used mismatch for 0x6939c1e030b1dbe2b1a2df1eeac5401ef8871b28404630657b97501aaa51a162: expected 425002 found 96902
20838580,aot,95913691.2413793,gas-used mismatch for 0x257070586ffe52a556d6d10edd94423a09978a01d210a17800277bd9e5289ebb: expected 324098 found 95868
20836953,aot,107337562.1875,
20841153,aot,62899708.54320987,
20840437,aot,48723328.32231405,gas-used mismatch for 0x48f50edfecd23f2faa66506c5ee2a01ff1b32bae694d2362aa1cb40d4445fc38: expected 401035 found 95868
20840472,aot,104508519.41666667,gas-used mismatch for 0xe09263a6d7a9576325bb8d0d7b8dd7314e57dc088b3c6a41af405ba939c62196: expected 422008 found 107242
20839914,aot,79781387.26315789,
20840124,aot,66934540.13333333,gas-used mismatch for 0x0b68315ad207befb959df8b82a2a6c289b5456430a82803e34037934594a97c6: expected 277745 found 153935
20838351,aot,60549394.52586207,
20838988,aot,55331881.82716049,
20838146,aot,70696590.3442623,gas-used mismatch for 0x19c2eccd39be015e06d230600cd9e7e86d63e25bdda9e9746aaea0cc51dac43c: expected 87894 found 36062
20837994,aot,43752171.66115703,
20838557,aot,84501038.13846155,
20840387,aot,59162833.82954545,gas-used mismatch for 0x860468bfe3f7a30e6427753ab7eaece6599e098a8fdaa931183617b99a6fa05c: expected 264601 found 242599
20841204,aot,55901353.03333333,
20840265,aot,99721684.81666666,
20836471,aot,57837831.36190476,
20837140,aot,61966167.43181818,gas-used mismatch for 0x44da2d287920414b392e782e5b21e35fe6b2a27472c80e534055f3cc3533f6bb: expected 277745 found 153935
20838006,aot,62256364.50909091,
20840253,aot,103786910.80434783,gas-used mismatch for 0xa2db68ceda1084714fec26e1b8dc4043e7d4c4ea23c0d554efe910649e208491: expected 443178 found 95868
20838239,aot,61491039.9,
20837977,aot,50211967.204301074,gas-used mismatch for 0xf1f2bb79e1d08e350b0c70060f6e82a7d5cbee0fae91715a3e860eb6d761ecd0: expected 875847 found 637432
20838574,aot,56971120.17894737,gas-used mismatch for 0x9b1c5ad828fd472b29921c44ecc13c16ad325663866e723145c7e77f8e4011be: expected 932537 found 442384
20838197,aot,45052430.421052635,
20838568,aot,28601057.72,
20840244,aot,42251462.66019417,gas-used mismatch for 0x55cb31f8c358bf6a03a194703e96426c1050bf38848fe11c3c529daa59303ac9: expected 355818 found 315801
20837406,aot,59206112.64285714,
20837266,aot,79289602.62650603,gas-used mismatch for 0x00eaa7b901784a1f3b2c8281900bf740853b19f531b3679cad63af0b986dda78: expected 360103 found 317102
20836654,aot,47565726.87068965,
20837320,aot,40501974.867256634,
20838570,aot,83894319.05813953,
20837871,aot,45807465.0625,
20838143,aot,65576981.44736842,
20841182,aot,70356330.07692307,
20836858,aot,51632206.67058823,
20837222,aot,42579505.616,
20837620,aot,35860584.86029412,
20841192,aot,35562630.88636363,
20838012,aot,54966207.93150685,
20838151,aot,52783058.305263154,gas-used mismatch for 0x6476fb7b88f78832730361a727b0b958b05499422b5a9852c3a613361b508e86: expected 122778 found 65900
20841028,aot,64152610.483516484,gas-used mismatch for 0xb798302581e96ec7f3d9200d434def78a9783036a75987cdfcb46329eae48d00: expected 266615 found 238295
20841154,aot,57375001.74545454,
20841938,aot,23387143.72244898,
20838581,aot,45065410.46315789,
20838019,aot,62600857.941176474,gas-used mismatch for 0x4853f8ed433c2719f24362d38f92f022644b2408109af805daa9b526e575a372: expected 542937 found 531149
20838603,aot,53974390.35454545,
20837042,aot,39314217.73224044,
20838352,aot,42102741.21,
20840982,aot,88355513.39622642,
20838558,aot,58416150.8490566,
20836715,aot,84378999.1764706,
20839915,aot,96372935.80392157,
20836954,aot,71643318.38157895,gas-used mismatch for 0xdcc0ae80289a6a9a981b1f03cfba748b4684b270c273d762f6064b2c4f8e17b4: expected 253951 found 209785
20838147,aot,49227563.427083336,
20840266,aot,66223572.53333333,gas-used mismatch for 0x32d8515489493e63a1008b56ba32b5ed476b63055f0aa1a095ebb9cb27b1ba67: expected 348019 found 121260
20840388,aot,55356357.81333333,
20838980,aot,66786249.7368421,
20836515,aot,38663595.87581699,
20838989,aot,46784579.94214876,gas-used mismatch for 0x48a8765612f280af762666443ebf87955c6c3125c1b671ad927058c1dc1df06f: expected 277733 found 153923
20840438,aot,47362273.60902256,
20836472,aot,48423941.010416664,
20837995,aot,72881719.8030303,
20840254,aot,71187996.28333333,gas-used mismatch for 0x82d562e795e05f0b532ccab0e18a31819d0003023b22a33341925c220f20877b: expected 328432 found 95880
20839897,aot,128052589.07272728,
20838007,aot,64740849.97183099,gas-used mismatch for 0xd66cdfa3a23d8bf3f06d445dde2cdeaa0d3d6095e23c8d2fe42492528e150687: expected 384162 found 95880
20838198,aot,31465847.72072072,
20837978,aot,44711080.09,
20837141,aot,52295623.19,
20838575,aot,41892363.75238095,
20838240,aot,65676329.776315786,gas-used mismatch for 0x808950bfdd834aedeb088651525294359efc9bcfe7d9c21bfc9ecebbf8b7866e: expected 252883 found 238230
20837407,aot,34222843.396825396,
20841205,aot,42543683.51923077,
20840473,aot,69801721.05084746,
20838571,aot,58279456.17142857,gas-used mismatch for 0x037e95f69d78c7036ee6e9e160457348c945c9885fbd45018c565c7d12b9f526: expected 373395 found 314405
20840394,aot,35173653.72847682,
20837267,aot,41836049.55,
20840245,aot,65524644.55681818,
20841183,aot,56614993.469879515,
20836859,aot,72053100.08196722,
20836655,aot,53660033.263636366,
20837321,aot,86992449.98275863,
20837872,aot,56802140.57954545,
20838576,aot,65866265.49333333,
20841155,aot,46901398.78888889,
20837621,aot,54754174.63333333,
20838152,aot,77015619.68852459,
20841029,aot,81182681.19672132,
20838020,aot,56308060.6,
20838604,aot,68909471.85714285,gas-used mismatch for 0x7b9f86e4d7dc90f0b6af975b2242bd1bd5821eed6137c506315f64a2665c770c: expected 291476 found 238259
20841939,aot,114225500.3,gas-used mismatch for 0xb8175badf9ea9e6148a62cf896cda176e6cd66c3e73d6d2c1d99f68206f2a42f: expected 574699 found 98921
20838353,aot,47741027.222222224,
20838559,aot,45099140.06315789,gas-used mismatch for 0xdc60992ae391d993870e06eecf92f93be34a9d2c2afb68e7d0bafdc7c49e00c2: expected 336502 found 293235
20841193,aot,95807564.96551724,
20839916,aot,1160477.9912561935,
20836955,aot,36178693.116504855,
20840267,aot,38019579.55339806,
20837223,aot,74416858.85416667,
20836516,aot,40399024.6,gas-used mismatch for 0xb2185133b1dbc23adc403249cb5384ae64b948611924667d7a067adf25347121: expected 1012147 found 1126484
20837979,aot,35160966.8021978,
20838013,aot,83844951.43956044,
20838582,aot,56998218.134920634,gas-used mismatch for 0xab471cc48e8c2b2043ab0b4282c8e022d7d57267c1ea79c173851b01426f43f5: expected 268014 found 214789
20837142,aot,53705953.10606061,
20840255,aot,42897374.53773585,gas-used mismatch for 0xa2fff5ce32a0b71b41478057dcef6256db95300a9f68ad42b712b69134eff3bb: expected 405218 found 134234
20838008,aot,70136610.3968254,
20838148,aot,94285206.64705883,
20838981,aot,17942635.58471761,
20840439,aot,50119586.29,
20840983,aot,114215711.125,
20837043,aot,123602896.03773585,gas-used mismatch for 0x2d2a582e44c5660e92d30adaaba54e5d980b80e795676f7cf0bb7c6f8c4915eb: expected 875871 found 637456
20836716,aot,43645655.05517241,gas-used mismatch for 0xfa0f51c017ac75988e5fd7b637392d563c8ea4243d484208749d42d90b625b17: expected 294787 found 205167
20838990,aot,73013130.4520548,
20840389,aot,16679579.874358974,
20836726,aot,41946630.7027027,gas-used mismatch for 0xb533f12cb9f6624441f192dd89c328c7b5090abec98afb414308d39006091ff9: expected 255392 found 240534
20837996,aot,66652141.686746985,
20836473,aot,24381359.65432099,
20840395,aot,54063307.921052635,
20837408,aot,91656427.80392157,gas-used mismatch for 0xbf4cafe35833b91b4c11be9dff09567017cec7a7271a62fb0e428508a383c8e0: expected 585475 found 400662
20839898,aot,47208182.93333333,
20838199,aot,49076778.854961835,
20838241,aot,50227830.982300885,
20837268,aot,49248530.461538464,
20841206,aot,42642565.112,
20837873,aot,45835392.57333333,
20838200,aot,67168465.45454545,gas-used mismatch for 0x540a02dd1712b1aa3139ba63e0b63dfd474d3d468ff3d449e69f6bb3d1fe401c: expected 349045 found 360343
20837322,aot,47927204.75268817,
20840474,aot,67661359.95604396,
20839925,aot,47741777.17557252,
20838577,aot,48421312.25510204,
20836860,aot,30095672.61142857,
20838153,aot,38177708.99236641,
20840441,aot,32849341.9125,
20838021,aot,74991070.75,gas-used mismatch for 0x58db171deddc6c43909695e96769b97d9ec2b58873c6c1cb4f92533d5b415f60: expected 601420 found 104841
20841184,aot,68290153.66666667,
20840246,aot,94174705.96,
20841940,aot,55240941.81318682,
20839917,aot,114646520.91428572,gas-used mismatch for 0x7d9958cf04fbf693b9fb0b39db77dba5d10586b14502b4bae863439891008ce3: expected 254253 found 194166
20838605,aot,72088241.11267605,
20838354,aot,61946106.875,
20837622,aot,66922225.35164835,
20837224,aot,46413210.08163265,
20841194,aot,50233120.45454545,
20841030,aot,59329874.657142855,
20838560,aot,34227397.01764706,
20840268,aot,25522933.386266094,
20837044,aot,33873759.32,gas-used mismatch for 0x9433aa4bbe91ef7591e9f4d5ef1a014baff715257598db6bf3eb754bb0895f96: expected 705170 found 125787
20837980,aot,37633372.27972028,
20838014,aot,60475555.125,
20837143,aot,66814290.56164384,
20840440,aot,65416531.49315068,gas-used mismatch for 0x642c6176e50e39f9702eb1c4c98bbca0091eeee682c83ef4b5853a7f986f687f: expected 192673 found 56592
20840256,aot,76085911.98412699,gas-used mismatch for 0xb045abc6710176e885f05283e8f7d54f4bc9cc09af3ec3f1ef90891a60ee7caf: expected 647116 found 428902
20838149,aot,44401993.21238938,gas-used mismatch for 0x3571156163e97e86408489d56ed25f7852141a67742d2c2e5a96f872b588b8e9: expected 204516 found 82074
20838991,aot,42687180.62962963,
20836517,aot,94938008.25,
20838982,aot,138664008.6451613,gas-used mismatch for 0x779171848fcd634a054b7360eac3a1df1db7994500ce19fc7059d4874c7f171c: expected 866298 found 105546
20836717,aot,96203867.83333333,
20836956,aot,77628239.23076923,gas-used mismatch for 0x400224745bd2552bdc56ff5395774f1f1da8008adccfe7297f434a76024faf9d: expected 793883 found 555468
20840390,aot,61499231.32394366,
20837997,aot,83105367.50980392,
20836727,aot,77706329.22950819,gas-used mismatch for 0xdeefdc7fe8601c4554dd1fffa0d8aa94e3360321c8219426533acf7eb23d5b59: expected 270126 found 238121
20840984,aot,74144535.0263158,
20838201,aot,73409925.8375,
20838583,aot,30998777.286363635,
20837269,aot,51735470.3875,
20839919,aot,72708742.50980392,
20837409,aot,57251019.74725275,
20837874,aot,63931023.06849315,
20837323,aot,50563201.166666664,
20836474,aot,108485025.39285715,gas-used mismatch for 0xe154bebd42e60bf1d395865abc6e4dcdea2c74b9e46b61fed297a1198d7dec41: expected 617886 found 318271
20840991,aot,62153024.697674416,
20838242,aot,54725961.53465346,
20839899,aot,53120211.60176991,gas-used mismatch for 0x4abde4a2496c1397073e4c390e952f55a5f6c756e9251483b0b937b7d8f93f59: expected 816784 found 105546
20840396,aot,70580904.16666667,
20841207,aot,89824049.1076923,
20839926,aot,58389130.2962963,
20840442,aot,59187121.578947365,gas-used mismatch for 0x79b40576b3a41e263bd20ae91603482f8a48db88150c9bb005ab8cb03958c467: expected 277745 found 153935
20840475,aot,95576339.5862069,gas-used mismatch for 0xf38f4d72fa103dd5bf2dce5633bf9415f9f32219b9b9fbc3b3acf2a20a8e0f09: expected 249032 found 196264
20839918,aot,37942975.89189189,
20838022,aot,54436150.81395349,
20836861,aot,63071801.47674418,
20840247,aot,57094767.7037037,gas-used mismatch for 0x95300624dfa4a109bfdcfad5338e72ba74af46137ac077bbc82a4bf52d1c50e7: expected 255451 found 238601
20841941,aot,64969281.461538464,
20838606,aot,64293335.06060606,
20841185,aot,85086466.8852459,gas-used mismatch for 0x07c543ae5b02b53b54b4ba05038ebfea265f174188cfd0843813a856f1dfb1e8: expected 385139 found 317138
20837623,aot,39513922.09259259,
20838154,aot,100047127.91666667,gas-used mismatch for 0x9888cfbb67605dc6d7e542c636fc15b85ee11192b1633b82dbe82bbe18b56c0c: expected 136744 found 36501
20836491,aot,77920555.22058824,
20837225,aot,48028844.37,
20837981,aot,63509289.28333333,
20841195,aot,22771830.508849557,
20838983,aot,76165530.97777778,gas-used mismatch for 0x2290a9ea8459dd9f92417520ab9b5c107072275bbcd93e60dc6d12b4d1ba63bb: expected 396066 found 331506
20841031,aot,71626927.12307692,gas-used mismatch for 0x970877efacba57182b50e7e0986778789d550c9bbc014d1bb6aec38653244e0a: expected 374699 found 104825
20836518,aot,12870800.850694444,
20840269,aot,113345565.73684211,gas-used mismatch for 0xe55300045e92e4f39cbab25767fb50d3214124c33379cf90832109bb6427ae98: expected 864109 found 427983
20838561,aot,32942976.149068322,
20838000,aot,54193564.64788733,
20838355,aot,66059617.1368421,
20837045,aot,55650900.2,
20837998,aot,74939229.19607843,
20838992,aot,45636106.02040816,
20838202,aot,38713618.54736842,gas-used mismatch for 0x19c207c10fa867c7ff3c3c09ac3c6cf04af9ae4927fd908938d53db92a76b676: expected 426830 found 96697
20836728,aot,46135972.26744186,
20837144,aot,57151677.75268817,
20840257,aot,47532346.708333336,
20840447,aot,66547659.48235294,
20836718,aot,60337128.92473118,gas-used mismatch for 0x69da9a0728a568ffb802e8a4b6a9cb0f2d7e5879c48410e473d8d47ee86af430: expected 445755 found 95880
20837270,aot,25346380.11235955,
20838584,aot,95657777.72916667,gas-used mismatch for 0x7a7c9fdc1a668a29390970fb4fd0c6b391e6bca22aab09d86a1206b93b3175a3: expected 295005 found 238289
20836957,aot,104956207.7735849,
20839922,aot,76582939.94,
20840397,aot,78253044.02173913,gas-used mismatch for 0xf5ed015e26fb06d54c3fe95d096a00989b0d3431e99ce369af2dcf3b9cd0d403: expected 282533 found 153923
20840391,aot,85618137.01333334,
20840985,aot,54222526.949152544,
20840250,aot,62619251.70731708,
20839927,aot,53064318.9125,
20839920,aot,51215756.88617886,
20840992,aot,53686996.018867925,gas-used mismatch for 0xb6b34db300c22f56d99ba189ad950fe55ca86de0ea2eb169fcab0abc18fd2255: expected 277745 found 153935
20839900,aot,96513480.71428572,
20837410,aot,84704984.41333333,
20836475,aot,62176374.45918367,
20841208,aot,38887257.02857143,
20837324,aot,49574595.55384615,
20838243,aot,33598212.904255316,
20840476,aot,34353139.348148145,
20840443,aot,32976650.869863015,gas-used mismatch for 0xb73a61031daf930e3d471abf486b78ec6152d8358ab41f15400e250e838808d4: expected 250830 found 175590
20839921,aot,53319491.39534884,
20840248,aot,83000853.56,
20838023,aot,35257826.14492754,
20841942,aot,43667270.90677966,gas-used mismatch for 0x1965be5f10664b95042630381b19f6e31e65ff7527a046b6c45e321f0faf8f35: expected 790711 found 128176
20841186,aot,37779290.67391305,
20837624,aot,61549700.72289157,gas-used mismatch for 0xe7b108ab722a3918f626947dd75c3191f4cf74f51942868ac7582db9af57b07b: expected 593520 found 119874
20837226,aot,70608084.5862069,gas-used mismatch for 0xb8984942b4a58f8138015f0bde923749ce95cfe0b00d0bea0f5a328567acf9f6: expected 322875 found 282791
20838155,aot,19520311.875968993,
20838993,aot,56218280.54716981,gas-used mismatch for 0xc43c2a15454441b1b998bbc1c64477b4b8cabeb5f646791ee9e79d492b01cea1: expected 1426614 found 1078213
20837982,aot,63181362.558823526,
20841196,aot,93309485.97674419,
20837046,aot,74905543.23529412,gas-used mismatch for 0x0546fd17b86c8e8bfab2a5e91a9f2b57d623412aed2f43ff583408632626aebe: expected 189099 found 81798
20836862,aot,63689371.443396226,
20836492,aot,67894890.74358974,
20836519,aot,105921391.82222222,gas-used mismatch for 0x785b92008943585cc510baefcf592fb1d2168fa52c2c593f94d3bc371fbf340b: expected 1470432 found 484194
20840270,aot,77259713.21538462,
20841032,aot,76385507.86363636,
20838607,aot,55528817.333333336,gas-used mismatch for 0x281d53aa6e5b2ba4a5cd416a002f3bf3ee94522ed0abfb140ae0b43e673750c9: expected 294993 found 238277
20840444,aot,95586793.16,
20838984,aot,51135557.1300813,gas-used mismatch for 0x7559c67adc4507b061e6d1a60a3a89446e95009236099b154b88e8158be21cf2: expected 469681 found 97122
20838562,aot,112118100.11764705,gas-used mismatch for 0x40dfe2bda6405501cb6318957902d48b2e237afcea0dedc74e4c1cae70e25532: expected 587643 found 442895
20838001,aot,22232936.697841726,
20840258,aot,66367055.307692304,gas-used mismatch for 0x4e15f45b71a22502f69fe79ff01a288bae24c37486f9571b46e13952f25b070f: expected 821536 found 428736
20838356,aot,59397786.54081633,
20836729,aot,47081818.16521739,
20837145,aot,61197923.59090909,gas-used mismatch for 0xb071610de89d05c99dc4be65a8afa460c31a1e564409da821806a712aa2f9afb: expected 407902 found 96902
20836719,aot,65252152.59210526,
20836958,aot,24375461.975369457,
20839923,aot,38325915.65853658,
20840448,aot,27321772.443349753,
20840392,aot,46990889.19318182,
20836476,aot,46172754.484848484,
20837999,aot,47124005.64596273,
20841953,aot,58413055.872727275,
20840986,aot,61547928.915662654,
20840398,aot,45989359.253968254,
20838585,aot,66756539.41052631,
20840993,aot,88263141.27083333,gas-used mismatch for 0x72daec2d5a70a44851534fef3b3d1dfe4cf8705e70bbe70b9390e47b7753d9a6: expected 667957 found 371498
20837271,aot,40873132.73913044,
20836984,aot,50806252.49462365,
20840477,aot,75362808.77083333,gas-used mismatch for 0x72ee3f7c49dfd3e0c121dddd16a2bc8414e1bff08b5cce6622d79b2ab7a089fd: expected 583049 found 102967
20840251,aot,56975533.38,gas-used mismatch for 0x822891cc023128c811c78ab2b945e78e4171b621c074cc163a1e1f9fa370a6ed: expected 291230 found 251270
20837325,aot,60981910.0,gas-used mismatch for 0x0d11cedcbfd6a736753ca4ddb250f09b2b7c071eb1ee9079a45986bb4a69ef86: expected 483638 found 398399
20839901,aot,50879470.62376238,
20841976,aot,89613924.35849057,
20840249,aot,68670227.94520548,gas-used mismatch for 0x14cb674840122d62b46568298cc4386ab4639dd1a4ff92ea2d0e50a69de9d136: expected 207710 found 82074
20838244,aot,72724004.60526316,gas-used mismatch for 0x7a258399ef90c6bf3bf9367df65b3d5738a5fb2246563ab03dab6eeb14c52d26: expected 252895 found 238242
20841187,aot,39792243.52380952,
20841197,aot,44398969.8372093,gas-used mismatch for 0x24d07e803645edede6dc686487d2ce75896114e0b99b715f34037d4c17ccd327: expected 323868 found 289610
20837227,aot,48179415.755555555,
20837047,aot,46722858.938271604,gas-used mismatch for 0xf2624fe95cd4cd2826930546d44d8fd30fd09f980497e72ed84f221fc1f1aa30: expected 287159 found 239823
20837983,aot,63303312.93333333,
20839928,aot,101845564.93150684,gas-used mismatch for 0x5e03ace2158eed28df77e7e71c06b66ac80521e283607272fdf533a4cafbaf8f: expected 152832 found 85502
20838024,aot,90095189.3,
20841943,aot,90875834.38181818,gas-used mismatch for 0x2f2ab671521557392159d51327b86a334f8bf5dba8a5c27886619e2d185d0daa: expected 703559 found 330998
20841209,aot,68841749.55445544,
20837411,aot,65482393.25663717,
20836520,aot,68634026.2413793,
20838608,aot,55315389.76712329,
20836493,aot,26249269.315789472,
20838994,aot,68108571.29411764,
20837625,aot,51173632.69166667,
20840450,aot,68732866.4090909,gas-used mismatch for 0x6371c49e5bb43a57ef7aa7c6db629a8911addc501dcc3cbb66dc2095b5770e3b: expected 207973 found 241400
20841033,aot,50708417.68,
20840271,aot,69630314.38157895,
20840445,aot,84687966.69090909,
20837146,aot,37785695.722222224,gas-used mismatch for 0xc0c2d9374d18e58339c7aea15a1199fa7559c73c5a93098c274a6184b59247ce: expected 352724 found 269638
20836863,aot,59504183.18181818,
20838002,aot,54158917.395604394,
20838985,aot,60398743.26506024,
20838563,aot,89438353.69090909,gas-used mismatch for 0x1773680f84202b4884960c3466fbae33a1590c7807124dbd6a2b65e80c271c1e: expected 375476 found 95892
20836730,aot,26542426.55,
20840449,aot,89843866.58695652,gas-used mismatch for 0x2942ca33b0f186d20219d8be90ee76239eb92c40d2d1eadfa5fc37593e382bc6: expected 127917 found 56972
20839924,aot,61194223.80821918,
20836959,aot,113955358.86046511,gas-used mismatch for 0xb4d214306430866777e407ea89aca6e81c6cf2f2fd7553763c1db8949d70bc7a: expected 363956 found 95868
20840393,aot,59637369.55,
20838247,aot,52380430.81818182,
20836720,aot,38627212.986928105,
20840987,aot,63779165.18461538,gas-used mismatch for 0x3827fc295ea6d51637e0ebc3d34408e5f3c18da7834b704e89630e4660b65628: expected 255308 found 240450
20837326,aot,60017757.18181818,gas-used mismatch for 0xdd44a30e1c35644304743bbc641caa2ca47d0f3b9132e017b2b1ae8dcd185e2b: expected 426830 found 96697
20838357,aot,104677360.31428571,
20836985,aot,62212859.693333335,
20838586,aot,62462338.4375,gas-used mismatch for 0x755ac91e3901bcfb2eba9b14e3d4ee662f55f63b2605fd232514be844024855d: expected 344213 found 95868
20840259,aot,76520043.20792079,gas-used mismatch for 0x366a0f5e98e7f8e5259416cf5da1c82bec7ad7d6432aa137f56bb16353487285: expected 572882 found 117661
20840478,aot,62752593.328947365,
20840994,aot,40429673.81203008,
20840399,aot,65817393.77647059,
20841954,aot,58076420.86,gas-used mismatch for 0x80edf4993dbd9bfdbe081ddefe9bc88938c04a4df3fcf06cc23d0847445d341c: expected 336458 found 95868
20837272,aot,59849212.086021505,
20840252,aot,68960755.55263157,gas-used mismatch for 0x5c95bf8deefe441979eec46ed472c3e4ad9a94121b21564823a1e19bf6cef155: expected 722163 found 477408
20841977,aot,72876915.7,gas-used mismatch for 0xbe77ecca8a3c40be44d0ccbaad16659996d51a7e26be389c873da68345706c3b: expected 646417 found 117219
20836477,aot,69860285.33980583,gas-used mismatch for 0xe76d776725594267ece96d105f1d3bcb90f69cd9af294ee443a69e5579174429: expected 663043 found 631815
20836503,aot,55975125.23529412,
20841188,aot,43608501.39655172,gas-used mismatch for 0xe66301243f4885cb179dbc647a4e7ebe2f3f4c538e1a78a00140154eb259fe4f: expected 324110 found 95880
20839902,aot,79476652.4691358,gas-used mismatch for 0xd8ddb73d05ad53edb7d82309bd068776fc76feea249494f32dd04f5bd1c7c383: expected 238660 found 188908
20839929,aot,71495853.52307692,gas-used mismatch for 0x56415f6dda85917838d91fbc925b175f058a83890592a2124c6560f352317b90: expected 168022 found 98232
20836521,aot,36483009.0990991,
20841198,aot,51963677.98058253,gas-used mismatch for 0x1b7b706e4c1ee4a153a786c6880dc344d70ffb2500a0b9cfd06233170d470f28: expected 354509 found 98969
20838609,aot,100757654.55263157,gas-used mismatch for 0x7b900595bc95902f82a2d5a747ddb0ba16ddbfa24ab46be6ad131ac9194c70f4: expected 274616 found 238499
20838025,aot,68285217.70588236,
20841944,aot,54712367.94444445,
20837228,aot,61059149.22727273,
20837412,aot,44872339.65048543,gas-used mismatch for 0xf1988ef20ca852057b5fbc537098f04a89a23229aabaf556bc45e389bc148575: expected 277745 found 153935
20841210,aot,53337294.930232555,
20838245,aot,57718893.43396226,
20838995,aot,47240731.31395349,gas-used mismatch for 0x131879d56dd226ee5a09152ce8bcd6bec8b47423f931cc9c880509e0ae8318c4: expected 586455 found 119856
20837626,aot,34081398.21052632,
20836494,aot,107482190.48780487,gas-used mismatch for 0x4c4605441a4635a8580be685aa193cee1f9cbaff7936432419d7b37da3783829: expected 185334 found 107304
20837048,aot,60298093.666666664,
20837984,aot,52879076.8515625,
20838986,aot,42770154.21052632,
20840272,aot,74461967.59016393,
20840451,aot,60297841.844444446,
20838564,aot,81747342.58139534,
20836864,aot,33826090.933823526,
20840446,aot,88618472.49056605,
20841947,aot,37529905.65034965,
20840260,aot,36582466.02739726,gas-used mismatch for 0x3ed18ef69b6bae485d4c46da69b4f753d71b971cff188fc97653cda79cccf2e0: expected 214576 found 144540
20838358,aot,31631615.214285713,gas-used mismatch for 0x363b7c53a4959fec8e9784eae80a9b1fc079d621ccbd44651527ff160406b8f3: expected 563792 found 104865
20836538,aot,70847745.60294117,
20841034,aot,68508365.70526315,
20837147,aot,54050373.30909091,
20836960,aot,45445450.16949152,
20838248,aot,24170493.0,
20836731,aot,77934288.51515152,gas-used mismatch for 0x30de401ebf748a95433e92b679e451ad6a01242bf271022db60ca312e8e23bed: expected 368925 found 99005
20840479,aot,57674215.672413796,gas-used mismatch for 0x6d617b8c2525dad1246352a9561986de8cbedb1e5300e3231437d2614e69c9f9: expected 277745 found 153935
20840488,aot,43749282.47328244,
20837327,aot,95115672.28947368,
20839931,aot,115280944.97674419,
20841955,aot,56767614.353846155,
20836986,aot,72374726.73770492,
20836721,aot,43864985.22881356,
20837273,aot,99246589.25,gas-used mismatch for 0xc5d0373d115456a42dbdcfd70d83094abd5f0dbe44490c24e0f2f0c030b0f2c7: expected 912059 found 668844
20840988,aot,62555563.166666664,gas-used mismatch for 0xd502bc2f38daf5c51e3a35069bb2bf72e21907bbdda173ce062ff98325ac9e1c: expected 545831 found 524933
20838587,aot,30006441.5,gas-used mismatch for 0xa88611499b0e958494fcf717d2a7e7ebd2b0f6451c4cf7e58dac4a1e46485d8c: expected 127917 found 56972
20841978,aot,44599197.37755102,
20840995,aot,51777104.57,
20839903,aot,3768544.5962924818,
20841950,aot,83916877.8852459,gas-used mismatch for 0x48be363d3ddb30a7f0ccc561e9634a957fa18a8e7ebc90a734490ac63c5d0d14: expected 380713 found 95880
20836504,aot,46352046.94623656,
20840400,aot,56097082.846938774,
20841945,aot,56246565.378787875,
20838610,aot,44824357.8,
20836478,aot,64751525.14772727,
20839930,aot,28403997.227272727,
20841189,aot,60079205.8,
20838026,aot,59899832.654320985,
20841199,aot,37954103.4,
20836522,aot,92441670.5862069,
20837413,aot,61047970.6627907,
20837049,aot,51384212.2345679,gas-used mismatch for 0xb2611fb9c28d23f8382d108f6e00a479ee2b30ed5dc457079910c71ba0b1d295: expected 222187 found 212147
20837229,aot,29411219.952631578,
20838996,aot,48490783.18518519,
20840452,aot,49172737.66197183,
20840273,aot,49909630.0,
20838246,aot,63256316.36363637,
20841211,aot,108361781.16666667,
20837985,aot,55820583.8,
20841948,aot,86281589.24390244,gas-used mismatch for 0xcc5268bdc3ad15d34c741e7194d75251aae1ca6054af8dfb86f24d29919e97e6: expected 422110 found 172489
20838987,aot,70818779.46575342,
20838359,aot,64186180.163934425,
20836495,aot,81803950.9375,
20837359,aot,102988232.13207547,gas-used mismatch for 0x8ad8282b0ad9cc852cfb0a4b47273feeb9f60c275d3df6a228559d232b7c6e1d: expected 907247 found 668832
20838565,aot,52590806.027777776,gas-used mismatch for 0x6f9be3deb3c44cb24b5f026a42de925b61613d3a413c96fb4d4991303fe01d8f: expected 971243 found 636804
20837627,aot,106761002.8923077,gas-used mismatch for 0x063b68511571e5bddf8793e2811330032dfdd0a9d9caf3f157f7475d4fccf647: expected 277745 found 153935
20841956,aot,79857043.5,gas-used mismatch for 0x9f5e290d1b2d86720307fca8fe2f7246d0cd4c67e8d4ff08e3f68459c6b22cda: expected 973574 found 124876
20836865,aot,57245504.11,
20840261,aot,58313702.8,
20840480,aot,66275453.27868853,gas-used mismatch for 0xc944458eb334cdb7c0fbc949a8bcd9ab57be571fd907496a26a772ba7b1737d5: expected 375464 found 95880
20838249,aot,73828183.06896552,
20837148,aot,43387457.96031746,
20839932,aot,47717532.466019414,
20837328,aot,67947947.51428571,
20838588,aot,77863584.47058824,gas-used mismatch for 0xd4377d309c381be74ab0f18560d7532fa551f3c82e09731fd08befabdd25912e: expected 254372 found 248016
20841035,aot,88214681.3235294,gas-used mismatch for 0xc9e27118c7528e73681a0c6b9524ca020776f010a1308264497b1b664264e31c: expected 152867 found 85518
20836987,aot,68008141.84615384,
20836961,aot,78824860.83561644,
20840989,aot,59840663.373333335,
20837274,aot,64717185.807692304,gas-used mismatch for 0x2f5d159ed2f6547852d083ede17153dd3929fdb83efbc4751b511e3d06225e73: expected 439495 found 379070
20836732,aot,53798177.182608694,
20841979,aot,73404047.43103448,
20836539,aot,65333245.27272727,
20836479,aot,35858557.6122449,gas-used mismatch for 0xc4ed49b9500f4f7d668c67bc31bb9cabc5b0753cddf9aff8beea628ddecfa707: expected 382248 found 96885
20841951,aot,45629560.09,gas-used mismatch for 0xf1f80730a231a73b1b4f391f5aee3f2786d7c00e60344ac42b75efd7f3bd9915: expected 292045 found 98981
20840489,aot,95694911.14285715,
20840996,aot,28253022.202127658,
20838027,aot,47532943.17460317,
20840401,aot,21992537.515151516,
20838611,aot,57910112.473684214,
20839904,aot,115708158.20833333,gas-used mismatch for 0xdc3011e273a65b903da8194288f59213164a8507295b0157fa0eed67ad743b3f: expected 253960 found 193912
20841190,aot,32582312.53125,gas-used mismatch for 0x646e8c5c4c5a657550c35694837d4eb9af811b7741dcb8792c80e14d061bd208: expected 345532 found 95880
20836722,aot,118114756.59016393,gas-used mismatch for 0x8e0d7234845196de19799687fca033474fa87eb08642ee6d3c56e78b8726cf95: expected 529529 found 104817
20841946,aot,100905249.56363636,gas-used mismatch for 0x082510583e0eb96cf46487434f7d539548b91b8e1619c9f21922510b25673580: expected 648999 found 101562
20837050,aot,41260891.48695652,gas-used mismatch for 0xa6903457d6d35816ad4f95697646d28c0d9c28da098e0c25a13591526901579f: expected 135832 found 49659
20836738,aot,71053690.68421052,
20836505,aot,96369366.67605634,
20837335,aot,48030966.125,
20841949,aot,47714352.053333335,
20836523,aot,36428749.733333334,
20841200,aot,36796936.551515155,
20841212,aot,61273375.179487176,
20838997,aot,76305784.18421052,gas-used mismatch for 0xabe1a4dde435a9437e03680a6bb3348814d47b7167f49316810478f8126d7d64: expected 844755 found 105546
20836509,aot,55394097.67213115,
20837986,aot,42980254.89814815,
20837414,aot,85716483.45714286,
20840262,aot,58472329.66990291,
20840481,aot,53430835.14285714,
20837230,aot,81759375.30666667,
20837628,aot,36348934.88721804,
20838589,aot,47432365.541666664,
20840274,aot,101980365.89705883,
20837329,aot,51421565.0,
20839933,aot,70817318.06557377,gas-used mismatch for 0x17de7dd62b615d02cf1ef25c7871ff4761b949e71faa4fc8caa307975ada26f4: expected 394567 found 220581
20837171,aot,88101456.14285715,gas-used mismatch for 0xb2465bc3e332c349ca887f9a86bd003f781fb2f7a792c974b5afd5805161da0d: expected 907259 found 668844
20836496,aot,63854978.67032967,
20841036,aot,69764019.33962265,
20837360,aot,39837022.71333333,
20841201,aot,82679919.18867925,
20838360,aot,63695599.80612245,
20837149,aot,77203686.20754717,
20836540,aot,50233736.448275864,
20836866,aot,57246232.39814815,gas-used mismatch for 0xda5ecb0769137fc9ab8c0b2c834415feb4c1fdf7104a6df81764b4578e8c52f6: expected 329806 found 289745
20841957,aot,61621454.20754717,
20836988,aot,56014845.91578947,
20841980,aot,60128625.09210526,
20836962,aot,68427560.25,
20836723,aot,45023816.768115945,gas-used mismatch for 0x7832bd69cae445a8a0b9ba4fe99cf4e9c5b2e7416b27e3709722096d1723e865: expected 951730 found 825724
20840990,aot,55469734.01904762,
20836480,aot,39026641.5390625,
20838028,aot,23270049.48275862,
20840402,aot,72594586.60344827,
20836733,aot,924134.0370970116,
20841952,aot,80275406.95384616,
20837275,aot,50742283.73170732,gas-used mismatch for 0x80546e72df6af3792e8945655ab38915926cc937e8fa9a60b787b15b5216be42: expected 560771 found 375031
20840490,aot,59246809.21590909,
20839934,aot,56547511.45205479,gas-used mismatch for 0x6f94efe6cf85cf50cbdaeaa3f506edf51b0e7d6881228f5b516b77ffc42e891d: expected 277745 found 153935
20838612,aot,50207928.74285714,
20837336,aot,32875737.727272727,
20837051,aot,56987839.5882353,gas-used mismatch for 0x8aba76d5d799e908ffe3b1f0fea03e3385052d13fceca6e6ac9333d02c28c6bc: expected 880647 found 637432
20836735,aot,39687270.25165563,gas-used mismatch for 0xb55cf7b6a7b4ef9d1e8eb14671c363fe4c3dcaed848a18e2f2d3dc17625b28a7: expected 426202 found 96763
20836739,aot,43763286.74489796,
20836972,aot,48639087.277777776,gas-used mismatch for 0xe7748848ec6b3cf2c536ee038d9faeecb54331f6948d9f083d98b34228532c3e: expected 368925 found 99005
20840997,aot,96581016.47142857,
20836506,aot,50393914.416666664,
20841964,aot,55214658.56410257,
20839905,aot,82532998.60240965,
20841213,aot,21171706.860576924,
20840288,aot,77737368.16176471,gas-used mismatch for 0x59640df5d9ca54689996a1844a3fd44d8843d45f36f3cef98cf91b2be721fb49: expected 390944 found 121272
20837987,aot,52579242.35483871,
20840482,aot,48188431.51136363,
20836524,aot,60862375.204301074,
20838998,aot,123044963.65853658,
20837415,aot,61191270.22352941,
20840263,aot,81534771.42857143,gas-used mismatch for 0xd7ed4d3e43c83f335a46a9f9e6d5e04d282bda7a919b0cc654d3fdd9ca310b56: expected 347786 found 95856
20838590,aot,46813613.23,gas-used mismatch for 0x4958b0bda5db5570e1ddc80b2c7132584c5ade1132f11b5c1f08cb19d22db936: expected 391914 found 96914
20841037,aot,47963364.725,
20840275,aot,45959319.53773585,
20836510,aot,66430017.87755102,
20837361,aot,51931084.97530864,
20837629,aot,42343928.504065044,
20837172,aot,74617011.52380952,gas-used mismatch for 0xb4da3e4f33de27ebb4516108e1b5f3d0598580fbc2bc556d0df69bfd3cc80ae9: expected 399081 found 104849
20837231,aot,47522045.97457627,
20836966,aot,91383978.4,
20837330,aot,40419714.97709924,
20836497,aot,57305704.733333334,
20841981,aot,13420792.657627119,
20841202,aot,47509816.477876104,
20836541,aot,51913235.6,gas-used mismatch for 0xea13916dd5353e1aab72347b84377d1354431aef790e2ea99d74bebaaa8fd9db: expected 126911 found 77452
20836963,aot,55728025.0,
20841958,aot,68141771.77142857,
20837150,aot,66212339.11764706,
20838361,aot,77932199.18309858,
20836867,aot,74146328.18309858,gas-used mismatch for 0x42912f098f4360b87db7193b855dc92b2546ca0d7aec88de0c6e5abfb00d11e0: expected 912047 found 668832
20838613,aot,39236770.75,
20840403,aot,133943381.02777778,gas-used mismatch for 0x7f0500f0d02ea551b125332444a09aa18623994100ba5693feb999ad427e4ba0: expected 484600 found 95880
20836724,aot,58085485.0989011,
20837241,aot,78794996.43076923,
20836507,aot,38876911.58730159,
20836734,aot,125538550.4,gas-used mismatch for 0xc427a2665685ce028c7e7ba2d43619da1e80c4d806dba4c7129bd5c2f4959acc: expected 390640 found 322637
20840491,aot,50556062.46875,gas-used mismatch for 0x51b3584f844e2374bb2d66bdaef8494a19a88ed08795d84b309c8894bbcd39fe: expected 141925 found 143217
20839935,aot,59991870.733333334,gas-used mismatch for 0x33e9768d2c3e66771bb40e6ce16e92d397707f15fe2ca6d3f3007aea2c136d62: expected 1569854 found 1417384
20836989,aot,26094661.346774194,
20838029,aot,93521448.05454545,
20837276,aot,61550060.654320985,
20836481,aot,51114954.782608695,
20840998,aot,81379825.24444444,gas-used mismatch for 0x4356f30fea2c98e8cd291072f6b1e20bca2b6955851d47f5ddcb0b5b87bed829: expected 391655 found 332489
20837337,aot,37323689.55384615,
20836973,aot,34919671.21014493,
20839906,aot,53248985.625,
20836740,aot,77057472.70422535,gas-used mismatch for 0xb1dd46820d611606d78dd3e1714dbdae67adc72fb490f0163cad68dd02cba4cb: expected 262900 found 245609
20837052,aot,56888145.89814815,gas-used mismatch for 0x5e603362f207217c593c3b78c25d8df4619403832782136585ef58c33797d8b0: expected 439928 found 379070
20838999,aot,46233573.82716049,
20841214,aot,56446461.55813953,
20840483,aot,62059661.91780822,gas-used mismatch for 0x8edc24ae68b4e3629d0978ee6fceb3c957f2228d675214bbf46bc6c2e7401f6e: expected 359535 found 137520
20840276,aot,13848010.869387755,
20836736,aot,82339897.55263157,
20840289,aot,59425304.96842105,gas-used mismatch for 0x877996513e0091a42d9dd16fa7198410b808990258c75f6d0dcc34df58b1a9eb: expected 792746 found 235778
20837173,aot,45677731.0,
20841965,aot,82965161.05714285,
20836890,aot,47367633.80851064,
20837988,aot,32705929.134831462,
20836511,aot,40672761.62,
20840264,aot,83146526.90163934,gas-used mismatch for 0x5d81274daf00480008d96813d0b06c72e576e0b6ca3c8a554fa1e6f221a0c541: expected 262139 found 196415
20838591,aot,45846430.10810811,gas-used mismatch for 0x5ceb41275b24673d9c07b96538ece2a8c8ce965d44d6adffaf4cf51af4a8ea02: expected 415860 found 96708
20836498,aot,48736474.641975306,
20836525,aot,61888570.26530612,
20837416,aot,80186386.35616438,
20836967,aot,59025943.44578313,gas-used mismatch for 0xa1f6a0050d4012eec213ce68d2e39acf42eb49e680996a2014c75b7d348faf01: expected 375335 found 160319
20841038,aot,73961195.26923077,gas-used mismatch for 0x8985836bfaf23d879b53b46cfbae60d90e17d8e35ea3004d96fcfa0f42a37e2e: expected 814286 found 494266
20841982,aot,71871611.81818181,
20836542,aot,56753119.59154929,gas-used mismatch for 0xc9cd9dc3d3afb700ea15200e6d731ac9731fa58ebc3185084c5869ee76a212fe: expected 483638 found 403999
20837630,aot,46540078.35714286,
20837362,aot,48033961.928,gas-used mismatch for 0xc67809c422378a4234714fc196c68613dcbc29fb188c954fffc16a11e98785b5: expected 223642 found 144547
20837232,aot,58014944.43564356,
20841959,aot,62151727.68,gas-used mismatch for 0x28632748bfa565300782e998fd137b13da0f90b344a27057e19f0345bf99821f: expected 424618 found 387487
20838362,aot,62785102.46052632,gas-used mismatch for 0xabf50de47b7eaecbec27612de617455fc376f7266ebc6bee8f492b2e04ad3428: expected 213590 found 203550
20836744,aot,42047306.073529415,
20840492,aot,57467685.16923077,gas-used mismatch for 0x44f571c033104fe7629ec27cdf593b23225016cad737389804dc91b0dea7fee1: expected 215376 found 205336
20836725,aot,39576023.78,
20836868,aot,46318235.300884955,gas-used mismatch for 0x7f4bc49be5a53da51040e35c046c6e86e7643713073568815c07dc78285f1f08: expected 227779 found 217739
20837331,aot,58777896.7079646,gas-used mismatch for 0xe76c4dd0b80537f1832cbbd40f3d232536b5db124f0dbefee8e48481e6842bba: expected 473877 found 478711
20836964,aot,50204502.49557522,gas-used mismatch for 0x5313fbe477264de74e7178a4a159f79087b4107e048f7dce9bad72a3c5d69c27: expected 189099 found 81798
20837151,aot,47575017.89655172,
20838030,aot,51968789.23287671,
20840404,aot,60559958.409638554,
20837277,aot,26282411.005714286,
20840494,aot,40103136.708333336,gas-used mismatch for 0x1deb30cff51e13d6f41a31b2a41036fd2ceb6fb416593eeab74b21150c70a9b4: expected 277745 found 153935
20837242,aot,55137152.16483516,
20836482,aot,25109700.76243094,gas-used mismatch for 0x284177cf223c81b55c335a586033c5c1b1e31c5fb9d1361fd90a2f25cd5be092: expected 255344 found 240486
20836508,aot,74585975.83333333,
20837338,aot,61608559.59154929,gas-used mismatch for 0xef2a76e96a40d196b0ddc8779d0c9d28906405a3948745cbd657ba3cee0d6fa3: expected 692647 found 663656
20838614,aot,83348978.44615385,
20839936,aot,52606163.469387755,
20836990,aot,104597609.03921568,gas-used mismatch for 0x5582bff1880238c3593f2c60c4b0380889c1b132c356a637c4b393a75767423c: expected 336533 found 175080
20837053,aot,71776923.56666666,
20836737,aot,34869692.513274334,
20836741,aot,58556096.16842105,
20839907,aot,64053082.488372095,
20840484,aot,40100865.08730159,
20836913,aot,34564799.216981135,
20836974,aot,110948503.29411764,
20837989,aot,79501167.97826087,
20840999,aot,77335153.20833333,
20841215,aot,62720753.03125,
20836526,aot,31520472.296,
20841966,aot,56172217.17204301,
20840290,aot,71255333.26027398,
20841039,aot,40018139.466019414,gas-used mismatch for 0x0b5234e1b433cbfa5f5e88075af5c5422a1cc8b57feb324221799390ce13660e: expected 694460 found 97390
20836499,aot,58596706.85333333,
20840277,aot,125490689.97826087,gas-used mismatch for 0xe120d2f160cac3388c557eadf7d2b873b06b09f245b812a63248fed1fd179b4f: expected 214576 found 144540
20837417,aot,51024353.155555554,
20837640,aot,62335663.50847457,
20841960,aot,54511366.428571425,
20838363,aot,46764401.15789474,
20837174,aot,68570016.02083333,
20836891,aot,74118194.96470588,
20836512,aot,58122896.10185185,
20841983,aot,52974754.8,
20836543,aot,57502107.41111111,gas-used mismatch for 0xd0b4d16a439d850d3ec51a4503a853c433960ab77fcfdfff048a871ac91d5acb: expected 399996 found 172565
20836968,aot,60565932.222222224,
20838592,aot,59127445.60377359,
20838031,aot,43783245.7368421,
20840493,aot,46971968.302083336,
20837233,aot,52541281.43564356,
20837631,aot,70870238.7236842,
20841050,aot,47707687.17142857,gas-used mismatch for 0xb2df2c53884c53d69dc359148a4058fa0793fc000a724937614f451e76b0bf8f: expected 143896 found 77373
20840405,aot,53655979.3943662,gas-used mismatch for 0x2d0844b095c967dd991bc305d3c6d193ffe63fa7072a5d902712d2f927616a4a: expected 277745 found 153935
20836965,aot,56349523.39506173,
20836745,aot,70022931.83950618,gas-used mismatch for 0x4174a063ff2fe171d880cb88a4df485f9d05cbb7c0c8cf1f65c18ab7c1e7a01d: expected 297981 found 227725
20837332,aot,57950657.18681318,gas-used mismatch for 0xbf181c46e80d67192cc7e5c36290a906bf64aa3fc60277c7b58b902c94f6cf73: expected 209352 found 82074
20837363,aot,72162495.51612903,gas-used mismatch for 0x6b612edd9d13e5f443e835898edb320889f8e8f3a047a13a3f3f2cae01ac53ab: expected 880444 found 206655
20836869,aot,65418041.46315789,gas-used mismatch for 0xa5cfb61d6c24db1e5d5a692e7015a6d64b103f61efdcd4ceab0d868423e138a3: expected 880647 found 637432
20840495,aot,126151608.275,gas-used mismatch for 0xa131196782ed744916b65fea3b5ebcc14c8bef8f1e8d2f90573a71e190aea779: expected 616997 found 421888
20837339,aot,62481851.64,
20838615,aot,36307835.89361702,gas-used mismatch for 0x46a5234bff58d5b371d3136f997efc2f8b892a6448a3df90599b8903c870be07: expected 579048 found 120295
20837278,aot,59700242.26136363,
20841056,aot,49635558.3,gas-used mismatch for 0x11ffd5f3ad96f403d5c1d6c501ad0a6f05e3936aeea590beea1eef83b0b9bdd3: expected 196272 found 81738
20837990,aot,66272171.91262136,
20837152,aot,56963552.83478261,
20837054,aot,33230064.33587786,
20837243,aot,65917250.603960395,
20841216,aot,56430905.625,
20840485,aot,80815832.3,
20836991,aot,61004305.072916664,
20836483,aot,97872855.8235294,
20839908,aot,57905826.56790123,
20836914,aot,62648172.557142854,
20836975,aot,56065550.384615384,
20838038,aot,61454977.441176474,
20836742,aot,53145848.61386139,gas-used mismatch for 0x174db63cda3dd60549ca908964e706ce2aaf1d02f4c750ca438aebaee3b13ffb: expected 289079 found 255038
20837418,aot,39188141.55421687,
20837382,aot,79638468.46478873,
20841967,aot,48130824.47727273,
20841000,aot,59816001.645833336,gas-used mismatch for 0x390f9a0ec58b61ca3aee2f06a8c5090e019c32fcd7ee7a65cab6aa8eb701d394: expected 277745 found 153935
20840291,aot,80439153.32307692,
20841040,aot,51881347.8019802,gas-used mismatch for 0xdf50a6e9c65562dff630473cf894bce3111beb1b49db166d0261f6ac079b4074: expected 651071 found 667933
20840278,aot,106851921.08,gas-used mismatch for 0x07769053672e1973a025724e84dfa2b13d8adc8edd232c447b03f57a75613427: expected 584383 found 319450
20836500,aot,59101068.75789474,gas-used mismatch for 0x72e97629643fefe1e4db27ea9a2a71e9894343ab5c1f7bc24f4a12a3283348e7: expected 805460 found 189653
20836544,aot,46388785.47311828,
20836527,aot,143419588.025,
20837175,aot,81375305.18965517,
20841961,aot,90883174.07142857,
20841984,aot,42518655.89830509,
20841988,aot,97986455.775,gas-used mismatch for 0x3f0fabc7ab4586c3f8144c72244fe37cafcb5cc64c5dfbb04ec5e04378553d8a: expected 310418 found 95868
20837641,aot,75525724.94871795,
20836892,aot,81547234.01538461,gas-used mismatch for 0x948d32475dd7dcb2007661fd35421c86c885618cc2b2bea8a3dfe66e362d2141: expected 907271 found 668856
20838364,aot,93841450.83606558,
20836513,aot,71491041.64102565,
20838593,aot,30530796.043715846,
20837234,aot,40571355.81666667,gas-used mismatch for 0x4ddb593e9a2fe8fbc1d8dd4bcbe12aa9e1885626e9b63615234a331d2419a46e: expected 362169 found 175293
20841051,aot,43246339.99047619,
20836969,aot,50786990.2,
20836550,aot,56737715.12820513,
20838032,aot,71019868.72093023,
20837632,aot,54872408.352380954,gas-used mismatch for 0x914001757e9d1f059abe69ca187e08fd9a3d7a1c44eabc7cab999b37dafdfad7: expected 337211 found 293675
20837333,aot,26232610.881773397,
20837364,aot,46064419.18918919,
20840496,aot,41748458.263636366,
20838616,aot,38453442.449152544,
20841994,aot,84065470.29577465,
20837453,aot,38000398.74774775,
20841057,aot,54154524.3,
20837244,aot,50466470.05,gas-used mismatch for 0x3d5161ada8276bd097b81b57e0c87340fd9a02d94ca82711c3cd5c5c382ace82: expected 285549 found 300357
20836743,aot,50028948.51724138,gas-used mismatch for 0x1934db25b0314ef848d5f30521c30ae70af3cb3e77d62c340c3a25fbafc007b6: expected 279964 found 245573
20836870,aot,56868137.45714286,
20837279,aot,54698329.47959184,
20836746,aot,55507926.23015873,
20841217,aot,65134037.23529412,
20836484,aot,44183385.68367347,
20836992,aot,75753299.10344827,
20839909,aot,37425516.51239669,gas-used mismatch for 0x07c29bf99d2deeb6a1199ed52c9d5d426a2848e9551dc0dfdd28ca58707f8e05: expected 570383 found 290037
20841968,aot,41957272.87368421,
20840486,aot,45152783.97520661,
20836976,aot,53954953.569767445,gas-used mismatch for 0x5db930fef074a7693c50af8defe19af57b550c4db14a62bf491914f2b4708bc8: expected 880659 found 637444
20837383,aot,58238989.366197184,
20838039,aot,17332047.636363637,
20837153,aot,51490255.547619045,
20837340,aot,74758439.71875,
20837055,aot,132332140.19565217,
20836915,aot,46167237.18918919,
20841962,aot,68161117.98,
20841989,aot,53669316.2,
20840292,aot,53298489.54081633,gas-used mismatch for 0xc26d676a8cdb6b880ac04ade5ad80913280d6a8c87b2c7d9a9fb54d1a87ae5eb: expected 266927 found 219637
20841001,aot,69047790.1923077,gas-used mismatch for 0x8bd928af011ef95b825317bb32770777f29020fc9d86ff34bc5627e373d47379: expected 385280 found 95880
20837176,aot,40666158.50495049,
20837419,aot,61716500.22727273,
20838365,aot,35975920.0462963,
20840279,aot,39408676.030075185,gas-used mismatch for 0x0a599dc91cd7207c9b2ae50245fdd13a894d165f61a6be69adfb3b8635279fb4: expected 1341219 found 741097
20837235,aot,34160519.905660376,
20836893,aot,51699749.927710846,
20836528,aot,44141167.75221239,
20841041,aot,38888520.29801325,
20838033,aot,66239458.06,gas-used mismatch for 0xb3ab2961b3b1e9e49a42331c4d7a5cf2f15f2c08c386247bd6d83a4899bb774f: expected 322791 found 95868
20837642,aot,68266858.0,gas-used mismatch for 0x5b78b8b5cdd35573b04f1660d9c4ce2b9db1b2298bd121039312fd7011730237: expected 342201 found 98981
20838594,aot,61830078.22058824,
20841985,aot,58649734.98863637,
20836501,aot,50594632.5,
20836545,aot,106540069.56666666,gas-used mismatch for 0xd246ae8a1c1699b2af17f4750b5f87b26e960cce05581c7a7b11d0dbfb497d58: expected 1129178 found 461488
20837334,aot,61718005.39285714,
20836551,aot,51557288.72448979,gas-used mismatch for 0xbb0ef852aaeb051854ee1feb0bea766e29c8a5fe2efcc00cea1a994c4249e437: expected 652636 found 225643
20836514,aot,36412815.647435896,
20841052,aot,76262707.4,gas-used mismatch for 0x93c874270149cfe6949bd71e9685e47d4abe088fa51e01c0de0f4545494eb21d: expected 333932 found 98981
20838617,aot,93877252.025,gas-used mismatch for 0x60e599af819600515fb3c79a9d8ac0b289461e866b69388a7f9768f424155470: expected 324714 found 95880
20837633,aot,53377944.49504951,
20836970,aot,63508551.495238096,gas-used mismatch for 0xf065fda2508994ed2ca923ea1b096560214acfd94ce634bdfafb8342b415b178: expected 512014 found 127909
20841995,aot,67810872.60273972,gas-used mismatch for 0x4d0dfc8fd16f58e418326c7f57580cf72b1b27ccbd5dc413a5326efdf7138de4: expected 384162 found 95880
20837634,aot,32218595.48630137,
20840497,aot,18992614.12264151,
20836871,aot,49832602.67032967,
20837454,aot,47774373.83471075,
20836747,aot,90351770.13043478,gas-used mismatch for 0x89f79cfd57971998d628c5be1c14f7e4631f281d2edda103da0084748498ff7c: expected 470133 found 432451
20837365,aot,63085548.89108911,
20841218,aot,30299373.424050633,
20839910,aot,43210949.01980198,
20836993,aot,52562012.674418606,
20836485,aot,39852530.593495935,
20837384,aot,44801311.96703297,
20837280,aot,63951518.04705882,
20837154,aot,58605487.69863014,
20841058,aot,79518489.8,
20836977,aot,50889508.82,
20837245,aot,58600643.844827585,
20840487,aot,48248377.88181818,
20838040,aot,69007926.88,
20837341,aot,35239729.34,
20837056,aot,55340583.74736842,gas-used mismatch for 0x8ddee951c66054b8c426def0efdb5406c24a5ded76359f44806569c984f0d476: expected 368925 found 99005
20840293,aot,28938069.123188406,
20836916,aot,66445824.14814815,
20841969,aot,68019328.94444445,
20837236,aot,59272747.29310345,
20840280,aot,47308966.5125,
20841963,aot,47372287.47619048,
20841990,aot,77720514.5735294,gas-used mismatch for 0xcbee16ee08e7dba62b2fe58497d61951516f558e6700a434c28b3d9f9dd8e90a: expected 863795 found 696266
20837177,aot,59173353.34117647,
20841042,aot,57483732.8,
20838595,aot,35208177.50442478,gas-used mismatch for 0xedd7cc3e03666cec942635d636e03091abc1db80a0ef9e7c0b2cabe4454cdf14: expected 902677 found 446061
20841002,aot,55337276.153061226,
20838366,aot,25948167.039408866,gas-used mismatch for 0xd1cac8c47ef3cf06a32c588c00de91ca3f1d4419ea42824ea8f8d06815b8291e: expected 279916 found 245525
20836502,aot,60263732.112676054,
20836894,aot,53140129.833333336,
20837420,aot,53759998.22727273,gas-used mismatch for 0xdab43079183dabac63c3c9b47b6288ad5a2c3ac70d8902270d04284962264810: expected 264067 found 215878
20838034,aot,78116704.15151516,gas-used mismatch for 0xf336a2179a84ca76cf2cb15cd50ee2be44e9b47882f9638fcebcc088f1c6b669: expected 364690 found 206288
20837643,aot,48238440.513274334,
20838619,aot,54175235.56043956,
20841986,aot,59274950.53763441,
20841053,aot,64099616.026315786,gas-used mismatch for 0x67307cca9e0f336a24ad21a5d93dffe055fdfd6a6d8ddc4c7c4b14645729b67b: expected 488661 found 104835
20838618,aot,55589508.6,
20836552,aot,91380778.07142857,gas-used mismatch for 0xc31f2da9d700484b66426986f8eadb96e98549f2bbb507b976170fe60080e2fd: expected 810514 found 189617
20836529,aot,84384618.275,
20836901,aot,49326413.4054054,gas-used mismatch for 0xf52dae3792603bbb324272ca6bd70cd00155109c670af1152478197f0be4195a: expected 368192 found 95892
20836971,aot,46295180.96842105,
20837635,aot,69346083.65517241,gas-used mismatch for 0xd9bb569d422ba1ade522803172bdb1afa61406487e03bf25b0b7595979bb98e0: expected 192673 found 56592
20841996,aot,41348109.84166667,gas-used mismatch for 0xdbf610db39375ede939e226c944fbf7f75b3a1652ab16dabb646c9873e8a5394: expected 325628 found 242207
20836994,aot,54234652.29230769,
20840498,aot,46181759.56603774,
20836546,aot,51266265.13043478,
20837385,aot,68407634.32727273,
20837455,aot,58654501.5,
20836486,aot,41166239.78095238,
20839911,aot,67171880.36507936,
20841991,aot,62297154.94059406,gas-used mismatch for 0xf155ab348a6cce8b16ab6ad8cf1edb3c9fb485c868886abd4155790c78bffcdf: expected 364152 found 95880
20841219,aot,53030060.62637363,
20837246,aot,42941405.85714286,
20841970,aot,50270464.926470585,
20837366,aot,51710283.644067794,
20841059,aot,60031533.333333336,
20840281,aot,63363047.9,gas-used mismatch for 0x459ab474f8bd4291eb5804a2c1681adfe25894f4f4ca70bd32b247337c3df8c1: expected 437478 found 96751
20837057,aot,39251906.83478261,
20836748,aot,66174469.19387755,
20837155,aot,55985529.98058253,
20836978,aot,74850079.98630136,
20836917,aot,64520122.39473684,gas-used mismatch for 0x05aefb3a9b92e3ee92ed94aa3f85c462d549c1be2df73f791938e9a099252973: expected 987094 found 651869
20837347,aot,36412035.915254235,
20837342,aot,61207239.57954545,gas-used mismatch for 0x5d07ef2c5171d3bbcff72f7a3be1035541cb94a178d068ae348c4dda9f50e68f: expected 1371516 found 1070822
20837237,aot,35522047.86764706,gas-used mismatch for 0x44211dc118b4418b5bd82d51087691ce8014a800878da34e8119916198cfe6c4: expected 277745 found 153935
20836872,aot,84646911.04444444,gas-used mismatch for 0x1ad85d4fdceb0ce479f6305379be31219fd4ca0da2ec96da232e988775995d28: expected 344213 found 95868
20837288,aot,62376776.28888889,
20838041,aot,74495068.82051282,
20840294,aot,84512701.16393442,
20837281,aot,103176825.76,gas-used mismatch for 0x92c1427c0c7b6ac6598818e7b9becc377b49ec2123388216798f050281efc1df: expected 407871 found 353141
20836895,aot,36439824.428571425,
20841003,aot,47468518.260416664,
20841987,aot,18962250.779141106,
20838596,aot,107013833.76744185,
20838367,aot,101142614.85365854,
20841043,aot,57792528.79120879,gas-used mismatch for 0x00eb6e126a20fdb5cde67796089da726304c66adb082b6f885a256da534f3f09: expected 632996 found 478482
20837644,aot,53636650.81690141,
20837178,aot,37369282.474358976,
20838622,aot,69762604.4659091,gas-used mismatch for 0xb8bc3210c3cb0305932ac611a925b2cfd67ab423262ec9ed3f91a4ca004164c7: expected 443103 found 393807
20837421,aot,100723276.1764706,gas-used mismatch for 0x2ef4c86cd25b67c6946c7383ddf0e0b3204d645e599b7974714d76ddad1e8b0c: expected 3267409 found 1187879
20841054,aot,47304525.55681818,gas-used mismatch for 0x201917d75f00b84fe64c643f262200db6c2a4346143d670ef308241930c4d986: expected 282545 found 153935
20838620,aot,50039220.510204084,gas-used mismatch for 0xa6a4651c32640619be67f9f6d53e3de21d0e75b861f3e1b5f10c7b3139899c6e: expected 691909 found 95527
20838598,aot,123963955.97777778,gas-used mismatch for 0x2fdfa90874277609d99341f96c078f9c9446644b7f8e640e54d53a981f419673: expected 1245392 found 798343
20838035,aot,49022901.43965517,
20836530,aot,53960824.28235294,
20837636,aot,47618884.1978022,
20840300,aot,63177010.27710843,
20836995,aot,33325979.157534245,
20836902,aot,71835288.76315789,
20841997,aot,75453302.2,
20837247,aot,45147531.535211265,
20841044,aot,60964424.46236559,
20837386,aot,39052592.520325206,gas-used mismatch for 0x72ea009f713b2e0009c7048d254cae0102ccc1c78f92cb005c81d80ca2ac2769: expected 880647 found 637432
20837456,aot,42507761.320754714,
20836547,aot,158963975.5483871,
20840499,aot,138767756.5151515,
20836553,aot,116239773.44642857,gas-used mismatch for 0xef97db40ce1f23c2b702aaaaf4c13a13ccab101a81f710f38dde02292d0dd683: expected 471336 found 95868
20841060,aot,22092680.89017341,
20841992,aot,54462016.957894735,gas-used mismatch for 0x32d1a3f970ed4f5f1f32cbe08353b324b0aec3306e05fbca6e62f72a2d04667a: expected 372456 found 388365
20836487,aot,24530433.185840707,
20839912,aot,75582403.11267605,gas-used mismatch for 0x4eca44ff03efdd6c5771436e68596400443d2da233178ac4224bfb73291b0986: expected 626042 found 391782
20841971,aot,102362767.47058824,gas-used mismatch for 0x25c659428dd4f8fb5fa7a1fa57afcec65cacabde0d05945c2e12eeed08e1f045: expected 1075027 found 1021044
20841220,aot,45510477.330827065,
20837367,aot,52147994.98901099,
20838597,aot,17748570.025641024,
20837343,aot,51542536.56164384,
20840282,aot,44542092.50909091,
20836918,aot,67145383.65079366,gas-used mismatch for 0xf8188a6536dcef1260ac3179d13ca7a2841b142bf9cb0b776f7f659efb21ee2a: expected 403510 found 153012
20838042,aot,52534748.807228915,gas-used mismatch for 0x8c56f68720bb2a84a3963c148c1485c7c37e19c7f6603d8c48f4d950a2da7826: expected 1103278 found 879753
20836873,aot,29536124.424050633,
20838368,aot,37624237.27472527,
20837289,aot,57999184.8125,
20840295,aot,25760966.608187135,
20837156,aot,48803167.28695652,
20837348,aot,71295770.11764705,
20837058,aot,42688535.28082192,gas-used mismatch for 0x09047b839afe770061e3c00669d13981c7f8397b7d5ee923b01fe5eaa4ae6d19: expected 383678 found 234612
20837238,aot,60801913.29069767,
20838623,aot,34177548.19387755,gas-used mismatch for 0x15357ae567682737a0e8c456db2dfbf93ce8ccbb168a7376802a296abfbfbcde: expected 197952 found 81774
20836749,aot,76670179.21686748,
20836896,aot,67666394.02816902,
20838599,aot,46253375.62857143,gas-used mismatch for 0x310dafe35444ef97ff4c17cba6d05f7bcd9ea2eef707ff378ce041415e166587: expected 243747 found 137225
20841009,aot,48588997.578947365,gas-used mismatch for 0x130a79bbd15634d545b2220167b5aec3165e03a2f356c5ce78acab37249448d0: expected 467500 found 95880
20836979,aot,69579499.49462366,gas-used mismatch for 0x697241e7b7d0b5aea9033b23228dfed0c50276222cfab3ad982e39afa08036df: expected 552151 found 567167
20837282,aot,39341292.48529412,
20841004,aot,63287285.024096385,
20841055,aot,74801863.01785715,
20837179,aot,51673099.46534654,
20837370,aot,50569596.8117647,
20838621,aot,36593716.58730159,
20837422,aot,16610863.884146342,
20837645,aot,66340372.9010989,
20836903,aot,50951738.973684214,gas-used mismatch for 0x2b373e4fb71d0683f088900bcd3e9894047d391f6b403dcb900f67452e649761: expected 875847 found 637432
20838036,aot,99036040.88,
20836531,aot,120573865.42222223,gas-used mismatch for 0xf029060a91520d71c3ec4e88ce1426c8ffb962e98b711fc5e160617730ba4f7d: expected 641482 found 97402
20841998,aot,57209555.34246575,
20837248,aot,21484072.29411765,
20840301,aot,52802203.716981135,
20837637,aot,11642500.556818182,
20837387,aot,53342733.384615384,
20836554,aot,66751415.5862069,
20836488,aot,81294480.5,gas-used mismatch for 0x9b88eac106f8c83c278ebd6d4b7ba4f3016afb628337a276b8a23a1966d29100: expected 460432 found 433378
20837353,aot,16163620.413533835,gas-used mismatch for 0xbcf573a75d0693d3258e8751d7cdc001096f2118832dfa38b84b0f67716e4031: expected 301373 found 244805
20841045,aot,63707209.32530121,
20837457,aot,74071648.60563381,
20836996,aot,40471724.1589404,
20841993,aot,44871558.7962963,gas-used mismatch for 0xdecc9f3d0a859e83aeb062082d94c0fa370c854ea6062aebf683b1b921856cdc: expected 923186 found 716122
20841061,aot,83525206.60655738,gas-used mismatch for 0x56c917b7d319f448b51af49b8adb90decf1422a8cbea54d661c4e96b4f3b5217: expected 277721 found 153911
20840285,aot,61207643.61627907,
20841972,aot,51502842.44318182,
20836548,aot,27721834.03539823,
20836919,aot,16059014.588039868,
20837290,aot,54911184.79452055,
20841221,aot,43010678.36363637,
20837368,aot,44109425.59504132,
20840306,aot,70575198.6923077,
20837349,aot,57338444.586666666,
20838043,aot,44335082.53982301,
20838369,aot,44134387.30434783,
20840296,aot,60694872.04938272,gas-used mismatch for 0xaece8504ae19da9f92bc8270be2b63e56352060bd422f5c2e6839fb666dfcea5: expected 278035 found 314446
20841010,aot,46196417.96385542,
20837344,aot,59622433.514563106,gas-used mismatch for 0x7853af164d42dcbec8378bd2ca0f787cea32cb18f06552df9ec52e1a77b67591: expected 762091 found 203115
20837059,aot,81687793.3275862,gas-used mismatch for 0xc58d0a5871e59d75ee6cf4bb227e523325d1840f0bb0e2cbf9c207c5e167c6da: expected 912035 found 668820
20836874,aot,62180362.26506024,
20840283,aot,41664523.14379085,
20838624,aot,63194186.87654321,
20836980,aot,49342164.46666667,gas-used mismatch for 0xe77129057ae8f9ed650c4c6ca44083b64a5672f81b635d963979557bb5b9548a: expected 880647 found 637432
20837239,aot,68393852.05333333,
20836897,aot,42418628.46017699,
20838600,aot,42146348.155172415,
20837157,aot,64766708.307692304,gas-used mismatch for 0xf888d448a94148f7635a6a834001b27ec037bb15b45ab0f304b4074350d6f087: expected 1074097 found 107226
20841005,aot,57531545.06410257,
20837300,aot,46874793.0,
20837283,aot,95305671.41304348,
20836898,aot,52657207.44210526,gas-used mismatch for 0xbf0fd82254fc9543af6d3af032882447b9c1251ef93700db52dfd9d5c7afae15: expected 272480 found 240522
20837423,aot,78032394.16,
20836878,aot,52330020.86046512,gas-used mismatch for 0x0aaf240afc012df9eafc39ceb90d39a9771b3c2e4dd3bde93145e4ab36f333ab: expected 189099 found 81798
20841999,aot,67747674.2,
20837371,aot,77367683.80882353,
20837180,aot,61628819.53333333,
20836904,aot,48003581.32653061,
20837646,aot,62720166.26136363,
20837388,aot,40387311.11363637,
20837638,aot,62781993.96363636,
20837249,aot,76655784.80392157,
20836532,aot,71673541.83098592,
20838037,aot,78605893.36,
20837458,aot,47424051.66336634,
20836489,aot,72487437.47887324,
20840309,aot,51423585.10989011,
20836555,aot,49173064.236363634,
20841046,aot,27893337.994818654,
20836997,aot,50555041.33,
20837354,aot,80281686.92857143,
20836549,aot,47888942.64210527,gas-used mismatch for 0xfe24c658681d902671cdcaaf62c42abae6b8e5141654b29d171ba4fd3cb638fe: expected 582979 found 484855
20837253,aot,64069312.557142854,
20840302,aot,91616743.1971831,
20840307,aot,46372403.62962963,
20841973,aot,51855686.25714286,
20837369,aot,44059943.041666664,
20837345,aot,58844072.571428575,
20837291,aot,46522051.06,
20836920,aot,124859302.67857143,
20840287,aot,7490026.428571428,
20837476,aot,59403045.70909091,
20841222,aot,106204832.1,gas-used mismatch for 0x538ba01b0c366cbe9589e1d05dc4fee24975ad47840f122136790014fd778e50: expected 385175 found 317174
20837158,aot,15408109.135964911,
20838044,aot,44726217.51304348,
20840286,aot,67566054.8367347,
20840297,aot,48685315.72,
20838370,aot,32767637.903846152,
20837350,aot,44054167.26190476,
20837060,aot,39185658.95384616,
20836981,aot,41549084.11504425,
20836875,aot,57892133.84615385,gas-used mismatch for 0x9084ea6e2dd2c1a9022abec243b686ea393b6218d19b4a05861077e0a18fac4e: expected 459432 found 495593
20837240,aot,30106828.48809524,gas-used mismatch for 0xd5595252cdf817ddeb430f3b0e846e52871457cb576362ca24858f21e1733b40: expected 213091 found 144540
20837301,aot,46291825.145833336,gas-used mismatch for 0xbad5d8048b03e93b3ab8c4edcd2225b7717b79ee8402b885383a21fe2b0bc5e2: expected 425952 found 96685
20837285,aot,46956947.00909091,
20840284,aot,60092083.44444445,
20837424,aot,51732154.197530866,
20836879,aot,43430726.15533981,
20841011,aot,54564489.24,
20837639,aot,43917325.722222224,gas-used mismatch for 0xc45c75527e2671f441d17e0cd96ba2ead1718ea12c7ea90920208584498ebed3: expected 340035 found 293699
20837647,aot,52521430.461538464,
20837181,aot,53220962.09090909,
20837250,aot,36391287.05405405,
20841006,aot,66144429.80582524,gas-used mismatch for 0x285688de7bd8a17b47a1f8ff246be108e5e5935f7a35eb4a26769e4f7e7d2898: expected 564448 found 297027
20836899,aot,82094103.28571428,gas-used mismatch for 0xd12ff19337297a0dea76bd66b3abbc2ac747970f3675a5062f0c311f03f443cc: expected 875847 found 637432
20837306,aot,31382706.773809522,
20837284,aot,60153370.39814815,
20837389,aot,46786835.70754717,
20836533,aot,40289132.76271187,gas-used mismatch for 0x76d79018cc348e8823abc3fb24c9b153694bb112d0fafd2312469b7e7a31ac7d: expected 443190 found 95880
20836905,aot,49405574.9826087,
20837376,aot,42392596.54455446,
20836490,aot,70740637.05660377,
20836556,aot,22997758.880829014,
20837372,aot,46438258.1,
20836998,aot,48141511.38888889,
20837303,aot,60743952.08196721,
20841047,aot,105460090.37209302,
20840311,aot,49697304.52688172,gas-used mismatch for 0xb9aa1a36b50cfb8bc905877e6f52eb51cf302b41b6215b73d7e6d8725845eab0: expected 1009968 found 216128
20840308,aot,44804606.893203884,gas-used mismatch for 0x19824714b2f731895570018ef0080d55ab7ccded10dc4f3d05f6f24d1102f534: expected 399913 found 380017
20837459,aot,66959796.04444444,gas-used mismatch for 0xbd62b0223cc07930ab9fb1508698c96f7d4eb23cbe226f50430bee8019680e6b: expected 875847 found 637432
20841974,aot,48869650.08421053,
20840310,aot,86259004.21212122,
20840303,aot,48114851.163636364,
20837292,aot,57258524.313253015,
20837346,aot,39116529.15873016,
20837488,aot,37951815.40833333,
20841223,aot,70039334.38181818,
20837477,aot,31871621.971428573,
20837254,aot,37734517.98648649,
20836921,aot,60337945.8875,
20838045,aot,85829604.88,gas-used mismatch for 0x5658e879377a428267d05abba9d01746eddc924d2a5c5b0d09d61218e5ff2d73: expected 308306 found 268346
20837351,aot,30326263.11851852,
20837159,aot,94985264.02,
20837355,aot,105557492.86666666,
20838371,aot,47755388.571428575,
20836982,aot,108494049.45,
20837061,aot,44253585.05785124,gas-used mismatch for 0x9a288eacb10111ac8722e5ea2ad13e725939120acf80ca2fbc0fe3c97327b3c3: expected 427154 found 96732
20836876,aot,59229555.63953488,gas-used mismatch for 0xaf0c8a7c332e4a30502beeda4b03407c3e05ca53cf82740287dcc23678d2cbb3: expected 880647 found 637432
20837286,aot,47589235.87777778,
20841012,aot,55549164.25,gas-used mismatch for 0xff89edd700d8a52d5d53c368fa875d9be1138ce3ecfee5950289a4bff92a671d: expected 264055 found 215866
20840298,aot,72026552.30864197,gas-used mismatch for 0x3e953da8c9c8dc5efcef677c9687176615eef4e915356c980c401df1650b540e: expected 214576 found 144540
20837304,aot,42381889.071428575,
20837302,aot,24208118.99557522,
20841007,aot,76386207.21052632,
20837294,aot,60857863.746031746,
20836880,aot,57888947.01098901,gas-used mismatch for 0xabc4f2c8873e89f18d463dbe6ab87408a978be7995fa46da39f8ac457cfac4b1: expected 875847 found 637432
20837307,aot,29471582.964285713,
20837425,aot,18922241.88474576,
20837390,aot,45900904.34210526,
20837251,aot,23783396.055,
20837394,aot,61626104.18,
20837377,aot,44958770.85,
20837182,aot,56155442.96511628,
20837648,aot,45244417.946902655,
20836906,aot,60709749.52380952,gas-used mismatch for 0xbb2ed1d4e9a7a8095add0343828014ea9237a3af5c14f9c64b0f7d199182eba8: expected 630436 found 95868
20836534,aot,55404076.66197183,
20836900,aot,59803019.82954545,gas-used mismatch for 0x9257a302fc681590a6b55e417c65d8c09f8a830582c825b1a277c84108f75a32: expected 360067 found 317066
20837287,aot,55597275.89247312,
20836557,aot,16982591.25957447,
20841048,aot,62923972.72,
20836999,aot,15141057.537931034,
20837078,aot,60009671.92307692,gas-used mismatch for 0xa07b9dc52acabbc74fe012b56543e10fc4b4b7b10bbe6c42b239ea3f6c16feaa: expected 255292 found 165884
20836983,aot,51568830.59047619,
20841224,aot,41720392.05263158,
20837194,aot,39520033.1,
20837373,aot,75760141.33333333,gas-used mismatch for 0x8114156163ab88c5dff3e395bfb5e550bc8ebc53c03d35dec97a1e9118f37569: expected 521187 found 493767
20837379,aot,89642556.09803921,gas-used mismatch for 0xfae740e78baa9a121465cece24a6bb291fdd7d636c9a4808b5be5b61ef33c67a: expected 912047 found 668832
20841008,aot,64390271.15068493,gas-used mismatch for 0x5f2c06ffd9685a7cda8b07cafd7fe72a7704960021ff86d92b4c36caca4670d6: expected 231686 found 135064
20836907,aot,40681356.13333333,
20841975,aot,87472640.45454545,gas-used mismatch for 0xb9dbaf299c269a6f8fee74ed6ff6d55b636c425929f89da6a5e971434dd53339: expected 282545 found 153935
20837255,aot,25009716.164893616,
20837460,aot,44925445.24347826,
20837489,aot,70779624.39655173,
20837293,aot,43735875.12173913,
20840304,aot,43417197.983333334,gas-used mismatch for 0x0c4b9d584bbe1c37b3d35e7265f944be549f85b6e892fe904450270f0ef9161e: expected 282545 found 153935
20836922,aot,70787757.54285714,
20837165,aot,62868810.54,gas-used mismatch for 0xd136c2f0b1e342d7d56f80bd342dab365027624da3c7204b23395e7c7b005626: expected 536004 found 95880
20838046,aot,66822773.61643836,
20837062,aot,34589607.54716981,
20837356,aot,49941545.325581394,
20837352,aot,73143536.0,
20837160,aot,58522437.4375,
20837478,aot,50958484.44715447,
20837168,aot,53264726.729411766,gas-used mismatch for 0x1e334237967a2d9dbb3d76b4b07410842f2268d99181d3b66abc7e0b153748bf: expected 477524 found 93709
20838372,aot,78780727.17460318,gas-used mismatch for 0x5e70c31320e5889c7e8cc0b8678aab4e6fca8ac55b402de855abe24a317b82cf: expected 371551 found 350750
20836881,aot,45329752.85714286,gas-used mismatch for 0x25b54a9257d1dbcc8a0b9aa5ea7d3b07e61ad32910e175a5b476394f6e9d9fcb: expected 402135 found 95880
20837378,aot,26466786.762626264,
20836559,aot,63856427.926470585,gas-used mismatch for 0x47b3603db8956ba30406fe9637776db0509cf86712e0b69c0b2c1478c42ae43b: expected 1039423 found 225643
20837649,aot,32163039.333333332,
20837305,aot,68128205.05882353,
20841013,aot,60830919.90123457,
20836877,aot,43405575.84126984,
20837252,aot,65763808.854166664,gas-used mismatch for 0x005e223743d0ec49db29d673fd8bb7e4f7f781ba1b7e1c6516789d9938d788f5: expected 136375 found 136026
20840299,aot,54795156.603960395,
20837395,aot,36912746.54545455,
20837295,aot,49145419.43478261,gas-used mismatch for 0x8533da4a686bfa887050317f05f9e091458cc3821b95e408c204465ec7b8a5b3: expected 284472 found 219937
20837183,aot,42997429.154545456,
20837308,aot,92359154.03636363,gas-used mismatch for 0xbdc6a165dc9e6ffbea354193098ffa39162d593dd57023578445896b0ecc6da4: expected 907247 found 668832
20837007,aot,86913768.01515152,
20837426,aot,29777081.890052356,
20837391,aot,63885037.51111111,
20841014,aot,24994679.54418605,
20836910,aot,76977302.4137931,
20836535,aot,48045358.283018865,
20836536,aot,51566642.3490566,
20837000,aot,87969645.4375,gas-used mismatch for 0x7f5ec119c30750a06f2185828e719331daae7466ed6eded063a28bc4f94aab36: expected 376880 found 249221
20836911,aot,54786614.40845071,gas-used mismatch for 0x1a3fc183078081b7a93c7bbfb48d9e4d11f1cae33753bd459406df1716adb221: expected 385079 found 317078
20837079,aot,57835574.7,
20841049,aot,112149173.7413793,
20837195,aot,44787478.177083336,
20837494,aot,66388946.89156626,
20837374,aot,19027589.12719298,
20836558,aot,125179652.82608695,gas-used mismatch for 0x787037824003837aef0e754db673095fb468aaab48ec53de4205b6250645ab5b: expected 144187 found 77562
20841225,aot,61459434.56626506,gas-used mismatch for 0xdfe55a0a1f5b9f22ddbd17075f048ff8981b1648b1e3f4f4d147cd74bc355862: expected 643676 found 117368
20836908,aot,50574644.90909091,
20837461,aot,79270141.76470588,
20837482,aot,42100122.44628099,
20837161,aot,46526761.78666667,
20837063,aot,84892930.01960784,gas-used mismatch for 0xb13327f46539e69cb38a27aa79aeabd648c0149497342b6106c0c3f3259a6196: expected 353890 found 246803
20837357,aot,23481051.92820513,
20837392,aot,93313816.44262294,gas-used mismatch for 0x9f5467e16ae21b66d07de1ae8743b057567f9e97e33524fa15d27ed3536e980f: expected 880647 found 637432
20837380,aot,51247957.63559322,
20837256,aot,82165733.01470588,gas-used mismatch for 0x934a7c00dbe1de1c966327ffea4fde6227c1fee7c921877dce40bf5c094b6993: expected 280725 found 319936
20836923,aot,46478782.9223301,
20840305,aot,57524595.86046512,
20837479,aot,76412353.50980392,
20838373,aot,45813745.822222225,
20836909,aot,29704797.076923076,
20837490,aot,43688192.04285714,
20838390,aot,76587788.89473684,gas-used mismatch for 0x7999d514f6f4302edd1c97a3dfe99b152b2c078dd0ec905e9c0adab67f97c3b4: expected 252811 found 238158
20837166,aot,43992010.38095238,gas-used mismatch for 0x5592aa1f60c1d0d0670a06a93b012438cc52a75dde7b42ead1cde3e273538f2d: expected 423117 found 346365
20836560,aot,60333833.85294118,
20837169,aot,41561495.56896552,
20837206,aot,53545132.38,
20838047,aot,33954086.96756757,
20837212,aot,40987833.39655172,
20837200,aot,56176665.07954545,
20836882,aot,47380109.95,gas-used mismatch for 0x80b1b9dd5d0240e61eeb0b19a20eaebc2e46457dac770e4fcf36b77dea2cf6fa: expected 866247 found 637432
20837358,aot,69534458.42666666,gas-used mismatch for 0xd5ca5b29d81edc64a4c5e285cd8688fdf40fbd40f8a8445fb539865a915e1b01: expected 328208 found 95880
20837650,aot,47356567.0,
20837101,aot,58847616.90588235,gas-used mismatch for 0x62452c3fab67b86c02e53d7544d29e64f77f1567b4fb23a742b0945437835458: expected 912059 found 668844
20836912,aot,55759772.75294118,gas-used mismatch for 0x293c6334f4080884b47ff9a4f059af281d704bcb4827eaf6d608af43ca19bd3c: expected 277733 found 153923
20837309,aot,41397083.85555556,
20837427,aot,104216215.4,gas-used mismatch for 0x0243197a581a4c4a96fa9cc8d61d73c99a07ffdaf67eddebeb496fd58fc3bb00: expected 277745 found 153935
20838378,aot,52438265.85333333,
20837396,aot,49618206.90833333,
20836537,aot,37808660.516949154,
20837375,aot,85483562.0,gas-used mismatch for 0x23b73a29bd38e91bba8bf3b2fe43dcb78945c5abfb5c82e79692b365c17eafbb: expected 277745 found 153935
20838050,aot,48763756.2,
20837008,aot,190771.94796144328,transaction validation error: lack of funds (3371496608182753371) for max fee (5682859281135167313)
20837480,aot,58302935.12345679,
20837196,aot,59027980.87931035,
20837184,aot,50837850.08695652,
20837296,aot,69663663.2,
20837429,aot,63134172.83076923,gas-used mismatch for 0xe0cc6288b848434878f6ce8d9900a574820739b89ba09f7457b3451ed9e54420: expected 264637 found 242635
20838375,aot,60834686.5,gas-used mismatch for 0xac8abea58dbbb2159a4e370b92dd74fe6e5af2e7fcfa02f6952c903748f69501: expected 470157 found 432475
20837485,aot,53582377.25,
20837080,aot,39640998.95867769,gas-used mismatch for 0xd3e50f573b0f0df1e66a5a45647c6fabd37851cac98268221e00c84c84bdad90: expected 189099 found 81798
20837495,aot,88405379.05882353,gas-used mismatch for 0x3ff0c0564b79e7bfa816ebd1056aa567b85b0f8b96b0184f143273fd2544105d: expected 282545 found 153935
20836924,aot,7989006.867724868,
20837001,aot,83983585.64102565,
20841226,aot,57352028.0,
20838413,aot,55655571.50925926,
20838391,aot,55883131.43076923,gas-used mismatch for 0x76a13e5bac04d9837a76b7fec56de64e67ca021fdffba70df1fb4bdbacd805c0: expected 543182 found 483417
20837188,aot,75034219.4691358,gas-used mismatch for 0xb59ba9ccb494d450e8341c3b7e52e8696e73c05df7a4a93866a5336367404388: expected 846785 found 658193
20838374,aot,48648997.44871795,
20837381,aot,51726827.11578947,
20837257,aot,49014278.6,
20837462,aot,43637934.960784316,
20838048,aot,58030396.78461538,
20837064,aot,70965001.03614458,gas-used mismatch for 0x709c246165c40a4e636390b61800c59722c6daf8e848372f8431f665979f5471: expected 907247 found 668832
20837162,aot,63326959.4375,gas-used mismatch for 0x81af225d495ffa4a9f645e91ee5a985fcddd4e65d9faa9471879f294af7cd560: expected 216733 found 210377
20837393,aot,46043585.76,
20836883,aot,56456396.65079365,gas-used mismatch for 0x2c91861400a5622ec9d7b1a7c1dbbf8c3e0a99a92de7f51759dabfa9a979f677: expected 880647 found 637432
20837167,aot,88835922.47169812,
20837491,aot,42282091.824,
20837170,aot,48018608.44,
20837484,aot,72819496.46052632,
20836561,aot,55752848.79120879,
20837483,aot,64197570.34259259,
20837400,aot,51114534.81818182,
20837207,aot,68558406.13333334,gas-used mismatch for 0x6c09f51aaf4535a9f32d428bc58f2d5d48681777c668bf628384323204ba84ec: expected 432984 found 96732
20836884,aot,75127895.13207547,
20837651,aot,56943998.474358976,gas-used mismatch for 0xdde1aba505f6eb6d6aca8afae2b55657e3b36c8641b991adf2339dac72df3b25: expected 3325149 found 2093507
20837102,aot,39990474.675925925,gas-used mismatch for 0xbd3b3cba37a9856694f73bf709f0a37ed7b811bd67d68cff21f4aea4f02bf847: expected 305703 found 95880
20837464,aot,61269310.731481485,
20838384,aot,32637521.76,gas-used mismatch for 0x1a7efa4482e7b85f3e2b0acd407b855f1ad79f28e9bf57463145467a1823b753: expected 454169 found 417173
20837201,aot,56210742.583333336,gas-used mismatch for 0x48b75737b67cf3abee7431255d78aa5fe5baaf592c20f7a585a9f5e5180fae9b: expected 439519 found 379094
20837213,aot,41666688.176923074,
20838379,aot,40597636.31818182,
20837310,aot,55217497.908163264,
20838051,aot,37373410.22772277,
20837397,aot,61305531.705882356,gas-used mismatch for 0xb6828898a8aad54a4f4aeace4298e3c26b1e84a9f27c049508279abaf2f217f0: expected 204159 found 81738
20837185,aot,48780730.76,
20841238,aot,59271165.53636364,
20837481,aot,38944425.11504425,gas-used mismatch for 0x4693fd1f6b8da902564cf64feaf70ea4824896d0268a93c14c5c490ff0f4cb88: expected 968864 found 580448
20837428,aot,41989151.70247934,
20837009,aot,53845210.91764706,
20837107,aot,40247589.09929078,
20837486,aot,43220772.68141593,
20838376,aot,45190631.26724138,
20836925,aot,116222263.4,gas-used mismatch for 0xcf62b5f2329fcc89f11c044e9c02b4f86d75857f1869f73c48e6e9b42c10f35e: expected 277745 found 153935
20837297,aot,47089929.381679386,
20837496,aot,66808974.38028169,
20837197,aot,70157939.25806452,gas-used mismatch for 0xade7617681dc5bf60958166953cecfc378735aa1bba50d2fd0c6322476d096e9: expected 324098 found 95868
20837113,aot,63469360.39814815,
20838414,aot,38872011.32653061,
20837189,aot,25803998.3125,
20837430,aot,97316126.64705883,gas-used mismatch for 0xd94b30ad216d9ca54c35bf233e72996f4f25f3cfe9cfe153b29a491253012fe9: expected 907247 found 668832
20837002,aot,79458579.36666666,
20837258,aot,57169607.70769231,
20841227,aot,73333540.06153846,
20838049,aot,44347483.27472527,
20838387,aot,61134390.777777776,gas-used mismatch for 0x10e7cb085f355cc65b66026abcddc24912a48b3fb5edfa387fa2d6924e0d4d52: expected 841845 found 607145
20837465,aot,34427971.95294118,
20841244,aot,66960225.22891566,gas-used mismatch for 0x386e9baee97add7a759a97415202804640cab660b6c299dff228b7de76930ece: expected 257448 found 240294
20837163,aot,46861062.13636363,
20837110,aot,46584407.692307696,
20837186,aot,51275719.55421687,gas-used mismatch for 0x2659c0dd5cf749a458d81084789b9c851d518656ed75b44e9988023e0b629af0: expected 401898 found 333655
20837081,aot,69911438.6,
20836887,aot,41569858.18699187,
20838392,aot,29579721.297674417,
20837492,aot,47353605.530612245,
20837215,aot,14604235.773913043,
20837208,aot,38685044.861386135,
20836885,aot,46122811.58415841,
20837463,aot,65707534.64705882,
20837065,aot,57380983.86021505,
20837401,aot,104116272.17777778,gas-used mismatch for 0xc6a92da1a5e92960853c5390d8a87d54804078814fe42819aa7e0850609aaff4: expected 875859 found 637444
20837652,aot,42845619.49056604,
20837198,aot,45777016.891666666,
20838056,aot,49177390.2,
20837103,aot,60706244.729411766,
20836931,aot,54379321.60194175,
20837214,aot,77194201.13846155,gas-used mismatch for 0x46210222ec4cd36c36e821e1b3095468f37effb0a621e339209710a7566c5e96: expected 262864 found 245573
20837202,aot,35212515.83443709,
20837398,aot,54127287.94871795,
20837311,aot,39030584.688,gas-used mismatch for 0xdd8ba444d51e52ab38f57d3527bf3ba74972b270aa0011a65008d50124340a4a: expected 348475 found 95880
20838385,aot,95866810.94642857,gas-used mismatch for 0xd02d365c81b65c8a45281a18e35b0bcc7e01870ac978aae9730fa6ef09f85007: expected 264067 found 215878
20838380,aot,56767504.44086021,
20838052,aot,11529261.291954024,
20837663,aot,51714827.98765432,
20837111,aot,13325158.136363637,
20841239,aot,53588741.10752688,
20838377,aot,71258383.93421052,
20837657,aot,61065033.62068965,
20837108,aot,71988742.83823529,gas-used mismatch for 0xb266275e389c903b95011cf7513513020e4a141bd84c5c5c38492c458e5c542c: expected 455632 found 391666
20837675,aot,51005932.941176474,
20837114,aot,38347022.36792453,gas-used mismatch for 0x715a93433aaf95ddb70f442cc11909d4686dc280838d26ba22943de04ca86909: expected 403510 found 153012
20837010,aot,105656586.52941176,gas-used mismatch for 0xc5146d785e90f8fc2a965c83552198904f8d09a2c3a59a7da9e37a3f8d03ac59: expected 312302 found 239091
20837487,aot,44466219.54054054,
20837497,aot,34348389.443708606,
20837441,aot,45194392.270588234,gas-used mismatch for 0x29fd62c70cbdb1e5eafbcdf89733d6900b12c1af7e9de1f9dc084754da43390f: expected 884866 found 698616
20837298,aot,35952230.95512821,
20836926,aot,65826036.29487179,
20838415,aot,62188965.61627907,
20837003,aot,64335734.243589744,gas-used mismatch for 0xd7b4311dc14d83a02c8d71c44282f672b29d3a1621a9d55316400274603dd16f: expected 346369 found 96902
20837190,aot,72891769.06578948,gas-used mismatch for 0xe7ae335a0de0ada693b2ebcb7f19ade1704c760d722de2219b6137cb2f6db94f: expected 223583 found 142223
20841245,aot,64249231.53333333,
20837431,aot,57718269.35789473,
20837187,aot,53964943.5890411,gas-used mismatch for 0xbcf87f3faf257d3fa8f576ff594e50991b87066b649182594cd24b54d384aa9c: expected 291755 found 291406
20841228,aot,76360393.13333334,
20838388,aot,36885240.31884058,
20837466,aot,75368397.68852459,
20837082,aot,27875264.239263803,gas-used mismatch for 0x443e6f8f4f4a45fb1bb14bd42d8ceb37381ffc553789409e31ef02a11b76e2db: expected 599679 found 368765
20837164,aot,54714695.72527473,
20838386,aot,54146975.1122449,
20837066,aot,62543605.4,
20837493,aot,68072962.12676056,
20838393,aot,87147263.1724138,
20836886,aot,47690267.23584906,
20837216,aot,97046345.34545454,gas-used mismatch for 0x09416a28fac80d50b4996a1a39904c0c9a517521a44fa805ce6fc1470778f10b: expected 223583 found 142223
20837210,aot,40585323.59375,
20837199,aot,55282353.4875,gas-used mismatch for 0x204fdbab70010b81997dfdadcd80423b5214142233276b78cd1d70679b7c7ddb: expected 699596 found 687424
20836888,aot,80815010.67605634,
20837399,aot,34206127.68141593,
20837435,aot,42171863.70229007,gas-used mismatch for 0x13622dc5bcacb98bb6c7fcd994ec6056610d4bce9fbf34cca7a275361d4d1c5f: expected 586323 found 119724
20837104,aot,43824981.389473684,
20837259,aot,41987283.513661206,
20837203,aot,51283520.02469136,
20836932,aot,57477947.474358976,gas-used mismatch for 0xefc3b1e1daedc05a15d2c5c7120491d540fcefc40a446bd847577701e39f4de6: expected 875871 found 637456
20838057,aot,54368669.564705886,
20837402,aot,63525215.3372093,
20837653,aot,64525228.54945055,gas-used mismatch for 0xf6c0cc2f960bdb36a2b02d626c1ecf61f0443f6f5436c82df3d35da7def9a983: expected 373680 found 98922
20837470,aot,55963584.26506024,gas-used mismatch for 0x277b942d510cbea570746bf2f191482b6e320961c542f455c49d36a2261b256f: expected 192661 found 56580
20838053,aot,83839781.64150943,
20837204,aot,35226278.80419581,
20838381,aot,78434290.25454545,
20841240,aot,55973247.19736842,gas-used mismatch for 0x881e7098956cc503af0af14b204ec2b41853a4b6a6e3f344ff00c19f04465aa7: expected 153996 found 135424
20837109,aot,49515948.94520548,gas-used mismatch for 0x925ce2372bd425c09cb6f1dde9e61ef13e5c6d2468b5922547008fe6c5ce46fc: expected 878659 found 637444
20837115,aot,65716259.26415094,
20837664,aot,37897786.0945946,
20837432,aot,61588978.12345679,gas-used mismatch for 0x73a5d165a42f68e3ace381e202703fd08ff84f00a8ffdf918bfd8b43fd227e2b: expected 485546 found 107042
20837112,aot,92971930.54545455,
20837209,aot,65090613.78625954,
20836927,aot,43333051.0,
20837011,aot,44571686.513274334,
20837658,aot,44833299.65384615,
20837676,aot,46363268.67768595,
20837442,aot,40396577.234234236,
20837004,aot,39604580.0,
20837498,aot,35925800.21428572,
20837299,aot,53927953.15909091,
20841247,aot,99406522.16363636,
20838416,aot,51747224.116504855,gas-used mismatch for 0x5df3702d6e65d10011720675bb748a73e4a3006c51cd8f43955eab8eeab36712: expected 606715 found 546104
20837467,aot,40311495.72277228,
20837217,aot,71748392.15384616,
20841246,aot,38957743.36764706,
20837083,aot,85808389.04166667,
20836928,aot,24307697.55,
20837436,aot,49369603.31666667,gas-used mismatch for 0x5a2c5e76434a25c475a2310f7cd90fee619ecaac90e68ac279940ea8e6259871: expected 261981 found 238279
20837211,aot,71196515.98684211,
20837191,aot,45246169.25174825,
20836933,aot,70369672.58333333,gas-used mismatch for 0xa6c66b7dcab8c477324f7ce55fe83298f3e1c6bb1b269816ca31afc35eb1c972: expected 875847 found 637432
20838389,aot,89408090.0,
20837019,aot,78493096.05882353,
20838059,aot,42547211.86776859,gas-used mismatch for 0xc794308ce7a2a911e22882031ca03bae85cfd11c16fe2883b7980ef6cbd098d6: expected 415435 found 249126
20838425,aot,52258744.481481485,gas-used mismatch for 0x48fbb28e51fa4b099a75f55b08abdddaeb9cebaa7e2789502eaa6d84d787e838: expected 233730 found 175590
20836889,aot,42221582.99056604,gas-used mismatch for 0x98013a5b909afc910e39b860628c12875e658ad81843b95f910752e3d33719c4: expected 907259 found 668844
20841248,aot,52203449.8,
20837067,aot,61876095.01204819,
20838394,aot,41661466.20325203,
20837069,aot,34234740.942028984,
20841229,aot,62434832.55855856,
20837205,aot,62357764.5862069,
20837105,aot,32838766.81875,
20838058,aot,50080644.95918367,
20837262,aot,51082842.324074075,
20837471,aot,49538249.85714286,
20837072,aot,79073537.82894737,
20837403,aot,45912234.61111111,
20837654,aot,47774752.14782609,gas-used mismatch for 0xb0c69e73868076fc05f6ea20f2b67a301684415ef4c6bb5de344864cedc54957: expected 467922 found 95892
20837655,aot,41634471.674418606,
20838054,aot,40199918.7421875,gas-used mismatch for 0x538ee58358ab158e59ab2a7be32e3943d157971efbcce99c3f5ce7b2ea0e8b18: expected 277745 found 153935
20837260,aot,62465323.34736842,
20836929,aot,72961150.55357143,gas-used mismatch for 0x3ca6539548318e3408379a8a7bce58ab98a599e855813d8624572702ff3be71c: expected 880647 found 637432
20837665,aot,41700687.82178218,
20837473,aot,82715609.19178082,
20837116,aot,52370989.375,
20841241,aot,46844936.61016949,
20838382,aot,48752783.66942149,
20841249,aot,43193053.94067796,
20837433,aot,59258087.913978495,
20837443,aot,29980511.493243244,
20837075,aot,67086772.02325582,
20837084,aot,44614343.32876712,gas-used mismatch for 0xb1a4db11ff3b91996586087ff61312bac1353ff5403d8cd15a3de9dba345a645: expected 488834 found 175962
20837659,aot,51854759.26213592,
20837499,aot,56794077.294117644,gas-used mismatch for 0xcc7dcbd074dff7bb9a995f3cda9e8b71cb24a7414f273ebd1e91d4905c69d92d: expected 307010 found 95880
20837005,aot,61953530.25,
20837677,aot,53966574.85436893,gas-used mismatch for 0xc701f4035a1c56f998e59bd2ce1153db265ec572728925ce3b9a05c32300fb27: expected 912059 found 668844
20838060,aot,64216694.0,
20837660,aot,54985278.25,
20837012,aot,67775173.3125,gas-used mismatch for 0x837116b9335cdd0b50ed02db218bd7937ba9b79f8a4e8d3d6876f1ea4ad7a7d8: expected 192661 found 56580
20838417,aot,55252952.505494505,gas-used mismatch for 0x5b9e77a6e8c2c02b2f029be15e62b67174d6fed060dc9ba39780738b4a9c7be6: expected 563768 found 104841
20837025,aot,13820.293493621279,
20838383,aot,46381956.57647059,
20837468,aot,47748846.11320755,
20837089,aot,30402696.2,
20837437,aot,46895721.93069307,
20838061,aot,54746261.47777778,
20841230,aot,38395890.511627905,
20836934,aot,598924.8076567657,
20837070,aot,34545087.70909091,
20838395,aot,30163910.845588237,
20837068,aot,50310647.4125,
20838426,aot,76396207.58928572,
20837020,aot,43621983.824,
20837656,aot,63909491.315789476,gas-used mismatch for 0x4e035c4addb1d783018596f1cbf1eb95a907efeb7d26575b168d57ae68a2e499: expected 344761 found 98981
20837022,aot,52483342.74489796,gas-used mismatch for 0xd49386ce30d82065c7fc9b206432285fdfbab615890da818f8e86828aceb0872: expected 390842 found 98988
20838431,aot,63438315.97674418,
20837106,aot,61007557.76056338,gas-used mismatch for 0xa0c70d256f65534ccccc20eea273233ae7e680acae82960c7810e5d5552c6c4f: expected 368925 found 99005
20837263,aot,64457893.084337346,
20837021,aot,95953829.8,
20837261,aot,63152516.18032787,
20837661,aot,28957311.244444445,
20837192,aot,92081459.72058824,
20838055,aot,42768943.25,
20837404,aot,56030309.19318182,gas-used mismatch for 0x1d0db704a32a2c15957e3a32cc38b0aec47647ecde72e7aae30ef39a59f9a66e: expected 343868 found 174244
20837073,aot,20933324.956363637,
20841232,aot,81579624.44444445,gas-used mismatch for 0xf903948746b4fd4f32bc59f21b61f10a02211dd8d1b53f82ca1a744742709a67: expected 204516 found 82074
20836935,aot,129689122.78947368,gas-used mismatch for 0x476aaf0067c9e955628fffc169c88d0ede61228596d10a6674da395c68f6b316: expected 386515 found 222282
20837434,aot,61094029.981818184,
20838419,aot,44985711.12396694,gas-used mismatch for 0x2b8dc06cf6e6b6c4482a723f7645bc2ffad3dcfbbc2eb760410541fa4713eff7: expected 189099 found 81798
20836930,aot,69167006.22666667,
20837472,aot,19161209.65013774,
20837071,aot,50907125.20454545,gas-used mismatch for 0x2ac9ac2d33bfa0b6b8b61eaff2a74b7079e25a397e97f25a674a8f8518aa928e: expected 371426 found 315832
20841242,aot,75875975.50819673,
20837666,aot,48620591.86440678,
20837474,aot,100345982.78,
20837117,aot,45318829.907692306,
20837678,aot,61676638.24590164,gas-used mismatch for 0x2804b33bcfac8b419e48851bab8cfa9e7c09c49331959090b2fac9099ec74efd: expected 264079 found 215890
20837076,aot,64522529.83098592,
20837264,aot,30589438.753488373,
20841235,aot,44972381.45544554,
20837444,aot,95508283.19607843,gas-used mismatch for 0x66660c282b0dbcf787ef356b66e3b0b6358471f91f8c8ede0e94c4c5c8b43369: expected 942922 found 753798
20837085,aot,48791109.04716981,gas-used mismatch for 0xc867bb8a68c14dde9d108680b2ec6fa8fec5efd7d6d9daa6a5ada47aafa426b6: expected 205075 found 195035
20838422,aot,28622951.209424082,
20837469,aot,61350912.73846154,gas-used mismatch for 0x570c25ce37efc465e0ed29ea7e4396f273fcb8b7d6c7b1b5a13b03fbf8120108: expected 386575 found 95868
20837013,aot,13742697.718085106,
20838418,aot,37602814.7368421,
20841236,aot,50273679.12631579,
20837006,aot,41391449.6013986,
20837028,aot,46688186.16521739,
20837090,aot,68452427.18032786,
20838427,aot,67894665.2909091,
20838434,aot,49067737.44186047,
20838423,aot,113582969.98039216,
20837016,aot,38444590.93518519,gas-used mismatch for 0x5c1bf65fd571d1cbb12b10ace81b9652c22b44ff7b04e8924c03b791b246d9d2: expected 366067 found 306398
20837074,aot,94215642.425,
20841231,aot,35513873.5882353,
20837086,aot,58137808.53333333,gas-used mismatch for 0xe7774139b439408f3158fd32bab7a13ed51bea3082f6015bc7be30af5bdbd258: expected 310996 found 239091
20837026,aot,93520064.10344827,gas-used mismatch for 0x511f8260069446c88bb2321cb4d8e5302274fc0c56d473ecfc3ce23ba6e4e77a: expected 739355 found 125787
20837447,aot,50033072.973684214,
20837438,aot,51702880.25454546,gas-used mismatch for 0x42ec2aad92832004cf8939ddeb0d0b4563a0696812498804ae325b806a60d6b3: expected 186265 found 81334
20838396,aot,80221475.56896552,
20837087,aot,33381283.34126984,
20837450,aot,66710196.33846154,
20837681,aot,50942640.21505377,
20837439,aot,59348636.87951807,
20837662,aot,79782979.64583333,
20837023,aot,45838142.1640625,
20837405,aot,49852949.13333333,
20838435,aot,58153521.79452055,
20838428,aot,44680119.16470588,gas-used mismatch for 0x597fdf43689d0d9e9703e80651d3ddbff1475e146f44f33dc0573b4275bb31a5: expected 947739 found 862064
20838432,aot,61818375.104761906,gas-used mismatch for 0x3e4d6f5f1fe7cba9baad747756961b1c69bbd61f29862add860eb4201e948fc6: expected 189099 found 81798
20837017,aot,79075552.44444445,
20841243,aot,33372244.405172415,
20841233,aot,23446575.632411066,
20837193,aot,57057395.75247525,
20836936,aot,73514860.10294117,gas-used mismatch for 0x13fe747ed04b8aaf8686fae69f102ec0e599642186703e09d8e98ab7f884ad80: expected 218934 found 144535
20837684,aot,75818065.42465754,gas-used mismatch for 0x70736727ba1608cb6f78ef1941543516f0aab95f684f098ff70ad949b08fc1e0: expected 386509 found 107026
20838420,aot,65443417.815789476,
20838401,aot,56765733.301724136,
20837088,aot,89910718.82142857,
20837118,aot,51630505.12087912,gas-used mismatch for 0xb1edf781fb130f833719223ac2b9f0a4cfe9aaf6998db4ef7f1869df2f4659ff: expected 446709 found 95892
20837077,aot,42256701.82178218,gas-used mismatch for 0xb39bff4590c92da8ef0709c491d5baa256d2c725adaa98832de766f6655a97e8: expected 329806 found 289745
20837018,aot,61677924.071428575,
20837667,aot,73324705.16901408,gas-used mismatch for 0xc62667822635d1ab9035345abeded00b857fdc0fca03d414b4c9333584330059: expected 259696 found 194713
20837682,aot,58012328.81,
20837098,aot,45655575.95180723,
20837095,aot,53937568.8021978,gas-used mismatch for 0x7cb008d78c643934a3446b99e24808aeabe15dc8d005b4329268077f0c5b1596: expected 215886 found 205846
20837679,aot,15724042.93154762,
20837475,aot,88053795.24615385,
20837448,aot,52026751.58064516,gas-used mismatch for 0x8a09b64c6b3d6b62a6ae4bddce96cd6281b03cf191203a0b4793ee3819472098: expected 370313 found 206005
20837029,aot,41647180.640625,
20837091,aot,48166271.95348837,
20837445,aot,56413247.948979594,
20837015,aot,51471018.35,
20837449,aot,33889796.70229007,
20837014,aot,69656018.38028169,
20837669,aot,77127914.37704918,
20841237,aot,46380162.51351351,
20837683,aot,51058593.526315786,gas-used mismatch for 0x8d01bcc7757db87b6a1b3902560dbb8442a57eeec971bfa6f722eff89b66ee30: expected 427499 found 401198
20838399,aot,42141081.31481481,
20838398,aot,25463326.869109947,
20837096,aot,41109293.11570248,
20837440,aot,54407419.952380955,gas-used mismatch for 0x5f626733f8f638c53e500d66452340dee45bf6d5fa561cc6021a923a9239c172: expected 404387 found 107154
20837680,aot,98348100.65454546,gas-used mismatch for 0xaf0e094310be6f8f3b189d71f9699e1fc7d4ed1d7459f3d038c2a4f86c594a97: expected 208453 found 144540
20837027,aot,72101363.07042253,
20838421,aot,43270783.27927928,gas-used mismatch for 0x983713870841898d5d4c1e83d43a92ede5f37adff52956d6e42caa7aa1739df8: expected 209621 found 82074
20838436,aot,60981387.906666666,gas-used mismatch for 0x02e1f859cc94bc14c47563d3704b7b14c495428f0b61bfaf3f04534f03e3cbc3: expected 369487 found 95880
20838397,aot,47970389.77669903,gas-used mismatch for 0x3ad0f8beb9899350edc75f83580c3165f7d2af57d4e32bb629bf0b56a3a3db6e: expected 801992 found 697739
20838424,aot,54374675.67256637,
20837024,aot,52831382.59375,
20838429,aot,81053399.85,
20837685,aot,37979241.46666667,
20837451,aot,46115427.34234234,
20838407,aot,33832864.640522875,
20838411,aot,35975320.67346939,
20838400,aot,41110629.63963964,gas-used mismatch for 0x04f3240ad0cda14996c933b4a9f36b077e23e222a6cd37f68067fa1f0261c108: expected 402779 found 381868
20838430,aot,36410503.76774193,gas-used mismatch for 0x853ff1f49003c01fe73230ccd05ec6bc8cc54471a3067f15de8d068bb4282534: expected 322436 found 170848
20838410,aot,35199897.81746032,
20837686,aot,42177008.4954955,gas-used mismatch for 0xc56a6bd8e311ee1c682edc268f670e0b463ecd871aa643013838dc5b75240337: expected 264067 found 215878
20837093,aot,24857651.64640884,
20837092,aot,53142379.41509434,gas-used mismatch for 0x8ed1674f1d44e15d876b60d4adedefd817cdd74fd8f331e306b828235a7a176c: expected 241724 found 127378
20838433,aot,71722826.76470588,
20841234,aot,44623252.679245286,
20837446,aot,42799211.36283186,
20837672,aot,35736846.702970296,
20837030,aot,35841203.75,
20838402,aot,37026754.49090909,
20837119,aot,54308115.49230769,
20838403,aot,42900809.51428571,gas-used mismatch for 0x75525ccdd61b0cddb0c6d8c575d5ec5a36f30c9a8847bba262520679cffe3f03: expected 957883 found 537943
20838408,aot,58901370.820512824,gas-used mismatch for 0x483f15282628180700d3ccb92ed328a40811f3a059b4e20a8f93371907e83260: expected 1757416 found 663335
20837094,aot,48518652.4109589,
20838409,aot,53319751.571428575,
20837668,aot,16810961.273109242,
20837097,aot,36637344.25,
20838404,aot,34643880.40869565,
20837099,aot,34577392.06535948,
20837670,aot,17526734.936440676,
20837120,aot,20882818.152046785,
20837123,aot,23738310.58041958,gas-used mismatch for 0x6c3adec521f360f59d7f57f1a478a140ab84abce08cea07afe5f329386fbfa98: expected 188165 found 181976
20837122,aot,33890391.00900901,
20837674,aot,31322933.954545453,gas-used mismatch for 0x77aceb7eb77b9440ce425b5f7d5797d05ebd042dd153914de175041e49b2c89c: expected 880647 found 637432
20838412,aot,24310914.875,
20837121,aot,22181718.8828125,
20837452,aot,36809204.44871795,
20837673,aot,41886017.76470588,
20838405,aot,25183941.553846154,gas-used mismatch for 0x2a98310284a4ccbb74435bf9dc42bb734a6f1015e713a2a4da238fc377217536: expected 189099 found 81798
20837100,aot,16742886.181818182,
20837124,aot,35891075.62376238,
20837671,aot,43870146.868421055,
20838406,aot,27691533.672,
