id,run_type,exe_time,err
20671343,native,36777254.608333334,
20670921,native,19825730.01659751,
20669620,native,17573397.623188406,
20669609,native,22746179.24537037,
20669612,native,26695456.172222223,
20669632,native,34610332.93478261,
20672750,native,68053932.92424242,
20669479,native,13941639.123595506,
20671437,native,40374304.833333336,
20670875,native,11122911.611479029,
20669474,native,17620614.234265734,
20669468,native,31244473.93037975,
20669491,native,19070138.82706767,
20671250,native,11577282.780045351,
20669469,native,39801962.96666667,
20669476,native,11086530.205183586,
20669473,native,39447155.92682927,
20669470,native,22344953.85333333,
20670312,native,42626538.01724138,
20672375,native,43164944.05217391,
20671906,native,9021.662050700617,
20669482,native,39413941.666666664,
20669375,native,52972289.94505495,
20671062,native,47111082.58252427,
20669614,native,29420686.98245614,
20669485,native,55810867.2,
20669477,native,43793623.027027026,
20673875,native,47459517.73786408,
20669562,native,43220806.70434783,
20672000,native,39128544.17460317,
20669750,native,47278758.74285714,
20669515,native,40399963.138211384,
20671812,native,36149034.879432626,
20669538,native,56940676.941176474,
20671625,native,34871137.95333333,
20669585,native,57023979.84883721,
20669610,native,46657609.320754714,
20670500,native,48407891.63106796,
20671531,native,47801790.70476191,
20669656,native,59526904.65882353,
20670218,native,71485802.85294117,
20670968,native,41847065.93650793,
20671859,native,48808599.96226415,
20673125,native,50456622.699029125,
20670125,native,82094054.68333334,
20669613,native,58270971.177777775,
20669611,native,73854895.63380282,
20669375,aot,51797446.48387097,
20672751,native,21823988.73979592,
20671344,native,45428494.60909091,
20669475,native,60709950.54545455,
20672376,native,52218612.75294118,
20669679,native,33568895.51111111,
20669633,native,30308211.73529412,
20671438,native,47627475.74,
20670406,native,50344090.916666664,
20670219,native,39146193.48275862,
20669478,native,44307462.60952381,
20669626,native,33864618.32911392,
20669376,native,14173710.222857144,
20669539,native,37624910.73809524,
20672375,aot,41725591.04310345,
20669586,native,17812396.054545455,
20670265,native,16252125.237623762,
20670922,native,68084534.32876712,
20670313,native,23021053.13761468,
20671063,native,20860776.900414936,
20669751,native,54660897.43333333,
20673126,native,32452437.731034484,
20669483,native,43677922.09565217,
20669492,native,22531654.721739132,
20671813,native,51848762.67368421,
20669621,native,65202644.68,
20673876,native,35741281.42142857,
20670126,native,24368214.782828283,
20670501,native,67195691.60273972,
20671860,native,63392522.64383562,
20670171,native,17673996.76975945,
20671907,native,54404663.692307696,
20669703,native,55043504.472527474,
20671390,native,51561281.472527474,
20669657,native,45436382.03773585,
20670969,native,34332418.55319149,
20669615,native,43385578.4,
20671532,native,42112117.11016949,
20672001,native,48668714.91262136,
20669563,native,17001316.02201258,
20669471,native,57569760.56818182,
20670876,native,62460569.76923077,
20669516,native,34798929.451612905,
20669480,native,67187446.7236842,
20670241,native,73598838.47692308,
20671626,native,149419442.74285713,
20669486,native,57968488.96590909,
20671251,native,61680309.964705884,
20669376,aot,14792913.344729345,
20672752,native,51457094.942857146,
20672002,native,47765211.144578315,
20670898,native,48052249.571428575,
20671345,native,44967603.93103448,
20669680,native,51926361.270833336,
20670220,native,35648373.06993007,
20671439,native,46317319.1981982,
20669377,native,77372163.53968254,
20670407,native,48772935.3490566,
20670314,native,7116661.4063800275,
20672377,native,53550944.53763441,
20671064,native,62496214.2,
20672376,aot,51619608.653465346,gas-used mismatch for 0x5aaf67f68b1314be427b3787a44ca46d39a9ae0639d5643789184fe6d8568a9f: expected 266951 found 219661
20670923,native,32674082.0310559,
20670253,native,53067299.45918367,
20671391,native,19859869.53125,
20673877,native,28922712.210227273,
20669487,native,28572777.418181818,
20671533,native,26776159.47643979,
20669484,native,38599043.02962963,
20669704,native,31944892.99378882,
20669587,native,55497297.72631579,
20670266,native,61723006.32941177,
20673127,native,25004572.162790697,
20669634,native,45423592.856,
20669658,native,32559573.306748465,
20670127,native,44487514.618644066,
20671908,native,57723274.97727273,
20671861,native,49841733.22857143,
20670502,native,42968403.61788618,
20669493,native,71552260.0,
20670970,native,30449825.869318184,
20670172,native,51584554.83495145,
20669472,native,35101362.00684932,
20669564,native,60234371.666666664,
20669540,native,42174859.06666667,
20669517,native,42432872.91869919,
20670877,native,66480793.315789476,
20669481,native,45655062.203539826,
20669752,native,49202119.67826087,
20669616,native,46855949.720338985,
20669622,native,41726796.47407407,
20671814,native,39058608.45890411,
20670242,native,25263010.725581396,
20671627,native,38061416.15602837,
20669627,native,47894776.666666664,
20671252,native,37334380.40441176,
20669377,aot,76095510.95588236,gas-used mismatch for 0x9610a70e0f23d0d4f775dbfad0845859ecea384c8441dfdb8c69ce9255be6b9f: expected 772289 found 809283
20671346,native,37125450.4351145,
20672003,native,63261723.55128205,
20670899,native,38254205.526315786,
20669681,native,36817434.36296296,
20672753,native,76312113.62121212,
20669628,native,40834052.2631579,
20669378,native,47734361.24271844,
20670221,native,44280639.73873874,
20670924,native,33329009.62328767,
20671440,native,44255918.747826084,
20669705,native,18820162.81368821,
20670254,native,44620883.53982301,
20670267,native,13769601.598360656,
20672378,native,38543748.27407408,
20669617,native,38842206.36521739,
20669623,native,33128810.61589404,
20670503,native,25058788.20707071,
20670408,native,43611075.825,
20669488,native,49990851.57281554,
20669635,native,35888419.22142857,
20673878,native,53187883.010416664,
20671392,native,67736415.64,
20669588,native,60002249.313253015,
20671534,native,50873634.94059406,
20670315,native,69310491.42105263,
20671065,native,70859894.32876712,
20671909,native,56981549.75,
20671862,native,37939705.57037037,
20670173,native,5350148.4099895945,
20669659,native,38769846.641221374,
20673128,native,44165851.16949152,
20669541,native,15001607.213872833,
20669573,native,42878404.88983051,
20670971,native,45917759.08108108,
20670128,native,48641107.675925925,
20669494,native,49030855.70476191,
20669565,native,46573633.71818182,
20673500,native,44393430.690265484,
20670878,native,14417488.515068494,
20669518,native,41896831.144,
20669753,native,26753629.98989899,
20670243,native,48709152.666666664,
20672377,aot,58665246.80612245,
20671253,native,41607868.99173554,
20671628,native,40303831.49206349,
20671815,native,47878947.468468465,
20669597,native,73360528.91549295,
20669378,aot,52423410.31818182,
20671347,native,47194061.42307692,
20669682,native,42757680.03703704,
20672754,native,39259056.91056911,
20669495,native,25225457.83870968,
20672004,native,46408873.443396226,
20670222,native,48245046.530612245,
20670900,native,45293938.37837838,
20669706,native,58475776.115384616,
20669624,native,35638552.4296875,
20669379,native,50840726.041666664,
20670268,native,13728653.173789173,
20671441,native,38090918.104,
20670925,native,56845070.27906977,
20672379,native,18026054.07518797,
20670255,native,43209760.765765764,
20669629,native,32554142.581818182,
20673879,native,17670226.189090908,
20669489,native,14720303.543806646,
20671066,native,44859375.9047619,
20671535,native,42511796.45945946,
20670504,native,40544064.44067796,
20671393,native,40066362.49586777,
20669618,native,45739169.179245286,
20673129,native,32933551.397260275,
20671910,native,36107657.14705882,
20669636,native,30109586.454545453,
20669574,native,7581489.851851852,
20670409,native,51465430.39795918,
20669589,native,53592814.2,
20673501,native,36699318.22137404,
20671863,native,32472059.219354838,
20670316,native,61424258.790123455,
20669660,native,61458440.4,
20669566,native,43222294.216216214,
20669754,native,40846463.225225225,
20669542,native,57502198.60465116,
20670129,native,62214219.75,
20670174,native,71588950.12121212,
20669519,native,29824762.721212123,
20672378,aot,36065250.91111111,
20670244,native,48818871.84158416,
20671629,native,42107311.652542375,
20671254,native,54816640.19318182,
20670879,native,73846742.58823529,
20671816,native,47917722.62135922,
20670972,native,36601012.57333333,
20669598,native,41885576.74576271,
20669379,aot,51189753.80582524,
20671348,native,12377123.600472813,
20669630,native,52268632.25,
20672755,native,29027834.10857143,
20669683,native,44299187.833333336,
20672005,native,37639244.99264706,
20670901,native,48466748.99029126,
20670223,native,49097869.67619047,
20669707,native,23224502.533632286,
20669496,native,53280839.58415841,
20669380,native,45987565.690265484,
20671442,native,38400803.23703704,
20671536,native,43606019.27027027,
20673130,native,32259203.84,
20669619,native,46083374.961904764,
20669625,native,46869019.08695652,
20671394,native,15697132.803680982,
20670269,native,79676853.7,
20669490,native,46435255.6,
20670926,native,38254334.07092199,
20669637,native,54434145.72527473,
20670256,native,41955768.34920635,
20673880,native,49550907.81904762,
20669543,native,49475341.473684214,
20671911,native,43262138.70689655,
20670317,native,45064504.87962963,
20669590,native,31074533.677018635,
20670245,native,37807504.13223141,
20670410,native,39759617.3671875,
20669575,native,57505178.302325584,
20670130,native,37136666.78625954,
20673502,native,43547424.672413796,
20671067,native,44972111.04958678,
20669661,native,71881028.19117647,
20671864,native,40702507.265625,
20672380,native,62704764.92045455,
20669755,native,45665191.336283185,
20672379,aot,17977997.26501767,
20669567,native,39441196.05263158,
20671817,native,16996354.114583332,
20670175,native,52288589.82524272,
20669599,native,35962398.52205882,
20669520,native,45130771.18644068,
20671630,native,30729334.502923977,
20671255,native,38243317.35555556,
20670505,native,47728498.384,
20670973,native,55004315.94505495,
20670880,native,48430431.15740741,
20669380,aot,43626525.573913045,
20671349,native,79363955.74603175,
20672756,native,30317873.211180124,
20669684,native,28675891.005847953,
20670224,native,27914683.565714285,
20670902,native,26331174.282722514,
20669497,native,29520137.269005846,
20669708,native,32653233.541935485,
20671818,native,60690499.666666664,
20671443,native,50203306.78947368,
20673131,native,58524636.30120482,
20669631,native,50072205.47826087,
20671835,native,22877081.313636363,
20672006,native,49535671.08108108,
20669638,native,22557742.51627907,
20670270,native,29905449.748538014,
20670246,native,41629373.74137931,
20670944,native,42537012.550847456,
20669381,native,44506378.8220339,
20670927,native,47177265.5754717,
20670247,native,21319919.832,
20669544,native,38882969.02307692,
20673881,native,52656556.989583336,
20669662,native,10407439.084210526,
20671537,native,51675477.03883495,
20670318,native,33870710.92,
20671912,native,41312536.585365854,
20670257,native,44688002.64655172,
20670131,native,32641657.80645161,
20669591,native,33106404.256410256,
20671068,native,28853538.2,
20673503,native,67460142.29333334,
20670411,native,57323944.32967033,
20669576,native,54164461.104166664,
20672381,native,50621021.51485149,
20671865,native,46747164.072072074,
20669568,native,41115090.648,
20670506,native,23570957.27142857,
20669756,native,40555836.72519084,
20672380,aot,58084658.63736264,
20671256,native,49194155.699029125,
20671631,native,54117663.25263158,
20670974,native,33540074.07843137,
20670176,native,64236936.86746988,
20669600,native,38128768.92907801,
20670881,native,29879612.445714287,
20669521,native,59885408.277777776,
20671395,native,122645448.9090909,
20669381,aot,41703701.28333333,gas-used mismatch for 0xcad175c83bd5d49e5943368b73a2e94d288bea0d26225f552461d0ba0268dee9: expected 277745 found 153935
20671350,native,23791204.71830986,
20669685,native,22401700.688372094,
20672757,native,63955700.4868421,
20670225,native,37600925.125,
20670903,native,45291631.25,
20671444,native,40784815.48760331,
20672007,native,33604176.85,
20670956,native,38336850.808,
20669592,native,38879750.567567565,
20671819,native,45979908.47272728,
20669709,native,46596727.083333336,
20670248,native,12955883.514824798,
20673132,native,48392710.310679615,
20673882,native,15248886.659375,
20670945,native,31815065.698717948,
20669382,native,44233574.07272727,
20671836,native,72942166.48529412,
20670250,native,22401959.32888889,
20670928,native,40324235.99173554,
20671913,native,16179647.691803278,
20670177,native,44809115.174418606,
20670271,native,68056818.50704226,
20670132,native,31161225.018987343,
20669545,native,32863787.51633987,
20673504,native,18192834.515037593,
20671538,native,44687841.96363636,
20670258,native,33834732.722972974,
20669663,native,56870261.70454545,
20670319,native,56925217.09090909,
20669569,native,15764736.061093248,
20669757,native,29166189.842424244,
20669577,native,30649509.91411043,
20672382,native,34395141.73287671,
20670412,native,43090121.652542375,
20671069,native,71200300.45070423,
20669639,native,63543633.5125,
20670507,native,54327608.67032967,
20669498,native,31253280.57711443,
20671632,native,22383932.08071749,
20672381,aot,48370712.25242718,
20671866,native,39550346.11594203,
20671257,native,40479226.632,
20670975,native,47426044.23584906,
20670882,native,44149438.81981982,
20669522,native,30194578.53939394,
20669601,native,56088919.85148515,
20671396,native,41201178.9338843,
20669382,aot,42882490.288135596,
20671351,native,55523704.40860215,
20669686,native,27349733.994897958,
20672758,native,57837719.97802198,
20670133,native,30364829.454545453,
20670904,native,14342744.013477089,
20671445,native,45524112.34234234,
20669593,native,29635553.54117647,
20670226,native,56417703.969387755,
20671820,native,50639588.35643564,
20673883,native,64621950.171052635,
20670251,native,20696584.34979424,
20671837,native,12590369.630272953,
20669383,native,47048900.514563106,
20671914,native,17209363.374570448,
20669710,native,46634625.35135135,
20670249,native,79156194.6557377,
20670957,native,42200107.9609375,
20670929,native,27342373.70744681,
20670946,native,29558786.45505618,
20670320,native,33489242.736486487,
20673133,native,23572976.588495575,
20671539,native,46247981.85185185,
20670178,native,38399674.97037037,
20672383,native,40853295.104347825,
20669546,native,46473879.99090909,
20673505,native,57756128.73255814,
20669664,native,33072450.209150326,
20670272,native,35390999.91891892,
20670259,native,48660805.08571429,
20672008,native,71937725.96296297,
20671070,native,39559566.15447155,
20669570,native,54845505.15053763,
20670413,native,44546141.126126125,
20670508,native,19190969.48659004,
20669640,native,67406387.67123288,
20669758,native,43059513.56198347,
20669499,native,55470196.833333336,
20669578,native,38012543.60992908,
20671258,native,30712813.82208589,
20670883,native,43026103.58260869,
20670976,native,41477357.05785124,
20669523,native,31109248.8,
20672382,aot,36322203.15172414,
20671633,native,60782370.847058825,
20671867,native,49552736.018867925,
20669602,native,26160616.174863387,
20671397,native,26962868.97752809,
20669383,aot,45071666.95575221,
20671352,native,29250003.791907515,
20669687,native,50312246.811881185,
20670134,native,50755059.333333336,
20672759,native,44603427.42477876,
20670227,native,34379759.27586207,
20671446,native,41430826.25203252,
20669594,native,48441952.66037736,
20671821,native,43482432.172413796,
20673884,native,50384651.43564356,
20669711,native,37352590.044117644,
20670905,native,52004367.02857143,
20669384,native,37500957.231884055,
20670875,aot,11710659.121412804,
20671540,native,3813498.193087904,
20670930,native,49491789.633663364,
20671838,native,58311489.54545455,
20670958,native,41950032.56097561,
20672009,native,33180508.756756756,
20670179,native,44246776.93965517,
20673134,native,3937375.725362319,
20670321,native,48036495.845454544,
20671915,native,79112467.03030303,
20670252,native,67278084.65,
20670414,native,33225081.96,
20669547,native,36618007.31506849,
20670273,native,52173217.37,
20670947,native,75518942.73529412,
20669571,native,35438145.01369863,
20672383,aot,39810720.35135135,
20671071,native,32361245.55214724,
20673506,native,42089871.5,
20669641,native,63189860.55263158,
20670260,native,48723604.567567565,
20669759,native,51962577.54736842,
20669665,native,52701103.50495049,
20672384,native,34525554.40490798,
20669579,native,45784029.04545455,
20670884,native,32601861.2875817,
20669500,native,29904669.7247191,
20669524,native,21766571.60425532,
20670509,native,59511393.913978495,
20670977,native,47987503.50909091,
20671868,native,34647350.70198675,
20671634,native,38896920.2132353,
20671259,native,53718071.12,
20671398,native,56474314.48863637,
20669603,native,47076994.22413793,
20669384,aot,36765009.25735294,
20671353,native,66502623.885714285,
20669688,native,37288703.42063492,
20672760,native,10647418.958695652,
20670135,native,39998466.82926829,
20671447,native,42710559.554545455,
20670228,native,38286787.1171875,
20669595,native,11913822.12990196,
20671822,native,31022416.53164557,
20673885,native,52177689.90322581,
20669712,native,33214908.41891892,
20670906,native,52335798.01111111,
20669385,native,36029468.558823526,
20671839,native,38722437.71875,
20670322,native,45987851.88,
20670959,native,29284877.86309524,
20670180,native,36378295.022556394,
20672010,native,31886314.451612905,
20670876,aot,59053053.91764706,gas-used mismatch for 0x3001a7b2ac3d32b0382792f0b4d59bc73fc855f8a641332729fff8e4ed05bde0: expected 213378 found 82074
20670931,native,53907445.48387097,
20670415,native,850806.9424718334,
20671541,native,66546647.47945205,
20669548,native,35378583.385714285,
20670948,native,29751494.894117646,
20672384,aot,29695485.811764706,gas-used mismatch for 0x9653fd998514c0446d38c081653e94b439615d0d3ecbb505ccee6970628f3198: expected 424543 found 95868
20670261,native,45454532.443396226,
20669666,native,31376144.224358976,
20669580,native,43084613.36936937,
20669642,native,48110370.82178218,
20672385,native,20084666.14,
20670274,native,33768656.37254902,
20671072,native,45243728.02727272,
20671015,native,47688074.574074075,
20669760,native,33817059.84,
20671916,native,67314734.48684211,
20673135,native,80370673.57142857,
20669572,native,47812428.57522124,
20670885,native,47592514.43518519,
20669525,native,41169437.8,
20669501,native,55954405.844444446,
20671635,native,39915614.032,
20670978,native,34053283.49006622,
20673507,native,54419929.283018865,
20671260,native,51067143.838709675,
20671869,native,45561031.18918919,
20670510,native,84887712.0,
20671399,native,31997891.07096774,
20669604,native,20737113.302040815,
20669385,aot,35733310.37762238,
20671823,native,6980426.66096423,
20671354,native,49237659.61111111,
20672761,native,64048337.723684214,
20669689,native,53824869.21,
20671448,native,33007119.26,
20669596,native,11520216.761363637,
20670229,native,50652854.5,
20670136,native,50695519.733333334,
20673886,native,53218237.02197802,
20670323,native,42200971.86440678,
20669713,native,28372981.989361703,
20670932,native,13501729.525469169,
20670181,native,20769336.846774194,
20672011,native,22028527.467532467,
20670907,native,53822127.56842105,
20670960,native,68626131.08450705,
20672386,native,59123448.44736842,
20671542,native,47656056.910891086,
20669549,native,88165812.03773585,
20669386,native,70357772.05714285,
20670877,aot,67198034.05333333,
20672385,aot,19599945.119521912,
20671840,native,17863764.535947714,
20671917,native,20501834.195744682,
20669643,native,42697075.79130435,
20669667,native,35420315.87857143,
20670949,native,36753891.24637681,
20669581,native,36231369.927536234,
20670275,native,53776897.43010753,
20669761,native,52788373.177083336,
20670886,native,29801837.62576687,
20670416,native,89246228.53571428,
20671073,native,49452967.99056604,
20671847,native,33160315.278145697,
20671636,native,17918608.48120301,
20670262,native,36328696.12258065,
20669526,native,42321613.24778761,
20669502,native,7289884.175287357,
20671261,native,23755567.97,
20673136,native,72933258.85714285,
20671870,native,36381189.7518797,
20673508,native,24307040.932692308,
20671016,native,67157055.43529412,
20671400,native,42536315.96521739,
20670979,native,79133470.95384616,
20669605,native,54229946.17204301,
20670511,native,90429195.03571428,
20669386,aot,75312706.14084508,gas-used mismatch for 0x2d2c877252dfcb44760c64fb415a9e3e7541e07f1cbff608007ffb59e8450a72: expected 287011 found 243318
20671449,native,46417407.61,
20672762,native,40830039.66115703,
20669690,native,48609296.55,
20670137,native,33416657.264285713,
20671355,native,37918004.95,
20674625,native,31875233.717791412,
20671824,native,67451851.45,
20670933,native,46463205.80612245,
20673887,native,36241679.062937066,
20670230,native,63444769.69135802,
20670878,aot,14015377.29129129,
20672387,native,17721364.73800738,
20670324,native,16818405.312080536,
20669714,native,38576918.416,
20669668,native,39347269.88983051,
20672386,aot,57273988.825581394,gas-used mismatch for 0xb1e348930f2152129bc319e7d7d2b23899cc866ddc574963170ba065ffd62415: expected 360151 found 317150
20670961,native,54065387.10752688,
20672012,native,70581809.68571429,
20669582,native,37811447.1015625,
20670908,native,45307052.68468469,
20671543,native,10625208.38554217,
20671918,native,59336429.58024691,
20670950,native,43469968.63478261,
20671841,native,60809234.313253015,
20669644,native,34760329.880794704,
20671074,native,54148443.421686746,
20669550,native,43357268.808,
20670182,native,53347320.88679245,
20670276,native,48067159.08571429,
20673137,native,18226904.027888447,
20669387,native,30145682.881081082,
20670263,native,46283536.06930693,
20671848,native,66555182.83098592,
20670417,native,37671926.0,
20669762,native,18448474.89473684,
20671637,native,33502659.413793102,
20673509,native,41808225.46902655,
20669527,native,38102584.562962964,
20669503,native,60640390.55555555,
20671871,native,30249021.624242425,
20671262,native,22502085.684210528,
20671017,native,35044215.89041096,
20670887,native,70938092.5925926,
20670980,native,57651680.97183099,
20671401,native,51508583.58163265,
20670512,native,49656943.0,
20669606,native,48594049.36363637,
20669387,aot,24962308.487046633,
20671450,native,14057237.689750692,
20670138,native,5333615.5096982755,
20671356,native,35026502.73571429,
20672763,native,34435190.553333335,
20669691,native,45007680.03448276,
20674626,native,38359523.00763359,
20671825,native,34070126.75333333,
20669715,native,3401201.1810865193,
20670231,native,33277439.064102564,
20670962,native,27089992.606741574,
20673888,native,44152222.31404959,
20669583,native,41527875.25423729,
20672388,native,62294096.575,
20669669,native,39369743.55555555,
20672013,native,5361221.2130479105,
20672387,aot,18032131.846666668,
20670879,aot,77435300.81428571,
20670934,native,52674773.66037736,
20670325,native,52594940.46666667,
20670909,native,44117433.20338983,
20671544,native,63459540.9125,
20671842,native,32206491.068322983,
20671075,native,25434144.93,
20669645,native,32763416.42948718,
20673510,native,43591123.98095238,
20670951,native,44530153.69491526,
20669551,native,34659934.1589404,
20673138,native,40288418.53968254,
20669388,native,50570596.8,
20671919,native,21671216.164750956,
20670277,native,37488602.50714286,
20671263,native,62774006.76712329,
20669528,native,34527791.11724138,
20670264,native,38447495.8,
20670183,native,49922968.30555555,
20671638,native,41083533.8515625,
20671849,native,23330811.336099584,
20669763,native,49663475.44761905,
20671018,native,39004540.03333333,
20671872,native,73329070.12121212,
20669504,native,44637301.37190083,
20670981,native,37176921.398373984,
20670418,native,76148422.84507042,
20670888,native,49263315.95049505,
20671402,native,34945750.8359375,
20669607,native,36392839.708333336,
20669388,aot,45951910.84210526,gas-used mismatch for 0x7a759a075f57c4cd9bf11f22e293304a7625b7d64003555ff97c944297c086d3: expected 891318 found 712150
20670513,native,40601691.01652893,
20672764,native,23011103.452488687,
20671451,native,66605859.68493151,
20670139,native,72227812.42253521,
20671357,native,56194243.41052631,
20669692,native,38269834.15,
20669584,native,18345045.676923078,
20671826,native,38516741.89130435,
20670232,native,35828685.71232877,
20674627,native,46729465.0,
20670963,native,59289222.13253012,
20672389,native,34978469.8137931,
20669670,native,38010900.20300752,
20673889,native,31714344.47398844,
20670880,aot,48888163.56190476,gas-used mismatch for 0x78413101a1dd51c1890c90c8fcb026eb3e46d1c4fcc2fd5a3ea34aaeeb100213: expected 295429 found 264657
20669716,native,75316208.93150684,
20671920,native,30218666.246376812,
20670326,native,55181728.91208791,
20670935,native,51215537.27,
20672014,native,69728778.64383562,
20673139,native,25967389.869109947,
20672388,aot,64078723.07058824,
20673511,native,38193410.29285714,
20670910,native,50795676.52830189,
20671843,native,56641513.17894737,
20670952,native,32784883.391566265,
20669646,native,48995566.117117114,
20671545,native,70304130.05128205,
20671076,native,57689896.666666664,
20669389,native,33645153.0,
20669552,native,40338483.25362319,
20670419,native,38537753.734513275,
20670184,native,59853219.77333333,
20670278,native,42522143.3828125,
20671625,aot,34647332.80821918,gas-used mismatch for 0xcd970cae3755cd231c2bf2e11a10a7a0497f227eaf0d5aa6fb6fb281e5e35831: expected 442479 found 400226
20671019,native,48689155.75268817,
20670982,native,24676862.96,
20669505,native,39469754.23809524,
20671264,native,52725350.161290325,
20669764,native,72975565.06153846,
20671850,native,56975826.65882353,
20669529,native,43068128.67826087,
20670889,native,38765254.9609375,
20671639,native,80610738.25,
20671403,native,47905377.653465346,
20669389,aot,31546408.71034483,
20671873,native,66428605.62820513,
20670514,native,18673937.70781893,
20669608,native,40637872.90243903,
20672765,native,60941490.192771085,
20671827,native,5036752.519,
20671452,native,51622951.556603774,
20669693,native,21699590.454166666,
20674628,native,45070504.371681415,
20670140,native,32813085.622857142,
20672015,native,36316843.722222224,
20670233,native,28203793.29255319,
20673312,native,38851700.319148935,
20669671,native,47185695.33980583,
20671358,native,36869392.62820513,
20671921,native,26984917.00531915,
20670964,native,53303738.18367347,
20670881,aot,29663852.34682081,
20673140,native,37673418.71428572,
20672390,native,45003022.75609756,
20670327,native,39372755.4887218,
20669717,native,40815465.99230769,
20672389,aot,33092590.098039217,
20673890,native,54308518.14851485,
20669553,native,53611778.73255814,
20670936,native,46319500.33898305,
20671077,native,34974184.29054054,
20671844,native,34734810.12258065,
20670420,native,41666602.5,
20671546,native,63972212.86746988,
20670953,native,57187489.631578945,
20673512,native,32426265.48,
20669390,native,50067804.6,
20670911,native,42565721.94736842,
20670185,native,44681291.99090909,
20671265,native,27006474.983146068,
20670279,native,68812338.53424658,
20669647,native,52607726.074074075,
20669765,native,35199398.47552448,
20671851,native,54078195.97727273,
20670983,native,60761545.084337346,
20671020,native,37390510.93617021,
20670515,native,68194637.9090909,
20671640,native,26590854.35078534,
20671626,aot,143735761.3888889,gas-used mismatch for 0xd73fbb546b8377de51daa1bfeadf6ff9a516b3f4c52f50afa2a3d5a316a28873: expected 465374 found 95892
20669530,native,52948903.15053763,
20669506,native,16470173.648484848,
20669390,aot,44754423.592920355,gas-used mismatch for 0x58dea32ab3cf54f16af1b45617551694a4da9c8716e5e72bdb4d84220669e563: expected 319103 found 95916
20670890,native,38820101.60902256,
20671874,native,42931770.3220339,
20669937,native,53623875.02150538,
20671404,native,65913894.493827164,
20672766,native,38382523.14285714,
20671453,native,38855465.89230769,
20674629,native,32854267.93918919,
20669694,native,52117649.166666664,
20672016,native,37665149.26190476,
20670141,native,44470561.777777776,
20673313,native,19662143.784552846,
20669672,native,36554658.65925926,
20671828,native,91346385.65454546,
20670234,native,39946666.047619045,
20671359,native,48299879.82653061,
20670965,native,46702739.352380954,
20673141,native,35704240.06666667,
20672390,aot,40410663.69166667,gas-used mismatch for 0x7a2ca4565e78fe6bb956d78e5f0aeeafc183f5bf0780c3350600e5d6155c9767: expected 453982 found 339289
20671922,native,74201470.81818181,
20673891,native,14917923.832817337,
20670882,aot,43291494.79661017,
20670328,native,57042742.72093023,
20672391,native,34104304.62,
20669718,native,26568762.3172043,
20670937,native,32727326.02739726,
20669554,native,36280286.23529412,
20670891,native,37581033.97087379,
20669391,native,5436442.634201585,
20670421,native,27031705.530054644,
20670954,native,25222570.56842105,
20671845,native,37325450.44360902,
20671078,native,29122499.809248555,
20670186,native,4807494.670286278,
20670516,native,42963044.80612245,
20670912,native,29393474.583333332,
20671547,native,46324392.19444445,
20671266,native,40007289.34710744,
20671852,native,42787322.17117117,
20670280,native,35610648.04964539,
20670984,native,32128474.412903227,
20669531,native,43933643.82882883,
20671021,native,39661398.84,
20669391,aot,5055239.88877551,
20669648,native,38534072.96946565,
20671641,native,44447659.831858404,
20669766,native,84486370.63333334,
20673513,native,48122777.069565214,
20671875,native,33077926.814569537,
20669507,native,77698877.06060606,
20669938,native,34223617.40410959,
20671627,aot,40245535.46206897,
20671405,native,46930141.627272725,
20672767,native,38892563.75384615,
20671454,native,47923286.49,
20672017,native,28810257.072289158,
20674630,native,42872590.4137931,
20669695,native,32717260.284768213,
20670142,native,51546210.75,
20671829,native,41578619.8,
20673314,native,65199941.328947365,
20669673,native,20163998.812,
20669555,native,60630485.41269841,
20671360,native,25108456.69950739,
20671923,native,39040263.23478261,
20669392,native,55964039.820512824,
20670883,aot,42087305.5338983,gas-used mismatch for 0x00d357d3312b1090580e3139e7f285cedf9537e3064e16f28406bc00f218e1b7: expected 1771196 found 1897628
20669719,native,28427579.064327486,
20670966,native,18481984.256603774,
20672391,aot,31539926.277419355,gas-used mismatch for 0xb2180d1b5e19c788cabdba875b47be9cb39cb1cd2fb8cb04766ec887086f1108: expected 184692 found 81798
20672392,native,40641120.711864404,
20673142,native,62341391.897435896,
20670517,native,27539346.005847953,
20673892,native,32925820.113333333,
20670422,native,31670486.39215686,
20670329,native,40915906.46280992,
20671846,native,26498000.61827957,
20670235,native,59978479.22891566,
20670892,native,65382886.828947365,
20670955,native,55636686.04545455,
20670913,native,45129627.61111111,
20671267,native,26605561.49726776,
20671548,native,30415647.70552147,
20670187,native,70507836.35384615,
20670281,native,5446981.719822813,
20670938,native,59820342.72527473,
20671079,native,59254065.85714286,
20670985,native,16486755.771812081,
20671022,native,29889855.44099379,
20669532,native,31196839.506329115,
20669649,native,33137800.472972974,
20669392,aot,55143348.505494505,gas-used mismatch for 0x07ee611a592d3515e92952b5334c80d45b2971594c3adbdca6328cb439c94d71: expected 263224 found 196669
20671642,native,23725909.676056337,
20673514,native,42132099.347457625,
20669767,native,49336120.554455444,
20671876,native,31043757.832298137,
20671628,aot,37080418.948148146,
20669939,native,40918410.032,
20669508,native,43665757.83050848,
20671853,native,85931870.25757575,
20671406,native,38652799.8046875,
20672768,native,39121077.32061069,
20669556,native,26352245.057803467,
20672018,native,32496227.487341773,
20671455,native,46466668.31858407,
20673315,native,35516698.4751773,
20674631,native,33631563.13291139,
20669696,native,62141563.87951807,
20671361,native,24221170.12037037,
20670143,native,50283593.05555555,
20671830,native,43047723.23809524,
20670884,aot,31659847.406451613,gas-used mismatch for 0x22ef24160cc3212c8f498e331f1cc9cd6a978c1f2d072a9ee0d82d15385b7d83: expected 634509 found 400426
20670893,native,34710928.114503816,
20671924,native,15883886.426426426,
20669674,native,46219664.92063492,
20669393,native,57302873.96774194,
20672393,native,50839698.67326733,
20670518,native,47314732.723809525,
20672392,aot,41382770.43650793,
20670967,native,60364744.129411764,
20670330,native,22435417.46781116,
20669720,native,51529761.82178218,
20673143,native,47321876.39823009,
20670423,native,48678552.96226415,
20670236,native,31245512.210843373,
20673893,native,59253011.65909091,
20670148,native,65510612.69736842,
20672562,native,45014378.70434783,
20670188,native,29751654.630057804,
20671549,native,66370330.384615384,
20670939,native,37073958.666666664,
20671080,native,44309786.82300885,
20670914,native,58766297.05555555,
20671854,native,44125083.564705886,
20671023,native,34341830.086666666,
20673515,native,50247180.428571425,
20670282,native,81300052.41269842,
20669533,native,32738283.278481014,
20669650,native,46615145.518518515,
20670986,native,72618397.7,
20671643,native,50618088.86734694,
20669393,aot,51479291.06,gas-used mismatch for 0xf917fc30af3378e1fbe7f4a0c7698044d12562756be1d8c17e6f0539f42d5113: expected 191240 found 81726
20671877,native,40323938.652542375,
20669768,native,29437672.70760234,
20671268,native,53675124.64545455,
20671629,aot,45469276.65048543,
20669509,native,29552890.25595238,
20669940,native,26222111.16753927,
20671407,native,8628103.83248731,
20671456,native,36500448.31034483,
20672769,native,30888020.63291139,
20669557,native,31375408.238709677,
20672019,native,64368899.038461536,
20673316,native,15618406.767295597,
20669697,native,31640918.575163398,
20674632,native,30322471.220238097,
20671831,native,35784652.7867647,
20670144,native,21709371.091304347,
20670894,native,16359114.075163398,
20671362,native,72153770.80882353,
20669675,native,38382792.277777776,
20670519,native,42217716.820754714,
20670885,aot,46369847.82727273,
20672393,aot,46714904.73584906,gas-used mismatch for 0x8af87c31f79d37cbd13c55df10aaf499127fbccafe557774ce993cef0bd67aac: expected 985723 found 866766
20669394,native,35797195.6,
20671550,native,54198352.4125,
20672394,native,36860061.441176474,
20670331,native,59452400.8,
20673894,native,18354497.055350553,
20671156,native,34744030.67132867,
20671925,native,75049167.52941176,
20670424,native,47488653.36893204,
20672563,native,6063012.0674019605,
20669721,native,53139092.0,
20671878,native,34249126.80508474,
20670149,native,37262060.22794118,
20670237,native,36876075.152173914,
20670189,native,39817567.06349207,
20671024,native,13993616.595441595,
20670940,native,39073106.323076926,
20671855,native,27503840.777777776,
20670915,native,40117009.26190476,
20673516,native,33240822.31372549,
20671081,native,55554823.52222222,
20669651,native,40554428.024,
20669534,native,40714114.896825396,
20670283,native,46350394.91891892,
20670987,native,47915231.63207547,
20671644,native,61142998.4939759,
20669394,aot,34413531.92666667,
20669769,native,41727783.89256199,
20673144,native,33419509.897297297,
20671269,native,43749195.22413793,
20671630,aot,28265033.75409836,
20669510,native,44647345.840707965,
20669941,native,51413553.267326735,
20671408,native,96635720.76785715,
20669558,native,64887539.92957746,
20672770,native,48818665.55339806,
20671457,native,44807142.65079365,
20674633,native,67314393.5735294,
20673317,native,20884538.044247787,
20672020,native,40672623.844827585,
20670886,aot,26466692.910714287,
20671363,native,15910230.357377049,
20669676,native,22300527.532407407,
20670520,native,35491623.96240602,
20669698,native,43281086.84955752,
20670145,native,54275255.538461536,
20671832,native,50456538.47959184,
20673895,native,75330464.25454545,
20671551,native,40536069.49137931,
20672395,native,25619677.13157895,
20670332,native,44611593.10909091,
20671926,native,39562588.0,
20672394,aot,36618171.97101449,gas-used mismatch for 0xc9c05972de14b2496cb66d966b4f0395d8e6de7174bd816f17d66ccf832acdc7: expected 332784 found 95868
20669395,native,44685646.81981982,
20669722,native,33056147.172413792,
20670425,native,33714358.05479452,
20671157,native,51535942.93684211,
20671879,native,37401577.2962963,
20670190,native,28524617.283236995,
20670238,native,45267538.67272727,
20670895,native,88755661.81034483,
20672564,native,64681496.39473684,
20670150,native,57930605.35227273,
20670941,native,39622025.56097561,
20671856,native,30823795.35443038,
20670916,native,37312234.25,
20670988,native,4416312.261301989,
20669652,native,30181584.53416149,
20671082,native,40846275.95867769,
20673517,native,46052565.39814815,
20669535,native,32268278.519230768,
20669511,native,17028091.747035574,
20671645,native,12938782.98976982,
20670284,native,47959919.7264151,
20671025,native,82766286.81967214,
20669770,native,47213588.99047619,
20669395,aot,43516396.6637931,gas-used mismatch for 0x7ee09e751a77de6f63852de78182939504a12dd6566f5babf1764b981f0f5415: expected 468423 found 413089
20673145,native,43523453.31034483,
20671270,native,33849627.48648649,
20671631,aot,51913500.316831686,gas-used mismatch for 0x4afe508ad12e19978f3bcf6916ab064cd540309722cf4e834481ee72cf27c39b: expected 255427 found 194166
20669942,native,44670325.5338983,
20671409,native,61966306.45454545,
20672771,native,34145855.29139073,
20669559,native,19355927.494505495,
20671458,native,39197343.376,
20674634,native,34933186.45333333,
20669677,native,38312640.25735294,
20669699,native,14914213.782857142,
20671833,native,25494078.384236455,
20673318,native,84718577.81967214,
20670887,aot,59861876.94444445,gas-used mismatch for 0x254d0ab8c0418ef26dbfec97ffb54434d1b715d9f89e397aefe54f5f5b2a1db3: expected 196985 found 81646
20672021,native,40954762.41353384,
20670146,native,42423014.25619835,
20673896,native,50641968.524271846,
20670521,native,58480207.78494623,
20671158,native,50327700.729166664,
20671552,native,43147460.43333333,
20671364,native,56991025.22772277,
20670333,native,34021021.96732026,
20672396,native,66159449.025641024,
20671927,native,37761132.123188406,
20669723,native,40039739.09774436,
20672395,aot,27486293.185,
20670239,native,39204628.359375,
20670426,native,59144147.677777775,
20669396,native,39019329.56428572,
20670191,native,48211038.056603774,
20670917,native,52152970.8631579,
20672565,native,41521915.2,
20670896,native,63844650.01234568,
20671880,native,76271818.18571429,
20670989,native,59295164.938271604,
20670942,native,59479318.23255814,
20671857,native,47026069.76521739,
20671083,native,48841122.16981132,
20673518,native,31100247.325301204,
20671271,native,24502389.425641026,
20671646,native,77118179.91803278,
20669396,aot,36730081.42028985,gas-used mismatch for 0xc82c9620d022b1aa695c813e1013ae9ee6419f03cbb0ce03f80e96ec94e84b2b: expected 423327 found 303356
20671026,native,35026318.167832166,
20669653,native,46749446.51304348,
20670151,native,52556138.736363634,
20670285,native,56641993.92222222,
20673146,native,32045487.175,
20669512,native,64605873.71604938,
20669771,native,34214002.1589404,
20669536,native,57385621.56818182,
20671632,aot,22278105.568888888,
20669943,native,40753708.5338983,
20671410,native,36048446.67460317,
20669560,native,55604528.22727273,
20671459,native,48352429.65591398,
20672772,native,56439454.54651163,
20674635,native,27241928.968085106,
20669678,native,26915143.18579235,
20671159,native,36168387.891666666,
20672396,aot,57747059.43661972,gas-used mismatch for 0xef79dd046b9e9c9d1e8a0dbf2a770ab8624c48f2e0c0097695e4a1c4b377f943: expected 940756 found 487734
20671834,native,36655134.315789476,
20670147,native,8417175.610084035,
20670888,aot,47235485.31428572,gas-used mismatch for 0xacec6e100d1ef516ee8d8dd5a54e04da5f8e176219dfa74b752d14f7415fd648: expected 196985 found 81646
20673319,native,27357432.345945947,
20672022,native,39750081.5,
20669700,native,71365055.35714285,
20673897,native,38032383.53333333,
20670522,native,44316845.09322034,
20672397,native,43594039.594827585,
20669397,native,34950955.63636363,
20669724,native,32168226.71875,
20670427,native,45650549.68181818,
20671928,native,48399073.97169811,
20670240,native,22909177.315555554,
20670918,native,50429893.13978495,
20671365,native,80343747.38461539,
20670192,native,50479724.62135922,
20670334,native,57292712.85714286,
20671553,native,87240321.18333334,
20672566,native,45194202.38938053,
20669513,native,23027233.266009852,
20671881,native,39920762.43076923,
20670943,native,40720729.44715447,
20671647,native,19175977.486792453,
20671084,native,31420604.13939394,
20670897,native,47923254.872727275,
20671858,native,43473873.26271187,
20671272,native,45531338.64864865,
20670286,native,24347983.158653848,
20669397,aot,35999534.67586207,
20671027,native,36863822.762237765,
20673519,native,58907816.96590909,
20669654,native,34452949.03333333,
20673147,native,27122357.55263158,
20670990,native,78880921.02857143,
20669537,native,16587665.321543409,
20670152,native,51389689.59223301,
20669772,native,41702731.64285714,
20671633,aot,59050142.13333333,
20669944,native,37330524.12142857,
20671411,native,44205428.98275862,
20672773,native,29825756.451612905,
20671460,native,29256610.732919253,
20673406,native,22507411.138888888,
20669561,native,62068171.45,
20672397,aot,42611975.33913043,
20674250,native,34806504.47857143,
20671160,native,42794941.17117117,
20674636,native,61051897.075,
20670889,aot,36244911.669117644,
20669701,native,40020012.76033058,
20672023,native,26634814.64736842,
20671929,native,14427514.166666666,
20672187,native,35338572.79432624,
20673898,native,45803755.03703704,
20672398,native,21868492.431111112,
20670523,native,33423096.897260275,
20669398,native,38139901.336,
20670919,native,14133190.655172413,
20669725,native,34661651.167832166,
20671366,native,26561816.59473684,
20671296,native,53540237.49473684,
20670193,native,33264111.2027027,
20673320,native,73582963.66176471,
20672567,native,23216226.929577466,
20671273,native,51669648.91860465,
20673875,aot,46456114.49,
20670335,native,43987818.46551724,
20674437,native,43331001.85840708,
20671882,native,46611431.9245283,
20670287,native,31921117.493243244,
20671085,native,72056711.07692307,
20671554,native,36649645.73571429,
20669514,native,74553788.12307692,
20671413,native,48046457.058252424,
20671648,native,49885472.237623766,
20669655,native,15674990.034920635,
20669398,aot,36052841.78985507,
20671028,native,42714543.27586207,
20670991,native,33315932.0,
20673148,native,28262894.880681816,
20671038,native,34914158.096551724,
20673520,native,55711936.11363637,
20669773,native,24140838.097560976,
20670428,native,58806090.25742574,
20669945,native,4131325.8370118844,
20670153,native,27758079.887179486,
20671634,aot,38164144.22058824,
20671412,native,49157348.23,
20671461,native,41784763.114285715,
20672774,native,46052783.87037037,
20674251,native,46991282.99009901,
20673407,native,45650138.84684685,
20672398,aot,21773920.632034633,
20670890,aot,36729661.683823526,
20672000,aot,40869406.723076925,
20674637,native,34704747.486666664,
20669702,native,30244899.11764706,
20671930,native,47678589.074074075,
20671161,native,48674172.90990991,
20673899,native,37929806.879699245,
20672399,native,60295399.6626506,
20669399,native,52890500.905263156,
20672024,native,66064683.03947368,
20672188,native,57857126.06593407,
20669726,native,49025633.310679615,
20671367,native,46139427.77669903,
20670920,native,59806300.37647059,
20670194,native,29385673.789473683,
20671297,native,36196776.87142857,
20671029,native,47034441.406593405,
20670524,native,46741581.37398374,
20673876,aot,34110159.10810811,gas-used mismatch for 0x4bdd94d77c31a8f530a32656e130fb89b952fae4fcfaa1690e11d600855f0a7d: expected 196165 found 81738
20673321,native,68439584.54666667,
20672568,native,70812603.04285714,
20671649,native,50669519.417582415,
20671086,native,41772962.68595041,
20670336,native,39347633.02307692,
20671883,native,44244180.85217391,
20670288,native,69455964.50704226,
20671555,native,47918654.84761905,
20673125,aot,45257981.74774775,gas-used mismatch for 0x6d19de3a7ca5ef9453c24c6390b012daafbab22602a2fb8f1bc976671d36bce3: expected 270272 found 191663
20671274,native,46386621.72413793,
20674438,native,68876659.72,
20673149,native,17367936.86941581,
20675000,native,52343744.708333336,
20669399,aot,52316924.61386139,gas-used mismatch for 0x4e01e7693920bbafe828c95276daa81a42cbb101a5f732fb20efa017baef087c: expected 286927 found 243234
20671414,native,41116288.28985507,
20669774,native,40928156.88695652,
20670992,native,35376493.52205882,
20673521,native,30126732.27607362,
20671635,aot,39342317.70731708,
20670429,native,26567344.757894736,
20670154,native,59853872.4,
20671039,native,53146208.305263154,
20669946,native,83070510.31034483,
20671578,native,37992810.34166667,
20671462,native,42951832.38679245,
20672775,native,41742271.24390244,
20674252,native,29842836.69047619,
20673408,native,41272698.00813008,
20672001,aot,44855284.81818182,gas-used mismatch for 0xe6295e2fe1dcf76b9e7d46d8f8c363f788203da7671f4c6feff57a5dfefaa9f9: expected 545171 found 189185
20674638,native,24577537.087804876,
20670891,aot,35955882.02836879,
20672399,aot,60994095.06818182,
20671931,native,39519269.36,
20671162,native,35284444.82517482,
20673900,native,52593696.469387755,
20672400,native,41668577.79365079,
20669400,native,27479262.342105262,
20671032,native,94438126.69642857,
20670195,native,21941426.266968325,
20672189,native,48691745.524271846,
20672025,native,40523973.5,
20671368,native,26469004.839378238,
20669727,native,31993939.727272727,
20671050,native,34721767.36666667,
20671298,native,41645906.81300813,
20673877,aot,28098565.566666666,
20671275,native,47471540.610526316,
20673322,native,24675352.61395349,
20671884,native,27731768.392473117,
20671030,native,24229330.866952788,
20671650,native,34597292.806666665,
20670525,native,35503636.569536425,
20672569,native,28925661.274193548,
20670337,native,35625345.43918919,
20671087,native,64924870.62650602,
20673126,aot,34489638.284810126,
20669400,aot,26508326.040816326,
20671556,native,56293443.072916664,
20675001,native,60066723.72727273,
20674439,native,44076747.96825397,
20673150,native,57802572.81052632,
20670289,native,78127246.47887324,
20671415,native,63365511.82716049,
20669775,native,68441755.75342466,
20669947,native,43712363.62376238,
20670430,native,54899229.21590909,
20671636,aot,18590954.47330961,
20670993,native,38005038.10714286,
20670155,native,38458505.03816794,
20671040,native,49091613.15740741,
20673522,native,36294529.74233129,
20671579,native,34072632.317567565,
20671463,native,20432148.495833334,
20672776,native,43863659.04716981,
20674639,native,33135648.23404255,
20670892,aot,63993815.95890411,
20673409,native,40483024.512195125,
20674253,native,67534297.78082192,
20672400,aot,40521426.585365854,
20672002,aot,48963475.25471698,
20671932,native,54614633.18888889,
20671163,native,22596360.513888888,
20671369,native,41404597.425925925,
20673901,native,32661115.993333332,
20671033,native,16953617.023890786,
20672401,native,37528821.323308274,
20669401,native,34385880.87837838,
20670526,native,42961879.729166664,
20672190,native,46115032.41818182,
20671051,native,21768582.760869566,
20669728,native,35415338.94326241,
20671276,native,33363253.40425532,
20671299,native,35221117.25531915,
20673878,aot,50002041.948979594,
20670196,native,61255468.825581394,
20673127,aot,23343498.88172043,gas-used mismatch for 0x39af5d04eb7542ff326199d4ee9fec9103bd164455d1fdfebf2f27edf96e6b4c: expected 289761 found 225258
20672026,native,35140994.29375,
20671651,native,32926382.358108107,
20673323,native,43105297.182608694,
20671031,native,22896120.973333333,
20672570,native,33410329.38410596,
20671885,native,44000428.14655172,
20671088,native,28361495.171428572,
20671557,native,31693792.769230768,
20670338,native,58970114.77906977,
20669401,aot,33963785.80405405,gas-used mismatch for 0x14c8b396e34c415c917b009a457b044f6a3bf2edf9bbf87783f10e1bc4097e6a: expected 141854 found 46890
20675002,native,36139734.63768116,
20673151,native,26162809.943589743,
20674440,native,45891572.12037037,
20670290,native,33702026.175675675,
20671416,native,29232637.719298247,
20671637,aot,29865187.156862747,
20669776,native,59660956.0,
20669948,native,39527018.40625,
20670431,native,31160651.196319018,
20670156,native,54614612.615384616,
20670994,native,51225726.05,
20671041,native,30937680.08125,
20673523,native,44336703.41441441,
20671580,native,47811793.69,
20671464,native,35969213.69924812,
20672777,native,38906681.58677686,
20673410,native,40021500.475,
20674640,native,36903972.11594203,
20670893,aot,31789561.78125,
20674254,native,10005501.042718446,
20672401,aot,36617445.63829787,gas-used mismatch for 0x1764bdc9f81d31cca8000c5cf0d5e7b12a2a6ff12e844f6a6b1e037d79f059f6: expected 268652 found 214801
20671933,native,44536039.03539823,
20672003,aot,63571998.12345679,
20671164,native,29638150.607954547,
20671370,native,20976239.109756097,
20673902,native,36292125.71328671,
20671300,native,4106268.035776614,
20672191,native,29556523.00613497,
20669402,native,18631535.669090908,
20671034,native,60261302.87209302,
20670527,native,30664318.32142857,
20673879,aot,17807830.153846152,
20672402,native,41128446.015873015,
20671052,native,41238717.55284553,
20669729,native,46652481.04545455,
20671277,native,48345980.263636366,
20673128,aot,43251213.144067794,
20670197,native,42696446.90833333,
20672027,native,39630781.4351145,
20672468,native,49615344.9,
20669949,native,29860211.685714286,
20670291,native,36018782.166666664,
20674441,native,43570786.38181818,
20675003,native,33609996.02054795,
20669402,aot,16875895.451827243,gas-used mismatch for 0x1a0765c21e4adc7159dd08318ad4a4e81329b56d3f9d58530ed0cd0b6fcace45: expected 557180 found 174651
20671652,native,59912695.32098766,
20673324,native,44076748.426086955,
20671089,native,43418852.017699115,
20670339,native,34725275.26573426,
20671558,native,49722557.030612245,
20673152,native,46377655.20754717,
20671638,aot,35986759.15942029,
20669777,native,29328475.638554215,
20671417,native,45426370.72727273,
20671886,native,28747626.205555554,
20670432,native,36432754.83206107,
20670157,native,10288176.308641976,
20670995,native,49825527.78571428,
20672571,native,31952969.886486486,
20671042,native,31398960.660256412,
20671581,native,48852348.927083336,
20673524,native,26613269.908602152,
20671465,native,30349584.025,
20672778,native,50360932.27722772,
20674641,native,20642893.50617284,
20673411,native,33115601.54248366,
20670894,aot,16748063.72063492,
20674255,native,33293367.75483871,
20672402,aot,39946033.97619048,gas-used mismatch for 0x24483a83f0d08e7d326ae3fb7430411a81a31670ffa21fd55ad07227556515b1: expected 196091 found 81738
20671934,native,40031780.0859375,
20672004,aot,46023078.72072072,gas-used mismatch for 0xba30749b5c2de8d463b0c6a1cef7fd35dd207631078027fb3480ace71b7e8fdf: expected 149655 found 75270
20671371,native,59589306.744186044,
20673903,native,50072011.66990291,
20671301,native,71916564.67605634,
20672192,native,43321525.016,
20670528,native,77437625.68253969,
20671035,native,51295033.49504951,
20673880,aot,49686091.861386135,
20672403,native,28058654.59473684,
20671278,native,2799444.9158721254,
20671053,native,21210763.82071713,
20671165,native,74980971.57534246,
20669730,native,18646286.189285714,
20673129,aot,33254387.277419355,
20670198,native,37547578.572463766,
20669403,native,57045485.82178218,
20672469,native,47675300.876190476,
20672028,native,58915674.8021978,
20670292,native,47682729.59047619,
20675004,native,26412437.329842933,
20669403,aot,50186074.57,
20671653,native,5891187.738496072,
20674442,native,17862994.291525424,
20671887,native,30051313.927272726,
20669778,native,23210043.321266968,
20671639,aot,79588943.12307692,gas-used mismatch for 0x9da6ebed1dc3844f3ca4e805ffe394c555b1b7755843bba2f52c35b09913a56d: expected 321267 found 296141
20673153,native,31535832.30952381,
20671418,native,42601308.17355372,
20671090,native,31426931.427745666,
20669950,native,54318899.81132075,
20670340,native,55276865.37755102,
20673325,native,38811342.572413795,
20671559,native,74122924.8028169,
20670996,native,37537148.90977444,
20670433,native,74737264.81690142,
20670158,native,31316676.89090909,
20672572,native,62626648.557142854,
20671582,native,39364590.96825397,
20671043,native,56385064.88888889,
20673525,native,52365934.93877551,
20671466,native,50951984.73469388,
20672779,native,44455264.66101695,
20674642,native,25853324.324468084,
20670895,aot,78142918.75409836,gas-used mismatch for 0x3ccc1fdb5f24c4385f0f15aa2c700b3866791c48ce31b580657dceaeb3cf648a: expected 262925 found 241174
20672403,aot,25576488.28723404,
20673412,native,40867535.03053435,
20671935,native,25032016.311827958,
20674256,native,71108996.37142856,
20672005,aot,35322982.625,gas-used mismatch for 0x7f3d8b08937ba173a9bfd30ae687808693bab15808e3c18a2aa61a63fa40e634: expected 308330 found 268370
20671372,native,39319887.1953125,
20673904,native,32731784.8013245,
20671302,native,46538407.0,
20670529,native,44525006.28181818,
20671036,native,42119969.584745765,
20672193,native,66142476.131578945,
20671166,native,40619587.479674794,
20672404,native,49882878.24,
20670199,native,4811139.102487562,
20669731,native,58967310.240963854,
20673130,aot,29684459.851190478,
20669404,native,40753945.26829268,
20671091,native,20193546.910994764,
20671054,native,72867327.15714286,
20673881,aot,58431124.291666664,
20671279,native,82901383.0,
20672029,native,43829885.22123894,
20672470,native,45929977.71818182,
20670293,native,41241793.28333333,
20675005,native,54262503.81318682,
20669404,aot,38760670.5,
20671640,aot,25101700.772020724,
20671654,native,71671022.6764706,
20671888,native,33672283.51351351,
20669779,native,47798248.82857143,
20673154,native,40720283.55284553,
20674443,native,90378853.4,
20670341,native,33124172.986486487,
20672573,native,33089812.326086957,
20671419,native,55839808.233333334,
20671560,native,33981118.71232877,
20673326,native,17231657.89869281,
20669951,native,63153219.275,
20670997,native,42716368.99152543,
20670434,native,56039525.833333336,
20671044,native,40999051.85950413,
20670159,native,67997188.88,
20671583,native,37684867.9929078,
20673526,native,59957564.129411764,
20671467,native,35501206.12328767,
20672780,native,34488284.52027027,
20674643,native,87336893.33333333,
20673413,native,49624913.89,
20671936,native,53138835.45054945,
20670896,aot,60171965.41860465,
20674257,native,41918153.33057851,
20672404,aot,48248069.53097345,gas-used mismatch for 0x6473e3fcff67e4f7e9a412cc37f9101c43b320cd5a1deb0735960cb0a2f1a22f: expected 380953 found 91549
20672006,aot,43418451.983050846,gas-used mismatch for 0xd301d061a672cbc83847538104ece69a3ccd0bdf9f767c1e13c3b894e1568de3: expected 423468 found 390443
20671373,native,38135072.84920635,
20673905,native,40194396.79365079,
20670530,native,26470018.704663213,
20671303,native,35118146.47260274,
20673882,aot,13935048.979591837,gas-used mismatch for 0x5f1b65f62366d26f5ee87ccf3babd1b9500ff26f0d76a683c18d445720f7c28f: expected 204766 found 82074
20671037,native,36594636.56390978,
20673131,aot,57814343.38554217,gas-used mismatch for 0x4689e0322128ad037ba831efbdfb78521bf83006d1ceeffcf451b936458ac0f3: expected 396016 found 250140
20671167,native,53092206.89772727,
20669405,native,15161932.579268293,
20671092,native,53078404.20454545,
20672030,native,34105385.89361702,
20671889,native,24045313.849740934,
20672405,native,52053262.0,
20671641,aot,41218195.90434783,gas-used mismatch for 0x3ea67d2e5d33fb98514bfb3dd1ea29e45e0f22c741ebcdce78e09fcceea45e7c: expected 607073 found 553885
20669732,native,42888316.22123894,
20674444,native,47887389.84946237,
20672471,native,47545908.485436894,
20671055,native,18034715.606896553,
20675006,native,31833169.0,
20669405,aot,15112936.175226586,
20669780,native,55566828.98765432,
20671280,native,49679929.78,
20672194,native,52237173.8367347,
20671655,native,25403340.265306123,
20670200,native,70058570.57746479,
20671561,native,26922638.194444444,
20671420,native,30311119.8625,
20670342,native,49029906.5,
20673155,native,46643964.083333336,
20669952,native,28475815.035714287,
20672574,native,49300708.702970296,
20670435,native,35663345.171875,
20670294,native,22308751.360902257,
20671045,native,45157015.04950495,
20673327,native,53417220.53763441,
20670998,native,45556417.824074075,
20671584,native,44172196.37837838,
20673527,native,30300965.10909091,
20670160,native,41292763.71538462,
20671468,native,38138240.29323308,
20672781,native,56418286.307692304,
20674644,native,46708874.481818184,
20671937,native,36523281.46853147,
20674258,native,52096933.145833336,
20672007,aot,35552823.71014493,
20670897,aot,46564670.008695655,gas-used mismatch for 0xa9ec7199d4f8f9d6d6f52fb7e9d00768a6f9518e789bf83d88ae207bb23dc5d0: expected 198419 found 189430
20673414,native,32906777.210843373,
20672405,aot,49928084.4368932,gas-used mismatch for 0x933d41d750c587305c7385257f80044c7c521829df7d2320499d9c59b73be43b: expected 1018109 found 759540
20671374,native,73202344.36986302,
20670531,native,41134087.808,
20673906,native,52558208.281553395,
20671168,native,39324661.783783786,
20671304,native,48690284.518518515,
20669406,aot,54400539.256410256,gas-used mismatch for 0x5225ffc63915e91868cc3f2ee086fcc5f4a8aa104fb54b8b86047100d3b7d6ba: expected 298395 found 208478
20669781,native,51338330.77906977,
20669406,native,56184995.44318182,
20673132,aot,47464072.04545455,gas-used mismatch for 0xa50b7d628522525abbdf7e72ba2da32a6d912fcd51b6fdcd3016fbabed02e9e0: expected 293022 found 95928
20672406,native,33838981.90728477,
20673883,aot,65376654.666666664,gas-used mismatch for 0xcdb52163a755f624d43ab1ffeae2f167073bc036e8d1502c73016f1b8f63c1b5: expected 196055 found 81738
20671642,aot,22986443.547085203,
20674445,native,14773782.805882353,
20672031,native,31403859.12727273,
20669733,native,35216730.04964539,
20671093,native,59605879.57647059,
20671281,native,37703228.42748091,
20670687,native,42259061.04580153,
20670201,native,3465433.1668909825,
20671421,native,39783762.983333334,
20675007,native,63329914.421686746,
20672195,native,35639332.61643836,
20671890,native,66816956.625,
20673156,native,37976604.87301587,
20670436,native,39609889.575,
20669953,native,45490859.179245286,
20671562,native,21123411.86307054,
20670343,native,39882757.12195122,
20672472,native,44861220.544,
20671056,native,60785072.94444445,
20672575,native,65414767.565789476,
20673328,native,18402592.703296702,
20670999,native,43074557.415929206,
20670295,native,53013800.76530612,
20671656,native,72206257.5,
20670161,native,12180161.724226804,
20671046,native,19677949.366548043,
20671585,native,38690357.78571428,
20673528,native,46252466.2735849,
20671469,native,42472864.36283186,
20672782,native,24578836.581280787,
20671938,native,36461566.5390625,
20674645,native,44237235.915254235,
20674259,native,37701474.5037594,
20672406,aot,31011921.07051282,
20672008,aot,61475125.32530121,gas-used mismatch for 0xc829adb3115b3def48e754d3dfdd6c3c07e7c79c3545783824a101c2973e5e8c: expected 454054 found 95880
20673415,native,57559080.697674416,
20670898,aot,47688137.96363636,
20673907,native,43722153.12173913,
20671305,native,32260673.145695366,
20671169,native,34836027.634482756,
20671375,native,38512138.441176474,
20669407,aot,22380748.559633028,
20669782,native,36233011.09558824,
20670532,native,53018694.057142854,
20669407,native,23006073.0657277,
20673884,aot,48128794.6952381,gas-used mismatch for 0x3126dc5d6c70d64922f706eeb08455e9ceb1a8f64d26cac153a1a24c6e025029: expected 457285 found 359716
20669954,native,34968222.5546875,
20671643,aot,48770166.87128713,
20670688,native,15660390.696774194,
20671094,native,41807181.5785124,
20672407,native,26961442.460732985,
20673133,aot,22669816.9004329,gas-used mismatch for 0x789a8c7747eff2ce71ea837a9e3a77f922885e330b13982bc1230b91bef829ef: expected 348914 found 290040
20674446,native,52934989.84946237,
20669734,native,45995135.18181818,
20671282,native,55056063.44318182,
20672032,native,54655244.61290322,
20675008,native,18911142.358208954,
20672196,native,24536133.50952381,
20671891,native,39405940.625954196,
20671422,native,53395232.114583336,
20670344,native,39546162.5625,
20672473,native,14720395.48973607,
20673329,native,5844872.9449760765,
20670202,native,63532628.12048193,
20671057,native,41415407.37398374,
20670437,native,71379669.39436619,
20673157,native,42220915.60769231,
20672576,native,87419903.56896552,
20671000,native,36671006.4,
20671563,native,77705821.43939394,
20671047,native,55875386.60227273,
20671586,native,36491089.6993007,
20671657,native,39658840.180451125,
20670296,native,48514889.34259259,
20670162,native,52540338.315789476,
20673529,native,46576474.79130435,
20671470,native,34715861.61643836,
20672783,native,30263419.15,
20671939,native,21016515.088888887,
20674260,native,43768609.37037037,
20673416,native,21610579.05381166,
20672407,aot,26211174.776595745,
20672009,aot,32425150.14666667,
20670899,aot,36016683.50714286,
20674646,native,24747074.07522124,
20671306,native,21620872.11304348,
20671376,native,33649103.01449275,
20671170,native,33517785.910344828,
20669408,aot,51201308.46315789,gas-used mismatch for 0x86c2911150e5a1c9c75dccbd850adbb3a21f0e45aaa11e08dc81d8ce22f5531c: expected 1793864 found 1240852
20673908,native,55348364.58064516,
20669783,native,38523675.43609022,
20669408,native,56774551.51111111,
20673134,aot,3757625.2578475336,
20669955,native,16555045.715654952,
20673885,aot,51024546.8,gas-used mismatch for 0x1bb50051e67e26aec5339ddd7ab9992a792548614d5bddac251b8113d6a65921: expected 196985 found 81646
20670533,native,55186494.56989247,
20671644,aot,59477911.61176471,
20669735,native,42144299.584745765,
20674447,native,34510627.35862069,
20670438,native,53313652.184210524,
20671283,native,38487447.067669176,
20675009,native,42995690.17391305,
20672033,native,38873108.57692308,
20670689,native,86687306.70689656,
20672474,native,44572166.716981135,
20672408,native,68825523.03947368,
20672197,native,46937271.60185185,
20671423,native,35225864.993103445,
20671095,native,60954408.92941176,
20670345,native,30208529.18128655,
20673158,native,27512784.96590909,
20671058,native,37096077.91851852,
20671892,native,57982448.71428572,
20672577,native,43018011.972222224,
20670203,native,70773824.35211268,
20671001,native,33554235.490066227,
20671564,native,49323939.4368932,
20671048,native,39709231.192,
20673330,native,86068586.95384616,
20671587,native,59525598.5060241,
20670297,native,37704045.86956522,
20671658,native,40235624.54198473,
20673530,native,12649535.737913486,
20670163,native,37083864.25333333,
20671471,native,41577840.41269841,
20672784,native,63334372.3375,
20672408,aot,63082958.8,gas-used mismatch for 0x420c718413eca86fa063fd4f8c7128c1a01fc7b70d6f956355a68fce7d694c19: expected 875057 found 729927
20671940,native,80053645.71428572,
20672010,aot,31904590.910256412,gas-used mismatch for 0xcb155999798ed2d050ad81b4cd2af1b350f43537e3a8114c72a862a5c1c73911: expected 374606 found 200488
20673417,native,46874079.09259259,
20670900,aot,43342611.22608696,
20674647,native,32357866.596153848,
20674261,native,44147073.28125,
20669409,aot,16521440.786440678,
20673909,native,29444330.85443038,
20671307,native,58608951.89156626,
20671377,native,44847705.04545455,
20671171,native,39563467.1171875,
20670534,native,27755040.67857143,
20669784,native,37558829.96946565,
20669409,native,16652417.823333334,
20673886,aot,49830564.21428572,gas-used mismatch for 0xb24c5c3b6cd5efe6f99520b4aac52bbd260da10bf71ce76e6a27aa29e278a09e: expected 326611 found 251124
20673135,aot,75805084.63076924,gas-used mismatch for 0x2d3961fc27e6ddaab50b614e18db3017956c72339d473cdb2abc81a3710308c0: expected 3146594 found 1664113
20671645,aot,12709882.647058824,
20672034,native,8850673.01098901,
20671284,native,30647369.06329114,
20674448,native,40975280.25203252,
20675010,native,28756092.923976608,
20669736,native,61111236.913580246,
20670439,native,50138063.29,
20672198,native,52484113.15909091,
20670690,native,25825152.615384616,
20671059,native,25868099.49723757,
20672409,native,29886768.842424244,
20672475,native,56495436.430232555,
20671424,native,43901217.945454545,
20669956,native,74723148.25352113,
20671893,native,27421860.710227273,
20672578,native,47975904.0,
20670204,native,28354253.520231213,
20670346,native,40049425.85714286,
20673159,native,59472863.875,
20671002,native,54936884.45454545,
20671588,native,34381054.41221374,
20671565,native,50669679.427083336,
20670298,native,5094927.996685083,
20671049,native,70480512.45714286,
20673331,native,63073676.65789474,
20671096,native,76157857.6923077,
20671659,native,42523014.33913043,
20673531,native,46380231.943396226,
20670164,native,50059815.489795916,
20671472,native,36327994.91428571,
20671941,native,25495986.17857143,
20672785,native,13150689.114130436,
20672409,aot,28995979.608187135,
20672011,aot,20866188.399159662,
20674648,native,39527957.65853658,
20674262,native,3921146.935866983,
20670901,aot,48124351.416666664,
20673910,native,41178488.025,
20671172,native,16144632.426666666,
20671308,native,38153913.53076923,
20673418,native,27540964.660465118,
20669410,aot,66569787.04,
20672199,native,19049386.24878049,
20671378,native,37291275.319148935,
20669785,native,39434059.22881356,
20670535,native,48290235.95145631,
20672035,native,57298833.21686747,
20669410,native,70138734.93150684,
20673136,aot,68699128.97333333,gas-used mismatch for 0xdc2ef0455c62344e0ac2329a578ac000bec038de8a3ba47cbec80016530406c6: expected 594327 found 319915
20674449,native,30825782.5,
20673887,aot,36208474.058823526,gas-used mismatch for 0x1421c804de3730ba01450d0ab31070dcaedc6e25e9145b9626a21b46ab5ead12: expected 335968 found 95880
20669737,native,38607567.466165416,
20671285,native,45850243.71681416,
20670440,native,42507555.89430894,
20675011,native,42433178.333333336,
20671425,native,28181249.044444446,
20671646,aot,77685586.7,
20669957,native,29351230.725714285,
20670691,native,37682436.833333336,
20672410,native,33138347.588607594,
20672476,native,37267315.885714285,
20671894,native,56250795.32967033,
20670347,native,40300700.584,
20672579,native,19210003.192028984,
20670205,native,46494984.522522524,
20671060,native,84668897.90476191,
20671566,native,34997113.78571428,
20671003,native,47369646.268518515,
20673160,native,26279055.18,
20671589,native,32710370.737179488,
20671009,native,37178851.05072464,
20670299,native,88175367.31034483,
20671097,native,14482327.6,
20673332,native,5843083.77170418,
20671660,native,29293226.353932586,
20673532,native,39253345.603053436,
20670165,native,32769458.56329114,
20671473,native,45818180.09259259,
20671942,native,37668770.222222224,
20672410,aot,31966510.816455696,gas-used mismatch for 0xfd8d0b43f26a5416670a0e5429dcacc360de20a62b6467feb00a151d431cc753: expected 302014 found 235379
20672012,aot,67021669.16901408,gas-used mismatch for 0xb0b7f52ceae455fde5651a2e9c22ede7ed1c6796e2efac46318088c9cee22edf: expected 349917 found 175140
20672786,native,67627146.76923077,
20674649,native,64429513.85526316,
20671309,native,49273733.92222222,
20670902,aot,25097850.893617023,
20673911,native,21581150.022624433,
20674263,native,88868726.63793103,
20673419,native,39635796.368,
20669411,aot,57341450.8,
20670536,native,39733042.51304348,
20671173,native,56409620.09090909,
20669786,native,46511359.45283019,
20671379,native,59088993.68604651,
20672200,native,67968861.67123288,
20672036,native,60992775.1875,
20673137,aot,17783085.824175823,gas-used mismatch for 0x422e7d8fc83ee3d4e70cca2b6016f595d152d14b25172da59fba42eade88821c: expected 277733 found 153923
20669411,native,57789270.406976745,
20669738,native,30330497.961290322,
20674450,native,38079374.609375,
20671426,native,60913231.14666667,
20673888,aot,40053327.952,
20675012,native,21147510.943722945,
20671286,native,28915274.674285714,
20671647,aot,17403268.444444444,gas-used mismatch for 0x10665a6fa62bee61034dd0eac739228ea28e1e8a8c1f0e157b872969522f9ee5: expected 1295770 found 623853
20670348,native,11623736.849878935,
20669958,native,32036845.852564104,
20670441,native,19376189.354243543,
20672411,native,33876936.42068966,
20670692,native,56892594.69411765,
20671895,native,48763064.98,
20671567,native,2842165.497357604,
20670206,native,48472896.37623762,
20671061,native,39233956.552,
20672580,native,44999752.75675676,
20672477,native,45280636.40869565,
20673161,native,31517827.913043477,
20671004,native,59039712.88235294,
20671590,native,29295802.936416186,
20671010,native,43208301.2,
20670300,native,52995658.623655915,
20671098,native,62617398.35897436,
20673533,native,52649074.307692304,
20671661,native,19432046.69581749,
20673333,native,82314362.13114753,
20670166,native,31202570.3625,
20671474,native,50586511.92045455,
20671943,native,36785684.17391305,
20672013,aot,5054598.127272727,
20672411,aot,34147026.25,
20672787,native,22424523.954356845,
20674650,native,23049612.422222223,
20670903,aot,42051252.175,gas-used mismatch for 0xb5fc98fe7f19436e0803c4886596c86fae50864ab1538a48edd167e17c392af4: expected 639309 found 400426
20673912,native,46516215.13636363,
20671310,native,43058079.959349595,
20673420,native,12504638.528395062,
20669412,aot,33182652.813793104,
20674264,native,34610718.849673204,
20671174,native,30167878.48214286,
20669787,native,38082474.610687025,
20671380,native,40085534.02380952,
20670537,native,51911639.02040816,
20670207,native,22051505.58857143,
20672201,native,22769925.082251083,
20673138,aot,38264587.37037037,gas-used mismatch for 0x46a8dad7463fe3165b02173e357ea84c2161d79d853a6d22da23fb155fb78e5d: expected 406479 found 237407
20672037,native,36209846.40559441,
20673889,aot,28627541.959064327,
20669412,native,34297438.11111111,
20671287,native,46947390.96116505,
20674451,native,40796934.5952381,
20669739,native,55245587.56989247,
20671427,native,36954317.01449275,
20675013,native,54708986.24731183,
20670349,native,58772690.04705882,
20671648,aot,49002179.75238095,
20670693,native,38082593.95419847,
20670442,native,59908543.60493827,
20669959,native,54163642.32258064,
20671896,native,27387653.467741936,
20672412,native,47293191.3,
20671568,native,42360913.75833333,
20673162,native,54374606.15384615,
20672478,native,37201620.85,
20672581,native,51801524.8019802,
20671005,native,38012970.7,
20670167,native,35350966.725663714,
20671011,native,34094605.72027972,
20670301,native,46672220.961904764,
20673534,native,39209698.925,
20671591,native,33591308.852564104,
20671099,native,37342301.908396944,
20673334,native,29180751.25595238,
20674531,native,45386215.16428571,
20671662,native,64994432.025641024,
20671475,native,21664031.67099567,
20671944,native,51164195.12087912,
20672014,aot,65586073.64383562,gas-used mismatch for 0x80b80fb875155fc7899aa13d5f5100dc10aac469b4cda38d3c2510f8a2973513: expected 773692 found 819385
20672412,aot,45321745.451327436,
20672788,native,35174571.78321678,
20670904,aot,13902672.872576177,
20674651,native,50766628.18,
20671311,native,30664358.522580646,
20674265,native,33791387.67175572,
20669413,aot,40052151.64227642,
20673913,native,78676733.0909091,
20673421,native,80645976.68253969,
20672202,native,44939508.71875,
20671175,native,46685097.12037037,
20670538,native,38535570.2556391,
20669788,native,63786806.125,
20671381,native,54500298.39784946,
20673139,aot,25270703.945812806,gas-used mismatch for 0x1ba0228023de17f2ec7cc2317c81264601ad9cd1cfb5dc9ecad43ab96ed09bc0: expected 288926 found 328137
20672038,native,28162658.005617976,
20673890,aot,47491896.45454545,gas-used mismatch for 0x565979ec89322bc0eb5752a502d48ac83c42fcb7ed03cca5a077d31c6c50164d: expected 643912 found 602839
20670208,native,49799286.445454545,
20670694,native,16050728.484745763,
20669413,native,41299205.664,
20674452,native,46855718.89090909,
20671288,native,37630100.192857146,
20669740,native,39141736.80740741,
20671428,native,48139053.5945946,
20675014,native,50022021.21904762,
20671649,aot,50809396.893203884,
20671897,native,37226508.09219858,
20672413,native,35978891.37762238,
20670350,native,63688458.925,
20672582,native,19960753.681274902,
20669960,native,30164396.309392266,
20674532,native,52496399.90789474,
20672479,native,28420299.171270717,
20670168,native,44853988.10909091,
20671006,native,33843005.22875817,
20670443,native,59717435.04545455,
20671569,native,66678493.102564104,
20673163,native,45258344.86666667,
20671012,native,61046796.78313253,
20673535,native,30739697.03012048,
20670302,native,31457186.951515153,
20671592,native,39098573.65413534,
20671100,native,42991258.21428572,
20673335,native,80752977.73015873,
20671663,native,55100827.25,
20671476,native,71116130.86842105,
20671945,native,37583437.7368421,
20672015,aot,34754104.72413793,
20672413,aot,35480897.0,gas-used mismatch for 0x0e76212ec7c35979219594ce24fc35378dc13007e424a7ddde7044cfb48a14bc: expected 719020 found 311386
20674652,native,44743898.19811321,
20672789,native,53068500.258064516,
20670905,aot,46456979.472222224,
20674266,native,39295963.68595041,
20671312,native,56835716.29545455,
20669414,aot,33933974.172413796,gas-used mismatch for 0x38d8a14ccb5439a04171fd96296e1b738a162b659d89a0ffbcb7ad46c6627e7c: expected 439673 found 183836
20673914,native,44584849.50909091,
20673422,native,28637763.668571427,
20671176,native,34319283.72463768,
20672203,native,41169631.703125,
20670539,native,52952294.38709678,
20673140,aot,37394234.35555556,
20669789,native,45694212.47272728,
20672039,native,48573574.809523806,
20674453,native,38720075.46280992,
20673891,aot,14761322.110144928,gas-used mismatch for 0xdb72f5e881aa42a99778bcd727c9a8fa753fa89bb2b13af78d2a422df9e74bc8: expected 196103 found 81750
20670209,native,41044852.47933884,
20671382,native,47215704.09565217,
20671898,native,36393161.46280992,
20670695,native,19495084.259398498,
20669414,native,36530418.74468085,
20669741,native,63099976.34615385,
20671289,native,57028208.14772727,
20671429,native,22201697.32300885,
20675015,native,39126641.253968254,
20674533,native,45302793.76415094,
20672414,native,40143883.23140496,
20669961,native,41166623.80991735,
20670351,native,46368770.37837838,
20671650,aot,33370425.9375,
20670169,native,30742139.19375,
20673536,native,54460058.26744186,
20671570,native,32056675.575949367,
20671013,native,11438.297704447632,
20672583,native,78194668.43076923,
20671007,native,43902728.747826084,
20672480,native,69620175.4520548,
20670444,native,69146944.32,
20673164,native,69661801.87671232,
20671593,native,40036381.896825396,
20671101,native,26596666.28108108,
20673336,native,38642917.8515625,
20670303,native,70626134.5,
20671664,native,25840121.96517413,
20671946,native,39255993.723076925,
20671477,native,49924257.9223301,
20672016,aot,36681819.09929078,gas-used mismatch for 0x0858751dc49e4d669ab91501a84d5b238084b2f21a6e3a4603614a2557ded170: expected 277745 found 153935
20672414,aot,41273731.088,
20674653,native,38190074.692307696,
20670906,aot,50664907.385416664,gas-used mismatch for 0xb975863614c9ad0856131f45e8a8a00420f7028f896acc886c6f4b071ae758fc: expected 269827 found 243234
20671313,native,17107022.36140351,
20673915,native,45698793.56989247,
20672790,native,55945772.071428575,
20674267,native,43147237.211864404,
20669415,aot,38759219.03125,gas-used mismatch for 0xa947f7d2c1130c0169a680af79ef1adc6ed606b643b234a6f8090ad6668dc0db: expected 246408 found 207282
20671177,native,49270260.94059406,
20673423,native,41677824.864,
20672204,native,39663821.672,
20673141,aot,33414337.32167832,gas-used mismatch for 0xa4b252ceacaaf7e27a4edd7226886156a43437f6ddfe8aa1fd20284fa768da1f: expected 323157 found 212272
20670540,native,31060964.763975155,
20669790,native,17092506.16083916,
20672040,native,51758948.23655914,
20674454,native,40148618.317073174,
20670210,native,33392605.034246575,
20671899,native,28812348.375757575,
20673892,aot,31213717.745341614,gas-used mismatch for 0x95e633700e17a73e52afadae3184d7aa8ba13873c51706e9527ae5998f7a9f99: expected 186128 found 81810
20670696,native,64100706.50704225,
20671383,native,21551054.4122807,
20669415,native,39790667.5785124,
20669742,native,17652994.17586207,
20671290,native,28923667.16184971,
20675016,native,40729340.05,
20669962,native,51155085.54117647,
20674534,native,40494410.85123967,
20672481,native,34633215.75833333,
20671651,aot,32380916.222972974,gas-used mismatch for 0x242bb40f61867a8b91e56120bdfba5236e189017e2164a6966e99f5b00d72f31: expected 252859 found 238206
20672415,native,52152595.82417583,
20670352,native,34950156.65942029,
20672584,native,29139831.024096385,
20673537,native,11651769.796766743,
20670170,native,43538875.88695652,
20671008,native,33574036.219858155,
20671571,native,44526713.972222224,
20671430,native,54390620.66990291,
20670445,native,18696941.394636016,
20671102,native,39569340.86440678,
20670304,native,52435970.481481485,
20673165,native,30895885.33125,
20671594,native,38520979.56,
20673337,native,45806434.2735849,
20671014,native,79713195.85245901,
20671665,native,33005584.934640523,
20671947,native,2260113.8875283445,
20671478,native,29294315.7251462,
20672017,aot,27666112.75,
20672415,aot,49278380.75728156,
20674654,native,18276049.73880597,
20671314,native,21230755.489270385,
20670907,aot,50252040.762376234,gas-used mismatch for 0x6189cbf63ce0bf056c264349b2f16395401821da896a1b6b9d878d5c2440e896: expected 447227 found 95904
20673916,native,9966649.177419355,
20672791,native,35265419.33566434,
20674268,native,37445667.08148148,
20669416,aot,29316524.386363637,
20675017,native,53014577.6617647,
20673424,native,58602207.61627907,
20672205,native,39441604.328,
20673142,aot,54167946.16483516,
20670541,native,55161859.258064516,
20671178,native,84973281.98333333,
20671900,native,29631130.08235294,
20670211,native,38333084.96183206,
20672041,native,48613958.518867925,
20674455,native,41486630.632,
20673893,aot,54248447.59139785,
20670697,native,50875746.93,
20669791,native,77392350.23529412,
20669416,native,30702984.629411764,
20672416,native,40399674.47272728,
20671384,native,68477851.52,
20671291,native,48084475.70476191,
20669963,native,19726272.41860465,
20674535,native,30604789.879518073,
20670353,native,16811935.977272727,
20671652,aot,58203384.61111111,gas-used mismatch for 0x4dd26cd1d8a6a1b5b4971c4af7ce92fb660bf75be07e09f856f0086e8365a61a: expected 2545382 found 1660234
20672482,native,45667080.7,
20672585,native,37612198.82608695,
20673500,aot,42201148.13223141,gas-used mismatch for 0x60efc097c8b89e92f390d4a56accfb45728e4b91d5c782548668bbda84696621: expected 366043 found 306374
20669743,native,65189119.25,
20671572,native,37352029.63235294,
20673538,native,51240712.17,
20669843,native,39251091.03076923,
20671595,native,27594853.619318184,
20673166,native,25508234.87804878,
20671431,native,38559066.879432626,
20670446,native,71154169.61643836,
20670305,native,60873860.3372093,
20673338,native,46025870.22608696,
20671103,native,27948493.83653846,
20671666,native,70105213.39705883,
20672937,native,73999766.02857143,
20671948,native,76565629.03333333,
20671479,native,38879582.12,
20674655,native,25549649.42631579,
20672018,aot,30765698.19672131,gas-used mismatch for 0xf295055f9b3332ca4c39235f1f46ccc61d1392c61215655762e91bd4e1a4e435: expected 1108660 found 469698
20672416,aot,38641728.21875,
20670908,aot,41280044.144067794,
20671315,native,71366882.94117647,
20673917,native,47339862.29523809,
20672792,native,32739251.925675675,
20669417,aot,28826217.90909091,
20674269,native,75761018.98461539,
20675018,native,31743538.878205128,
20673143,aot,39805185.616,gas-used mismatch for 0x61693a0de1bda670834a03775953464202e3dcfe04764ed48b548941f18a3469: expected 417179 found 95916
20673425,native,39459094.75572519,
20672206,native,49474288.683168314,
20670542,native,43129998.36521739,
20674456,native,30627066.763975155,
20672042,native,47335596.49056604,
20673894,aot,18010477.5971223,
20669417,native,28397358.529761903,
20669792,native,48036987.35643564,
20671179,native,61138758.964705884,
20670212,native,62315895.225,
20671901,native,47314495.309734516,
20670698,native,33168309.75483871,
20672417,native,39497028.28455284,
20674536,native,30213695.666666668,
20671385,native,49292881.08737864,
20671292,native,36254463.411347516,
20669964,native,61406628.43209877,
20672586,native,7472910.114854517,
20672483,native,24328058.102439024,
20671653,aot,5964408.251111111,
20673539,native,48212223.82105263,
20673501,aot,33756919.22,
20669844,native,42438647.95689655,
20669744,native,49729350.12871287,
20671596,native,46204362.9537037,
20670354,native,79123813.66153847,
20671573,native,63044579.9,
20673167,native,51247896.76530612,
20671432,native,52565082.583333336,
20670306,native,36468218.614285715,
20670447,native,34705268.89864865,
20673339,native,52447102.53125,
20671667,native,32360120.470967744,
20671104,native,66860396.28947368,
20672938,native,48764322.83809524,
20671949,native,35122184.85443038,
20671480,native,85382095.0,
20674656,native,14698855.8,
20672019,aot,63463812.39506173,gas-used mismatch for 0xe9bffb64cebe22b3ef584c7dd181410ce62305875b49694f0676d3c8c613fc1c: expected 713044 found 743574
20672417,aot,40850320.33846154,
20672793,native,35636871.13986014,
20673918,native,43779124.594827585,
20669418,aot,58495878.240963854,gas-used mismatch for 0x24758736f3c4d0ea6eb5fb02c5cbbd0f59f183fff94eba17d5f32e5162307d33: expected 356885 found 328458
20671316,native,57401029.461538464,
20674270,native,40185847.952380955,
20675019,native,55563859.09876543,
20673144,aot,26853938.469945356,gas-used mismatch for 0xc3f656eb1300d8eab32efa794d60812e7d22ff64b64a868eec35814127cfa6a5: expected 719332 found 616610
20670909,aot,47418673.4765625,gas-used mismatch for 0x560b45ed564a265757c626606515753920f21872dd0c950c6c63e808fcefaa39: expected 1289953 found 851162
20673426,native,20058019.072,
20672207,native,40758571.43965517,
20670543,native,34554496.82517482,
20672043,native,39027632.5338983,
20669418,native,58907554.78666667,
20670213,native,26825498.38202247,
20674457,native,33642147.97945205,
20669793,native,25543824.777202073,
20671180,native,28089557.50285714,
20670699,native,43750583.3963964,
20673895,aot,71004935.33823529,
20671902,native,52674868.34408602,
20672418,native,34855538.04285714,
20671386,native,45563171.40740741,
20674537,native,64687597.928571425,
20669845,native,44442906.93,
20672484,native,39389835.43089431,
20671293,native,40657339.5785124,
20669965,native,38514718.828125,
20671654,aot,71422635.48529412,gas-used mismatch for 0x40ecf28d0c49215aaaafe0e593227a2fb9f2e0d2f652332332103a68a358a905: expected 255490 found 194166
20673540,native,37705349.122137405,
20672587,native,67741821.67142858,
20669745,native,33328568.83448276,
20671574,native,32068971.31372549,
20671597,native,31760757.40625,
20673168,native,32034889.07843137,
20670307,native,5795895.415094339,
20671433,native,30780761.392405063,
20670355,native,40299365.35114504,
20673502,aot,50366036.56637168,
20670448,native,44506157.04424779,
20673340,native,38415816.390625,
20671668,native,31837299.975,
20671105,native,36274702.47101449,
20672939,native,34958181.52739726,
20671481,native,7417527.20729927,
20671950,native,48993425.19811321,
20672020,aot,39338031.78861789,gas-used mismatch for 0xfd2b361a5135e5b211b85a38d405363302dfb0e8bd27adb3c1f7a2e73bce197e: expected 374901 found 183371
20674657,native,56701167.42222222,
20672418,aot,35268264.16216216,
20672794,native,48619418.514563106,
20669419,aot,34144005.78666667,gas-used mismatch for 0xf6fa12bd167e16f7bd78e13e51d83f535049e94da85f68751647b07ea3a813b3: expected 680606 found 611990
20674271,native,24004960.561904762,
20673919,native,37397689.678571425,
20671317,native,58907558.02272727,
20675020,native,60159075.11764706,
20673145,aot,41499571.4661017,
20672208,native,18067303.01754386,
20670910,aot,48302374.25471698,
20674458,native,35587126.03125,
20673427,native,41029425.6328125,
20672044,native,44247310.0,
20669419,native,35676563.87837838,
20671181,native,46667066.96296296,
20670214,native,52829272.37755102,
20670544,native,50765067.47169811,
20670700,native,30194745.269005846,
20672419,native,32223833.00595238,
20671575,native,18047148.1888412,
20674538,native,47475432.37037037,
20671903,native,58386077.520833336,
20671387,native,48407849.39814815,
20671294,native,13010587.746153846,
20669746,native,51701859.37777778,
20671655,aot,25095228.715,
20669966,native,29475920.68235294,
20669846,native,43523023.78448276,
20669794,native,78904394.38157895,
20672485,native,34962056.95104895,
20673541,native,41500825.72,
20672588,native,45756318.24545454,
20671598,native,45174263.592920355,
20673169,native,34862659.8,
20671434,native,41548892.3220339,
20670356,native,12665779.68607595,
20673896,aot,60965350.820754714,
20673341,native,31020965.647058822,
20673503,aot,63509745.328947365,
20670449,native,41341022.18644068,
20670308,native,80343177.87301587,
20671669,native,45921350.51428571,
20671106,native,14888051.018292682,
20672940,native,46135302.14285714,
20671951,native,30517114.74233129,
20672021,aot,35849292.82978723,gas-used mismatch for 0x7dd507ad0eb94be44f24eac08b7381c4a57da5705664d93a9adb60a531535717: expected 467407 found 95880
20671482,native,66430638.276315786,
20674658,native,36116942.123188406,
20672795,native,28842567.04761905,
20672419,aot,31124728.982352942,gas-used mismatch for 0x739e8445b8a3dda4c7b80a41beb07ec7785e15f9a3f911b3a9c06111ada86c7a: expected 407091 found 258172
20669420,aot,40378235.24,gas-used mismatch for 0xfafcc7020c070f671e0150d9905257bb1204969af480b52a8eff5dcceeaf5544: expected 252787 found 238134
20671318,native,12601913.323155217,
20675021,native,27606322.2,
20674272,native,49030434.20388349,
20673146,aot,29683567.247058824,
20670911,aot,36312877.1617647,
20672209,native,24392478.62621359,
20674459,native,53287667.80645161,
20673428,native,44663549.95495495,
20669420,native,40878417.112068966,
20672045,native,31198162.80379747,
20673920,native,91566306.26229508,
20671182,native,33069113.466666665,
20670215,native,25913660.37696335,
20670545,native,28934785.308571428,
20670701,native,34393141.38356164,
20672420,native,19783316.665338647,
20674539,native,44316771.26126126,
20671576,native,63846209.15384615,
20671388,native,29984175.13253012,
20669967,native,47944248.53,
20669747,native,35873987.11594203,
20671904,native,42555558.88333333,
20669795,native,19914950.868217055,
20671295,native,58713249.83950617,
20672486,native,41440855.18699187,
20671656,aot,62234899.469135806,
20671599,native,30801780.548387095,
20673542,native,23632680.529411763,
20672589,native,30062599.41764706,
20669847,native,55131007.41935484,
20670357,native,19108589.848837208,
20673897,aot,36621209.15,gas-used mismatch for 0x6955feeaed6f7d922d2767730a12e0c215cc47da6803c215d095cac84ba20b54: expected 385177 found 427506
20673504,aot,18112599.800724637,
20673170,native,47885265.83962264,
20673342,native,34514174.89032258,
20671670,native,27361458.210526317,
20671435,native,66568617.44444445,
20670309,native,45856504.198275864,
20671107,native,80922932.09523809,
20670450,native,52565798.47826087,
20672941,native,56996587.94444445,
20671952,native,35546882.26712329,
20672022,aot,39866531.33076923,
20671483,native,40639583.58730159,
20674659,native,58799059.0,
20672420,aot,19942854.104651164,
20672796,native,48380877.96363636,
20669421,aot,48272707.60194175,
20675022,native,34217668.78321678,
20673147,aot,26699192.338797815,
20671319,native,72100058.71428572,
20674273,native,39930756.85925926,
20674460,native,29143973.192771085,
20670912,aot,28897931.244318184,gas-used mismatch for 0xfc6c87ab4cfbd367fd43b40db34741e74ae8d6b851d95623fca140b0085a25f3: expected 196985 found 81646
20673429,native,27873523.780346822,
20672210,native,23216653.208333332,
20673921,native,30571265.496774193,
20672046,native,45511958.61111111,
20669421,native,50258768.95918367,
20671183,native,34892964.468965515,
20670216,native,43997638.198275864,
20672421,native,10355715.35140998,
20674540,native,5675174.056140351,
20671389,native,45109922.67961165,
20669968,native,10861257.50892857,
20670546,native,45678507.0,
20669748,native,17085061.83161512,
20670702,native,45682053.88181818,
20671331,native,46031845.08571429,
20671577,native,54660699.44210526,
20671905,native,45220897.518181816,
20671657,aot,36479835.4057971,
20669796,native,55221646.48888889,
20669848,native,18814692.81368821,
20671600,native,38722800.828125,
20673543,native,37600922.578947365,
20670358,native,82700842.48214285,
20672590,native,90918583.34545454,
20673898,aot,43819230.982300885,
20673505,aot,53152343.78021978,gas-used mismatch for 0xbd76c7268c6f83cdb47b70ccdb1e282d5fb2e29874034273be3d8fae488efefe: expected 808324 found 446391
20672487,native,54285894.99029126,
20673171,native,45203322.00884956,
20670310,native,4604003.9589169,
20673343,native,67053683.34246575,
20671436,native,41464307.37190083,
20671671,native,49007896.63809524,
20671108,native,42109421.541666664,
20670451,native,42707125.577586204,
20672942,native,33859284.84931507,
20671953,native,13342684.002680965,
20672023,aot,25650925.55612245,
20671484,native,48118330.13888889,
20674660,native,56115227.97802198,
20672421,aot,10262776.101832993,
20675023,native,34740224.07801419,
20672797,native,36200709.125874124,
20669422,aot,28887176.51891892,
20673148,aot,28206345.73480663,
20669422,native,29932861.114864863,
20674461,native,25777543.478947368,
20671320,native,32221285.75625,
20673922,native,31285095.89375,
20670913,aot,43059406.83471075,
20674274,native,36257104.47945205,
20673430,native,19477592.524305556,
20672211,native,59137050.74725275,
20672047,native,45493799.54782609,
20670217,native,27299520.21276596,
20671184,native,47395420.06306306,
20671109,native,56748136.64835165,
20669969,native,81265717.95081967,
20672422,native,76405437.5,
20670547,native,33531910.438709676,
20674541,native,73311475.58571428,
20672591,native,29460898.695945945,
20669749,native,64172131.39506173,
20671203,native,25734185.16836735,
20671332,native,15605188.387096774,
20670703,native,28338423.55050505,
20673172,native,22744055.948186528,
20671507,native,50249144.310679615,
20669797,native,52498085.041666664,
20671658,aot,38848775.65413534,
20669849,native,45171687.56521739,
20671601,native,19738825.60150376,
20670359,native,42890073.39669421,
20673544,native,72925624.87142856,
20673899,aot,38216030.948148146,gas-used mismatch for 0xef1cc54ea1db7d4bf8f346c3f33a4899b841d81ab5437d006751bb99c6d27b13: expected 196985 found 81646
20672488,native,40512685.809523806,
20673506,aot,42723251.832,
20673344,native,48332075.48571429,
20669819,native,37391081.2,
20671672,native,32705281.365384616,
20670311,native,85640675.05,
20670452,native,31158128.61392405,
20672444,native,46512434.13636363,
20672943,native,34539408.15068493,
20672024,aot,63535031.065789476,
20674661,native,34506382.847826086,
20671954,native,88887670.6,
20671485,native,29055145.27840909,
20672422,aot,72199540.13636364,gas-used mismatch for 0x964b9f0e6941b4aa0948c8dc10a952d0d73457845c07490844a7781158378e33: expected 191508 found 81738
20673149,aot,16047894.349834984,gas-used mismatch for 0x3c57c32f9b6775bcf39457f1e2b686e68a843ba4efbaa74fcccf1920d920cf3d: expected 263239 found 196659
20672798,native,31890421.185897436,
20675024,native,60645593.32530121,
20669423,aot,48790371.27722772,gas-used mismatch for 0x7f4bc1ef113ea1b99dcb619f4c9139e4e54dad1d084643eb23afcc2eb9cbc5bd: expected 194461 found 81750
20669423,native,52425614.421052635,
20674462,native,9587921.361111112,
20671321,native,28120553.64736842,
20670914,aot,54245970.03488372,
20673923,native,65114462.586666666,
20674275,native,52165844.32631579,
20672048,native,34045713.428571425,
20670453,native,47743504.5,
20671185,native,22980845.274881516,
20672212,native,59275988.64705882,
20673431,native,27994815.632124353,
20674542,native,42848198.73873874,
20672423,native,34910339.61702128,
20671110,native,27595419.56756757,
20669970,native,31931634.36875,
20674812,native,59229883.469135806,
20672592,native,55515863.177777775,
20671508,native,20698245.848484848,
20670548,native,21857044.359183673,
20670704,native,43648462.84347826,
20669798,native,30905588.379518073,
20673173,native,42047934.62601626,
20670360,native,49567368.875,
20671204,native,51883896.495238096,
20671659,aot,42280817.38016529,
20671333,native,56767381.32631579,
20671602,native,42169344.66115703,
20669850,native,67836259.63157895,
20673545,native,49111280.873786405,
20673900,aot,53695696.0625,
20673507,aot,45442172.63716814,gas-used mismatch for 0x58c9b6670d5be52fad47e2d8739725151abb5268217ecdcf10b75e7593882ef8: expected 1512195 found 524201
20672489,native,40099145.28571428,
20669820,native,32660571.57419355,
20671673,native,40715711.01652893,
20673345,native,47962866.93913043,
20671250,aot,11539712.33408578,
20672843,native,69614089.98666666,
20672944,native,24012749.01395349,
20672445,native,31963630.824242424,
20674662,native,30860605.316455696,
20672025,aot,39090712.0703125,
20671955,native,43590141.6173913,
20672423,aot,36285304.226950355,
20671486,native,48515699.04716981,
20672799,native,40498793.19008265,
20675025,native,62192564.64102564,
20673150,aot,47288874.61904762,
20669424,aot,14428628.575498575,
20669424,native,14304742.303206997,
20670915,aot,39191962.423423424,
20674276,native,31882367.8013245,
20673924,native,38180420.640625,
20672213,native,29999724.044871796,
20671205,native,32728570.61,
20672049,native,44413123.132743366,
20670454,native,35597203.307142854,
20671186,native,32781185.36423841,
20674463,native,73004127.55882353,
20673432,native,73981368.07575758,
20671322,native,68094006.98717949,
20674543,native,28942910.17857143,
20672424,native,36290798.90441176,
20670549,native,61897208.442857146,
20671111,native,24995065.005,
20672593,native,17313055.94736842,
20669971,native,30735044.393939395,
20671509,native,57645650.152941175,
20669799,native,26751505.46111111,
20674813,native,26279949.702439025,
20670705,native,27201785.63783784,
20671660,aot,27861637.12,
20671334,native,26881965.244444445,
20669851,native,28047146.57803468,
20673174,native,49079010.00970874,
20670361,native,39488132.8359375,
20671603,native,49616569.18,
20673901,aot,31123397.621118013,
20673546,native,37185190.375,
20673508,aot,24028844.39336493,
20672490,native,38299914.86153846,
20671674,native,36934182.924812034,
20669821,native,55463994.395604394,
20673346,native,50085831.56122449,
20672446,native,40817168.27272727,
20671251,aot,61476803.26744186,
20672844,native,31414806.04494382,
20672945,native,49503623.70434783,
20672026,aot,29808988.429411765,
20674663,native,48190283.18095238,
20671487,native,36595331.05555555,
20671956,native,16373850.29375,
20672424,aot,36811183.91608392,
20672800,native,45956208.225225225,
20675026,native,54570565.74736842,
20673151,aot,23419823.92274678,
20669425,aot,57357458.05555555,gas-used mismatch for 0xfdf787298361d890c2f934fc16b2583dd79bb13503dffca385dfcedff10535f8: expected 264079 found 215890
20670916,aot,36507532.581560284,
20669425,native,60728515.94444445,
20674277,native,34509782.827586204,
20673433,native,27755733.5,
20673925,native,23000614.90134529,
20672050,native,15373013.148688046,
20671206,native,38051311.98518518,
20672214,native,48867118.00943396,
20670455,native,49284600.66037736,
20669972,native,54740939.30120482,
20672425,native,22363482.67699115,
20671323,native,39422042.165413536,
20674544,native,52211613.11881188,
20671187,native,76942279.8,
20674464,native,73414016.38028169,
20671112,native,54374544.58064516,
20670550,native,40901417.309523806,
20669800,native,44386511.61818182,
20672594,native,72572784.39436619,
20671510,native,47327910.94444445,
20674814,native,4279799.8921962995,
20670706,native,58404168.21176471,
20671335,native,4491033.8972125435,
20673547,native,6034410.208641975,
20670362,native,38376623.48091603,
20669852,native,26026045.23880597,
20673175,native,48736784.647619046,
20671661,aot,20622228.563909773,
20671604,native,56393771.85555556,
20673902,aot,34522322.373333335,gas-used mismatch for 0xba7cd1d67352056aae5ac4f14cd0c0d1e53fa1b4bd650b11e3b067fa6e1d29cc: expected 1290283 found 800413
20672491,native,16443875.649350649,
20673509,aot,40677174.34920635,
20671675,native,51613672.166666664,
20673347,native,29992879.06329114,
20669822,native,32030928.40506329,
20672447,native,40281873.43089431,
20672845,native,25133676.11170213,
20671252,aot,37984651.03174603,
20672946,native,11903923.007407408,
20674664,native,39438490.387931034,
20672027,aot,36719656.65413534,gas-used mismatch for 0xa253d92b83b8588ff583c9907a6819cb9ab542fbb2f7d59674c9070daf02feb0: expected 338047 found 254520
20671488,native,22670895.222222224,
20672425,aot,20991961.84322034,gas-used mismatch for 0xf78e5700293d9258975728a7e41b6a096363731143498f8ca13a0a14661bbb4c: expected 131980 found 36537
20672801,native,47797936.96039604,
20671957,native,53805541.15533981,
20670917,aot,55118274.225,gas-used mismatch for 0x2b4dfc282c995d04e6e5258ed85e1825b91416baeff9ca4bb69671013c1f398b: expected 308330 found 268370
20669426,aot,32700543.924657535,
20675027,native,38056517.45112782,
20673152,aot,44100429.08108108,gas-used mismatch for 0x67b0111eec18e1e0dbdceb8364f51b0a0dcc4f76c123ad788ea47c1289732e54: expected 282545 found 153935
20669426,native,33864132.868965514,
20673434,native,35382481.06428572,
20674278,native,44040257.6460177,
20673926,native,48677972.58252427,
20672051,native,52011855.072916664,
20672215,native,40100941.152,
20670456,native,5823090.446735395,
20671207,native,42445300.92,
20669973,native,36366445.301470585,
20670551,native,41200585.74336283,
20671324,native,30274381.361445785,
20674465,native,28291676.85714286,
20672426,native,72301487.05633803,
20671113,native,57713904.59090909,
20669801,native,66141186.46052632,
20672595,native,9081133.972318338,
20671188,native,37853238.04635762,
20674545,native,62795175.84615385,
20671511,native,38439697.4887218,
20670707,native,42135200.516666666,
20669853,native,43195493.233333334,
20671662,aot,62001926.746987954,gas-used mismatch for 0x7a475f7d5f0eb15d37c81ed25427576d4c7af71e37af4b9729d39f51ecb2cef1: expected 566605 found 174569
20674815,native,81430494.72307692,
20673548,native,77600474.26153846,
20670363,native,44226074.025,
20673176,native,52136695.8019802,
20671605,native,43902022.458333336,
20672492,native,23008820.918552037,
20673903,aot,47586190.00925926,
20671676,native,25207100.07070707,
20671336,native,93052400.48214285,
20673510,aot,36448114.779310346,gas-used mismatch for 0x790da88080cf9cf392c21bdadf84a3de2e871e67c50de25c26487bf66eee9b51: expected 2085213 found 1642511
20673348,native,34646228.56081081,
20669823,native,37038331.81428572,
20672448,native,30171513.267080747,
20671253,aot,40159760.16949152,
20672846,native,51553489.43,
20672947,native,72962690.84285714,
20672028,aot,52412623.631578945,gas-used mismatch for 0xf7987454dec23c266a5f2334e87cc54b1b71d512922e142ddb8988ae64d716d0: expected 391160 found 95868
20674665,native,40093243.73846154,
20671489,native,43866257.17117117,
20672426,aot,68520816.78571428,
20675028,native,27947641.84768212,
20672802,native,40606341.858333334,
20670918,aot,48212611.56435644,gas-used mismatch for 0x945fb48a71731efb65a45c41b5385d28894dcdf64bafe5170efb46264ff8f447: expected 682916 found 537087
20671958,native,37910708.823076926,
20669427,aot,42077802.123893805,
20673153,aot,28957742.26011561,
20669427,native,43046640.31858407,
20673435,native,54026316.406593405,
20674279,native,33563803.83448276,
20673927,native,30426812.937888198,
20672216,native,39783005.87804878,
20671208,native,37234658.722222224,
20670457,native,61905229.05128205,
20672052,native,35849942.31724138,
20671325,native,19362352.85887097,
20674466,native,44552794.87735849,
20669974,native,39997681.6446281,
20670552,native,46799278.0,
20671114,native,26686977.370967742,
20671606,native,38504240.98095238,
20669802,native,43345248.26271187,
20671512,native,51078395.78571428,
20671189,native,51649559.604166664,
20670708,native,41385698.858333334,
20674546,native,46113807.02727272,
20672596,native,60583325.313253015,
20673549,native,20983460.78723404,
20673904,aot,31272682.821192052,gas-used mismatch for 0x7b76858cdaecb69c288dd8330fdf9b1f4779b02b2188407f05ff3768e0baf174: expected 196320 found 81750
20671663,aot,51747379.48421053,
20669854,native,45328863.09009009,
20673177,native,47250297.716981135,
20670364,native,62762882.7875,
20673511,aot,34613946.16083916,gas-used mismatch for 0x045ca4549ed317d496f3ed68c2bfc5aaaad1c233747435713687c5537d7cf1e5: expected 196985 found 81646
20673349,native,33378541.547945205,
20674816,native,86919312.18965517,
20671337,native,17502067.645614035,
20672493,native,56633688.36363637,
20671677,native,45333494.14545455,
20672427,native,49223949.932330824,
20672449,native,49706726.604395606,
20671254,aot,53773334.19736842,
20669824,native,43503987.932330824,
20672847,native,17194149.877133105,
20672948,native,48974122.21359223,
20674666,native,42221386.81300813,
20671490,native,47670647.40740741,
20672029,aot,44762556.0234375,gas-used mismatch for 0xa118f01548c52759a6c4af7bc85738950a4ed40159139bf00106b303bbca7508: expected 2745706 found 1611171
20672427,aot,37223462.45,gas-used mismatch for 0x70fc5a27ac402d6bed90b13c84510be69371e46594a1ad660020f55aad941cfb: expected 449061 found 222319
20670919,aot,14770295.512747874,
20672803,native,36255498.226950355,
20675029,native,33891839.464516126,
20671959,native,53204716.24752475,
20669428,native,33542108.54248366,
20669428,aot,34899894.27152318,
20673436,native,31937444.3,
20673154,aot,41343362.8125,
20674280,native,42876456.208333336,
20673928,native,54631151.02150538,
20671209,native,54122848.04301076,
20674467,native,35597591.868965514,
20671326,native,51113596.64,
20670553,native,43300339.95689655,
20670458,native,64309370.4939759,
20669975,native,45774512.238938056,
20672217,native,50641599.11504425,
20671115,native,21737548.812765956,
20669803,native,4423055.98655914,
20672053,native,78539579.46666667,
20671607,native,40123863.19512195,
20671190,native,42241286.88695652,
20674547,native,44240163.765765764,
20673905,aot,38788558.827586204,
20670709,native,44001531.072072074,
20671513,native,51232173.8125,
20672597,native,34638226.93617021,
20673550,native,34631746.97794118,
20669855,native,36806036.51908397,
20671664,aot,25172646.95,gas-used mismatch for 0x3a6c4d43b77fe4c3c715b23377d61f223deb06d9c1e8ccc1d94b2f7e36da42d3: expected 344502 found 218448
20673178,native,28451745.81547619,
20674817,native,11747068.44691358,
20672450,native,26442936.52352941,
20672428,native,39804228.0862069,
20673512,aot,27686718.494444445,
20670365,native,69438147.08450705,
20671678,native,44404446.36111111,
20671338,native,58669234.95180723,
20673350,native,56377985.14772727,
20672494,native,39610036.734375,
20671255,aot,34074494.307692304,gas-used mismatch for 0x1d3f1ea4f204dfebe4862fb2c62441c45aac28182cab2dd0ac77e5716e11dd38: expected 1630400 found 904938
20669825,native,48372383.63809524,
20672848,native,49136894.6,
20672949,native,35556371.134751774,
20674667,native,51805157.364583336,
20671491,native,39078679.50793651,
20672030,aot,33692415.27152318,gas-used mismatch for 0x2163c1de2d426debe089ceb5e51cc4a5ac102ac309635d60398331fe0133bf31: expected 928225 found 607157
20674281,native,40949987.78947368,
20670920,aot,53754027.204301074,gas-used mismatch for 0x1ed4a5d5f817a46289a06b68d6a2e91646f98a7f874732ea144d22300ec4fcfb: expected 349442 found 174296
20672804,native,43687411.26956522,
20672428,aot,40895000.0075188,
20675030,native,44873098.65289256,
20669429,native,36772308.35114504,
20673437,native,28731740.263157893,
20669429,aot,36000621.123188406,
20673155,aot,46662061.358490564,
20671960,native,46499890.05,
20673929,native,50057314.37,
20670554,native,25311140.942408375,
20671210,native,36359770.72857143,
20674468,native,3529798.724137931,
20671327,native,36421386.9858156,
20669976,native,23343319.572093025,
20670459,native,33580872.96774194,
20672218,native,54881041.715789475,
20672054,native,47394806.0754717,
20674548,native,27264552.847368423,
20671608,native,40007258.296875,
20671191,native,37905221.73529412,
20672598,native,55508513.505494505,
20670710,native,34298669.078431375,
20671514,native,39824016.86259542,
20673906,aot,48391607.35185185,
20671116,native,67440441.02409638,
20669804,native,80056066.84615384,
20673551,native,45156637.8,
20673179,native,15918727.665634675,
20671665,aot,31342337.44242424,gas-used mismatch for 0xc5e5dccf75fede5f3db1403014f7e4a0e18ab4fa716d1fc30aa9623f051c4fa7: expected 376916 found 276395
20669856,native,34453437.29032258,
20672451,native,58392467.80681818,
20672495,native,17848256.51236749,
20670366,native,36658665.45390071,
20673513,aot,43081996.5338983,
20672429,native,34162428.67307692,
20674818,native,62787039.705882356,
20673351,native,36978403.74637681,
20671339,native,23898897.82300885,
20671679,native,38580863.176470585,
20671256,aot,53310711.5754717,gas-used mismatch for 0x37ea58208f4775c9327799f8a8efde80d9a921f4ae7942a2b650b969e68abf6c: expected 189878 found 81750
20669826,native,14450763.49180328,
20672950,native,12328771.486746987,
20672849,native,41698665.688,
20674668,native,39675075.304,
20671492,native,50558970.625,
20672031,aot,29323299.10714286,gas-used mismatch for 0x557ded65b474a1917b305ba887cd13be698ca326e2384a283c3cfb5143a478d0: expected 277745 found 153935
20670921,aot,19976741.177272726,
20674282,native,22051335.029126212,
20672805,native,70997161.3968254,
20675031,native,30549544.170886077,
20672429,aot,31919989.129032258,
20669430,aot,50287243.030612245,gas-used mismatch for 0xe9d8f2fcfb2c5ad7bdebf2211a838bb1c38650c3a49c6fae62a0f09aef201f35: expected 542646 found 86064
20673438,native,31611046.615384616,
20673156,aot,36466942.44444445,
20671961,native,24163255.42857143,
20673930,native,31462371.238709677,
20669430,native,73594068.37179486,
20671211,native,27329661.516853932,
20670555,native,35907696.01428571,
20671328,native,43991615.24347826,
20674469,native,71818259.07142857,
20669977,native,58343061.52325582,
20670460,native,48018657.15238095,
20672219,native,45021362.68644068,
20672055,native,35923990.01428571,
20671192,native,15489999.199376946,
20673552,native,33255054.0,
20671609,native,41806473.25,
20672599,native,16757790.57807309,
20671515,native,45533659.59259259,
20674549,native,49497814.138613865,
20669805,native,38548352.3015873,
20673907,aot,40240322.384,
20671117,native,40779953.088,
20669857,native,37488553.86259542,
20670711,native,44277428.48760331,
20672430,native,12577896.058981232,
20673180,native,71828889.38028169,
20673514,aot,41405213.541666664,
20670367,native,48918778.18,
20673352,native,32644639.9602649,
20672452,native,70083161.83561644,
20671340,native,44702924.5,
20672496,native,75816016.5076923,
20674819,native,67806590.71232876,
20671666,aot,50127304.09090909,gas-used mismatch for 0x4d12e09c8140dfaea5df5aa6909af71dff0006b06a984810b3c00f41482e08bb: expected 10570953 found 289563
20671680,native,37065204.075187966,
20671257,aot,38871722.52380952,
20672850,native,32718205.31125828,
20669827,native,70467485.94520548,
20672951,native,70499070.63380282,
20671493,native,42572259.551724136,
20672032,aot,49487900.33009709,gas-used mismatch for 0x3685c2e7f0566816509296cb3b591772e89f99b232e716da6c5eadd4ca8bf6f9: expected 1252953 found 774092
20674669,native,58701454.01136363,
20674283,native,78283189.15384616,
20670922,aot,75648342.61643836,
20672430,aot,12692823.111922141,
20669431,aot,32929341.120253164,gas-used mismatch for 0xa3580440d953f2a512cf7d59129d9bf57f26c73a4999877a29f9af83187516ae: expected 252823 found 238170
20673439,native,57331636.46590909,
20673157,aot,36123043.212765954,gas-used mismatch for 0xf81e23d66b27144994af778b48426ea884d57b7fee6549f79a19725f9153110e: expected 313059 found 254532
20672806,native,48557049.8362069,
20675032,native,61452719.01111111,
20673931,native,26340586.278606966,
20671962,native,37320073.503496505,
20671212,native,51217871.683168314,
20669431,native,38789731.25675676,
20670556,native,68195603.84615384,
20671329,native,55982971.9010989,
20674470,native,49635854.70754717,
20670461,native,41814585.328,
20669978,native,44732566.10344828,
20669806,native,8833392.477031803,
20671610,native,40565348.55284553,
20673908,aot,50204750.12244898,gas-used mismatch for 0x00c1a5b0f18531cf111fa973ea22caa512b3b784a540e70a978f8df69398b42b: expected 1323431 found 539543
20671193,native,49163027.79047619,
20674550,native,48107804.4245283,
20672056,native,73768936.28571428,
20673553,native,45451290.45217391,
20671118,native,19521531.949019607,
20671516,native,45859953.57522124,
20672220,native,49473858.61261261,
20672600,native,66014343.807692304,
20670712,native,52114956.448979594,
20669858,native,65178924.55128205,
20673181,native,35626376.35,
20671341,native,36998670.11904762,
20673515,aot,48526960.60194175,gas-used mismatch for 0x46b73c33e1f37777451dc7ac16875340523e05c4c8b765cd7a1ad1158decf821: expected 533943 found 360581
20670368,native,35212769.33793104,
20672431,native,57402087.64444444,
20671667,aot,31582026.72,
20672497,native,21180767.6625,
20673353,native,26121868.865,
20672453,native,44513602.577586204,
20674820,native,33177926.214723926,
20671258,aot,30299712.54375,
20671681,native,57924965.666666664,
20672851,native,67867487.31034483,
20669828,native,40103867.44,
20671494,native,20690930.53181818,
20672952,native,81970985.94117647,
20672033,aot,36409517.146153845,gas-used mismatch for 0x6b685ea9145cd9decb4aea26353f8cb903e5c64c0256cba34a270f3703bcd740: expected 827152 found 866373
20674670,native,38971998.17460317,
20674284,native,16360217.24437299,
20670923,aot,33929550.30128205,
20673440,native,8619494.215411559,
20673158,aot,24905591.412935324,
20671963,native,29443931.2516129,
20675033,native,29959544.472727273,
20669432,aot,40339490.5234375,
20672807,native,31700695.525,
20673932,native,29503191.81547619,
20672431,aot,57716110.26373626,
20671213,native,32031777.024539877,
20669432,native,41923415.512195125,
20670557,native,39477828.06666667,
20669979,native,13075706.4675,
20674471,native,33800899.66875,
20671330,native,69641736.67948718,
20672057,native,30550239.80981595,
20671611,native,15443233.158959538,
20671194,native,34542807.0,
20671517,native,20675186.356,
20670462,native,46999087.87068965,
20674551,native,29277371.444444444,
20673909,aot,30663068.666666668,
20673554,native,37223732.22377622,
20671119,native,87904392.21428572,
20672601,native,19382172.10526316,
20669807,native,76949361.92857143,
20672221,native,40142941.127819546,
20673182,native,32937915.083870966,
20673516,aot,31373101.55757576,gas-used mismatch for 0x96b66754484425069be3b0a2a6e92aed7fe631bfde0c193c3b5a6a5e105dc67f: expected 407068 found 234878
20670713,native,47301206.902654864,
20671342,native,57402290.70454545,
20671668,aot,31818099.086956523,
20669859,native,54635326.62376238,
20673354,native,18498381.567857143,
20672432,native,38789356.02962963,
20670369,native,45970823.556521736,
20672454,native,36069326.928571425,
20672498,native,56824720.05376344,
20671259,aot,50331809.32673267,
20671682,native,37446810.2962963,
20672852,native,45469727.666666664,
20674821,native,68605754.64102565,
20669829,native,33859977.35172414,
20672953,native,43024378.5945946,
20671495,native,52605400.94736842,
20672034,aot,8463817.586387435,
20674671,native,33549953.377622377,
20670924,aot,36025817.453125,
20673441,native,34446059.39007092,
20674285,native,84566219.1,
20671964,native,42131751.86486486,
20675034,native,24702938.575,
20673159,aot,57019183.95454545,gas-used mismatch for 0xe24535531a2439bad572a2ecb25921c3dbb1e2a8117a14b07ebc733ba09c4649: expected 293046 found 95952
20672808,native,50852874.61,
20672432,aot,37410283.90441176,gas-used mismatch for 0xb391bbb00e90e55cc339fe97414fe599bc96b07e27a64b414bfaa2059d73fe5d: expected 277745 found 153935
20673933,native,58195963.77419355,
20669433,aot,59579659.3367347,
20671214,native,55419662.11363637,
20669433,native,51822747.760416664,
20670558,native,39914173.26923077,
20671120,native,34074529.86923077,
20674472,native,38812319.82962963,
20674552,native,35447090.36231884,
20671612,native,55313745.75824176,
20674484,native,48365453.61111111,
20672058,native,81547815.38095239,
20673910,aot,42320916.5785124,
20671518,native,52934403.81632653,
20669980,native,65982685.30588235,
20670463,native,39270395.35507246,
20669808,native,49450277.07920792,
20672222,native,37181108.5,
20671195,native,65287119.3,
20670714,native,41711158.39130435,
20673555,native,36598581.46575342,
20672602,native,63277211.45679013,
20671519,native,14401892.419075144,
20673183,native,25040206.615384616,
20673517,aot,50101757.88118812,gas-used mismatch for 0x63cf51005a5bf755f725c8afd1a2577d23b55caaf419e2055d5d61aa24f3b440: expected 376775 found 208613
20671669,aot,44283142.8018018,
20673355,native,39835668.753968254,
20672433,native,41493323.83471075,
20672455,native,43836957.45217391,
20670370,native,59605153.1882353,
20672499,native,24200320.187793426,
20671683,native,45439291.40909091,
20669860,native,32842895.375,
20672853,native,30664102.64242424,
20674822,native,28232275.423529413,
20671260,aot,50631173.126213595,gas-used mismatch for 0xcf0c0360e29a43a583cd2b2dd136cd538c1e784bb1927e4a7445f9236abef266: expected 604381 found 348278
20669830,native,46412238.52380952,
20671496,native,32781179.379310343,
20674672,native,46063512.02150538,
20672035,aot,52360502.02197802,gas-used mismatch for 0x016afdd98f9ffaab38f82d00a4ea9c7c2ee721810b9e955823a77669144a35d8: expected 304452 found 234876
20672954,native,56860812.73626374,
20674286,native,30916262.40397351,
20672433,aot,46023367.40860215,gas-used mismatch for 0x86ef918e718fb61767d399b8aa0cb5656c21180bd2149eb50d3b356a1e53fef8: expected 282533 found 153923
20670925,aot,61535452.34883721,
20673442,native,59109816.90909091,
20673160,aot,24966689.865,
20675035,native,63420271.469135806,
20671965,native,57183507.12903226,
20672809,native,16950807.97377049,
20669434,aot,44979905.809523806,
20673934,native,51031010.324074075,
20669434,native,49638631.873786405,
20670559,native,28855581.80327869,
20671215,native,55545279.48,
20671121,native,31355761.15882353,
20674553,native,60264658.87912088,
20674473,native,39416689.020979024,
20674485,native,32183453.433333334,
20669809,native,46934286.71287129,
20670125,aot,79002342.35,gas-used mismatch for 0xff758466ae49460fae0633cf57bd15ac0131b892499a11c3d3e0de33ef74f1c5: expected 282545 found 153935
20673556,native,60781826.64102564,
20670715,native,44812754.88888889,
20673911,aot,22103241.576271188,gas-used mismatch for 0x41eb086fc925e88a2b30e396e5a15d92fad8d2f39a94a2280ba0e8b4b54015d8: expected 207635 found 107710
20671520,native,46177518.52830189,
20671196,native,48175063.22330097,
20673184,native,36983459.875,
20672223,native,46048900.56481481,
20671670,aot,27474714.857923497,
20673356,native,45408860.46226415,
20673518,aot,30439560.17857143,
20672059,native,22514657.868,
20670464,native,60508102.22352941,
20672434,native,33963009.18918919,
20669981,native,37383229.8137931,
20670371,native,44817380.28318584,
20671613,native,44569309.5625,
20672456,native,54767400.336842105,
20672500,native,20516333.76,
20671684,native,48115944.79047619,
20669861,native,7909248.11827957,
20672603,native,45526786.35714286,
20671261,aot,23442765.853211008,
20672854,native,50257897.43,
20669831,native,39713782.551724136,
20674823,native,34133627.94409938,
20674673,native,18851236.741444867,
20672036,aot,61237645.04938272,gas-used mismatch for 0xeb0f4eeadf35a272bd4fae14517c5c1ce348fc4b603a985d4b6ef4df1879a0e8: expected 580533 found 368803
20672955,native,32315709.503311258,
20671497,native,44585796.35,
20672434,aot,31609530.817460317,
20674287,native,44412647.88695652,
20670926,aot,35169169.801470585,
20673443,native,39673140.28333333,
20673161,aot,27407763.353932586,gas-used mismatch for 0xcb610aefa5ebf6bac9ca9131251ea0eedc2be23fcd0366053910dba93a789eb2: expected 1218561 found 548710
20675036,native,21493951.68859649,
20671966,native,20970524.20588235,
20669435,aot,24339422.74736842,gas-used mismatch for 0xc0a3c60f625738b2666c160539c6d085c15201fcfaf4c8dec02c46c4fad4b6f0: expected 308330 found 268370
20672810,native,67152936.63013698,
20669435,native,25448898.046632126,
20673935,native,37259991.080882356,
20670560,native,67785792.32394366,
20671216,native,32228235.90625,
20671122,native,26727375.734693877,
20674554,native,24159255.319248825,
20672224,native,47466694.72448979,
20674474,native,28476529.23756906,
20674486,native,50293469.93069307,
20670126,aot,24004281.324074075,
20671262,aot,21540391.585106384,
20673185,native,42599821.18965517,
20670716,native,40257632.20634921,
20673557,native,56766997.47777778,
20669810,native,51159745.514563106,
20671671,aot,48111246.03883495,
20671197,native,42092056.675,
20672435,native,34999009.10638298,
20673357,native,31898446.436363637,
20670372,native,36366572.074074075,
20670465,native,24253150.21559633,
20671521,native,68677822.36,
20672060,native,52050768.1122449,
20669982,native,38329264.733333334,
20671685,native,41809267.686956525,
20673519,aot,57275616.89247312,
20673912,aot,52162007.39823009,
20671614,native,41219344.93076923,
20672457,native,54990226.838709675,
20674824,native,39367367.23577236,
20672501,native,56435046.27368421,
20672604,native,41555558.723076925,
20669832,native,32726342.74375,
20672855,native,44010266.95867769,
20669862,native,91728723.98333333,
20672956,native,25769987.91160221,
20672037,aot,33800898.055944055,
20671498,native,67068634.10769231,
20674674,native,67004313.23076923,
20672435,aot,34350358.95333333,
20674288,native,50588584.364583336,
20673444,native,46951523.67,
20670927,aot,46648369.46902655,gas-used mismatch for 0x5ac26e66c9544fd657d638edc5c562ccdbc9b17c8314df41b80fc020063e3f06: expected 1272419 found 812954
20673162,aot,54043328.90625,
20671967,native,7847298.458267717,
20675037,native,63023611.897435896,
20669436,aot,38145760.891666666,
20672811,native,43918881.652173914,
20673936,native,35958544.16312057,
20669436,native,42523240.50793651,
20671123,native,55527509.913580246,
20670561,native,52323697.78494623,
20671217,native,54156604.010204084,
20674555,native,69882397.55882353,
20674487,native,30827270.273291927,
20670127,aot,43193176.159292035,
20674475,native,35289898.634482756,
20671263,aot,49817715.68367347,
20669811,native,54936713.125,
20671615,native,16529481.888461538,
20670466,native,26470805.26111111,
20672225,native,93726888.6,
20670717,native,32464089.52795031,
20673558,native,42288898.44715447,
20671522,native,33960814.75172414,
20670373,native,12950832.86835443,
20671198,native,34950728.09589041,
20671672,aot,32561965.89570552,
20673186,native,52119711.00970874,
20673358,native,46828978.345454544,
20672061,native,48906562.33980583,
20669983,native,45902901.09009009,
20672436,native,43928744.414634146,
20673520,aot,54818088.333333336,gas-used mismatch for 0x7a79cf168410bfe83b699a248ef518eed3fafbdb5d47f5a4a98d098f1ab1f5d0: expected 474655 found 305580
20671686,native,53850806.635416664,
20674825,native,36829424.573529415,
20673913,aot,76716848.83823529,gas-used mismatch for 0x75c67ff3a321703eb09afb9296ff7b9ebffa44b045f25ef48bcdcccc7bd6aae4: expected 633192 found 303393
20672458,native,37740022.330882356,
20672605,native,42594222.51724138,
20672502,native,42123396.3902439,
20672856,native,40566899.15079365,
20669863,native,41966950.69421487,
20669833,native,52527407.11320755,
20672038,aot,28455821.089285713,
20674675,native,36944375.824,
20672957,native,74507937.3,
20671499,native,37810339.348148145,
20674289,native,40986178.5,
20672436,aot,41317951.53125,
20673163,aot,40420085.43362832,gas-used mismatch for 0x83b453b81ef19013c949a38e9ad39b7d2d7fc2bf0084bcf5d9ea63083c65a7a0: expected 282521 found 153911
20673445,native,42447610.64655172,
20670928,aot,39957198.72357724,
20671968,native,80261690.77586207,
20669437,aot,18004597.94095941,
20675038,native,41070201.6640625,
20672812,native,32365978.044303797,
20673937,native,52482512.541666664,
20669437,native,17465458.8877193,
20670562,native,37532621.2265625,
20674488,native,37243456.93220339,
20674556,native,28651797.108433735,
20671124,native,52314416.15625,
20671218,native,47816638.33663366,
20671264,aot,51154016.0,gas-used mismatch for 0x4dfe3275aaf820c768f6ca8846fd348c195f483e9908676ee19fc40e6d5bc134: expected 208453 found 144540
20674476,native,78182518.53333333,
20669812,native,42852400.445454545,
20670128,aot,44499990.72727273,
20673559,native,25126996.72105263,
20671199,native,42356957.79245283,
20672226,native,42162550.07079646,
20671523,native,34972978.073529415,
20671616,native,32997882.96,
20672437,native,33826734.10769231,
20673187,native,36630156.723076925,
20670467,native,66818020.97260274,
20671673,aot,39219450.30508474,
20673359,native,36251808.358778626,
20670718,native,50970230.552083336,
20672062,native,33460924.16083916,
20669984,native,33957204.00699301,
20673914,aot,40414796.407079645,gas-used mismatch for 0xbfbdc8f5aa16d8ff89a61b659de96c83b6a9f2f304b3275583d3e0d5c0fae743: expected 401457 found 240074
20671687,native,38804998.18253968,
20673521,aot,30407456.75595238,gas-used mismatch for 0xe1762970398b97cbc1ade908890f6eb75d1c9da60b99c17123ba2d94ea712574: expected 431852 found 301127
20670374,native,72281558.23943663,
20674826,native,46259607.61165048,
20672459,native,35725704.26470588,
20672606,native,51909916.53684211,
20669834,native,40963991.13636363,
20672503,native,35104284.74482758,
20672039,aot,47482812.96039604,
20669864,native,38911826.8,
20672857,native,40712782.02857143,
20674676,native,26949550.691891894,
20672958,native,38102192.50381679,
20671500,native,42924700.126126125,
20674290,native,62257030.56790123,
20672437,aot,34298515.89333333,
20673446,native,40752695.91869919,
20673164,aot,66722885.384615384,gas-used mismatch for 0x8bc0af80370790fb6509c41df450ea2e7b432388cf3f1076d5be5ff818089e0e: expected 282545 found 153935
20670929,aot,26236994.266666666,
20669438,aot,69453709.8219178,
20671969,native,52938002.217821784,
20675039,native,16052870.323076922,
20672813,native,19088762.53846154,
20673938,native,34752086.77862596,
20674489,native,53116051.177777775,
20670563,native,45215482.867256634,
20669438,native,73487364.0,
20671219,native,37400936.376811594,
20671265,aot,26570341.426229507,
20671125,native,52792899.13,
20674557,native,37777597.56551724,
20671688,native,37153588.72972973,
20673560,native,56763478.93181818,
20670129,aot,60461358.81395349,
20672227,native,47992228.23584906,
20671674,aot,37195234.72592592,
20669813,native,52825340.83168317,
20672438,native,36408723.13768116,
20671524,native,45385700.88495575,
20673360,native,20427032.884,
20674477,native,42383358.66923077,
20673188,native,36123405.65957447,
20671617,native,79524168.63076924,
20672063,native,5155103.169678715,
20670719,native,34930760.1862069,
20673915,aot,43788770.983050846,gas-used mismatch for 0x75680624a05145b9fc436f238715c69524951276d9f96a3b5a1ac52a50761e93: expected 772131 found 458828
20670468,native,82040190.16666667,
20673522,aot,31525475.963190183,
20671200,native,45808618.33076923,
20672607,native,48065774.591836736,
20669985,native,38942448.48571429,
20674827,native,45781033.336283185,
20670375,native,61874051.0,
20669835,native,35525685.55319149,
20672504,native,47305658.74285714,
20669865,native,33277114.454545453,
20672460,native,50903717.87037037,
20672040,aot,49900615.03,gas-used mismatch for 0xd5b55b62de2d82b5bc32626ec18f522cb9be54fa24cd162cc09aa1f3df8328d0: expected 546518 found 349156
20674677,native,36585675.85925926,
20671501,native,47913904.21875,
20672959,native,48694697.45283019,
20673165,aot,30064361.22972973,gas-used mismatch for 0xa9cc205aa256031d302e2f6e2d561e8c6915060efc88bf0b654242f4db9cd9cd: expected 1467172 found 1211050
20672858,native,59741066.92222222,
20672438,aot,34412746.5177305,gas-used mismatch for 0x0b98efd645e1b80baf56a4d5f6e31e34f1d242871b424af152b6681bebc2398d: expected 199438 found 82074
20674291,native,34171091.04137931,
20673447,native,43270278.288135596,
20670930,aot,45930909.72072072,
20669439,aot,39348957.172932334,
20675040,native,47319950.72815534,
20671970,native,44183756.02542373,
20673939,native,43268312.53982301,
20672814,native,77291657.04615384,
20674490,native,40299338.00793651,
20670564,native,53530162.06593407,
20671126,native,32118011.90410959,
20669439,native,42404699.10569106,
20671266,aot,40215159.824,
20674558,native,49273638.653061226,
20671220,native,43961148.22123894,
20672228,native,38609590.20325203,
20671689,native,28110898.978142075,
20674478,native,26434604.42777778,
20673561,native,31142506.791411042,
20672439,native,42603462.57522124,
20673189,native,26356680.55376344,
20671525,native,33145108.027027026,
20673361,native,33494683.62837838,
20670130,aot,38083003.53333333,
20669814,native,45769317.2037037,
20670469,native,16536760.823741008,
20671675,aot,51668662.07920792,gas-used mismatch for 0xc5898006da1689d80eb4a5d0585e505f6407796e679d6ad33b12d74985855f70: expected 608355 found 239187
20673523,aot,43472723.93396226,
20672064,native,45184390.522522524,
20673916,aot,9721874.536203522,
20670720,native,44012742.74380165,
20674828,native,19185102.84230769,
20671618,native,89959747.01724137,
20671201,native,33364694.807692308,
20669986,native,59217026.174418606,
20672608,native,40646583.3015873,
20670376,native,59081292.77272727,
20672505,native,45144892.274336286,
20672461,native,31807676.614906833,
20672041,aot,48146881.9245283,
20669836,native,75477320.52112676,
20669866,native,63238887.34117647,
20674678,native,47272152.8019802,
20671502,native,46921241.5,
20673166,aot,23936342.29816514,gas-used mismatch for 0x44560575469009e8ac9fd0f0c697109177977bfb3454163b9c4b4ad4f0891339: expected 260493 found 183181
20672859,native,25560496.704433497,
20672439,aot,42574105.97560976,
20674292,native,27446130.348484848,
20673448,native,38609508.1328125,
20672960,native,43703545.7867647,
20670931,aot,50896924.3367347,gas-used mismatch for 0xc94554e84968b6a330934e76e6afd9332de128403d73a408cfdfe4ad63f87d36: expected 599215 found 324803
20669440,aot,34231089.31851852,
20675041,native,52782871.44210526,
20671971,native,35340103.84397163,
20672815,native,44128218.163636364,
20673940,native,47764095.66981132,
20674491,native,17679994.76811594,
20669440,native,34932451.481481485,
20671127,native,25445126.61734694,
20670565,native,43139811.88333333,
20671267,aot,27303862.153005466,
20671221,native,41173178.06779661,
20673562,native,39913091.74576271,
20672229,native,35138345.042553194,
20674559,native,62599775.3373494,
20671690,native,67066034.57534247,
20671526,native,27757174.2247191,
20670131,aot,30077252.751552794,
20672440,native,31407239.879746836,
20674479,native,47400192.20909091,
20673190,native,46495393.175925925,
20670470,native,47872174.281553395,
20671676,aot,25273608.686567165,
20669815,native,46500735.02727272,
20673524,aot,25429041.885,gas-used mismatch for 0x5e4cfafe979383f00156e7fa16a93fd598fc742df0faed2c370a77f0cac8aad4: expected 148263 found 75906
20673917,aot,45514996.87037037,
20672065,native,47386749.33018868,
20673362,native,56897959.989473686,
20669867,native,41794151.13953488,
20670721,native,42968168.594827585,
20671619,native,41421273.666666664,
20674829,native,52277582.969387755,
20670377,native,52019236.494505495,
20672609,native,40671212.43089431,
20669987,native,49540066.72277228,
20671202,native,63289589.654320985,
20672506,native,42678334.62931035,
20672462,native,48860525.06930693,
20669837,native,45219688.59259259,
20672042,aot,48081420.37391304,gas-used mismatch for 0xe88ad456ab9a825a30a2c53d262ef545986059eb3debaa766f56849999e5a3c7: expected 454054 found 95880
20674679,native,59958212.52325582,
20671503,native,37359694.375,
20673167,aot,50571176.49504951,
20674293,native,31668264.777777776,
20672440,aot,30614544.06547619,
20672860,native,50567793.81904762,
20670932,aot,12896863.246537397,
20672961,native,36103993.57971015,
20673449,native,42036804.9338843,
20669441,aot,48424349.047619045,gas-used mismatch for 0x809a22f93d330a02e29add5e757a762d400ead37157ccb48dde32ae04ab8be70: expected 263224 found 196669
20675042,native,29921705.226190478,
20671972,native,43002790.7368421,
20672816,native,49672096.6,
20669441,native,50004487.97802198,
20673941,native,34118788.51655629,
20674492,native,50612417.554455444,
20670566,native,36004281.0,
20673563,native,30613478.062111802,
20671128,native,55219498.47311828,
20671222,native,28828057.533707865,
20671268,aot,45581337.25663717,
20670132,aot,30800377.74050633,
20672230,native,44535986.4054054,
20674560,native,30990061.19879518,
20673191,native,55941441.54545455,
20671691,native,54586787.307692304,
20671527,native,52379428.2,
20673918,aot,39651081.88695652,gas-used mismatch for 0x88cdc2f1923a1b78fe5f7e0f3948e09b9fc12dfd9113cfcb107299ec1d7d5258: expected 506530 found 184531
20674480,native,61234722.41975309,
20669816,native,22411637.904545456,
20673525,aot,49605137.58,gas-used mismatch for 0x5389260bb372186511b8f86477823abd0abe7e91957de3e4fa24703587d0439e: expected 388970 found 237977
20672441,native,63419517.6,
20670471,native,43856966.82608695,
20671677,aot,45652617.96363636,
20672066,native,11411203.29010989,
20672610,native,31630302.593333334,
20670378,native,44755964.97142857,
20674830,native,35495156.52941176,
20670722,native,42453439.551724136,
20671620,native,32737340.927152317,
20673363,native,24884908.310344826,
20669868,native,38246718.381679386,
20669988,native,29863308.85882353,
20672507,native,35800332.64705882,
20673687,native,64714304.671052635,
20672463,native,46064017.37962963,
20669838,native,37599129.22794118,
20674680,native,33643506.155555554,
20672043,aot,37237550.03623188,gas-used mismatch for 0x35767b01d7effa75742dc6d1c886db6f35a771699264d512d9290958335c0c2d: expected 319826 found 254496
20671504,native,44871040.59090909,
20673168,aot,30287759.036363635,gas-used mismatch for 0xa633110b7de9549b28582c9b72cc4994a96db1af724387269e5de4c28c32439e: expected 333273 found 95916
20672861,native,15485296.978658536,
20672441,aot,58372494.72093023,gas-used mismatch for 0xf39c3609354ccf80c470702cf9a236994e4661dc07f3a90a1ff762b6a2f1c374: expected 419922 found 261079
20670933,aot,44439612.56637168,gas-used mismatch for 0x4512a8a971caee6c8c59a93e3479e1b4887f93cbc550036c5201840d8517fc3f: expected 276646 found 201675
20674294,native,74826850.95588236,
20672962,native,36217211.59440559,
20669442,aot,30567889.925,
20673450,native,51583704.969387755,
20675043,native,28452554.72,
20671973,native,45413941.928571425,
20672817,native,49310107.33663366,
20669442,native,32585809.05882353,
20673942,native,96746088.32727273,
20674493,native,42012817.721804515,
20671269,aot,41682346.25833333,
20671129,native,41449421.0,
20671223,native,37933479.162962966,
20673564,native,81045343.09523809,
20670567,native,50391342.46226415,
20672231,native,54563685.795698926,
20670133,aot,28481977.895027623,
20674481,native,3279938.856772521,
20672442,native,37515636.896825396,
20674561,native,42040927.936,
20671528,native,33002711.44516129,
20671692,native,29200753.617142856,
20673919,aot,33010402.954838708,gas-used mismatch for 0xa4f77e79ff518a25fc47502d67115ba6e11f321b0ffd51bd34b7703f58ebe468: expected 191472 found 81738
20673192,native,36597006.06206897,
20673526,aot,60284614.95294118,
20670472,native,28769134.444444444,
20669817,native,35349299.220689654,
20671678,aot,44346027.76271187,
20673364,native,49888493.75308642,
20672067,native,65541880.34210526,
20670379,native,21708945.613821138,
20670723,native,48236293.056603774,
20669869,native,41342415.44715447,
20671621,native,41113694.28125,
20674831,native,56440572.86021505,
20672611,native,43694856.96,
20672464,native,27502713.17679558,
20669989,native,47160739.25225225,
20673688,native,16429557.811320756,
20672508,native,42819121.57723577,
20674681,native,39658044.091603056,
20669839,native,53346697.524752475,
20672044,aot,43908553.63636363,gas-used mismatch for 0x0543cf909589aee4e502d9b1eeb68c96579e5d3355e428e9698bfa0f1df5f827: expected 681822 found 735014
20671505,native,46159125.666666664,
20672963,native,28454458.91875,
20673169,aot,36806476.64827586,
20670934,aot,44818596.911504425,gas-used mismatch for 0x5ea33fa6d60534adb1a2701af8f2d84a4780ea548f46ab647ba4017dc63b8f5d: expected 447251 found 95928
20672442,aot,37871295.74074074,
20674295,native,51572932.94736842,
20673451,native,22022735.791469194,
20672862,native,66223818.85897436,
20669443,aot,41640083.16260163,gas-used mismatch for 0xfa44e6a30fdeb5c5f21aab15041362cc3ee42d69ab3992d0b235d681bdcf4ae7: expected 252750 found 238120
20675044,native,46860892.76190476,
20671974,native,72440875.62121212,
20672818,native,24590374.297872342,
20669443,native,43095117.56637168,
20673565,native,38599695.9537037,
20673943,native,38510427.984,
20671130,native,15971959.248366013,
20674494,native,46333017.952380955,
20671270,aot,33472195.554054055,
20670134,aot,47360207.54455446,gas-used mismatch for 0xfdb82f76a52f28eeec7c1c9763ae96836817d3963ca27e5f0410d5f62d05274b: expected 262059 found 163821
20671224,native,47448067.574257426,
20671693,native,38465855.03968254,
20674562,native,29257929.076470587,
20672232,native,34810219.283783786,
20673920,aot,78463521.95081967,gas-used mismatch for 0xe54514c7d53a10dc42afa2c08759da65b940ae2b3ad8c842f2e9e5c325914e62: expected 1647480 found 1255283
20673193,native,32972188.87837838,
20671529,native,58100674.70930233,
20672443,native,38711646.674074076,
20673527,aot,29477950.78181818,
20673365,native,30437214.987179488,
20670568,native,57991137.76344086,
20674482,native,72721949.22857143,
20672068,native,37897729.265625,
20670473,native,53375939.77894737,
20671679,aot,33674160.193333335,
20670724,native,35634169.456,
20669818,native,80162060.08196722,
20669870,native,40814145.87288135,
20674832,native,35263265.823529415,
20671622,native,60530640.15662651,
20672612,native,57244151.45454545,
20670380,native,66669411.538461536,
20672465,native,60919898.30864198,
20672509,native,40775203.69105691,
20669840,native,31747588.93150685,
20669990,native,33491884.06451613,
20673689,native,70083729.42253521,
20674682,native,26956773.252688173,
20672045,aot,30512243.595092025,
20671506,native,32748370.522875816,
20672964,native,47185536.63207547,
20673452,native,18701468.841897234,
20670935,aot,47451511.7264151,gas-used mismatch for 0x47d4613889b61a8eba89b5a842a76bb7e9992d1c540f01b6494e2a48ea4e7494: expected 1248708 found 847062
20672443,aot,36703840.07857143,
20674296,native,42442554.328,
20673170,aot,46628420.20909091,gas-used mismatch for 0x08c234e09645dcb92988d3de74214eba4cbb97116f92569ef7b4f1b3767d5ca8: expected 270792 found 199172
20672863,native,73906031.3,
20669444,aot,17090231.24375,
20675045,native,27988610.416216217,
20671975,native,47088643.952380955,
20672819,native,43654127.252173916,
20673944,native,29094422.222222224,
20669444,native,17367390.03,
20672233,native,35531543.54545455,
20673566,native,39802801.71428572,
20671271,aot,22455422.357466064,
20674495,native,30894624.909638554,
20671225,native,35364196.81560284,
20670135,aot,38511946.225563906,gas-used mismatch for 0xce5633125b3fed99df4a0634a2fce4a33f01ef1be5a6fe2ff940c04a4b0070b0: expected 252036 found 206926
20671131,native,81946328.96825397,
20674563,native,38594550.368421055,
20673194,native,31257671.950310558,
20671530,native,41138827.048780486,
20671694,native,68863955.57333334,
20670725,native,45832225.094736844,
20673921,aot,29895731.26775956,gas-used mismatch for 0x035f02c5cf30235480f57eee6763f54c50f4795775b5c1d252539c024539f0db: expected 396833 found 185303
20673366,native,36300324.442857146,
20673528,aot,43152717.775,
20672069,native,38308347.4,
20671680,aot,37665518.335877866,gas-used mismatch for 0xb9ce328a9d40f374b95fe71324d1950c6664c358eb09d5674a9ff7c9aebdb152: expected 1310047 found 1109811
20670569,native,44765655.68965517,
20670474,native,37148069.86231884,
20674601,native,34322334.27586207,
20674483,native,48972224.655172415,
20669871,native,34400663.80689655,
20669991,native,61442841.303030305,
20674833,native,48121674.425925925,
20674578,native,37433099.676470585,
20669841,native,38074062.69421487,
20672613,native,34248409.192857146,
20674683,native,38027797.43650793,
20671623,native,25026974.326530613,
20672466,native,29069335.564705882,
20673690,native,43205036.782608695,
20672510,native,40160106.35772358,
20670381,native,57212034.28888889,
20672046,aot,44459393.054545455,
20672831,native,52157701.694736846,
20672965,native,50656838.76,
20670936,aot,38228356.47328244,
20672444,aot,41962638.313043475,
20673171,aot,38982282.46031746,gas-used mismatch for 0x22a74347cb3f18435ebad10d6d31354688ca0f9951f9fc230c074d2c020c48c6: expected 281736 found 95964
20672864,native,19601921.87398374,
20674297,native,51651285.17894737,
20673453,native,78894711.39705883,
20669445,aot,9582479.957773512,
20675046,native,39079603.97619048,
20671976,native,4645177.458748867,
20672820,native,23634988.81140351,
20672234,native,33598218.193333335,
20669445,native,10835563.255717255,
20673945,native,48842467.56481481,
20673567,native,33082178.301282052,
20671272,aot,43899863.625,
20670136,aot,42751148.779661015,gas-used mismatch for 0xfb4d059c461a2ab0b3e7a34ea05ec24f01dc20abbac3b94dc0e2826a35382ccc: expected 143372 found 84568
20674496,native,55660923.84946237,
20671226,native,32639400.325,
20671132,native,39955476.73015873,
20671695,native,2642182.5279471544,
20674564,native,52164860.41,
20670475,native,45384119.24752475,
20674589,native,48120007.81481481,
20673922,aot,29504710.73033708,
20673529,aot,45526991.628318585,
20672070,native,32924010.230769232,
20673367,native,37888021.323529415,
20670726,native,46117040.50862069,
20673195,native,35345825.2375,
20671681,aot,58169984.494505495,gas-used mismatch for 0xca3301a71415795cd656be3531aab12ed4a4c28535452402c3ae4b6ff208fb1a: expected 269029 found 271442
20670570,native,57776697.13978495,
20669872,native,48668242.33018868,
20672656,native,54046075.56122449,
20674834,native,24024654.54028436,
20674602,native,21849793.453488372,
20669992,native,37358114.376811594,
20674579,native,41119524.03174603,
20674684,native,55906163.54545455,
20673691,native,16139714.405750798,
20671624,native,55886253.54444444,
20672467,native,39805684.1171875,
20672614,native,35017869.9205298,
20669842,native,62410701.870588236,
20672832,native,32673360.11851852,
20672511,native,40618625.171875,
20670382,native,51386788.458333336,
20672047,aot,42652853.88333333,gas-used mismatch for 0x02b53e63ab88a6c29c3f2c241d1fa20d24cab1c5718a2448a1e7b0b7a232b1c8: expected 477271 found 91537
20672966,native,39016228.547619045,
20672445,aot,30295410.833333332,
20670937,aot,29809937.090361446,gas-used mismatch for 0x6bde0daa0b4e7b4a4cdceb3c9e1f1d2aea01828e73c454e6b941318d4acd1d88: expected 875899 found 201182
20673172,aot,20903595.91416309,
20674298,native,33078433.24827586,
20673454,native,32998568.41780822,
20672865,native,33882378.82876712,
20669446,aot,71936602.73239437,gas-used mismatch for 0xdd7752123c7558324e87536670d2f89df4c70eb72d168b744939ea0cc58c5a53: expected 298371 found 208470
20675047,native,40824452.3,
20671977,native,79511091.18032786,
20672821,native,8450338.771653544,
20672235,native,57917611.75294118,
20673946,native,37986157.73282443,
20673568,native,42444259.48275862,
20669446,native,72235227.58571428,
20671227,native,64598901.73972603,
20671273,aot,50531781.58415841,gas-used mismatch for 0x146a8eb089e8f337f5ca71df49163d2085b9caf38d9c9b0d7a1de6c796e727d7: expected 457859 found 238007
20674497,native,33569007.71523179,
20671133,native,40071748.44628099,
20670137,aot,31803662.60625,
20674590,native,7075102.64057971,
20670476,native,29045691.15882353,
20674565,native,35902559.623188406,
20673530,aot,11696233.296912113,
20673368,native,31929937.794701986,
20673923,aot,61512778.02469136,gas-used mismatch for 0xab3a6c932a75f0f4b5885a71b29a5fc10860685cd218fa3c0add247cd1236dc7: expected 402663 found 240084
20672071,native,34577002.531034485,
20670727,native,36588610.68571428,
20671682,aot,35828064.33571429,gas-used mismatch for 0xd8cc981888f68715162e6a5590cdfb3ee6f7b4bcf5e831bc0b30708de481a662: expected 386405 found 95868
20671696,native,66892119.87179487,
20673196,native,65632575.46052632,
20672657,native,31811957.860927153,
20669873,native,44370469.230088495,
20669993,native,42596273.60176991,
20674835,native,41542309.72357724,
20674603,native,54104505.03225806,
20674580,native,67178347.34666666,
20670571,native,61268262.692307696,
20674685,native,48050607.893203884,
20672512,native,49519614.03157895,
20673382,native,25599170.651515152,
20672615,native,21152159.8875,
20672833,native,44931645.06306306,
20673218,native,30525666.91764706,
20670383,native,47512010.504761904,
20674906,native,81793757.34920634,
20672048,aot,33986410.270967744,gas-used mismatch for 0x13ceba2328dfb380e6343b855de6334b755248b0dee54dfd3fdaedc8a57433b0: expected 997837 found 848338
20673692,native,73484879.16901408,
20673173,aot,40334866.481818184,gas-used mismatch for 0x916e5e4dd9a93c3474f6793f293a8b8a6b3316839bd30ba38e3a039f30a33b98: expected 719332 found 616610
20672446,aot,42570398.83739837,
20674299,native,47813785.97169811,
20672967,native,57731733.43157895,
20673455,native,13913763.41576087,
20672866,native,44986158.53703704,
20670938,aot,52207112.1,
20669447,aot,60090974.88636363,
20675048,native,25646573.405,
20671978,native,43015538.73170732,
20672822,native,73453824.9,
20672236,native,35638407.80851064,
20673947,native,37621421.18439716,
20673569,native,32509915.057692308,
20671228,native,35258468.573529415,
20673369,native,4965129.030373832,
20669447,native,58363754.39534884,
20670138,aot,4975424.459898477,
20674498,native,54124285.8021978,
20671274,aot,41138074.967479676,
20673531,aot,44453466.9245283,gas-used mismatch for 0x290e01694ec1246be81eab2b027b0b3df12d25b7bb1e4c13fe58efab3171f1e6: expected 282545 found 153935
20672072,native,11995085.138190955,
20673924,aot,35571906.42962963,gas-used mismatch for 0x2990adb38ba6188ee7f7144bf0c7169bc8b5381e6259e550aad421fdc96814f6: expected 196103 found 81750
20671134,native,42507056.5625,
20674566,native,45708136.5,
20670477,native,48014865.85148515,
20671697,native,55524112.76056338,
20670728,native,21522454.651376147,
20674604,native,32801754.76811594,
20669874,native,19778504.868312757,
20674581,native,49686131.96511628,
20674591,native,73095039.97058824,
20673197,native,22760894.828703705,
20671683,aot,44808184.67272727,
20669994,native,43762210.60909091,
20674836,native,48071208.92079208,
20672658,native,33767271.78,
20670572,native,44469153.63888889,
20674686,native,24687330.960199006,
20673383,native,30219917.512658227,
20672513,native,38708790.71544716,
20674907,native,30208890.910256412,
20672834,native,38617513.20634921,
20673219,native,67864906.71428572,
20673693,native,38601436.04132231,
20672049,aot,44000843.22857143,
20672616,native,82386844.43333334,
20670384,native,68816976.0,
20673174,aot,45470730.479166664,gas-used mismatch for 0x158dc0fc3103a49b952858cf1165df9c05f4310d86e51e9cbe6cfe7641ce4e90: expected 1972212 found 748690
20672447,aot,40078405.723809525,
20674300,native,61378509.34615385,
20670939,aot,34364168.21678322,
20673456,native,57012249.60227273,
20672968,native,56369342.13333333,
20672867,native,39136488.10769231,
20669448,aot,44055951.053097345,
20675049,native,73864978.97058824,
20671979,native,49050169.941747576,
20672823,native,49212095.98058253,
20672237,native,62060524.02469136,
20673948,native,28633858.674157303,
20673570,native,39079912.145038165,
20669448,native,45942910.88181818,
20671229,native,61104516.87209302,
20671275,aot,45558551.53982301,
20671698,native,49380344.46236559,
20670139,aot,69009804.06666666,
20673925,aot,22637403.644444443,
20673532,aot,37961063.34057971,
20673370,native,87680458.12068966,
20674499,native,62263245.63736264,
20674582,native,32216867.76470588,
20674567,native,64163043.81481481,
20671135,native,41741086.288,
20674605,native,7362608.975308642,
20672073,native,83180937.65079366,
20670478,native,75768885.57333334,
20673198,native,37399214.54198473,
20671684,aot,44011472.45217391,gas-used mismatch for 0xb0734572c0a37b9699fde5b7931bd16ce5dfad3220b76cd726bd1b8d466b6c63: expected 385912 found 232104
20674592,native,35294834.8137931,
20670729,native,50136173.352380954,
20669875,native,31133154.1,
20674837,native,30222893.18235294,
20669995,native,44840115.27826087,
20670573,native,23862910.779342722,
20672835,native,37628549.096,
20672659,native,41106625.015625,
20672514,native,41762692.04132231,
20672050,aot,15093024.3003003,
20674687,native,44913056.85,
20673694,native,29128764.843930636,
20674908,native,46576761.96363636,
20673220,native,36800049.10714286,
20672617,native,40106601.81818182,
20673384,native,77891433.98529412,
20670385,native,22987674.511312217,
20673175,aot,44379461.663716815,
20672448,aot,29615435.14619883,
20674301,native,21671111.00865801,
20673457,native,28710363.794326242,
20672969,native,24832037.887096774,
20670940,aot,37945799.047619045,gas-used mismatch for 0xf1ca98d35489b3586974b392175ad1e0fec9e618c1c50cc7511be81becb121ec: expected 282545 found 153935
20672868,native,28827868.099378884,
20669449,aot,44207407.16190476,gas-used mismatch for 0xfa6c8fa19dc63a2f9c8967c683f999035e7d7c5844d9f20ad7f0877bd9b7f373: expected 177022 found 80070
20675050,native,47185669.571428575,
20671980,native,37845684.183206104,
20672824,native,57412063.76136363,
20673949,native,20661148.082304526,
20672238,native,52236320.5,
20670140,aot,27870962.418181818,
20671230,native,29098027.485549133,
20671276,aot,32779881.44827586,
20669449,native,49177015.20720721,
20671699,native,31455862.202531647,
20673571,native,25504065.736842107,
20674500,native,50501114.34736842,
20673926,aot,46507864.972222224,gas-used mismatch for 0x39ade86ce1d3636adea40a620594e3968b9d8ebd44c888bb2fcfaca1e7c94de6: expected 346640 found 95880
20673533,aot,51918648.1632653,gas-used mismatch for 0xe004bb8662989d59de6eca733208181b678100aa7ce3921117afd92432f88ce0: expected 406479 found 237407
20674583,native,59567047.641975306,
20674568,native,29914710.64285714,
20671136,native,44874458.41818182,
20673371,native,52353703.05,
20672074,native,47263351.25471698,
20674606,native,72856923.20588236,
20670479,native,62778032.1875,
20670730,native,36161396.97101449,
20671685,aot,42047996.47154471,
20670574,native,46296585.554455444,
20674593,native,44197922.26271187,
20674838,native,31185507.66875,
20672836,native,43340808.179245286,
20672515,native,42993845.96116505,
20673199,native,66443280.44444445,
20672660,native,52736566.37362637,
20669996,native,47446189.39090909,
20669876,native,57621047.908163264,
20673695,native,56106889.23863637,
20674688,native,66500743.16,
20673385,native,26524492.0,
20673221,native,51432073.864583336,
20672618,native,37762011.71111111,
20672051,aot,53521723.95,gas-used mismatch for 0x73e6b8c51b40d10d1db72a1887c00d5ff40b60cd17d5dac42e9512cd6201e9f2: expected 437478 found 96751
20674909,native,38044497.04444444,
20670386,native,57921142.41111111,
20673176,aot,52123873.03883495,
20672449,aot,47814276.824074075,
20674302,native,52893336.416666664,
20673458,native,43394986.64347826,
20672970,native,29392959.76878613,
20670941,aot,38917459.58646616,gas-used mismatch for 0xefe73a50d070a8b1a0f3c7778de1a8d4f5f26576359370e75533e1e94d9d2797: expected 755012 found 248217
20672869,native,54235519.40860215,
20669450,aot,42417261.04958678,
20675051,native,48476995.114285715,
20671981,native,22806246.950226244,
20672825,native,37343483.41353384,
20672239,native,40193644.347457625,
20670141,aot,43398904.69090909,
20673950,native,80147214.20634921,
20671231,native,33030531.364864863,
20671277,aot,45023923.53097345,
20669450,native,42717558.49074074,
20674569,native,28407300.13043478,
20673927,aot,29668997.824242424,gas-used mismatch for 0x61b5d4c1246fde9dc01e9e8e65768c4dc5ff5c76706a72d26e5cf1be9b7ca0e6: expected 1027190 found 920911
20673572,native,36311260.93846154,
20674501,native,34481661.22058824,
20674584,native,31873782.059602648,
20673372,native,27609743.375,
20671700,native,41109998.108333334,
20672075,native,33622262.21232877,
20671137,native,28312716.034285713,
20670480,native,37563040.89256199,
20674607,native,32565070.470588237,
20670575,native,46946230.46236559,
20674839,native,29302714.11764706,
20673534,aot,40277473.30075188,gas-used mismatch for 0x369a3b3ef43efb4fbeb13e6a9c17f752cbf13e1b8e5ce82c79af89e74d0c61aa: expected 336436 found 94839
20670731,native,51013422.336842105,
20671686,aot,48497962.84158416,gas-used mismatch for 0x7acc7e684d9c44d2ec4d5d80302977f350c9ad61cff2ab63ffed211edee5c8f1: expected 385285 found 232104
20672516,native,40030162.01724138,
20672837,native,31550102.24516129,
20673696,native,34230864.96825397,
20672661,native,45707596.820754714,
20673200,native,40687458.61788618,
20669997,native,41440524.652542375,
20673386,native,15619842.236421725,
20674910,native,10196984.072916666,
20669877,native,55053772.677777775,
20672052,aot,32274113.444444444,
20674594,native,39906079.29054054,
20673222,native,25116984.535,
20674689,native,48835161.61165048,
20672619,native,40443874.032520324,
20670387,native,55007593.270588234,
20673177,aot,46033734.820754714,
20672450,aot,25249247.555,
20674303,native,26665488.97311828,
20673459,native,57633723.24175824,
20672971,native,55040500.461538464,
20672870,native,35258144.9109589,
20670942,aot,61092291.58139535,
20669451,aot,37361581.42222222,
20675052,native,29094788.252941176,
20671982,native,49432483.038095236,
20672826,native,48943875.68867925,
20672240,native,19693380.748062015,
20674585,native,50831498.828947365,
20671278,aot,2682325.534858388,
20673951,native,36618813.433566436,
20670142,aot,49055830.37037037,
20674570,native,19626111.096153848,
20671232,native,64827429.488372095,
20669451,native,40282275.28571428,
20674502,native,30458213.722891565,
20672838,native,32859039.666666668,
20673573,native,24183445.314814813,
20673928,aot,54482523.8367347,
20672076,native,32181454.223602485,
20670481,native,38106697.97058824,
20671701,native,15645934.815028902,
20671138,native,53854116.8877551,
20670576,native,41727777.248,
20672662,native,25523149.35,
20674840,native,57500139.655555554,
20671687,aot,38161129.86666667,gas-used mismatch for 0x692a8d78033aad0dfe1b05526f7623cfdc6c15eb75c352a23eadb75b14634d6d: expected 613355 found 225693
20673535,aot,30389411.50285714,
20672517,native,23546244.472727273,
20674608,native,39597430.23913044,
20673697,native,41719659.016666666,
20670732,native,38004829.48275862,
20673373,native,58877828.60194175,
20673201,native,36082675.97142857,
20669998,native,37142319.98529412,
20674595,native,32136870.620689657,
20673223,native,42150370.234234236,
20674690,native,14466314.731343284,
20674911,native,73739746.51515152,
20669878,native,16630291.971428571,
20672620,native,51926605.85263158,
20673387,native,72433575.97142857,
20672053,aot,63414154.6875,
20670388,native,38888895.85,
20673178,aot,27811536.422857143,
20672451,aot,57066756.270588234,
20673460,native,23561426.77669903,
20674304,native,55861704.31818182,
20672972,native,39414732.7398374,
20672871,native,31672721.026666667,
20669452,aot,33808985.5,gas-used mismatch for 0xc1e5a1333e26314daad10b3f4b2df3a9aec37fac0a408f5fecdad3985378fce5: expected 543459 found 86263
20670943,aot,39745010.624,
20675053,native,40360117.137931034,
20671983,native,46542684.74074074,
20672827,native,38372249.98473282,
20672241,native,54952182.35164835,
20674586,native,14191543.863247864,
20671279,aot,82162494.60655738,gas-used mismatch for 0x6c05fdc8c5e3c9de3be360d3b8e02bd364a3b291300ecbbe535f6d46755dd75b: expected 204754 found 82062
20670143,aot,44741819.902654864,gas-used mismatch for 0x179724f5a693de40336c6222ea923f7ef4b41fdff9eeea896de6126caa7169c4: expected 400741 found 95904
20671233,native,34329835.19580419,
20673952,native,34550599.52795031,
20674503,native,44429368.94594595,
20672839,native,36447552.526315786,
20671139,native,46013133.96774194,
20669452,native,34427576.16438356,
20673929,aot,48383179.85,gas-used mismatch for 0x8b1a9e7d10b107b836d827f4143bc462bed65d0e23a8a573cde4c74276a7a33d: expected 195418 found 81646
20673574,native,51068690.239583336,
20674571,native,70698569.7887324,
20669999,native,52495686.78082192,
20670482,native,35946291.765957445,
20672077,native,35582724.68275862,
20670577,native,39113386.232,
20672663,native,26228753.64921466,
20671702,native,43559559.86666667,
20674841,native,57008482.32954545,
20671688,aot,35659035.192857146,
20674609,native,38795489.26717557,
20673536,aot,52830415.36734694,
20673698,native,50737587.77551021,
20672518,native,77193764.46031746,
20673374,native,60148174.89156626,
20673202,native,19265678.19771863,
20674596,native,34309252.8,
20670733,native,47441944.43362832,
20672621,native,29834362.900621116,
20674691,native,56400818.733333334,
20673224,native,92081028.44642857,
20669879,native,52633658.4,
20673388,native,34105475.196078435,
20670389,native,41016457.458333336,
20672054,aot,33862054.3373494,gas-used mismatch for 0x6811941ec156b8f3d8f261127b8abba5285a1c561deaa49ec20592d21526258a: expected 6192743 found 2343049
20673179,aot,15131886.547692308,gas-used mismatch for 0xeb0b854926056f398dca47b7c563794621343f1b92b5db57cdaef98b0d5658af: expected 80937 found 29557
20674912,native,45421768.72519084,
20672452,aot,44935534.774774775,gas-used mismatch for 0x226c55aa836a0993b5ab192d0b3a57b402b3ca607ce1748e49f1e47e09597f2d: expected 14027487 found 3509652
20673461,native,42532977.63559322,
20674305,native,35743070.426573426,
20672973,native,20538919.814814813,
20672872,native,40258288.93129771,
20669453,aot,44463690.75221239,gas-used mismatch for 0x630c98e3f3560a92ca804cb3bc247aa845fce3d4c599d42918de0801ea112830: expected 470046 found 363826
20670944,aot,40076506.53968254,
20675054,native,38264152.2867647,
20671984,native,47211395.72727273,
20672828,native,42033075.453125,
20672242,native,76997202.54411764,
20674587,native,62043563.152941175,
20671280,aot,47972888.80188679,
20670144,aot,20671925.07569721,
20671234,native,18397835.129151292,
20673575,native,60531218.95890411,
20673953,native,42725417.423728816,
20672840,native,40106322.23809524,
20673930,aot,29805475.111764707,gas-used mismatch for 0x200954c4eb5c555cfc4975ea10876d909df65aa413031d3966798001fa51f61b: expected 319690 found 248619
20671140,native,54664984.89247312,
20674504,native,49111457.83962264,
20669453,native,45288466.48275862,
20674572,native,39902273.078125,
20670000,native,18802176.347014926,
20670483,native,54832437.86666667,
20672078,native,41868803.12396694,
20670578,native,41161942.23140496,
20673389,native,43022795.31764706,
20672664,native,30549501.296774194,
20673375,native,32477443.95744681,
20674597,native,9930497.446028514,
20673537,aot,10959733.986516854,gas-used mismatch for 0x322c9bc3888015b3fd45f243239b09b3998c2c9877738343f943875d2dbc3b91: expected 464748 found 186698
20671689,aot,25984862.811827958,
20673699,native,33890770.55244755,
20670734,native,28276321.87134503,
20672519,native,33384893.04895105,
20674610,native,14462943.215517242,
20671703,native,68304633.0,
20674842,native,24549907.529126212,
20673225,native,34850518.928571425,
20674692,native,42480496.40869565,
20672622,native,92653250.56603773,
20669880,native,53187623.666666664,
20673203,native,40093359.03546099,
20670390,native,50801674.74736842,
20674913,native,42571810.65765766,
20672055,aot,41047933.91056911,
20672453,aot,40731515.04132231,gas-used mismatch for 0xc46aafdd6c3e990e4e52ec735885070b92e428b908346726925b0eaeafe6391f: expected 305532 found 162089
20673180,aot,73943685.29577465,
20673462,native,27176275.662921347,
20674306,native,76364285.53030303,
20672974,native,51395770.39622641,
20675055,native,42030202.68141593,
20670945,aot,29410604.982352942,
20669454,aot,62424757.45,
20672873,native,46740784.981981985,
20671985,native,4806134.0850131465,
20674588,native,29634045.52247191,
20672829,native,48282091.38738739,
20673954,native,43108796.06086957,
20672243,native,50696341.86363637,
20671281,aot,38457231.02054795,gas-used mismatch for 0x2ed665ee4fcfdb25ea86bf0ee481c7485f922b6c0158255d57878014c3ed5933: expected 308330 found 268370
20673576,native,46258102.077586204,
20673931,aot,25329259.82926829,
20672841,native,39062194.766917296,
20671235,native,75795833.33802816,
20674573,native,36757241.77142857,
20670145,aot,57957186.71428572,
20674505,native,38505531.07971015,
20670484,native,33031725.359477125,
20670579,native,14595289.957507081,
20669454,native,69566902.86842105,
20671141,native,37161199.98,
20672079,native,68757411.49315068,
20670001,native,72034292.20547946,
20672665,native,57815352.26506024,
20673376,native,51377474.77,
20673390,native,39909262.3,
20674611,native,42281322.08695652,
20670735,native,48948959.603960395,
20673700,native,65602548.384615384,
20674843,native,43092727.905172415,
20674598,native,57074227.844444446,
20671704,native,42138252.291666664,
20671690,aot,69599265.5263158,
20673538,aot,49352075.51428571,
20672520,native,52150145.42,
20672623,native,16102572.23,
20673226,native,40289993.296,
20673204,native,37649644.703125,
20674693,native,44346482.45689655,
20669881,native,36804110.0,
20670391,native,44490740.765765764,
20672056,aot,66520422.45714286,
20674914,native,26940718.55851064,
20673463,native,37229946.536,
20672454,aot,33576880.08108108,gas-used mismatch for 0x376982a3bf8239dcf95b53056b8e8218a84c54048a1b66b712d4b8203befac41: expected 702857 found 374932
20672975,native,9174747.055319149,
20673181,aot,36539586.39864865,
20674307,native,31524804.230769232,
20669455,aot,43626248.77419355,
20670946,aot,25805890.73480663,gas-used mismatch for 0xdfca783e7dcd15b2663c089e374c065738d2b7acce4ebb3b8cb56feebc694ab1: expected 522916 found 309975
20672874,native,34110951.54545455,
20675056,native,64901656.684210524,
20671986,native,71790606.69117647,
20673206,native,16659584.726618705,
20673932,aot,28112081.59627329,
20672830,native,50903291.19387755,
20673955,native,37326031.925925925,
20673577,native,47930965.82524272,
20670736,native,38487926.614583336,
20671282,aot,52198885.75789474,
20672244,native,44771766.60176991,
20672842,native,9757784.980582524,
20674506,native,33962821.78082192,
20674574,native,44973676.194690265,
20671236,native,43043258.87068965,
20670146,aot,39723615.11111111,
20670485,native,49807796.17,
20670002,native,25316071.95959596,
20672080,native,40522072.192,
20671142,native,50419901.22772277,
20670580,native,66317525.10526316,
20673391,native,27539056.9122807,
20669455,native,51021047.52830189,
20673377,native,27237642.819148935,
20672666,native,50364756.352380954,
20674612,native,70987070.8028169,
20674599,native,46226601.96396396,
20673539,aot,44561534.08695652,gas-used mismatch for 0x72c7d7d4ccfaa7bd7458109bf0868de7696cd270d00620e74f1ef09938f33a10: expected 779578 found 444792
20673701,native,42138944.227642275,
20672521,native,17446619.403333332,
20671705,native,56848734.70454545,
20672624,native,61766137.493827164,
20671691,aot,51258515.6122449,
20674694,native,40566183.6640625,
20674844,native,57669388.68367347,
20673227,native,51170313.3047619,
20669882,native,17381834.958466455,
20672057,aot,30514494.505882353,
20673205,native,69746130.74074075,
20670392,native,46133538.252173916,
20672455,aot,41088341.057142854,
20674915,native,63534303.4939759,
20673464,native,30154859.06451613,
20672976,native,75836939.16176471,
20669456,aot,31153203.89759036,
20673182,aot,31780016.684848484,
20674308,native,43738184.65853658,
20670947,aot,76103324.32394366,gas-used mismatch for 0x2c6af3397d60b3d74ef0a23b0f7e8f80f0a5fffeb0e88a7aa74c7f955a05d5f2: expected 510747 found 95868
20672875,native,39247556.76153846,
20675057,native,55585244.12631579,
20671987,native,75506792.48333333,
20673956,native,17089866.46125461,
20673933,aot,52387090.73255814,
20671283,aot,35823809.97037037,gas-used mismatch for 0x445ee2b6238efb2c84513770fcf05a71c1c7001a332edbe2ae6ec2c1cc1b939c: expected 453034 found 95892
20673207,native,51135399.49473684,
20674625,aot,29328491.078313254,
20673212,native,37861636.42063492,
20673578,native,43628551.95575221,
20670147,aot,8129233.171186441,
20670737,native,61617235.44736842,
20671237,native,35167747.870229006,
20674507,native,34355930.85507246,
20672245,native,39502808.452380955,
20670003,native,36682859.6504065,
20671143,native,18720046.629166666,
20670486,native,23212641.28436019,
20674575,native,49586775.66,
20672081,native,40691640.33898305,
20670581,native,10405322.23931624,
20673392,native,38317961.94736842,
20669456,native,31733699.32051282,
20673378,native,26010355.468085106,
20672667,native,34827767.692857146,
20674613,native,20988076.766233765,
20671706,native,49696181.34065934,
20674600,native,43272728.6036036,
20673702,native,36371233.544117644,
20673540,aot,36437949.93571428,
20671692,aot,26644930.77348066,
20672522,native,54264204.733333334,
20672625,native,45002264.774774775,
20674695,native,35140534.88405797,
20673228,native,23580353.75,
20674845,native,42558859.076271184,
20672058,aot,72421697.75,gas-used mismatch for 0x1a8a859e32ed3b81f6a68a7df9edf5f450a512f1c315cc9dcc8030facdb04053: expected 297815 found 208678
20669883,native,59269675.469879515,
20670393,native,42693076.85217391,
20670488,native,49537026.22772277,
20674916,native,51827604.239583336,
20673465,native,86013275.58333333,
20672456,aot,55748645.99047619,gas-used mismatch for 0x679a8574a014a0601e77c4ec967eac6935faf15a8930f0abebb3ead96c335111: expected 282674 found 49274
20672977,native,31557190.057692308,
20673183,aot,23415613.535545025,
20669457,aot,43540526.76271187,gas-used mismatch for 0xef003fd44779a74ec1aec9d25c957f7de80f333542ea8afe069f651e4e85f1f7: expected 437478 found 96751
20674309,native,57374073.10227273,
20670948,aot,31108019.988636363,
20675058,native,50793534.59,
20672876,native,66195858.777777776,
20671988,native,19155974.011494253,
20673957,native,21509228.817021277,
20673934,aot,45779096.783783786,
20674576,native,17839716.782608695,
20673208,native,38145774.664122134,
20674626,aot,35832061.31724138,gas-used mismatch for 0x1aaef8abf18a367a0aae35b72181ddd6f36fd4d468200d37f5137c814b18a395: expected 463528 found 431024
20674508,native,26757678.513661202,
20671284,aot,31642863.3313253,gas-used mismatch for 0xef148e7634358bcb648ba44f2a8cfb55c5aeec10802c2c774ea9fda5428fad86: expected 360127 found 317126
20671238,native,36983535.86666667,
20672246,native,32087028.769230768,
20673213,native,64077350.825,
20670148,aot,60842649.06024096,gas-used mismatch for 0xbab7b3060731875d1dd9aeaf5990ba9a1acfcb5977d41c425e0333ab1c764434: expected 384777 found 95880
20670738,native,25449456.158653848,
20673579,native,40358509.7368421,
20671144,native,45906393.468468465,
20670004,native,35029919.97333334,
20672082,native,16114034.801916933,
20670487,native,45505817.069565214,
20670582,native,73904396.57142857,
20673393,native,47722688.03773585,
20669457,native,44905202.50442478,
20672668,native,29273676.698863637,
20673379,native,71004423.91549295,
20673703,native,7977068.805778491,
20671707,native,45379784.518181816,
20674614,native,49225767.885714285,
20672523,native,33294662.986206897,
20671693,aot,37555288.01481482,gas-used mismatch for 0x47736c8d04d0b42b20f96446fb0e6c3b07e53bfe3a2820f6b1d4cb2d4e425045: expected 2492026 found 2353362
20672626,native,35598763.347826086,
20673541,aot,38766439.5648855,
20674696,native,41237584.88333333,
20673229,native,38458681.5859375,
20670031,native,50024913.08108108,
20674846,native,44412069.86021505,
20672059,aot,20220807.792682927,
20674917,native,47462245.48,
20669884,native,40314148.766666666,
20670489,native,23665326.276190475,
20673466,native,20593073.872,
20672457,aot,49971906.615384616,
20670394,native,72103730.24285714,
20675059,native,39700054.541666664,
20669458,aot,39725401.87603306,
20672978,native,72294213.72727273,
20674310,native,27649033.03763441,
20673184,aot,44128733.87857143,
20670949,aot,35089929.15862069,
20672877,native,35428784.1986755,
20671989,native,35198874.42553192,
20673935,aot,34017353.39310345,gas-used mismatch for 0x536098386f6d179a0f6bd2fc0deeba89bfb62037cb3c980b6af6cadc409286e4: expected 1390742 found 1224492
20673209,native,13738031.255434783,
20674577,native,49132223.73584906,
20673958,native,77052186.73529412,
20674509,native,42443334.96666667,
20673214,native,34876815.062937066,
20674627,aot,42030961.02439024,
20672247,native,46740613.0,
20671285,aot,44743712.32743363,
20670149,aot,35082974.95104895,
20671145,native,35024910.90780142,
20671239,native,42689147.61157025,
20670005,native,19797465.8671875,
20670739,native,55062839.72631579,
20673580,native,52200984.123809524,
20672083,native,72680751.69863014,
20670583,native,60969001.641975306,
20672669,native,38882352.73076923,
20669458,native,42923299.11666667,
20670078,native,34773598.564705886,
20673380,native,46058573.072072074,
20671708,native,51672471.60204082,
20673704,native,50215060.24,
20674615,native,40175753.09375,
20673394,native,43478690.83846154,
20673542,aot,22764685.915555555,
20672524,native,54427028.43010753,
20672627,native,40584747.84126984,
20671694,aot,66134944.85526316,
20670032,native,36432877.22962963,
20673230,native,41693758.61983471,
20674697,native,34177102.425806455,
20674847,native,27431191.09230769,
20674918,native,58025783.6125,
20669885,native,50904400.20792079,
20672060,aot,52992285.6509434,
20670490,native,82224123.06557377,
20670395,native,64079795.473684214,
20672458,aot,36669431.52857143,gas-used mismatch for 0xaa792dc144669bade5e3972478f97b6b896bbd8af6bbf72df86c663d617dd479: expected 435847 found 343510
20673467,native,52201961.62376238,
20669459,aot,43114496.67256637,gas-used mismatch for 0x7c2787416831776b90d6111e29336cb3402dc18193a1bacc46fcece5096b4eef: expected 207710 found 82074
20672979,native,39178154.09774436,
20674311,native,37351191.71428572,
20675060,native,52443047.02857143,
20673185,aot,36751267.02962963,gas-used mismatch for 0x8b7a42424834a96ff11a312664fc8fa7bd9a39d76bcf1474f8636d0b28018a7c: expected 196284 found 81750
20670950,aot,40048971.504065044,
20671990,native,37827348.70676692,
20672878,native,44312949.91538461,
20673215,native,15201453.721311476,
20673936,aot,34093751.64444444,
20674510,native,31414964.304635763,
20670150,aot,54099095.88888889,gas-used mismatch for 0xceb8c49d961feccc3044cc7696eaa098ee9e4437841c64c89d0c75d11a82cc8e: expected 367677 found 95880
20673959,native,42473927.981981985,
20671286,aot,28414537.116959065,
20671240,native,45490979.60185185,
20670006,native,32931876.83108108,
20672248,native,40498508.70247934,
20673210,native,64209381.368421055,
20671146,native,58454585.03614458,
20674859,native,42386211.141666666,
20670740,native,48980068.297029704,
20673581,native,42335611.948275864,
20672084,native,37139339.95419847,
20670584,native,42046826.95575221,
20674628,aot,56803889.17,
20669459,native,44022589.873873875,
20673381,native,33775781.57446808,
20672670,native,35763988.84397163,
20670079,native,44406941.905660376,
20671709,native,29022440.58433735,
20673395,native,42998905.75925926,
20671695,aot,2365512.9752899646,
20674616,native,43653318.127272725,
20673543,aot,32360913.483443707,
20673705,native,66606664.32876712,
20670033,native,41896046.18584071,
20672628,native,34703433.32867133,
20672525,native,49850452.36,
20673231,native,21053579.552173913,
20674698,native,51448773.791666664,
20674919,native,12517025.59,
20669886,native,54190496.50588235,
20674848,native,48355055.89189189,
20670396,native,39375897.728,
20672459,aot,35674160.48571429,
20673468,native,46316413.56363636,
20672061,aot,50450612.29090909,gas-used mismatch for 0x61802dd3e5a9f75297a689f0edaa668cff466d9d3730e61fe432de91eeb44dc5: expected 185937 found 176948
20670491,native,75088420.95714286,
20669460,aot,51503095.39795918,gas-used mismatch for 0x17a6a191af763af1fcde61f243f517521a533a430185edcd9eeae0c90a94c3a0: expected 347391 found 96869
20674312,native,49270211.25,
20672980,native,32391043.62658228,
20675061,native,30585740.47159091,
20670951,aot,40888796.2109375,
20673186,aot,48243188.126126125,gas-used mismatch for 0xe3f59116991fa91d4aa55b081fa6b1844bd9c131d509bea65744efaf680c823a: expected 261738 found 212288
20671991,native,1991490.5083820664,
20672879,native,37636036.26717557,
20673960,native,31218213.606666666,
20673216,native,60556296.6375,
20674511,native,35017592.03424658,
20673937,aot,50940408.699029125,
20672249,native,36517180.7132353,
20671287,aot,45169174.556521736,
20671241,native,44490096.93965517,
20673211,native,48709213.952380955,
20671147,native,35616988.3630137,
20670007,native,22557032.545833334,
20673582,native,26635583.643617023,
20670151,aot,52218209.93518519,
20672085,native,14045844.340782123,
20670741,native,54577730.376344085,
20674860,native,56810197.31868132,
20674617,native,33737168.72519084,
20672671,native,49944367.37894737,
20670585,native,34455011.87581699,
20669460,native,55263637.92045455,
20674629,aot,32091440.33125,gas-used mismatch for 0xf613e875dd57e17d14ef9fadc565cc89967d684c31d66d33fafc93fe86a6692e: expected 291230 found 251270
20674519,native,31687400.93037975,
20671710,native,43916036.56637168,
20670080,native,55604305.344444446,
20673396,native,20997873.81069959,
20673544,aot,61098001.725,gas-used mismatch for 0x168207c4b060261dac7af89761519f223e58ce7e84c3f56e2ba6a703e0759a50: expected 262888 found 245633
20671696,aot,64705967.5,gas-used mismatch for 0x3242c9f3f6c5a4835e613dde4a24943bb9ea30c7ccc4180bd5bf168eab04097f: expected 505563 found 319440
20672629,native,41464980.17391305,
20673706,native,31153654.379746836,
20670034,native,6141235.263922518,
20672526,native,44844282.047619045,
20673232,native,69680068.63636364,
20674699,native,48052097.495145634,
20674849,native,12525609.47813411,
20672062,aot,34454521.04347826,
20669887,native,42673257.36283186,
20674920,native,52273865.29032258,
20670397,native,49083301.15789474,
20672460,aot,44262930.230088495,gas-used mismatch for 0x6222464188cac046bc29f5730310d309746e61905756c4a5d57b1527469217f2: expected 327668 found 95868
20669461,aot,33056631.414285716,gas-used mismatch for 0x51569776a35d4ada5c2c42d2763aed84e972f31014d45ac383b04a7e98c3b224: expected 457444 found 172573
20670492,native,18745568.927756652,
20674313,native,52361542.176470585,
20675062,native,38796683.468468465,
20673469,native,49690890.75454546,
20672981,native,60557277.590361446,
20670952,aot,29542963.047058824,gas-used mismatch for 0x8a19a1b3d7f910ca4c0a141a7cd78a735b8ea73d7275e5564687e3111adff995: expected 374169 found 175456
20673187,aot,34090995.55479452,
20671992,native,84071192.2,
20672880,native,35316802.768115945,
20673217,native,19141804.91923077,
20673961,native,40090838.14285714,
20673938,aot,33749218.64666667,gas-used mismatch for 0x844c3e7f7e566dc15618eca73db155dad1197feb7366d2b565e962e30eced573: expected 245716 found 84942
20674512,native,49829451.114285715,
20671288,aot,35101967.120567374,
20672250,native,44811953.22123894,
20671994,native,27309506.309392266,
20671242,native,29457346.48214286,
20670742,native,37733942.79699248,
20670152,aot,49157417.475728154,gas-used mismatch for 0xb3b2fbe45f77143538e6f08839da38817f0eb3126acd9c8bb16ddeda3c46a26b: expected 512849 found 428446
20673583,native,66282124.55263158,
20670081,native,36111715.032520324,
20674861,native,39621511.870229006,
20672086,native,54721696.720430106,
20672672,native,20799458.444915254,
20674618,native,52512436.322916664,
20670008,native,80081633.8923077,
20674520,native,34666347.4054054,
20671711,native,15180199.98816568,
20669461,native,35614917.74657534,
20671148,native,43300457.183206104,
20674630,aot,42988002.40495868,
20673397,native,25926265.818181816,
20670586,native,62969599.2962963,
20673707,native,33619941.543046355,
20673545,aot,47057286.24545454,
20672527,native,52800253.833333336,
20672630,native,48701850.9245283,
20673233,native,35027409.80821918,
20670035,native,70634729.80821918,
20674700,native,36322360.58571429,
20672063,aot,4961908.461923848,
20671697,aot,64026553.67368421,
20674850,native,58368012.58888889,
20670398,native,40202275.58730159,
20674921,native,44148948.18333333,
20669888,native,37150404.2,
20672461,aot,29691795.40350877,
20669462,aot,46981332.63063063,
20674314,native,23996721.507317074,
20670493,native,16483125.18125,
20675063,native,41262788.20769231,
20673470,native,54441046.239583336,
20672982,native,17223411.260450162,
20673188,aot,35167470.5177305,gas-used mismatch for 0xd602c114b473637f72ba58b32d742534af49ae4c938f247e1a358879eee1a30a: expected 365755 found 306086
20670953,aot,59282247.957894735,
20672881,native,19850864.241525423,
20671993,native,41765587.34710744,
20673962,native,38881107.85454545,
20672673,native,40789591.56603774,
20671289,aot,54634229.31764706,gas-used mismatch for 0xee0dd545dee0aab4a570d53e88fc9d62f802a01363f07faf7d7f622c5c7b977f: expected 380559 found 302188
20673939,aot,43746960.94444445,
20670743,native,49749732.694736846,
20670400,native,64865140.05263158,
20672087,native,41882939.123893805,
20674862,native,40187715.422413796,
20670153,aot,25364328.08163265,
20674513,native,37021938.08571429,
20672251,native,47803444.5,
20671243,native,47354878.24074074,
20671995,native,81943333.36666666,
20670082,native,57839185.44186047,
20674619,native,65168921.986666664,
20670009,native,34074162.15384615,
20674631,aot,31479122.562913906,gas-used mismatch for 0xd503d408bf886df80645284c33b05e37e001cf048c8fbd146203ca5cae24b542: expected 277745 found 153935
20673398,native,38244575.85,
20671149,native,38696559.601626016,
20670587,native,42272131.127272725,
20671712,native,46396270.41904762,
20673584,native,35235943.942307696,
20669462,native,51330751.10204082,
20674521,native,52108360.548387095,
20673708,native,41308296.53333333,
20673546,aot,37047137.54135338,
20670036,native,34918655.8515625,
20673234,native,46986209.83809524,
20672528,native,32828570.614379086,
20672631,native,37200329.34074074,
20674701,native,33516153.92413793,
20671698,aot,42735416.0,gas-used mismatch for 0xe1465977b4f00aac29532c9872b8f6fbdfab231820ce33daa0950182ebc8e105: expected 312999 found 254472
20672064,aot,41086628.15833333,
20674851,native,43656694.39090909,
20674922,native,22043763.82300885,
20669889,native,35553483.821428575,
20672462,aot,48016026.873786405,
20670399,native,51528334.18367347,
20674315,native,42502588.405172415,
20669463,aot,42665168.711864404,gas-used mismatch for 0x076ea1d16009aa30d6dcbd8ee8330c688eb6367bb2973fe494aaa15953314e5d: expected 287754 found 217029
20670494,native,51303611.9223301,
20675064,native,44513918.44067796,
20673471,native,47069035.324324325,
20672983,native,56055892.516483516,
20673189,aot,28733402.89285714,
20670954,aot,26252628.497435898,
20672882,native,67016028.16901408,
20672281,native,34586543.62745098,
20673963,native,45958740.12962963,
20672252,native,35588011.398373984,
20674863,native,23643594.358585857,
20673940,aot,43473961.91304348,
20672674,native,39006562.80451128,
20672088,native,20225518.864541832,
20671290,aot,30642466.926136363,
20670401,native,57128065.16470588,
20674514,native,37996038.353846155,
20674620,native,32580867.31756757,
20670154,aot,55525603.86666667,
20671244,native,49979137.69,
20670588,native,32695927.793333333,
20671713,native,43800481.425925925,
20671996,native,28807259.174863387,
20673585,native,52977147.44444445,
20670083,native,32964810.90625,
20674632,aot,30371970.273809522,
20671150,native,34879802.172413796,
20670744,native,57546008.12244898,
20670010,native,58811995.625,
20669463,native,44363768.03603604,
20673399,native,57827403.244444445,
20673547,aot,5399146.420086393,
20673709,native,38037473.20300752,
20670037,native,50512521.554455444,
20674522,native,37978373.93006993,
20673235,native,28518607.314285714,
20672529,native,45495135.32673267,
20674852,native,40206222.72727273,
20674702,native,38111910.7109375,
20671699,aot,30774195.7875,
20672065,aot,46721260.81481481,gas-used mismatch for 0xca760d5afa52d44d53078b3fd8c0dcf29a2148c4e835622d9faa5a817af7285c: expected 367457 found 294245
20672632,native,51899814.34375,
20669464,aot,45440304.98888889,
20674923,native,28014436.892045453,
20669890,native,53808031.4,
20674316,native,21568741.96888889,
20672328,native,68099732.72857143,
20672463,aot,43872317.895652175,
20670495,native,36886201.481481485,
20675065,native,65122116.276315786,
20672984,native,47072153.12264151,
20673190,aot,46014435.80909091,
20673472,native,55373158.06122449,
20670955,aot,53637550.03157895,gas-used mismatch for 0xaf5c99f34dfac71309cb4f2d18894a50286f17e0fc533f6d96d5dd6a65dbcb5d: expected 323582 found 95880
20672883,native,76572877.92307693,
20672282,native,47907122.05555555,
20673964,native,30100558.272727273,
20670155,aot,34510338.672,
20673941,aot,34484883.244444445,
20672253,native,43183217.584745765,
20674864,native,77673998.23076923,
20672675,native,47454434.79245283,
20671291,aot,48127046.90740741,gas-used mismatch for 0xa54b1d8ddea9d3525e7034c51b12e81e488297d4ebd016eac012c5c917a4d0b3: expected 450278 found 336504
20672089,native,47953169.763636366,
20670402,native,48330308.981481485,
20673586,native,25374953.045,
20674515,native,51810147.902912624,
20671245,native,47588419.44444445,
20674621,native,43422831.112,
20674633,aot,57007375.41111111,gas-used mismatch for 0xec7e357518c9ea5eb03a061238cd91c3c9f7c13af5c7879696ca75ed968720e3: expected 169569 found 135222
20671997,native,5627019.47108307,
20671151,native,41138416.26190476,
20670589,native,44618712.75206611,
20671714,native,52689214.95049505,
20670084,native,44457927.43801653,
20670011,native,25437399.168269232,
20669464,native,46911877.92035398,
20670745,native,28446547.626943003,
20673548,aot,72566312.35211268,gas-used mismatch for 0xf3229dafbd591f2ff573a17868e9929934c5552da488f04620465cb617060c4b: expected 186104 found 81786
20670038,native,49358831.352380954,
20673710,native,57397507.95698924,
20674703,native,16493616.724528302,
20674523,native,49015459.04545455,
20672633,native,30423534.021276597,
20673236,native,41679141.42975207,
20673400,native,85427700.59154929,
20674853,native,30190365.87878788,
20672530,native,16562127.387301587,
20671700,aot,41274120.858333334,gas-used mismatch for 0xf061edc7911d1b7f9affeda510b399b23dc95decd3bccfc1b07970ebddec3438: expected 381975 found 251999
20669465,aot,44153871.88181818,
20672066,aot,11664331.288209608,
20674924,native,50687988.79,
20672329,native,26226591.55135135,
20672464,aot,26650592.344262294,
20669891,native,53680961.81632653,
20674317,native,61164280.84883721,
20670496,native,23786063.267605633,
20675066,native,27340385.883333333,
20672985,native,45820752.6,
20673473,native,36656215.60294118,
20673191,aot,58753293.64444444,gas-used mismatch for 0x36464a93c58326f614ab71431c5ff46cb5d278160a358911c0f8d074c5b71cda: expected 284214 found 212272
20670956,aot,37366027.24615385,
20672884,native,32664814.872340426,
20672283,native,41071488.458333336,
20672676,native,37956906.858490564,
20673965,native,39330358.19008265,
20670156,aot,52171028.84615385,gas-used mismatch for 0xe994fecba565e934d02f9d30f3054cec33eec477a4ae9313f241754e94a6f779: expected 646987 found 509618
20672254,native,30705108.674846627,
20674865,native,42053755.43220339,
20673942,aot,89709740.38181818,
20671292,aot,34499439.411347516,
20672090,native,25734711.21989529,
20670403,native,47498109.75238095,
20671246,native,28805452.942196533,
20674634,aot,26398452.02631579,gas-used mismatch for 0x6689a67ca882de1a3f458578948c6aa0aa0e6e0c0f6517ea5e8a6a7c8f6fd370: expected 541803 found 275310
20673587,native,62508611.333333336,
20671152,native,23016572.79357798,
20674516,native,37245597.821428575,
20670590,native,12597691.270471465,
20671715,native,50932447.551020406,
20670085,native,34514734.32876712,
20674622,native,37045740.020979024,
20669465,native,44191146.36363637,
20670012,native,64188933.815789476,
20671998,native,79167105.92063493,
20670746,native,31643271.40625,
20673549,aot,23376437.536796536,gas-used mismatch for 0x796f5b7db7b2e7fd22e58bedbbc4b2725f75403de5098f7e5632434354f123dd: expected 1577528 found 1695575
20673711,native,38809289.515873015,
20674524,native,36546258.924812034,
20673237,native,50438337.9375,
20672634,native,31622223.088607594,
20670039,native,40323983.44615385,
20674704,native,58530603.19318182,
20673401,native,36428500.78518519,
20674854,native,30098420.658385094,
20671701,aot,14528477.979885057,
20669466,aot,48772609.316831686,gas-used mismatch for 0x0c5163685be6ee06f410c5e7e748e6187578ceacc8f7c246ff217ca22128594c: expected 282545 found 153935
20672531,native,67109163.23684211,
20674925,native,42067792.33050848,
20672330,native,37591167.72519084,
20672067,aot,65747371.78205128,
20669892,native,38892617.23809524,
20672465,aot,57488233.35227273,
20674318,native,37826888.488,
20670497,native,57607645.8372093,
20675067,native,41964159.5862069,
20672986,native,33238300.013513513,
20673474,native,44870254.05555555,
20673192,aot,31679529.339743588,gas-used mismatch for 0xc3d093bbeb345237ce98098730de1468f5587466a2a563e8b4178167617f9f7f: expected 1704075 found 1950257
20670957,aot,39392318.92366412,
20672885,native,42396504.79310345,
20672677,native,38399588.47826087,
20672284,native,35878974.57931034,
20670157,aot,10693549.522678185,
20673966,native,39020387.3984375,
20672255,native,42925092.516949154,
20673943,aot,36224822.69503546,gas-used mismatch for 0x113c0552907dea855b0f3b4c653bbd703661de8fd981eb5cbf10f7b121ec3b68: expected 305532 found 162089
20674866,native,49611172.76699029,
20672091,native,38357266.03053435,
20674635,aot,25535910.510526314,gas-used mismatch for 0x7c7eef78c92070a6d5058d5bfee80fe7d91cefc6f6c74231e9d2374283e55888: expected 126615 found 84755
20671293,aot,41159712.56153846,gas-used mismatch for 0xb7b96958b106a6bf78a4fe0e4c603106738916a6cff26c8df1ecf4b12579835c: expected 855662 found 569444
20670404,native,41939274.15702479,
20671247,native,41026792.64,
20674623,native,35444313.39130435,
20674517,native,64693771.333333336,
20669466,native,52757707.85714286,
20673588,native,49561142.76415094,
20670591,native,61637288.192771085,
20671153,native,57245869.0,
20670747,native,44171786.36036036,
20671716,native,42149529.29268292,
20670086,native,76688669.04615384,
20670013,native,42700934.07317073,
20673712,native,36483376.62222222,
20671999,native,51304669.33,
20673550,aot,34093103.2875817,
20674855,native,51428480.56,
20673238,native,43588585.556521736,
20674525,native,44612866.448275864,
20674926,native,37763131.99029126,
20672635,native,46592982.018181816,
20672068,aot,37040469.608333334,gas-used mismatch for 0x3cfe82c1497f4161170acefff8937ff03f1ae803e716c5ca18bc5cc49ec6c40d: expected 467407 found 95880
20670040,native,44337185.01980198,
20669467,aot,32942352.834437087,gas-used mismatch for 0x0b92d0709059caa8bd838a77babeef6b8e4c057518c101713b42c51c29e8e2eb: expected 401618 found 95892
20672532,native,33629856.96551724,
20671702,aot,41630367.2601626,gas-used mismatch for 0xfe9d61731c8446e60ce8f19727bb9405d8ea80b48256a88d1d118cfc3f7c6ede: expected 298233 found 208824
20673402,native,23263556.555045873,
20674705,native,46462294.527777776,
20672466,aot,28145088.939393938,gas-used mismatch for 0x6b444d454fcc1ebf70bd7581f9ebd223edced71db8e91388c9ead28c4aa76198: expected 277745 found 153935
20669893,native,62665155.80263158,
20672331,native,50484868.55339806,
20674319,native,26189939.335106384,
20670498,native,11494755.195238095,
20675068,native,44159704.80909091,
20673193,aot,32394038.24113475,
20672987,native,37802205.777777776,
20673475,native,51549556.699029125,
20670958,aot,40955468.313043475,
20672886,native,68269975.69736843,
20672678,native,23266448.28959276,
20670158,aot,30513882.43478261,
20672285,native,33742815.02649007,
20673967,native,38015171.08695652,
20674867,native,46362121.811881185,
20673944,aot,26243763.81025641,gas-used mismatch for 0x1683a85d422d984d884c8a930ea03fd7f0a838afa34f14692c5c423652e00852: expected 868678 found 437150
20672256,native,34302000.44871795,
20671294,aot,12100858.323600974,
20672092,native,50445932.15841584,
20674636,aot,59335583.03409091,gas-used mismatch for 0x57c5ad21cbf0834869cb9af343d63546ea50e13a3bfd31dceddffe33057e52fc: expected 832249 found 202225
20670405,native,32339376.761290323,
20674624,native,30037482.65060241,
20671154,native,45109938.3490566,
20674518,native,47571640.603960395,
20670592,native,21978427.893333334,
20671717,native,51579277.833333336,
20669467,native,34837160.52666666,
20673589,native,18485556.513986014,
20671248,native,57038267.346938774,
20670087,native,43685594.59322034,
20674526,native,40785491.87931035,
20673713,native,36170097.40559441,
20670014,native,37920799.23913044,
20670748,native,56761290.02105263,
20674856,native,40615529.712,
20674927,native,59726454.105882354,
20673239,native,35755007.20689655,
20673551,aot,45520577.71666667,gas-used mismatch for 0xde5133a4711f977fd904e7130ef6491258125e72585424ec9fab310bb64ce71d: expected 391214 found 95880
20672636,native,39217531.58778626,
20670781,native,78892429.14705883,
20669468,aot,32671035.348387096,
20669894,native,42876571.00909091,
20672069,aot,41497345.816793896,gas-used mismatch for 0x690ee8d0f197fa7942d29ed3822fe1e705a2c83927f39adb6d7881ee63c77d28: expected 367305 found 294093
20670041,native,39794215.87407407,
20672533,native,39709473.7265625,
20671703,aot,65367840.84931507,gas-used mismatch for 0xf50ffbfd6456c18e22de78852e881c940eed3be4c9b6ffab2fcba18444b04a67: expected 292004 found 212298
20674706,native,38320640.64885496,
20672467,aot,37472470.433823526,
20673403,native,51296140.32673267,
20674320,native,52847650.604395606,
20670499,native,65556481.41428571,
20672332,native,56348538.777777776,
20675069,native,39165506.3828125,
20673194,aot,31851803.28313253,
20672988,native,58913649.92941176,
20670959,aot,28925856.548387095,
20673476,native,84788426.6724138,
20672887,native,45431628.83962264,
20672286,native,16719192.098113207,
20670159,aot,63839402.33802817,
20672679,native,72852482.62121212,
20674868,native,38576702.45454545,
20673968,native,48313172.73873874,
20672257,native,38747168.136,
20673945,aot,44048641.75221239,
20674637,aot,31387746.873333335,gas-used mismatch for 0xbc7476ad3c1b116fdbec32fd3d56bd1e0d0ab4a08768427f4a65fccc0c0beaad: expected 463528 found 431024
20673265,native,34062832.481203005,
20671295,aot,58084185.2,
20671155,native,52703747.90909091,
20672093,native,57146134.79069767,
20672703,native,44210546.41739131,
20674528,native,41287510.75423729,
20671718,native,37103301.94074074,
20670088,native,34938242.56028369,
20673714,native,41353229.66101695,
20671249,native,33730895.04,
20673590,native,69371885.10958904,
20670593,native,50475955.38181818,
20674527,native,41309799.97560976,
20670101,native,39153920.442857146,
20674857,native,42078402.28695652,
20670015,native,62237709.061728396,
20673552,aot,28174768.668571427,
20674928,native,36306733.717391305,
20672637,native,43346655.15652174,
20670749,native,58083813.258064516,
20670782,native,55717481.244444445,
20669469,aot,39557264.6640625,
20674707,native,3305342.5801324504,
20670042,native,19339547.394636016,
20671704,aot,38786798.23015873,gas-used mismatch for 0x071db9d2ae570b0ce834d2506eddf0abdc15815b51287c20abe91695f6a768de: expected 298546 found 95868
20673240,native,48114404.30833333,
20672070,aot,31657714.844720498,
20672468,aot,46457179.18867925,
20672534,native,28453267.12154696,
20669895,native,46754456.6637931,
20673404,native,32785257.12658228,
20672187,aot,35449990.202797204,gas-used mismatch for 0x7c075ece268d9ddf250c19c9fb80ee6c0e3deb6198f90646468181de84459107: expected 294157 found 289487
20674321,native,34225875.58278146,
20672333,native,43547876.594827585,
20675070,native,45216857.79130435,
20673195,aot,31118727.170588236,gas-used mismatch for 0x1dfeb4a7ef5cfdff8b70cc6285577120b04fb0dcc474e9f8a1fe61972e548b9b: expected 191801 found 81786
20672989,native,30254820.754285716,
20670960,aot,65374619.102564104,gas-used mismatch for 0x04e05de1c2be52fa4e280544037bdc6735ee77d35aa91b321715f7a8cf20f3a4: expected 286867 found 243174
20673477,native,61575293.474358976,
20670160,aot,35475076.780141845,
20672680,native,8667284.786086956,
20672888,native,46594975.24137931,
20672287,native,52307672.31,
20674869,native,25378348.5,
20673969,native,16423757.410526317,
20673946,aot,35798987.11029412,gas-used mismatch for 0x26cba287441027188dd81e59af1aacca4c2577da8c7d9e92d7c53e20f70abb12: expected 584479 found 485445
20672258,native,21816724.95744681,
20674638,aot,24136116.707317073,
20672890,native,36580920.03076923,
20673266,native,18589002.697841726,
20672094,native,28123216.48,
20671296,aot,50638093.64,
20674529,native,49963050.59,
20670750,native,17885319.54901961,
20672093,aot,56117080.47777778,gas-used mismatch for 0x9c9dffefef98796315611d97592521aa4487814b20a9d755f3c868817b2cb63c: expected 666666 found 419967
20673591,native,42392283.769911505,
20670102,native,62100745.52,
20673553,aot,42027876.38738739,
20674858,native,32059531.53846154,
20670089,native,60761677.48717949,
20670016,native,20170114.20318725,
20671719,native,41331091.85123967,
20672638,native,30535090.46202532,
20674929,native,37580746.05343512,
20673715,native,33762794.36986301,
20672535,native,55791226.16901408,
20670594,native,43108044.443478264,
20669470,aot,22008956.365384616,
20670828,native,45452233.75925926,
20670783,native,32634316.772413794,
20672071,aot,33537429.978723403,
20669896,native,38772548.04424779,
20671705,aot,53990254.51807229,
20672704,native,63672695.86792453,
20673241,native,34569488.418439716,
20674708,native,72901530.74603175,
20670043,native,52618434.395604394,
20672469,aot,39939994.064,
20673405,native,29206383.970238097,
20674322,native,39516113.24576271,
20672188,aot,50687176.89473684,gas-used mismatch for 0x41376e1c62b64d949e2b1096cfc42c03a8c8a44875907e6a5b3d3f49cb45f7bf: expected 363624 found 95880
20672334,native,26508350.596774194,
20675071,native,8270558.180831826,
20672990,native,39471448.584,
20673196,aot,70858418.5875,
20670961,aot,50368153.05,
20673478,native,33180373.512658227,
20672889,native,46155724.058252424,
20670161,aot,11970976.958715597,
20672681,native,61801517.48192771,
20672288,native,37780567.816176474,
20673970,native,88265502.05172414,
20674870,native,65222439.69411765,
20673947,aot,35523495.35099338,gas-used mismatch for 0x33f9690d198ac2ddbb5c3d3a19e4e2476e480999de3cf7d1c7e120861e332e43: expected 418368 found 95880
20674639,aot,34114240.48717949,gas-used mismatch for 0xfffff141e2957348016d3340eeb05eb5b6e4ca5ee379a361a30e4dd6a20f468c: expected 445266 found 442838
20672891,native,39776742.73076923,
20673267,native,61019517.50588235,
20671720,native,57029166.746031746,
20672095,native,34403591.88666666,
20671297,aot,35660813.862068966,
20672259,native,92422230.6724138,
20674530,native,50971284.44660194,
20670090,native,25305726.97948718,
20673592,native,26546891.7539267,
20670751,native,42210491.18699187,
20672094,aot,28544340.675675675,gas-used mismatch for 0x3c841eadf8b6cee09ea7a0c86e4701d0970bf60466bb81e3dd6006bf2654af33: expected 175521 found 166532
20669471,aot,54720251.67045455,gas-used mismatch for 0x7786be224b2889dd201abe82b7ee06e47651abcca7147eb62ee90cff1e25f6b9: expected 306804 found 72864
20672536,native,23590643.432558138,
20673312,aot,36270889.51428571,
20673554,aot,35036743.11486486,
20670017,native,54613247.31182796,
20672639,native,36348903.5,
20670103,native,16206679.724242425,
20674930,native,39808821.615384616,
20670595,native,57598441.21590909,
20670784,native,29885196.29239766,
20671706,aot,41767003.1779661,
20673716,native,32885241.57142857,
20669897,native,22229209.569565218,
20673242,native,29249158.208092485,
20670829,native,81344003.03174603,
20672705,native,61449777.025,
20670044,native,12457232.283544304,
20674709,native,20412965.040816326,
20672072,aot,11662928.873913044,
20674343,native,47522530.22,
20672470,aot,43747356.4,
20672335,native,41698247.208333336,
20672189,aot,48209120.81481481,gas-used mismatch for 0xf559252581e8c1221e56167fd046c2f3f211b08354bdf022d7524a979684765a: expected 389356 found 127957
20674323,native,38149246.27205882,
20675072,native,65962073.15384615,
20672991,native,5707358.558083832,
20670962,aot,25560045.62631579,
20673197,aot,22014033.59649123,gas-used mismatch for 0xc302fbaf7ea4c60f095424f293377d8b107bbee6679e2ee8d907091eeeacc03e: expected 190855 found 81726
20672351,native,43169338.36283186,
20673479,native,83764970.37931034,
20670162,aot,48693955.4368932,
20672289,native,34755909.72340426,
20672682,native,46863913.70476191,
20673948,aot,28071358.64375,
20673971,native,50168153.091836736,
20674871,native,47387466.41904762,
20674640,aot,35610067.52857143,
20673268,native,38666858.547619045,
20672892,native,43453577.077586204,
20672096,native,44875967.163636364,
20672260,native,39033971.576,
20671298,aot,37207852.11764706,gas-used mismatch for 0x0f66222dadd4177f9e0d05f0feb052d6eb3b87aeeb25a8e19ca87807efcbe484: expected 451323 found 259543
20671721,native,31881152.44720497,
20670018,native,51389844.21917808,
20674062,native,40312196.84920635,
20670752,native,18588923.671586715,
20670045,native,45322158.89247312,
20672095,aot,30374248.524096385,gas-used mismatch for 0xc313cf7034995b8c56ca4dd07af1d1044b8017dfed1a780e575fe73cf40de40a: expected 367062 found 260339
20669472,aot,34032444.29333334,
20673313,aot,20061563.68359375,
20672640,native,36583228.933823526,
20673593,native,50235315.22330097,
20670091,native,43254889.296,
20674931,native,36028270.07801419,
20670596,native,31343898.46625767,
20670104,native,61164284.86746988,
20672537,native,44475784.27118644,
20669898,native,19416132.14453125,
20673555,aot,34831877.0,
20671707,aot,42484047.20338983,
20673717,native,20364161.56573705,
20670830,native,32093031.627329193,
20670785,native,59429408.51111111,
20672706,native,49905903.723809525,
20672073,aot,77620052.30882353,gas-used mismatch for 0xca87e8dc65151bbca0af81402e30a8c22654be9b04408f93326291da7134756a: expected 359321 found 204703
20674344,native,42092495.84,
20674710,native,54890892.36,
20672471,aot,47834371.94444445,
20673243,native,68319917.93023255,
20672190,aot,42886186.21666667,gas-used mismatch for 0x6aad88cd7e394e164401b6e4c5f6a2205aae8fd23a77f6cec8bed6f34a11068b: expected 397485 found 95928
20674324,native,20520231.482213438,
20672336,native,24941314.211267605,
20675073,native,56369418.43,
20672992,native,67212416.53846154,
20673198,aot,35898536.762237765,gas-used mismatch for 0x442177ff27343a8bc53613682e9e7f8575f3ef06aacd58594ab0a76a6c532a3f: expected 391202 found 95868
20670963,aot,56051106.161290325,
20672352,native,30938671.71686747,
20673480,native,44060828.279661015,
20672290,native,43218757.60909091,
20670163,aot,31184833.303030305,
20672683,native,51305406.524752475,
20674872,native,31074311.328767125,
20673972,native,31570177.03846154,
20673949,aot,20547883.305882353,
20674641,aot,19634372.57563025,gas-used mismatch for 0x5a8ab3997b77f90d57eed41f37ee06328850958966df43933e28116055ea527e: expected 270885 found 238361
20672097,native,41363856.576576576,
20673269,native,17226916.08275862,
20671299,aot,34879077.33566434,
20672893,native,43987711.52586207,
20672261,native,38560948.18796992,
20671722,native,44334530.34234234,
20674063,native,35559145.705882356,
20673594,native,29866304.82352941,
20670019,native,57150870.35227273,
20670046,native,68501958.7,
20672096,aot,44676735.72072072,
20672641,native,35818362.27941176,
20672707,native,34801668.23140496,
20672538,native,15973733.462295081,
20670753,native,84443914.55357143,
20673314,aot,57429022.093023255,
20670092,native,34555258.70212766,
20674932,native,58728735.89156626,
20669473,aot,39746329.2578125,
20670597,native,51482993.97894737,
20670105,native,43377839.78761062,
20671708,aot,50534451.79591837,
20673718,native,74682900.66666667,
20669899,native,57404788.51136363,
20670831,native,44161629.088495575,
20673556,aot,61745531.6,gas-used mismatch for 0xd5a2a1f9d86bd517edf4c7c798c6e69cff6328c84d153a3e095b12280fe8ff58: expected 674873 found 585015
20674345,native,35099510.3,
20672074,aot,46093401.95145631,
20670786,native,35635377.91724138,
20674711,native,42695991.78761062,
20672472,aot,38772018.696,
20672191,aot,25460544.96276596,gas-used mismatch for 0xd6327a3b354c0b68a568fcc756ac4979e7a9984d27e1d0398aec46ae73125f07: expected 869564 found 179004
20674325,native,34258580.34965035,
20673244,native,40754646.264,
20672337,native,50413250.78125,
20675074,native,36249397.18543047,
20673199,aot,59166235.51764706,gas-used mismatch for 0xd76eef4b0378ce3ce63a03deac548e3e19cd052b017f9328648f236193d6e455: expected 406479 found 237407
20670964,aot,50356027.58252427,gas-used mismatch for 0x49324255dda3648623ecebe2d9737201b0210e956912027e7d0b6e92c7bc0948: expected 196985 found 81646
20672291,native,44997152.81818182,
20672993,native,89503410.98275863,
20673481,native,67585683.60606061,
20672353,native,30850702.02484472,
20670164,aot,50414973.809523806,
20672684,native,35030432.92,
20674873,native,44566772.556521736,
20673950,aot,78650768.18181819,gas-used mismatch for 0x8842cb9d56e24b3bf47b9020bb6992545a2210be646f219a475249cabf128ef3: expected 393413 found 237476
20673973,native,55074777.260416664,
20674642,aot,23098626.744588744,
20672098,native,51876631.40776699,
20671300,aot,4267269.48984375,
20671723,native,43675425.275,
20672262,native,35355467.05298013,
20673270,native,54347187.9047619,
20670047,native,46199257.030612245,
20672642,native,41939809.3,
20673595,native,30827047.09090909,
20674064,native,35327830.48275862,
20672097,aot,39810231.84166667,
20672894,native,50883302.56779661,
20674933,native,27049338.168539327,
20670093,native,38161901.5234375,
20672708,native,57874605.02352941,
20670598,native,46572600.16504855,
20670020,native,65013627.75,
20673315,aot,35027787.468965515,
20671709,aot,29869389.42948718,
20669474,aot,19238664.543726236,
20672075,aot,30173708.864864863,gas-used mismatch for 0x79ed507ea7fe95ca6ebd5d825d6bb1fc98642dc0ed311a63b5a46f1adb668d6a: expected 1072896 found 596875
20673719,native,23137230.848780487,
20670754,native,52153777.22448979,
20672539,native,85036690.8275862,
20670106,native,43391383.23728813,
20669900,native,51963769.48387097,
20673557,aot,57492965.87951807,
20672473,aot,14317945.838414634,
20674346,native,42756478.39830509,
20674712,native,25570173.439790577,
20670787,native,18419688.250883393,
20674326,native,26892889.90909091,
20670832,native,60509645.18072289,
20672192,aot,40561765.528,
20673245,native,16612680.7,
20672338,native,21579998.30869565,
20675075,native,15528675.100649351,
20673200,aot,33258517.246666666,gas-used mismatch for 0x9acce3e8c444796e40694242d7e06ab970393057807dcf056f1bee0e445ee028: expected 786496 found 342294
20672292,native,36396402.00763359,
20672994,native,35301800.584,
20670965,aot,45659584.179245286,
20673482,native,57621812.894117646,
20672354,native,56388083.75,
20670165,aot,29516116.73214286,
20674874,native,15121369.087613294,
20672685,native,42893843.983050846,
20673974,native,41156310.91735537,
20674643,aot,80577447.23809524,gas-used mismatch for 0xf65437e35263ffe26cac4bb050bc4054c32bed15dcf6bc0482170268d22298a5: expected 459982 found 410378
20673951,aot,38099906.62237762,
20672099,native,24858109.808080807,
20671301,aot,67347894.21917808,
20672263,native,47074178.222222224,
20671724,native,73940237.70588236,
20673271,native,41963784.91869919,
20670048,native,57062106.13636363,
20673596,native,36621622.52205882,
20672895,native,24919103.42288557,
20674934,native,19719463.864,
20672643,native,30469203.29761905,
20674065,native,46844533.166666664,
20672098,aot,46730251.75,gas-used mismatch for 0x5767a9e32558f181ff489ce20d19d7dc39a20970f7fee7bff98373763a11be56: expected 385525 found 229174
20670599,native,31615746.87341772,
20673316,aot,13725177.678378379,
20672709,native,54354890.7311828,
20670021,native,15253789.140762463,
20671710,aot,42109374.2892562,gas-used mismatch for 0x24d3b89044c0dcde6f860cfa02adf92ad5d2644d2502112ec69152fabd943876: expected 372826 found 324610
20670094,native,50603817.48571429,
20674347,native,28349884.975,
20670755,native,33657565.7615894,
20672540,native,32716231.045161292,
20672076,aot,31828195.503030304,
20673720,native,65594941.20512821,
20673558,aot,41374159.52845529,
20670107,native,42937302.6,
20669901,native,54733018.43157895,
20674713,native,39520799.37398374,
20672474,aot,44812783.50833333,
20670833,native,27470011.085106384,
20674327,native,38251822.442028984,
20670788,native,64272187.0,
20672193,aot,59387038.54545455,gas-used mismatch for 0x6fec054df39041b8c3c9fe5472ee8cdaa85540f1577a7abd2c2cee6c75f92129: expected 843212 found 338416
20669475,aot,69089083.4,gas-used mismatch for 0xd7f5d5db6b723c0cbc760ce224d7757630cab61f664ace8a0327d6503fb43aeb: expected 357177 found 192374
20673246,native,53872098.802083336,
20672339,native,54951968.82105263,
20675076,native,53354912.145833336,
20673201,aot,34732201.16216216,gas-used mismatch for 0x4696bdb285af5f975f958f504eb35d1b03502b72094cefd08bcc4666c2a845e7: expected 240591 found 204789
20670966,aot,18391778.78909091,
20672995,native,19489667.82962963,
20672293,native,54233205.56842105,
20673483,native,35845509.65957447,
20672355,native,29118653.317919075,
20673952,aot,30239937.635714285,
20672686,native,17934835.646387834,
20673975,native,57180711.493827164,
20670166,aot,30244887.88607595,
20674875,native,22974304.790697675,
20672100,native,43098741.144067794,
20672896,native,6435324.469985358,
20671302,aot,43965229.734513275,gas-used mismatch for 0x907580c137eef6c4dfa834f650df830ebfe172c79827df89e6c01c77b8828c8f: expected 803185 found 877597
20671725,native,16486734.82214765,
20672264,native,39961457.488,
20674644,aot,48770617.4214876,gas-used mismatch for 0xe78c41383b84fcb675e246397c135e6287e27e4974ea1edbdeee5ee90889c940: expected 311612 found 95880
20670049,native,33798699.54054054,
20674066,native,40628685.56198347,
20672099,aot,25285252.777777776,
20672644,native,36337752.93571428,
20673317,aot,20130577.012448132,
20672710,native,34531153.06521739,
20671711,aot,14183845.417910447,
20674935,native,65831552.24,
20670022,native,42921359.927927926,
20673272,native,65753824.48717949,
20670600,native,62167257.5375,
20670095,native,45816402.84466019,
20673597,native,44731303.42975207,
20670756,native,37564383.61904762,
20674348,native,36197776.058823526,
20672077,aot,34722536.09090909,gas-used mismatch for 0xdc5146c69b4e7e91bc4f9980446048de407dadcd0963522953ad621f525d7511: expected 367005 found 221267
20673721,native,32664098.053333335,
20672541,native,52682133.042105265,
20673559,aot,24096440.6875,gas-used mismatch for 0x297f8e7785a32ffc2134173fc7acb020fc03877f0fe56be32b3bb9a2c37fec23: expected 383172 found 237415
20669902,native,40056041.53719008,
20670108,native,37082535.81481481,
20674714,native,31991989.582278483,
20672475,aot,55052659.71428572,gas-used mismatch for 0xfa0bdc6d5edaf8828700913ffeaf6f9acbe3257fc5861e61c408ceac03be57c3: expected 488920 found 301706
20670834,native,54276262.08791209,
20674328,native,41115153.19008265,
20669476,aot,11096754.65562914,
20672194,aot,48507242.42718446,
20670789,native,34928896.17808219,
20673247,native,62864427.4875,
20672340,native,48435039.10810811,
20675077,native,36154674.5882353,
20673202,aot,18837574.286792453,
20672294,native,47647660.551020406,
20670967,aot,69471439.7,
20672996,native,47604951.4537037,
20673484,native,35096684.872340426,
20672356,native,58223751.86021505,
20673953,aot,43042434.68,gas-used mismatch for 0xf0ee8352db0e2338a2f7c9bc6dec56775eb334bb576133457935ab78a24de0bb: expected 999827 found 628837
20670167,aot,33671326.37931035,gas-used mismatch for 0xc4bed75ef7c3b372fdc95abbac0fa560fc3f623e1ca96eb88ed8d0b8f3354f99: expected 360115 found 317114
20673976,native,38764620.02222222,
20672687,native,37688340.364285715,
20672101,native,37834189.05384615,
20674876,native,79781655.12121212,
20671303,aot,33287457.266666666,gas-used mismatch for 0x4469df6d46b5db14a203a5a4a8b9c7746c38979b89d97d9e7466bcffdc7d8d84: expected 328700 found 95868
20672265,native,61029137.615384616,
20674645,aot,41574520.65289256,
20672897,native,58737670.06666667,
20670023,native,47052567.9010989,
20674067,native,44220697.203539826,
20671726,native,76572363.88571429,
20674936,native,33456645.172413792,
20672100,aot,43269185.0,
20670050,native,52562560.3367347,
20673273,native,15266882.107361963,
20672711,native,54889793.93548387,
20670601,native,64777187.346666664,
20672645,native,40045836.1796875,
20671712,aot,46474668.117117114,
20673318,aot,84231240.1904762,gas-used mismatch for 0x4f1c16228826ed6a48aa6f971a84228960dbd5453bf61d6a08bf8acde9f71d3a: expected 281724 found 95952
20674349,native,53952157.08791209,
20672078,aot,41150215.288135596,
20670757,native,44681139.991304345,
20670096,native,42537071.792,
20672542,native,14266308.301994301,
20673598,native,52631256.22,
20673722,native,25246072.344827585,
20670109,native,36363855.94736842,
20673560,aot,56564712.166666664,
20674715,native,38162841.833333336,
20669903,native,41224013.59375,
20670835,native,19778058.05645161,
20672476,aot,35726455.717391305,
20670790,native,40301190.43478261,
20674329,native,31849284.20886076,
20669477,aot,41706006.38983051,
20672195,aot,34123091.52054795,
20672341,native,36469158.165413536,
20675078,native,29658387.982352942,
20673248,native,35883334.179310344,
20672295,native,29167014.18235294,
20670968,aot,38343497.246031746,
20673203,aot,37896501.10810811,
20672997,native,39252209.44,
20673485,native,46198633.524271846,
20673954,aot,40276768.36111111,gas-used mismatch for 0x0a12f3d0a64299c5036dbe07d2a2b1207d3963984d3c040734ec0310c645303d: expected 269874 found 238144
20672357,native,47309182.95145631,
20670168,aot,42662628.24166667,
20673977,native,60988638.17283951,
20672102,native,48567207.54716981,
20671727,native,17257360.38211382,
20672688,native,71312711.21917808,
20674877,native,71738796.47887324,
20672266,native,14641397.776536312,
20672898,native,36632236.453125,
20671304,aot,47318663.13636363,
20674646,aot,21982807.407725323,
20674937,native,33970553.53333333,
20674068,native,49030973.352380954,
20672101,aot,36653631.89855073,
20670024,native,43133234.84,
20670051,native,29169901.633333333,
20672646,native,25811388.336734693,
20670602,native,44889035.11504425,
20672712,native,38502190.607407406,
20673274,native,57443549.08888889,
20673319,aot,26292322.292307694,
20670758,native,22306118.342105262,
20671713,aot,43302764.75206611,gas-used mismatch for 0x7953825ec014da893ed78d9992534bdc74a578bdea28e79efdecfa17a8abdbcb: expected 305023 found 231554
20670097,native,30872977.141104296,
20674350,native,49972618.23809524,
20672079,aot,66574541.78205128,gas-used mismatch for 0xe9802c7d329ea0b2ae00516fcf44ff816f55aa4d5e95423b7e9d76ca3a75d243: expected 479742 found 337962
20673599,native,31748911.509090908,
20670110,native,56244403.81318682,
20672477,aot,43521510.68181818,
20673723,native,72151763.15068494,
20673561,aot,31644528.126506023,
20674716,native,36640383.83783784,
20670836,native,61577885.243589744,
20672543,native,83426253.72307692,
20669904,native,37150019.73103448,
20669478,aot,43663491.9,
20670791,native,45607551.71900827,
20672196,aot,25163963.244131457,
20674330,native,39436282.944055945,
20673204,aot,34011992.36363637,
20673249,native,45254369.018018015,
20672342,native,49195108.60377359,
20675079,native,44765872.973913044,
20670969,aot,34249320.46206897,
20672296,native,32365258.59493671,
20673486,native,29984736.20588235,
20672998,native,22326317.773109242,
20670169,aot,30098900.218543045,
20673955,aot,37088541.488,
20673978,native,38925472.275,
20672358,native,30823636.025,
20672103,native,40120234.18333333,
20672689,native,39544171.42276423,
20674878,native,22813232.815165877,
20672899,native,43196120.371681415,
20672267,native,46351859.37142857,
20670603,native,44540753.22727273,
20674647,aot,28621077.17919075,gas-used mismatch for 0x1e7647fb9308fc7e9f58038e257b668609ffcf48363624657d4c7ca0477c7a01: expected 838032 found 338404
20671305,aot,32015934.03846154,
20671728,native,68831882.70666666,
20674938,native,43390437.51428571,
20672102,aot,43493711.24324324,gas-used mismatch for 0xfc7ce54eb6f05dc5626bc2c0ed1efb9edc0429b2e3f0af6350c396848f37213b: expected 1295619 found 618977
20672713,native,45113380.916666664,
20672647,native,40525451.30508474,
20670025,native,26107251.393617023,
20673275,native,35281270.729323305,
20674069,native,48572338.99009901,
20670052,native,44089242.04424779,
20670098,native,52990314.68888889,
20670759,native,40891688.541666664,
20671714,aot,49102100.15,
20673600,native,12667211.204663213,
20674351,native,44445239.3963964,
20672080,aot,39148566.81203008,gas-used mismatch for 0x23aee8b28fd1065ea3c166a4417db0830706f2ef993dbeb33c007a3eb90406c0: expected 739835 found 373710
20670111,native,31632106.532051284,
20672478,aot,34807233.45,
20673562,aot,39597959.81300813,
20673320,aot,70908545.91549295,
20673724,native,46066125.2,
20670837,native,19489158.815384615,
20672544,native,37514430.9375,
20674717,native,62967595.13580247,
20669479,aot,14362548.127167631,
20669905,native,52197119.93877551,
20672197,aot,44496681.168141596,gas-used mismatch for 0x0a5388b8da484c24e769792c9f3aa3ea57f7a0f94ce4bdbcb228185254c2b327: expected 828960 found 718724
20674331,native,33189949.614864863,
20670792,native,37982054.09558824,
20672343,native,30730302.95,
20675080,native,46097896.088495575,
20673250,native,40246101.925925925,
20673205,aot,69170622.44871795,
20670970,aot,27443133.655737706,
20672297,native,52484814.135416664,
20673487,native,58727706.96296296,
20672999,native,70150215.73684211,
20673956,aot,16761549.811111111,
20670170,aot,41420772.860869564,
20673979,native,27151370.64893617,
20672359,native,20947121.329166666,
20672690,native,50587488.09375,
20672900,native,30260241.701863352,
20674939,native,40458157.333333336,
20671306,aot,21496560.065789472,gas-used mismatch for 0x9869df6841995df55676da63c626ab9a030d5530a702dd99e30d8fc8e7469f2b: expected 941007 found 928323
20672104,native,55785652.395833336,
20674648,aot,39741763.6640625,gas-used mismatch for 0x6028649e64118e43080644d47bd1463b257433f344b8b316ccc06b18b2cb6fd7: expected 313083 found 254556
20674879,native,64592830.10843374,
20670604,native,53152164.653061226,
20672268,native,67266661.82894737,
20672103,aot,40121529.176923074,gas-used mismatch for 0xca97c0183bbd0e6f37660e168aeaaebe3da5bf772679756fdbf12893c271e45c: expected 204516 found 82074
20671729,native,55111667.260416664,
20672648,native,34529608.777027026,
20672714,native,46227277.86440678,
20670026,native,34745423.20915033,
20670053,native,34671629.71333333,
20673276,native,30856460.38596491,
20674070,native,41665539.64,
20670099,native,35892000.83571429,
20671715,aot,48862812.00970874,
20670760,native,49435468.16190476,
20673601,native,70379833.88571429,
20672081,aot,40730733.94067796,
20674352,native,77566977.15384616,
20670112,native,53189418.6344086,
20672479,aot,27945580.733333334,
20673725,native,35005799.97857143,
20673321,aot,65416250.038461536,gas-used mismatch for 0xb77af974d3741094d68eb6ddf318c66fa10118c48ac1280555f99e2040887355: expected 989923 found 721225
20673563,aot,31987599.45341615,
20672545,native,41524480.406504065,
20669906,native,40149218.98347107,
20674718,native,49682823.48,
20670838,native,59070229.62352941,
20674332,native,33089222.51633987,
20670793,native,37292113.10526316,
20672344,native,41214613.81981982,
20672198,aot,53756825.145833336,gas-used mismatch for 0x84bc44e578676855efafbc1532b089ee2bcb5a25d39aaf70981af012319d50ce: expected 177022 found 80070
20669480,aot,69581207.74666667,gas-used mismatch for 0x34eb8ee859d7aeb64bf9e7183e1dbaa364187219300b708175ae1c0d0c5e63c2: expected 622933 found 478629
20673206,aot,17953999.58241758,
20672298,native,44112346.647619046,
20670971,aot,47093443.5,
20673251,native,45308529.088495575,
20675081,native,48795048.1981982,
20673488,native,44868272.230088495,
20673000,native,60970426.04938272,
20673957,aot,20283858.717741936,gas-used mismatch for 0x653efb0e6d8b91711c5be1da696af12038d62c065a627f6cf06454549d986af7: expected 186116 found 81798
20670171,aot,17153057.268965516,
20673980,native,8105582.5264,
20672360,native,68438142.57333334,
20672691,native,29455577.19653179,
20672105,native,71785011.75757575,
20674940,native,50268460.1980198,
20674880,native,26262454.972972974,
20671307,aot,56622511.55555555,
20672901,native,67888739.57692307,
20671730,native,42026702.27027027,
20674649,aot,60009920.18604651,
20670605,native,53780818.625,
20672269,native,50795631.53,
20672104,aot,54535577.38888889,
20672649,native,35011024.81818182,
20674071,native,18514779.505454544,
20672715,native,29602633.2748538,
20672082,aot,16661466.5323741,
20673277,native,64520949.0,
20670027,native,12696290.21291866,
20671716,aot,43071156.39655172,
20670054,native,35754837.20945946,
20670761,native,52205211.4,
20673322,aot,23057369.72,
20670100,native,41748946.6171875,
20674353,native,38728631.924812034,
20673564,aot,80246711.13793103,gas-used mismatch for 0x627fad4dfe116c4d01c81ddf7efee49b3c01d42d50ba366bddff77ee2751d555: expected 308653 found 237965
20673726,native,41112411.78333333,
20673602,native,46380670.98275862,
20672480,aot,78152251.6984127,
20670113,native,32807206.94857143,
20672546,native,65016264.897435896,
20674333,native,8561886.039215686,
20669907,native,28738625.244318184,
20672199,aot,18199808.515037593,gas-used mismatch for 0xc4cf62e2fba3a2ec07fbdb1785ab1adf1b15cdec8713a0901e4384a1d2309f92: expected 783922 found 831033
20670794,native,44820810.0,
20672345,native,23563394.152777776,
20674719,native,36011250.4137931,
20670839,native,37982807.47972973,
20669481,aot,45480739.73913044,
20673207,aot,48227090.83168317,
20670972,aot,32216711.88235294,
20672299,native,51765288.02040816,
20675082,native,34471860.35443038,
20673252,native,40377509.80851064,
20673489,native,49458648.123809524,
20673001,native,14335321.726775955,
20673958,aot,74775267.88571429,gas-used mismatch for 0x4a643941b3c8d829c2482b0a0228c9701f206b131511f7ba855c37f43a7756fa: expected 190812 found 81738
20672106,native,39128493.922413796,
20672361,native,29174336.710526317,
20670172,aot,53761966.22330097,
20674881,native,62892291.538461536,
20673981,native,84731865.2,
20674650,aot,22582736.740740743,
20670606,native,33954795.62237762,
20674941,native,41739099.48091603,
20672692,native,63775123.593023255,
20672650,native,26531374.744444445,
20672270,native,33607005.44871795,
20671731,native,52305960.603960395,
20672902,native,37555542.0070922,
20672105,aot,73280256.57746479,gas-used mismatch for 0xef598e61c4f7e1bab1b99a18ab78f9cbc0275e40abd1453ce6d0cb0344c61c44: expected 209627 found 82074
20672716,native,45476936.7735849,
20671308,aot,43493325.21538462,gas-used mismatch for 0x9d2e22240f0efa1181eec2ddc395a130e8b1c98958908a05a692df4d435e6482: expected 463552 found 98981
20670055,native,46900406.4245283,
20670762,native,37074502.79699248,
20674072,native,44415377.47107438,
20673323,aot,44287606.6460177,
20670028,native,64916652.375,
20673278,native,44223341.56198347,
20671717,aot,50639323.056603774,gas-used mismatch for 0x215645ba0fc881c3460d793925669c21af8d4eba981b7ff8c690be14eab34a45: expected 285257 found 204167
20672083,aot,75648865.05333333,gas-used mismatch for 0x464cb78087e4986f8d4a0f1172ade9192feb1acd688021a7d9d8a5a1c5554a62: expected 740486 found 756900
20672481,aot,34542570.52205882,
20674354,native,36751889.418439716,
20670114,native,37871917.18181818,
20672750,aot,70833916.5890411,gas-used mismatch for 0x6de690a8e50a1f192ec1e65dc76efe398fd0bf1718b3b2e604fcdea46e5eb382: expected 692064 found 580622
20673727,native,49435094.058252424,
20673603,native,51150020.683168314,
20673565,aot,43166401.375,gas-used mismatch for 0xed39ddf47d1a9670b6a661bd076883f4fc4d69aacd5515438682e0a67a945e79: expected 269029 found 271442
20669908,native,47749572.84375,
20674720,native,33894870.276923075,
20670795,native,35242712.28125,
20674334,native,78115890.07692307,
20672547,native,71759869.35616438,
20669482,aot,39125055.96363636,gas-used mismatch for 0x29652445c46da46ce2c6bf35f57dc604cc206ab456deb561dcf4107e62367b4d: expected 161190 found 37961
20672200,aot,68551223.8028169,
20670840,native,40660975.98373984,
20673208,aot,36591238.358778626,gas-used mismatch for 0x450dd9af76f7d17517d00a943ce30315b7bb1177164eb901bfde0e8286627489: expected 474667 found 305592
20672346,native,60143057.51111111,
20673253,native,39663216.67,
20672300,native,35483353.928571425,
20670973,aot,55461773.35555556,
20675083,native,38001729.07317073,
20673490,native,88871321.81666666,
20673002,native,55834877.04545455,
20673959,aot,46343313.50442478,
20672107,native,48485465.594339624,
20674651,aot,48683933.25510204,gas-used mismatch for 0xb2d557585d825c5440afeeba16412be6860343589eeb3a020087b8b45762d40f: expected 288255 found 248295
20672362,native,58600611.02469136,
20674882,native,45212817.53703704,
20673982,native,37355556.97709924,
20672693,native,55992075.4375,
20671732,native,42832408.59259259,
20670173,aot,5560869.384615385,
20674942,native,44532861.137931034,
20672106,aot,35365070.70921986,gas-used mismatch for 0xc8985c7e119c3b117f8c2f8b6fbb875cae6a17ce0a8dfc97fa28bf84aeda8797: expected 1734901 found 845273
20672903,native,38586538.16030534,
20672271,native,45427993.75221239,
20670607,native,48343436.10619469,
20672717,native,47237159.56481481,
20672651,native,71639167.78082192,
20671309,aot,49492807.39622641,gas-used mismatch for 0x1b0b949708c97baeb71892a20a96ec04898bac7cc37870b17f6ffefde8be71de: expected 586201 found 322876
20670763,native,41341473.77685951,
20672751,aot,21402098.50952381,
20673324,aot,41918696.8,
20673279,native,36985324.96825397,
20670056,native,50157870.82608695,
20670796,native,46256816.90588235,
20673566,aot,34341704.84558824,
20674073,native,50881970.87096774,
20673604,native,10589474.307531381,
20672482,aot,40958556.36,gas-used mismatch for 0xa2ed883c7d9620cb5476e406c34a8a5fb8208f5d8badee96b4666b0d2d1ea450: expected 552208 found 464649
20674355,native,34149421.03546099,
20674721,native,25847583.02352941,
20671718,aot,36124933.60144927,gas-used mismatch for 0x7979c8e8cbf5e0b1253010dc8f912b66b33deb7f95e61b4e056d4f72c6c3ee97: expected 385175 found 317174
20673728,native,27892222.84659091,
20670115,native,21642022.445887446,
20672084,aot,40046337.5648855,
20670029,native,56090304.12222222,
20669909,native,35020558.5942029,
20674335,native,31958841.077419356,
20672548,native,37795975.223076925,
20669483,aot,41142333.358333334,gas-used mismatch for 0x65c4937c24f55112144df70fee15c16e15a4dc69c449bea1f5f04460fa6b147f: expected 335423 found 153000
20672201,aot,21789890.398268398,
20673209,aot,12991533.490084985,
20672347,native,44181467.23809524,
20670974,aot,31820087.15,gas-used mismatch for 0xaf48be6451f2def41c0dee00a70cb19fd5fc351901e6de7249a30c1dcfca7d34: expected 308330 found 268370
20670841,native,83927574.20689656,
20672301,native,37539955.888,
20673254,native,51111907.64285714,
20675084,native,51068188.47674418,
20673003,native,3775440.8523809523,
20673491,native,38972456.7734375,
20673960,aot,31393576.04347826,
20674652,aot,43032041.64864865,
20672363,native,27068315.111111112,
20674883,native,46962824.11818182,
20672694,native,34153536.0,
20673983,native,54028511.78571428,
20672108,native,56257216.96039604,
20674943,native,26945776.107526883,
20672107,aot,47005670.72072072,
20671733,native,44440443.04132231,
20672904,native,38488572.71428572,
20672272,native,40400932.0859375,
20672652,native,31620878.267080747,
20670174,aot,71531810.12676056,
20670608,native,36344195.11643836,
20671310,aot,41082968.656,gas-used mismatch for 0xc9a0e33597cc7ff92cdf5235f5b2af01e2d94adc2c17d11145741c14690b97ec: expected 122430 found 75506
20670764,native,39024187.46564885,
20672718,native,53217908.56481481,
20672752,aot,49279771.96116505,
20673325,aot,33290745.31372549,
20674356,native,36132597.30827068,
20672483,aot,24323068.422330096,
20673280,native,29635418.077777777,
20670057,native,31955317.915151514,
20673567,aot,33452486.088607594,
20673729,native,20062570.87984496,
20671719,aot,39293899.366412215,gas-used mismatch for 0xb1e386656789b85ea12f7f06ec75caf019a3f20a2e78566e73b6a05a6f548c4b: expected 277673 found 153863
20670797,native,61455373.48235294,
20672085,aot,14017947.810055867,gas-used mismatch for 0x0219bdc6e31ccc3f0e79e5ff92bed61639766f9ed47376d6b98878357966e9cc: expected 261944 found 196669
20674722,native,49941806.02830189,
20673605,native,68617244.75,
20670030,native,28431392.23033708,
20670116,native,52425782.71,
20669484,aot,36474146.28461538,gas-used mismatch for 0xf3dadafe01228b4de828b155afa6f3ada0a862053019f5054d5924bcaa04f6db: expected 345004 found 95880
20674336,native,39953604.37398374,
20674074,native,46460566.84126984,
20672549,native,37043895.573529415,
20672202,aot,43414811.53982301,
20669910,native,47061582.79338843,
20675085,native,23302176.413978495,
20673210,aot,62626121.86746988,gas-used mismatch for 0x57525bb0d4962b46807ca718b9495f17aee0b8b9f16274b3a9c77f7eb5608e31: expected 640409 found 367096
20672348,native,17459411.0,
20670842,native,9893612.713114753,
20670975,aot,46138776.56603774,gas-used mismatch for 0x7004b8036a3c9500d5a8a9e6f69ea89f95f3d7413519f7277c25561f8210e0ce: expected 308490 found 91774
20672302,native,34692344.833333336,
20673255,native,36656293.155555554,
20673004,native,83466041.96551724,
20673492,native,62399792.8875,
20673961,aot,38595325.46031746,
20674653,aot,34049834.12142857,gas-used mismatch for 0x57d72af47d4196a4ff2f6f6898016ed2a74d73ce9603a86fec10ced7b54d1d9b: expected 1010224 found 640463
20672364,native,33909824.5106383,
20674884,native,32089703.15231788,
20673984,native,27294034.150289018,
20672695,native,34421883.20714286,
20670609,native,28545089.5,
20672109,native,47754175.18095238,
20674944,native,56868729.02222222,
20672273,native,28999015.898809522,
20672905,native,6429023.62113402,
20672108,aot,45967294.29090909,gas-used mismatch for 0x12f5fe2583dc8a47bef9789cd7d6462e62f8f97f84645be052ef2bf1136f61c2: expected 291174 found 206080
20671734,native,48274106.97087379,
20672653,native,42969462.132743366,
20670175,aot,46612384.3490566,
20671311,aot,29902136.606060605,
20670765,native,36224227.875,
20672719,native,37544182.40601504,
20671720,aot,53551559.34939759,gas-used mismatch for 0x09be2906dd7a245ef47dee6de039de4cc5333ecd8dd0be55b5da796328494ef2: expected 1983625 found 1245916
20673326,aot,14646003.597633136,
20672753,aot,70872151.69014084,gas-used mismatch for 0xd84d6f7759214adce9876030d278a0d652b62ccdeb1d74327cbd46222c78ccb5: expected 308490 found 91774
20672484,aot,41415841.68965517,
20670058,native,36782402.75572519,
20673568,aot,39918404.24390244,gas-used mismatch for 0x0745ffa1af0dda086e33d62cbc456974e82d91e03aacf525bd3a1b154e4b1899: expected 338071 found 254544
20672086,aot,51069566.86734694,gas-used mismatch for 0x90f94d3dd016cd5efff48b86c4bfa98482d9b972766fd40f08a390f04d50579f: expected 391160 found 95868
20673281,native,46458690.79279279,
20674723,native,30234832.842424244,
20670117,native,20083796.216,
20673606,native,32858483.96732026,
20674357,native,68124379.01282051,
20673730,native,49230829.83809524,
20672726,native,43003102.211864404,
20674337,native,25732797.343434345,
20670798,native,44399757.792,
20674075,native,33416931.417218544,
20669485,aot,50927292.11881188,
20672550,native,49877352.733333334,
20669911,native,66414106.84,
20673211,aot,46189763.53703704,
20672203,aot,39707563.218045115,
20670843,native,25582225.0,
20675086,native,52994662.76530612,
20672349,native,50046651.718446605,
20670976,aot,38326659.94074074,gas-used mismatch for 0xfc80dc01e22f047d4ccd221c8e293c69363e9e162b6a5235d82925ac9ffa26ab: expected 328700 found 95868
20672303,native,57326327.56790123,
20673256,native,29546559.61988304,
20673005,native,56653232.344444446,
20673493,native,19473816.526119404,
20673962,aot,38037080.39705882,
20672365,native,17416322.385714285,
20674654,aot,19640007.276923075,
20670610,native,36715644.82539683,
20674885,native,34314016.52857143,
20672109,aot,46161840.067961164,
20674945,native,42471176.53982301,
20672110,native,31465343.262820512,
20672696,native,49754648.70408163,
20671312,aot,50936093.17894737,
20670176,aot,57342022.91860465,
20672274,native,43262156.930434786,
20672654,native,53738476.75268817,
20673985,native,56541139.40860215,
20671721,aot,32311971.66891892,
20672906,native,90126290.96363637,
20672754,aot,37532048.428571425,gas-used mismatch for 0x482f60a5acba7c97a0fe8d44f2bcc4ef97317e201f1352883b740c0009fd2df5: expected 298137 found 208838
20672720,native,40641257.23140496,
20670766,native,61084205.333333336,
20671735,native,52072299.33018868,
20672485,aot,34170054.342857145,
20673327,aot,50111048.895833336,
20673569,aot,30834593.13043478,
20670799,native,24907409.18235294,
20670059,native,49792888.01980198,
20674724,native,27732677.6,
20672727,native,4121492.630490956,
20672087,aot,41469173.166666664,
20674358,native,21716890.300884955,
20673282,native,31837959.948717948,
20673731,native,29485069.845238097,
20673607,native,26954385.108108107,
20674338,native,36905666.11278196,
20670118,native,70044854.7887324,
20674076,native,44307829.81981982,
20672204,aot,37391050.49206349,gas-used mismatch for 0x5d56bafacbf66e95a2229be77ddca1469285ef92656723d8895579a2e07c6950: expected 2204267 found 2340905
20672551,native,49175909.89,
20669486,aot,52488118.41052631,gas-used mismatch for 0xfc82f390115265e5618d60c113d3ac5bf1fb9d16122a7bb74b75e37c2f9bda1d: expected 261705 found 212298
20669912,native,38672613.78461538,
20673212,aot,36785002.166666664,gas-used mismatch for 0xba0c516c73a92bfde415ec9b22809a58048d5ef9797c853c2ab5f91a7072499f: expected 305553 found 232114
20675087,native,59164077.790123455,
20670844,native,64164866.807692304,
20672304,native,45817633.15740741,
20673257,native,23928237.116504855,
20672350,native,66457971.92,
20670977,aot,51930359.19090909,
20673494,native,77458002.2,
20673006,native,33780432.205298014,
20673963,aot,44859681.87826087,gas-used mismatch for 0x759afc700a0610efac92dccdf8780a8dcab495491b272dfaadceeceea91c817f: expected 500426 found 431220
20674655,aot,25272516.10096154,gas-used mismatch for 0x6131c09870e4edf0f46a8251daa41c797ffb16532612e53ec0785f2214d9bd87: expected 463528 found 431024
20672366,native,45936135.00900901,
20672275,native,21278430.451754387,
20674946,native,34823611.15068493,
20670611,native,62077935.62962963,
20671313,aot,17034236.02990033,
20672697,native,40253642.248,
20671722,aot,43563245.29245283,gas-used mismatch for 0xcf126c50518ec5526e85696d43b1f09170acec9fd3f7c00e19b55ee37e39044e: expected 331787 found 372973
20670177,aot,42709169.85344828,
20672110,aot,35232841.548387095,
20672655,native,34095587.9205298,
20673986,native,33246687.934640523,
20672755,aot,28227005.7247191,
20672111,native,43995225.46031746,
20672907,native,25902812.912820514,
20672721,native,30720204.684848484,
20674886,native,89072448.31746031,
20672486,aot,38344833.015037596,gas-used mismatch for 0x1fc7eddadf8e0c5dbf94b3cd3ae1f1ec0a2b96ad3e8b21297a172811dd98e2a0: expected 1475013 found 579027
20673328,aot,17520356.07368421,
20671736,native,32809757.703225806,
20670767,native,32632597.15822785,
20673570,aot,38631221.20769231,
20670800,native,34359436.31506849,
20672088,aot,19404942.872,
20670060,native,47352761.80188679,
20673283,native,7463880.005882353,
20674359,native,44365674.4954955,
20673732,native,58388164.04651163,
20673608,native,59566398.192771085,
20674339,native,26161313.194871794,
20670119,native,49198677.04950495,
20672728,native,84318363.1076923,
20674077,native,36715367.82608695,
20674725,native,76662719.51470588,
20669487,aot,28410542.417142857,
20672552,native,38474517.26717557,
20672205,aot,36515954.97619048,gas-used mismatch for 0x48ddcfb07b710a2a59dd2c02d915d46df5135c15702958d0c01c60b0795f9126: expected 685745 found 374920
20672281,aot,32133049.595419846,
20670845,native,55769037.166666664,
20670978,aot,29915119.59310345,gas-used mismatch for 0x0bed7d5647ae7ef3deb65cc95c21511feee6fdf1811c5d3157c4770b2fcd0829: expected 509838 found 405120
20673213,aot,61194275.91025641,
20672305,native,27474317.73888889,
20675088,native,39874612.85714286,
20669913,native,51605412.979166664,
20673258,native,41013256.775,
20673495,native,33755295.60784314,
20673964,aot,26202799.771276597,gas-used mismatch for 0xcc064d36f16cdea5cec8983eaea4062064a5a166b415d6a8c273f9b49037a773: expected 381362 found 95880
20674656,aot,14215702.4375,
20673007,native,61398452.48192771,
20672367,native,47399333.31531531,
20671314,aot,19867100.925490197,
20674947,native,44324005.840707965,
20671723,aot,39580408.20634921,gas-used mismatch for 0xdf0099fc4106b6157c7fec952541ede1d4bcd2ce1b31be4ec11f9589beafaa32: expected 201108 found 81738
20670612,native,28672938.286516853,
20672698,native,49276116.126213595,
20672276,native,41083659.28455284,
20670178,aot,36398186.571428575,
20672908,native,31306625.129032258,
20672112,native,16628605.727868853,
20672756,aot,30571279.945454545,
20672111,aot,40051140.75384615,
20669750,aot,46978956.52727272,
20672722,native,12066371.127710843,
20674887,native,26435105.69680851,
20673329,aot,5727526.4089887645,
20673987,native,50840027.82857143,
20672487,aot,45309960.699115045,
20671737,native,38438236.4117647,
20670768,native,48581081.03773585,
20673571,aot,21724553.41493776,gas-used mismatch for 0xd768acb11b3861e10e2c739d698a57e3127713b2757994bf91e640e18de5449a: expected 200891 found 81738
20670061,native,43762618.73913044,
20672089,aot,44515320.22608696,
20674360,native,23783507.149321266,
20673733,native,41368231.5338983,
20670801,native,50806517.310679615,
20673284,native,73038173.25714286,
20669488,aot,42423484.222222224,
20673609,native,48038552.7,
20674340,native,23962232.6146789,
20674078,native,35340361.925675675,
20674726,native,36635799.83687943,
20672729,native,35748301.053333335,
20670120,native,64845190.97647059,
20672553,native,36173514.66891892,
20670846,native,35582420.375,
20672282,aot,45758890.72173913,
20672206,aot,50456582.26415094,
20670979,aot,66089417.8625,gas-used mismatch for 0xb0f2465436fa76c5fb731b1db38fee0a1ea6d29b9d4b80ca7889db2e80c77139: expected 769472 found 366328
20673214,aot,35798205.83561644,
20675089,native,30331034.6374269,
20672306,native,52534269.28125,
20669914,native,31438380.53939394,
20673259,native,68553682.85333334,
20673496,native,57398323.96590909,
20673008,native,18803762.30645161,
20674657,aot,54729983.01098901,gas-used mismatch for 0x5f06d21232444f6cd7d73088296c6e15e34f668d9d25cca69f83c5146b126edf: expected 198169 found 81646
20673965,aot,38136008.45864662,
20674948,native,26041367.284946237,
20671315,aot,69790217.11428571,gas-used mismatch for 0xaacaee58b425539f1665e50eb69b7804246653b3585e35c4de1da395871b6bca: expected 1588273 found 1048254
20672368,native,30374902.58385093,
20670179,aot,40947205.66115703,gas-used mismatch for 0xd04e948c9cad74f6907172411c91e334b750f05b8afbfa54bf25633592fbef7d: expected 409866 found 226865
20671724,aot,71787033.85714285,gas-used mismatch for 0xe07e08c27c5155c2dbafa9c893b85130e8ad745dd6e81e53904eca93425cce3e: expected 298165 found 208856
20672277,native,72460515.98484848,
20672112,aot,16112099.43624161,
20670613,native,43588295.72727273,
20669751,aot,54158429.677777775,
20672699,native,49303618.4245283,
20672909,native,41711520.70247934,
20674888,native,43272848.973451324,
20673988,native,34721253.347826086,
20672488,aot,38930606.2,
20672113,native,84490985.27586207,
20672757,aot,65041196.98717949,
20672723,native,66156789.25,
20672090,aot,25367517.795698926,
20673572,aot,35370249.6617647,
20670769,native,56539132.125,
20671738,native,48195563.53333333,
20670062,native,44472608.21818182,
20673330,aot,81114471.09230769,
20670802,native,24635831.313131314,
20669489,aot,15134069.25625,
20674361,native,46162987.87735849,
20673285,native,24507360.641791046,
20673610,native,29342391.61392405,
20673734,native,55101898.08139535,
20672730,native,43822311.33663366,
20674341,native,52657780.37362637,
20674727,native,38175179.51908397,
20672554,native,29005384.708074532,
20670121,native,34430136.9020979,
20674079,native,20866149.52255639,
20670847,native,33336216.10967742,
20672207,aot,39448085.47619048,gas-used mismatch for 0xcb9496b38c5285cbb68bc9df7a28e23f182bac72cfc72456f3167b3e3469e1d4: expected 403634 found 238827
20672283,aot,38699152.92,
20675090,native,53226424.0,
20670980,aot,53626999.85714286,
20673215,aot,14625826.397183098,
20672307,native,43737438.15652174,
20669915,native,40016694.03125,
20673260,native,43587906.077586204,
20673497,native,40096440.576271184,
20673009,native,29962144.154761903,
20673966,aot,39664669.79699248,gas-used mismatch for 0xe3d692d06776717947672f9b1d72a2894a1cbf5dac1a47c8de6802caf51079e3: expected 301116 found 223704
20674658,aot,36668431.5945946,
20674949,native,41407756.048780486,
20670180,aot,34565094.19580419,
20672369,native,35058876.41780822,
20671725,aot,16401034.493548388,
20671316,aot,55018758.15053763,
20672278,native,47088594.4,
20672700,native,14160755.284482758,
20673989,native,15188645.116923077,
20672113,aot,83991437.71666667,
20670614,native,52420865.489583336,
20674889,native,41122584.6,
20672910,native,30971607.134969324,
20672489,aot,38044407.50769231,
20669752,aot,47576064.831858404,gas-used mismatch for 0xceed129f0ebd66d738d14a7ed7ca6a6fa388391b9bfb262c2a9e94a5e4623c6a: expected 255994 found 238286
20672758,aot,55157255.7,gas-used mismatch for 0xbc333e4bb6a9620c8edcb6de6466f95df2b9e89ce07595ff0c9b8c563332000c: expected 277745 found 153935
20672114,native,38128965.04580153,
20672724,native,30894000.90184049,
20670770,native,44636367.445454545,
20672091,aot,37227996.007407404,
20673573,aot,22907865.49321267,
20670063,native,45508802.12037037,
20673331,aot,58508261.10465116,gas-used mismatch for 0x218fe3ca78f8292be7bcdefed2489d766c1f8f4c0f307cc9cbf650dd79746742: expected 946929 found 738405
20671739,native,55736457.244444445,
20672731,native,35558447.54198473,
20673735,native,27076705.616216216,
20673611,native,42679149.152542375,
20673286,native,64402293.921052635,
20669490,aot,45874914.472222224,
20670803,native,54622908.030612245,
20674362,native,48994460.37735849,
20674342,native,50146678.21359223,
20672555,native,36868705.308823526,
20670981,aot,32817613.01724138,gas-used mismatch for 0x3924d5782dd17c30c699c5cbcd8108639a03ce9689750757bbd86fb72c219dc5: expected 381408 found 238815
20674728,native,34881523.333333336,
20673261,native,22057614.693181816,
20675091,native,39248953.92035398,
20670122,native,18484639.012903225,
20672208,aot,17611062.424460433,
20673216,aot,55524799.53333333,gas-used mismatch for 0x9363bc452a77a8d0eb106d9657ea59148f907e4a01ee2dcdd0701fca65a53d60: expected 281712 found 95940
20672284,aot,34818488.97931034,
20670848,native,34124564.466216214,
20672308,native,49691524.93,
20674080,native,73224286.31428571,
20669916,native,71997483.62857144,
20673498,native,61488367.56338028,
20673010,native,81581464.42857143,
20674659,aot,57588292.8,gas-used mismatch for 0x2e8232b84d2d24cfba7172ecbd9670786687a4bb1fcaa70aeefe2d29979972bc: expected 277745 found 153935
20673967,aot,36891334.75342466,
20670181,aot,19345297.548245613,
20672370,native,43675617.163636364,
20674950,native,47042980.64545455,
20672279,native,40096792.2,
20671726,aot,72664528.51428571,
20671317,aot,60363019.70930233,
20674890,native,11598437.943820225,
20672114,aot,37451962.55072464,gas-used mismatch for 0xc5174eecc235037d25e42bb20090c8c4f5761a00aea6339e6a0c858629f94aab: expected 328712 found 95880
20673990,native,54010208.8631579,
20672911,native,26677302.73979592,
20670615,native,43188365.10743801,
20672701,native,66944147.307692304,
20669753,aot,25545481.7815534,
20672759,aot,45134739.49565218,
20672490,aot,37097190.22377622,gas-used mismatch for 0xbc7659a417f76dfee3ea4c7838f5bc4f1cd30a108c776861c7444b330fe3023d: expected 840727 found 232747
20672115,native,40853451.1875,
20672092,aot,49782292.15238095,gas-used mismatch for 0x13dc1e323e71674624c9470557f673ade1d92ccbebd420a70c8b74747724a498: expected 547938 found 277671
20673332,aot,5152422.516483516,
20670123,native,69889889.10526316,
20673574,aot,50994920.82178218,
20672725,native,63879625.488372095,
20670771,native,35173759.178807944,
20670064,native,40762807.276923075,
20671740,native,36048047.79452055,
20673736,native,48118770.216981135,
20673287,native,26715044.078534033,
20669491,aot,19418820.12406015,
20672732,native,55021379.663157895,
20674363,native,29296882.138728324,
20673612,native,51030628.08490566,
20670982,aot,23327017.6492891,gas-used mismatch for 0xcad4b3258cd0162fd598dba381124f1f6ba57dc4f8f693c8a33eac78d3269d60: expected 323570 found 95868
20670804,native,63408507.43209877,
20669562,aot,42459466.18699187,
20672556,native,40837079.0625,
20674729,native,62983675.375,
20675092,native,43547417.53333333,
20673262,native,58399645.31395349,
20672209,aot,23759027.709359605,
20670849,native,40984602.198275864,
20673217,aot,18443781.744604316,
20669917,native,11225051.498845266,
20672285,aot,34019187.21192053,
20672309,native,31352243.26993865,
20674081,native,32545413.20245399,
20673499,native,66089821.23943662,
20673011,native,42254862.27586207,
20673968,aot,40930261.09090909,gas-used mismatch for 0x524baf55b92328c2726ce730b0aeb0c1079f413544dba1d617ed46a7e2787a82: expected 393413 found 237476
20674660,aot,51314129.989247315,gas-used mismatch for 0x233f4aa6eecd1ce406d3bc416cc1ffb27ce722261423e2097b55d1228ea9087f: expected 1704065 found 1950245
20670182,aot,44704738.8367347,gas-used mismatch for 0x62b9ed739cb2c94213ae8ca8f28c036d16c8e654d9ab7bb7427be124751b32e4: expected 413375 found 251999
20672371,native,35606609.146153845,
20674951,native,29009163.713450294,
20671727,aot,16590998.102990033,
20671318,aot,12693204.201030929,
20672280,native,46550039.222222224,
20669492,aot,21815703.329411764,
20672115,aot,38065156.625954196,gas-used mismatch for 0x5345af7c32fe0307c646c8a8f34ecb3f0fa9adc009dc9497ae84d2959d830ba2: expected 401606 found 95880
20674891,native,65036961.69736842,
20672491,aot,15615963.566455696,
20672702,native,60895763.4939759,
20673991,native,56520698.677777775,
20670616,native,43537865.144067794,
20672760,aot,10584038.525879918,
20672912,native,63176845.7,
20669754,aot,41383933.456,
20670772,native,15158544.112149533,
20673333,aot,79856758.55737706,gas-used mismatch for 0x6b8f1b12f9668ec7dabb601056f6c2dcb1d792dc8813ac73023e342587091e18: expected 3229602 found 3152855
20672116,native,34492922.34640523,
20673575,aot,58700655.73863637,gas-used mismatch for 0x535d27955b7d69d1e63fb5db6219b56216cd37df37f3b82db37b019a97e90568: expected 465812 found 95868
20670124,native,20228944.765625,
20671062,aot,50662230.67961165,
20673737,native,16010991.376205787,
20672562,aot,41825008.56198347,
20669563,aot,17104148.046511628,
20670065,native,56557694.6,
20672733,native,36227799.592857145,
20673288,native,40785710.768,
20671741,native,53742999.305263154,
20674364,native,48842817.106796116,
20673613,native,42247888.66949152,
20670805,native,49288590.908163264,
20672557,native,50188751.366336636,
20670983,aot,60278840.95454545,
20674730,native,25550987.22330097,
20673263,native,33443448.05882353,
20675093,native,45896280.06481481,
20672210,aot,21786666.347826086,gas-used mismatch for 0x2a450e4866d3b2c46d60ab68e9c13091ae7936baa06cc2d63e7be7b66209ab3f: expected 61840 found 57761
20670850,native,40826184.03305785,
20672286,aot,16052219.006666666,
20673218,aot,26329572.284974094,
20669918,native,69480711.81428571,
20672310,native,34777307.73972603,
20674250,aot,33960250.65068493,
20674082,native,37181925.5,
20673969,aot,16272847.679245284,gas-used mismatch for 0xcb389ed921e9d911d7460529f15380e0cd7782b38cb25bef6b0cf49fa459a0f0: expected 271130 found 238196
20673012,native,42737811.152,
20674661,aot,33917562.87417219,gas-used mismatch for 0x87579803f3f524a1ce7b2d51812668edc096439c77732642e564f19657ce0f88: expected 385941 found 423820
20670183,aot,46940620.95,gas-used mismatch for 0xf7f269e30c28b14865a7177aec9e3a7e62815e09ab9e70320d04d9522a483679: expected 575928 found 233513
20672372,native,42897719.583333336,
20674952,native,19852963.78490566,
20672515,aot,43168427.584745765,
20672492,aot,22199623.635555554,
20672116,aot,32824029.09815951,gas-used mismatch for 0x4a6858aba7452db9024f665132bd86612d3086d19f922211327c7fa1a2e3bdb2: expected 282545 found 153935
20671728,aot,63983123.4,gas-used mismatch for 0xa1400e185c85bcdcd494ebc8565b7827460e72d6570359f9d74d0a8f0933fd60: expected 306482 found 95880
20669493,aot,67154962.02469136,gas-used mismatch for 0x400cab6c65ed162c48d823d09dae432725ec8a0f52f662e0f2fa4b3d69a2b6c6: expected 350122 found 95868
20670617,native,42574473.516666666,
20674892,native,40625012.129770994,
20671319,aot,74356051.06666666,
20673992,native,59579267.244186044,
20669755,aot,44460774.62162162,
20672117,native,4836491.336182336,
20672761,aot,60136519.930232555,
20670773,native,47958776.00943396,
20672913,native,35520300.87417219,
20672316,native,38101972.55479452,
20671063,aot,20368448.936254982,
20673334,aot,26964207.418719213,
20672563,aot,6255996.374554102,
20673576,aot,42838171.23140496,gas-used mismatch for 0x67f0cff2cbd2067e8feaddbeaef23cf4a47857ffb56b81ab2a23848b329a5022: expected 283659 found 209785
20670066,native,31522397.55214724,
20673738,native,74077250.17142858,
20673289,native,46110843.79279279,
20672656,aot,52396113.75238095,
20672734,native,50774366.37623762,
20674365,native,50374162.37362637,
20672558,native,33265647.528985508,
20673264,native,61317333.653333336,
20675094,native,12984405.161725067,
20669564,aot,56265073.96511628,
20671742,native,31107660.88607595,
20674731,native,46370900.63809524,
20670806,native,44737868.91818182,
20670984,aot,31504480.923076924,
20673614,native,41229803.325,
20672211,aot,56326282.02222222,
20669919,native,46936223.77669903,
20670851,native,39801241.381679386,
20673219,aot,63501670.530864194,gas-used mismatch for 0xc56b352cba283c0b602bc31fd7ab1e2194ecff07e5871bafce1069a857d8987f: expected 277745 found 153935
20672287,aot,50653576.49504951,
20674251,aot,44715593.88181818,gas-used mismatch for 0x9a42e978335adca671ef4f0a1a9bef1285a76d16c39892d4f9064993db62114b: expected 347220 found 173962
20672311,native,43643628.66086957,
20674083,native,62432617.21052632,
20673970,aot,91847447.58695652,gas-used mismatch for 0xb006e3d9a408eafaf6f91468d7a40ee69954bdba62e5edf8bbd356224496e9a5: expected 1025787 found 885749
20674662,aot,30963072.0,
20673013,native,16753734.594155844,
20670184,aot,54264760.39772727,
20672373,native,49588388.76699029,
20674953,native,84912855.75409836,
20672117,aot,4676433.246537396,
20672516,aot,39649233.64661654,
20671729,aot,49899256.57281554,
20674893,native,23252305.4,
20673993,native,44700677.238938056,
20672493,aot,58126794.36263736,
20669756,aot,38596782.127819546,
20669494,aot,47184987.58558559,
20671320,aot,31920467.120481927,
20672914,native,41856222.76033058,
20670618,native,36885977.11034483,
20672762,aot,40119165.75572519,gas-used mismatch for 0x71bcfb996231c62fe04cb2b0096da1b5ea3abcbf4260f2e1b13d55ce9f7ba63f: expected 291666 found 214801
20672317,native,40905144.84920635,
20672118,native,54971835.086021505,
20671064,aot,62059023.975903615,gas-used mismatch for 0x742d1d3bef335fbda6c069d6b7b5fcf77899679833a1dfca399346a5bdf8b115: expected 312063 found 234174
20670067,native,38588279.28571428,
20670774,native,65206062.915662654,
20673577,aot,46967936.675675675,gas-used mismatch for 0x30a069527a3f9d37ee112fac91c475ae74b9074d14c4a23dded9c2a36432d0b9: expected 328688 found 95856
20673335,aot,78264487.4,gas-used mismatch for 0x9b33654174b5c418d13dae8491217596ace8ee3fe57cc729faddc8aadae576c7: expected 387440 found 95904
20673739,native,44285191.652173914,
20673290,native,34026143.821192056,
20672657,aot,31676278.70909091,gas-used mismatch for 0xdaf8cc82dd57085242dcbae302e0bf36585a87cbdfe32c916a8b18c0246ce52c: expected 271178 found 238244
20672564,aot,64007435.6626506,
20672735,native,65348763.575,
20672559,native,20827548.540650405,
20673220,aot,35498631.69491526,
20669565,aot,43201634.30508474,gas-used mismatch for 0x12004491fd9bd8cb402328f7e1c68f9542328b858638fb7eeeb4735a3ef2fea7: expected 437260 found 400240
20675095,native,70029196.12676056,
20674366,native,54079064.571428575,
20670985,aot,16476707.428104576,
20673615,native,27122581.508196723,
20671743,native,40608773.03125,
20670807,native,32699174.612903226,
20672328,aot,66434119.222222224,gas-used mismatch for 0xd413ef230afee45e5335dcc47d362a832fcd298a3f4e95f82b327052c1a850c7: expected 350122 found 95868
20674732,native,45218879.88495575,
20672288,aot,36960839.907692306,gas-used mismatch for 0x54474a644fef2f490d56644fe2a344973327940d76b4c9fba293edd7209833c1: expected 259857 found 212298
20670852,native,14210643.864788732,
20672312,native,32942479.4527027,
20669920,native,54155999.604166664,
20672212,aot,58264483.222222224,
20674252,aot,31156926.87878788,
20674084,native,40102583.456,
20673971,aot,51441029.385416664,
20674663,aot,48237512.25,
20670185,aot,41366743.74166667,
20673014,native,73780010.51470588,
20672374,native,64971014.333333336,
20672517,aot,22331459.52682927,
20674954,native,34834408.85507246,
20672118,aot,53300718.28409091,gas-used mismatch for 0x274217584a5d5463b26bc4b8307cdccd7629851f78ac601e592a85c4238db98f: expected 577257 found 252140
20674894,native,51198772.578947365,
20669757,aot,28517140.0,
20671730,aot,37848167.007246375,gas-used mismatch for 0xf107c363517ea2c7cc4b28b1f5689bae69ac1935c5cefae541bc53073743fd8e: expected 2309462 found 1185072
20672915,native,33906196.81818182,
20671321,aot,26113290.12631579,
20673994,native,53807359.65625,
20673578,aot,41425624.04716981,gas-used mismatch for 0x81067c8be6c009a4087f5ff5d77b5c7ecd6870b0ed63cad2ece9d212cbe4f21a: expected 308655 found 237977
20669495,aot,24054459.901408453,
20672763,aot,33559163.19594595,
20670619,native,29850286.73809524,
20672494,aot,40078005.70769231,
20672318,native,53383018.516483516,
20670068,native,43815450.873873875,
20670775,native,36584764.39097744,
20671065,aot,66403189.10666667,gas-used mismatch for 0x7f44a13acf61bd17dfae86579171c651afe6862aed477f565b8a161f65897533: expected 205703 found 81750
20672119,native,80243771.72131148,
20672565,aot,38168651.95867769,gas-used mismatch for 0x2172678139367b8d59ea00715ac4f8d9de2c8308c24a89699ef3ef1c3a563258: expected 327892 found 95868
20673336,aot,37273090.98473282,
20673291,native,43529971.15315315,
20673740,native,38708778.55555555,
20672658,aot,33920179.16,
20672736,native,39038564.76153846,
20675096,native,19084670.310344826,
20669566,aot,41845061.9661017,gas-used mismatch for 0xfee332973a2814cef74c8f1d326c2bc61d9a0e96b08d9d2e7cf578d3eab01a2d: expected 128270 found 74704
20673616,native,4289632.681309217,
20671744,native,21673890.326086957,
20672329,aot,25159171.91836735,
20670986,aot,68205035.12328768,gas-used mismatch for 0x934f73033b3d3318d81a07a9cd1afb50f7599ff048e15c6abd8cb3b79221d8a9: expected 316530 found 164108
20672560,native,62415359.802469134,
20673221,aot,50605933.0952381,gas-used mismatch for 0x482d293fa23b9c6eafe37b6ff6a198f1c77fbd408f63791071438131e444a53f: expected 282545 found 153935
20670808,native,54036109.71111111,
20674367,native,44281998.77118644,
20674733,native,42481359.88333333,
20672289,aot,33697899.95205479,
20674253,aot,62736770.06849315,gas-used mismatch for 0x0b7db40fd4f2ed8d9d14aad461171625c6b032074b60011cc9419320adfd2c2f: expected 817877 found 337846
20672313,native,12661008.95128205,
20669921,native,34816940.91891892,
20672213,aot,31302310.09202454,
20674085,native,24037984.333333332,
20670853,native,56757614.11111111,
20673972,aot,32844196.8625,
20674664,aot,37585323.25,gas-used mismatch for 0xef118008ed67aa7877113ddb763d1d847275de1676516d39960041a02e538ede: expected 511133 found 95916
20670186,aot,4850842.808285164,
20673015,native,50870828.3592233,
20669656,aot,56782806.15909091,
20674955,native,29864983.801242236,
20672518,aot,76547201.15384616,gas-used mismatch for 0x568ffc175c519f8f3cb0c192224d09bf38813870124780a2269d01def2909d44: expected 325815 found 98969
20672119,aot,81121916.92307693,gas-used mismatch for 0x1479f5a4b1b88967b6f4f6d3df1c742cf54ca9f72e6db96874d28ff7daa71bd8: expected 700894 found 759151
20671731,aot,51631820.96590909,
20672495,aot,16887417.43115942,
20669758,aot,39738540.9609375,gas-used mismatch for 0x599262527a298f3a4a9856593815a476e06c0cf14ea08b36fc502140169735f5: expected 344992 found 95868
20673579,aot,36843019.038461536,
20674895,native,55349281.376344085,
20672764,aot,20934759.970588237,
20670620,native,37156161.45112782,
20672319,native,26421603.694444444,
20669496,aot,46394721.87735849,
20673995,native,49568846.77227723,
20671066,aot,37764476.73846154,gas-used mismatch for 0x81c65754e2336bf8fc497396cc8e09aa66c04dc5fb01d367037960fc350a5bf3: expected 458015 found 132675
20672916,native,56327975.79120879,
20671322,aot,61001979.358024694,
20673292,native,39454473.16528925,
20670069,native,16406289.925233645,
20670776,native,38882311.75384615,
20672566,aot,44716348.90990991,
20672120,native,41758037.69918699,
20673337,aot,44642941.46956522,gas-used mismatch for 0x26e7f206395375fbb47ffee1168be15ca0625c4888cfcbd984ab8169dbc092d7: expected 1761932 found 829926
20672659,aot,36474294.4962406,gas-used mismatch for 0x1431e32ed5dfc8fc6db609fb72a449e5248cd022f0c8800c4e69ed331e1dcc04: expected 372905 found 95880
20675097,native,7836565.363338789,
20674368,native,36062144.60344828,
20672737,native,43501412.64347826,
20673741,native,41672729.276923075,
20670809,native,45731547.927083336,
20670987,aot,46867199.089108914,
20669567,aot,37459370.60150376,
20672330,aot,36820372.64705882,
20673222,aot,24344620.048076924,gas-used mismatch for 0x41e707c3ce745132a48ab4a28aebad664b3ce424ffbcd1aa78a9b615da4dd866: expected 454728 found 213812
20674734,native,33057253.824324325,
20672561,native,42531285.18333333,
20671745,native,65239520.743589744,
20672290,aot,43261960.584745765,
20673617,native,80979680.1904762,
20674254,aot,9784351.133333333,
20672314,native,53888068.77894737,
20669922,native,41397581.03305785,
20670854,native,51683973.19354839,
20672214,aot,46179524.37837838,
20674086,native,63510789.025,
20673973,aot,51832083.77227723,
20674665,aot,38426774.58015267,
20670187,aot,69643064.73239437,gas-used mismatch for 0x1665f1d0e9eda2440ef977a1cf4ce71d7bb1ce244c09a14ff05b436e760d328a: expected 1151313 found 1099626
20673016,native,215029.7635747111,
20669657,aot,42626418.02586207,gas-used mismatch for 0xd9b33e60df346cf46f37f3f8525fecb93d8a43eaf8e867afd361668d50905359: expected 817768 found 337846
20674956,native,47835436.59223301,
20672519,aot,32056367.364864863,
20672120,aot,38360474.900763355,
20671732,aot,40113893.93650793,
20673580,aot,48978408.16504855,gas-used mismatch for 0xa9757abb21a8ee7bb29d0dd0ac022ea15f4b2de8bddc7f8b47314abc7b50892e: expected 303789 found 234866
20672320,native,25081133.96,
20673996,native,31028485.25625,
20671067,aot,40752484.81818182,gas-used mismatch for 0x42c65191594aa71be43aefcce8d5dd05c876cb0fa4b250374081b131862394f2: expected 282533 found 153923
20670621,native,47657764.41904762,
20673293,native,33346965.16083916,
20669759,aot,50408799.647619046,gas-used mismatch for 0xc6fd10f452245ef5a10d4e2a582029d624f6ff693c306d58e9ba2928c17262dd: expected 208441 found 144528
20672496,aot,80970637.93650794,
20669497,aot,29053473.76243094,gas-used mismatch for 0x0a34a8bb6c26f75adfd964abc1aff21ea05e4e8f996da95e73480dde445189f0: expected 244428 found 95868
20674896,native,27770253.897959184,
20671323,aot,37598883.72794118,gas-used mismatch for 0x2d40bbac46a3f13232852bfcb6210a881d7af5c1fa4997a0bcb4ee6f3cdaf540: expected 368984 found 95880
20672765,aot,55632795.989473686,
20673338,aot,42197188.84297521,gas-used mismatch for 0xc56f47b5fd5ec3e750321baa44a6bfa45017c731a6e136450396558d28483bd8: expected 1158121 found 161000
20672567,aot,23634674.79816514,
20672917,native,50919935.777777776,
20670777,native,35206502.03333333,
20672121,native,33400426.72903226,
20670070,native,60152750.313253015,
20672660,aot,47143609.39090909,gas-used mismatch for 0x3c1c1ec1f1de3142eed631a516f08d0e1442335f4df22489f0361f2080681e2f: expected 578127 found 163245
20675098,native,82742804.3018868,
20673742,native,51689818.6344086,
20672538,aot,15626627.197952218,
20672738,native,15369028.232142856,
20670810,native,27647388.994475137,
20674369,native,45695342.56034483,
20670988,aot,4888350.922495274,
20673223,aot,38162782.33846154,gas-used mismatch for 0x67e8217a50bdc32418bfd41378d998c093e101f5304c69a49131ca752de227f0: expected 1954172 found 1216386
20674735,native,32962244.12,
20669568,aot,39699857.76,
20672331,aot,45528610.16521739,gas-used mismatch for 0x709e7e8093cf7868f59b33b030eb4ebaad96a41d552dc11f927de355096c8f7f: expected 1760468 found 917539
20671746,native,35146347.78571428,
20672291,aot,42779300.65833333,gas-used mismatch for 0x2aa1dc6381801d122a716755039b94625ac85e45da532f3bbe839c2e7e6f36a5: expected 376286 found 223865
20673618,native,51076108.80612245,
20669923,native,55053082.666666664,
20674255,aot,31806865.254545454,gas-used mismatch for 0xc3253f1b388e1b12aafd96c16a81a85cf52e047b240160721b37915e2265f9a8: expected 406408 found 238827
20672315,native,78049327.20634921,
20670855,native,57184822.74117647,
20672215,aot,40385068.03174603,
20674087,native,40559392.384,
20673974,aot,38622091.94444445,gas-used mismatch for 0x6078374771fa8fe9661b11f824ca1449bf22ffd80dec9b36667834a4d41373d4: expected 386060 found 95856
20674666,aot,41927319.39669421,
20670188,aot,28685086.876404494,
20673017,native,76925291.8,
20674957,native,42619594.556521736,
20672520,aot,47687750.78640777,
20669658,aot,35881752.4556962,
20671733,aot,39327722.865079366,gas-used mismatch for 0x25e54e6312dff1aa67e30385cd539cf2cda28010b0b36cc173b3db291ad44c1e: expected 189349 found 180360
20673581,aot,40981559.00900901,
20670622,native,12006466.822660098,
20671068,aot,27802772.805714287,gas-used mismatch for 0xd69c2d078cf3500ff9e74590ae32f375af223ff05373f4be6b9589af761774a8: expected 614338 found 339933
20673294,native,32175245.662251655,
20672497,aot,19723292.21399177,gas-used mismatch for 0x680409e4e374648d642f3e50569f294f0996bab47ff440e26f92359f14e53c01: expected 39100 found 41419
20672121,aot,35377858.101265825,
20669498,aot,24699351.37172775,
20674897,native,43044537.58558559,
20673997,native,42513931.06779661,
20669760,aot,31882668.458064515,
20672321,native,79478732.86666666,
20671324,aot,30536726.45341615,
20672766,aot,36227020.183823526,gas-used mismatch for 0x8aa99dcb87eec74b83a1c8174265046309128647ddf8c2c59ea9d65905fe1dde: expected 1106585 found 551275
20673339,aot,52210498.97802198,gas-used mismatch for 0x15f0afa3ec4eb06a91b65365d762716f11b3ac654808cf0e230e3d5b1d53b725: expected 779680 found 793449
20672918,native,46383134.45283019,
20672122,native,20197647.290836655,
20670778,native,33737292.75,
20670071,native,39358129.21428572,
20672568,aot,65650783.26027397,gas-used mismatch for 0x85ccb40562f93696f471b8ef1cc62433df2c988b3aad545a518b64f52e0e1433: expected 276886 found 172630
20675099,native,57766601.506172836,
20672661,aot,44015438.018181816,
20674370,native,30220788.15068493,
20673743,native,48327194.645833336,
20672739,native,50285493.64285714,
20670811,native,63193610.118421055,
20670989,aot,56365176.11111111,gas-used mismatch for 0xc16b93eb4a9bac3934121b4c860dcbe4fac5cf1f7b61b30fa1cb4581367da26a: expected 191520 found 81750
20669569,aot,15888251.158878505,
20673224,aot,90924590.75,gas-used mismatch for 0xf2e5d745fea1557a35398382243da8ed24e08ae39ec9c4e10093952bd73e3e50: expected 282545 found 153935
20674736,native,70287099.77464789,
20671747,native,29057376.370786518,
20672539,aot,87815688.61904761,
20672292,aot,35216024.02797203,
20673619,native,39939750.96031746,
20669924,native,38631899.56923077,
20674256,aot,70548704.49295774,gas-used mismatch for 0x6be8d256312a736bdf5f1f8705cf0077a0674b332f0c08edac829fb2420597a4: expected 459993 found 238827
20672332,aot,56977335.55913979,
20670856,native,15903480.14375,
20674088,native,38432087.141666666,
20672216,aot,38703268.870229006,gas-used mismatch for 0x0880ff77e472bd95ff558fc3f03d747f7336da048d0b3659c0c570e51c82af01: expected 255568 found 194166
20672140,native,53041788.52380952,
20673975,aot,50126076.06,gas-used mismatch for 0x714522bf1a508200db2085cd069ef34a1be7b389b7fe087aaed55139856b4cc7: expected 700947 found 633330
20674667,aot,49129762.0776699,gas-used mismatch for 0x84359a52947886325475dcd8b3a0bcd8edbed6dc710badebe474a2210ee8c13d: expected 1595668 found 745287
20670189,aot,39601466.78125,gas-used mismatch for 0xb1d19b66369e0cfc57d20bb9a60d0528a2202ec2fad831fdb0edf40ce1e4e6b8: expected 674725 found 585395
20673018,native,25623001.610837437,
20674958,native,40367374.28125,
20672521,aot,17090489.869127516,
20673582,aot,26008338.79255319,
20671734,aot,46654297.68518519,gas-used mismatch for 0x952956fbbb9326708859b60884ebf0124f316ce7b41f90eefcba6d2dc493bc15: expected 1986128 found 2053274
20669659,aot,37571989.518796995,
20673295,native,34787847.32608695,
20671325,aot,18826742.663900416,
20672122,aot,18922105.63076923,
20672498,aot,52651276.68817204,gas-used mismatch for 0x74490f2430bbc4f4ac0b478e576a6695d63428668a81b3da484011d59f055149: expected 313131 found 254604
20671069,aot,68743395.10958904,gas-used mismatch for 0x6a8249e3fb9ab21bdffb4bb811e1957d4171be168985f2a3d3b1aa1b83d5c6ca: expected 405729 found 405169
20674898,native,27010285.18032787,
20669499,aot,51108340.802083336,
20672322,native,48086802.38,
20670623,native,34687997.093333334,
20673998,native,34962919.00684932,
20672767,aot,37352932.13076923,
20673340,aot,37823048.24427481,gas-used mismatch for 0x073ad5806e975a577ea3cfd3cfc3eb495aa9cdf5ff87c20ee1c5a5754c14c101: expected 1170565 found 1093789
20669761,aot,51976640.702970296,
20672919,native,32531951.178807948,
20675100,native,13862642.48405797,
20672123,native,15243822.570093459,
20670779,native,22172355.666666668,
20672569,aot,26282622.420212764,
20670072,native,31847691.35897436,
20672662,aot,23359853.352112677,
20674371,native,28284268.116959065,
20673744,native,26285113.857894737,
20673225,aot,33175777.778625954,gas-used mismatch for 0x5479dfe1c37900b01e44a10ec3b6dde9a907db16ca2560f1a30b5b810f157f28: expected 282545 found 153935
20672740,native,18659284.839215685,
20674737,native,46450654.53684211,
20670812,native,14161832.025352113,
20670990,aot,70236634.12676056,
20672540,aot,30649085.981012657,
20669570,aot,50230596.43,
20671748,native,43384563.330434784,
20673620,native,25551273.94680851,
20674257,aot,38692631.25,
20672293,aot,49988805.346938774,
20672333,aot,41154595.541666664,
20669925,native,29579300.97752809,
20670857,native,22956607.8028169,
20672217,aot,42986372.300884955,
20672141,native,49279049.25510204,
20674089,native,71475287.22535211,
20673976,aot,38022795.45185185,
20670190,aot,27410223.303867403,gas-used mismatch for 0xb6bc9e28e29835619db34332fec299ec674f0e755de378d61675ebcfdd995b05: expected 378096 found 339714
20674668,aot,38824652.49618321,
20674959,native,28746114.805714287,
20673583,aot,63713354.192307696,gas-used mismatch for 0x7da76f21d3257e4a4457d108b1b44d652c4833428137ef2b2dd50cd11caf2680: expected 467407 found 95880
20673019,native,83829843.1076923,
20672522,aot,53225262.071428575,gas-used mismatch for 0x742cbf930b39a48b6b07a072eca6213fe0568daefffc27c7c5d00a74ee18fb74: expected 396061 found 222331
20669660,aot,58509101.20930233,
20671735,aot,43130770.27272727,
20673296,native,33992936.00666667,
20671070,aot,37335122.03759398,gas-used mismatch for 0xdb865f7be3d2518540343a00f6200452de91104ede8a69615de0f16b4e1e16f3: expected 191520 found 81750
20672123,aot,15175319.932551319,
20672499,aot,23153569.80909091,
20672323,native,37369814.6,
20671326,aot,50089371.93333333,
20669500,aot,28926594.04918033,
20669762,aot,18219087.077777777,gas-used mismatch for 0x66b1e60b49e41cea92a69de332e7fa1f792a52f9227cea216d53fede46da1ffc: expected 305834 found 162246
20672768,aot,37991603.6,gas-used mismatch for 0x1fa5220e57296aaeb73bb43e21d405f39cc97fbe8434eb302c9433055f4cf2fe: expected 193403 found 46919
20674899,native,64396077.62650602,
20670624,native,63227360.65060241,
20673341,aot,32476553.6125,
20672920,native,47047050.7962963,
20675101,native,56672101.94444445,
20672570,aot,32503859.583333332,
20670780,native,28118164.38251366,
20673621,native,49004296.35616438,
20672663,aot,26009646.275510203,
20673999,native,52952974.16037736,
20672124,native,96684766.56603773,
20670073,native,45825763.50434782,
20672741,native,85730529.51785715,
20673226,aot,37194859.45925926,gas-used mismatch for 0x5d32a8f7c4167ed8fae5c9fd8d5b4ddab61bd8c5b96a7fd8226cd9b3b13bb33a: expected 368972 found 95868
20674372,native,72307012.3235294,
20673745,native,48235943.85185185,
20670991,aot,32116504.418439716,
20670813,native,46495619.03960396,
20674738,native,59366042.54117647,
20672541,aot,49981734.677083336,
20674258,aot,49488138.0989011,
20671749,native,44753763.80909091,
20669571,aot,34135317.81081081,
20672294,aot,42341823.094827585,gas-used mismatch for 0x0f7e87ce599b4327feea75f4be481371404f7d6536de28bf9cf484fd93e93d33: expected 842291 found 341369
20672334,aot,25880913.367021278,
20669926,native,37571639.26829268,
20670858,native,66217912.74666667,
20672218,aot,52666275.21978022,
20672142,native,37626132.07633588,
20674090,native,51739972.8631579,
20673977,aot,58264179.84337349,gas-used mismatch for 0x9f260abfa06cef86cc1ce9dd3c840fa43fc5cddc957348022d08b2a65f114f51: expected 391214 found 95880
20670191,aot,47673121.0,gas-used mismatch for 0x5b62eb1e1097e352f6771282e7c6a0eb51637b078d5e25899b0fff351c72ad13: expected 366092 found 235560
20674669,aot,62021727.44705883,gas-used mismatch for 0x61fe8b57dffe9a94f125534517a8a7a5db4008634a8d893ed10144dd69ae1a25: expected 1061975 found 873879
20674960,native,68723850.26027398,
20673584,aot,31040230.788819876,
20673020,native,25412399.28,
20672523,aot,31220777.86335404,
20672124,aot,86898424.10909091,gas-used mismatch for 0x246a06db8df84b61a1859547f46801b4e413334db99a8c77330befaeb5ebac92: expected 353897 found 175092
20671071,aot,30696385.472392637,gas-used mismatch for 0x20143a2e11a830ec3d5b9ab0cb11722e2da1dc4f5d06e3ee73411b79d83646d2: expected 371272 found 370712
20671736,aot,31749413.49375,
20669661,aot,70510768.69014084,
20673297,native,34611748.820689656,
20671327,aot,35009319.14285714,
20672324,native,65811289.92,
20674900,native,15484198.963076923,
20674739,native,31725365.291666668,
20672500,aot,21099216.655172415,
20669763,aot,46301392.56363636,
20670625,native,31932977.33544304,
20672769,aot,30717201.426900584,
20672921,native,24495072.71359223,
20669501,aot,56164453.69892473,
20672571,aot,26671311.367021278,
20673622,native,21555162.14468085,
20673342,aot,33892727.83125,
20672140,aot,49263944.283018865,gas-used mismatch for 0x97267c05a6b30956ea3076c5da2baa0b43c44286cdd21f6720c99fa280efd15d: expected 611253 found 294771
20675102,native,48659557.981481485,
20674000,native,39610014.72519084,
20673227,aot,48192519.75238095,gas-used mismatch for 0xc71e54a33f2a37ac47b6f547905eb3c7006268e6485c7dca3def9c2ee91bddd8: expected 264600 found 95928
20672664,aot,31971469.13095238,
20670074,native,40208021.87692308,
20674373,native,33305651.512820512,
20672125,native,57271322.88172043,
20670814,native,28995913.541436464,
20673746,native,38380599.45714286,
20672742,native,47435697.46902655,
20670992,aot,40994845.92366412,
20669572,aot,44532782.96551724,
20672295,aot,29822624.801136363,
20674259,aot,37839634.82517482,
20671750,native,31473062.85882353,
20672542,aot,15022909.476063829,
20672335,aot,44050405.78512397,gas-used mismatch for 0x4a220d32574deff446a6074adf6a085d1824c8df9382c4658fd66d9ef1c922b8: expected 862935 found 696352
20672219,aot,44397203.43877551,gas-used mismatch for 0xa4e77b8a5e5825b10020ac3c5e0f020d5f0507b9c2396b91026bad34d371bc4d: expected 255698 found 238225
20669927,native,55447777.504761904,
20672143,native,7167815.509272468,
20670859,native,28320576.271276597,
20674091,native,40829345.36153846,
20673978,aot,39008824.35714286,gas-used mismatch for 0xa73e30114d6b6ecb58434f2d0cbe85eca7c06ab4102416bebe79e66de5219692: expected 348930 found 95880
20674670,aot,37320366.38888889,
20670192,aot,49846066.21428572,gas-used mismatch for 0xa821a533e52791cfe70127bcd1e2fda8e8726daac29287e10221c0f6989577fe: expected 253073 found 205818
20674961,native,43935617.64814815,
20673585,aot,48767032.31182796,
20669662,aot,10640669.639908256,
20671072,aot,43916118.20952381,
20672524,aot,51716845.96703297,
20671328,aot,44017179.58415841,
20673021,native,50438225.02,
20673298,native,33579478.99300699,
20672125,aot,49187339.928571425,
20672325,native,33750856.858156025,
20671737,aot,39758197.518518515,
20674901,native,49635131.84210526,
20669502,aot,6978200.659292036,
20670626,native,34661451.60144927,
20669764,aot,66249633.53333333,gas-used mismatch for 0xe4bb3ac10eb961e3dd228af25ec01bfb93df652cb3b1e1e7ef403bf078072048: expected 432642 found 96715
20674740,native,54304019.86363637,
20672501,aot,52744897.406976745,
20672770,aot,46305653.43396226,
20672141,aot,46003944.43564356,gas-used mismatch for 0x1f0090ea2266e6abcba35aa3dd7368328cc93d3b737f80380b0e11701222aada: expected 878985 found 458533
20672922,native,50765478.24210526,
20672572,aot,58819187.37037037,
20673623,native,72495923.75384615,
20673343,aot,65105986.90789474,gas-used mismatch for 0xe5183e3a8b4dae7625c3c52550ba7c5ea41c042d8367c9e07fa6c071b1a6ab0e: expected 717375 found 689916
20673228,aot,22209620.25116279,
20675103,native,30463238.714285713,
20674001,native,52511094.07368421,
20670075,native,40277501.63414634,
20672126,native,30097360.12121212,
20674374,native,40587695.35772358,
20673747,native,38381849.0,
20670993,aot,35775066.56737588,gas-used mismatch for 0xaa9e0747727d97b6e4ef17ed5791338df7b999b755a2eb3c31c73e3ecf397bfa: expected 927312 found 969061
20670815,native,66623024.08,
20672743,native,44842219.415929206,
20672296,aot,29997544.429447852,gas-used mismatch for 0xdcd4e735a05f03bb1cd9e699b1d8a610a2a1d9cd34c79ba9fca77a4a2b6a9483: expected 376289 found 98896
20672665,aot,63675993.07526882,gas-used mismatch for 0xe707d0273252d218b4cf4f9a533696389a30c61a6ff9bb3b66bc4df8dcd8a23d: expected 298466 found 232280
20671751,native,68241045.16901408,
20669573,aot,40553492.59504132,
20672220,aot,42099657.088495575,
20672543,aot,76689215.31746031,gas-used mismatch for 0x36c2cd623cd4ad6f85c2fe3cde728669f6b8193993fea04658482e85e5fa566c: expected 282545 found 153935
20674260,aot,42911731.51724138,
20672336,aot,23658298.995348837,
20672144,native,48730560.66019417,
20669928,native,40103623.55639098,
20673979,aot,26350127.8172043,gas-used mismatch for 0x2509d7f49f5a38e8afba6a9f8c76a9eb179bb596427bf43a167b6014f16bdfc3: expected 266951 found 219661
20670860,native,57574418.48387097,
20674092,native,66739832.684210524,
20674671,aot,27693435.38172043,gas-used mismatch for 0xaf354e232692cc8847401551632af5c56730cd6d57a253c34b5de5f295d38f36: expected 1307887 found 91506
20670193,aot,34654286.70945946,
20674962,native,52352836.41584159,
20673586,aot,25419673.273170732,
20669663,aot,54992364.1978022,gas-used mismatch for 0x4a756f4fe4edd3d9c819aacb19e01f17a2a9ac1358a9f31fb6ca3f66648cb51a: expected 282533 found 153923
20671073,aot,45910082.4054054,
20673299,native,22627975.506666668,
20673022,native,38477542.330827065,
20672525,aot,50470106.63106796,
20672126,aot,29950381.738636363,gas-used mismatch for 0x75b54d31c217699fd0c127d0d23a6564971dc53f92eefdbee59456eedfe6132d: expected 99875 found 82074
20671329,aot,55975026.85263158,
20672502,aot,39627100.08264463,
20671738,aot,48854838.3490566,
20672326,native,50084042.61165048,
20669765,aot,31955674.5,
20670627,native,51338691.822916664,
20669503,aot,59933898.52325582,gas-used mismatch for 0xa3707a092fbc5f602a56d2663b0caf677da4c17fa8fc475c8f467c3b8f688a58: expected 195299 found 53729
20674902,native,71220835.24657534,
20672771,aot,31791340.36875,
20674741,native,29299699.828729283,
20672142,aot,34012740.36423841,gas-used mismatch for 0x279f0abe182904fedfd4d242b6ec9aac0040d00d3721a7d28696b113ea5dc9a2: expected 266963 found 219673
20672923,native,37138890.442028984,
20672127,native,40169152.40776699,
20672573,aot,32819873.166666668,gas-used mismatch for 0xdf52730740e5d8fd76a3f9265c4c1381247584535e92aa889d3a0874a766186c: expected 293543 found 196669
20673229,aot,36873397.94736842,
20673344,aot,47703650.0,
20674002,native,21230544.443438914,
20675104,native,46388530.03603604,
20673624,native,28727509.50777202,
20674375,native,25818016.968085106,
20670076,native,37005712.89705882,
20673748,native,43055093.21238938,
20672221,aot,36106958.275,gas-used mismatch for 0xa48f4596bb0995adb55cc0b8ac53ee02fa9f14b1c2e639ebc6556ac6f9694448: expected 701344 found 720143
20672744,native,31362083.135483872,
20670994,aot,50908623.85,
20672297,aot,51294923.70967742,
20670816,native,55474043.722222224,
20669574,aot,8101148.31743421,
20672666,aot,46231094.77142857,
20671752,native,44950133.84259259,
20674261,aot,37071267.44615385,gas-used mismatch for 0xd4e4114c520c5d5f79e5f1e6d6e333f19cfdb9899289ae277fa41e8f8c975917: expected 347366 found 304860
20672544,aot,36559031.05263158,
20672337,aot,57346316.12631579,gas-used mismatch for 0xfb31e5961035f4d88072445292443ae5716ad85641f505935578cf3c32289406: expected 364931 found 95880
20673980,aot,7208790.020155039,
20669929,native,38679498.34375,
20672145,native,81678918.17857143,
20670861,native,33887729.38356164,
20674093,native,47980573.300970875,
20674672,aot,43575389.495238096,gas-used mismatch for 0xef9de9f1d865187b9f564875f854a3d70f7353664eb0431315da2b3334dc3472: expected 732219 found 610980
20670194,aot,27808976.306818184,
20674963,native,28422309.776470587,
20669664,aot,31982606.503267974,
20673300,native,68250490.77272727,
20673587,aot,57179938.7,
20674742,native,52474015.16438356,
20672526,aot,41862919.8362069,gas-used mismatch for 0x79af3b5208a076d2e2bf4f5438348cd656d37fb6bb6a6d1fe172c0cf8c30a33b: expected 198169 found 81646
20671074,aot,50835789.091836736,
20673023,native,37829911.54961832,
20672127,aot,40294676.809523806,
20670628,native,38821319.166666664,
20671330,aot,60900504.069767445,gas-used mismatch for 0xaa2c827be528ce1a89eec4f3e16e6d14ebdc11a2b60b049e8c7e49c97efe99f9: expected 308330 found 268370
20671739,aot,51483602.14285714,gas-used mismatch for 0xa3c0d6964719eb5d7934223e4cb6b0f3e8caedd70de2a5441e14d4ca7234b065: expected 1640779 found 198718
20672327,native,16416294.536977492,
20672503,aot,34119058.07333333,
20674903,native,37748224.903703704,
20669504,aot,40553533.015873015,
20669766,aot,79368036.4923077,gas-used mismatch for 0xab223ba555094702b0969e45e8fac5cad444e6519cefb269f7e6250ec3c25433: expected 1333148 found 680711
20672574,aot,40699482.70731708,gas-used mismatch for 0xbc99f30af9a6d8c3e8051c615e7b417a3b0785cca116b2566c5b50b7bc0ea9df: expected 930876 found 515823
20672924,native,41123447.666666664,
20672143,aot,6959131.49609375,
20673345,aot,42517580.6779661,gas-used mismatch for 0x20c29581973eb3cb015100bff082870a6f186f661461145ff9d7244ee76183b0: expected 304902 found 232126
20673230,aot,41280096.63333333,
20672128,native,50086974.20952381,
20674003,native,17121705.724590164,
20672772,aot,60926673.296703294,
20674376,native,34568221.31081081,
20675105,native,61644377.686746985,
20670077,native,49294254.98,
20673625,native,63837942.30864198,
20673749,native,30443856.839285713,
20672222,aot,35948803.14893617,
20672745,native,39177696.481481485,
20670995,aot,48537062.5,gas-used mismatch for 0x5bdbfee9f78112db49413ff9cbe95fa2e45f987ba0c95167abc3f347f0d09f4d: expected 401606 found 95880
20670817,native,21969697.480686694,
20674262,aot,3782405.3539156625,
20672298,aot,41689116.376,
20672667,aot,34813845.30405405,
20671753,native,51218952.78,
20669575,aot,53871637.78947368,gas-used mismatch for 0x0604b7b9f617d3fede8ef13a689738776e98af98b2d5516d58ab41a338920a60: expected 816411 found 170252
20670862,native,40915132.406976745,
20672545,aot,43673009.848,
20672338,aot,21858551.98340249,
20673981,aot,74841058.83823529,gas-used mismatch for 0xb258651d1ff0748101760606f37c0824ed6eeadb1473dab46a397ee5df952d4e: expected 306470 found 95868
20672146,native,40262179.547619045,
20669930,native,55292879.34065934,
20674094,native,37850804.828125,
20674673,aot,18130361.5018315,
20670195,aot,21511859.307692308,
20674964,native,69514829.23529412,
20673301,native,25509757.787564766,
20669665,aot,46954802.62037037,gas-used mismatch for 0xd64768785c2e81c38c1ca685c8961432c9c363f50a47acf17ee01319e3154c1f: expected 198169 found 81646
20672128,aot,45152777.25742574,gas-used mismatch for 0x69a4340b74cece30532b9df75d033d824d76c4442fcdf6f0da8a7bd775e48a8a: expected 292282 found 206299
20673024,native,3146794.8458498023,
20674743,native,42658854.8,
20671075,aot,23551507.49047619,
20669505,aot,37513282.84761905,
20672527,aot,50963918.28125,
20673588,aot,49112892.527777776,
20672129,native,44488199.56790123,
20669937,aot,49231897.72277228,gas-used mismatch for 0xf94846738e0c8ed521071f944fb70801759b026b06cdd74c684946520225e490: expected 1897097 found 2114648
20671740,aot,32276259.509677418,gas-used mismatch for 0x8e0816ad91aa9e58155541e12e6769daa29a710fa77ac7669369e52b2af90a34: expected 322263 found 95868
20670629,native,31852507.78125,
20672504,aot,44389850.531531535,
20671331,aot,40267377.07692308,gas-used mismatch for 0x40a59a0d3f0d3c4bc4f15fbfd853c620a857e0127d24a28f40f8967451583e67: expected 196985 found 81646
20672575,aot,63198774.825,gas-used mismatch for 0xf77fdedb11ac57e1a11d98815200b3076f316e2e7401b9d05a00cccc470ff482: expected 288276 found 202716
20672144,aot,45465562.80909091,gas-used mismatch for 0xd168892e54afe44d44a3a4ac770096bae3baddb4112d5516447edbf80f24d8ff: expected 354504 found 239760
20673231,aot,20854611.423728812,
20672925,native,38805469.20769231,
20669767,aot,45472737.86486486,
20673346,aot,46866941.87735849,
20674904,native,93783453.53333333,
20672773,aot,29922367.58433735,
20674004,native,59227666.294117644,
20673781,native,20192002.50406504,
20675106,native,59272247.16470588,
20673626,native,27014208.5027027,
20674377,native,42699371.875,
20672223,aot,43989744.89189189,gas-used mismatch for 0x91fa6524381684fc8ae7e617717eda4c2a1ce925d56206fe1f1ae9f5a9b12215: expected 474567 found 245567
20673750,native,48030375.8490566,
20672746,native,39413770.31746032,
20670818,native,41259130.45454545,
20672668,aot,27159163.723756906,
20670996,aot,38098919.22463768,gas-used mismatch for 0x8612cac438d3c650c4edbeea455f93005f7cf63606f3861769e224ed2d5ed17f: expected 580992 found 181038
20672299,aot,47309715.06481481,gas-used mismatch for 0xacb86167acd8c7251eee03489ed2c6b1379ef7e7c0fd583275179842e5cb70b4: expected 843212 found 338416
20670863,native,30906238.49404762,
20669576,aot,51597872.81632653,
20671754,native,64203116.0625,
20674263,aot,84396780.5409836,
20672546,aot,59347163.24705882,
20674095,native,7647269.274725275,
20673982,aot,34316874.27027027,gas-used mismatch for 0xaafcd14136ac4611dace72e5e2a4e909bc0bce4cfcef9a154eea88b1d7885795: expected 418356 found 95868
20672147,native,22861587.70222222,
20672339,aot,54039348.7368421,
20669931,native,51219578.66336634,
20674674,aot,61344181.90588235,
20670196,aot,60090132.83516484,
20674965,native,44885461.73584906,
20672129,aot,43357343.30833333,gas-used mismatch for 0x817dc38aa1ca1c962ec7bb0caef259c810d859dbd2253d1942ce8de251c93078: expected 196055 found 81738
20669666,aot,32263535.061349694,
20674744,native,37109401.5,
20673589,aot,15859861.748387096,gas-used mismatch for 0xef00d0f0cba33cb683e5638052690e2853d8fc60aa164bafd0b9a096e6adae04: expected 467407 found 95880
20669506,aot,15053188.697058823,
20672528,aot,31611833.21153846,
20673025,native,75465280.75,
20672130,native,4508907.361206897,
20673302,native,58462103.979166664,
20669938,aot,32640628.92413793,
20674905,native,25748282.679738563,
20670630,native,34110287.84827586,
20671332,aot,15266322.151785715,
20672505,aot,43472315.5338983,
20671076,aot,64186736.447916664,gas-used mismatch for 0x5bae1b8ac2c09ad817e26e61497f45d3100577d2967eef549bbd431bd62eba13: expected 581624 found 367331
20672145,aot,78319202.18032786,gas-used mismatch for 0x2e0627036802c8bf9cb98489683f31e9b54da0e34024e0104759fbe1a2b83a56: expected 289248 found 223869
20671741,aot,55799272.989583336,
20673347,aot,29245828.779761903,
20669768,aot,27887247.305555556,
20672926,native,43064565.817391306,
20672576,aot,82312701.5409836,gas-used mismatch for 0x32b27c02ac201252d667e927e98c2c06f5e34d8ba1bfb43a13088e7a5c05bc98: expected 297160 found 232280
20673232,aot,67682121.33333333,
20672774,aot,45203970.91891892,gas-used mismatch for 0x3a4ed9cdb2aa94bfb902262ee534ed52d92b2d732640348292f60a72e8507e87: expected 282545 found 153935
20673627,native,36355707.54135338,
20674378,native,31366961.277419355,
20674005,native,44074558.95689655,
20672224,aot,44638803.3963964,
20673782,native,67816730.73333333,
20675107,native,61103818.38271605,
20672747,native,43501723.93518519,
20673751,native,43208316.95652174,
20670864,native,37161701.80487805,
20674264,aot,28693080.448717948,
20669577,aot,28613402.023809522,
20672669,aot,37682673.76923077,
20670819,native,39266695.248,
20672300,aot,31684203.32051282,
20670997,aot,42912808.4,
20671755,native,44616961.49090909,
20672547,aot,61404651.84615385,gas-used mismatch for 0x2b6f03ab7d244712968ff45bc06adbedb0ffc29c695e1471478f9e6e090b24c5: expected 2152437 found 2018949
20673983,aot,49165240.87777778,gas-used mismatch for 0x87eebdc5d5d3c4f8febc470614e3a8d2c91cd67b3a490f9b6eef145ae55c10c0: expected 366007 found 306338
20672340,aot,41524043.644067794,gas-used mismatch for 0x72c39c49891d0e507f978d6b90fda07355cabae39cc4897a7e0ca0b295385502: expected 535274 found 252140
20672148,native,46930554.824074075,
20669932,native,41858923.833333336,
20674096,native,78271358.33333333,
20674675,aot,31760160.056962024,gas-used mismatch for 0x3321cf14a8f38e08c42ef5d4c9959dc2913da6c9b5945569ff606ea4aa53ce8e: expected 1490031 found 1038590
20670197,aot,40659375.39669421,
20674966,native,25097532.651515152,
20669507,aot,75438825.98275863,gas-used mismatch for 0xf58bdf9d42e935da468a97166cea0d29bb899f8301efd70a5039d0faca9c46de: expected 346628 found 95868
20669667,aot,33332273.69032258,gas-used mismatch for 0x16926cc551f50eb4f759022cee00772e505c448367fe38d2942e962c56fb9be9: expected 536304 found 193793
20672529,aot,42354771.96551724,gas-used mismatch for 0x8119dcb6c140bf4cde3d7c269ac6c6fe2a7073315579cd8da83aa86649968740: expected 197848 found 82050
20674745,native,42276432.52892562,
20673031,native,58208509.20512821,
20673026,native,40894511.219512194,
20673590,aot,69021835.93333334,
20669939,aot,40500396.44444445,
20672130,aot,5041813.455403088,
20673303,native,35891318.48344371,
20672131,native,86483366.41666667,
20670631,native,72008792.94366197,
20672506,aot,42223890.93495935,gas-used mismatch for 0x7197b081e48f84535bd5298e9bd01c1e916c6ece94026865b7aaef731db44171: expected 814620 found 876270
20673348,aot,33115616.124183007,gas-used mismatch for 0xca9c9f08ccf7d055f85ff755f0371c088c53da1b250e0a76ed086279a61f1e63: expected 281724 found 95952
20669769,aot,40314441.46341463,
20671077,aot,33061046.79113924,gas-used mismatch for 0xcd79e8dadb029654e9ed25799223075ca8dc646c41296e92a8ddcd677894ee70: expected 447251 found 95928
20672927,native,46350301.12871287,
20672146,aot,39079019.47826087,gas-used mismatch for 0x3afed50699b7f7ba522e0f9f953b33704f8d771c35a7fb9c64b4a7615a1f109e: expected 467395 found 95868
20672577,aot,41065299.728,gas-used mismatch for 0xf7f6e1a81a1a40bc40a993ad0e178edfed27e0078cc32b58f02c67e7c4cece0e: expected 290468 found 206037
20671333,aot,55339313.42,
20673233,aot,33687941.344370864,
20671742,aot,32151495.716763005,
20674379,native,50400316.87368421,
20673628,native,35709440.32167832,
20672775,aot,41734477.6328125,
20674006,native,35561328.85810811,
20673783,native,39330137.31538462,
20672225,aot,73216361.84285714,
20673752,native,30736410.993939392,
20672748,native,36115338.79054054,
20671756,native,42418759.027777776,
20674265,aot,31579305.183544304,
20670820,native,31460747.107594937,
20675108,native,57571459.95698924,
20669578,aot,34305060.90849673,gas-used mismatch for 0x18f3e9f407874c81daf0bbad15b26e672ae984bb944ab64ba3c5adf16a67ddb4: expected 298340 found 208523
20670865,native,56565250.62105263,
20672670,aot,34560054.21935484,
20670998,aot,45902040.77391304,
20672548,aot,36137809.737931035,
20672301,aot,40809226.43571428,gas-used mismatch for 0xa27ed4a38999296b1835852bbf939ab1fa1387c9f4aea57e79246c7d79f0ff0d: expected 305175 found 95880
20673984,aot,28882640.821052633,
20672341,aot,35830374.780141845,
20672149,native,51853941.09375,
20674097,native,30620555.55214724,
20669933,native,16271911.476635514,
20674676,aot,26964907.097297296,
20670198,aot,31529383.946666665,gas-used mismatch for 0x78e0222ff97cee8f1c68445439232a98505375eb3ec4635810850f7cbbc0688a: expected 2367636 found 1306173
20674967,native,32507333.210144926,
20669508,aot,39415914.56,
20669668,aot,37884427.870229006,
20673027,native,53542006.35164835,
20673032,native,52943423.97849462,
20674746,native,48078799.2,
20673591,aot,42138541.02586207,
20672530,aot,16688792.18404908,
20669940,aot,25152773.78,
20673304,native,25879257.90425532,
20672507,aot,34712482.52592593,gas-used mismatch for 0x4e7fe84c4f676f05a5249b3f5266c8971243d562c686ad2ecda3ae7af79a2c68: expected 365767 found 306098
20672132,native,57207079.43181818,
20671078,aot,27482449.641618498,
20672131,aot,84317298.3,
20669770,aot,45164317.78703704,
20673349,aot,28020533.781420764,gas-used mismatch for 0x4b84695b3d925f4344ab18711e5a481a2b8064c5035edabe9ec9ced602d6ba7b: expected 843103 found 338416
20670632,native,17693307.608108107,
20672928,native,57065067.95180723,
20672147,aot,21489039.26609442,
20671743,aot,35275939.383458644,
20672578,aot,41453055.825,
20671334,aot,26557944.74054054,
20673234,aot,45231661.836363636,
20674380,native,24989051.413265307,
20672776,aot,41782377.475,
20673784,native,35414316.29710145,
20673629,native,40426723.73015873,
20672749,native,27066132.18888889,
20674007,native,59203817.08139535,
20672226,aot,39477974.0859375,
20673753,native,24858830.203883495,
20674266,aot,39377447.08730159,gas-used mismatch for 0x008d7a0176c826c3e68ed6220d0da64c9b52b75d0e2c6a9a7bfe42ec7d2cf080: expected 586201 found 322876
20675109,native,31785687.405228756,
20671757,native,43534388.362068966,
20670821,native,53192985.77894737,
20669579,aot,43696517.43362832,
20672671,aot,47762248.54368932,gas-used mismatch for 0x5c19b539d510a0ff48651b23a91b4796ae2ad6e4243cb20ade25cb413a0f7e33: expected 282545 found 153935
20670866,native,44416820.690265484,
20670999,aot,40963847.34710744,gas-used mismatch for 0x1b84a9050b3b7ed7815b4319a2d5ebb5c5dfcb092978f7bd1de8b66acf4633ae: expected 929023 found 917714
20672302,aot,33186902.88,gas-used mismatch for 0x007b95cb5221439d75a84fae8866e89fe64eb4e29171f545c0702240ed6e9bae: expected 391602 found 314766
20672549,aot,33112528.679738563,gas-used mismatch for 0x17f6227260195f025166066caaad034b840564a33c4fbdca714dcd098b57ab2f: expected 1003835 found 540268
20672342,aot,45520583.35643564,gas-used mismatch for 0x76687d81e4c37d149908e0ca9aee414e8741a9dbcffdaa4e09bc37848492aadf: expected 395394 found 96791
20673985,aot,49039948.0,gas-used mismatch for 0x2f50f37471757adafb7822164bdf7eb62d3338555e0d1734849aeaceadf5b8f3: expected 381512 found 252910
20669934,native,64359005.13846154,
20672150,native,31075956.98136646,
20674098,native,65149351.54320987,
20674677,aot,33568805.179487176,gas-used mismatch for 0xc2c4720e3fb4713b0884ce70128d482cdb65445436b7db6bc274840d1228c4ce: expected 463528 found 431024
20670199,aot,4955833.364398882,
20674968,native,37469977.5367647,
20669509,aot,26810290.497409325,
20673028,native,46650965.61,
20673305,native,39852605.63478261,
20673033,native,55875698.87912088,
20673592,aot,25635293.333333332,
20672531,aot,64257337.112676054,
20669669,aot,37605266.365517244,
20669941,aot,46713839.63636363,gas-used mismatch for 0x9e9b72d4340b28d89f8f4e2098190785a831a44471f64d498fe09ca387364aa7: expected 396614 found 276607
20674747,native,50566261.49056604,
20669771,aot,33300027.68874172,
20672133,native,42461209.39669421,
20672132,aot,57531032.222222224,gas-used mismatch for 0x03c07fd41359a4b0ba1d7d6a43ba1fd4e0d0501782b5431f18fa47ee71990f03: expected 199249 found 81738
20672508,aot,40799524.21875,
20670633,native,52133317.29032258,
20671079,aot,55250642.64285714,gas-used mismatch for 0x855405adc489f0c452bbc00a5bbf35948daf63b30a0f53ed64456573a251f4db: expected 1074364 found 481804
20671744,aot,22749673.466666665,
20673350,aot,53810918.67368421,
20672929,native,47133695.2,
20674381,native,36055220.89285714,
20673235,aot,28419620.32222222,
20672579,aot,19738302.555555556,
20671335,aot,4786338.9779346865,
20672777,aot,37936147.7,gas-used mismatch for 0x47f3119163fc124cc7ee835827d9c9c724a4fc0f90e86fa7b8442ef64d30dab5: expected 635307 found 373603
20673785,native,28406765.551136363,
20672148,aot,49263440.2,gas-used mismatch for 0x95ba178b08d579bf2832b59ef07d8f76d0bf3af9e07805c9f82b35fb1ed8bae9: expected 378500 found 319740
20671437,aot,39914306.83898305,
20673630,native,25094085.679802954,
20673754,native,42342502.1981982,
20672227,aot,43534286.00900901,
20674008,native,14259301.077777777,
20674267,aot,40627818.347457625,
20671758,native,38531860.203125,
20675110,native,61829574.06410257,
20670867,native,19239373.5974026,
20671000,aot,35772557.98373984,
20669580,aot,40620410.5,
20670822,native,77326810.6557377,
20672303,aot,53724223.28409091,gas-used mismatch for 0xf41bff03a43a9e1d0056b44ca1a2f10885735b09659b2f2df99d38d240e02c7c: expected 309511 found 53517
20672672,aot,20860631.545833334,
20672550,aot,46356011.84259259,
20672343,aot,29711452.83625731,
20673986,aot,32412161.490066227,
20669935,native,31258226.32051282,
20672151,native,59007789.32098766,
20674099,native,35430971.8,
20674678,aot,41624888.6446281,
20670200,aot,67976221.77333333,gas-used mismatch for 0x3ef97ba8d9d5d139f2b77c2b07e4e1300bd173147162977b36ca1cda3a6c698c: expected 678818 found 643230
20674969,native,30614567.42236025,
20673029,native,35400555.531034485,
20669510,aot,43118425.05833333,
20673593,aot,47487207.123809524,
20673034,native,44864047.652173914,
20669670,aot,35928618.39726027,gas-used mismatch for 0x2652cff3f2ac610b3b2f74e729a48355efdc0c50dcbbb1ffc16c8c65c89d9f68: expected 1309073 found 646201
20672532,aot,33434246.782051284,
20674748,native,37096272.11764706,
20673306,native,45587506.3902439,
20669942,aot,42754277.53968254,
20672133,aot,40631416.84297521,gas-used mismatch for 0x0ffda5b5b5d96df53217d7851546bd9251019455e4c2e413242a0d2642f4d37e: expected 454054 found 95880
20672134,native,14016711.075471697,
20669772,aot,40697941.224,
20672509,aot,37418964.50735294,gas-used mismatch for 0x1c0b62a894286cd073714a301cd7836ba134d9a6fa1468ef90f34c8245e3211c: expected 526288 found 98969
20670634,native,31879358.086956523,
20673351,aot,35915073.566433564,
20673236,aot,40406071.30578513,
20672930,native,42831732.15447155,
20671080,aot,44701120.76422764,
20671745,aot,66726874.913580246,gas-used mismatch for 0x54275f93257425d15549d8154e8e676771b9c48fe44dc81ffb2bcfcfbd9a9c4b: expected 598840 found 389972
20672580,aot,45966894.59130435,gas-used mismatch for 0x06c26f108048f27598d9673b639c1d8c76829b08bc0ba2f1a576a3b60ddfc6cd: expected 264067 found 215878
20674382,native,64910235.5375,
20672149,aot,49068227.425925925,gas-used mismatch for 0x8474d5d4470edbf49bd9d24b9189ba5f90b2be5fe5f8fbb8a5dbdc3b5b0774d0: expected 586550 found 373662
20671438,aot,46194856.238938056,
20672228,aot,35965128.167832166,gas-used mismatch for 0x035176045bed79580e259c26f275fb91000df817aceaf72dc09c83da94b57e65: expected 489664 found 252140
20672778,aot,50411277.74074074,gas-used mismatch for 0x97c3adb07d4bd48687b515541ba2a1bcb0da23fc8ccb542a77c5319dda84222c: expected 281295 found 73891
20673786,native,43281545.56097561,
20673631,native,70035914.15789473,
20671759,native,47851312.08737864,
20674268,aot,35650053.86986301,
20671336,aot,92203518.74545455,
20675111,native,33347649.2875817,
20673755,native,41969572.71428572,
20671001,aot,33434182.75,
20674009,native,66792895.243589744,
20670868,native,28809154.76966292,
20669581,aot,35558937.132867135,gas-used mismatch for 0xa0990503cb46738d766453b25f630045d01d56f9e0231c043eada38638a34e66: expected 286939 found 243246
20672304,aot,45945549.63207547,gas-used mismatch for 0xd13254f07175257515940abd3294fe15d9964c37e3fa7cc9b317466fc82752b0: expected 378189 found 95880
20672551,aot,48249073.49504951,gas-used mismatch for 0x1f02ad06556461fdca173764e59a278df03f21ee78c29066b816292b78508c28: expected 244949 found 191653
20670823,native,29187510.20224719,
20672673,aot,41599347.944,
20673987,aot,47483007.405660376,
20669936,native,40593978.117117114,
20672344,aot,38591573.948529415,
20672152,native,41583233.89430894,
20674100,native,22947279.251184832,
20674679,aot,57122160.34939759,gas-used mismatch for 0xf6749ba12b204cca65e3b3208a124c97864bf7235b246486a6794ef697cc3c42: expected 1564033 found 1618541
20670201,aot,3293309.9888346125,
20674970,native,48692650.81632653,
20673030,native,30585082.260869566,
20669511,aot,16377625.388888888,gas-used mismatch for 0x3368627f24a3b5d9478298d6f15d103dd7ba47b80773029e82f0c3df62f8aa13: expected 255475 found 194156
20673594,aot,29204409.514619883,gas-used mismatch for 0x87eee79ff29492f705c6e69916a58bbd31588fdf48b5daa900b2d6df6859a99f: expected 284103 found 212298
20673035,native,37371295.7368421,
20672533,aot,35633623.52898551,
20669671,aot,44859934.194690265,
20672134,aot,11982142.10576923,
20674749,native,32476529.032258064,
20669943,aot,38172152.53076923,
20672135,native,67819169.83076923,
20673307,native,19714465.094339624,
20673352,aot,30562784.12328767,gas-used mismatch for 0xf8a1482eb861d441110209ad59218d2bb505af19f06408439e88b7c5d40de71f: expected 132703 found 53660
20669773,aot,22731268.935185187,
20670635,native,37270012.917293236,
20672510,aot,40001392.18253968,
20671081,aot,50239362.166666664,gas-used mismatch for 0xc42c1bfd7d3a7c23379efbf9bb7255bd2b44cbd42b1600fd34ea7ebc0826ad1d: expected 838032 found 338404
20671746,aot,34025548.78571428,
20672931,native,35905394.27536232,
20674383,native,54770958.06024096,
20673237,aot,52570172.81904762,gas-used mismatch for 0x029f4ce4dc5a62003238275bf1a50968aa5a3c76db3565b36ec9fa98e3f38c63: expected 450105 found 95868
20672229,aot,33627946.35862069,
20672779,aot,40341077.44166667,
20673787,native,36748243.64661654,
20672150,aot,30803831.21637427,gas-used mismatch for 0x5d7541e3275c7da37f89711a983f6d1ea4d4194834b54b2b6158668362401e88: expected 277745 found 153935
20673756,native,23205667.145,
20673632,native,28319929.119318184,
20671760,native,11782985.011682242,
20671337,aot,17346249.708333332,
20674269,aot,67185285.36,gas-used mismatch for 0x4d2fa237eabf619647da08ffd2e24b1e1e7548c9d9d9cca62013febf9c97bc19: expected 1116256 found 126928
20671002,aot,50738317.4375,
20675112,native,27276640.241935484,
20671439,aot,48341861.80869565,
20674010,native,20268508.128,
20672581,aot,55849541.104761906,
20672305,aot,25080067.984210525,
20672552,aot,36494578.03703704,
20670869,native,80570340.66666667,
20669582,aot,36941388.573426574,
20670824,native,24164248.595238097,
20673988,aot,32814862.66451613,gas-used mismatch for 0x35d49f97ab538a0c7a48e746e02b2b377ff4c9ce9c69f08fc493f8042add9b6b: expected 1376941 found 1210691
20672674,aot,38272115.77536232,
20673265,aot,35550936.33561644,gas-used mismatch for 0x6667205dd10829c90f24e7c9af36c37124eaae93b5cdef7375007740b10a21d0: expected 277318 found 279731
20672345,aot,21414450.527659573,
20672153,native,57547217.05681818,
20674101,native,56160368.81318682,
20674680,aot,34242926.013071895,
20670202,aot,57419906.0989011,gas-used mismatch for 0x23ef530e5cf85e92d4e78878e063dc61b0b83c8b26b656e0055225a7f9b6e10c: expected 101662 found 36062
20674971,native,22274593.52813853,
20669512,aot,58853802.74074074,gas-used mismatch for 0x30153f669444bc6567d1c7535721bf0791d3d53af23155c3f2ded28ab86b2e21: expected 402623 found 96683
20670872,native,31407063.506410256,
20669672,aot,35687626.38095238,gas-used mismatch for 0xf565ceec3642bea8ea538c7923ebe5941059750a80b1bebea494f6be735a85a1: expected 427001 found 376306
20672534,aot,27285320.106741574,
20673595,aot,29279673.040935673,
20673036,native,40402333.424,
20673353,aot,23638457.336585365,
20669944,aot,33816683.7972973,gas-used mismatch for 0x7bf99fb02f499df7c71ee07505fdd772bb954458b4a7d9b440a1c33ccdedbb30: expected 384777 found 95880
20672136,native,31420686.96202532,
20669774,aot,40212838.384,
20674750,native,59283822.1882353,
20672135,aot,68338513.35616438,
20673308,native,50836939.346938774,
20670636,native,39151932.3046875,
20671747,aot,26069893.34408602,
20672511,aot,39058149.109375,
20674384,native,35757900.583333336,
20671082,aot,42919209.08264463,
20672230,aot,44578562.266666666,
20674011,native,25237406.927272726,
20673788,native,32752875.93918919,
20673757,native,42771857.123893805,
20673633,native,38450189.30081301,
20672151,aot,56733749.0,gas-used mismatch for 0x34e3fa3efc46771542188f05fe34d858a6f57999c172802cc605f1407ba85463: expected 382676 found 175222
20673238,aot,41971706.266666666,
20671338,aot,55757120.38372093,gas-used mismatch for 0x3a0d97132d7d9ba69f7685456b32be32c2145e76f6bf554858b7e2198793c9ce: expected 282545 found 153935
20672780,aot,32989308.300653595,
20672932,native,55444843.35164835,
20674270,aot,39130376.68,gas-used mismatch for 0x969ff239b71d7432ceedff5a7451b5cd366e28332d33ad545176629f17226350: expected 200891 found 81738
20672582,aot,17943582.445736434,
20671003,aot,44102283.38095238,gas-used mismatch for 0x992d0095d2608999ca3b1b2647ccda86205f1739952591cdc890a12a1a28f67e: expected 1116780 found 747735
20671761,native,53948941.1368421,
20671440,aot,42751414.0,
20672306,aot,47093189.657142855,
20675113,native,69684113.26666667,
20672553,aot,32953674.393333334,gas-used mismatch for 0xa14cce5687492309e8ad1a8844a31cfa21dfaf69a8fc0098c485d0f9ed402440: expected 378658 found 260636
20669583,aot,36369608.86666667,
20670870,native,44024124.11504425,
20670825,native,47157855.96226415,
20672675,aot,45802344.97169811,
20673989,aot,13929850.08423913,gas-used mismatch for 0xd8793719a7e81b5361f2ead857634e4abcd3401523db16206ecae0b14c1d94be: expected 344607 found 95892
20673266,aot,18585437.28358209,
20672154,native,34747706.81818182,
20672346,aot,61804442.416666664,gas-used mismatch for 0xd02ecd006133a6e4b4b395d3f4e59ecd27c8eeffe87746b312a2ad1555e3a37d: expected 422796 found 302825
20674102,native,49680840.41904762,
20674972,native,29747936.091503266,
20674681,aot,37169411.123188406,
20670203,aot,69773966.71232876,
20669513,aot,24938938.635897435,
20670873,native,33340565.7124183,
20669673,aot,20120505.845528454,
20673596,aot,35388742.88513514,
20673037,native,40950885.976,
20669945,aot,3541345.49930459,
20669775,aot,64979246.2739726,gas-used mismatch for 0xcc62977e528d11c1f455b2f9c25023a632a0ce5a273a4f01e74695479453dd76: expected 369133 found 95868
20673354,aot,18115386.666666668,
20672535,aot,59753559.46236559,
20672137,native,33914302.104575165,
20674751,native,34423378.64827586,
20673309,native,20533911.015810277,
20674385,native,34739870.64335664,
20670637,native,36870657.77205882,
20671748,aot,43858179.08264463,gas-used mismatch for 0x62f784b00eac6505581f15cc56d79a14260f193ac9b84564b75dd0f743a2b8c8: expected 277745 found 153935
20672512,aot,50752167.02857143,gas-used mismatch for 0xfac2a5dd0e1b147508196b771710a5c7b13eb905c7244df5ec9b91a05ed2e7ad: expected 306737 found 236624
20671083,aot,43695770.887931034,gas-used mismatch for 0xae8f2c54f1ea367ee0f6780aa11d735cf4b673d3e256d60cf473cfa38b527c44: expected 377288 found 98969
20672231,aot,50559034.28,
20673789,native,37334810.821428575,
20673634,native,33838745.91390728,
20673239,aot,33163846.666666668,gas-used mismatch for 0x346943424c969216a5d152ef191c757dfa6af36121ede1dbf7bcb12701f283fb: expected 611458 found 325431
20671339,aot,21678984.435684647,gas-used mismatch for 0x6819374b144d36f2a3dd070b318e6f52d326a8caf5095423f4f8d47b67aefb18: expected 1366342 found 882687
20674012,native,69216930.62666667,
20672781,aot,52654235.428571425,gas-used mismatch for 0xf011ca09d82bd197c0c40806acbcc6acc93b34d7ffbbb085911dfe3749ea719b: expected 1140836 found 646526
20672136,aot,33317103.066666666,gas-used mismatch for 0x73051162dbebada3057f0ad54032dc2ff0363a0674d9e6a7349e1c65d84fdc09: expected 1918365 found 774460
20674271,aot,23706116.6559633,
20672933,native,57748173.04651163,
20673758,native,49444893.47619048,
20672152,aot,41401392.56923077,gas-used mismatch for 0x50da2ff7b3f0c41d801f48173e0f6dd9a771458d48aa679a35cd3f28a8f1bd77: expected 352475 found 299053
20671441,aot,36903273.172932334,gas-used mismatch for 0xd5000b48abf6f453ac92c9363b15d2062c3f60f4d5576da45ebf9e47a8f3815a: expected 338604 found 155443
20671004,aot,58588337.0,
20672583,aot,74351139.6,
20673990,aot,52836448.0,gas-used mismatch for 0x7b5818a1a12f38ccb675b4f6a8271e9c63ad8bc0512fcb76b625b380b1f3d1d7: expected 514823 found 514351
20671762,native,63544729.61728395,
20672307,aot,42967637.84297521,
20675114,native,51118739.336842105,
20672554,aot,29340734.14450867,
20669584,aot,18694237.75276753,
20670871,native,40667728.65289256,
20670826,native,33745478.54545455,
20673267,aot,56035063.92222222,
20672676,aot,36445267.571428575,
20672347,aot,42271119.666666664,gas-used mismatch for 0x6c303b8dc814774235e18e897d941edfb4f7cd822a46dc534a656ac2ac9de2c7: expected 427797 found 294939
20672155,native,30316467.219653178,
20674103,native,34019101.10273973,
20674973,native,56090424.823529415,
20674682,aot,24798513.55721393,gas-used mismatch for 0xc33772f7502afa63ad50e87c0d31e4a16884c483cb11bf62234b97a958e2d1f3: expected 261705 found 212298
20670204,aot,27163785.86885246,gas-used mismatch for 0x613174cbf9434c653e5035904f4ea3e1e6cd0a5f9ad4cf34778d791cfed5ff47: expected 439425 found 304403
20669514,aot,72317198.35294117,
20670874,native,47093982.99047619,
20669674,aot,38596202.674074076,
20669776,aot,55546873.18072289,gas-used mismatch for 0x8167f48ead36c54b73ecf993ef95ec554b25af14f531b41b25d3617915da21d7: expected 282545 found 153935
20671749,aot,42048657.913978495,
20673597,aot,38917964.328125,
20672536,aot,22617455.165137615,
20673038,native,34045878.30379747,
20674752,native,43202105.24137931,
20672138,native,59051523.77647059,
20669946,aot,78618510.21538462,gas-used mismatch for 0x50af0929f8dce814936a1a2b0933d686718384cf462d4f7b26822fd252f8e7a6: expected 329698 found 311361
20673355,aot,43166259.952,gas-used mismatch for 0x89f9fd12ef4dcd79a16d71cf7abe6605294eb18ed37a15ab7ada86cdd902f8f0: expected 208027 found 53400
20673310,native,55200489.06666667,
20674386,native,64671136.723684214,
20670638,native,55759963.92222222,
20672513,aot,38095603.5703125,
20671084,aot,30426640.777108435,
20672232,aot,30665639.917721517,
20673240,aot,40232711.10569106,gas-used mismatch for 0xda0951dbb10c17c0302fee1d7f6109cc59cc715a94a13f7f696d45d86d8f06c2: expected 204104 found 81738
20672782,aot,24155096.83838384,gas-used mismatch for 0x7cc5d4ff8cb8beca83c7e4d1e070294b6718cd662f47d3f1c13b938df769a99c: expected 200965 found 81738
20673635,native,37015599.46666667,
20673790,native,49540795.54,
20671340,aot,43987290.58558559,
20674272,aot,46345396.24271844,gas-used mismatch for 0x3a3aab7657bd846cd48f409e0ae513179cd7c63efa7991cde8a1faa4a963f901: expected 585140 found 628073
20671442,aot,36001143.347826086,
20672137,aot,32075840.68125,
20672934,native,46838641.28703704,
20673759,native,48834100.54716981,
20673991,aot,54265639.86813187,gas-used mismatch for 0x5560f4324c8a773a7dd7f45f4d88c74a6ad642819ef35347aaeef9912bb11903: expected 383147 found 207984
20672153,aot,58360415.4,
20671005,aot,37540999.77857143,
20672584,aot,28635845.661111113,
20675187,native,25104935.28717949,
20671763,native,46534836.518518515,
20672555,aot,34206002.54545455,
20675115,native,19824420.643137254,
20672308,aot,49656406.097087376,gas-used mismatch for 0xa31e38424f68751f6a55815d93705b6a3bbf6de01a53c6ceb18ea67f8ed96f5e: expected 327904 found 95880
20670827,native,27996047.51111111,
20669585,aot,53958515.02105263,
20673268,aot,37176267.13970588,gas-used mismatch for 0x65afd4acdb26af30f93320cba3f335dfbeecfb4135b820d94ecadf31a1343c44: expected 536747 found 184484
20674013,native,48249814.11111111,
20672348,aot,17138825.206779663,
20672677,aot,39244142.65,gas-used mismatch for 0x62d947d82bc6caec4c94d3c3b309a0b32c9f5eed7acb0cae284c0e957c32177d: expected 306727 found 236624
20672156,native,38627823.165413536,
20674974,native,32668536.019607842,
20674104,native,48659121.89090909,
20674683,aot,36761902.49285714,gas-used mismatch for 0x4bd36fffd0c1f7302b49bbadfc8b8f5e6fa3750df7649812c84bc83b5b0dee7a: expected 463528 found 431024
20670205,aot,44129519.698275864,
20669515,aot,39324343.56349207,
20672163,native,63756945.723684214,
20669675,aot,37818707.69172932,
20671750,aot,29655155.398809522,
20669777,aot,29324910.184971098,
20673039,native,45322028.52830189,
20673598,aot,51321412.75728156,gas-used mismatch for 0x998a6a6ad894630807305e8c9d2c9dc56cb98016ceec8922ebe8b0c5bb354f5f: expected 354705 found 303938
20674387,native,26936709.61445783,
20672537,aot,43994783.14655172,
20673311,native,32100834.731034484,
20673356,aot,41049058.520325206,gas-used mismatch for 0x1e0791816721c54a77863ff2923bbd13a2d1b5422da84c4f91d534fdfc9f5ef6: expected 281724 found 95952
20669947,aot,38840027.53174603,
20672139,native,53568337.08888889,
20670639,native,38148410.625954196,
20672233,aot,33364275.929078013,
20672514,aot,41301985.923728816,
20671085,aot,70213134.53030303,
20674753,native,45856450.09009009,
20671341,aot,33712283.02898551,gas-used mismatch for 0x7c6cf5da3d8da66e45ddc836f51bfe7c94d58f6b84fcbad6b428f27f639b3a7c: expected 277721 found 153911
20673241,aot,33250200.346666668,
20673636,native,41672804.9826087,
20672585,aot,36159162.99137931,
20673791,native,64550746.82666667,
20672783,aot,29834364.20588235,
20672935,native,10503988.363829788,
20671443,aot,48466058.27184466,gas-used mismatch for 0x9c460f8842ff9d1dccfa86db17d8a96e77949984dac59f2baa2de487f9f489d1: expected 338047 found 254520
20673992,aot,55972345.325581394,gas-used mismatch for 0x89dcfabb5ac572e37526af1ecccade36e3f675ece9aa0df54e1aa178d7bc56d0: expected 626292 found 430008
20672138,aot,57702562.02352941,
20674273,aot,37288751.391608395,
20672154,aot,30336281.381818183,gas-used mismatch for 0x55f4937ce2e51484bf5c5f9b33f63a20c4994c83241f01c80a734bbdedc4ceb0: expected 305131 found 228684
20673760,native,39632906.144,
20671006,aot,30771034.025316454,
20671764,native,14212207.606232295,
20672556,aot,37572687.50381679,
20672309,aot,28261338.213483147,gas-used mismatch for 0x4b907855db8d240a93da3c6c34a60a05d9752318b4945d1ffb349a02ec377569: expected 601287 found 299632
20675188,native,80339260.06557377,
20675116,native,65405570.131578945,
20674976,native,35092388.219858155,
20669586,aot,17824777.62633452,
20673269,aot,15665841.748387096,
20672678,aot,21939213.39013453,
20674014,native,79917735.03174603,
20672349,aot,49813840.66336634,
20672157,native,45996831.62962963,
20674105,native,29538173.366459627,
20674975,native,57457702.47674418,
20674684,aot,53502833.572916664,
20670206,aot,45837167.63963964,
20669516,aot,33032305.18404908,
20672164,native,42147752.832,
20669676,aot,23215470.06976744,
20671751,aot,65970211.0125,gas-used mismatch for 0xc40a3b1f2de81e3c9fab500a4cfa73393d858d1da30ba665d7545c3c2e6a0076: expected 505563 found 319440
20671812,aot,34909059.97058824,
20669778,aot,23463136.8111588,
20673599,aot,30577272.98214286,
20674388,native,21929928.975,
20673040,native,49706658.91818182,
20673253,aot,38413256.926470585,gas-used mismatch for 0x374a5ec58fd0580e4049d8fcee0061c067e6cb06a52ad8a42a06c44b9ebe9e05: expected 321927 found 95880
20669609,aot,22788512.475113124,
20671765,native,48306535.047619045,
20674754,native,35971018.9057971,
20671086,aot,40521840.10569106,
20670640,native,47201247.2962963,
20673357,aot,31799947.918128654,gas-used mismatch for 0x67185cdb95ced4f1fe6d273e5ea1ce0a92c60f3e2b33078e2a7c89538aa99375: expected 185149 found 81810
20669948,aot,38192313.91428571,
20673242,aot,24615730.12755102,
20672234,aot,33802623.1552795,gas-used mismatch for 0x1f0815d71d68f8cc53876a09c3ecf1924f5c4794faaeb8bbb53f01e03e96fd96: expected 355156 found 93757
20673792,native,9913799.61264822,
20672586,aot,7279634.511888112,
20672936,native,30570541.06329114,
20673637,native,62543612.0,
20672784,aot,61228055.638554215,gas-used mismatch for 0x21bcf238bd9550bb28284cf99e29f72165ec11fe50f36711d8b8a14168171534: expected 223642 found 144547
20672310,aot,38162340.7027027,
20672155,aot,29299145.5625,
20671342,aot,58742547.84615385,
20671444,aot,41244991.608333334,
20673993,aot,42414480.06779661,gas-used mismatch for 0xa01bfe55bd59b2dfeac27c21c16bdc36052de2b3fed45a35c1afc7bc76880ae9: expected 386485 found 242026
20674274,aot,33621033.486666664,
20673288,aot,37572798.99206349,gas-used mismatch for 0x74784fb559bd0e5bd1deed8d1524f3db38906eaf98fdd6b129cd4dc9e84d3345: expected 240150 found 127098
20672139,aot,48809813.29245283,
20673761,native,52306980.229166664,
20671007,aot,43560818.18103448,
20672557,aot,47951710.16831683,
20674015,native,3275440.843871975,
20675189,native,37022326.801470585,
20669587,aot,52519890.58064516,gas-used mismatch for 0x491289b6a4ad99a342630cc682adf80704cc1684c06173967c99cb2a80a3523c: expected 911837 found 370129
20675117,native,43747352.73275862,
20673270,aot,43393368.15044248,gas-used mismatch for 0x8bacc1db03e46b19ffed68fe60630a024f913a799b5ca7a163ad797c0dc6c310: expected 5186622 found 4819628
20674977,native,33962419.05960265,
20672679,aot,71111515.9,gas-used mismatch for 0xa6ecc19be0de5e699e68fc600ed2c5a8c8d0218a132d98277ba8c16498b884a4: expected 375532 found 255557
20672350,aot,67202215.7763158,
20672158,native,28172681.62430939,
20674106,native,30567871.583333332,
20669632,aot,34887891.625,gas-used mismatch for 0x810262ce658e5a9f1ae3ea9a362a64cf468f659f2cf6cf815208975731a4b0f8: expected 282545 found 153935
20674685,aot,46738056.79245283,gas-used mismatch for 0xd577626dd83b6e0f746ae6060dde7786551b4ce14c69dc92a4989ac92222d0dc: expected 349192 found 256514
20670207,aot,20878531.77118644,gas-used mismatch for 0xeca276e5319ccbaee75ec5c942dfc8f866d033a8e33dd70efebe0f5289b59239: expected 293523 found 196669
20672165,native,5907549.224242425,
20669517,aot,42671087.991304345,
20669677,aot,36358456.12592593,gas-used mismatch for 0xe8741f7021fd22ba0ff60f54e35c79118acfa3a2815d3fe699afd8bdfff831ad: expected 386892 found 170050
20671752,aot,46043796.97087379,
20673600,aot,12807072.002624672,
20671813,aot,50156479.29,gas-used mismatch for 0x65476503d0c7dcf59fa0d3eb13d82acebaf88724164968ebf7c2275e8c257b9d: expected 629738 found 468573
20669779,aot,45740042.43518519,
20674389,native,38472027.75,
20673041,native,38169120.26153846,
20673254,aot,47474007.504761904,gas-used mismatch for 0x42850e8fe7e75c99f923d000992559bc61faa8bc427c3bfbe17320cc8a12360e: expected 281724 found 95952
20674755,native,39004603.674796745,
20669610,aot,44665777.531531535,gas-used mismatch for 0x2ec687a0fc1b6f798590f727896dcfa49ccad625f246b2b4c2ee31200587e583: expected 311283 found 272200
20671087,aot,56702450.73863637,gas-used mismatch for 0xe0a87b61488104a77b7521635d5a0db872833dcd75113eab50127792ac6dec6a: expected 564376 found 390548
20671766,native,45401289.58558559,
20670641,native,37145640.74074074,
20669949,aot,29010582.058479533,
20673243,aot,60825217.74074074,gas-used mismatch for 0xd39d4000ce37b30fdb64c4e9fbb9b91c3167bad617165f9a8a6ce4c3f950daf4: expected 269278 found 214801
20673793,native,20397189.991836734,
20673358,aot,38356824.54135338,
20672235,aot,55239046.06593407,
20672785,aot,12918981.021052632,
20673638,native,42768518.04310345,
20672160,native,34923288.03546099,
20671445,aot,41393526.44067796,
20673994,aot,48364713.50495049,gas-used mismatch for 0xa6241852adb4e8f3504377eaf3a0c609a7fcd44f24b4a64242af04da9fc5c672: expected 1721080 found 1213710
20672311,aot,42737049.779661015,gas-used mismatch for 0xa8415df6a01e7b9287a612a736b78a38d223a15d1e1788e665aa2b8121a2df27: expected 727368 found 761617
20671531,aot,47854493.77894737,
20671343,aot,34187892.99324324,
20672156,aot,37151998.58741259,gas-used mismatch for 0x036647c504eed7fe608f2d6df23ece19cfd36ac9d664aeab55b3cd521da736d6: expected 325448 found 226974
20673762,native,32589406.20547945,
20674275,aot,51013005.677083336,
20673289,aot,45490273.592920355,
20671008,aot,32660717.02027027,
20672558,aot,32086002.83544304,gas-used mismatch for 0x9a74588210439998c04f5e19c0580d12c51a6ebed8896232ecd5d7e05b7f71da: expected 924340 found 712614
20672587,aot,73375113.65384616,
20675118,native,25658575.773399014,
20674978,native,18068278.90526316,
20673271,aot,38404208.39849624,gas-used mismatch for 0x482e2de84566d9491ed00ee0a483dbf3e1145117a5bec517e8cf615fd77da306: expected 263176 found 196669
20669588,aot,58597448.69318182,gas-used mismatch for 0xb0b1f91c5679f992aefbbb8daf74855f1c74b6d52c9b63e909509af88586272a: expected 668764 found 646130
20675190,native,51779252.81132075,
20674016,native,86451636.13114753,
20672680,aot,8842669.122073578,
20672351,aot,42460994.40869565,gas-used mismatch for 0xda7b53f82819cbdbd972e073051e3b3d1f133103a1b4d0e10fa86fea4c458dc8: expected 194461 found 81750
20669633,aot,28697241.6125,
20672159,native,55090359.8367347,
20674107,native,43075668.75609756,
20674686,aot,23758813.6492891,
20670208,aot,46084158.265486725,
20672166,native,54654844.666666664,
20669518,aot,42048093.09090909,
20669678,aot,27761234.102857143,
20671753,aot,48325495.11,
20673255,aot,33555889.941176474,gas-used mismatch for 0x438efed3785c8232a891afd08e040461efdba6340128fae90ce06b5bd45dd276: expected 288066 found 308087
20671088,aot,27211219.433526013,
20671814,aot,33687715.73287671,
20673042,native,28839863.664772727,
20674756,native,75083132.04615384,
20673244,aot,38687197.575,gas-used mismatch for 0x5945fbbf0a580bbfe612bc57d1aeb8d651e8a3999fe0daec378accc412142d57: expected 354705 found 303938
20669611,aot,63543425.8,
20673601,aot,67973190.93150684,
20669780,aot,53864349.58888889,
20674390,native,55356693.43333333,
20671767,native,34067740.24827586,
20670642,native,29718318.987951808,
20669950,aot,45987117.641509436,
20673359,aot,34389547.35460993,gas-used mismatch for 0x796db7ec40ec6e7e8f3b549bc41d67acd978cf19cf684f5e0d6a1735e7e8dffe: expected 332071 found 95916
20672236,aot,34108631.55319149,
20672161,native,37899980.87804878,
20673639,native,26503694.71270718,
20671344,aot,43367486.92380952,
20674276,aot,28989442.074534163,gas-used mismatch for 0x52f5118e8d8287b88d24a333dc157060c38eb4533f2a92fb8c21e99cc6745cd1: expected 465718 found 95880
20673995,aot,47273177.85436893,
20671446,aot,39282615.712,
20673794,native,80541013.72131148,
20672786,aot,60214966.77108434,gas-used mismatch for 0x625a71d089bafa9888771d42271af86e9d342fcae5bdf20a4183fa65b93f12d8: expected 892951 found 651682
20671532,aot,41406967.720338985,
20672312,aot,32530837.673202615,
20673290,aot,32180779.813333333,
20673763,native,53841946.80645161,
20672559,aot,19094329.352941178,
20671009,aot,36411307.74264706,
20672157,aot,46855739.423728816,gas-used mismatch for 0x42a8645c473aafd2eeda09eaaa5793b10359203eaf3b9a8b4b49f569a64b6277: expected 284238 found 206308
20672588,aot,44464717.27927928,
20675191,native,41288849.08108108,
20673272,aot,56689891.05555555,gas-used mismatch for 0xaf64d2ffb7c3ebb4ea8d38d7be280978b9385c561f9ffd206a7003e28f6040a5: expected 281724 found 95952
20674979,native,46249131.554545455,
20674017,native,45354695.70476191,
20669589,aot,49883383.99029126,gas-used mismatch for 0x791f3088370ff81d3f1dbf4ad5522f2091156e6359dc847e060d2ab2d892414e: expected 269803 found 243210
20675119,native,61860017.54117647,
20672681,aot,57349384.44186047,
20672352,aot,29672917.445086706,
20674108,native,8977208.224358974,
20669634,aot,40464942.0,gas-used mismatch for 0x2a3d1455f863a953b413406334c686147baff991d7db8ae2d3b55f484a60cce6: expected 688282 found 718759
20672163,aot,62617579.802469134,
20674687,aot,42950187.87288135,gas-used mismatch for 0xaae9de205735bcabbd2837a5e87713b4c701f78af9476103b090862e4223ac62: expected 389864 found 389304
20670209,aot,39910798.13740458,
20669519,aot,29767213.054054055,
20672167,native,52648752.35714286,
20671768,native,42239573.7368421,
20671754,aot,58857631.46666667,gas-used mismatch for 0x3198b2967e3f4447c5dbc49bd8bd9ec489cf3ac959fe63078b245eb92ceda5d5: expected 450117 found 95880
20669679,aot,36453731.82692308,
20673256,aot,29064730.410404623,
20670643,native,13478026.598265896,
20673245,aot,16471210.144262295,
20674757,native,31598898.925,
20673602,aot,40033514.99206349,gas-used mismatch for 0xb768ae728108df6ffca3481d95bceaf22cbd9070459a958f94c84ac859a545b3: expected 459626 found 95916
20671089,aot,42417940.55371901,
20671815,aot,41808646.97560976,
20669612,aot,26179178.626262628,
20669781,aot,50882671.514563106,
20669951,aot,59654097.78823529,gas-used mismatch for 0x16ee5e7858878527c9afe2b11057c3fe8eb09b1219833979091f44aa63d3b6b8: expected 205691 found 81738
20673360,aot,20072900.125490196,
20673043,native,70802813.48,
20672162,native,12110930.334916865,
20673640,native,42737596.41441441,
20671533,aot,25365493.86170213,gas-used mismatch for 0x70fbef8cae280bf9be49cad1af8cb6736c7846e33318d1e451342a1044078320: expected 309173 found 237415
20672237,aot,61787840.666666664,gas-used mismatch for 0x666d84f5cee4262ff676f3673f43fe365575d457ea886a89d72e4a8848991e7a: expected 581786 found 373698
20674391,native,77112834.8235294,
20671345,aot,43952657.79130435,gas-used mismatch for 0xc552fb9122d419eff0bfab87b58b6e0678133956a18b90b0cae8652d02bdf102: expected 394111 found 95904
20673996,aot,29641174.482352942,
20672787,aot,21081419.911764707,
20672313,aot,12011554.502403846,
20674277,aot,34494792.02666666,
20673795,native,51918905.64210527,
20671447,aot,44172673.43965517,
20673291,aot,44088647.069565214,
20672158,aot,24838866.835897435,
20672560,aot,62892849.425,
20673764,native,41388962.88970588,
20675192,native,15817695.958199358,
20672589,aot,30476568.5,
20673273,aot,14615338.663690476,
20671010,aot,47555769.23728813,gas-used mismatch for 0x71062cfea36c4a2f7085a4daabb27a1978c4e73bc86755937017c3eb1749d327: expected 303530 found 268370
20674018,native,22051626.349775784,
20669590,aot,30389311.695652176,
20675120,native,11724197.782082325,
20674980,native,48171798.126213595,
20672682,aot,47216783.91262136,
20672353,aot,29816044.34437086,
20674109,native,72336591.96666667,
20669635,aot,33821923.13740458,gas-used mismatch for 0x9664f88519b9f1e7f984a6d23e3a05da15fb7b0f6ed0cf7911c02892dc7cb95b: expected 149866 found 77336
20672164,aot,36969045.218045115,gas-used mismatch for 0x633413e5055cb8ffdb0269394007138f471f9ef55dda111db2800fe0f4c40825: expected 376403 found 317643
20674688,aot,62725087.4125,gas-used mismatch for 0xf60e3cf62284cc2fd911f5bdab21150f9b7132bd1a7af0a9b4979dc74a09915b: expected 933258 found 491503
20670210,aot,31420170.746835444,
20669520,aot,42007191.05833333,gas-used mismatch for 0x4159e1d982f22b31dd3121ce4fb42c5c6722406da5c6cae4546b71d5c722776c: expected 257429 found 238235
20669680,aot,47461554.21978022,gas-used mismatch for 0x756d8b25b1b03413c8fc865ef19714d2681f3cbd05dd261e2965676f377933e8: expected 485414 found 250821
20672168,native,47289913.54285714,
20674758,native,53879561.9625,
20671755,aot,44759864.881355934,
20673257,aot,23268444.286363635,gas-used mismatch for 0x328dd5e2b7eeae2a2e03a867ec0d4131f66d89abf5f16523a647a4233ebb6593: expected 277745 found 153935
20671769,native,58346676.54736842,
20671816,aot,45176938.85454545,gas-used mismatch for 0x685e1a13de6930ca79e22877021143e113b8523d66cbbe809bdd332e1c9bf977: expected 255674 found 238201
20671090,aot,28555200.84659091,
20669613,aot,53645528.49462365,gas-used mismatch for 0xc7f42f099e0338721e1583565c07dd924ccc8ec9ef0df2602db36e6d3b2d2472: expected 360163 found 317162
20670644,native,69114965.26666667,
20669952,aot,26805468.870967742,
20673246,aot,51645872.72,
20669782,aot,34420219.19863014,
20673603,aot,50211770.277777776,
20671534,aot,48178555.05,
20672238,aot,49682282.09375,
20675140,native,76212549.34920634,
20673641,native,41650358.38333333,
20671346,aot,36445512.917293236,
20673361,aot,32504396.779141106,
20674278,aot,40689112.23275862,gas-used mismatch for 0x9f9d432ed1f77c946a2247e8268d3bdf315c6f94cffba42d6129db9ef3d8cfa3: expected 310580 found 95880
20674392,native,39285022.615384616,
20672788,aot,34607200.06164384,gas-used mismatch for 0x2b6dff036b05de7e8ef4e4ca9c42d14ff9cd6e656da223b4569176f18003dd51: expected 365628 found 322625
20673997,aot,41099560.368,gas-used mismatch for 0xc6ef68a0997ae63b02b49c9fd2e3f1a05fa392066191e9ea0db5124555d7a388: expected 418368 found 95880
20673044,native,57981250.795698926,
20672314,aot,49872917.0990099,
20671448,aot,32174728.348387096,
20673292,aot,36442804.17391305,
20672561,aot,39946134.84297521,
20673796,native,75555019.51428571,
20672159,aot,49907795.1509434,gas-used mismatch for 0xef27acd1454d1a3f97d015217355b683f0a1dcb47bf15d43a12fc28f8a88bdea: expected 667119 found 97408
20673765,native,50554723.13,
20672590,aot,82028280.37704918,gas-used mismatch for 0xd829b05c2821adbe17095355b6010f0a84193bd6d2d183a95eb31c60b1265e31: expected 218934 found 144535
20673274,aot,53056789.708333336,gas-used mismatch for 0xd849211f44e856a2814e5f3f3c71eadf62a9a102fded4f8eae61848397316bd2: expected 327668 found 95868
20675193,native,57297539.35555556,
20671011,aot,32403058.279503107,
20674981,native,38290041.2,
20675121,native,48562647.18867925,
20669591,aot,32689291.378881987,
20674019,native,47840598.21818182,
20669636,aot,30452761.677419353,
20672354,aot,56375345.12222222,
20672683,aot,47264886.59090909,
20674110,native,67736407.12820514,
20672165,aot,5834547.965753425,
20674689,aot,48817005.95283019,
20670211,aot,37794899.96376812,
20669521,aot,56153943.77906977,
20672169,native,31226304.044871796,
20669681,aot,35637838.36296296,
20674759,native,25388500.020408165,
20671756,aot,38770954.859375,gas-used mismatch for 0xd912a33a525ff6e97a5a6528f60295a133328b0be2df33cf10ecf0e969fdfb58: expected 308012 found 237977
20671817,aot,16023776.514376996,
20671770,native,32368756.07843137,
20671091,aot,22461423.97285068,
20670645,native,42413017.07964602,
20675141,native,33934384.348148145,
20673258,aot,38600369.7890625,
20669614,aot,27103865.579234973,
20669953,aot,43515796.0173913,
20673604,aot,9577358.320754716,
20669783,aot,36094070.27536232,
20671347,aot,44237361.873873875,gas-used mismatch for 0xa35d25a46812edc79e1eda4af821e13e22d11978d0a1d5d07ffdca343b4797bc: expected 378265 found 95868
20674279,aot,32412599.175675675,
20671535,aot,43529885.91304348,
20673642,native,48471391.69306931,
20674393,native,36783348.32824428,
20673247,aot,60619124.54216868,
20672239,aot,39120270.86259542,
20673998,aot,28734090.53529412,
20671449,aot,44040879.65765766,
20672315,aot,72873529.81538461,gas-used mismatch for 0x9a751bf204c5abd5d3f4b7ac57f6e4bafff5f9c730ad63e02e11e568181be567: expected 269258 found 214801
20673362,aot,52732978.78571428,
20672789,aot,52536451.6,
20673797,native,62805564.67605634,
20672160,aot,32144384.366013072,gas-used mismatch for 0x7c389faef852aff24fc8eb2d6aae2c48626ba94df6321f323239f89053a7d235: expected 375186 found 315270
20673293,aot,33041816.044303797,gas-used mismatch for 0x37b0dccc26c7f42a227f5dd81653abe2cad83d392b97266820d152f4a9e60b76: expected 643051 found 117573
20673259,aot,59477950.5,gas-used mismatch for 0x576e116902e15974d605f978042f9585b2a84d01f164aac86692f3dcf97c39c2: expected 281724 found 95952
20673045,native,48624043.37190083,
20673275,aot,34621948.78571428,
20672591,aot,27472238.237837836,
20673766,native,38069359.13768116,
20674982,native,21172043.491525423,
20669592,aot,36645739.69924812,
20675194,native,60584049.072289154,
20671012,aot,58392642.14117647,
20674020,native,68296160.01369864,
20675122,native,64659229.12820513,
20672355,aot,27483977.95,
20672684,aot,32555575.271523178,
20669637,aot,52324795.84375,gas-used mismatch for 0x15f8d47997609abcf37b39419a9ef19584b3ed3a01b094836fbd7705d0511aba: expected 587242 found 131937
20674111,native,21539461.644444443,
20672166,aot,51013629.22448979,gas-used mismatch for 0x20caf3c8d42562914d1c9a0769b204d2200d32b569ba3232a47ddb2fe31bb667: expected 567093 found 277647
20674690,aot,13118341.808450704,gas-used mismatch for 0x724fe053ff7ac89722cad764bde963400cee6d7ccd0af64da3a802c6a3b38ab9: expected 1238331 found 1118916
20670212,aot,59123945.435294114,gas-used mismatch for 0x1873cd069a303c42cf4ec1bbdcb5d0e0b4e631ee8b70d6f7c0fe94fa9654c83a: expected 375817 found 302320
20669522,aot,31068041.34117647,
20669682,aot,40551398.84375,gas-used mismatch for 0xae179ca46d9ef5c95356df61b438d9c938a87ab6bf1ea57447b287c65217f48f: expected 1000040 found 236719
20672170,native,56268372.68,
20671757,aot,42792360.881355934,
20674760,native,47660667.37962963,
20671771,native,27288877.16580311,
20670646,native,48511978.96296296,
20669843,aot,38578850.02962963,
20671092,aot,53505966.760416664,
20675142,native,43953554.075,
20673260,aot,41197622.48421053,gas-used mismatch for 0xc97f96dbdb0f56354ad4a44cfa6e91eedfe02aade1f4537b55e02f1f76d36535: expected 205691 found 81738
20669615,aot,43584188.29268292,
20672240,aot,19775259.443137255,
20669954,aot,34241840.522580646,gas-used mismatch for 0x74ef110517a6b54bbe7e325c431f41ba7472f31eef39caf02528c903d00c8f8e: expected 465687 found 132687
20673248,aot,31730842.55900621,gas-used mismatch for 0xfd9740acee16570029cf27e8ce20ebf0776fb3dbe276075606cd123b6672805e: expected 293046 found 95952
20674280,aot,40528438.907692306,gas-used mismatch for 0xab3007d59b85c3e1de8bdb0e4656495e6cc56ec5221e83b12568e4176bb50089: expected 292892 found 87863
20671348,aot,12551957.114485981,
20673363,aot,24615886.696969695,
20671818,aot,62898889.40909091,
20671536,aot,43835859.10743801,
20673999,aot,49801996.475728154,gas-used mismatch for 0x20be37e079ecc2fdfc2f7de730304291d9cbc8d517c41d1e16ded0fa4c0df5b8: expected 408764 found 95892
20673643,native,30656784.303370785,
20672790,aot,49396256.089108914,gas-used mismatch for 0x7ff913922e1e772095c40ed6d9b5738622c814c90af7ff42c544ce23116d0f16: expected 281295 found 73891
20673605,aot,66293153.125,
20669784,aot,37997995.95333333,gas-used mismatch for 0x3cdfdbad69f1f69d29f11d5b0f8b169e57357155695cb9aaecdc74538f94cb53: expected 913837 found 387229
20671450,aot,13751350.63402062,
20672316,aot,33154987.217391305,
20674394,native,59126369.322916664,
20672161,aot,38606018.97037037,
20673294,aot,31247375.726190478,gas-used mismatch for 0x5edce8debd91538e8fc6e55718dd0099077b7aba3fe0bf6ff9b9fc68ce67245e: expected 281700 found 95928
20673798,native,89643033.06557377,
20673046,native,37086204.56521739,
20673276,aot,28805861.922222223,
20672592,aot,54879697.29032258,
20673767,native,23483284.559633028,
20671013,aot,11949.80921303791,
20675123,native,27220517.125,
20674983,native,28201717.972677596,
20675195,native,52009720.82,
20674021,native,33643569.67549669,
20669593,aot,29631773.03314917,gas-used mismatch for 0x4fe88b422834117844b5979c95f8d44399cd9ecdb8171d24c9ca5b5dae6f6709: expected 1205779 found 1104494
20669638,aot,22967179.129807692,gas-used mismatch for 0x9195ff1556489c3c3866b332a325b639a25ee03f9b3b506ed7857a0d0a4d15b1: expected 286819 found 243126
20672356,aot,53489802.10752688,gas-used mismatch for 0x9cdc3744ca35ad0e0549d92bb8fb5318a7d34fc22dd23f1ef0964a7f15ef4f56: expected 338059 found 254532
20672685,aot,38999388.496296294,
20674112,native,25162608.35,
20672167,aot,49118885.684210524,gas-used mismatch for 0xd1fa6ff73077b952423cc1ca8c930c069fb8b6d2ef76c6aa7b3a0bb0aab46bc1: expected 349322 found 349012
20674691,aot,55502324.744444445,gas-used mismatch for 0xa10f1a0bc8e2da35cbc958d62c7a77e8f132205becc9b0caf8b280f63e01a4ba: expected 463528 found 431024
20670213,aot,26593605.010526314,
20669523,aot,29214990.410714287,
20669683,aot,41542774.04237288,
20672171,native,32511841.59006211,
20674761,native,41504766.784,
20671758,aot,40696067.28571428,
20673261,aot,21018693.092436973,
20671093,aot,50574762.10204082,gas-used mismatch for 0xe0e099d5f2560122d37d226791105f70b909ef7e2f0c8705020382daa5edf451: expected 323570 found 95868
20672241,aot,55191631.5375,
20669844,aot,42306942.5785124,
20675143,native,40369010.0859375,
20670647,native,20711725.896153845,
20669955,aot,17271393.843333334,
20671772,native,52094503.281553395,
20673249,aot,42346217.00833333,gas-used mismatch for 0x97c258d0ca7295cacc9ecad5cb60bbfb537927955357247c26b9aed586682b50: expected 1091240 found 764791
20674000,aot,38028240.29770993,gas-used mismatch for 0x34efa0c3af7b6bd51d3338a2107b46e64f6d180c15d83eb9d49dd7f872bdf15a: expected 402875 found 95892
20669616,aot,43798527.04237288,
20672317,aot,36432692.54198473,gas-used mismatch for 0xfbd0012b4bb486412dfc1ecea95704ba1633367f5855159c4e56c577ae4693e6: expected 843212 found 338416
20673606,aot,32665223.620915033,
20671819,aot,45608579.0,
20673364,aot,47576877.0754717,
20674281,aot,40686116.41538461,
20671537,aot,49132693.943396226,gas-used mismatch for 0xbc016c8f4a8727ff314a9226196ff5f602281086dc034872119b9a94f0fe9ea8: expected 422479 found 134258
20672791,aot,33603288.2745098,
20669785,aot,39631343.847328246,gas-used mismatch for 0xd2c34878554651219521b042d795e416cb09014f1bba3b79edec3744548f735f: expected 1526047 found 1629222
20673644,native,35648337.21192053,
20671349,aot,84279370.8923077,gas-used mismatch for 0x7ecc57e3848c78f492d258eb2cd7e0a3b322b2addeebb09487c596eb3a0a5b3e: expected 1613226 found 941795
20673295,aot,33741982.63333333,gas-used mismatch for 0x65c566225417da3fc6bcee35398b9700da43711a4de7a4d96f0bcb3cd7feffd7: expected 201108 found 81738
20671451,aot,61553002.129411764,
20673277,aot,60315209.42307692,gas-used mismatch for 0x19202a7562e97856361a1315fff4d87777ee784c1d365b9e2e99e7316a35ec05: expected 843103 found 338416
20672162,aot,11195544.774468085,
20674395,native,57007357.739583336,
20673799,native,88895323.9137931,
20673047,native,34810542.92903226,
20672593,aot,17808642.216949154,
20673768,native,49282336.5754717,
20675124,native,49741914.981132075,
20674022,native,40617744.146341465,
20674984,native,49156243.43518519,
20675196,native,20917465.18359375,
20669594,aot,47066013.55855856,gas-used mismatch for 0xe7bafdb33101ff948e61a9294bc8c72e211a73a997dae5404faab57b0705902b: expected 282545 found 153935
20671014,aot,81750013.34848484,
20672686,aot,17478284.552447554,
20672357,aot,46542190.783783786,
20669639,aot,63484694.21686747,
20672168,aot,43986700.584745765,gas-used mismatch for 0x0e14b74a4e46dac5ad1e500a57b61a6de21378b44992c4483a5c6a101d3021bc: expected 578503 found 332230
20674113,native,76691796.06060606,
20674692,aot,41992126.4137931,
20669524,aot,21647609.386666667,
20670214,aot,51544619.93877551,
20669684,aot,26015387.278688524,
20672172,native,5462316.77636153,
20671759,aot,43688772.872727275,gas-used mismatch for 0xbf42e0179226881e179fe08505d09ed5cb2bd7e535b8c8ab37b6c428edcf849c: expected 414658 found 163959
20674762,native,55391509.17045455,
20670648,native,40751330.885714285,
20673262,aot,53548522.48421053,
20671094,aot,40151344.3671875,
20675144,native,41329121.44166667,
20672242,aot,66801905.76,
20671773,native,31748808.903225806,
20669845,aot,45974122.069565214,gas-used mismatch for 0xa07807e590c5e162e1a078c46d7ebd6ffef4b5e686871a78dac6785df90fed55: expected 453473 found 329832
20673607,aot,26818304.198895026,
20669956,aot,64938444.42666667,
20671820,aot,38573765.59375,gas-used mismatch for 0x56e09abb35ff12271fdb38ff8a23e4d4a7396844426a94c4d3af2e8b7a0a2813: expected 5018350 found 1182728
20673250,aot,36181626.5319149,gas-used mismatch for 0x3a02c0cb78540f559edddc36da6daa511bcb4b477c6b1ec7e58ce6ab40931346: expected 1123031 found 825016
20669617,aot,36464118.492753625,
20674001,aot,55307477.63333333,
20672792,aot,31684074.935897436,gas-used mismatch for 0xf10556a34b27325f1914803df4275b0f8b5a9acb3d5bdba6a5c7eb8c0096c76a: expected 439881 found 98969
20671538,aot,43057381.63478261,gas-used mismatch for 0x6df9a00cd2bb8ec244cddc690f91c1fe76f9405a606ff4d3698e4acdf2e43d29: expected 386072 found 95868
20672318,aot,52286822.947916664,gas-used mismatch for 0x886a2647ae80a3dd42ff6d1c9d85f78e6a4602905876ae031f122314a0b27cb7: expected 315825 found 142166
20674282,aot,21827521.584033612,
20673365,aot,29178482.333333332,gas-used mismatch for 0xa3816bfe6ae77b02afe74bcb876f9d5ef7b35319aee0207f4cac05cd45a1c1a7: expected 187025 found 81810
20669786,aot,44802412.43362832,
20673645,native,25946896.92820513,
20671350,aot,20947023.580508474,
20674396,native,31146498.884615384,
20673296,aot,31679275.506329115,
20671452,aot,44072085.860869564,
20673278,aot,38892790.8515625,
20672703,aot,44443166.63559322,
20674023,native,53681914.641975306,
20673048,native,55080903.0,
20673800,native,82823310.19672132,
20673769,native,48613945.59405941,
20675197,native,29894301.725,
20675125,native,36320768.65942029,
20672594,aot,65690439.921052635,gas-used mismatch for 0x1f9c37c5cf482cd8309ee0528b2e2609c9d776525226f0b6c2812cae262b5a28: expected 624899 found 154311
20674985,native,30960199.02484472,
20671015,aot,46700378.74074074,gas-used mismatch for 0x2278ad8e3b976e57a77b8e1f4bef088d0c159c23e44bdcff90c72f1b39d53fce: expected 191520 found 81750
20669595,aot,12913159.074162679,
20672687,aot,33838607.08108108,gas-used mismatch for 0x7d4e3900f5c38c1cc4c82e34aab5a0f8174012888fa9598e2eccbd9865379b90: expected 282545 found 153935
20669640,aot,60292857.03703704,
20672358,aot,28949532.585227273,
20672169,aot,29250293.576470587,gas-used mismatch for 0xae27d0f063bcd5f1545ddf68096d95bbd8cdb9c581e682fab10989d07bcd6b55: expected 394168 found 285044
20674114,native,32548386.891566265,
20674693,aot,40774277.71818182,gas-used mismatch for 0x018f66d7fdeaf7e640b5b7b8e696e54cb398f62d28f9d97c94a5f1db075f7178: expected 282533 found 153923
20670215,aot,25336521.92929293,
20669525,aot,42390411.81818182,
20669685,aot,23386763.096330274,gas-used mismatch for 0x444c5dbfd306d490878f3fd33d0939fd03ff32a58e17ef2bd2ef87157505e36f: expected 263229 found 196669
20672173,native,73611919.92957747,
20671760,aot,11773092.60798122,
20674763,native,30188553.472727273,
20673263,aot,30884047.26875,
20670649,native,65795331.333333336,
20675145,native,41865179.40833333,
20671821,aot,41317691.72173913,gas-used mismatch for 0xc729903c404dbf867cce7e41742ce7dc999e58a9ef1d0464119c7e96dc6fb3a3: expected 391902 found 314886
20672243,aot,43537831.87931035,gas-used mismatch for 0xaab2bf6f151698a2425f0f952af921a04b5d581daae1fef8b54485417f6a16e1: expected 407438 found 287536
20673251,aot,42641429.80869565,
20674002,aot,20326118.589211617,
20673608,aot,53800881.85263158,gas-used mismatch for 0x958dc77b48c0d1cff379e016e5f3b5501732da557f0f8d6af243ec74bd994360: expected 266951 found 219661
20671774,native,73238907.55714285,
20671539,aot,44719375.265486725,
20673646,native,24920743.12953368,
20669618,aot,45903668.522522524,
20669957,aot,29876943.67777778,
20673366,aot,33635061.05405405,
20671095,aot,69201584.87951808,gas-used mismatch for 0x1e8368becf8d7b4da0a14009a0b433e125406a263a030135035c70bdccb0e607: expected 189878 found 81750
20672319,aot,26231871.734693877,
20672793,aot,35061430.446666665,gas-used mismatch for 0x5fb3c9927c6485de131799644c44ca5e15ff219f166a6f9bb01ab1b1d9e0aa9e: expected 190843 found 81774
20669787,aot,39767321.02439024,
20669846,aot,43629287.936,
20674283,aot,73414657.42857143,gas-used mismatch for 0xcffc201f3151ef922f4883693a0a35b65b841a080256d18e31b829e494cfc54b: expected 888883 found 442152
20673297,aot,32238173.52,
20673279,aot,35319513.74074074,
20671453,aot,37450645.26923077,
20674397,native,37423781.822222225,
20671351,aot,55348553.55789474,
20674024,native,49809065.54945055,
20672704,aot,49801375.06363636,
20675126,native,4521844.070093458,
20672595,aot,8856305.693430657,
20673801,native,17757211.247349825,
20673770,native,60328722.28395062,
20674986,native,49714360.072916664,
20669596,aot,11493134.56880734,
20671016,aot,54107324.615384616,gas-used mismatch for 0x14c78a63d00ebcf6d81c3490f73d8c4e2bb4db7e060a24315e057a900c787b08: expected 438320 found 96727
20675198,native,72566783.27941176,
20673049,native,29115825.397790056,
20672359,aot,20490477.099585064,
20672688,aot,69385368.1,
20672170,aot,47480477.14563107,gas-used mismatch for 0x0c8b08a7c9287297e9f7ec1de91740af808ca5b96fa68502d9caca6731abf178: expected 488282 found 353148
20669641,aot,53802111.96774194,gas-used mismatch for 0x37242b16551eb94b09ee6b02c7902d8f06e4584ff7f0b05af0ed83d5bd505c7b: expected 277745 found 153935
20674694,aot,37766591.74814815,
20674115,native,74424698.27142857,
20670216,aot,41088824.69105691,
20669526,aot,41508337.31666667,gas-used mismatch for 0x732dae8071bbfa8a9ad3c4decbee5c0e65bfe782377a32416d5f8123e6dc378f: expected 1201039 found 37833
20669686,aot,23646043.379807692,
20672174,native,40770822.47154471,
20671761,aot,51144991.7311828,
20674764,native,35597739.89510489,
20675146,native,4877321.776649746,
20670650,native,32509666.701986756,
20673609,aot,44446272.43564356,gas-used mismatch for 0x6e3ab1d1a44035ff9f2bf1e8b31e90baf16092e4c94e93a184da7a16d3f31b2d: expected 304484 found 234888
20673264,aot,59652654.16470588,gas-used mismatch for 0xe1025ceb15260f9ea5abe6182a939c4a4f4563950e94466dc09175acafd83a84: expected 281724 found 95952
20671822,aot,29730916.851190478,
20674003,aot,16027182.837662337,gas-used mismatch for 0xce99ada5530f028f74bf57c648578c78a02f50dba7037641f7cd9df1f4cb1d7e: expected 201096 found 81726
20672244,aot,41779279.18699187,gas-used mismatch for 0xb7c864ab1598df4306b842040fef89fea3527f529679c05c8832f7fc5f9c9562: expected 253961 found 209785
20671540,aot,3731459.4373088684,
20673252,aot,34423522.81456953,gas-used mismatch for 0x3174da23985ca8bd77cf5317c99a99ed501a541bea4cafc7611dddb63e56188c: expected 586752 found 346212
20672794,aot,46146595.571428575,gas-used mismatch for 0xb2ae88755ea5d5eb2d5d37edc06904d804a8acaa55d106e40b6c3ec47f1920be: expected 284674 found 153935
20673367,aot,35851010.562962964,
20669958,aot,30463934.406060606,
20669619,aot,42761450.11016949,gas-used mismatch for 0x750efeb073bd7bf9b5bf1575459fffbe1fd6f0c693ff836b01be47ef6bb26967: expected 478092 found 92356
20671775,native,31626316.421686746,
20673647,native,34899226.46853147,
20671096,aot,48219842.027777776,gas-used mismatch for 0x3ca6b86095dc26726f4b640b3b506c8ddec38a922d725d60ac5d1357501ac658: expected 5548501 found 1797861
20673298,aot,32061103.365384616,
20674284,aot,15877272.815151514,
20672320,aot,26957459.438423645,
20669788,aot,62824688.98795181,
20674398,native,46188877.44144144,
20673280,aot,28365011.010471202,
20669847,aot,55565698.53684211,
20674987,native,12128065.47875354,
20671454,aot,50508218.64545455,gas-used mismatch for 0x0eb106b343b4967339d990e286fabf0fc2d290a63dbba6ee262d48d60bb7f444: expected 260636 found 196669
20671352,aot,30314340.96236559,
20675127,native,42101067.68103448,
20674025,native,40922501.809523806,
20675199,native,34555442.35114504,
20671017,aot,33172350.46,gas-used mismatch for 0xa494d13f94282fc5d64419891fe41a3f02085bcd8f985f861559a5361e388d44: expected 196308 found 81738
20672705,aot,60078178.72727273,
20672596,aot,60764712.511627905,gas-used mismatch for 0xbf75f4a522e66cd75fc571f6b8739c10bc073d027003b2744550e3664f358b60: expected 144011 found 77452
20673771,native,38265493.74264706,
20672689,aot,38482827.646153845,gas-used mismatch for 0x2d5eff515ae668ebeab51a50f133ed25c3847d74ab49e940d0650daeee3bda80: expected 311612 found 95880
20673802,native,87634179.4262295,
20669597,aot,71259993.87142856,
20673050,native,46475180.265486725,
20672171,aot,29749479.227272727,gas-used mismatch for 0x94f74d34a037e0ac121ced7d21977323a0d39106a7918945621b54220fb78220: expected 289474 found 153935
20672360,aot,66343402.87179487,
20669642,aot,45978621.13513514,
20674695,aot,34774397.72027972,gas-used mismatch for 0xf979e148e6249e297161e7563294be1a0238bc984a6b11cc0c1e1dda613f4668: expected 277733 found 153923
20674116,native,51604400.683168314,
20669527,aot,39744610.26446281,
20669687,aot,48392522.281553395,gas-used mismatch for 0xcd32747ee6e8b0bcc2225899788be71a8fbfdbcb15fc3ae16fe0d6f1b4e5afa2: expected 308330 found 268370
20670217,aot,27863048.87978142,
20672175,native,25704647.313131314,
20671762,aot,59854871.578313254,
20674765,native,60519124.506172836,
20671038,aot,34023677.03571428,
20673610,aot,29784481.70588235,
20670651,native,49731130.38834952,
20671823,aot,7533494.726618705,
20675147,native,72165372.12676056,
20674004,aot,59194668.17045455,gas-used mismatch for 0xbbcc3a474e3cdef11e10c99033675e0d4f06d99d8a550bbb9188a4dc35fb3d2b: expected 366809 found 130590
20672795,aot,28716521.59090909,
20671541,aot,64397474.725,gas-used mismatch for 0xc7b574fe65d7fa57f421c9ff1d72b29da6dfb6b577407146cc36f4a1e8a5a9a6: expected 305408 found 234866
20671390,aot,49681047.485436894,
20673299,aot,21520097.627802692,
20672245,aot,41427453.4,
20669620,aot,17856519.996503495,gas-used mismatch for 0x6563f9cfd47aec2255b211f491433e1748bd76ced608a1fbde459d7ef91c29d6: expected 268026 found 214791
20669959,aot,51157410.84,
20673368,aot,32975176.85625,
20671776,native,42764945.09756097,
20671097,aot,14484468.410326088,
20672321,aot,77037276.63636364,gas-used mismatch for 0x03019e9a299d758a71f01ca0315e01115414029a9861ac26a9ec2f502f8b51b3: expected 810511 found 505832
20673648,native,71962288.42857143,
20674988,native,39410868.26271187,
20673281,aot,43926131.32173913,gas-used mismatch for 0x8c57f2a23abd9b48712beab47c299c407c06dad72c445cfa4e52a0154225ed84: expected 277733 found 153923
20669848,aot,18623971.112727273,
20669789,aot,46616078.12068965,
20674399,native,35803453.64666667,
20674285,aot,82368301.39393939,
20674026,native,36316855.02941176,
20671455,aot,44174122.408,gas-used mismatch for 0xb9bf4bf43353b64ab25187b2843f54c28ebdc65eb318f8c81c152f59e5c01d08: expected 196985 found 81646
20675128,native,73090980.29230769,
20671018,aot,37662133.91538461,gas-used mismatch for 0xe49461e9a1689210ff66476c5a4c41916bc300d11a93addf4b506acd26a9e128: expected 484331 found 483869
20675200,native,63421558.4125,
20672706,aot,48239668.571428575,gas-used mismatch for 0xa4b155f2789bf1b9f8e0ce0beecfe2c4cda1b3232481026aa721cd3f6ef45f25: expected 381119 found 376449
20672597,aot,35590351.61702128,
20673772,native,29718548.643274855,
20671353,aot,70325876.3076923,
20669598,aot,41890803.78761062,
20672172,aot,5274495.53304442,gas-used mismatch for 0x1b0682db2772a0e31e4d414c2cd00caa7cfb268c19cfe7ad29906fca9d79a8f7: expected 313059 found 254532
20673803,native,84163213.13793103,
20672690,aot,50315643.1980198,
20673051,native,48920147.989473686,
20672361,aot,26650893.16129032,
20669643,aot,45408579.15873016,gas-used mismatch for 0x4682217685d30500f1251eefad944ee91ad684b5095d5470e27a02fb2b3b3861: expected 543488 found 86292
20674696,aot,40037974.0952381,
20674117,native,29463841.329545453,
20669528,aot,32104285.720496893,gas-used mismatch for 0xfea83245c05bc4bb6178cb780b7f83bda394c50d6dac2e4a8ab870b301e69e1f: expected 293518 found 196669
20670218,aot,67613281.10666667,gas-used mismatch for 0xecb68059a04c45c0b75ac089867410b7069d316a67d82db455bb23b3ef2ce994: expected 269863 found 243270
20669688,aot,37887496.37037037,
20672176,native,62701588.01369863,
20671763,aot,46162549.666666664,
20674766,native,49528704.114285715,
20670652,native,27318097.45355191,
20673611,aot,42489348.56198347,
20675148,native,32497788.773333333,
20672246,aot,31446012.993464053,
20674005,aot,41729122.40495868,gas-used mismatch for 0x5661c039974c7273b1365589f174baf3000ca860c4a3401d87e41b7c31a3d7cb: expected 393191 found 236936
20671542,aot,47025636.495145634,
20671824,aot,63693837.75308642,
20672796,aot,47818333.66981132,gas-used mismatch for 0xf5faee4e8695f1354bf5c885e1870794670073636cd8dbb12cf6805b4ba3f9e5: expected 262550 found 213769
20671391,aot,19982839.292307694,
20671039,aot,56726382.32,
20673369,aot,5265484.924849699,
20671777,native,16232625.216981132,
20673300,aot,71646149.42666666,gas-used mismatch for 0xfa8ac8519a1b3a3abacd0440911b086354de09a69f939f31db8cdff6df66c655: expected 657933 found 319903
20669621,aot,66062241.98717949,
20674989,native,34188751.8013245,
20669960,aot,31336207.721311476,gas-used mismatch for 0xe0a633648dd3b5939387501a949ef1a818d8676feaab28cef5fa3e616d6ebe47: expected 331262 found 256120
20673649,native,37001397.63120567,
20672322,aot,51258543.556603774,gas-used mismatch for 0xb65163d75ad9ce3911c97ed86605a0a044985a346c2a9f86d8d23398d29d3925: expected 369245 found 232280
20669849,aot,44363682.29661017,gas-used mismatch for 0x201fc65cf221d1de75e02d0b0345a5bbd41521d1927acd1f0a64dab5745d1482: expected 263056 found 245765
20669790,aot,17136684.576666668,
20671098,aot,67345293.97647059,
20673282,aot,33953889.88484848,
20671456,aot,36523867.496296294,
20674286,aot,31400221.48,
20674027,native,56695427.12222222,
20674400,native,51331898.61111111,
20671019,aot,44840419.432432435,
20675129,native,37693701.157142855,
20675201,native,43124510.75652174,
20672707,aot,35381922.26241135,
20672598,aot,56927342.97802198,
20673773,native,64916347.21686747,
20671354,aot,50084778.14814815,
20673804,native,15935003.569659444,
20672691,aot,28561436.011049725,
20669599,aot,41447271.75,
20672362,aot,57099399.333333336,
20672173,aot,79631334.27941176,
20673052,native,70887059.19736843,
20669644,aot,32737857.258278146,
20674697,aot,32331834.006622516,
20674118,native,43165848.43103448,
20669529,aot,42931043.426086955,gas-used mismatch for 0xe00aaff6757db5e9a9a6b64550d109b1fd7352f569299fa61731c4e4efd53372: expected 368401 found 96683
20672177,native,25174244.39267016,
20670219,aot,40919271.675,
20671764,aot,13844187.85835694,
20669689,aot,57024783.29,
20670653,native,51332594.3,
20675149,native,16756905.138461538,
20674767,native,70683380.4923077,
20672247,aot,44431518.52272727,
20673612,aot,45091897.574257426,gas-used mismatch for 0xee6107c1fb6c4f9af0128fec9d1b6b8f819a0e220abf05190ea2b4e8f2f81784: expected 336436 found 94839
20671543,aot,10924401.420803782,gas-used mismatch for 0xed1c697c4a8e1099aa0fbacae0c8750db57ee70988f51d8aa75a9ee6bfee908c: expected 304309 found 234316
20672797,aot,36122947.20325203,
20671040,aot,47157533.733333334,gas-used mismatch for 0x03031711f4da5eddfa3890d74ca084e9e7b4b71443985bcc27f04db4a8764deb: expected 191520 found 81750
20674006,aot,39997112.205882356,
20673301,aot,24454592.23,
20669961,aot,40706740.64864865,
20673370,aot,88285479.5471698,gas-used mismatch for 0x0f8daa049c35865f5a88b2f5824d0771d6ba0adc47964dd475ae06f536aeb982: expected 285617 found 180727
20671825,aot,35242512.679487176,
20669622,aot,38591555.615384616,
20671392,aot,61253537.70454545,gas-used mismatch for 0xf99989eaf5adafa3f394cde62454d1fae2fb910a3e394e91cf0c98fd0a3599ed: expected 200879 found 81726
20671099,aot,36495177.57024793,gas-used mismatch for 0xd9a1f5adf69722f911e0ce5d6836146bf7bf6d2d561f44ef4d67675d92545af4: expected 447251 found 95928
20671457,aot,39873544.12037037,
20673650,native,34065415.966216214,
20671778,native,60016157.42045455,
20673283,aot,7331419.51875,
20674990,native,83069292.125,
20669850,aot,64939366.14473684,
20669791,aot,70708008.97260274,
20672323,aot,40738484.24264706,
20675202,native,2004668.063102894,
20671020,aot,34962359.26241135,
20675130,native,31616540.01875,
20674287,aot,42854633.73170732,
20672599,aot,17530963.487544484,
20674401,native,45132649.78448276,
20672708,aot,55493433.39784946,gas-used mismatch for 0xfcf8ab77fd7119285911bcd6132359647e5ddc710d8945042f5f410bdfb30a46: expected 508573 found 419882
20673774,native,69238708.47142857,
20674028,native,34619241.770588234,
20669600,aot,35743769.118644066,
20673805,native,42682210.10743801,
20672692,aot,58192343.04705882,
20671355,aot,39899966.057142854,
20673053,native,26623418.727748692,
20672363,aot,27661573.731182795,
20669645,aot,29249024.674285714,
20672174,aot,41747772.3828125,gas-used mismatch for 0x85de37dbc675c8a9bb67296f4f55f652e9c2d0cdbb2e86816444144a6c18a0a4: expected 648496 found 346168
20674698,aot,49776638.18095238,gas-used mismatch for 0xd7487a82ccc567b4d8f0cb9e70dfb71a05aa3f155f7f0408f6a3fd5356a07548: expected 463528 found 431024
20674119,native,37522560.0367647,
20670220,aot,34271453.42748091,
20671765,aot,44942345.65048543,gas-used mismatch for 0x4a3c9a4f04d2110662dd7a8d1161a2c9fe377eebde445bab13123ca43fbfadc2: expected 141318 found 126630
20672178,native,41691122.025,
20669530,aot,52713323.94,
20669690,aot,47527963.93877551,
20670654,native,37191681.54074074,
20674768,native,32904464.09933775,
20673613,aot,41253970.62711865,gas-used mismatch for 0x682e0f9b2ae14b76803cbafbd1d0611ecfe96f253aed6fcc0efc651131976c81: expected 252726 found 238096
20675150,native,34480133.38,
20672798,aot,31792227.315789472,
20672248,aot,39835874.83846154,
20671544,aot,56598525.86046512,gas-used mismatch for 0xb39500244f390bf591de21b750178117994263ca6091cfd4627bb4d448253589: expected 840291 found 341369
20671041,aot,30590729.33108108,
20671393,aot,38241407.44761905,gas-used mismatch for 0x22251380574cf71d79dd672043263f3f6ed2637d139f3ae27b1c1f7fe13535f8: expected 198444 found 81646
20674007,aot,51661985.155555554,gas-used mismatch for 0xce6b7b6ed458526919d46555e08c318ccd39efe6ee2370d246fbf52d3f38b8b1: expected 408953 found 321926
20673302,aot,48920053.87128713,gas-used mismatch for 0x4d09c5a5c4012e27e71f006e7082a04b016304e4da5ae410d7355898192d4d89: expected 389875 found 95880
20669623,aot,33566768.2260274,gas-used mismatch for 0x09df4e12aba7de499b072b69bb41b42f92beb7450296225ca8c3f050f2bd8d59: expected 327892 found 95868
20671826,aot,33380582.64864865,gas-used mismatch for 0xb1ab80ff3aa09fc2b6690a75a2adc3c97287aa2989841a83f4038a7bf58420e2: expected 972043 found 866766
20673371,aot,43511674.817391306,
20669962,aot,48551894.320754714,
20671100,aot,37668745.40458015,
20673651,native,30221227.955696203,
20674991,native,28711632.86904762,
20671779,native,31734027.61935484,
20671458,aot,39966047.453125,
20673284,aot,67557024.10958904,gas-used mismatch for 0xed27fdd2e8740b6b45b2960e553da44a2e157b06bd7f43d9b38b79eb3aea2c8d: expected 260539 found 243250
20672324,aot,53320673.26744186,gas-used mismatch for 0xc3ee048df41a1e68d921fa8d240c26ba65981c31561f159a37312828f09b057c: expected 4778293 found 959067
20669851,aot,28694659.79411765,
20669792,aot,45925336.85714286,
20674402,native,36713539.21875,
20675131,native,48466163.38613861,
20671021,aot,40583457.34615385,gas-used mismatch for 0xa805e4792efa8c16bce5bb3937f7c1ef90b95790169f3b3ce355f72fb86ddc11: expected 192939 found 183950
20675203,native,48192845.09009009,
20674288,aot,45913486.76724138,
20672600,aot,63454091.89473684,
20672709,aot,51828683.91578947,gas-used mismatch for 0x7cb0c935fc810e9c23a8ac16c36272a3e77ecd28532556d6d745a7e414b4bb51: expected 666531 found 319442
20674029,native,31024272.24848485,
20669601,aot,48443360.08571429,
20673775,native,67556320.84210527,
20673806,native,44944396.37391304,
20671356,aot,33464918.413793102,gas-used mismatch for 0xa8e6bcfc8864378d975d0dc083740d9c2718ef4487782902c2e0eb09b24b2fa1: expected 276195 found 217294
20672693,aot,52172687.93877551,
20672364,aot,32859157.077419356,
20673054,native,42187997.72881356,
20669646,aot,44959612.265486725,gas-used mismatch for 0xb3f7d3a81c07e4917caa8022861da8782f114fa95f86d5a2941dfbaa4f825cf7: expected 365008 found 96707
20672175,aot,25072859.897560976,gas-used mismatch for 0x5a319ccb7fd46bbd0ec0f20f21b1de2bacde43cfd39074c0e5a2002afadfe018: expected 207710 found 82074
20674699,aot,47914170.89814815,gas-used mismatch for 0x1496bdcc9c145a896c1968bcebed1a00671a9dae437c5e8826839da696f38617: expected 208441 found 144528
20674120,native,89719056.1509434,
20670221,aot,44713089.70338983,
20671766,aot,44827266.11304348,
20672179,native,63823037.87654321,
20669531,aot,41898586.861788616,
20669691,aot,41351262.780487806,gas-used mismatch for 0x28c40e91200e035bfd93bd59ad8d80ee490d21eccbdc2517469eda106947ffd3: expected 396275 found 251999
20674769,native,46762245.14563107,
20670655,native,40770506.74380165,
20675151,native,20545215.752,
20673614,aot,40532478.640625,
20672249,aot,34495157.49315068,
20672799,aot,38975039.00769231,gas-used mismatch for 0x14f938fd45b5ac0828feed26f25a7c49b92ba9d9141dc80e72e4d5d6d70e4207: expected 509824 found 98993
20671545,aot,63503138.43209877,gas-used mismatch for 0xa5b0e400f36154c1da6ab42593c0f71154e779f2630d280d7aafff66c4d2126b: expected 443280 found 262760
20671394,aot,14725293.40181269,
20674008,aot,12975058.913513513,
20671042,aot,31021267.391304348,
20673303,aot,31504783.770186335,gas-used mismatch for 0xace6c1762b5f0d905f1a3a2cb8a8af56701160ddd611d9311ce440efb29f1435: expected 385139 found 317138
20673372,aot,27462223.06547619,
20669963,aot,19199052.77142857,
20671827,aot,4991603.488729509,
20669624,aot,36788488.0610687,
20671780,native,17570302.164285716,
20674992,native,33715249.94482759,
20673285,aot,24614356.586206898,
20669852,aot,24803347.49,
20671101,aot,26331188.12105263,
20673652,native,40978044.05691057,
20672325,aot,34609696.71232877,
20669793,aot,24557338.494949494,
20671459,aot,48893218.941747576,
20674403,native,2666512.0131651126,
20671022,aot,29201947.888888888,gas-used mismatch for 0x613d534bd29986cff0ef945b25e685b10a96082e293ae0a7ff5e670c46ef81cc: expected 152457 found 135210
20672710,aot,33601968.698529415,
20674289,aot,36866231.2,
20675132,native,42522956.8046875,
20672601,aot,19012035.815498155,
20673055,native,28792398.95744681,
20675204,native,83112618.85,
20674030,native,35275936.07801419,
20669602,aot,24753297.57142857,
20673776,native,31808589.73548387,
20672365,aot,16954881.210714284,
20672694,aot,31772660.967741936,
20673807,native,89094583.89285715,
20671357,aot,50745324.04,
20672176,aot,53543431.68888889,gas-used mismatch for 0xb5bc8bb3000c4595a9febab77e1d733782ced8f3531dee7aa446a1c34c90ff3d: expected 710999 found 770586
20669647,aot,44387929.573913045,gas-used mismatch for 0x2a434ec6ee5d5dc43d271c552d132dc68ebd4161e750ae3f4ada3887355d0f97: expected 347660 found 95868
20674700,aot,34682255.71724138,
20674121,native,27928221.29479769,
20671767,aot,33362116.794701986,
20670222,aot,47285133.02727272,gas-used mismatch for 0xcbff5cb3e7641c7931c2fff00b18f89bb5a9043c76815c5865d256342b1eb773: expected 372997 found 318699
20672180,native,47459410.10185185,
20669532,aot,32016056.925,gas-used mismatch for 0xd7a77cb074034e2e8fa4d5da12d6221052a835c9e37933fe909b587bfe753724: expected 369685 found 222294
20669692,aot,37343728.63829787,
20674009,aot,64066574.79365079,gas-used mismatch for 0x37bb3cbd69374930fd51710bcefdcb12406e03213f7b7f4478c3b9f816738c2a: expected 385501 found 96683
20670656,native,50464989.089108914,
20674770,native,35784950.72666667,
20673615,aot,25808481.30612245,
20672800,aot,46372578.584070794,
20672250,aot,43284486.46666667,
20675152,native,88311861.56666666,
20671546,aot,62269083.06024096,
20671043,aot,56019616.333333336,
20673304,aot,26357362.26153846,
20671395,aot,92385416.31034483,
20671828,aot,87323902.74,
20673373,aot,49264379.74528302,
20669964,aot,60608250.55813953,
20674993,native,39280002.948148146,
20669625,aot,45977676.20689655,
20673653,native,40205646.734375,
20671102,aot,40145465.99230769,
20671781,native,68776851.68,
20673286,aot,61040699.069767445,gas-used mismatch for 0x495699793a2e0196207b3d0efd8aab6f53d70816a601dd17f46ed8c4ad35c984: expected 277745 found 153935
20669853,aot,42686050.504065044,gas-used mismatch for 0xa8d63b58258333218ffec4a2695461b2b184b86b68a3d2bde2c0402ed43276f6: expected 355032 found 170617
20672326,aot,47373713.64814815,
20669794,aot,64204295.74074074,
20671460,aot,30905238.71111111,
20672711,aot,50494711.5,gas-used mismatch for 0x7f2226969c08d7ce806ae60f80987f02270b119f83e6fc0221a6cd7a53a76e65: expected 196067 found 81750
20671023,aot,33570998.18918919,gas-used mismatch for 0x9e9a26a9fc1c3068c3e58c5b05bc2f65f2b6f18f78224f0c811e78a530cd72e3: expected 198312 found 189323
20674404,native,97551173.01886792,
20669603,aot,41874632.83168317,gas-used mismatch for 0xdaf4b120f9270681ceb1e7e76f11ad940b260293f70f6e2d2665e62210c8a8de: expected 282545 found 153935
20675133,native,45010459.81415929,
20674290,aot,61327325.69411765,
20675205,native,42281702.11016949,
20672177,aot,24611400.5,gas-used mismatch for 0xaea56aae4be932b7f1062c21ffc89ba09969bcb55f868a5fec8c6be6a2f3c255: expected 277745 found 153935
20672602,aot,62739083.81927711,gas-used mismatch for 0x343c5ac27fb9652f5704324501a8ad7cfa797c7f0444cbaebcfb70780bab9592: expected 305131 found 228684
20672695,aot,33629533.680851065,
20673777,native,70609040.82857142,
20673056,native,57229263.09677419,
20674031,native,48611272.945454545,
20671358,aot,34269059.7739726,
20669648,aot,37735086.35714286,
20672366,aot,46939819.56363636,
20674701,aot,32366294.25,
20674122,native,24243131.454545453,
20673808,native,102178747.97916667,
20671768,aot,40396804.0,gas-used mismatch for 0xe16d577b7e62e4356260a77ead6e85fc6ce23c86bef71b3bc59c38b2f2da468c: expected 304462 found 234866
20670223,aot,45446717.64864865,gas-used mismatch for 0x285200342706c12b5bff1b1cf38156567bb9ca384ff0bc08d5fd74033e5d02f3: expected 1341143 found 673676
20672181,native,12855746.23759791,
20669533,aot,31397339.41875,gas-used mismatch for 0x57840b9e703d4ba29180ed2dcfb471b55ca3391f43968ba0814dd8f77f0954b5: expected 215621 found 227438
20673616,aot,4050415.884377758,
20669693,aot,20742563.01659751,
20674010,aot,19758907.937254902,
20674771,native,33885992.81506849,
20672251,aot,43054967.16831683,
20670657,native,46171278.9009009,
20675153,native,31091222.189873416,
20672801,aot,46969123.01904762,
20671547,aot,44130330.26086956,gas-used mismatch for 0xbabe6be2d71a2e9010a79868149ef5807727a0c9b998065464db338b03fb800b: expected 209340 found 82062
20671044,aot,40029915.42975207,
20671396,aot,39229901.00813008,gas-used mismatch for 0x285aa96077a7beb0a3dcc420b8a4248c35ff513c79c9e92eb5d448fcead90c72: expected 433852 found 396638
20673305,aot,40629554.39230769,gas-used mismatch for 0xdbc779622e82dd035121264c4fb3dd20dab10c7aa632c1ec4a0a99484e572bf3: expected 485414 found 419629
20671829,aot,41438621.936,gas-used mismatch for 0x589c6b4b60729c4a3de90d86566e3de9029be7d99d4001cbd1c24ad193a3e411: expected 317452 found 276657
20673374,aot,50488555.76530612,gas-used mismatch for 0xae471402f8aa324b13fd5d49a71a1e72b1105645a895abd1007a64c40c4e22ae: expected 344921 found 181497
20669965,aot,36657364.919117644,
20673287,aot,28345503.61764706,
20674994,native,9485675.225140713,
20671103,aot,21871428.253333334,
20673654,native,30351661.854545455,
20669626,aot,31659202.24375,
20672327,aot,15904299.974683544,
20669854,aot,43403926.112068966,
20671782,native,47836206.31481481,
20669795,aot,19584527.59386973,
20671024,aot,13709237.484848484,
20675206,native,20311932.551569507,
20671461,aot,41241900.768,
20672712,aot,39149172.6617647,
20675134,native,46857451.366336636,
20669604,aot,19402061.85271318,
20674291,aot,33246923.662068967,
20672178,aot,38911743.73170732,gas-used mismatch for 0x699a4d7b1a0acd6b6f3e53e353badcee4a0ec1d198801a4bd563cd904a64abc6: expected 350678 found 175198
20674405,native,79151712.07575758,
20672603,aot,38058481.29365079,
20672696,aot,48255802.05940594,
20673057,native,36766901.5106383,
20671359,aot,50072187.20408163,gas-used mismatch for 0x24e4e02df28a47a224aac9fb20456ebcee44d10694099dece7a754ca5bede793: expected 282545 found 153935
20673778,native,62756113.71084338,
20674032,native,39438013.94736842,
20669649,aot,33137058.43478261,
20672367,aot,44925707.09565217,
20674702,aot,39067757.84962406,gas-used mismatch for 0x5175d4dc0ad7ebb7a061885169277d849a63177f7705c0c58b7996a9666ab38b: expected 390070 found 226841
20674123,native,50749970.25714286,
20673809,native,87333065.1147541,
20670224,aot,28131513.093922652,gas-used mismatch for 0x7c013514e0ef20e9cc9cb5915166a0bfd8f1f18bb0dcac6a94da0b9fcc09e02e: expected 286927 found 243234
20671769,aot,52494589.32038835,gas-used mismatch for 0xd8131644265ab8f9c4dd94dcc25a7f721c0af56551c79e3a33201f50e740828b: expected 505573 found 319440
20674011,aot,25243940.80116959,
20672182,native,60860235.56626506,
20669534,aot,40130231.16,
20669694,aot,49319952.316831686,gas-used mismatch for 0x3430c0bba764c302955aa9e882ff3318dfbc17c3ed74142cb58d642a178fb276: expected 526762 found 300574
20672252,aot,33765773.75,
20673617,aot,78939846.36507936,
20675154,native,35391992.36029412,
20672802,aot,39498397.19008265,
20670658,native,34197914.62091503,
20674772,native,26216951.009259257,
20671548,aot,29819185.664596274,
20671045,aot,43487318.46534654,gas-used mismatch for 0xdad70ffb439d440b67a4ce372d0cc5a395146547b548abe3bb39f1515fbd9c35: expected 218259 found 80048
20671830,aot,39267677.85148515,
20671397,aot,26128605.88764045,
20673375,aot,30951846.262820512,
20672713,aot,51241636.32857143,
20673306,aot,37538161.96946565,gas-used mismatch for 0x6eb97d0b8b555de4da629ab4502563609b0d6d415156be534acb27ef8e70299a: expected 282545 found 153935
20669966,aot,27817334.869318184,
20674788,native,53446198.02222222,
20671104,aot,62308461.48717949,gas-used mismatch for 0xd3b3a2b6c0886dab56ad625c721af3c1e136a00ea28248764383daacf9ab6034: expected 277733 found 153923
20669627,aot,37771459.59375,
20673687,aot,60001468.325,gas-used mismatch for 0x4adcfc25b2a81c8e8cc41748a0f7d4393fa6568d8a7442b8d931a7fca6011fde: expected 305629 found 232116
20671783,native,42020568.132743366,
20669855,aot,37608848.45384616,
20673655,native,36751670.87142857,
20674995,native,69308930.67142858,
20669796,aot,52866696.2631579,gas-used mismatch for 0x5b181cbbd0118968ab4213a70bf26a56e270681b2f9e1ad5be704951a2fde7ab: expected 1632800 found 133089
20669605,aot,51176575.0,gas-used mismatch for 0xb68742943d6bc084faf1a2ebdff87d600089f39190b37e1a0aa499b92d22f312: expected 308306 found 268346
20671462,aot,40515817.16528925,gas-used mismatch for 0x0da277002cbeb768bd2f1f955939793f5266bc17cc0d18715959e7570519c46d: expected 282533 found 153923
20674292,aot,25403486.40526316,gas-used mismatch for 0x04b5dc2b1f9c908b8ece1501daa0cf57d6f3a927768a1bebb6964d4c31ffe3de: expected 338758 found 265161
20675207,native,59396273.790123455,
20675135,native,38372747.66923077,
20672179,aot,57052727.11627907,gas-used mismatch for 0xdfcbdfaebc658b4b988e447b784d9243ff5d167dabda3f4d3bcb4181d7da0359: expected 348416 found 241159
20671025,aot,80045141.1147541,
20674406,native,51457380.20408163,
20672604,aot,37825437.20740741,
20671360,aot,23585567.42288557,
20674033,native,41144025.6460177,
20673058,native,32326274.67549669,
20672697,aot,40112444.676691726,gas-used mismatch for 0x8bcbfefe3c94b748de9f5bc12560346c0a70382b7642a36cab63c5640eac0ae9: expected 338119 found 254592
20673779,native,43873627.522522524,
20669650,aot,44350976.75728156,
20672368,aot,30320185.41566265,
20674124,native,32054899.064102564,
20674703,aot,18849430.297124602,
20673810,native,62903724.18518519,
20670225,aot,37111976.94736842,
20671770,aot,32105045.35,
20674012,aot,64286066.8875,gas-used mismatch for 0x406de17961e936d183322dab17ac09b250657500589dfbb76fed11a0256803ce: expected 1370229 found 1203979
20669535,aot,31310508.721518986,
20672183,native,58079758.37209302,
20669695,aot,30228051.88554217,
20672253,aot,41585590.674796745,gas-used mismatch for 0xe1b1f560728d784ed65d2211b002edbcd27433a617b5d706ce7ba45bba9fb115: expected 308581 found 237977
20673618,aot,48583422.43564356,
20672803,aot,34025456.9109589,
20670659,native,57354677.08888889,
20671549,aot,65327093.13580247,
20675155,native,57694116.34375,
20674773,native,66788637.85,
20671398,aot,55962689.78947368,
20671046,aot,18655502.719471946,
20671831,aot,36906367.27586207,
20671105,aot,35823980.233082704,
20672714,aot,43005891.152542375,
20673307,aot,19400262.518656716,gas-used mismatch for 0x47ae6a46cdc040544d63f7273a392e6ed0e16cc6a02d4cf2e17a3c63079d6cc7: expected 268657 found 214801
20673376,aot,44321807.13559322,
20669967,aot,40783523.096,
20673688,aot,16015117.19375,
20669628,aot,36943434.54347826,
20674789,native,46674982.26126126,
20674996,native,14065068.967654986,
20669856,aot,34669198.105960265,
20671784,native,41213018.31746032,
20669797,aot,49678958.2264151,gas-used mismatch for 0x5314513a1d0c12593c30b27da3ba1b5fab89873d5a2b35a9430b15e05d10ac75: expected 432666 found 96739
20673656,native,64144360.88888889,
20669606,aot,45080258.23478261,
20671463,aot,19638431.896296296,
20674293,aot,34701319.22516556,
20672180,aot,43939617.875,gas-used mismatch for 0x9259561fd2c9e1765bc5872e9d5230affeb469623012321de987a341f080a2af: expected 253028 found 238159
20675136,native,52359631.31632653,
20671026,aot,34260998.966887414,gas-used mismatch for 0xba73d65f4a5a2f4e2a0494f7eaed5ad9a016f11ee6f4272ed7fc9087038f4520: expected 639034 found 641949
20675208,native,28498030.450777203,
20674407,native,27588905.397790056,
20674034,native,11312246.222727273,
20671361,aot,22143043.14347826,
20672605,aot,40065369.8828125,gas-used mismatch for 0x77b07f3c20b699a6d4fa1f6512f8da1eb2cd5a103fc206f20c7dba123289e498: expected 253539 found 149837
20672698,aot,46894901.36792453,
20673780,native,39643737.92307692,
20669651,aot,39176476.46825397,gas-used mismatch for 0xd289c152720e9dba98c9156f6a2baa2278842c197a6c15ed471db421c4120707: expected 198224 found 81646
20673059,native,22621433.33744856,
20672369,aot,34087068.5942029,gas-used mismatch for 0x8f9e86b623ae13a5ed7cbf8a3c82abb53a1b6cfcc3c3aa564f4744bb18c04836: expected 194461 found 81750
20674125,native,49114384.27722772,
20674704,aot,50500863.3,
20671771,aot,22684948.138095237,gas-used mismatch for 0x44b8c09dce4a7d313beede56119cbd144a3f40d733957c20951510736d85f5a3: expected 214919 found 204879
20672184,native,26640066.88198758,
20670226,aot,48876480.92079208,gas-used mismatch for 0x774ddd72957215dbed1c63141bf8509ce6925f0cbab603f77838a5165a2b27ed: expected 191508 found 81738
20673811,native,90576362.81132075,
20674013,aot,36093814.19548872,gas-used mismatch for 0xc481f82f61e2e834ad8a59ecee9399e349509a957863f7530c11c94923e9e4ee: expected 601536 found 476420
20669536,aot,54459585.0,
20669696,aot,60947984.578313254,
20673619,aot,36165392.333333336,
20672804,aot,41580974.075,gas-used mismatch for 0xf184cecaa991960e274311870d8b8d03b02e5fd7c8a85e4b9907da49abf35479: expected 310950 found 204784
20670660,native,65483490.88235294,
20672254,aot,31458561.549707603,
20671550,aot,45553011.179245286,gas-used mismatch for 0xa28b96d351d057da747cbfb08c44cc10cc2c7f333a04f422522ea97f3443e489: expected 1105654 found 210026
20674774,native,31598183.706666667,
20675156,native,37772814.23846154,
20671399,aot,31354956.4375,
20671832,aot,46207819.083333336,
20671047,aot,60657400.65909091,
20669968,aot,10956081.73409091,
20671106,aot,14330138.752808988,
20672715,aot,28893473.320224717,
20673377,aot,26760254.13157895,
20673308,aot,47858088.0754717,
20671785,native,40766732.31896552,
20669629,aot,28442531.758426968,
20674790,native,69830751.85915492,
20674997,native,21684930.347826086,
20673689,aot,66724850.59210526,gas-used mismatch for 0x852255452b824c490970a08ca00942619b982dcaf92beff17091be5856e2408d: expected 255437 found 194166
20669798,aot,29315383.75151515,gas-used mismatch for 0x7052da86ee14d807064b74ad4f865db8de296e7e84c045f7656a4795e7c9caf7: expected 1282760 found 1352540
20669857,aot,36469739.0942029,
20673657,native,37962773.198529415,
20669607,aot,34625960.37241379,gas-used mismatch for 0x825413ef274f232ccb04d7408365f395dc3b256960a98dfe5c0f4b6fd92651e3: expected 266963 found 219673
20671464,aot,34758508.365517244,
20672181,aot,12487174.814903846,
20675137,native,27402214.903225806,
20671027,aot,34829504.62328767,
20675209,native,37425076.496296294,
20674294,aot,69026959.25,
20672606,aot,52380222.14285714,
20673060,native,78802787.65454546,
20672699,aot,45906504.675675675,
20674035,native,64785458.06024096,
20674408,native,44402282.466165416,
20671362,aot,74440959.54285714,
20669652,aot,30352149.564705882,gas-used mismatch for 0x6502d5372cc1afab2fa91da16d5ca9dc0c0220ca9388dc97fe7eea2bab0309d9: expected 262550 found 196659
20672372,aot,41672982.11382114,
20672370,aot,44962763.172413796,gas-used mismatch for 0x9569df1b79e17a86c0ec565aa7d18733fddeb2657f6f69ff1007e87e6152ffd8: expected 218934 found 144535
20674126,native,43769989.12068965,
20674705,aot,45286459.895652175,gas-used mismatch for 0x8e68fa05da2d89357de91327450421b3baa06de48c3303bf6804148f59f72f7b: expected 347485 found 95880
20671772,aot,47340579.58415841,gas-used mismatch for 0xf373193f358dbb7e61e67723db5682ca0c355337d70f49aa94fd89ae6fbe4b55: expected 214907 found 204867
20672185,native,24236015.223255813,
20674014,aot,75641641.38461539,gas-used mismatch for 0xbbdef80c6084690ccf176835e98833d90468228dbcbd09be1efa335ca69e08d4: expected 323570 found 95868
20670227,aot,34284405.17218543,
20673812,native,32517361.55625,
20669537,aot,14095781.396011395,
20669697,aot,30929637.316770185,
20673620,aot,24533034.11904762,
20670661,native,44519651.96460177,
20672255,aot,40486313.02479339,
20672805,aot,68630603.09859155,
20671551,aot,39495642.432,
20674775,native,42549419.45528455,
20671048,aot,38384181.138211384,gas-used mismatch for 0xbca7d2b33d56325cf37c2f1209b3f4a86bc3722e29dd13f34817441eb1fedb85: expected 169557 found 135210
20671400,aot,39819236.125,
20675157,native,42050521.720338985,
20671833,aot,23996807.33653846,gas-used mismatch for 0x4b47d5172d168c116febed15a9475e3572375c7f9c64ef404ec3ce1d13135505: expected 340002 found 503964
20671107,aot,75709837.79365079,gas-used mismatch for 0x9043909665eefa9d06d50be69f9b434193a4cc87b08dd75acbf390e5aadb986f: expected 280084 found 245693
20672716,aot,40976962.077586204,
20669969,aot,79407104.65,
20673309,aot,18714967.779069766,gas-used mismatch for 0x7609d55368c892e678f0a1692e4eec0a114bb7901ea47ba7773445ae3f7f4100: expected 321216 found 95916
20673378,aot,25855256.638743456,
20671786,native,36088922.10144927,
20674791,native,23805917.85714286,
20674998,native,60758178.5,
20669799,aot,25907743.05263158,
20673690,aot,41125390.90243903,gas-used mismatch for 0x3313680a8505eb9965301e970c10ff3829ff96e5f27e290b79d78845e8aee57b: expected 1574808 found 1259828
20669858,aot,62318427.45679013,
20669630,aot,51548507.99056604,gas-used mismatch for 0xcbb02d907a5841d7f6cff46a18c332123a9d9bbc57e4220025c60ba2cb8d81cf: expected 740426 found 592625
20669608,aot,36077017.155555554,gas-used mismatch for 0xeedab46c689b5292173a94f9e394911ace805055149db299b33825a3f8f10322: expected 1575694 found 1051887
20671465,aot,30740421.30666667,
20673658,native,36785693.39285714,
20672182,aot,58299178.10465116,gas-used mismatch for 0xf467757ba08ad4309e3a241dea4c4c8ac5446c3674e9debcb02e5ddaff2b4d32: expected 298179 found 208870
20675138,native,33731048.04666667,
20671028,aot,40710690.248,gas-used mismatch for 0xc32340b33a78ce1a8e9916608d9e117cac97a8c8377743a18127229259607007: expected 368984 found 95880
20675210,native,40528616.328,
20672607,aot,45864375.75,
20673061,native,47403496.733333334,
20674295,aot,47763250.68867925,
20671363,aot,15962970.256140351,
20672700,aot,13751547.494594594,
20674036,native,18191823.0,
20672373,aot,47046680.48571429,gas-used mismatch for 0xc57233c1cb5665fa3946e6b47b700b7aea800d71a5989bbbc0cad6988b53a418: expected 330575 found 95880
20669653,aot,43633716.14655172,
20672371,aot,36183953.84137931,
20674409,native,30388757.63783784,
20674127,native,50273883.67,
20674706,aot,35148643.96453901,gas-used mismatch for 0xb3c4f953af0c855cc35a8d350317135fa77376e1c344bb53baa74f6881172588: expected 1546724 found 1527256
20671773,aot,30785234.85,
20674015,aot,2725620.724734785,
20670228,aot,34396697.83448276,gas-used mismatch for 0xa9a7b1845f69b4b154fd12e9285eaac9a9abe68de0b92c052afc5cb85056e4b9: expected 269803 found 243210
20672186,native,56645232.76344086,
20669538,aot,59139600.22093023,gas-used mismatch for 0x5b8d6690f0c9527043c5fa018fa817adb714ea66cc1db939e82e7a5a6130bca5: expected 306389 found 232116
20673813,native,98453735.56603773,
20669698,aot,42591535.6,
20673621,aot,46942388.37962963,
20670662,native,27188449.32972973,
20672256,aot,31724948.246835444,
20671552,aot,44028987.12931035,gas-used mismatch for 0xa57ea136e28144649412e2af2e015983fd699960f93197b7f012f0ad10ba2d6e: expected 404759 found 95880
20672806,aot,42944046.333333336,
20674776,native,17241599.7852349,
20671049,aot,68628689.86842105,gas-used mismatch for 0x1cd36faab37bd99d5e3ffb423b082f1e329ae99245baca005f1aacf21b978b64: expected 447251 found 95928
20671401,aot,48649721.885714285,
20675158,native,34633100.653333336,
20671834,aot,38115983.955882356,
20671108,aot,41158460.89430894,
20672717,aot,43567504.9137931,
20671787,native,41736096.89830509,
20673310,aot,54193138.153061226,gas-used mismatch for 0x23ed854459a68729602665552468d6c6251f31fe5501e565d76dea78adc138b3: expected 281712 found 95940
20669970,aot,32112635.162650604,
20669800,aot,43461356.25862069,gas-used mismatch for 0x332010d5aef27f6d66bd52eed33b65cfae37eedf7ba5f0f3b0c800007fb0ab6c: expected 282545 found 153935
20673691,aot,15521712.490797546,
20674999,native,21157708.81707317,
20673379,aot,70721435.53333333,
20669631,aot,44498237.43396226,gas-used mismatch for 0x7946fc678b99776653450141251d59412e04cce747db6996fbdeb50876818e74: expected 198444 found 81646
20674792,native,39961547.52173913,
20673781,aot,21029986.92,gas-used mismatch for 0x1179799ba1df7eff1acdbb0654f9e420e59078dbec3b77e0d9df87fcd1de552a: expected 429205 found 373723
20669859,aot,52233917.84466019,
20671466,aot,53928854.39795918,gas-used mismatch for 0xdc055ac668b244255e0790b2db2c1f96abd0712ae9ab9a81321be285950a0dfb: expected 386084 found 95880
20675139,native,43410182.31818182,
20673659,native,15455010.682080925,
20671029,aot,44667998.56637168,gas-used mismatch for 0xc4e348d3f1b0f92166780392f9506a645d2950e337010425bc89869c4902b44f: expected 848305 found 443671
20672183,aot,55969693.19354839,gas-used mismatch for 0xa0abc361c0dd4d8fa6fb683a40e35046e68aebc3678510bc9bf0eb57c8070455: expected 650859 found 428728
20672608,aot,39673315.168,
20673062,native,46586051.73584906,
20675211,native,42565043.80991735,
20674296,aot,39278422.42307692,
20671364,aot,49215303.6407767,gas-used mismatch for 0xe936814b109d2b84153f54c4e5c318f2d8a5bc188a554458bbb945797b262cfc: expected 269838 found 238108
20672701,aot,61891175.4,gas-used mismatch for 0x817aaeb6998f73ca52a928c433331106b0ea3c63644bfc72406f5a02011b4f75: expected 299631 found 229518
20669654,aot,35358700.125874124,
20669819,aot,36596155.427536234,
20674410,native,63397769.21917808,
20674037,native,70165017.15714286,
20672374,aot,64873744.55128205,
20674128,native,51530590.50537635,
20674707,aot,3166945.3051702394,
20671774,aot,68574791.58571428,
20674016,aot,74658654.38461539,gas-used mismatch for 0xe18bf20b05e1fdde01f6e157319f779ba8f198dabb86fc2381937629f799ff8d: expected 450485 found 240346
20670229,aot,50649381.08163265,gas-used mismatch for 0x3f0a52298159b34f0c08e842cd3f17bf0958c117b214c96a17a2c7e4db9365ff: expected 328700 found 95868
20671366,aot,26146806.01010101,
20669539,aot,37701951.93129771,gas-used mismatch for 0x9d1f359c5ffd14e5a01e14c83584a30e6f5a119fa0183a31b021b2c5a0e3e4f3: expected 618094 found 90867
20669699,aot,13720653.376404494,
20673814,native,84894947.58333333,
20670663,native,45164414.32380953,
20673622,aot,20146743.944,
20672257,aot,39277995.82539683,gas-used mismatch for 0x9c97c6af315eea19aea6e4ba5d02f92728184811592de3987751b10f2b5b9562: expected 294569 found 223865
20672807,aot,31400770.37419355,
20674777,native,59112199.302325584,
20671553,aot,87043406.81666666,gas-used mismatch for 0x8816e91ad2ea2393dbc425355f5adfe0b30b6ac31bd30b1cc30985a3a706be36: expected 432793 found 374325
20671402,aot,34544145.8115942,
20671835,aot,23297717.014563106,
20675159,native,33605856.10344828,
20671050,aot,32137676.175,gas-used mismatch for 0xe4bbbb2efa4b6484a30bf7688dd0cbceb7f10ba579ec7694dc2020bcbb7bf79a: expected 509803 found 249669
20671109,aot,53244064.88421053,gas-used mismatch for 0x93a19f2cdd668d601c2f55258853fc3e50877349cebe864764ebeda46abb47a0: expected 189764 found 81786
20672718,aot,43642163.238938056,
20669971,aot,28628966.044198897,
20673311,aot,32032105.310559005,
20673782,aot,64864699.092307694,gas-used mismatch for 0xb13b54720ffb862dd73da8d4a32d858abf267cedaa09b2c5a77c72c0d56655fd: expected 721165 found 190186
20673380,aot,37599537.191176474,
20671578,aot,38450396.683823526,
20673692,aot,68862291.76,
20669801,aot,63149115.22093023,gas-used mismatch for 0x662fdf3e19c5b1a21ae3f709b12719d4d10025672e2590809c396e6c773b61b5: expected 264685 found 242683
20671788,native,53533847.647619046,
20674793,native,63819437.8125,
20674038,native,59068925.461538464,
20671467,aot,34521118.386206895,
20669860,aot,29136387.55,
20673063,native,49124864.18681318,
20673406,aot,22617621.85714286,
20673660,native,44955629.123893805,
20672184,aot,23988137.79342723,
20674297,aot,46602248.43396226,gas-used mismatch for 0x4b4278003357215f92899bad91c0227dc2cbee82a97cb51c84dd1f0839276f67: expected 474655 found 305580
20675212,native,29271503.062857144,
20671030,aot,22397759.111111112,
20672609,aot,40160883.10769231,
20674411,native,13780225.105714286,
20672702,aot,56513274.677777775,gas-used mismatch for 0xc3ee9f6d5e0c31eb817173572aec70ceb90760de5022602ddf54dba3dff977f8: expected 700752 found 477760
20671365,aot,78725416.53030303,gas-used mismatch for 0xd3f2e893aa001524dff87371a3268e0595f429bde34de9939c38008f3efd4308: expected 1457858 found 1014213
20669820,aot,34374911.49655172,
20669655,aot,16339878.73899371,
20671484,aot,48292203.35185185,
20673734,aot,55343896.4375,gas-used mismatch for 0x6b88d101b9b54851736e651dd06d37cc0688ff5a90ffaf79262a43376b7368c2: expected 720446 found 669773
20674129,native,61033286.74074074,
20671775,aot,28394780.595505618,gas-used mismatch for 0x041414f271a3ae15bb3a236eb6fbbcd8d477868c62326e684070d853873fabde: expected 505563 found 319440
20674708,aot,73019140.46575342,gas-used mismatch for 0x44af9ef1446377c00ee98a56a3061f3a57b01f6070f7a87a2fd8145616c52bed: expected 1181803 found 884788
20674017,aot,43719921.3963964,
20671367,aot,44598735.27826087,
20670230,aot,65055748.54216868,
20673815,native,26003507.51891892,
20670664,native,65861617.02816901,
20669540,aot,38283566.6875,
20673623,aot,67302634.9859155,gas-used mismatch for 0xef759db057fbd2a12a11065d12908e5bf0b330c931de660c5a35387aacaa0a1c: expected 384378 found 186698
20672258,aot,22365446.40350877,
20669700,aot,70931732.17142858,gas-used mismatch for 0x191092bda7879e3f840023de86430d3d4097c0913fe5869a5e8c4c80b9d224b6: expected 282545 found 153935
20672808,aot,49673723.27,gas-used mismatch for 0xf48291b2d29ae779571f913a44f4d4074c878c40e16227ed974666a88bc5f4d2: expected 723872 found 622174
20674778,native,40942486.67826087,
20671554,aot,35654453.83571429,gas-used mismatch for 0x11ae3438c723c61e061e7bc5348c1e8f92f7518a3e89c6a6082d20f54c9c52f6: expected 252943 found 238290
20671051,aot,21369880.766816143,
20671836,aot,68510474.97183098,gas-used mismatch for 0xb87fd00c0d6e8593e2e8aebb2e8beabccd01d3f3006550e2a5d969746aa8b010: expected 307938 found 237977
20671403,aot,43968554.89380531,gas-used mismatch for 0xabfea4681bec787edbda7f89cb1aa6d7dd562b36395269f6404c098152536c4d: expected 269029 found 271442
20675160,native,52062349.2631579,
20671110,aot,26948565.77348066,
20672719,aot,37857470.684210524,
20673783,aot,36809185.36923077,
20673453,aot,65754781.86666667,gas-used mismatch for 0x6f4e5d1b9cf48bfb1ab244cd9de31b75e6deef05e448e32bcc2332b3e2324f54: expected 200843 found 81726
20669972,aot,50344211.47959184,
20673381,aot,32566940.215686273,
20671579,aot,32785685.226666667,
20673693,aot,36822704.948529415,
20674794,native,57602677.69411765,
20674039,native,32796760.9,
20671789,native,24869382.741463415,
20671468,aot,35641746.9057971,gas-used mismatch for 0x28f627f5ce79f0449bf0d7d1f783c128d7254eeea5c4dee6d936c49160bcae80: expected 196067 found 81750
20669861,aot,7389004.057777777,
20669802,aot,42936460.656,gas-used mismatch for 0xd698cecf4885b0e28d2168e022faebf392139575b9ef51eb7bce7e612da809e1: expected 668174 found 541440
20673064,native,44677034.6036036,
20673661,native,45330090.00943396,
20672185,aot,23025272.704761904,
20675213,native,19117522.409961686,
20671031,aot,20791273.283333335,gas-used mismatch for 0xd2977bad462330f2809d1c574798b9335386b79c30c81df3557754dfd290abc7: expected 353402 found 175222
20672610,aot,30262833.360248446,
20674298,aot,31598369.211180124,gas-used mismatch for 0xd9e70b8934d6e1252e25eaa3256cf9c404dafb410f1ea7ecdd62a4070d917eca: expected 261710 found 212288
20673407,aot,53578228.34234234,gas-used mismatch for 0x03be93d775bc2114c86f6a9bd0d901ff9adcfe8f470f62d3002a89d5ad47ecd7: expected 671719 found 582522
20674412,native,77802751.6031746,
20671485,aot,26899837.582857143,
20673828,aot,44590595.053097345,gas-used mismatch for 0xf8a8fe565a525d6f99726796bbc26e7f7385a1f18cce19cf3bcf48b33c716f25: expected 605019 found 177075
20671788,aot,47477470.99074074,
20673078,native,60660531.675,
20669821,aot,56129927.58888889,
20674130,native,23423300.646788992,
20673735,aot,26415249.74747475,gas-used mismatch for 0x633a08cba26d9780d551f7d44de136a6fb4a42adca1666ee72181226ebd79366: expected 271414 found 238985
20674709,aot,19624222.7248062,gas-used mismatch for 0xff6887bf405c607db4b8086e351cf462060e247bd62a44c9c202305306f8bdd2: expected 379175 found 251999
20671776,aot,38864171.082706764,gas-used mismatch for 0x0e4d01d990333b6561281ee37ccd66322889fb46e7162a7ad8952b878483cc00: expected 577876 found 400426
20674018,aot,20755094.374485597,
20670231,aot,31769235.31372549,
20671368,aot,25578136.860696517,
20670665,native,54321526.64516129,
20669541,aot,14788429.433333334,
20673624,aot,26460937.35323383,
20672809,aot,17095891.610561058,
20673816,native,102958845.64705883,
20669701,aot,39051221.28244275,gas-used mismatch for 0x79e31e4554d0788f9a9d72afd10d5c7f166b3abd7e37b8bef0add5aeaeb16c86: expected 143821 found 77324
20672259,aot,88680299.94827586,
20674779,native,58943297.57954545,
20671555,aot,46413675.63963964,
20671837,aot,12049597.78271028,
20675161,native,37815710.40441176,
20671404,aot,61884714.3373494,
20671052,aot,42646220.25,
20671111,aot,24570781.418269232,
20672720,aot,39376061.47107438,
20673454,aot,32118976.339743588,
20673784,aot,35332800.44,gas-used mismatch for 0xde8a4dd0a083ae06100ec07938cc97e27c122e3c2d33dac03b6cfabcc480375e: expected 209352 found 82074
20669973,aot,35384345.90410959,gas-used mismatch for 0x7c41fc0fec6a617cbcd822c13a7377d986b5ade391bd47195a76d7ced4bbe289: expected 291519 found 98957
20673694,aot,27043888.630681816,
20673382,aot,25302098.60098522,
20671580,aot,45326215.33913043,gas-used mismatch for 0xca0ae5ca2f22b316f6446d684ba13b61ebf391d20e57f0dc3ec40051210e0aa8: expected 305920 found 232104
20671790,native,30271443.975757577,
20671469,aot,41696302.24576271,gas-used mismatch for 0x60b46ee2c6e28d2ab71175aac704d8d03863aee8f334653729734c015b674f9e: expected 323570 found 95868
20674040,native,41613480.55371901,
20669803,aot,4403098.36803653,
20674795,native,9073881.777403036,
20673662,native,46964977.82,
20673065,native,34474650.0137931,
20669862,aot,84127316.39344262,
20672186,aot,54254364.395833336,gas-used mismatch for 0x164abe4c4f9e694157a73fae738957d97868366c2a8f489ed4855f40e91d541e: expected 362595 found 285025
20672611,aot,39350603.00813008,
20674299,aot,46627673.29523809,
20673408,aot,39893560.73170732,
20671032,aot,88148628.8,
20674413,native,43029069.86486486,
20675214,native,78290770.95081967,
20671486,aot,46921102.02857143,gas-used mismatch for 0xb9356f9b816a11018fe2fa9105087bbcff0cfa58d20e655f19931a89ceb552be: expected 448440 found 226890
20673829,aot,52961995.43181818,
20671789,aot,22676000.51851852,gas-used mismatch for 0xde327687b562490ece90c20db6f6329b7b4523601a70d391d8b09fa6ea45295a: expected 367325 found 95868
20669822,aot,30361921.791411042,
20674131,native,23553166.953488372,
20673736,aot,45114648.531531535,
20673079,native,76677101.30263157,
20671777,aot,15493625.402515722,
20674710,aot,49250537.30693069,
20674019,aot,43979701.0990991,
20670232,aot,32642261.774834435,
20671369,aot,40061103.17460317,gas-used mismatch for 0x6983378007c0a07c791f4e76f40f0a0541065acbf04d5f850d5f3b3459b7ba79: expected 409032 found 226902
20670666,native,36491414.48529412,
20669542,aot,55896619.08888889,gas-used mismatch for 0x5b0b9cfb57802ccd7b1d8ac1afb07e89de6aef3c66476bd8a4df3141f373393b: expected 2306686 found 2305127
20672810,aot,64035695.94736842,gas-used mismatch for 0x0c286827b8a9b3d85ed332e6d51ee2ba02d55c0e0fb6a339fa69ca4c873a6f7f: expected 253749 found 238325
20671405,aot,45497396.85714286,gas-used mismatch for 0xb04f5fbac3f8c397ddb3372654d5d81e952b6aaccc0e666ff591f3a5107a439e: expected 838613 found 847482
20673625,aot,59589695.70930233,
20669702,aot,27778117.5359116,
20672260,aot,37304163.827067666,
20674780,native,29659880.76190476,
20673817,native,86065191.2,
20671556,aot,52106874.408163264,gas-used mismatch for 0x1b054941ec98c37505d7436037d0b78272a11a22b40e7d4896f3334fa2e179af: expected 308306 found 268346
20671838,aot,55921837.5,
20675162,native,22897918.049773756,
20671053,aot,19763966.740310077,
20669974,aot,39146801.71681416,
20672721,aot,29258662.994219653,
20671112,aot,45016849.43362832,gas-used mismatch for 0x50d06c2180fea2ea777b07116906eb5e4693809af648fcf3f26f973775f3782e: expected 4037763 found 1431012
20673455,aot,13677402.343589744,gas-used mismatch for 0xd191dfd8e51a0cb9380600eafcbeea14398409ee2352cf8019f10b7a0692d5f1: expected 404294 found 203798
20673695,aot,54269009.38709678,
20673383,aot,30088854.427745666,
20673785,aot,29745484.01081081,gas-used mismatch for 0xe5fead41a68da9c0cb8c1faa43797f752e64c442a67283ec947173ce5f7188a5: expected 392274 found 315258
20671581,aot,48065134.76415094,
20671470,aot,33682226.26490066,
20673663,native,33117785.267973855,
20674041,native,46305153.85840708,
20671791,native,55846547.90322581,
20669804,aot,75431069.17142858,gas-used mismatch for 0xd44e4fa9f987c5c8d1305b2d90d5e407aa6baef0edf59a894b1263122128e56c: expected 122176 found 36074
20674300,aot,65395103.844827585,
20673066,native,32850872.275,
20672612,aot,54867441.44,gas-used mismatch for 0x8fe6407dd2f43398270a6ab9cff86e7f0e3cf956c81ff43dcc57450a055407bd: expected 267598 found 207282
20671601,aot,18437212.086956523,gas-used mismatch for 0x41d95d90217ec6f5ea6de006eed233cd19e0b01def61c833e70be042e090c10e: expected 288355 found 319966
20674796,native,74203542.52,
20669863,aot,39304122.115384616,
20673409,aot,37650571.47101449,gas-used mismatch for 0xdf7fde239941dc21e035716e45337b89102540b14112de85c15a1bdff53784cc: expected 467395 found 95868
20674414,native,15365031.855882352,
20671033,aot,17944151.433898304,
20671790,aot,30038870.450867053,
20673830,aot,68152179.12,gas-used mismatch for 0xfd6e4c803413af9beeea38ae4d5a42eedfba7d1a0a3d4a34ab70e4bf3093ef74: expected 924628 found 862013
20669823,aot,34680553.5,
20671487,aot,37397425.78082192,
20675215,native,51663483.03703704,
20673737,aot,16611890.047468355,
20674132,native,69950987.33333333,
20673080,native,23247219.440366972,
20674020,aot,64261936.875,gas-used mismatch for 0x66214f60fa5c3653ac2c132f97927927c7509e013608e8663f7cf7900df2ef0b: expected 397799 found 96659
20674711,aot,43495486.73728813,
20671778,aot,57645850.06666667,
20670233,aot,25993098.890052356,
20671370,aot,19993003.37254902,gas-used mismatch for 0x524bfe4d4272d06eb9d80e96ad1b1ff17ed0b7a6dfb8109a0e37d3e858f977be: expected 277745 found 153935
20673818,native,92856326.37777779,
20672811,aot,42663976.67256637,gas-used mismatch for 0x85e7ef3a32cde538b34091a838b72a4f7b6e56b31510267db45401365aeecf80: expected 414942 found 372475
20673626,aot,25742081.892473117,
20671557,aot,31257800.942028984,
20669543,aot,48218723.23,
20670667,native,35474909.9117647,
20672261,aot,35034843.58695652,
20671406,aot,37457692.45801527,
20674781,native,40616040.28448276,
20669703,aot,49306903.94,
20671054,aot,68790816.91428572,gas-used mismatch for 0x0546e4ed9cbb2476b820f4a2611264d17f4f5e8e7b7236bfc9b7df39b572b9ea: expected 625491 found 596147
20671839,aot,37976375.120300755,gas-used mismatch for 0x16e64bfda72cb0ec51d009e834b8fbd9b7c85763b6f9c004c6f087af0d33a75f: expected 222506 found 80036
20675163,native,47342169.366336636,
20672722,aot,11958970.93718593,
20669975,aot,42881896.690265484,
20671113,aot,59733909.1627907,
20673456,aot,54421586.22727273,
20671582,aot,35722901.992592596,gas-used mismatch for 0x0b187e05485059913492090cc52a23cb2387e76505912a9683dbd777abd28e38: expected 398490 found 105664
20673786,aot,39558906.64285714,
20673696,aot,41042032.664122134,gas-used mismatch for 0x4486c224fc7a192522fa31072f990443594923883b71f18b48e5482fdeb2adac: expected 604832 found 462427
20674042,native,5223623.370882041,
20673384,aot,69506500.18309858,
20671471,aot,38744345.961538464,
20669805,aot,37276402.97619048,gas-used mismatch for 0xc03ff050353d1cc638b83696652f8ffd9d7226f50475f9b5fc416cb5f80113e5: expected 457055 found 249042
20673664,native,57714676.86046512,
20674301,aot,20829469.74042553,
20671792,native,38993794.384615384,
20672613,aot,33376351.31081081,
20671602,aot,37901771.70229007,gas-used mismatch for 0x7bfdbc95d860504ae765199c5d91eab7f39e2d44dd5b5a746beaa25b0deb5709: expected 409264 found 234866
20674797,native,28245490.85549133,
20673067,native,63017115.44871795,
20669864,aot,37631827.64661654,gas-used mismatch for 0xccf7d6783ebcbf410248dc324e272b3759bf17dfeb32bff274470bda2613b28a: expected 277745 found 153935
20673410,aot,34384372.75333333,gas-used mismatch for 0x167769fe70b8e337db5516ac883da8fd63b1054822fb7001d712347aa46ea9d2: expected 313071 found 254544
20671034,aot,55912202.15909091,
20674415,native,48839668.03,
20671791,aot,49132328.9009901,gas-used mismatch for 0x0b894d675a21bc561642a6457dd24bf4ed7236ebd7acc638d280da10c1d6a449: expected 308591 found 237977
20673831,aot,22018838.772532187,gas-used mismatch for 0x90d5e21242a1879edc9ab56c6c8b10fd5d8816dee9936473311efad251f45f94: expected 979766 found 881071
20671488,aot,22279593.452914797,
20669824,aot,36068771.97857143,
20675216,native,30412386.560240965,
20673738,aot,69177765.45070423,gas-used mismatch for 0xca941584a4618f334271f146cb7ebb5c10c572e2c825403ca12f990fd37bdaed: expected 196103 found 81750
20674133,native,33694120.32450331,
20673081,native,29677291.14285714,
20671779,aot,28993407.147727273,
20674712,aot,24102513.36744186,
20674021,aot,33621544.38181818,gas-used mismatch for 0x5a0438986a6bd5eaf77be65f16e8dfc939f38e3d81b5fef18ce99b11dd7872c7: expected 371536 found 375266
20670234,aot,37808953.65925926,gas-used mismatch for 0xb360c81a67d2709448797e8c55f852cfbfbffde2ebb70713c0c761d9c3e2c5db: expected 276407 found 209795
20671371,aot,57685319.255555555,
20674782,native,45408703.71428572,
20673819,native,68235923.85714285,
20672812,aot,30703128.475,
20671407,aot,8426602.054276315,
20673627,aot,34731429.5,
20671558,aot,49207289.93396226,
20669704,aot,31113015.757763974,
20669544,aot,40986409.25954199,gas-used mismatch for 0x1719001e6727448df5a6e32507a8f16fdb1dcbc734e453c406da023755440f13: expected 215659 found 227476
20672262,aot,35560001.22516556,gas-used mismatch for 0x9d6c8cf6c95b5cad6bd05d0f29fc59046e4444f799ac1f300e852d737a0066f7: expected 517630 found 340669
20671055,aot,16415827.112903226,gas-used mismatch for 0x3af9c449b6ecb25782741ca61031e8bad683ea96f17cb8c3936e9060d86147db: expected 365755 found 306086
20671840,aot,15971866.428125,
20670668,native,46100559.190476194,
20675164,native,37394944.22794118,
20672723,aot,62570211.16049383,gas-used mismatch for 0x0deb77dfc715a45ac447eb7bd8ed70bf79b748f978564fede843c0f51aa2ede2: expected 649756 found 539432
20669976,aot,21541304.88655462,
20671114,aot,24870817.3880597,gas-used mismatch for 0xa412d50809c36e445f2e44e50597db951f368ab0e1ce6cb80e5ed6e245ca8930: expected 277745 found 153935
20671583,aot,32983822.664335664,gas-used mismatch for 0xeb3cecbbbbbc6ce49db11cec044b68ed2b6563a8e845f55b8cd6199996b7391d: expected 832092 found 202213
20673457,aot,30246419.55882353,
20673385,aot,25846755.05851064,
20669806,aot,8474638.301038062,
20673697,aot,39518926.64285714,gas-used mismatch for 0xa1641c23bac22ad7ecf6a4cc30644b1f996f1a6e73350c5156d9206115944a31: expected 207710 found 82074
20674302,aot,45176152.16037736,gas-used mismatch for 0x6c8f24ef7e60e309eaa5f147f6b7c72dbd244920e54ff14220a6947425f938d7: expected 909381 found 666938
20671472,aot,34664597.56737588,
20673787,aot,37596596.62142857,
20671793,native,26778289.01734104,
20674798,native,35503349.183823526,
20672614,aot,32817914.837837838,
20671603,aot,48300351.45,
20673068,native,40982132.07438017,
20669865,aot,30924300.72392638,
20674043,native,73692708.48529412,
20673665,native,63750278.4,
20671035,aot,46247967.50495049,gas-used mismatch for 0x8c592d1082719ffd26d045178628c011c1f3139c2e73b4450850f2da4572c412: expected 425587 found 95880
20674416,native,8988598.706959708,
20673411,aot,31185442.90625,gas-used mismatch for 0xfdc2071042840856e54768987db622eef12c7ca08ffbc93b83a4c9b46f207727: expected 263156 found 196659
20671792,aot,38155576.04511278,gas-used mismatch for 0x3eab1a9ccbd18b88a367b257b2998f7b9f080d9e7ef3038958a9d47f3e6eabf7: expected 277745 found 153935
20671489,aot,42845484.61818182,
20673832,aot,35848589.162962966,
20669825,aot,45726920.769911505,
20675217,native,40657410.20634921,
20673739,aot,42808450.355932206,gas-used mismatch for 0xfc9aa79e2921af75ba693cab9e37963e24865604e374b34b719e253d31dfd4dc: expected 677320 found 485434
20671780,aot,16374954.498305084,
20674134,native,38801550.52898551,
20673082,native,58610876.5882353,
20674713,aot,37116044.503703706,
20670235,aot,58939009.67045455,
20671372,aot,37908488.07633588,gas-used mismatch for 0x9fead6ea12ceae11f0172dc8ca12f935116ea40e2cc1f9c8119a8102691e31d5: expected 706216 found 537712
20674022,aot,48781755.11111111,gas-used mismatch for 0xd64b3023c09509e33c8e1c014e3ae20443b0361150df5b9693b55d5c6d4543c3: expected 624281 found 348278
20674783,native,29562595.420454547,
20672813,aot,17509177.72508591,
20673820,native,83908568.16666667,
20669545,aot,32919649.271523178,gas-used mismatch for 0xa4abf4bdac0018ef685c128c57a9652cdf1d7fb4b3076cd9e6f14b595805d685: expected 215627 found 227444
20673628,aot,34852505.425675675,
20672263,aot,46286314.19444445,gas-used mismatch for 0xfa5134343be6ea6f4c55312594ff3bc078aa7e4cbec15ec9d66e794df1866f94: expected 205406 found 80036
20669705,aot,20053405.366037738,
20671408,aot,99025545.73214285,gas-used mismatch for 0x47bb06dff900aba576ac4897c043b15dbc60ddd98dedc97d3af38fffbf13864b: expected 767177 found 414321
20671559,aot,68478756.98717949,
20670669,native,48870332.54368932,
20671056,aot,55362276.77419355,
20671841,aot,58919084.60227273,gas-used mismatch for 0x7ee9cefc2015a62224d452f7afaa8282e5f0ab63a755d88bc251e0004ca2d5af: expected 444075 found 279387
20675165,native,44107409.79661017,
20672724,aot,29407774.130681816,
20669977,aot,55862190.010752685,
20671115,aot,22134293.575510204,
20673458,aot,40161735.46875,
20671584,aot,44323376.1,
20673386,aot,16116992.018292682,
20669807,aot,73715507.14084508,gas-used mismatch for 0x1c309c8f111a15b02fd05f2a3599118290fe20ce09d51a266c9878de0af8e82d: expected 877331 found 861282
20674303,aot,25816685.46268657,
20673788,aot,31456498.060606062,
20673698,aot,49701548.36792453,
20671473,aot,46153756.95652174,
20671794,native,53644900.78125,
20672615,aot,20514075.727272727,
20674799,native,79138524.8,
20673069,native,28154685.96276596,
20669866,aot,56875729.94623656,gas-used mismatch for 0x7f4dd464b5fad82206aea67fa3bddfa87a8fd1919b57baaa79a57a847a8b4d2b: expected 385115 found 317114
20674044,native,56808574.376344085,
20671604,aot,54832135.645833336,
20673666,native,38088430.91111111,
20673412,aot,36003059.0,gas-used mismatch for 0x26d92c5d77d62c1a7d6fb54d33e4b75f9fea55e1d0c38ac70f712a0d62cdf625: expected 897249 found 483906
20671793,aot,27297566.908108108,
20671036,aot,47735682.3539823,gas-used mismatch for 0xd93ab316e58c33d9ad2ec37f47e1ea26ebdfd3ae9880efa6ed39876c014c3a73: expected 189752 found 81774
20673833,aot,80976130.36666666,gas-used mismatch for 0x2dba45b0757a6952d66e0e4733b81505bb6e8161304d9a51c9add677a6ad2cf7: expected 1378275 found 1414930
20671490,aot,44856696.95652174,gas-used mismatch for 0xae2a43764feb9580d1690d52f90f6b51d30d1cb865994a8bca45ea127dd9ff7d: expected 816856 found 978609
20674417,native,83393434.09523809,
20669826,aot,13885765.835616438,gas-used mismatch for 0x06cebeeb42ec7f6d6932696c4e485c8d2c0141439fffa564be3c4751f51cedcd: expected 663513 found 617622
20673740,aot,37585981.35114504,
20675218,native,57556232.2,
20674135,native,49400208.23655914,
20671781,aot,63365290.7631579,
20673083,native,46380842.81415929,
20674714,aot,31121360.466666665,
20670236,aot,31355171.1192053,gas-used mismatch for 0xe707f65f17125194b604e1f4d42f89a6b2bbbd4ba94c937ebc94d36d62f50860: expected 584444 found 412603
20671373,aot,37316791.8359375,
20674023,aot,48034539.95,
20674784,native,45169460.08571429,
20672814,aot,73153748.37878788,gas-used mismatch for 0x30b153cf73c86aab40d91cdc34e8e7bc0e593e910155067309c83eead2296b37: expected 812878 found 544459
20673629,aot,37031836.11111111,
20669546,aot,45989227.14814815,
20673821,native,84992084.3,
20672264,aot,37845214.55384615,gas-used mismatch for 0x4076cbe4b76ef24e8f1e2d58b7ce68b67b590682f83931335aff4d43d49497eb: expected 590171 found 348278
20669706,aot,57067763.44318182,
20671409,aot,55236025.4,gas-used mismatch for 0xe778e9f4bd918ff6f3fa2d470c2d908568c29a682a86543b913c4ef3487b106c: expected 833190 found 191970
20672725,aot,56018249.55421687,
20671560,aot,33530264.98013245,gas-used mismatch for 0xacf9b557036d322fe32f5d53b840cde98b216cf64a7397d4979457f83dfc4641: expected 624274 found 439833
20671842,aot,30003117.01840491,
20670670,native,36904497.676470585,
20675166,native,55652265.69879518,
20671057,aot,39921150.70731708,
20669978,aot,41023509.584745765,gas-used mismatch for 0x68958895bff0f55d6587be8620d9a8509a9fb8299581f8df052b87300fcbf03f: expected 282545 found 153935
20671116,aot,56633450.746987954,gas-used mismatch for 0xe3bd35c3c140d1d4dcbaaa1a79598f472f693ee1c190e00199cc066f8e5450a0: expected 277745 found 153935
20671585,aot,36315742.69172932,gas-used mismatch for 0x5d2cf0339153a4789c81a69231a889270652fc769b67154567ceef3ccb61f1da: expected 1017881 found 659672
20673459,aot,53329549.44210526,
20673387,aot,64460369.85333333,gas-used mismatch for 0x1944d5b5758704e737b601bda75cf22dddb9577fd0e40a7f2040de4fabf33b43: expected 2509261 found 1628328
20669808,aot,46243879.59047619,
20673789,aot,34870162.066176474,
20674304,aot,53667277.76344086,gas-used mismatch for 0x2706d145dbb9f14b8102c8fc421e355e1a6bfb20fcff1db7c1109697e1017414: expected 271892 found 238096
20673699,aot,31655245.832298137,
20671474,aot,47234812.905660376,
20674800,native,19101006.272,
20671795,native,36589388.01449275,
20673667,native,50265531.61627907,
20671605,aot,42568116.55855856,
20672616,aot,78202215.87692308,
20673070,native,44266493.04310345,
20669867,aot,40258657.09375,
20673413,aot,43344548.51724138,
20673834,aot,32916043.945945945,gas-used mismatch for 0xdc9d860e696ff0e6feb461b8d87cdb070c7689091e42dc1b4552c415ca41cdd8: expected 316582 found 206403
20671794,aot,51165884.46,gas-used mismatch for 0x6c328583553ca4feb974073d94534f35509942ba4c5a198bac66e39696334cfd: expected 414658 found 163959
20674045,native,44108349.912,
20671491,aot,37826941.23664122,gas-used mismatch for 0x006369a64d27b4aa0ba1e4fa53932d17d6e710b610241a6bf47427365db27e04: expected 685603 found 729882
20671037,aot,37642618.52898551,
20674418,native,59380154.17045455,
20673741,aot,35611661.43971631,gas-used mismatch for 0x86e56aacef1e33a9ebfb3b199dbf8d59720562a19da969934c9a8a9db646d351: expected 254932 found 210721
20675219,native,48442527.058252424,
20674136,native,34673326.78767123,
20669827,aot,69856104.58666667,
20671782,aot,44820037.67256637,
20673084,native,31810172.69375,
20674715,aot,34198480.78,gas-used mismatch for 0x7a5bc9b32e45555804e73b65e4551ed4f54ffa1fa33a61d4807b27c3e3474674: expected 762798 found 425804
20670237,aot,36031056.72142857,gas-used mismatch for 0x01ea9c2a44960acd9cbf7b64cf0cc33eb152712ae0fcfb0b180d591dc353bede: expected 253063 found 205818
20674024,aot,48858722.84,gas-used mismatch for 0xa0639de556d2d3146ee4b6c207ba765a8ed1bb6c3ab99ccb9ebd9332fbc27914: expected 369673 found 222282
20671374,aot,69928473.68421052,gas-used mismatch for 0xe4e92e95abae1e90d0a32c314c3ff168d189608a10498073d98bf2e80a8b3bae: expected 592200 found 174721
20674785,native,39656189.884615384,
20673630,aot,23655331.034146342,gas-used mismatch for 0x1d36b4fa97f93823df895f028f2ec31d8182325f7e5cfa371db183b502fee03c: expected 263154 found 196657
20672815,aot,43239302.71666667,gas-used mismatch for 0xdb8af415cd98af29e2919322702a523b90150eb6f5c51f7445cef8e27faa23ec: expected 719392 found 616574
20673822,native,85693581.73333333,
20669547,aot,36327625.78767123,
20672265,aot,55602978.336842105,
20669707,aot,21697995.03508772,
20671561,aot,27626177.50273224,
20675167,native,28735302.470588237,
20672726,aot,42141177.04958678,
20671843,aot,50516986.08,gas-used mismatch for 0xd4d07f26dd1f0ea4c48d5d8be010ff11c3d19d7e0e3ac436394cada400f687c9: expected 418224 found 619653
20673460,aot,22158911.243243244,gas-used mismatch for 0x905cc6f83aee56603fa52228fb74ba22230529865c442127e8403f90c08dd638: expected 360091 found 317090
20671058,aot,38122136.15037594,
20670671,native,54884200.76923077,
20671410,aot,43285140.792,gas-used mismatch for 0x2917dbc71419493a4b510645e171cc2ee65acc77cddb4617f849499b5bb74ea8: expected 348054 found 160844
20669979,aot,12964035.820253165,
20671117,aot,40618590.23577236,
20671586,aot,34799827.0,
20673388,aot,25175856.043243244,
20674305,aot,34873876.6640625,
20671796,native,49951208.37647059,
20671475,aot,20485568.85281385,
20673668,native,5904351.76843467,
20669809,aot,37240535.515625,gas-used mismatch for 0xbc3b37cd9dc84350e9864c99bc2e02a0f3fd1d3cdf223a1244abef40da6f8239: expected 500348 found 95892
20673700,aot,61600736.62820513,gas-used mismatch for 0xc27fdfb5bd416531bbcb99eefa80b1749ed26bbc484e482e8d74d01213a1b6a3: expected 296515 found 328126
20674801,native,42703817.182608694,
20673790,aot,49957259.21,
20671606,aot,39478370.608,gas-used mismatch for 0xe79bb773fdd6192988e23610f9a56500e543b597f03934bf8d3c4497db92bfe4: expected 262550 found 196669
20673071,native,30503398.614906833,
20672617,aot,37271670.99230769,
20669868,aot,36558340.323308274,
20671795,aot,34317995.91608392,
20671492,aot,48720293.97959184,gas-used mismatch for 0xbf34b009705fe5311c95c422a9b132c0aec998b3d42623fd080881d24f2f0aa6: expected 126463 found 74631
20673414,aot,31137812.620481927,gas-used mismatch for 0x00ee7de8d6d11a2d3a9028db4fee40e464b55e1de21fe4601822e71598e42a0f: expected 191801 found 81786
20674046,native,34551399.14285714,
20673835,aot,63209699.60493827,gas-used mismatch for 0x3336c27878182163caad75a70b789b4426088c99de4b988d849ec58656a451a7: expected 702611 found 318235
20674437,aot,42680108.077586204,
20673742,aot,49251928.76530612,gas-used mismatch for 0xc9e9829d9fed44dfc72b93f27ae18d11d6479c93de87b17356fb9f30e7e4fdea: expected 371817 found 175140
20674419,native,46889947.18867925,
20675220,native,38347476.092307694,
20674137,native,30062014.254545454,
20669828,aot,37508513.58646616,
20671783,aot,39889607.7107438,gas-used mismatch for 0xbdc873f1c4d51d2a22a7905a6f985270a60095811c0e0805ebdff6479dcbaeec: expected 533538 found 174591
20673085,native,19411931.88627451,
20674716,aot,31872996.660256412,
20670238,aot,44203340.15652174,
20674025,aot,37884669.89473684,gas-used mismatch for 0x3bffac0fd7b8aba6b92c26e0d7e19c61d30f4c354f3bbee8165752455989bd60: expected 366030 found 95880
20674786,native,37324222.566176474,
20673631,aot,59118342.58139535,gas-used mismatch for 0xb1bcff314f581a2ac87af3823e31ac59f69ba228a83dce56bcd564b754b63d73: expected 317442 found 95892
20671375,aot,37072076.951724134,gas-used mismatch for 0x0cbbf092cbadd12cf2d2a6bd80daa9965d9d0dc6e0d822954ee8cdb8aa5ae07b: expected 381608 found 250152
20672816,aot,49662527.38679245,
20672266,aot,14756832.295977011,
20673823,native,90785617.6,
20669548,aot,36296820.09589041,gas-used mismatch for 0x9c631a148adb490f188f5ba2fb71f894956df7b6be36bbb13e42c6a216c29eb6: expected 1537193 found 1093489
20671059,aot,26513116.785714287,
20672727,aot,4107547.143902439,
20670672,native,23249513.12437811,
20675168,native,33355530.61589404,
20671562,aot,21799324.341563787,
20671844,aot,32601382.65,
20669708,aot,34748730.065476194,gas-used mismatch for 0x614e86b60beebd51e2702336bbaaf6b4ee328fc5c92e3d942f9ea55a7c230bb6: expected 375110 found 95880
20671118,aot,20903523.71784232,
20671411,aot,43145747.358333334,
20673461,aot,45548136.46341463,
20669980,aot,58914174.53409091,
20671587,aot,59088292.72727273,
20673389,aot,41782461.5546875,
20671797,native,15035275.328611897,
20674306,aot,71063787.62666667,
20674802,native,57526854.15116279,
20671476,aot,65770961.94871795,
20669810,aot,48648697.277777776,
20673669,native,42404822.76,
20673701,aot,40492503.78125,
20672618,aot,36154879.39849624,
20673791,aot,68369282.58024691,gas-used mismatch for 0x5777a16a607a0d9db689feb779bbb364cc9c94eef308edfb75f270de0b010f44: expected 306482 found 95880
20673072,native,37683077.17037037,
20671607,aot,40969568.9453125,gas-used mismatch for 0x3740cc689cf708ea3ab9659dee8a9a0e75507391f54d71d5b0bcfe99b747090c: expected 549575 found 565939
20671493,aot,42226833.20689655,
20673415,aot,55276006.39772727,
20674047,native,41098015.06779661,
20671796,aot,47817543.04716981,gas-used mismatch for 0xa5a5fb8290f84fb95df424cf575c4fac0cb69d57b7c1826122998bc8ae3443c5: expected 613864 found 189854
20673836,aot,34342507.61643836,gas-used mismatch for 0x97bb123d2882ade5fea6c1fcb99af43d69e25824faf095e255c80937cd2124b1: expected 563268 found 145834
20669869,aot,42895152.4296875,
20674438,aot,65392741.49333333,
20675221,native,42340527.34951457,
20674420,native,45234270.56603774,
20673743,aot,45970105.92727273,gas-used mismatch for 0x83cdc79118ab248e086c7105878f79195c5adc311c2b16f153aa31613905e796: expected 436311 found 382877
20673086,native,41913577.666666664,
20669829,aot,31634667.437908497,
20671784,aot,39075566.08,
20674138,native,48078868.16037736,
20674717,aot,58459780.04705882,
20674026,aot,33892330.36170213,
20670239,aot,36211386.74637681,gas-used mismatch for 0x22e73e6d87e7eaf6878fac7ea16acf7c6cddd0a3dc02eb922a7951294c6c78ab: expected 543411 found 86215
20674787,native,30622092.44375,
20673632,aot,28298264.176136363,
20671376,aot,32600039.875816993,gas-used mismatch for 0xb30452b88a70a5b9bbd1a0919a68bb9294bb9df06e626743b401eed0c2a4ff42: expected 453963 found 249042
20671563,aot,68902530.16393442,gas-used mismatch for 0x44f9df3a1aaa6ba9c7ca31ef1b71b8be983573f57684607ef861dfbcaff93ba5: expected 1390695 found 491859
20672817,aot,46422837.66037736,
20672267,aot,43087834.63478261,
20673824,native,37833302.03703704,
20675169,native,24869062.3,
20670673,native,46725899.961904764,
20672728,aot,73725310.07575758,gas-used mismatch for 0x5fd2411aaa22955e16f22c22128d701e312f281aeeccaa3abde7d1655f587367: expected 461009 found 344749
20669549,aot,81005706.74603175,
20671060,aot,80460479.76190476,
20671845,aot,38254310.932330824,
20671412,aot,47278734.31428572,gas-used mismatch for 0xa7dd05a61aca188aaf31e3cd6036d09ddb9d58353b1dbbb8b20845532ea7ee50: expected 126721 found 77324
20669981,aot,31522319.525316454,
20669709,aot,50661502.24074074,
20671588,aot,32538573.545454547,
20673462,aot,27748441.79581152,gas-used mismatch for 0xc1412f201a5ee4c2432bc1a4704fe45e4df02dcfc65c53ea8fa77584fec31573: expected 352123 found 95928
20673390,aot,36625264.63703704,gas-used mismatch for 0x4224e73d1287b389bed1c035dfe13f528bcb92e1f9c36a5fc83014856c6b55b1: expected 269268 found 214791
20671119,aot,105369996.21428572,gas-used mismatch for 0x8e4923f63beb06b37a430df14025a7f0ca42cab16e7ac2b3c569770e3d9c1a5a: expected 887630 found 513545
20674803,native,29688545.942307692,
20674307,aot,29991115.692771085,
20669811,aot,49403840.95918367,
20671798,native,84516888.86885247,
20671477,aot,45085399.35652174,gas-used mismatch for 0x014e9b61cab0b26f9497130f0c3993b70a7cede6d9a525efb9772ebe2ea6976f: expected 838032 found 338404
20673792,aot,9365059.174418604,gas-used mismatch for 0xcc8ce01c903fdc400b342d64c9be2e614aef1ef4a55c2cd5ac77853288e5b629: expected 311041 found 234162
20672619,aot,39186055.81746032,
20673670,native,53272964.56842105,
20673702,aot,38089584.635714285,
20673073,native,37669136.127819546,
20671608,aot,39452081.81746032,
20673416,aot,20790454.62605042,gas-used mismatch for 0xf7bec4ffeaae7e898d951ece51481192e6ad15247a259a60f34ba9c6c1c33c36: expected 291859 found 247788
20671494,aot,20478206.113821138,
20671797,aot,14443393.924855491,
20669870,aot,38962200.792,gas-used mismatch for 0x3ed9f5f75a105da263c72a8403415b915a4cf157edad49ac16b0389e0396a2ce: expected 529297 found 401401
20674048,native,48288482.41747573,
20673837,aot,34938435.92465753,
20674439,aot,38930497.2481203,gas-used mismatch for 0x57367ec41f0586073ebf678b5b8995e0d2448fe3990d9e13912a635c040235ce: expected 380013 found 95892
20675222,native,33164441.09493671,
20674421,native,32823824.541935485,
20671785,aot,38762667.016666666,
20673744,aot,25712866.296116505,
20673087,native,57217025.02325582,
20669830,aot,45157711.30434783,
20674139,native,30898262.74117647,
20674718,aot,50743260.718446605,
20670240,aot,21905066.044247787,
20674027,aot,53058291.510204084,gas-used mismatch for 0x4095b74e01d9d135ca20c4fa3e523067b1ddb1e4f82150bd693111bc39b00a59: expected 372347 found 107232
20673633,aot,37245394.06870229,
20673101,native,77511788.63235295,
20671377,aot,46559664.96521739,
20672268,aot,60551454.481481485,gas-used mismatch for 0x442ac6208be260c98879d08edf36efa62c0bbb421a327ace5370996e7fd4c0ff: expected 398559 found 223865
20671564,aot,47329502.95283019,
20672818,aot,24138641.274418604,
20670674,native,38265807.21875,
20673825,native,73633067.21428572,
20675170,native,46931545.99074074,
20669550,aot,39275476.796875,
20672729,aot,34337584.77483444,
20671061,aot,38410439.87692308,
20671846,aot,26078231.936842106,gas-used mismatch for 0x8c03f023a633753933f9aebd034ed2f1ce0b826dfbaa954520ddc9a5198807ac: expected 430050 found 315330
20671413,aot,50460935.41904762,gas-used mismatch for 0xcc0a3cd1aaa4dc35430bfa3f67d61ba885ad76ed35f6b31200a8e60971148814: expected 305163 found 95868
20669982,aot,36566045.27941176,
20671120,aot,31927922.727941178,
20673391,aot,19291596.975806452,
20674804,native,54340928.63529412,
20674308,aot,41725731.77118644,
20669812,aot,40143062.220338985,
20671589,aot,30846401.45625,
20673463,aot,34745996.06849315,gas-used mismatch for 0xac8e1226a79ece13b75625635d45d9a029f95a778f76067c9c82e16e8f610a00: expected 285617 found 196669
20671478,aot,28467468.37647059,
20671799,native,37450611.65384615,
20673703,aot,7843331.708534622,
20673671,native,25929899.47368421,
20673793,aot,21163937.80894309,gas-used mismatch for 0x7a32c351a6bf2b8eace912c7b2f88341a6cceb87c9468feff637587d3656e995: expected 309727 found 234164
20672620,aot,57037161.29069767,
20671495,aot,49435502.04301076,gas-used mismatch for 0x30f121c29261fcbc325f6057e694e702bc489f4354089c239fa44a8289fb0e2a: expected 196985 found 81646
20673417,aot,42860786.52586207,gas-used mismatch for 0x625428050bb3d2fcf0154329d44bb7aa5d58706c5c164bccacb61e7dfefbfd11: expected 208040 found 82074
20673074,native,38045204.165413536,
20674049,native,27572037.085714284,
20669871,aot,32898812.425675675,
20671609,aot,41014599.472,
20669710,aot,58778339.58252427,
20671798,aot,68661334.16438356,gas-used mismatch for 0x2914150419dd30e71957d136f76557b2b1b514f9c20807303ea49a12b44c37fa: expected 649797 found 119433
20675223,native,30592865.555555556,
20673838,aot,58159821.44086021,gas-used mismatch for 0x58ba83e88deb2a50e491c8344ceb31870d765931d809f90746afd230e2a760af: expected 3143406 found 3067600
20674440,aot,44331714.097345136,
20674422,native,61233961.493827164,
20673088,native,34201155.17482518,
20671786,aot,34480089.0,
20673745,aot,42927431.88495575,
20669831,aot,35184313.10344828,
20674140,native,65984368.1875,
20674719,aot,32016704.518987343,gas-used mismatch for 0x4830717cf8e80f62e324fa4fefd2fc9816b0f51ff5e89061301078293cd025b3: expected 646197 found 346341
20670241,aot,71835038.44285715,gas-used mismatch for 0x3e6da0fec380dc4a86f372d7a13872e761d18f886766cdacf8eaad83104225e1: expected 1592480 found 1559443
20674028,aot,28122917.817679558,
20673634,aot,31857974.932515338,
20673102,native,26087177.184615385,
20671378,aot,35606171.56081081,
20671565,aot,49568869.4,gas-used mismatch for 0x0eae3b7c0d9996a7b60c441f8b473640c43ba16eaef5a7d7405d0f80a9e9fe7c: expected 624359 found 467639
20672819,aot,43632606.62601626,gas-used mismatch for 0x067d6a84388743d0af1486188ffc1c7c2f28f6bd5bee0be9460141888a06eb1f: expected 439881 found 98969
20670675,native,46057366.763636366,
20672269,aot,51043396.527777776,
20675171,native,50330385.80582524,
20673826,native,79146796.53846154,
20669551,aot,31665869.791666668,gas-used mismatch for 0xa45899d188c40ad7ddb808174efde8bd428dbd8536dddd87c2d97ee2ebd4f743: expected 215637 found 227454
20672730,aot,44518856.5338983,gas-used mismatch for 0x87a41c218c6651c9a838de3c4aeba94b95c04ebe9b8e9b75967cb4bc58e592d1: expected 156759 found 94469
20671847,aot,32906956.01212121,
20674531,aot,36009174.04819277,gas-used mismatch for 0xd318cf2c54f0416a33a4defdbe158374bec32e6d9b6bed4b2821f33709915b46: expected 1757725 found 650191
20669983,aot,44221353.12068965,gas-used mismatch for 0xf734ad00d461464d47bb406d4cdbadb88e9ccc76b6aaa7fa97764a000b9b675f: expected 322509 found 278802
20671414,aot,33817388.33986928,
20671121,aot,28944672.81081081,
20674805,native,27460726.524324324,
20673392,aot,36482129.30821918,gas-used mismatch for 0x5be9bd914b9e001dad39e05b091e8641d87c69fe14d467056d8544f9a39e718c: expected 239051 found 118512
20671590,aot,28543732.165714286,
20671800,native,37243569.610687025,
20672621,aot,29468222.165562913,
20669813,aot,49207785.43396226,
20674309,aot,55803478.578947365,
20673704,aot,45822296.04716981,gas-used mismatch for 0xc315ca7c2fa97c03692a7ff7c4ef9a5219dd9b29478e0a87fc129209ff6a9537: expected 255490 found 194166
20673464,aot,29332783.12565445,
20673075,native,43992111.594339624,
20673418,aot,19582640.588932805,gas-used mismatch for 0x15babe06d895c98816708e868d7741c46f6ced7774b853a49d72bcf0beb4506e: expected 194347 found 185358
20673672,native,39190313.31111111,
20671496,aot,31842570.607594937,
20673794,aot,79954650.10606061,gas-used mismatch for 0x18009842a3e3204243739c3acc861d7c14d9c96bd7fcd723f3e9caeb01ce6225: expected 5105327 found 4221531
20671479,aot,43084309.624060154,
20669872,aot,46194438.75238095,gas-used mismatch for 0x356f0d79a0466b8c85daca8d77f2b0d8fe7448cc42f16406d21ebdbbfd4131e8: expected 246385 found 228831
20671799,aot,36728084.5,gas-used mismatch for 0xe3ecbf0a3c6eb1073ea4528ca6464ee5c72a4c28b4945f703e17bc6fab1f0314: expected 263166 found 196669
20669711,aot,35726088.442028984,
20671610,aot,39435625.73846154,
20673839,aot,39949247.905172415,gas-used mismatch for 0xbfcc24fd5552a92743390abb57c4059a2c6d594c3c1450da8df76d71f82adc0b: expected 322263 found 95868
20674050,native,29199683.454054054,
20675224,native,48220956.969387755,
20674423,native,24137375.320197046,
20674441,aot,45169428.198275864,gas-used mismatch for 0x79448dce8baa04d7d42cfd456d5899460cc0a8d54c76f99d9b61880b74bebc55: expected 811666 found 691745
20671787,aot,39725384.29752066,gas-used mismatch for 0xbeaa507682885588dcf7ad88b719df3967ba380e8fcfd003fda03ea1e1b3257c: expected 593450 found 213812
20673746,aot,34036165.19148936,gas-used mismatch for 0xb88a9e63f8cbabe37130e421e2861122df3de1ee7d3bdbb83d77ee31ac2447ab: expected 392262 found 315246
20673089,native,33843273.62837838,
20669832,aot,30331433.761290323,
20674141,native,15565414.492063493,
20674720,aot,34973441.51633987,gas-used mismatch for 0xaf38204be82e5a61859d677c0cd2d1e219876dc5d43102b9097f3d9e11c074b1: expected 473538 found 390954
20670242,aot,24016250.633802816,
20674029,aot,28512612.061797753,
20673635,aot,34380859.73972603,gas-used mismatch for 0xc3118b8e63255ea36d43172c50c85741cfc0eb4135822e6075256ea79a6ff0ec: expected 298217 found 208834
20673103,native,65671723.73972603,
20671379,aot,53208982.81318682,
20672820,aot,21698252.632743362,
20670676,native,47809901.9223301,
20672270,aot,30809997.695652176,
20671566,aot,36010459.33108108,
20675172,native,29188915.38690476,
20669552,aot,35108612.80434783,gas-used mismatch for 0xc7c689c722fab8033bedf2bed44c9a6e8022b1f7cf7faaa56adaa4a66d2caebb: expected 372181 found 294069
20672731,aot,34403625.966216214,
20673827,native,63231479.6375,
20671848,aot,56997660.85227273,gas-used mismatch for 0x6caaae5dca50f929f8465d808b1627017ffb4b89fef4f3026e5e6f9e2bdd6d1d: expected 255638 found 238165
20674532,aot,43662158.14545455,gas-used mismatch for 0x10d0da32e0ecbf2fe950f8e9262931798f21fbc4c6d1808008cd04ba708df104: expected 548188 found 119928
20669984,aot,33796300.2027027,
20671415,aot,58723484.68235294,gas-used mismatch for 0xe1d16f233ebe0c4432171f995bc00f2355a2978fdd7a45b56533b77277dc58ee: expected 209352 found 82074
20671122,aot,25571054.71,
20674806,native,40402811.488,
20671591,aot,31246383.5125,
20671801,native,31881071.522580646,
20673393,aot,46368879.9,
20674310,aot,25456017.362244897,gas-used mismatch for 0xdf12ffc145c3e34a9e237466ee880e28b8686a34040e5daccefa46ab4bf1de1a: expected 883028 found 630987
20669814,aot,45690064.230088495,
20672622,aot,93254013.83928572,gas-used mismatch for 0xb5f9477c9e543c774ccacbd6d1ac2957c6e8fba4c2c44abeb48c73a590d19c28: expected 325786 found 193298
20673673,native,46636755.95283019,
20673465,aot,81463246.07936507,gas-used mismatch for 0x6bd7016714cf9dabd0833ea23484aa49390485a0b9a0585e618f41d624a9b74b: expected 305617 found 232104
20673076,native,19623534.73880597,
20673705,aot,68742603.62820514,
20673795,aot,51659363.33663366,gas-used mismatch for 0x01dc528ec6eafa1a9b2ad5240e50a65d4915bac6a1e84d2fdaa62031ecc59ce7: expected 300446 found 208390
20671497,aot,39838118.389312975,gas-used mismatch for 0x98ed2d5a91bf17e61e5fee0886bae7789258a72456356bff03237fb517196825: expected 437624 found 95880
20673419,aot,39136363.28888889,
20669712,aot,33989977.1986755,
20671480,aot,82948738.76666667,
20671611,aot,13781908.622340426,
20669873,aot,46609282.89655172,
20673840,aot,36455750.427536234,
20671800,aot,42310991.01526718,gas-used mismatch for 0x9c2b98413a0b2a53691ab5340b6f83a67a35ec11427c2e1fdd04cc22fbe2bfcd: expected 383172 found 323452
20675225,native,55715839.95604396,
20674424,native,76958349.8,
20669837,aot,40586830.5952381,
20674442,aot,17065152.35714286,
20673090,native,4390245.568831169,
20674051,native,87660698.07575758,
20669833,aot,46311334.783018865,
20673747,aot,38893488.41258741,
20674142,native,56204444.296703294,
20674721,aot,25460011.126262628,
20674030,aot,32818215.366666667,gas-used mismatch for 0x952d8d3aa958a1bbbb4b3c5bff3738163cc84e4359b137a2d0575563bbcf900a: expected 1297717 found 689740
20670243,aot,48031086.83018868,gas-used mismatch for 0xb3ae2863d689302af66959daa935440dfa59b0298cb87c068d0b407289268203: expected 1488599 found 1500862
20673636,aot,42508152.483333334,gas-used mismatch for 0x6d53b3e631520059a926a50f89e3e03cb7250d5e0d47b1de43d34d76657056d3: expected 222530 found 80060
20673104,native,33841106.62162162,
20671380,aot,40126192.47154471,
20672821,aot,8272846.447665056,
20670677,native,31007387.17721519,
20671567,aot,2805198.310535025,
20669553,aot,42553317.6779661,gas-used mismatch for 0x99280f65f07a7fae1bf354bafcdb23af5a184a647232f7de5f0807a9466c10d5: expected 1601533 found 796001
20675173,native,37952900.55639098,
20672271,aot,42264818.54471545,
20674533,aot,43652472.141509436,gas-used mismatch for 0x9e380dee001021bfec873b3e1e509811ee7658455bdc7bd5a8171cbee6189652: expected 729035 found 549222
20671849,aot,19696604.758474577,gas-used mismatch for 0xe79d26942abb4e4fda5bac286636313621bd6cd026d8acc35caf612f5e122f3f: expected 266963 found 219673
20673828,native,50755532.05555555,
20671416,aot,29414451.555555556,
20669985,aot,33856433.62162162,
20672732,aot,53357729.677083336,gas-used mismatch for 0x43b3e2a154ac06f162077b33fd2fc0f9d5d67bc26ac808b46dcab1f76d60b954: expected 360163 found 317162
20671802,native,18518420.2,
20674807,native,43533263.60377359,
20671123,aot,50412197.0,gas-used mismatch for 0x9d611e95944475c238363994a2d7e9f098d2f97cf4f429e7fe5e5d32931da474: expected 189878 found 81750
20673466,aot,19420885.576923076,
20671592,aot,36901092.31111111,gas-used mismatch for 0xbe855e7661d014b508ad0583ddb396e130a8e35508c8f4f75b0d0e8a479677b2: expected 216133 found 206093
20674311,aot,36651249.97794118,
20673394,aot,38009023.35114504,
20673420,aot,11976772.512676056,
20669815,aot,43356974.25663717,
20672623,aot,15128814.879256966,
20673077,native,21126342.095652174,
20671498,aot,58443764.78947368,
20673796,aot,70892256.5076923,gas-used mismatch for 0x46dfe60bcb7ca7d45733ab8278737911a37159e652c06ae8a898841886a462ef: expected 305532 found 162089
20673706,aot,29773356.27607362,
20673674,native,37220504.075187966,
20671481,aot,7121874.280780781,
20669874,aot,19371725.254032258,
20674425,native,28867733.509933773,
20671612,aot,51847418.7311828,
20669713,aot,28498551.434285715,
20673841,aot,45117251.53097345,gas-used mismatch for 0x68baba3e234cf39d8abf97a2850daee50165e4f2aebf7473d125bbcc61539e73: expected 430844 found 95880
20671801,aot,31634255.43478261,
20675226,native,29334331.411111113,
20669838,aot,34080714.76551724,gas-used mismatch for 0x5b41e3cf5d7d1247c68acabbc9068df354004ceaf45dc1c26e447521c2fb7ae7: expected 254019 found 209785
20674443,aot,91760634.34545454,gas-used mismatch for 0x1704418f95f409e4ef70ec5032a32d224168498ea6b6c131df3987c5509de179: expected 729063 found 391835
20674052,native,27898501.914772727,
20673748,aot,39950704.57723577,gas-used mismatch for 0x464e813ee3e92032c2a39acd581deab8a126a5783a56d57c3fd713316c8142cd: expected 209352 found 82074
20669834,aot,42506194.97560976,
20673091,native,77174398.38461539,
20674143,native,51534816.89473684,
20674031,aot,42800529.0338983,
20670244,aot,46449907.31481481,
20674722,aot,48392348.518867925,
20673637,aot,58587067.34883721,
20673105,native,30466511.0,
20671381,aot,53263728.81318682,gas-used mismatch for 0x4bcf7238285cca8dfd955a96faf0c2e5b36f4df5ec82357246a588a60fcf1420: expected 335637 found 99005
20670678,native,36926188.15384615,
20669554,aot,35227272.951724134,
20675174,native,22226992.95744681,
20671568,aot,43138941.601626016,
20671417,aot,44821750.7311828,
20674534,aot,40256911.0859375,gas-used mismatch for 0x4f8e4c859882b18a30d5a8d73e9aa4ebc9905104e615935716784169685fac8f: expected 185387 found 81786
20671850,aot,52625515.25510204,
20672272,aot,40149685.37142857,
20672822,aot,80517764.23287672,
20669986,aot,56281318.307692304,gas-used mismatch for 0xb97dde0292983b2bda6ecfc37f7dc098533a8c7b0ce312a018f67be552c50a2c: expected 648187 found 505782
20672733,aot,35195107.80821918,gas-used mismatch for 0xb3867b7ab109296b73a23cb6c737fc1a5319df27a485643d6a85bcffc1f98867: expected 468697 found 486718
20673829,native,62478067.70454545,
20674808,native,18136065.583892617,
20671593,aot,40444541.1015625,gas-used mismatch for 0xeb3162e3d06cec8ed32e4bf4b70f956f82b5c469bc9ae158dc5b37cadbf9db83: expected 326412 found 321742
20671124,aot,52186318.16831683,gas-used mismatch for 0x2ff68feacd248c010ea523c3a156f3f2a328d5cbe509f47e7a427723b47c8a15: expected 702208 found 431697
20673395,aot,43506587.38983051,
20671803,native,96378522.14285715,
20674312,aot,50156377.018867925,
20673467,aot,53042846.02857143,
20669816,aot,22280348.489361703,
20672624,aot,61407937.02352941,gas-used mismatch for 0xc48fd7bdda13588d5d08ed331914b3b3c99fc1a7bdaa2df01b5ac8ed04f21263: expected 546123 found 527571
20673421,aot,81878207.07936507,
20673707,aot,34614293.68965517,
20671499,aot,36006016.35172414,
20670031,aot,45880772.70689655,gas-used mismatch for 0x012c1703886670767fc10b9ae6ef1a43472945747dd762e3d0b1dafcffdd562d: expected 356298 found 179701
20673797,aot,61221150.96590909,gas-used mismatch for 0x3b00210dd98ae3df474b48842a02490b9f338cd83b6b71a6c65e743516c63520: expected 499964 found 292467
20673675,native,50677365.873786405,
20671482,aot,63824117.05,
20674426,native,30065286.757575758,
20671802,aot,18727332.625,
20669875,aot,30714056.07142857,
20669714,aot,36563308.0882353,
20673842,aot,31252297.65625,gas-used mismatch for 0x309cc42db9f3e9daf77009a8c612ebdb6d0391d08cbf2ac57e236196dfe954d2: expected 808086 found 163577
20671613,aot,36284998.9602649,gas-used mismatch for 0x585f5724339c1fa6062f081c7aadc20f221606b89a6cfc4e7e9ffac20bcab7cd: expected 194483 found 81726
20675227,native,29273949.467836257,
20674444,aot,46487350.28,
20669839,aot,49032403.141509436,
20674053,native,31101769.45398773,
20669835,aot,34332911.29710145,
20673749,aot,29187022.83625731,
20673092,native,36206070.503703706,
20674144,native,18993468.28215768,
20674032,aot,37132930.584745765,gas-used mismatch for 0xe3753e9da01e9691c284d87100fa6d3929aed39e4b2847a5987239bdbe86180f: expected 191460 found 81726
20670245,aot,36473508.048,gas-used mismatch for 0x9c31286245adc9f9b47ec6b3c6477c710d9a0c300059d6e32a6223ff724fabb5: expected 208435 found 195595
20674723,aot,29160114.939393938,
20673638,aot,41370031.56363636,gas-used mismatch for 0xad2426a25fcfdd2f3893a88ed8a1c9c20750e21abfd80588a696ffe3ca9d2306: expected 467407 found 95880
20673106,native,50864676.28125,
20671382,aot,43005114.45762712,
20670679,native,52862655.88172043,
20669555,aot,54865501.12087912,
20671418,aot,38325288.487804875,
20671569,aot,62270967.39506173,gas-used mismatch for 0x99f85be7533bee042f108796a452b380261401a67b846665c3eae4f6b7c4f537: expected 765298 found 130900
20675175,native,56603020.95348837,
20674535,aot,28376184.579545453,
20672273,aot,27986236.477272727,
20672734,aot,44831877.17821782,
20672823,aot,47670342.59223301,
20671851,aot,52319477.0,gas-used mismatch for 0xbe33f12b47a2b41ab2964193d01ac1c5cab90d06b1b91c8e33b0613767e4dda3: expected 353557 found 212984
20669987,aot,46986086.067961164,
20673830,native,69370072.91780822,
20673422,aot,26338094.116564415,
20671594,aot,32883752.25490196,gas-used mismatch for 0x16a75e902a289406615e404c64d815f258606c03bf5453b147bb012e3588a240: expected 360127 found 317126
20671125,aot,47895479.9047619,
20671500,aot,41220446.594339624,gas-used mismatch for 0x946db116b64e7d086d08bf8f13843d28617b81f8d484034e2c178e2e33e89e41: expected 494085 found 408846
20671804,native,30998564.46835443,
20673396,aot,19906050.169960473,
20674313,aot,44350925.225225225,
20669817,aot,33467232.4,
20674809,native,69721896.04,
20673468,aot,44966832.168141596,
20672625,aot,45465349.75423729,
20670032,aot,35877037.19178082,
20673708,aot,40891850.28244275,
20671614,aot,39989350.74774775,
20669715,aot,3081478.1537515377,
20673798,aot,86992372.55,gas-used mismatch for 0x3ca8cb00d71aa91b43dc50443d5d98d78284fb5284f7d0b56d5c692e76e428e6: expected 1023211 found 836807
20671483,aot,40161576.65079365,
20674427,native,41509611.5,
20669876,aot,49713617.79047619,gas-used mismatch for 0x7bb78848402a1058293fcaae5565affd4bfa0d3b2d6c7814cbb64c08edce77ab: expected 974299 found 938675
20673676,native,45459539.62608696,
20671803,aot,86517786.5,gas-used mismatch for 0xc5e72c39039320705af7fdb600cefc2dcbc03fcb6e940ad24418cad300d086f7: expected 1634898 found 989262
20673843,aot,36270812.21379311,
20674445,aot,14662144.709859155,gas-used mismatch for 0x945ac00f86337954d7848d232afdefaa5fd1cb063828edaab45e96f723a3bc76: expected 255437 found 194166
20675228,native,41578433.847328246,
20669836,aot,70737106.61428571,gas-used mismatch for 0x789dd039bd56e0811b424deb45732e854bbae655840695d743f4c043f31b8e32: expected 425220 found 246674
20669840,aot,31490574.658959538,gas-used mismatch for 0xcebd8c74e4878d771b8db6bef6e31a32750b2a28b53443a009bbe34a6d96e8c7: expected 467746 found 91561
20673750,aot,45844132.847457625,gas-used mismatch for 0xc51eb5b8bd924d9f8c3355ad3377ef6f530bad6bbe2e671789127d7c6ddd82b0: expected 1114831 found 177315
20674054,native,30406368.419354837,
20673093,native,57230716.54945055,
20674145,native,44296455.991304345,
20674033,aot,40306825.951219514,gas-used mismatch for 0xdcb847337ae29153704e57a53a5b376b844497ff3ea776a33d961ad5e707c8e8: expected 380249 found 211348
20670246,aot,41487460.68333333,gas-used mismatch for 0xa307211629a7c40a8ea0ebf696fbfbe4c6267004f49d7a40161e55bd6ddf8475: expected 298412 found 208511
20673639,aot,25194230.764397904,
20674724,aot,24608083.78199052,gas-used mismatch for 0x3c51b8e4eb153a804ac0364332fb64fe6808c736b8c4d923bf904502aff87664: expected 1592705 found 636531
20673107,native,32146570.614906833,
20671383,aot,21272604.711864408,
20671419,aot,55187752.011764705,gas-used mismatch for 0x3928acf56ef1b1f361707bcb6d4a8bde7b36e3536afe914842c91b718ad6566a: expected 328327 found 260947
20669556,aot,24556137.805128206,
20670680,native,57645728.666666664,
20675176,native,16258632.996677741,
20671570,aot,29629043.957055215,
20674536,aot,29047536.6374269,gas-used mismatch for 0xa9279fef9fcf1adfd09bda1ba40fee5279b9c66afc0d3dcf7ac08a1354be2e46: expected 442391 found 393095
20672735,aot,61663805.093333334,gas-used mismatch for 0xa8828fac08e721ac78fd522566c3c061c85586dc6f197ab890835e256e95176d: expected 292004 found 212298
20669988,aot,26280798.354285713,gas-used mismatch for 0x474b8ac840395b6db29b66b720a2a7367a67e8d5323fa589de5e48183f1114a7: expected 385501 found 96683
20671852,aot,40751948.300884955,
20672274,aot,41634288.915254235,
20672824,aot,55164785.322222225,gas-used mismatch for 0xf06c1ef061d5a370d2f1bedf56fd513de6ddcd065f2d55679dffcf248fc80bd4: expected 607343 found 395943
20673831,native,23695291.254807692,
20673423,aot,36843269.5882353,gas-used mismatch for 0xd21c5bd1c987a53d68cfe834ffd4377c1f57c1ae22b7353fb098a440ed5d6aa7: expected 4350608 found 2946544
20671595,aot,26148376.739361703,
20671126,aot,30099289.40372671,
20673397,aot,24186989.52,
20671501,aot,52976736.161290325,
20674314,aot,22037294.275555555,gas-used mismatch for 0xae00df96caf1afd93c6cbc4b30d437a6b220d562dc65fd233e71867a4a88a27f: expected 498381 found 499311
20674810,native,23039640.317535546,
20673469,aot,47041200.7264151,gas-used mismatch for 0xdfdf89863521d32cd549e0877a91868aa78ca1d97ecc456ec6bd7df23a4c55cd: expected 305555 found 232116
20671805,native,63740120.729411766,
20672626,aot,34063309.75,gas-used mismatch for 0x54bb12cc3f162e1977989699821e509c97139ab84b2e2b282961f794abbbf204: expected 311068 found 193298
20673709,aot,34889341.20567376,
20673799,aot,84212168.7586207,gas-used mismatch for 0xc87dfbb1603e4a060ec3711b4cd11e186c9613148591e5bc8dbe83bdb117dcc4: expected 364791 found 208577
20670681,native,29962491.558282208,
20670033,aot,42207386.89830509,
20669818,aot,76500012.83076923,
20669716,aot,66040055.833333336,gas-used mismatch for 0x8d311c58a4e17d7d4707972409a4bb62bcaeee544e3f4755c8538268802a5d54: expected 628887 found 208392
20674428,native,38559146.218045115,
20671615,aot,17703584.451298703,
20673844,aot,41871665.50862069,
20671804,aot,29372293.757225435,gas-used mismatch for 0x295891b363f93f63a7745638c3c08dd9a0b1f217f7ad3e22ad7938756e80da99: expected 744198 found 371428
20669877,aot,53762968.623655915,
20673677,native,42961301.422413796,
20675229,native,41306480.516949154,
20674446,aot,49279187.603960395,gas-used mismatch for 0x0d9e6f00eb6e479e2786cc296304f8e2898bcce222e359cb105b03ba482f741a: expected 277745 found 153935
20674062,aot,36540124.47692308,gas-used mismatch for 0xfce2493ece726efaaeb6116471e27794972f0167a41680f39b27a6e0164f4494: expected 825066 found 291592
20669841,aot,36230526.125,
20673751,aot,41847304.17886179,
20673094,native,26733150.043243244,
20674055,native,49443495.14563107,
20674146,native,59321821.964705884,
20670247,aot,19705603.34230769,gas-used mismatch for 0x271df999a37f0298097989f2a853cb206070143565918300d340449c66b68d21: expected 401694 found 342088
20674034,aot,11666483.982795699,
20673640,aot,39149521.7890625,
20674725,aot,71844835.70422535,gas-used mismatch for 0x2b5c884e840582e203a14304ae22b7c0a36867b789cd82f2484f70399c79195d: expected 553214 found 491521
20673108,native,37844544.5177305,
20673757,aot,40216698.50442478,
20671384,aot,68843122.6025641,
20671420,aot,29340436.57803468,gas-used mismatch for 0x3f7e2165c524067ec0200d934a86d02d658e5c885ed93b8f7dc095d0c50007e1: expected 369673 found 222282
20669557,aot,32798120.683544304,
20672275,aot,21253686.64069264,
20672736,aot,37525715.65925926,
20674537,aot,65258239.09876543,gas-used mismatch for 0x53a11dc1a31ffdb927f982d580102509145f527953a4aea9f93e3ef4b73ea5e4: expected 304462 found 234866
20671571,aot,46631570.922413796,
20675177,native,69731014.9736842,
20669989,aot,46915630.0,
20672825,aot,35942001.737931035,
20671853,aot,73371443.4,
20673832,native,37780243.325925924,
20671127,aot,25035334.502487563,
20671596,aot,44815939.1637931,gas-used mismatch for 0x4d86241dd4c8fa2b94dfad6ed235e1f283f0c1061e22f7cc4d60375c1f8dc81f: expected 282545 found 153935
20673424,aot,56889829.38888889,
20673398,aot,37959702.60902256,
20674315,aot,42023426.66086957,
20674811,native,4555945.026019081,
20671502,aot,45971634.93965517,gas-used mismatch for 0x3bdbb0164fd351f7a1ee4e4eb418dc65435a2ce9828a3893d4bc8a9dc6c197ce: expected 191472 found 81738
20673470,aot,52941765.768421054,gas-used mismatch for 0x2ab2ae74805d45b492b62f079bd1e84c72945d8f607b50803d8700e528b86661: expected 154558 found 132555
20671806,native,44152194.0,
20673710,aot,48280756.941747576,gas-used mismatch for 0xeacd74c88b7712ac718f2a9d51ed7b619b8af330561d16c6ce1c03c6192736c5: expected 2036205 found 333359
20670034,aot,5864523.970414201,
20672627,aot,39511703.84615385,
20673800,aot,79812973.01639344,gas-used mismatch for 0x944d6ddf66c2cb8eb91e156441f05e2236f8a518344be4a87d923b90834d35fc: expected 547810 found 224735
20671572,aot,35486159.907142855,
20670682,native,53834838.472527474,
20669878,aot,16153494.517928287,
20674063,aot,32482402.62758621,gas-used mismatch for 0x817f37022f3f93f42a26d8cafd8c13f8a1be932e0fe11b349a925beac3eda4cd: expected 418368 found 95880
20669717,aot,38951422.958333336,gas-used mismatch for 0x01222277b10a94644eac56d66e151a1e9f12ebadc8e06d47e5c9073eeea2df0d: expected 350523 found 70850
20673845,aot,42069171.61061947,gas-used mismatch for 0x5b9775b21eb2985c18455aa683da999c7b1d1d8f1fbdc8618dc8e0c719ae14c8: expected 354808 found 93709
20675230,native,42179265.92035398,
20674447,aot,32862358.58,gas-used mismatch for 0x67292646401f7bb9035bd313ddd362d121e3caad5be344dc9e8abd89705e7dc9: expected 463528 found 431024
20673678,native,33875921.50344828,
20671616,aot,32221310.442307692,
20671805,aot,62609598.9625,
20674429,native,59429558.12048193,
20669842,aot,59023675.56626506,gas-used mismatch for 0x4d9784506d57eed9af512e29910ab0e892d5b7ce8d362b36ff8fd86cfa5129ce: expected 323570 found 95868
20673752,aot,28871755.988304093,
20673095,native,35750710.96376812,
20674056,native,34817868.0137931,
20674147,native,47192114.820754714,
20670248,aot,12969168.914948454,
20674035,aot,57065563.53409091,gas-used mismatch for 0x7a4eb6f259ffb071f11d9b49619963c693e2c6fb2f9152c01328e11317700eaa: expected 408764 found 95892
20674726,aot,35012352.152173914,gas-used mismatch for 0x14a6d3b4e385aa189d8f688984a345873fe1b3e0634e04b2a700c8ca8b0fa4be: expected 736601 found 672469
20673641,aot,38983400.666666664,
20673758,aot,46759874.943396226,gas-used mismatch for 0x1753484c2bb62bb7558cc55c62e6e3e4083bfd92796567b062f1269cb00095d3: expected 364789 found 303377
20671385,aot,46919242.25,gas-used mismatch for 0x670da944cbbfbb221365ff622e3cb7f26b4fa69e685bf481830671043606da69: expected 327668 found 95868
20671421,aot,35640659.573529415,
20673109,native,48909582.47457627,
20675178,native,31408646.602739725,
20669558,aot,63088599.240963854,gas-used mismatch for 0xd507c0c2814a3ae1d575acf30dc02b39491d3947378b75b9b5d6c9b53a4b8a71: expected 542658 found 86076
20672737,aot,41253548.13223141,
20671809,native,54886325.91111111,
20672276,aot,39832714.676923074,
20674538,aot,44322372.96460177,gas-used mismatch for 0x25956b8e344e2d0c7697dc5c45cc60734ad2c3a830dc9e5d006b84d6aa2697fd: expected 333034 found 95880
20669990,aot,34508406.93150685,
20673425,aot,36670841.0,
20672826,aot,45756288.50442478,
20671854,aot,43138818.40833333,
20671597,aot,30372889.325301204,
20673833,native,85506291.43333334,
20671128,aot,54267349.5,
20673399,aot,54740825.416666664,gas-used mismatch for 0x92939767835eaf9f70b590873a04abdf1836320e918561caadbd2047a1cb91ca: expected 1281527 found 1309730
20674316,aot,22542379.779591836,
20673471,aot,44503869.74774775,
20671503,aot,38405986.05,gas-used mismatch for 0xecab25bbdc918d930bf21bce2770015a203114337636b7930eee2583a58ed182: expected 837644 found 662647
20671807,native,49075556.2264151,
20673711,aot,38999714.51145038,gas-used mismatch for 0x5d5c773b616b42af4e81fb5e2a0fea7e1441afe90fdb2fc456581483508fdd8b: expected 194449 found 81738
20672628,aot,33708192.78064516,
20670035,aot,69632717.56578948,gas-used mismatch for 0x1490ae7e60578673d7fd42932b119e8620b40ea463d60138b592ea2278f332d8: expected 282545 found 153935
20672937,aot,72440326.9589041,
20670683,native,32657652.61875,
20673801,aot,17174483.94117647,gas-used mismatch for 0x47bb14eab5df556b57829b0f3149c225545647c621f8ee4a24d9531c6ae5a482: expected 417037 found 234164
20674430,native,57880619.042253524,
20671573,aot,62756169.07058824,
20669879,aot,53625448.45,
20674448,aot,37141517.455882356,gas-used mismatch for 0xc88d8b8b9a0976cad689f05bc8ec8a43848ec4f968f6c859a1701c335ddd6e0b: expected 601303 found 429228
20674064,aot,34816924.705882356,
20675231,native,67295275.85526316,
20669718,aot,27617114.48979592,
20673679,native,32203863.82278481,
20673846,aot,57404066.0,
20671806,aot,42103622.71900827,
20671617,aot,82250049.24615385,
20670078,aot,31114146.833333332,gas-used mismatch for 0xa84efff0ac8d92f64035ecfa09da85b70c767eb8dc6a3149f6491de5e4b2fb57: expected 369548 found 153012
20673753,aot,24783564.967136152,gas-used mismatch for 0x52a542c79ff2d83e418efa49e99553db7afc3487791ce1e2b359cb63dab8ac7f: expected 492294 found 351989
20673096,native,45404243.56637168,
20674057,native,35581099.71034483,
20674148,native,31773625.55900621,
20673642,aot,44901586.18867925,gas-used mismatch for 0x59cba491419863e101710f8a87867ce3146930751a86314952cc797d611343ec: expected 298245 found 208872
20674036,aot,17894684.202846974,
20670249,aot,79849255.61538461,gas-used mismatch for 0xaf9a591a1ea14e615529a90ea05292eb78ac8b06d1423696e598b6a091b0038b: expected 360109 found 222318
20674727,aot,35664053.4751773,gas-used mismatch for 0xc8c17cd65b0192af0e1581f0e4074bdb8a5356dd69ab40450782971ada381042: expected 201096 found 81726
20673110,native,38387780.126126125,
20671422,aot,48409189.48,gas-used mismatch for 0x3bbdf83786259661577398787219b5f3077de490af2398226b81e113f636b9a6: expected 773986 found 251799
20671386,aot,43119820.872727275,
20669559,aot,18875165.39453125,
20669991,aot,57052628.0,gas-used mismatch for 0x70772538128965eb42fd3595a176e4e1ca49a731b8cfad40910b9faf2e11b7fe: expected 175497 found 131441
20672738,aot,14363420.257142857,
20675179,native,46189247.29245283,
20673759,aot,53577922.056603774,gas-used mismatch for 0x8a72483a36516f1448adeaf75f76f57bb2440e5abb7e591080af26519c783038: expected 291378 found 208816
20674539,aot,42029450.19130435,
20671810,native,56574065.89534884,
20672277,aot,69844223.87323944,
20673426,aot,19459888.5078125,
20672827,aot,36451759.37777778,
20671855,aot,27980108.966292135,
20671598,aot,38796543.585365854,gas-used mismatch for 0x116bae3c067cd450ad6ab700f0b0f36bbcc174af6ecdd7ed2457481ede3f5126: expected 467419 found 95892
20674431,native,38572116.92045455,
20673834,native,33982762.55479452,
20671129,aot,37189752.16793893,gas-used mismatch for 0xbee62f76ea736150327381e2313f66da485b6905b41ec3b0f63c1ed4ef7013d1: expected 447251 found 95928
20673400,aot,69061590.49295774,
20673472,aot,51838077.427083336,gas-used mismatch for 0xa0352794de44c2d4072b2413bb9513aea5e95f4a82495b88d0b62624e8a4d2dd: expected 305639 found 232116
20671504,aot,45386710.026548676,gas-used mismatch for 0xa267ac5b3b49eb2d69fb21014fbd553295b5a4415324da82cd347ceb48c341f4: expected 411898 found 224289
20674317,aot,56594795.21111111,
20671808,native,51160488.52040816,
20673712,aot,35053189.55244755,
20672629,aot,36736653.308823526,
20670036,aot,33722031.89333333,gas-used mismatch for 0xa3db93de5b7c84c6ed2e8138e6607189780a080b1baccb5f8473662ba7e7b749: expected 262864 found 245573
20670684,native,21653907.817391306,
20672938,aot,46186676.38888889,gas-used mismatch for 0xe7908afcebc76f8a224b0f13e01aff63795c06ae507e434364537104b176fe9a: expected 394891 found 92380
20673802,aot,68688658.20547946,gas-used mismatch for 0x9139a6ccdeb3c70687eef15df3365de1e416dd60ff3ba7e9737b053b6c7aa45e: expected 7890354 found 3601723
20671574,aot,32010446.275,
20669880,aot,49763819.8,
20674449,aot,29762496.222222224,
20674065,aot,45094637.10909091,gas-used mismatch for 0x68eb1024d52b1b3346e36b70d24d90af807f4ce9bafd13d7fa7fcac30905842f: expected 196320 found 81750
20669719,aot,27657562.07222222,
20673847,aot,29630694.76190476,gas-used mismatch for 0x7c1db80ff1062665f85924b478a1fa8ee356ff8517720b31bcc772e14a47f2ca: expected 455726 found 98969
20675232,native,29702192.780346822,
20673680,native,65098015.58974359,
20671807,aot,46809175.49090909,
20670079,aot,43053314.0,
20671618,aot,84322515.21311475,gas-used mismatch for 0xbd1826afaf0d7099530408bffde9d4d78f4473372631807db04de6f39c4df830: expected 767428 found 742609
20673754,aot,41393734.32231405,
20674058,native,30141361.529411763,
20673097,native,31288564.64848485,
20674149,native,36559420.02205882,
20673643,aot,28069202.572972972,gas-used mismatch for 0x96e85275d84922e4374524138d63855c74566c84deb132a13401e7b28a454779: expected 189866 found 81738
20674037,aot,66378837.684210524,gas-used mismatch for 0x52b394cfb476b9ca49940e34cea15af8d859fba54a0824cf8a87ee3038d32e03: expected 406999 found 95880
20670250,aot,21892712.834782608,
20674728,aot,33152730.677419353,
20673760,aot,38642005.47727273,gas-used mismatch for 0x21495d2e58498fe289976f7aac42168aa1032138b312da62ca8121be25b47fc6: expected 407083 found 232104
20673111,native,6223090.724543081,
20671423,aot,33976533.77124183,
20671387,aot,46423925.06603774,
20672739,aot,48719273.25742574,gas-used mismatch for 0x611a79820a92dac0a6c0760a92d673ff44879fe9d89145610df0916024f7765b: expected 193014 found 44911
20669992,aot,36318592.31724138,
20669560,aot,61412892.77647059,
20675180,native,44231958.99152543,
20674540,aot,6121903.550510783,
20671811,native,24602463.798122067,
20672278,aot,45369502.6,gas-used mismatch for 0xd433c809e6d76794d9500fde32bd1109a26e4c530520004faa4b3e71652d3db1: expected 461285 found 222331
20673427,aot,40353860.552,gas-used mismatch for 0x1423c98060c2b39b4df3ce946ac048203afe4d6ae6b9775740b2f7a9cd73b3f7: expected 274747 found 247776
20672828,aot,39464503.953125,
20671599,aot,31074964.266666666,
20671856,aot,32227595.246835444,
20671130,aot,15653848.14417178,
20673835,native,68051701.50666666,
20673401,aot,36262777.92198581,gas-used mismatch for 0xdaabd0d879c347a710368a0771bbf8d46c963d969422ae365f72b1b82f738d08: expected 1007129 found 483919
20674432,native,33625482.48809524,
20673722,aot,24253824.745,
20673473,aot,34941274.027027026,gas-used mismatch for 0x4869f62ad32b9ac17b6f87ff56be7bd56c5fdcd329f4783f38da1356129e41fe: expected 365035 found 95868
20671505,aot,44861379.18018018,
20674318,aot,37038763.88148148,
20672630,aot,44689177.49056604,
20670037,aot,48399064.07920792,
20673713,aot,35968844.30136986,
20672939,aot,31437655.957055215,gas-used mismatch for 0x22d93d5d6fdde8ff827e31fc85d1fca83cbf405ec0e75f35ac9186ddc462a3bb: expected 299099 found 228956
20673803,aot,70989578.0,gas-used mismatch for 0x22e36684ca58faf239c9e532bea8cc284a2e97e79145cd8afe1621e10fb2eff4: expected 4913354 found 1701944
20673848,aot,35555319.03305785,gas-used mismatch for 0xd5b9dc7ea33e3aae446eb6b68454b32aa31d686cd7d6d0ff9aef1f6f05a43421: expected 638167 found 367126
20670685,native,50379461.86021505,
20671575,aot,18344420.53731343,
20674066,aot,38669606.52845529,
20669720,aot,47598647.95,
20669881,aot,34876225.02142857,
20673681,native,24400378.784615386,
20671619,aot,40841356.90909091,
20671808,aot,46659395.59047619,gas-used mismatch for 0xf29ce2d5cce66e9e32345749bebd6538e4acff1768dd70697a61298a2bd0a3ae: expected 175497 found 131441
20674450,aot,38053646.86956522,
20670080,aot,53607430.744444445,
20673755,aot,36189189.592307694,gas-used mismatch for 0xfbe7c62b419966e13ad0898351dd05b8f2d34d48e1cce46932b5f05ca3224732: expected 468559 found 314988
20675233,native,40050352.366412215,
20673098,native,32004048.658064514,
20674059,native,67278377.1369863,
20674150,native,67908306.39436619,
20670251,aot,19668680.466386553,gas-used mismatch for 0x062726cee8cde416a3de7ddbf2f6387c61363003fecfeac145f057e66d139f73: expected 284265 found 209795
20674038,aot,54327846.53333333,gas-used mismatch for 0x9519ce13b8c1125a1b85b2ed2d94b50761c9f95c28d44f0cc827ffac473ceaef: expected 674294 found 487509
20674729,aot,59509246.07058824,gas-used mismatch for 0xb1d248c5b0b51ffe3fa087a57b51e2dc2030e1fa70fde08805a729b882d5f542: expected 382165 found 175147
20673644,aot,36585937.561290324,
20673761,aot,49457095.53773585,
20671424,aot,42965789.34166667,
20673112,native,89767365.48529412,
20672740,aot,18514797.560714286,
20671388,aot,31856572.11904762,
20669561,aot,61265161.790123455,gas-used mismatch for 0xc77ab10a97e1c71b0c95890686171174f7cb3e786e0f178b2f548d18b861cdf9: expected 304023 found 153000
20669993,aot,43007220.96551724,
20673804,aot,13540127.867924528,gas-used mismatch for 0x4f793adfbc0551cce2942dd6400c972e5ec5abd34a9502722f6524ba3bfb8438: expected 409704 found 243868
20675181,native,47560020.75471698,
20674541,aot,70326495.12328768,gas-used mismatch for 0x0d51605f0d96f3ed714689688f82d9adcf92024eed3af0deb069f8736e5442e7: expected 305689 found 162246
20672279,aot,36825263.20714286,
20673428,aot,44118499.27118644,
20671857,aot,41618322.475,gas-used mismatch for 0x0adc695690d1d4deceb1c4208f370476dc6b1843b532ffd9c125df514a3855d4: expected 277745 found 153935
20672829,aot,41582181.904,
20671131,aot,76116283.58461538,
20671600,aot,41967227.25,
20673836,native,38434119.3382353,
20673402,aot,22852574.186147187,
20674433,native,44210995.23275862,
20671506,aot,31476469.20625,
20673723,aot,66225418.87179487,gas-used mismatch for 0x0b5a2865e5d9fb62a75abb285969fda78c11252b9508dca981ac9c8a8d121c43: expected 661075 found 78820
20673474,aot,46991420.763636366,gas-used mismatch for 0x2ced046f1c15170c1bdbbe8d4ca615f3b98368e1b838237b5b2e8dee587f0e9f: expected 194861 found 82074
20674319,aot,26039308.35,
20672631,aot,37674719.24285714,
20672940,aot,44784319.07964602,gas-used mismatch for 0x796ba12af981297ace61aa2e5a413e00955ac483e04edddd1e1d62b4f4200a49: expected 511761 found 317478
20670038,aot,48893065.26415094,
20673714,aot,41636306.57723577,
20674156,aot,30516846.01734104,
20673849,aot,63966896.90361446,gas-used mismatch for 0x17ed26c8512e76caed9ef94c1d0ee79e0c9421368adad5786918e8e80c2943c3: expected 196320 found 81750
20670686,native,53209231.80645161,
20669882,aot,16526284.33226837,
20674067,aot,41720512.03305785,
20669721,aot,52581785.885416664,
20671620,aot,29805684.96987952,gas-used mismatch for 0x5d97a4e58b162b270671116dd4647b9d6d79055eb09aad34d2114b7df201c3a4: expected 619832 found 346212
20671576,aot,63021631.18518519,gas-used mismatch for 0x93fa011ccbfc65d742b3982cbe727aa9452b522f2aa7432f1d4a204041f33c81: expected 401606 found 95880
20673682,native,58734784.34883721,
20673756,aot,20322969.224489797,gas-used mismatch for 0x2e334025bfa3e3ad750eb00f4e78625486310b67bbdb7522ff23ffad6e977a6e: expected 939752 found 177315
20671809,aot,50638925.91836735,
20674451,aot,39987101.1484375,gas-used mismatch for 0xa445054e639d4238150d39d8d89bd2f3212fb7cceddbfb1024f47480030f8b1e: expected 205143 found 81750
20675234,native,31555658.83544304,
20670081,aot,33639585.522580646,
20674151,native,37415202.86259542,
20674060,native,33722177.46405229,
20670252,aot,60987571.397435896,gas-used mismatch for 0x21c61b91c78b5f5e43c981fa0e64472bdb56954f8f3a2752a84281ea49b00915: expected 272438 found 239139
20674039,aot,31854858.763975155,gas-used mismatch for 0xab65dd1c2623ed91c27e8ce4e938aeff654da8101839fb0993e41cac85abfcb7: expected 262757 found 241006
20674730,aot,24506357.26368159,
20671425,aot,27049740.7027027,
20673645,aot,24592517.04040404,
20675184,native,27486529.419354837,
20673762,aot,36420006.433566436,
20671389,aot,39773076.548672564,
20669994,aot,42209007.46017699,gas-used mismatch for 0x655c4f987904a8069effcde3c88003f74e598adef260600b3000cabc9815b4cf: expected 155531 found 80166
20672741,aot,79866225.72131148,
20673805,aot,36337794.218045115,
20674542,aot,41295967.35454545,gas-used mismatch for 0xf5c8c58525fa1827de43c6063f3790458f57b7a2fab9d6ba0375dbc9fce516a0: expected 449772 found 95868
20673113,native,69927538.50684932,
20675182,native,28486102.646067414,
20673099,native,111545983.54347827,
20673429,aot,26027438.983146068,
20672280,aot,45691520.18446602,
20671858,aot,41254956.90677966,
20673837,native,36572696.071428575,
20672830,aot,47219254.641509436,gas-used mismatch for 0xc14f22da82d3057b1126e73c4926e305443aee8b4707c4c61380c059f0849d0f: expected 346341 found 95856
20674061,native,47742320.55339806,
20671132,aot,37712235.8962963,
20673403,aot,42476475.62931035,gas-used mismatch for 0x8d7d3911d11fe4a7fccb4d5fd7512d2d0bd7ed5caf49173fe29d0cd49ae49d69: expected 351313 found 96695
20674434,native,38240091.223076925,
20673724,aot,42630419.084745765,gas-used mismatch for 0x533ebeb87a81dd794ecdd23ee0dd1d2b13f8241e54fb3a3f041b2be36066fe64: expected 588298 found 361020
20674320,aot,50398719.0,gas-used mismatch for 0x0c3cd03ec1885b7f8b3933bdb610b2e2ef3a210a1579ddf6d30c368546d1b23f: expected 405903 found 405297
20671507,aot,46622985.190476194,
20673475,aot,47712256.93333333,
20672632,aot,50317145.958333336,
20675000,aot,49985355.34939759,gas-used mismatch for 0xafb906ac61b79c80211cb772de5ecbaa98a7b81da98fe3115fa5503125d18277: expected 1525905 found 1669964
20672941,aot,54034912.43010753,gas-used mismatch for 0x608c26207437fe7de63ed2d36bd870b2c45030230e0af535566573e3afb4bd9b: expected 218934 found 144535
20670039,aot,37823220.60902256,
20673715,aot,31898399.67948718,
20674157,aot,47688222.63809524,
20673850,aot,39522551.704,
20669883,aot,56779936.12048193,
20671621,aot,36826830.4887218,gas-used mismatch for 0x08dd31559c37c4f1d6676a3dd382bc13d26a871d7d7039c3216b15e74c0c313d: expected 437612 found 95868
20674068,aot,45338909.416666664,
20671577,aot,50273140.45263158,
20673683,native,19709272.75,
20669722,aot,32536691.11875,
20671810,aot,52855354.15789474,gas-used mismatch for 0xafdc4cc0f12d59b887312af4a96cc7e09ff3c3521b4535ccdea8ea4d5649e6eb: expected 538138 found 433772
20674109,aot,63239539.8625,gas-used mismatch for 0x9d2806cc38b561754f28d751dd006aa691e373ec6d98686153f0a2116396f8a9: expected 4050620 found 1511077
20674452,aot,45856192.84684685,gas-used mismatch for 0xb7075b334a89b1ea8ca0fa4e879ff1419df905c3ac5347c0525f9a5a490834c6: expected 282545 found 153935
20675235,native,59421805.930232555,
20670082,aot,56617303.7,gas-used mismatch for 0x2c8ad3d3577807baddf4ff3d1f8561e1e4d9512219f678e94f677340c466d006: expected 470726 found 410807
20674152,native,48862891.24761905,
20670253,aot,49926984.71,gas-used mismatch for 0x2aba75107881a44c4608ef1c57001e6feb35555d4025da1112c92434adea7c98: expected 403666 found 396196
20674040,aot,40545016.7,gas-used mismatch for 0x97eabe5e4e6469db3bc60d33141009abbe8b8639b2591ea56166293142bd8a13: expected 521882 found 350102
20671622,aot,62550651.741935484,gas-used mismatch for 0xc51732e075ca807b6174bb8df0d17df9168c0393b9fa67794ac06ac705f259b2: expected 761941 found 224159
20674731,aot,44338416.208333336,gas-used mismatch for 0x335de1cb393dd3081a8590760c02e05a103ff5bf3d5ddd35ecc69617d6ec6292: expected 556616 found 488145
20671426,aot,60470940.77906977,
20673646,aot,23681433.083333332,gas-used mismatch for 0x3b7dfccbe551824510ac43e37cf20bddbb81e00718350bd48ad76ff74a572d3b: expected 227925 found 217885
20673763,aot,50699071.07920792,gas-used mismatch for 0x78191456617a4ae1144412caf2d7199c3c0bafc45d939396fff2a5fe5cac3da8: expected 898195 found 542820
20675185,native,65215837.01234568,
20674812,aot,55181895.93684211,gas-used mismatch for 0x570ad3e1ad9fe49e13a2b0e84922fa2f6ca429af8b89f290c4ec9eb2e588e89b: expected 703738 found 585618
20672742,aot,41828020.69421487,gas-used mismatch for 0x9c41b2eb22f09abc053102291c1ce2d863d42bd899a182a2ea26e13b63a9b45a: expected 897999 found 117072
20673806,aot,37406571.95035461,gas-used mismatch for 0x2c1afd4e75e0790164e7f7ad7c46910d1afd6849fa24b5a6329ae9947b4e078d: expected 5890587 found 3383409
20674543,aot,28979995.224043716,
20669995,aot,44348208.625,
20673430,aot,17314322.44876325,
20675183,native,54262736.81052632,
20674484,aot,43140932.66949152,
20673114,native,53186538.08490566,
20673100,native,25395857.55399061,
20671859,aot,45366356.25862069,
20673838,native,56293608.766666666,
20673441,aot,31240975.658385094,gas-used mismatch for 0x8d1fec0d7d8460847ec3df67bac91cd0954875bca5cc915187c3cc4778756da1: expected 394435 found 308562
20671133,aot,39128961.265625,
20672831,aot,52408283.98,
20673476,aot,80823021.50819673,gas-used mismatch for 0xa9cd0234baadca3b7457c6e0e096b3103632e96312288c06623fa37ed18d1c16: expected 870742 found 858384
20673716,aot,25343795.95081967,
20672633,aot,28195536.722891565,
20670040,aot,43860478.26415094,
20673725,aot,33214828.29054054,gas-used mismatch for 0x145a62773f347377a8c6a572282423d09baa9259bf49b44995e02b193f862bb7: expected 297686 found 208613
20672942,aot,33248737.307692308,
20674435,native,50784884.010752685,
20673851,aot,31080498.55944056,
20674321,aot,31115293.72903226,
20674158,aot,43806502.92727273,gas-used mismatch for 0x19f6531e6ad663cf83ae1054635010b80e9eb38ecbbc0afe2f0bd1c588140773: expected 872473 found 412631
20671508,aot,20236197.60483871,
20675001,aot,56740719.27906977,
20673404,aot,31354500.19018405,
20674069,aot,42825224.54782609,gas-used mismatch for 0x8c6680b96f72062408b402f8948eb30bc87d2a574af4aa15eb7133dcc19139ad: expected 968835 found 532326
20669884,aot,39376290.309523806,
20670007,aot,20235901.03629032,
20673031,aot,56619670.870588236,
20673684,native,36127472.0367647,
20669723,aot,37669988.015625,gas-used mismatch for 0xcef253350c8ecfb32e864002d1e523424cfb2ec346bf7157daffe6af74fbbf92: expected 273058 found 238250
20671811,aot,24311386.825242717,
20670083,aot,30150567.01986755,
20674453,aot,38186181.06349207,gas-used mismatch for 0xf5fb541f6dcc2ac62a1bd30d53ae7277f8ed32a83eb8848167d6abd202dd75a3: expected 310596 found 148558
20674110,aot,61643102.475,gas-used mismatch for 0xf09071ab62b94be0da9e5287ed966190433fc9bfb1583ab80ccd03de4b0dffb1: expected 427494 found 95880
20675236,native,44808797.734513275,
20674153,native,30516443.85714286,
20670254,aot,44188531.796460174,gas-used mismatch for 0x371fad7b38da6407cbc5d56ee2d0cd9146b6a4bf73211e182ef21fd9759aefee: expected 213115 found 144564
20674041,aot,42227433.47457627,gas-used mismatch for 0x4970db8abd419007cc9dcf09893b63d59b7af0b3218d4235ae3715e8ddfd4c94: expected 366043 found 306374
20671623,aot,24650809.185365852,
20674732,aot,49445062.557522126,gas-used mismatch for 0xcba0cebeee1d348b2ae0ad9686d42d430697e996267db9aca7b2626f8838c2cf: expected 359845 found 44722
20671427,aot,35963580.51470588,
20673647,aot,32031899.103225805,
20673764,aot,35043910.489655174,gas-used mismatch for 0xc72f5fe5fcc28b70066a03d984789649f190ce2ba72c6139ea06d5ae4291f404: expected 126272 found 84568
20675186,native,27527023.777777776,
20674813,aot,23355231.600917432,gas-used mismatch for 0x14202cbeed95aa4cdf37fcc29fdc9ec73ca2ceba07f495235c0ab5ca916e7e00: expected 204626 found 82074
20672743,aot,43125880.34920635,gas-used mismatch for 0x293ded6c2005c65f505fd4f87a303b2f3924fa1736009200b0331ac67ea346d6: expected 390005 found 95880
20674544,aot,51458659.39,gas-used mismatch for 0x7d2698f6b4843f570fff99f45850ab70f9e3500062212bb0c91eeb655bf8eb5c: expected 384316 found 186710
20673431,aot,23560960.23181818,
20669996,aot,44339275.52586207,
20673807,aot,85742972.67213115,gas-used mismatch for 0x52aaa0600656bc91c1d83e12776a590aea27e90245463552cea8f2b8c746afb0: expected 655204 found 565461
20673115,native,29749123.175438598,
20674485,aot,33617825.658064514,
20674507,aot,35441913.83006536,
20673442,aot,53219812.21590909,gas-used mismatch for 0xfac03143999319b34f50fcb4658f4b50e39361eb820728590c9950287acd8eb5: expected 1397066 found 166856
20673078,aot,59022395.61111111,
20671860,aot,64907209.15,
20673839,native,44671174.37391304,
20671134,aot,38126187.49618321,
20672832,aot,30470398.36904762,gas-used mismatch for 0xafd3976d806e93c24cde6b72982bba05de1a10d449c56abbc08131d45c6cb790: expected 326465 found 321795
20673477,aot,56641684.21978022,gas-used mismatch for 0x01914753cba7ff92b6772f136d8bbbb992e484071a943b08d3e4a3a712ddfd42: expected 838032 found 338404
20670041,aot,35292909.4822695,gas-used mismatch for 0x357e29a449805ae9bdf6af90fe22b029ed104ebbeaa6d377fc661a2ff1f3096f: expected 308318 found 268358
20673717,aot,20008736.484496124,
20675002,aot,36050542.15037594,
20673726,aot,38709887.37692308,gas-used mismatch for 0x2f2e301e7edfa559704ce228d491af154ac6d94e169e77be1c5f2ff601b58c1e: expected 253961 found 209795
20673405,aot,28804875.851190478,
20672943,aot,34298523.13513514,
20674322,aot,39177081.0078125,
20672634,aot,29897331.556818184,gas-used mismatch for 0x0ce4a1458b649cd4e2d5617e5bb33adeb37d0bec4527d81850bbded14dccb059: expected 540271 found 95928
20674436,native,12863143.329268293,
20671509,aot,56855972.52325582,gas-used mismatch for 0x181dd7bfeffdfffaee37e7be2d839ddc6b3a4a7c39f0cc284e206469e605bc46: expected 266927 found 219637
20673852,aot,64180174.44871795,
20674070,aot,37135111.03076923,gas-used mismatch for 0xe75ef245ac3e38dd70d0cc3bc303a97813ae31a24a6a232b025748367deed90a: expected 366800 found 205324
20673032,aot,45649024.19,
20674159,aot,55334774.416666664,gas-used mismatch for 0x5e7d1bcb1c7540a0a948f1d2b596f321b301b59c76e9c5f81d45e92dc1810a4b: expected 200903 found 81750
20669885,aot,50861560.00990099,gas-used mismatch for 0x9f0e9fdb6b196c4b3208234ae0b26303a927ecdcf7fea983696a81d5db8c14a0: expected 369145 found 95880
20670008,aot,77059096.56060606,gas-used mismatch for 0x1dfbd365afb9f1466e911988fa800cd1d571b26cc6caa814efc18559fb4bceae: expected 1288356 found 1031096
20669724,aot,31274703.03726708,gas-used mismatch for 0x400c27c6c9a79250add2cfb81b4feb8a904b8865616d7b613244390b73b94b3e: expected 454200 found 314886
20669890,aot,53118526.42222222,
20670084,aot,41732926.03478261,
20673685,native,54364990.41935484,
20674111,aot,21963267.331818182,
20674454,aot,39606377.00793651,
20675237,native,38229325.625,
20671624,aot,52195973.91860465,gas-used mismatch for 0x97fb35ab15e868b0bda61fce75644632498d67efafd11eed5220e41b79d80a81: expected 404759 found 95880
20674042,aot,5171022.545355191,
20670255,aot,41716938.80909091,gas-used mismatch for 0xa8a438a8892b1045fd1c11641c9f8cc24a133b34eeff675883993ff94bbcacd4: expected 664758 found 665679
20674154,native,56341364.53488372,
20674733,aot,38585196.5945946,gas-used mismatch for 0x924f8cb1b0232b07df911eaaf2aabdf7b2c469eee575fb8be75f964b3c538f2d: expected 900935 found 200210
20671428,aot,43021839.159292035,gas-used mismatch for 0xf095fdf6ab92c49ada65fe6db843fd5ce94d7d3f86652873b8fcc5ae40dac994: expected 1252345 found 1271117
20673648,aot,69340845.4109589,gas-used mismatch for 0xbea6900191d3f15fcfa592ae434b2fbeb3f32588e73e6bea372b976a6d1d563e: expected 304986 found 228539
20674814,aot,3991369.5605199025,
20673765,aot,46401400.07272727,
20671519,aot,14531848.04494382,
20674545,aot,53414907.25,gas-used mismatch for 0xc3559d053b8a956b382e51f6411558f804c65b7a8d895511c0bf1a7378c5d787: expected 985816 found 866766
20673808,aot,96973548.10416667,gas-used mismatch for 0x5ec673c38a8cbdd4595b69241e8ced5f52d6e1f41ce0ea4af1110ffa85c03561: expected 395578 found 213233
20672744,aot,31162494.43373494,
20669997,aot,39093403.91269841,
20673116,native,28989557.791666668,
20673432,aot,70747048.32,gas-used mismatch for 0x3a08bc9c1395f56ad52602928f5e9d3b3a5cc989646520195fe76de15efd96cc: expected 534144 found 582152
20671861,aot,46196033.8021978,gas-used mismatch for 0xa885bd3d9c66f81491a0a7d7bacf98ad6231720a2ff89c332c377bd53351260d: expected 363447 found 285076
20674486,aot,46596175.15315315,gas-used mismatch for 0x83ed122f790bd2457f04ae75d62d17d99aa02da4763ab659ef873b53da83b3d1: expected 1124270 found 848703
20673079,aot,60997590.8625,gas-used mismatch for 0x9686ae26470c8bd766b48e8274fd909ac5719405808fe428e8a506806caf2d53: expected 323570 found 95868
20673443,aot,37810041.610687025,gas-used mismatch for 0xaf3aa390f649a0fbd12feefec85434b98952189198b2b36349589bba095aef69: expected 274747 found 247776
20674508,aot,26117814.958115183,
20672833,aot,43784201.00952381,
20673840,native,38191163.83206107,
20671135,aot,39414009.23809524,
20670042,aot,19492908.430493273,
20669913,aot,50045515.52222222,gas-used mismatch for 0xed0c0ae573003c3a3d8ea78308e7949821294b5cba5f275ac947264e0d95c58a: expected 252750 found 238120
20673478,aot,31573483.2,gas-used mismatch for 0xf215a17bbe832ed8219d94a301e4e6c0d4e7b1d20be0ee2612d95e4c066c55f0: expected 294563 found 223865
20672944,aot,22794002.52403846,gas-used mismatch for 0xed4c3dab3bb71f29298d0aacd1ae64247b31c6e7461566fa89f77b0a46088b5a: expected 266915 found 219625
20673718,aot,68895250.18309858,gas-used mismatch for 0xb896646bc48d7ce5623de9a6eda0eba96476d119ff7734992deffb2e6105e3eb: expected 1433463 found 1079178
20675003,aot,31322674.715189874,
20673727,aot,44716374.840707965,gas-used mismatch for 0x3f3ab28c8f266f03968acfd1aec4d24737116f32899f4b2744cbf7574c6e44a8: expected 290269 found 208670
20673853,aot,25731455.30054645,gas-used mismatch for 0x0e986ceb146e855c5dbe31341c7d26fc7ae442bef797008a12880f8bcc472bbc: expected 518687 found 144084
20674323,aot,31280426.367741935,
20670101,aot,34258510.8630137,
20671510,aot,44125582.313043475,
20672635,aot,45859828.77272727,
20674071,aot,18632145.032967035,
20674160,aot,22758151.203703705,
20673686,native,23011521.128205128,
20673033,aot,54105436.4,gas-used mismatch for 0xfd9b027e6e722be94f6f89361115da363848056b9749959e6734aacd868ca80f: expected 895826 found 867599
20669725,aot,33622321.86013986,
20670009,aot,33217928.62328767,
20669891,aot,48653246.524752475,gas-used mismatch for 0xd818291878fc7c710bcc1ed511cbe66b544096fa8cd049491eaa7a28c9f5843b: expected 586853 found 440499
20669886,aot,51610661.12,
20674112,aot,24406761.49514563,
20674455,aot,39283801.06870229,gas-used mismatch for 0x8a153497ecfa87a8224efb8ec440a2acab607a9a723cb8b044cd8c4a4f81f594: expected 200091 found 89213
20670085,aot,34510586.87179487,
20675238,native,49819472.58,
20674155,native,45807281.98019802,
20673769,aot,49247108.74528302,
20674043,aot,70423510.23287672,gas-used mismatch for 0x16467d20bd1c52ae070834b05732a4a0a8df7212fbb9ad73ad3bf9e8edcd5b46: expected 460363 found 96739
20670256,aot,39635687.99206349,
20674734,aot,31750141.025641024,
20671429,aot,21976261.20614035,
20673649,aot,32383951.8625,
20673766,aot,34614240.80405405,
20671520,aot,40771963.46031746,
20674815,aot,76041865.58823529,
20674546,aot,44438393.58260869,gas-used mismatch for 0xcc229daf9759f22c9acf5beb7150a91862776a044fe81c73a18e62f7e056e93d: expected 416920 found 357048
20673433,aot,26799213.49714286,
20673809,aot,83522707.19672132,gas-used mismatch for 0xd2c3d849efef2edc290e6bc65556b08813cae2586aa396b45c67ea548cdb9816: expected 504148 found 306982
20672745,aot,39323781.71111111,
20673117,native,39059102.664122134,
20669998,aot,36206789.45454545,
20673080,aot,22058034.055793993,
20671862,aot,37015098.68493151,
20674509,aot,40817989.544,gas-used mismatch for 0x5eb5b6595407e6959902aa7c11a7132a2dd93f40db4b12b6dcc09bb0ebc0a97c: expected 628461 found 358150
20674487,aot,31956286.635294117,gas-used mismatch for 0x61ba3cc3216c23fd1ccc49d02311bd9d5885fa72b9a93d939297a04fd31bcdaa: expected 255437 found 194166
20673444,aot,46395277.93693694,
20673841,native,49347961.64356436,
20672834,aot,37609692.88235294,
20671136,aot,47269141.73873874,
20670043,aot,51960109.03,
20669914,aot,31325415.884848487,
20672945,aot,38636529.78625954,gas-used mismatch for 0xf06cc42f2a8939d7e895968d0c8b8e36d8513a9273310cc6ed342cf074ff9a1c: expected 285489 found 206327
20673479,aot,82577801.3442623,gas-used mismatch for 0x0083e413963f3a4cfab7826102cc3e71bc09fb79e67aba48436a03f15d71203a: expected 304311 found 232104
20675004,aot,25058839.85365854,
20673719,aot,22698637.673913043,
20674324,aot,20487240.64516129,
20673728,aot,27016936.42408377,
20672636,aot,38699446.192307696,gas-used mismatch for 0xa4a5d3dfa9600de43de3fa3cd09fb198b7f29ceb46bccc7bb95031356ff34d56: expected 1198935 found 446107
20673034,aot,41029362.24528302,
20674072,aot,38884798.29007634,gas-used mismatch for 0x0a189e5df454d0de4c25c7e121fd1835f52e0681b124835bf456360e7a7daf1f: expected 310580 found 95880
20669726,aot,45877072.38613861,gas-used mismatch for 0x46bb3454cae6fe2e1871690ab175a8612698ff7b3636253082b83a7704d88cfe: expected 364118 found 96683
20669887,aot,41592302.234234236,
20674161,aot,29924147.702531647,gas-used mismatch for 0x15d528e5913d736d9de0e31a503f33ac9a304a3ab9ef6db83114dd0237928d26: expected 263214 found 196659
20671511,aot,37265313.88095238,
20670086,aot,72928286.73015873,gas-used mismatch for 0x865f7f8305a5b0c2326f8f309300aad14686ca95cfbce6e9b29fa0a3381376cc: expected 510761 found 368996
20669892,aot,38375923.0952381,gas-used mismatch for 0xa5702e8d1acb347366d6a1873a391a43166deb1366714c40ea24d743d8d75430: expected 227719 found 217679
20670102,aot,60077734.061728396,
20674113,aot,69165822.05633803,gas-used mismatch for 0x03ff0c0d61ac0c35c8d6665e9292294fca7c0b077a7749f5b1e75157565327a0: expected 402008 found 241820
20674456,aot,29499956.31547619,gas-used mismatch for 0x0aa1d278138b3f92f5a568027e30a71462b13f4f5b6a433454aa334844b0e979: expected 133800 found 112900
20670089,aot,55812674.60227273,
20670010,aot,54408750.24175824,
20675239,native,29913638.233128835,
20673854,aot,107810197.73214285,gas-used mismatch for 0xa1002c75859ef6f4bd850e9496b5e99423b3a240263169509bf708f41e6f94f7: expected 505620 found 145198
20674156,native,29706187.602484472,
20674044,aot,51997868.82417583,gas-used mismatch for 0x4f5da083d9695f100da66789076eb36a678a7af2219dec0ac98fe0581120d632: expected 322263 found 95868
20673770,aot,58460596.38271605,
20674735,aot,31118562.71895425,gas-used mismatch for 0x33e5e79cc767ca559f448495efe8255f84ca44042f0484173fd7b78d4d2f6977: expected 432146 found 416464
20670257,aot,42703765.63716814,
20671430,aot,46743873.574074075,gas-used mismatch for 0x74efe646f0af639facb4339e13e65732e42df7b55f731bd1ba7f92c75548050d: expected 264019 found 215830
20673650,aot,32203299.049689442,
20673767,aot,21897179.316017315,
20674547,aot,42704765.24390244,gas-used mismatch for 0x44bd763e9b4d27fd9c0b5dd8078d5ce3f9707ffadb267a3ee655ab4f936ea4c0: expected 384304 found 186698
20671521,aot,66167538.790123455,gas-used mismatch for 0xa7beb164b7aec913c57d776751a0e3cbf3c51d910e8196d72aa66f49836f7c5f: expected 277745 found 153935
20674816,aot,82895210.14285715,gas-used mismatch for 0x228818b1b5dd593ac41562d6cfcef59404479677a8c91635217b267d694508f1: expected 277733 found 153923
20673434,aot,34807256.84827586,
20669999,aot,54554918.406593405,
20672746,aot,38109511.669172935,
20673810,aot,62414264.83529412,gas-used mismatch for 0x962fb9133feebd253e309c80d78e63bf08bfd354a333236688650df097e2e508: expected 951887 found 543208
20673118,native,39466919.5648855,
20673081,aot,27358526.32972973,
20671863,aot,31268671.46875,gas-used mismatch for 0x88ff48aaa448b77a678ca627cd50457b10430a82d0066c40414317b12954cc50: expected 489450 found 239431
20674488,aot,36356870.66433566,gas-used mismatch for 0x151fc88db0e7ce1f62c67de6aa1bb4828ab6674a5ccea4732864ff7a56be844c: expected 1506082 found 1223570
20673445,aot,41086928.392,gas-used mismatch for 0xb48cea689e2ccc8af713902d2026ec27c2007160b9ebcf813132ace2409c68f4: expected 247512 found 118848
20673842,native,36459216.842857145,
20674510,aot,32868418.53012048,
20671137,aot,27497443.688235294,
20672835,aot,36046011.346666664,
20673480,aot,41381937.04424779,
20669915,aot,38581168.0610687,
20672946,aot,13101925.623737374,
20670044,aot,13241527.469879517,
20675005,aot,54244595.20879121,
20673729,aot,18636066.403703704,gas-used mismatch for 0xb081854dc6f175bf6a2bdb1870dfc28644e3e61c20466d49ee6f38958ed48de7: expected 465718 found 95880
20674325,aot,30472528.029411763,gas-used mismatch for 0x91d1d62bb06081aea68ad213ba43b549093f39f160a84c3a59592f07ff2875b5: expected 345167 found 337974
20673720,aot,61884065.035294116,gas-used mismatch for 0x0e38ff81df9342044dc0f10c5006c1c708503015aa8793dd519727264b837488: expected 368769 found 256073
20672637,aot,43068521.426086955,
20673035,aot,36326894.38297872,gas-used mismatch for 0x2599017153df4bc8ae31c89d5dfe837edfab2f53fe5c797f4a1382e5406947fe: expected 362350 found 206202
20669727,aot,27616213.852272727,gas-used mismatch for 0x410f097588561c9a4ec015f1f42d8508674cd85dfd46ce095c8f0f336da26c64: expected 282545 found 153935
20669888,aot,33282026.66438356,
20674162,aot,54187820.417582415,gas-used mismatch for 0x769412170698840c8434cae1e42767368a79c68d62c07289277910ea6baf143c: expected 462082 found 429578
20674073,aot,46471123.42727273,gas-used mismatch for 0x04554257351e8d00edda013cb40512e160b5e5ad40d72cfe625f53c7ed325a25: expected 492826 found 184118
20671512,aot,50048922.6632653,
20670103,aot,15552112.140625,
20670087,aot,39422457.6640625,
20674114,aot,31167456.285714287,
20674457,aot,32484777.205298014,
20669893,aot,59614910.11764706,
20670011,aot,24061166.427906975,
20670090,aot,25374259.480582524,
20675240,native,39002896.578125,
20674157,native,48114542.495238096,
20673855,aot,37843180.833333336,
20673771,aot,34748247.51145038,gas-used mismatch for 0x6b5afb7e5582133b1bb003541d29d8da752137e5ae45686636e8705215ae8e4e: expected 386008 found 232116
20670258,aot,31956810.793333333,gas-used mismatch for 0x31b238d74557ffdd6120121e83f2021abed4418db89b0ba4c9569b276b375086: expected 269839 found 243246
20674045,aot,36603620.26717557,
20671431,aot,34964587.47407407,
20674736,aot,68333119.13333334,
20673651,aot,29072089.82278481,
20673768,aot,45467579.37037037,
20674548,aot,26084535.27368421,
20674817,aot,11513970.251141552,
20673119,native,27830257.93670886,
20673435,aot,51597917.18888889,
20671522,aot,32001041.051282052,
20670000,aot,18168179.676363636,
20672747,aot,41490626.62809917,
20671864,aot,36675406.52671756,
20673811,aot,90104678.53448276,gas-used mismatch for 0x74f3d3c2709a4050b79c4eed08249ae56d35401878952ce3a78c0d6301419d71: expected 261763 found 204763
20673082,aot,49079882.36893204,gas-used mismatch for 0xa7eab516379a0cdee45dd458897b1656a080f62a40fc2b630823303b11ddf71d: expected 393476 found 147925
20674489,aot,48471959.20388349,gas-used mismatch for 0x662efdc0d2f8656a19fff964f058036a61d9ca72f335276d11e1dbf72f93af46: expected 213592 found 82074
20673446,aot,39721508.26984127,gas-used mismatch for 0x5eb4f628302734e6db98cd877b5f2c5635d8d6637944f01d75b21b57ab841770: expected 304890 found 232104
20674511,aot,32136997.8627451,gas-used mismatch for 0x98eb9877bd845f9434a3435e92026f6de0c69effec9e4de06d53abe5371e460d: expected 395434 found 189306
20673843,native,35779709.5,
20671138,aot,48970628.08737864,
20673481,aot,65368441.68493151,gas-used mismatch for 0x7afd6180e046b8d58243fd04fb88c6d82ca49d635df64fe5f4d977fa57a02b77: expected 391640 found 95868
20672836,aot,38491650.924812034,
20673730,aot,46719272.92631579,gas-used mismatch for 0xc5551ef8e39fccbce47da2350df26b93ac00a97717b3227ac2716e3422396f44: expected 408033 found 401930
20671513,aot,49091725.320512824,gas-used mismatch for 0xe0edf86faaa6ffdf2a5502107ff3f5c268d9c203efaf026c21b0694d847d8985: expected 305482 found 234866
20675006,aot,29789301.5,gas-used mismatch for 0x3dec5afc7fc2a1dd421d80e6ae9a3683fbd5ff21e452dc2ad6a9e4940f67a207: expected 1054714 found 331417
20669916,aot,69725256.12328768,gas-used mismatch for 0x054a7fb110ad2439cfc7be2cdca99fc870d885606b81be5ad9481fc84433818b: expected 726253 found 447264
20672947,aot,67463149.76,gas-used mismatch for 0xbd30a7ba5b39d7b0bea64e429385db86623de1cf79cbfd90e641ee846de7c1b2: expected 545602 found 460089
20674326,aot,26073612.710526317,
20670045,aot,38840329.94615385,
20673721,aot,28049425.08426966,gas-used mismatch for 0xbd33771ff25cca3cb13534cb9f9d67d799b1ac92eb10557562c0e751073f7f20: expected 639560 found 76422
20672638,aot,30534222.54819277,
20669889,aot,33831565.586666666,
20674163,aot,7278585.820979021,
20669728,aot,34687931.781456955,
20673036,aot,40355741.58015267,
20674074,aot,38635317.00735294,gas-used mismatch for 0x47c03cc906f1eda7464c52e8e69af6e5f7b94fa50af1ebd3e0bfe4af4846fc39: expected 471436 found 183249
20670088,aot,34124671.87417219,
20670104,aot,64527611.175,
20674115,aot,72501374.49295774,gas-used mismatch for 0x2dc6aa067f3fb0fde3b84c2f3af4ee9c0dc24d7afa045e09fbc977fc8d81d9d8: expected 366031 found 306362
20674458,aot,34963502.50993378,gas-used mismatch for 0x29f8bea83665d40b197d95113197ada4b1b2041a7ecd8bea4beb5722425f231a: expected 395456 found 189318
20675241,native,64139554.102564104,
20669894,aot,39579935.641221374,
20670091,aot,39061012.9924812,
20670012,aot,65634836.24691358,
20673856,aot,36310735.593103446,gas-used mismatch for 0x8b4d9dcf9a06285152da68fe4f7c7eb6abad1bff2330382a198a9dcaa0bef7c8: expected 2489415 found 642817
20674158,native,50653319.333333336,
20673772,aot,29310382.480662983,gas-used mismatch for 0x2d11d607c93006427d4f81f98f3168e48c20ba3e92a3ca4a06a35c0886e9dc3d: expected 198453 found 189464
20670259,aot,46796337.24528302,gas-used mismatch for 0xe275ac25ad4db01085a94cbda47c79ea966b365bb08fa69477d1eb198a4db992: expected 286888 found 247622
20674046,aot,35367052.277027026,
20674737,aot,47102111.527777776,
20671432,aot,54716925.0,
20673652,aot,41560428.28571428,
20674519,aot,31798477.79054054,
20673120,native,36158591.323308274,
20671523,aot,35545103.23529412,
20674549,aot,46103302.132743366,gas-used mismatch for 0x4ede92906cbe4ee4ea9ff292bf3a5de5b625946790fa3b075936a20bbbc25110: expected 1716176 found 642723
20674818,aot,57414038.48863637,gas-used mismatch for 0x07ef232c54ae64238ffede9241b0efe2fdbe1f4167579d7807fb53c1d77ce190: expected 395496 found 189284
20673436,aot,32242710.44047619,
20672748,aot,33416664.31125828,
20670001,aot,64915738.57692308,
20671865,aot,43963514.41441441,
20673812,aot,28767947.102272727,
20673844,native,43407915.2735849,
20671514,aot,37999814.541666664,
20674490,aot,36771856.115384616,
20675007,aot,52910951.22727273,gas-used mismatch for 0xcf2566b49825a0c6337f24bffe9a283423f2128c16790459d99f317e5b36aa51: expected 1070206 found 348507
20672837,aot,30441317.18125,
20671139,aot,43782917.126126125,
20674512,aot,44671575.03636364,gas-used mismatch for 0x059c21fae708aa1dc2ee4af79fdea58af6b22bcde35eb42eb8a29b29ea1ddd63: expected 394192 found 189296
20673083,aot,41205098.233333334,
20673482,aot,57030343.18181818,gas-used mismatch for 0x9b1521552adab7925a4d6be8fc6bb77fa5a3f176df9127adbf3b5c322f422434: expected 152481 found 135234
20669917,aot,10714086.503311258,
20672948,aot,47818627.041666664,
20674327,aot,33972055.496503495,
20673447,aot,41874305.28455284,
20673731,aot,30945011.82285714,
20673732,aot,51005103.166666664,gas-used mismatch for 0x966d967be19352be035b76700667b481d998327727a1bc7df6dd52dac3a1bc96: expected 479276 found 71752
20670046,aot,65867905.73972603,
20672639,aot,36206457.15384615,
20673733,aot,39195359.166666664,
20674164,aot,50847004.3125,gas-used mismatch for 0xecca51419a21e434b382ebb8976d674f9a425739d2a9900e56c5f62d4f2eb96b: expected 191484 found 81750
20669729,aot,44627703.93693694,
20674116,aot,45741658.689320385,gas-used mismatch for 0x60b41c15046f450d5c09258f9724622226dd127ea926652ef587d3d7d2aba85a: expected 416435 found 226829
20670105,aot,42519501.922413796,gas-used mismatch for 0x4ce30ad5c7a52c7f2ebfb9438bd7cdbc32120076d24e8e9b24d8d2aaed8abb9b: expected 527756 found 402465
20674075,aot,32144885.961290322,
20673037,aot,37481715.955882356,gas-used mismatch for 0x586877fae494f7e0a1a479c53630ddff4dfc3386e2f3e4c976fdec9653b9affb: expected 277745 found 153935
20672644,aot,37189750.97058824,
20674459,aot,51482997.104166664,gas-used mismatch for 0x57f1b6321ff3ada32998306b00c30b4baa1e6aad7c4300e033b9c20a3c0c4f0b: expected 293496 found 148558
20670013,aot,38626955.911504425,
20675242,native,11574398.99770115,
20669895,aot,40738599.65,gas-used mismatch for 0x9a6357f116113d73a2a1fb552f47dafc28ea7e87b268b85571a0af8026206e11: expected 196153 found 81726
20670092,aot,33512895.220689654,
20673857,aot,29668092.906432748,
20673773,aot,56185604.177777775,gas-used mismatch for 0x31c27df30e4af266052b0d64ecc5045b6392f7583367bbde414cb024be97c036: expected 384052 found 208469
20674159,native,53420693.258064516,
20670260,aot,45237847.75221239,
20674520,aot,33387109.842975207,
20674047,aot,39582637.984962404,gas-used mismatch for 0x1ab5f31eba268756b7a0dcf0e7ccd72e1d10606a0d04f612ad0b7715a9c4f64b: expected 408764 found 95892
20674738,aot,56813021.86813187,gas-used mismatch for 0xdf1344813c68607f1c15f098ad517e683f8a6cbad8a9f711eb8ae0fe143ba79d: expected 1032808 found 1120742
20671433,aot,29384053.36842105,
20673653,aot,35724194.10869565,
20671524,aot,44600369.54237288,
20674550,aot,47180405.40869565,gas-used mismatch for 0xbf03bfb058799c2a49466bc4ad24d86aab5c7f4f7ee0c2e427120847580235de: expected 384316 found 186710
20673437,aot,29206817.666666668,
20674819,aot,64561937.43373494,gas-used mismatch for 0x47807bab9367237a0266f9dea995a8b18ac3bffceca21879db0b0b0fa3226894: expected 386084 found 95880
20672749,aot,27754747.23655914,
20670002,aot,24561296.653846152,
20671866,aot,37332561.0,gas-used mismatch for 0x2d4c7bf568bda4b062b8e6a13269f65d26c75b11e187830d3f6e0f2e6782f279: expected 473538 found 379783
20673813,aot,92809474.67857143,
20675008,aot,20217750.792035397,
20674491,aot,17409992.706484642,
20673121,native,103920651.2,
20673448,aot,43025039.7264151,
20671515,aot,46028787.477876104,gas-used mismatch for 0x490b07a8343ab8f8e092fdb04a31370aaca7af5a72e4d7763b89ddf8d40c03cb: expected 213079 found 144528
20673084,aot,30235084.88690476,gas-used mismatch for 0x242cba1e804e904cdf45d8aec1b1ddd00627c720a7e7b8744c4c48a4431aa24d: expected 277733 found 153923
20674513,aot,35156775.0,gas-used mismatch for 0x8c5c179c96a42d14db33438729b7688592f73efa47f3568edd1fbf283e31634e: expected 185387 found 81786
20671140,aot,52791307.50537635,
20672838,aot,32200928.275,
20671906,aot,8812.20528705339,
20672949,aot,35251646.43262412,
20674328,aot,41179945.38016529,gas-used mismatch for 0x15200bbc1396376dae58700666e6d7ec76430d7a56bf0e95be5b70dc3a895f61: expected 309649 found 237474
20673483,aot,36734633.59440559,gas-used mismatch for 0xe6459ee2afb1054dae94eb91572ac17c8ec7f80469bbf981877c272727c38289: expected 308306 found 268346
20673845,native,50462718.761061944,
20669918,aot,70958200.29333334,
20673863,aot,34482409.91216216,
20672640,aot,34895449.89041096,gas-used mismatch for 0xa7042e50b8a89365960caf6aa475c0f041e1ac5dc9b44d9232b033683a187b9a: expected 799936 found 188777
20669730,aot,16837021.154385965,gas-used mismatch for 0x8e89faf89e6dd5ab7fcb73a33068822036f9b893b3490181f1d3f598a8455571: expected 344992 found 95868
20674165,aot,6769814.210810811,
20673038,aot,31083786.83108108,
20670106,aot,39432480.16528925,gas-used mismatch for 0x7edfe333c8d0c04ff7754f4e72c801941ff32f6246477b3c1bfcdac12195f20b: expected 302861 found 130938
20670047,aot,51518882.5,gas-used mismatch for 0x3fe0b09246d543aa543ea6b0b889ea025dff607ddbf48deb401e2341c86a431b: expected 263224 found 196669
20674117,aot,27424983.21081081,gas-used mismatch for 0xe7169222d7c73b3fb2248cdfa4fedd08040856ffcb14a7eb31eda32f7d9b8ec7: expected 266939 found 219649
20670095,aot,46086063.14159292,
20674460,aot,27661787.0,
20672645,aot,38693972.520325206,gas-used mismatch for 0x1330e342c0b70bcf1a7c7d1ab12f6ae9f891ed6941a3e5444814380cd1d912d8: expected 254242 found 238913
20674076,aot,45615714.222222224,
20669896,aot,38904068.49586777,
20670014,aot,34282376.787234046,
20670093,aot,36041258.28148148,gas-used mismatch for 0x410dab37495a2c3954352407ae1a47257bfe3565be1aec6a1f0c24c35b3d8da7: expected 261736 found 212286
20675243,native,69718690.97183098,
20674160,native,23929910.173469387,
20670261,aot,44254538.86666667,gas-used mismatch for 0x8da94381d9901bc59b66a4b93eaaa478068294712c4bb20feb4e0e8e1a691ad8: expected 286855 found 243162
20673774,aot,68752987.02739726,gas-used mismatch for 0x7808a2e2914ef24332531a9b728a7a98778b13a1a57efa09b13c6602e0f790bf: expected 282545 found 153935
20673858,aot,61625255.22093023,
20674521,aot,47831126.37864078,gas-used mismatch for 0x91ca17a3df2dd1ef706c5254d547b640a83d77340bdf64b7e55c5b2f32d8b588: expected 449772 found 95868
20674739,aot,25407205.585492227,
20674048,aot,45921140.277777776,gas-used mismatch for 0x58e2efec14ab3e99e0f69d3e35b0db0fa66797960df691989be675a6767d9953: expected 418368 found 95880
20671434,aot,40909254.211864404,
20673654,aot,30078851.723529413,
20673438,aot,30180696.846666668,
20671525,aot,32984898.0794702,
20674551,aot,26948792.268817205,
20670003,aot,34369754.33566434,
20674820,aot,29524761.306358382,gas-used mismatch for 0xd277d5268d38c5ebd0dab59161b87329607e58e0be14a3882de116c7ec76c91b: expected 331220 found 94875
20673814,aot,80382523.10714285,gas-used mismatch for 0x36373cf8e4b86568733259e42df0940be4f908cb4bc158c1d666fde8206dbcac: expected 396103 found 213215
20671867,aot,43646244.01724138,gas-used mismatch for 0xb5a0cab9c7a4818b4bf53e6926d4877e2b9d3d1f3983be3581ef16b9fc193dff: expected 980737 found 986197
20671528,aot,34014067.525316454,
20675009,aot,39745299.17460317,gas-used mismatch for 0x7b4287385870523a5af012d57e50df661af3602c5acb551f94a3c050292ab4e5: expected 502668 found 181423
20671516,aot,43853372.0462963,gas-used mismatch for 0x1674d7c8bbe900625ebfc61ccc9ff26e3e675edd790b94c7a6a83b761093a80c: expected 404759 found 95880
20674492,aot,46729097.0952381,
20673449,aot,36948052.8,gas-used mismatch for 0x60e9475c92b26f9eaa3876c629a91dea577cbe02ab1e37e415712ad342bb3c73: expected 276543 found 172501
20672950,aot,11942476.150851581,
20673122,native,46530020.2962963,
20671907,aot,52430500.741935484,
20671141,aot,33539482.165562913,
20673484,aot,34040284.68275862,
20674514,aot,39497589.52671756,gas-used mismatch for 0x82b824c66f2f1575402aeaafe6a536ad586487d6ca9641efab209c96d58752aa: expected 261710 found 212298
20673085,aot,20159945.33076923,
20674329,aot,30210882.629411764,
20672839,aot,38359261.68115942,
20673846,native,56054832.10227273,
20673864,aot,43512022.19130435,gas-used mismatch for 0x3dcb72dca3680db23111f577806502cd2b8449063aaf49ccbe27d73610a34c50: expected 612256 found 214555
20669919,aot,43406270.301724136,
20672641,aot,34899340.391608395,
20669731,aot,58677760.25882353,gas-used mismatch for 0x510fb924f0103e2fa1f49954187c5bbf285e3013bf8724f58349cc0d38674b9a: expected 597284 found 322876
20674118,aot,39215784.27272727,gas-used mismatch for 0x91fee90096f8001c7a7ca8e8e61f89edfe1fced13e731d5a67413b606f315d0a: expected 196320 found 81750
20673039,aot,43520201.59322034,
20674166,aot,57279439.722222224,gas-used mismatch for 0xf26c907c63818fdbe287098720c9a6703b9c481bc20721ef487997b30fb38417: expected 375097 found 95880
20670096,aot,37402798.977443606,gas-used mismatch for 0xaa9b49b451b2adc502469fcaa862d005339ea369978c7e0b1006f547452a1dab: expected 207609 found 138348
20670107,aot,39755820.23664122,
20674461,aot,24746589.039800994,
20674077,aot,33777339.66013072,gas-used mismatch for 0x7ea3c529c8639ee024113f86e1c675e0820a1f6e162ed8c771a8bf48cc4bb0c9: expected 394976 found 234724
20672646,aot,25564924.330097087,
20670048,aot,55942236.010526314,
20669897,aot,22972944.195918366,
20670094,aot,50317676.21296296,
20670015,aot,58988620.10989011,
20675244,native,51611731.04854369,
20674161,native,28935168.684210528,
20673859,aot,5455203.457207208,gas-used mismatch for 0x5f08654c544828720a8b79b63ccd6db3bd5f4b4585b980397469ec8c3d7a6969: expected 884552 found 347722
20673775,aot,60573991.96385542,gas-used mismatch for 0xfa3d9c2980aa197432bb4978e1a99b5f23917bd7c38a90b51b6ad3f02c34f3d6: expected 401045 found 241282
20670262,aot,34380411.333333336,
20674522,aot,35125486.39130435,gas-used mismatch for 0xb7d4ab3962078f77399b7b21cd780663925139f6262139f61cc55d43475c1d0e: expected 395454 found 189306
20674740,aot,50753797.8125,gas-used mismatch for 0x6fcaaf23a349b2b5f9f899e9da167f8946a1beed70bcbbf3cad0a0473939e3df: expected 277745 found 153935
20674049,aot,29302016.976878613,gas-used mismatch for 0x81ea531ab9274438109ef8c4c9fce22de67bc46d8b63a06f04af20ea33649e16: expected 197819 found 81774
20671435,aot,62040953.7625,
20673655,aot,37009330.17123288,
20673439,aot,56929934.67045455,gas-used mismatch for 0x4857c0f7036f4f2b2c9b189dc68ea0f4abcc9d4d0da7baa53224f3fdd13ab5c1: expected 278173 found 191663
20674552,aot,35038308.82857143,gas-used mismatch for 0xfbf44cfa396144311fa5f71d8ae1b60fd2706e427491cfa0c7945be6f33874ca: expected 255468 found 194144
20670004,aot,31948266.851612903,
20674821,aot,57791067.88235294,gas-used mismatch for 0xbb7c58a09f8cd8dda7135897b6bf43750300b09be365948881926ae62b93aa02: expected 306482 found 95880
20671868,aot,29328510.10714286,gas-used mismatch for 0x73e7049d6bbba322f22c6696a451e2225b42daadb6d51f735e23aaf4e1d74bdf: expected 143372 found 84568
20673815,aot,23023218.89090909,
20671526,aot,30594674.972677596,gas-used mismatch for 0xc18f20b293d6209da2226e013276f3a243eeac57e592de97f33e473b8b3d724b: expected 196296 found 81726
20671529,aot,56583705.47727273,gas-used mismatch for 0x541ab10b66e168003da7d7053adaad6fe8de33fbd8c1d53b3880e0588501c055: expected 1043798 found 745002
20675010,aot,29828863.151515152,
20671517,aot,18211759.003663003,gas-used mismatch for 0x229c720cec261cc481932e8c336086b92ebb40b95d2791890660c8670b4ff2a3: expected 426555 found 95880
20672951,aot,110593.29319507148,transaction validation error: lack of funds (19554275368532542163) for max fee (19554889739353698659)
20671142,aot,47116533.188118815,
20673086,aot,39045454.62698413,gas-used mismatch for 0xa30bc0dc40357c5a79c5599dbdb94f3ee8e60d4a8bc02cafdc3c5f0984f8c9fd: expected 352045 found 95880
20673450,aot,47847024.39047619,gas-used mismatch for 0xa7f33fb4af5b1937dcfaffdb070d59cf61349f10f160666a2809cdc32c338d3b: expected 207493 found 82050
20671908,aot,50403067.84375,gas-used mismatch for 0x7172fb83901113e5ad07f62d116f2280a078e15c9b21aea54c09391f7e298531: expected 282545 found 153935
20674493,aot,37143388.08695652,
20674515,aot,46623253.67619047,
20673485,aot,44423985.39823009,gas-used mismatch for 0x5986a95c8406fd90a1740ac0d651a93dd92f96ed8fb4f417152d9505b029db33: expected 1160145 found 900172
20674330,aot,30938844.03164557,
20673123,native,40499755.76923077,
20672840,aot,37730131.55384615,
20673865,aot,41436845.125,gas-used mismatch for 0x71684afa0c252907ae1959782f30dda8395e7af8e63154e109ef81a12c96608c: expected 323570 found 95868
20673847,native,32521862.722580645,
20673040,aot,43975265.13265306,gas-used mismatch for 0xa669cfe504a12f95429ed39e11f8bd885d5a80f3f7aefed11ccd22bb44778b63: expected 199249 found 81738
20672642,aot,40273720.232,
20669920,aot,53878187.21428572,
20669732,aot,43250542.686956525,
20674119,aot,33282086.48666667,gas-used mismatch for 0xc6f87b6b1aee45120eb0db27123c93bad2df692e435df891f587148877f9f11b: expected 223654 found 144559
20674167,aot,12565681.1775,
20670108,aot,36540292.69924812,
20674078,aot,33311981.506849315,
20670097,aot,31396606.942196533,gas-used mismatch for 0x7c41c0efe376fe599973712ab7c785206963feda7b7c7f80c2e3a64be9741975: expected 875437 found 486642
20672647,aot,37361642.27272727,gas-used mismatch for 0x9c139bc687e7691b2dfa6d89c9baaa62e69ac75681b40e26edfb32d08fec8e8b: expected 1021407 found 221395
20674462,aot,10355468.122710623,
20669898,aot,18482360.298507463,
20670049,aot,35274360.30128205,
20670016,aot,19348272.49808429,
20673488,aot,45343226.405172415,
20675245,native,34177598.344370864,
20674162,native,53839819.77894737,
20673860,aot,65134672.333333336,gas-used mismatch for 0x3f7c9d89b092418df6fdec5c5fdc47f232091640ae0dbcaece7041cf880aa4fc: expected 1296496 found 759465
20673776,aot,31832729.46202532,
20670263,aot,44632915.3963964,
20674523,aot,45099089.380530976,
20674050,aot,25994608.38829787,
20674741,aot,27896459.19354839,
20671436,aot,42886469.28,
20673656,aot,59929058.36046512,gas-used mismatch for 0xc7828ba5857e9103f3285575a09d6eda29f4a13ca374f96ea6f4b8467c387a20: expected 278168 found 191663
20673440,aot,8833203.032758621,
20674553,aot,55272133.73626374,
20674822,aot,27351624.297872342,gas-used mismatch for 0xb9d6c3c12398b23b89c30ff1ffb2870fa454c102be853a0dac7451c52cfff1a9: expected 203974 found 82050
20671869,aot,44854511.47272728,gas-used mismatch for 0x96a12f54339d5698a9bf4e2da71519b076f425fe87ad879f3475b4820eec8cf9: expected 247874 found 191663
20671527,aot,50433961.24,gas-used mismatch for 0xf31e8f1d7a722276b6eb14905dafeb3ff1054b6b4cdb5fd8b385c22cd8860995: expected 334738 found 261261
20675011,aot,37591081.52845529,
20671530,aot,39058299.015873015,
20673816,aot,94436166.58181818,gas-used mismatch for 0x41652f18b1fc2ac18517d8055fbae2305b1ab248f098235fc07c11d3caccbe82: expected 3129562 found 1875505
20671518,aot,48907597.78,gas-used mismatch for 0x9d4a621552b0ef98020d2f4a94ceeddd6850405ae00f1cfe668132aa6051bbcc: expected 467395 found 95868
20674494,aot,45370398.79047619,gas-used mismatch for 0xfaa540acbe34c13b48ba101675761bc408c6e4638ad0e0e5c045261334551060: expected 901123 found 439517
20673486,aot,25239644.626943003,gas-used mismatch for 0xa51a564ec161a59b50c5b61aa1f6707d559d6bae13bac30389a6824df22e5426: expected 841091 found 338404
20672952,aot,70870091.69863014,
20670005,aot,23703412.733333334,
20671143,aot,18872659.42753623,gas-used mismatch for 0x8271e381eec6ac70f228b91405a1388e045d40ef8a258545a07639b1d3c209f1: expected 366031 found 306362
20671909,aot,54619737.94318182,gas-used mismatch for 0xe9f8430f416aa9d2a5da65ec9d801a07309cbfde185b5849616b6f59d90ae229: expected 778061 found 392036
20673124,native,29771610.29113924,
20673451,aot,21459842.76595745,
20673866,aot,26065900.07103825,
20674516,aot,35356737.131034486,
20674331,aot,29928366.251461986,
20672841,aot,37581815.837037034,gas-used mismatch for 0xc972ec0a6ab60d8a481c2fcdc3f7e96512ce17dc86bbdbb80cdc867f131a05bd: expected 267425 found 214801
20673848,native,39104799.690476194,
20673087,aot,56745511.05263158,
20670109,aot,34347533.666666664,
20673041,aot,36382325.47142857,gas-used mismatch for 0x040c0c5e3e5a89ec0c91249db83b94159a6b1e1ae10afc705d88fb2743ccc647: expected 671738 found 582522
20672643,aot,29345956.931677017,
20669733,aot,33116039.02739726,gas-used mismatch for 0xbcea04be3ae6a799574dab749575bbfc1d8f304a1854595cb45644a90bf06844: expected 1293429 found 1192620
20669921,aot,33612449.22666667,gas-used mismatch for 0xfd08e8947df6e2f7417e568f9346b55802e1cef350628052e0b8ec45c6de388a: expected 204104 found 81738
20674168,aot,91809007.7735849,gas-used mismatch for 0xcb1f3710a1cc1cddee01cb0aeb711658b04037d8605b4454629d3303830a1dd9: expected 319910 found 254580
20674120,aot,74679757.36923076,gas-used mismatch for 0xd00a6c42f9fa23228bbd1ff24c1ef9c0d703527c2206847f70b62d3b947c6cb1: expected 362832 found 364449
20674079,aot,18630736.230769232,
20670098,aot,50611351.83157895,
20670050,aot,47350603.84615385,
20672648,aot,32156143.397350993,
20673489,aot,49075989.95604396,gas-used mismatch for 0x853cec9b0284880d87bc44e842e136b0fcac2e7c3145a4812902aaba7ae66a6b: expected 311465 found 234700
20669899,aot,51735646.92631579,gas-used mismatch for 0xf99b8e2959f27a632cce64f07ce02ca5b1d78ac11f154640442fe24a2521d32e: expected 328700 found 95868
20674463,aot,68493392.52941176,gas-used mismatch for 0x5b6e8f269f365e48251629ec6f0581cc36bf5e299909473a04ef9d26b7632b75: expected 185959 found 81786
20675246,native,12426454.64361702,
20670017,aot,48367018.9245283,gas-used mismatch for 0x1456a2b6d8ec97a067ae6d585b624fd0c7f63e9ec558f50c060a08e5572b8716: expected 2094963 found 1706101
20674163,native,7223237.270866142,
20673861,aot,68661774.76056337,gas-used mismatch for 0x6458f708eb1a72f17cdb4612e2c153daeaf956387929be73f9a26507983f6bbb: expected 588173 found 411066
20673777,aot,66232672.21333333,
20670264,aot,33205880.16891892,gas-used mismatch for 0x71c5a0ac8f12f0e1ac6e15fe54a0c63f6ce3dce3f06b85aa9e29d421ff18f333: expected 684518 found 368651
20674524,aot,36133943.63636363,
20674051,aot,71323579.83098592,gas-used mismatch for 0x1cec413f0011bf0544fac892bdcbc15b8ab70e0f8f1aca9abc8bbb5939d0a4b8: expected 1098356 found 432026
20674742,aot,49694116.188118815,gas-used mismatch for 0x0eded2d7b98ea298c9ab0b0b161c4aaf489944fa7ee1e51224c416fa23e83988: expected 347947 found 95880
20674203,native,65158681.368421055,
20674554,aot,23998672.830097087,
20673657,aot,38408736.57971015,
20674578,aot,30219673.204545453,
20675012,aot,20893495.423868313,
20674823,aot,30525996.82285714,
20671870,aot,37811661.593103446,gas-used mismatch for 0xa71833a4356b7780573cfc279a26060bc12536fbde4a857627b573be512c7267: expected 308579 found 237965
20675187,aot,26071479.792746115,
20670054,aot,34413755.26923077,gas-used mismatch for 0x28d654b5c6e04620d834af23d9e55bc1a145a27356a99bba329649b9b342c095: expected 441655 found 95880
20673817,aot,96024334.66666667,gas-used mismatch for 0xb2306ddab053e391c1746864631dc7e90cd88999b7abc0d65cdc0d7f0fdd9ffd: expected 411022 found 243880
20673869,aot,57639055.65048543,
20674517,aot,69004969.54929577,gas-used mismatch for 0x290c6a6591fc70d5d3b7d5fe8600b365055fa35a8779f30d2f784bf9085b2aae: expected 572140 found 500567
20670006,aot,35508969.869281046,
20672953,aot,46466407.644067794,
20671144,aot,50724519.472222224,
20674495,aot,31813147.916666668,gas-used mismatch for 0x7ecc6c7ba07613933cf5eb4be7c19b25a7dd6dab9845dc520b2797f4e18fe774: expected 449772 found 95868
20671910,aot,38249543.8630137,
20674332,aot,33399244.68125,
20670051,aot,30733442.231182795,
20673042,aot,27693407.994444445,
20673867,aot,66887510.85882353,
20673088,aot,34668229.06410257,gas-used mismatch for 0xfc38c040e79ebae088977a289bdf4e937ef0612eead7ecb2d39b8b1f89f3f50a: expected 246398 found 207292
20673452,aot,22136999.59409594,
20673849,native,70278945.45,
20672842,aot,11464306.735238096,
20674169,aot,41744863.304,gas-used mismatch for 0xe37751d7ca387a29793364531a52b09bb90400c5649972708ed2b8e91f977aff: expected 291230 found 251270
20670110,aot,56684171.54455446,gas-used mismatch for 0xf877acc4c1d240b42b993cbb586de919ebc555d9838b3e1aea2ad9dedfc7bafe: expected 198444 found 81646
20669734,aot,49129921.097345136,
20673487,aot,72914738.72222222,
20674080,aot,72666347.8219178,gas-used mismatch for 0x5d6ec9504d66acb4d301302f904f6cf8aad6c99fb0cc7ff691fb5b4e4e924716: expected 898903 found 450567
20670099,aot,36935976.17123288,
20674464,aot,73341329.23809524,gas-used mismatch for 0x6eade356d4e6c3abb8bed4a64dc2c2e61a972292ccbca9af47a1f73395c76335: expected 380001 found 95880
20675281,native,18251157.508571427,
20674121,aot,32195448.821621623,
20669922,aot,44557241.558823526,
20670500,aot,56392997.683168314,
20672649,aot,37071246.51282051,
20675247,native,65496894.5,
20673490,aot,79331190.34666666,gas-used mismatch for 0x27746a0d70178200d0f536dbb3ca5a64ba448c27eb7b243e6b93f48794fed65e: expected 2282871 found 1573573
20673862,aot,38997572.2,gas-used mismatch for 0x09a7695b00a9dc7b86bc2fe58efaf1825cec62a294eb10a7edd990dde20c6e62: expected 196985 found 81646
20670018,aot,52236167.00925926,
20669900,aot,60348657.4,
20674164,native,59142219.87368421,
20674525,aot,41421153.783783786,
20670265,aot,18370592.31884058,
20673778,aot,67076093.85897436,
20674743,aot,44021882.67619047,
20674204,native,35732696.80869565,
20674052,aot,30612792.1,
20674579,aot,34905657.7109375,gas-used mismatch for 0x9b0a8c60efefe92c3e8ec3e525d0e7e0f2b2e9af732eeeb216ee8ed17b63bed6: expected 471074 found 411155
20673658,aot,38827735.19834711,
20674555,aot,64063599.19736842,gas-used mismatch for 0x2bd8f06928e3d5a29f6245f1c84fa5d3bce74240d76df1de89dc3cd017d44125: expected 384316 found 186710
20670055,aot,44523409.43877551,
20674824,aot,38253045.82539683,
20671871,aot,28532651.674846627,
20675188,aot,77013288.73770492,gas-used mismatch for 0x41aeabb03625b8a31c23e7aced29947a9088c5ddc9a6c9376665c7a4b8d70707: expected 1074608 found 640926
20675013,aot,53579111.33,gas-used mismatch for 0x3b2a87980efe520d48f843e51d1fe0421db9510a0b7ec13a4f99e367937349a5: expected 319022 found 174048
20671145,aot,36377730.58260869,
20674085,aot,22222836.67298578,
20674518,aot,46835943.689320385,
20673870,aot,41836449.21428572,gas-used mismatch for 0x4cdd1a4a577f3d4e2782d0a6161fabcbefd124c3d735fed9a22dbddb54028277: expected 201221 found 81738
20673818,aot,73712014.5479452,gas-used mismatch for 0x4c08dfb4afe136c6283c36c1f2e9061935779fb6ce7d657c0236e39a5dccaace: expected 8237498 found 3344518
20674496,aot,53644254.32967033,gas-used mismatch for 0x6a5077551d27f58ea4700c7ac8953e38b5cc3f9d2610c8c54264991423afc4f8: expected 146195 found 119457
20674333,aot,8582266.229565218,
20672954,aot,57024317.105882354,
20673043,aot,62231822.315789476,gas-used mismatch for 0x54b608c7f564beb76f0cb6371ebda5f14a141147c8097c5706ce25daba2eec28: expected 542871 found 347805
20671911,aot,42044521.930434786,
20670111,aot,30439722.93918919,gas-used mismatch for 0x4c3da83ca81c09ca74c6e974bc4e774f98f7577c4e24aa979c93f9b1878c7124: expected 1759095 found 2040352
20670052,aot,45175950.82608695,
20673089,aot,35078453.2972973,gas-used mismatch for 0x40817706d1ea4b87686c7499aba43e5564883aec35f3bd4247047b75474cbbd5: expected 360097 found 222306
20672843,aot,66340268.74666667,gas-used mismatch for 0x4be7251004c45ed1dda1ee91558811225292dbfb40d1c907e0d5e162e622bce7: expected 1297642 found 540808
20673868,aot,35726031.4117647,
20673850,native,43300523.77685951,
20674170,aot,61853980.02469136,gas-used mismatch for 0xb9a40ff71163c85258f8575d407645d8aced022a0c7e963b49d026bc134444b4: expected 196055 found 81738
20674097,aot,31107473.692810457,
20670066,aot,33208275.23391813,gas-used mismatch for 0x10bcde4206fc601520c78b4a441d4e93e2adba6e3a27a14f4634ff9d6dbecb77: expected 270792 found 199172
20674081,aot,28858398.84,gas-used mismatch for 0xb4992290225c232d025c2868ab8198763dd74f7370d19893c7aa0da7c2d19447: expected 227719 found 217679
20670100,aot,39218894.62711865,
20669735,aot,42154355.671875,
20674465,aot,28611956.612716764,gas-used mismatch for 0xaf4cdac2e9691900b55c6f39888f5831a30451b77ed8df29d6135fc217a94eaf: expected 394226 found 189294
20674122,aot,25944819.821052633,
20675282,native,61083276.18518519,
20669923,aot,53639388.05555555,
20670501,aot,66732852.525641024,gas-used mismatch for 0xe55b3cb836294c7df45c1939bdad356de51b013240b02c0601bb5617a0fd3959: expected 548579 found 589397
20673491,aot,40244596.39669421,
20675248,native,55433956.22727273,
20675281,aot,14653137.402366864,
20672650,aot,24458587.509259257,
20670019,aot,56972041.15909091,
20674165,native,7238898.543385491,
20669901,aot,54714617.75789474,
20670266,aot,65512026.86764706,
20674744,aot,38872625.696,gas-used mismatch for 0x8bddbd01b0e3063d58bd8e1ee55d155e9bdc1d25626c4885d69e657f5abc5ea2: expected 483122 found 408834
20674526,aot,43147862.51239669,
20673779,aot,46177405.90909091,gas-used mismatch for 0x08e72ccb035a946f7ee9d292bae8a60d9d28cecfef83b7caa7e77633135b0d86: expected 1829755 found 1527464
20674205,native,25128228.275675677,
20674053,aot,37763473.73571429,
20674580,aot,69117908.38235295,gas-used mismatch for 0x3db07b5cd685767f5188ed6cbe634c8183f7456bdc3c9251e8e49da0b8a03057: expected 758399 found 395137
20673659,aot,15455201.613707164,
20674556,aot,27846521.076023392,
20670056,aot,44738391.20720721,
20674825,aot,35923304.22142857,gas-used mismatch for 0x833c1742f2a1bfe062a6cb8c765a1b06063bb98545d9cc4cce14f61139c49c4e: expected 344285 found 98981
20671872,aot,71630754.07042253,gas-used mismatch for 0xb76c6897e3e7c97f04971a10afeadc5d889f128a3f867369968e5b869e5ac06f: expected 303725 found 234866
20675189,aot,41222786.312,gas-used mismatch for 0xc0dca47767238ae11cba55961e5a6bcb711563a392d11c6b63a3450d8d9798a7: expected 103966 found 77502
20674086,aot,64259663.35294118,gas-used mismatch for 0x053ab7b39161e3a94ed969ce46454c29b509b09d0eadf48da0d86f3acd18a3f5: expected 383716 found 226463
20671146,aot,62335711.38666666,gas-used mismatch for 0x6bf2300d71c240b1a1fe56296a8c63bdbe0818a916016fcd393a95c686d6888f: expected 256496 found 238396
20675014,aot,50494476.961904764,gas-used mismatch for 0x1898158c79d2ee237e1631905795871d59456414393352290cf046d229ba93b1: expected 402618 found 96683
20673044,aot,53319233.09411765,
20673819,aot,63939930.4109589,
20674497,aot,26493588.87978142,
20674203,aot,66110787.01408451,
20671912,aot,41863821.86956522,gas-used mismatch for 0xf8ae12094b5b23cd815e472833d140d3f9d6bab02b8b9766097c04053707821d: expected 451335 found 98969
20673871,aot,36628842.14705882,
20672955,aot,31483211.628205128,gas-used mismatch for 0xeb81e915e7fcf4dad568314270c44ccce5dabe82ed1bbd1fcffb96fa7affd722: expected 292273 found 206206
20674334,aot,74087124.93442623,gas-used mismatch for 0x50e00f95ce9f5da9c1e267de129ed68f7aa65f59454f0455362bee6762bdbe97: expected 323582 found 95880
20673090,aot,4130780.6903225807,
20674171,aot,13764803.688235294,
20674098,aot,63281638.71212121,
20670053,aot,34655903.99324324,
20673851,native,31961614.466216218,
20670112,aot,50764559.3367347,
20670067,aot,36449685.5,
20670312,aot,42489627.788135596,gas-used mismatch for 0xf910798eda192f370a8eb2fe791eb00c7104d1cee1c64231f5290939984ec423: expected 3526635 found 2813996
20672844,aot,28201909.41142857,
20674082,aot,36735741.31111111,gas-used mismatch for 0xd2d89bbff7b0f24a9e9cc2bcf1508a32f043a388f42a07b864809b7de34e1d89: expected 196320 found 81750
20674466,aot,45330028.61,
20669924,aot,38869517.78703704,gas-used mismatch for 0xf950f1bfdcd6c779d27c2750fd90f15a11353dcdb70eccb290b1ff6ae093b5dc: expected 207765 found 82074
20674601,aot,33502822.026490066,
20674123,aot,46275899.61165048,
20669736,aot,59648873.12345679,
20675283,native,24954092.315,
20673492,aot,56923075.397435896,
20675282,aot,55916498.76744186,gas-used mismatch for 0x29cfe13d0001147d4c13ac812d34d9d408b7689b39e136d2842c8daeeaf48f92: expected 366877 found 307887
20670502,aot,43951128.5862069,
20675249,native,49292771.732673265,
20672651,aot,67588319.2763158,gas-used mismatch for 0x59ed9235157b5305d21de588f554fce5b82aa37d4cb70d3d300edd41a94946a8: expected 202498 found 81750
20669902,aot,38959957.3,
20674166,native,59604136.71084338,
20670267,aot,13983902.917888563,
20674745,aot,39802261.895652175,gas-used mismatch for 0xca3b5a73c7c15a7e4e88ab7ef618c472c2c3c479fa028d3178fd1c947592e50a: expected 1184925 found 959623
20673780,aot,36930261.04958678,
20670020,aot,68027044.74117647,gas-used mismatch for 0x73ae0b3f10876e1dd33557b050d01c1b2c9e732eecdedae1344c8abf9b9acd6e: expected 429363 found 132675
20674527,aot,37923206.14285714,gas-used mismatch for 0x1eda5adde1dd7d51ac12e208e9c494e3b9458d357ed6352109940231a82d797d: expected 613125 found 294062
20674206,native,28108098.64285714,
20674054,aot,25495512.255555555,
20674557,aot,33486161.13768116,gas-used mismatch for 0x011594276627727561c1b57fa647ee20968c0441af16dad73af0a174309d51b8: expected 668449 found 611176
20674581,aot,47055622.36190476,gas-used mismatch for 0x73068e404e68442b9b171e477d25e625b98c92ef6cca04f903c9c8cf45dd1167: expected 277721 found 153911
20673660,aot,41426174.336,gas-used mismatch for 0x38725885edce84bea4f2c7c01a628c152cfcd23eafa18abb124cbe83f2704f09: expected 306470 found 95868
20674826,aot,45851852.324074075,gas-used mismatch for 0x88a00cb6a1efd41caa10cc743c7042ac3414f59f61f27f0ce7004d212abf9e18: expected 277745 found 153935
20670057,aot,30148619.14117647,
20671873,aot,61123602.55555555,gas-used mismatch for 0x76b00e9ed627e9ea3671e59efd956c425b393df2986cbcae7e865a840cb200cf: expected 1142698 found 1002506
20675190,aot,47267932.8018018,gas-used mismatch for 0x7a651fff3c4af5fcb51dc89a78625014423f68417f2c5a0da11ae6d02c22f063: expected 310824 found 234712
20674087,aot,40829558.484375,gas-used mismatch for 0x4b13fcc92fc132028737752b672698d258ac57e3fa2adfbf21cf30d87e8a8225: expected 380172 found 95868
20673820,aot,79353056.4137931,gas-used mismatch for 0x80fe20ffe6db03d53e61b958a13df1ce0a4f258fb5f26ef4aa5740361c70dc46: expected 3459480 found 3254741
20671147,aot,35837451.6554054,
20675015,aot,37711116.120300755,gas-used mismatch for 0x60c08fb3eaf371f673cf77a5869011e72bf1ac92a808eb564efefe2db83b58a4: expected 186253 found 81322
20674335,aot,31605459.410596028,
20671913,aot,16471182.239202658,
20673872,aot,22508004.511210762,
20673045,aot,40459512.0625,
20674498,aot,47533874.44444445,
20672956,aot,25891911.91919192,
20674204,aot,34479505.34640523,
20673091,aot,73777700.41428572,gas-used mismatch for 0x541ec1554795712ba28ccaeddde4ed8a0aef6910e14b1edbad714c9e040e5072: expected 1841031 found 1606817
20674099,aot,32624906.975,gas-used mismatch for 0xb5aa81570aa1615933d296ee4bbc6d3cb4cf6979df8492d1ef11d7a55702f071: expected 843212 found 338416
20674172,aot,55291037.770833336,gas-used mismatch for 0x167042b04fa2f29a9c6d6eb6c4e28e22e94003e1783949bdca30c780deb3f70b: expected 1240391 found 939066
20670113,aot,27779331.45945946,
20675234,aot,23988026.068181816,
20670313,aot,22801407.13157895,
20672845,aot,24811481.834123224,
20670068,aot,46728234.04347826,
20674083,aot,58911339.82954545,gas-used mismatch for 0x5add970d0b0dd95b5200e66abf1a07a8f922c79a56e840e32d5712c60d764403: expected 437624 found 95880
20669925,aot,27409231.75531915,
20674602,aot,20281514.50390625,gas-used mismatch for 0x03fec74e071e85d2ace15ba89c7e49bbe7518e7b519e54c2eaef276aaad81f42: expected 277745 found 153935
20674124,aot,32233920.739130434,
20674467,aot,36384456.69863014,
20673852,native,72119944.61538461,
20669737,aot,38251456.007407404,
20675284,native,36964723.321428575,
20673493,aot,18787462.6875,
20675283,aot,24635824.580487806,gas-used mismatch for 0x3c6cd09f598c98d3f4b42713acb2d742975177595cdd7ea4f8effe40b541d992: expected 416175 found 251999
20670503,aot,26076658.863157894,
20675250,native,52231739.854166664,
20672652,aot,30310516.0625,
20669903,aot,40993996.75862069,gas-used mismatch for 0x6862cd3007584c9239d53ab76ebbd2728672ba34519944b40f7f399b85c62a3e: expected 282521 found 153911
20670268,aot,12950117.244736843,
20674167,native,12885851.034739453,
20674746,aot,44193250.07964602,gas-used mismatch for 0x0ff47d6b8d0227bc65dc1e803e95f17f7dde9816ed83ed00187d1533da80062d: expected 384810 found 238827
20670021,aot,15244467.542682927,
20675257,native,43846292.73043478,
20674528,aot,41739702.9338843,
20674207,native,85039253.22950819,
20674055,aot,46018083.24761905,gas-used mismatch for 0x5481f6e5e416d385c39a8cff43dfb8598324d4b3afe3ed703e1439b364a23f8a: expected 386072 found 95868
20674582,aot,29281758.82278481,
20674558,aot,45731789.723809525,gas-used mismatch for 0x09d4442f3448284cbd14313275be0eea8abc9e3e76c4a5194a5fa7043bfa62c8: expected 287345 found 153935
20673661,aot,42669466.12931035,gas-used mismatch for 0x35fbc26c7ad21b0a9faeb601f6ccb4bed3e295eca8f52d352568b5f1b6bf5bf4: expected 304464 found 234878
20670058,aot,35815470.77099237,
20674827,aot,42275727.0862069,gas-used mismatch for 0xdb00f8a594c4a52610bf25384799154d7fde8551caa16ad69c806452048d35ec: expected 311467 found 234712
20671874,aot,37718357.177777775,
20675191,aot,39118130.29230769,
20673821,aot,79120671.68253969,gas-used mismatch for 0xc3df90fb91d873d34975b87c57f0a6772ae0a69e4fa545dad6c151e26ad15592: expected 2545363 found 2655177
20674088,aot,37581912.86764706,gas-used mismatch for 0xf58019c00d54a01cb7799c98f629637451abfa8c53a4e78cc694aff8f03c0753: expected 255147 found 240450
20671914,aot,16344992.813559322,
20671148,aot,36468460.941176474,
20674336,aot,38061036.383458644,gas-used mismatch for 0xf990a0a09a1ea59bc65ba6b9d7fa140f88ed3c969aa62cb06c70904e45054cf0: expected 824788 found 540488
20675016,aot,38367557.23664122,
20673046,aot,36693247.21428572,
20672957,aot,64738151.897435896,gas-used mismatch for 0xb249a7db1a98b7f97f02538d895cf9971aa19817d97b3820f7657f26d2140c67: expected 1162884 found 740336
20674205,aot,24183989.725581396,
20674499,aot,49382277.16190476,gas-used mismatch for 0x51a4562bcd1862d5f1fae0b7303bd9d030a87187175293a433c6b530f3fce4f7: expected 395512 found 189284
20673873,aot,60299388.02222222,
20673092,aot,35630387.777027026,
20674100,aot,22305787.845132742,
20670314,aot,7064142.475386779,
20670114,aot,34143091.27814569,
20675235,aot,53339078.63265306,gas-used mismatch for 0x413db114349a2b7b5e349b0f8957d1a56cf55961fb2b538a579b0fbbe72fdace: expected 196985 found 81646
20674173,aot,40465988.51908397,
20672846,aot,49851719.11881188,
20670069,aot,13652679.528947368,gas-used mismatch for 0x22a5f8e9c169fa65c3aaa9a98646b018dc03d346989f4df2559074fbb619f497: expected 620068 found 260950
20674468,aot,3492942.692628651,
20674084,aot,38794448.39130435,gas-used mismatch for 0xb6d05d2ccc495e4609e70924f2fd98d89791ad1f203d8f2df775e4850beee419: expected 418356 found 95868
20669738,aot,29887680.964285713,gas-used mismatch for 0x61a2f1160509e1dc07067d91b3c5927699c846b3fbffab7693b250b6e8b25b47: expected 655728 found 620272
20674603,aot,53734472.222222224,
20669926,aot,37350987.32867133,
20674125,aot,48443991.4245283,
20673853,native,29474820.088888887,
20673494,aot,56471392.516483516,gas-used mismatch for 0x5048c173425e560f093f3f815878acf9415a39fb90f80814432779ceaaa8355d: expected 6509324 found 391688
20670504,aot,40496933.71666667,
20675284,aot,31674156.245398775,
20675285,native,70597947.66666667,
20675251,native,26886599.031578947,
20672653,aot,40694546.475,
20669904,aot,32991105.92156863,
20670022,aot,41030615.94782609,gas-used mismatch for 0xa336191da4dc511980e8d428b2e823399b3b3b6da7a24c0ace1d332c57b2702c: expected 271107 found 231147
20674529,aot,48730757.15625,gas-used mismatch for 0xe1e9b83c0e6654a08773230b2f4b56a4036f6805b76d4b126aaf4cdfbcbbefc2: expected 306482 found 95880
20674747,aot,46415468.15315315,
20670269,aot,75837823.01587301,gas-used mismatch for 0x99ce1d85e5dd59e85a0a98654b657204f441695f51b4edb7fa836ea823292079: expected 277883 found 194166
20674168,native,96126507.375,
20675258,native,78929683.4,
20674208,native,47228861.16190476,
20674056,aot,33605837.35483871,gas-used mismatch for 0x4cf98e32b687f79f2bab556dbaab6b0d5a6eedb7e0fb504de6f9f6713376de66: expected 437162 found 95880
20674559,aot,56553635.13333333,gas-used mismatch for 0x7403f0a33b22fc243bf5c6c636d4e077b1ab8028f849c69a8bd60c7519ee03dc: expected 361867 found 105055
20674583,aot,62624975.325581394,gas-used mismatch for 0xd1691a00cb064021147d6949d7618b5a4a6c2e457e571c49d668a390d37f083a: expected 549063 found 318308
20673662,aot,45612246.36036036,
20674828,aot,18431546.109022558,gas-used mismatch for 0x3a4eeb82af55f27176c04249fbb23f5396024ece3fd82d8ef264a67d7fd451dc: expected 393850 found 216339
20670059,aot,47935248.99056604,
20671875,aot,32399264.226027396,
20675192,aot,15190586.932475884,
20673822,aot,73222208.93939394,gas-used mismatch for 0x7f66ea120c010afe121e0a7996d521a942ed09c5e4e64a2ac7bd0deb0038e69f: expected 1177927 found 430417
20671915,aot,73119237.39705883,gas-used mismatch for 0x663b55a1ee992603f7636ef23ff5cf19d3b261ab81494d06e218c86482df5342: expected 2748532 found 938285
20674089,aot,67896969.73972602,gas-used mismatch for 0xf7677b0c88d8f553929c3f09f0f9f2834e7ff0530bdb439e574cd929c5f5b302: expected 3041080 found 1906498
20674337,aot,25256964.227979276,
20674500,aot,41433012.80188679,gas-used mismatch for 0x6142aade2afff6877bc9a630f37ba292a82b95d66b194e0045e773c0d9322c0a: expected 394196 found 189284
20675017,aot,44757079.81981982,
20671149,aot,37783538.5,
20672958,aot,35523340.2556391,
20674206,aot,26042318.66129032,
20673093,aot,52403278.610526316,gas-used mismatch for 0x0547ad3e0419a1bb9469abeeb5338589dcce8b3ebef007dbe21312ffe1a24dc7: expected 1392443 found 1162793
20674101,aot,51057720.895833336,gas-used mismatch for 0x3137ca8f3c335bb350d28a4fc72811e1e2bbc8c32aff61047965a94bb829aed0: expected 417648 found 95928
20673047,aot,36648567.60759494,
20670315,aot,64752745.23943662,
20673874,aot,34617909.28205128,
20670115,aot,19943544.96015936,
20674174,aot,45109509.047619045,
20672847,aot,16880958.657718122,
20675236,aot,42886692.77586207,
20674469,aot,83104604.6,gas-used mismatch for 0x029dc794bb59628f39a033791f6ae705595f292a62f9f4592ab1891b5717b266: expected 720887 found 695807
20674604,aot,26166670.15425532,gas-used mismatch for 0xf1f661c386fe875cc8f2257e893b12762cd8709bb1ad023d452fa252eae4f177: expected 1496740 found 1207515
20669927,aot,46944728.33980583,
20670070,aot,57774550.15116279,
20674906,aot,72338554.54411764,gas-used mismatch for 0x9a196b4b7bbf63363f29a171111fca9538ca6d66525dcaa7a4d18ecccb748e5a: expected 257817 found 33517
20669739,aot,51859308.15625,gas-used mismatch for 0x66cc301e76355c7c07b6079964f9c4cef4a64a6ccf30a11c8d60c68f202ba78e: expected 340725 found 95880
20674126,aot,42460535.08264463,gas-used mismatch for 0x22d745cf29cba9444604830e73d1d98b7b2bc1cf953e400a34c5e7a230507a45: expected 288679 found 327890
20673854,native,84525139.58333333,
20673495,aot,31026416.889570553,
20670505,aot,37619239.903703704,
20675286,native,29806977.05952381,
20675285,aot,62275521.54320987,gas-used mismatch for 0xfcc8c4ec5f6455487160d5427e7f9f27a0f1e4373918b43a27056cdeebf4579e: expected 584336 found 388198
20675252,native,52119593.989473686,
20669905,aot,48353995.047619045,gas-used mismatch for 0x673164a645ac4a9a1dc1b0eaed51eee721b6d706cab5b1df01ad66feaf4b55d8: expected 367665 found 95868
20672654,aot,53072503.91836735,
20674530,aot,46360333.06481481,
20670023,aot,47872687.2920354,gas-used mismatch for 0xc03d44f9e5052d1bdfffe3d919ad5fe9c25cecf658cd2e2270bd780e5ca86ab1: expected 322263 found 95868
20674169,native,41796055.875,
20674748,aot,35346527.45333333,
20675259,native,47587231.38834952,
20670270,aot,32313274.352601156,
20674209,native,39405318.20634921,
20674057,aot,31273318.39375,gas-used mismatch for 0x69a9c182c22b97c20e1ec30b863bacc419c909a9568b1a645d1b8555ed81d09b: expected 408764 found 95892
20674560,aot,29299665.075144507,gas-used mismatch for 0xcd82bb0911662513762e9d09cfabc231283c6e37d434fb0003640013cd838878: expected 418368 found 95880
20674584,aot,29999207.096969698,gas-used mismatch for 0x55044cd39574cdab4ff6734c98e144ac6aa5ca296c32fd8db587f2b448b9534f: expected 1706009 found 1985511
20673663,aot,30814415.284848485,
20671876,aot,30566352.23776224,
20674829,aot,47518609.99056604,
20670060,aot,40487725.23809524,gas-used mismatch for 0x28cbd18ed68fc50ec2893d68511a27b4ec50b93cc3500c5266bee904743f91e6: expected 5382647 found 3844664
20675018,aot,30424170.601398602,gas-used mismatch for 0xb7a6027cc5dd9fcb02bea1ad040465b6adc40d816a9b7cd26137f525c012d95a: expected 722987 found 625193
20675193,aot,58563469.15384615,gas-used mismatch for 0x99ad9e9d66c226d23133ac5ce4c8bcd73d396375f2e4f96d83e5e6d75d9ba2f2: expected 851759 found 613174
20673823,aot,85848056.06666666,gas-used mismatch for 0xd80ac21c3ab73ad9b8ae58b6386ea13224d22a0e34e6028032fd67bbb6c6e817: expected 200903 found 81750
20674090,aot,51058266.893203884,gas-used mismatch for 0x33e54f78e9918c22009cd89f76c2bbfbca33dcd87e988b51ea8016d1aea9ddb5: expected 315511 found 98957
20674338,aot,36522331.21428572,
20671150,aot,34812049.119205296,gas-used mismatch for 0xda44687e55fa15e433f6b7e7a241337bd536f5a889e94e7f376e15d4ac1f1412: expected 189878 found 81750
20674207,aot,76183839.1076923,gas-used mismatch for 0x6eb050a896db568e762427138ed85498bde0b2fa3aa60baf05caaf652a8ff575: expected 388938 found 95868
20672959,aot,45140902.217391305,
20671916,aot,68976660.24096386,
20674501,aot,36260683.2721519,gas-used mismatch for 0xfdeb28ef3ef0ba5c7cd53a5203d489254406906029b1cd39d4c4f0c2ee5e8ccd: expected 411562 found 288853
20673094,aot,26441525.31122449,gas-used mismatch for 0x4fc901cd3c4c87e5b3ab004bf7d72b8f5698e8882bed0e1f92d09056be900db0: expected 274938 found 238196
20674102,aot,46974200.17272727,gas-used mismatch for 0x50e62e376eea8a9d2d42ab9e234b84ba43f355970404d022cfb402a9eae014ae: expected 383800 found 226463
20673048,aot,53306621.666666664,
20670316,aot,55715399.18681318,
20674175,aot,9099726.274509804,
20669931,aot,48500189.78703704,
20672848,aot,48684041.197916664,
20670116,aot,49733298.876190476,
20675237,aot,37182854.34558824,
20674605,aot,7055611.078082192,
20674470,aot,46834207.627272725,gas-used mismatch for 0x36722e2bd222b68fe2fb19efc222e5627df3efb3dd8c2c1c1230e0899e83ad07: expected 261710 found 212298
20670071,aot,38085186.72794118,
20669740,aot,37499094.72142857,gas-used mismatch for 0xa7944496a371d4a3b6de5f862c3a41b098e2c52c2b57bd2fad5842eb737440e1: expected 499874 found 95880
20669928,aot,38938825.47826087,gas-used mismatch for 0xbb13cdcb319c156376a3523a8fb9d9c2fdedf525a358def51386fba19c08ba54: expected 277745 found 153935
20673496,aot,56318176.44318182,gas-used mismatch for 0x264fa9fb573abb3e0055b3d204cefa833a09fd2e33d0cbbb920b9f2f3bbb73b7: expected 310292 found 237464
20674907,aot,32525037.485714287,
20673855,native,40285805.578125,
20670506,aot,22901897.10909091,
20675287,native,19969846.007751938,
20674127,aot,50104690.27118644,gas-used mismatch for 0x25a104460f8b620a9386f1ac44b88536fb6b9d1ef9b86a16039128e00ae98983: expected 363548 found 354249
20675286,aot,28960315.872222222,gas-used mismatch for 0xd12f042cf0da9051087001ce952508804d95404688103a23d852f005d738017d: expected 372777 found 95892
20675253,native,32765705.512820512,
20672655,aot,33297495.044871796,gas-used mismatch for 0xd80178356a2609af33b8f6d55305401233995f74666ffcfe0846c9d855472a87: expected 475132 found 277454
20669906,aot,39566249.146153845,
20674170,native,60242946.96052632,
20674749,aot,30013945.9125,gas-used mismatch for 0x044ba79e8cc6f3d187fe1b6b851a43f4d8954a891e6683b3cb6d2c43e77d20a7: expected 693616 found 589081
20670024,aot,39617106.44444445,
20675254,native,53816039.631578945,
20675260,native,37654330.21052632,
20670271,aot,68373225.87142856,
20674058,aot,28674856.666666668,
20674210,native,61380305.69135802,
20674585,aot,46538998.138613865,
20674561,aot,42491624.504065044,
20671877,aot,39184947.13223141,gas-used mismatch for 0xd3e3628e60d02fe831c350a43c49e32d7e9db28ac28dbcb0e056bb62bf529b83: expected 1241896 found 1335145
20673664,aot,58117536.61176471,
20674830,aot,33834684.779310346,
20670061,aot,40875898.1300813,gas-used mismatch for 0x75f3b34c07785774b32ba3d85a695a9acc29285203c9f3d3f34185d58dd97d15: expected 305834 found 162246
20675019,aot,51648051.21052632,gas-used mismatch for 0xf4d1868a75bdcf9b982974a9f2b881eb465bf4da91e64d060939e3a96e30ac2a: expected 374777 found 95904
20675194,aot,56533876.084337346,gas-used mismatch for 0xd932b03c77849497451c0e3035d0431419d1fce600cf34ddc9a3b5e8fa194468: expected 194547 found 81726
20673824,aot,35115303.18571428,gas-used mismatch for 0x5524506b45d09488902f64652520fd51f6f22452bb94e2d6d1fde8ae3b19f325: expected 402308 found 240074
20674091,aot,36801571.77941176,gas-used mismatch for 0x17d3c4a6a9f44d5b0776cb189045bb8859a9cd48dcc6e84cdf76035348f834b6: expected 305532 found 162089
20674339,aot,23187193.166666668,
20672960,aot,35523363.78461538,
20674208,aot,43731647.00900901,
20671917,aot,19894279.05462185,
20671151,aot,38937428.41353384,gas-used mismatch for 0x8208a1165f01da012209e80e61d6c7951e2fe6f79be437a067a86f2b0156ee32: expected 355325 found 95880
20674502,aot,28866097.583333332,
20673095,aot,33777865.47586207,
20674103,aot,31128286.58125,gas-used mismatch for 0x84c0feb036148186a0c67bb866d3b3b84ab942784d93acdb27cc9e83782b1da5: expected 1348663 found 789931
20673049,aot,25075511.41791045,
20669932,aot,41785362.81415929,
20670317,aot,42665286.30508474,gas-used mismatch for 0x74895efeefec67d9c0c825f6a3d5262a000243633ed80db5577ee0feb04ab574: expected 298670 found 275767
20670117,aot,19599638.351778656,
20672849,aot,39197414.222222224,gas-used mismatch for 0x3f5e67d8c59c82b3274820fe93ac23cd3b8e3b9dee5c986cf59282ccf20192b3: expected 675936 found 393552
20669741,aot,57488231.42666667,
20674176,aot,74539146.98571429,gas-used mismatch for 0x4168eab8b1838d24c3e86735cdedb30ddd9e2c3005fa67fe6bc6ba47892f7f2b: expected 406479 found 237407
20674471,aot,30439320.518987343,
20670072,aot,29415483.11445783,
20674606,aot,69858129.36986302,gas-used mismatch for 0xaabdd6027161cc47bc8842a6566f2a99d450ccad3a8f25f9f84e5d038e23db79: expected 143833 found 77336
20673497,aot,39422290.9338843,
20675238,aot,44770345.28455284,
20673856,native,43344003.481481485,
20669929,aot,38863136.169117644,
20674908,aot,44114508.70434783,
20675288,native,62141887.57692308,
20670507,aot,54202586.0625,
20675287,aot,19489834.679104477,
20674859,aot,40848580.864,gas-used mismatch for 0x170fedfa90d7143ba7b2a048751313a0d7c999035298fa3d69b040ebd6a80189: expected 563382 found 280256
20674128,aot,52403274.28712871,
20674589,aot,44554354.47826087,gas-used mismatch for 0x5827031e7d2867da4b5f8f0f4c1862951abeb1dcf88cb50a01b2b8ccede47fdd: expected 418368 found 95880
20669907,aot,26557070.658031087,gas-used mismatch for 0xe5e53e2a7b7b7b46d974f29492720c1efcbb2b0875f13e0daad224a25bd0f883: expected 289474 found 49274
20674171,native,14007232.308571428,
20675255,native,30134636.722972974,
20674750,aot,57460155.625,
20670025,aot,25561197.06,
20674211,native,12770838.708215298,
20675261,native,41869477.768,
20670272,aot,34398182.477124184,
20674059,aot,64804701.5,
20674586,aot,14382876.405633803,
20674562,aot,28333242.693641618,gas-used mismatch for 0xa72575a0446775502c80e196842f65e7e65e299d8ecadb580c99d4fd2cf589f8: expected 263104 found 245813
20671878,aot,34352380.68965517,gas-used mismatch for 0x879d0ceab4670d0ee3e7de9058dbd0ace45a6dd8b89866930164d4ffc4d8b253: expected 252977 found 238143
20673665,aot,62353848.71604938,gas-used mismatch for 0xe4330bd077372da468e0966fe6cc1560957a159675e9e51e88c21b9dfd9f758c: expected 506076 found 431983
20674831,aot,53263713.44086021,
20670062,aot,45426236.64347826,
20675195,aot,42394982.0338983,
20674340,aot,22930962.128205128,
20675020,aot,57864964.63636363,
20673825,aot,69930968.92957747,gas-used mismatch for 0x6e21613862821ab3ebbedb073df51b958bd75aec96eaee6219bc4c88a35a3546: expected 403634 found 238827
20674092,aot,63258193.71794872,gas-used mismatch for 0x90fdd77f2f5d1c975cadc3a48f756e55a1142ae426185cd0b3c6cf376b71e505: expected 408752 found 95880
20671152,aot,23555617.435,
20674209,aot,38511378.96031746,
20672961,aot,37725754.0070922,
20671918,aot,56731094.57954545,
20674503,aot,37756046.9632353,
20673096,aot,43588010.238938056,
20674104,aot,45248799.28703704,
20669933,aot,15258054.457792208,
20670318,aot,32354668.744827587,
20672850,aot,32549702.47260274,
20673050,aot,43040801.53097345,
20674177,aot,43730864.33913043,
20670118,aot,68075890.47887324,
20674472,aot,37151155.97794118,gas-used mismatch for 0x5861e9598c630191346dfe16b415f0c38131a0b719402fef0273cc5e4069b006: expected 395432 found 189294
20669742,aot,19101212.335664336,gas-used mismatch for 0x66d53b6ef00a5867571b08f814606ce89dbc0241865c9ff6dba585ef5e5ae68e: expected 269815 found 243222
20673498,aot,56941153.04705882,gas-used mismatch for 0x4a41e5db1e1f4ed2aa5a9d0d00ea80bf84f12d67e44891f200081676828ae252: expected 329285 found 97122
20674607,aot,31247309.0,
20670073,aot,41103074.4214876,
20669930,aot,51595828.31395349,
20673857,native,30694420.8,
20675239,aot,28706247.67052023,
20674860,aot,49990486.87777778,gas-used mismatch for 0x9f267a385e8a840218469fe14c51e6e7dba6d434beaeee05bc93839f98b05620: expected 1402936 found 340426
20670508,aot,18453198.44486692,
20674909,aot,37030665.65,gas-used mismatch for 0x72297032c9870f50175e72cd1c64da11d743409a58e4f0f7440d89354cfe3225: expected 410982 found 365200
20675288,aot,58790681.833333336,gas-used mismatch for 0x5e2d1bad3e6c30036e4f304400711cec586b5aa70c717f0cc5292271c7795053: expected 396228 found 250140
20675289,native,44536032.141666666,
20674129,aot,56609934.90909091,gas-used mismatch for 0x617061c183ab99d009e86d6284f2ff88e45d8d493f283faaf05687de6905cb24: expected 291206 found 251246
20675256,native,3479390.7882268485,
20674590,aot,6938604.702013423,
20669908,aot,43590537.44067796,
20674172,native,55130763.417582415,
20674751,aot,32635261.71895425,gas-used mismatch for 0xc9520518fb6e4227899b92de5992a070b5394193ea81419fe5aaa87c9a34f9e7: expected 247922 found 191663
20670026,aot,30596667.769230768,
20675262,native,37556048.93076923,
20674212,native,59882330.409638554,
20674060,aot,30785736.06875,
20670273,aot,47413596.54285714,gas-used mismatch for 0x17af81af4e72487430d021b160636bfccb01b337c1fa1b8972cd6f553c927f13: expected 454566 found 347243
20674563,aot,38487740.176923074,
20674587,aot,57732005.488372095,
20671879,aot,34582453.09589041,gas-used mismatch for 0x71afaa93e87e8d2df7c97856f3f3e27b161a56e66ce550ac37c49c9932a6e02c: expected 392472 found 152144
20673666,aot,32681739.1372549,
20674832,aot,33448007.19607843,gas-used mismatch for 0x221f886e75b471b82f4c100a61e025e5e01bc3d43bb85ec9d168a51dde26ec5f: expected 367660 found 95868
20674093,aot,46519092.82954545,
20670063,aot,43751448.66101695,
20675196,aot,15052834.140762463,
20673826,aot,74316520.86764705,gas-used mismatch for 0x99a1fe55c0904eb9322d1a114c6c450df67d97c3290e5839cdea6edbcdafb3e8: expected 247056 found 207266
20674341,aot,49619922.42718446,
20675021,aot,29882945.23756906,
20674210,aot,56256993.71111111,
20672962,aot,34854078.1554054,
20671919,aot,19365775.17293233,
20671153,aot,58354119.472527474,
20673097,aot,30718470.747058824,
20674504,aot,47641772.81818182,
20670319,aot,56121015.5875,
20674179,native,39890545.34,
20674105,aot,30277427.244444445,gas-used mismatch for 0xfeb486bce5b240e4149756cc3e60ee2ae63a1bf2ed8c76b26d3c94fa267fde59: expected 196260 found 81726
20669934,aot,61490466.48235294,gas-used mismatch for 0x3ad7e604aff4e9f1ac3c25e969928a60dd7c9ba45d6cb1bf1a432905625c68fb: expected 363084 found 95880
20672851,aot,66190584.37179487,
20674178,aot,34928160.81456953,gas-used mismatch for 0x3a7417ebff139578bee0f7fc034762dbabc27d4146ba6b99d484d9338da53efb: expected 143821 found 77324
20674473,aot,36244106.14893617,
20670119,aot,47341832.236363634,
20669743,aot,54369891.34408602,gas-used mismatch for 0x3e2e4a7b239d30ccc93c8d70814c779acf0a868652087d5c1263972ed321935c: expected 554927 found 577282
20673051,aot,50367648.415929206,gas-used mismatch for 0x6f2848c95bc496c9ed517a757263282fe9604c997937e53fb2886a10ac6a7257: expected 2253742 found 1714824
20673499,aot,52950858.9375,gas-used mismatch for 0x67811fdfd185a96a5a0be59fec73e364f017fa57f13ef7f95588a3f3546cc6ce: expected 5627441 found 379363
20674608,aot,35176984.91780822,
20675240,aot,37095463.8382353,
20670074,aot,38655331.933823526,
20673858,native,56005447.22580645,
20674910,aot,9896584.460784314,
20670509,aot,53060122.114583336,
20674861,aot,38275155.62962963,
20675289,aot,43032730.94067796,
20675290,native,43461766.93913043,
20674130,aot,22396808.62280702,gas-used mismatch for 0xedb67776d291daee07f561b64dab912b740ef325929d6bd578faf1ffc165abd3: expected 200903 found 81750
20669909,aot,33179165.72,gas-used mismatch for 0x050aa0e299ef69e6d1ed72ed5c5cbd7aadcab3e21c51dba9b13be94124b635b7: expected 204104 found 81738
20674173,native,40292953.232,
20674752,aot,43219139.93913043,
20674591,aot,73075712.66197184,
20675263,native,17169040.44244604,
20670027,aot,12973033.313868614,
20674478,aot,29254481.31553398,gas-used mismatch for 0xc7ecf3da92c011d904cd276496318ef75b4bbf03da27a8f8088285009e76ffea: expected 293480 found 95880
20674213,native,51783881.16842105,
20674061,aot,44382575.163636364,gas-used mismatch for 0x50de3c3ac79b02ab841ec43df5e679a4af9ce2d64903508eb6d03625cea047e4: expected 850885 found 338416
20670274,aot,33941258.98648649,gas-used mismatch for 0xb53e88802c8d7b034dcc5851fca72febe43b4b713082a4fa9fc961c182fb6f9a: expected 277745 found 153935
20674588,aot,28021855.208333332,
20674564,aot,48127579.26,gas-used mismatch for 0x1a5c221bc0bd2cae38eeac170f253500e75c3d95927d819f066952507a84d7a8: expected 213354 found 144528
20671880,aot,70195768.26470588,gas-used mismatch for 0x3304aaf4a5420fb1e0671321211662bcd33e2ad4f238d4bbc960f83c87b29aee: expected 376180 found 256278
20673667,aot,43920285.4245283,
20674833,aot,40796332.539130434,gas-used mismatch for 0x70e43d79431a7e5739a138ce1a8762cc055fa1e93a858f20f71566ccdd45e23c: expected 918298 found 545796
20674094,aot,32140892.09032258,gas-used mismatch for 0xb43da9505cbb80d074dbf748330c406f9ff348d4bb57a7cbafab260edb025073: expected 2117122 found 2177928
20675197,aot,28392980.063583814,gas-used mismatch for 0xeb339783b6edf9f928bb667e3904ceeaaa11420f507e439ac4b2530dc8e31807: expected 570665 found 117649
20670064,aot,37125557.075187966,
20673827,aot,57132185.847058825,gas-used mismatch for 0xb43b1ebec467c0fecf21f1a66a6ed080d114734a8346346badfa038e2f23d405: expected 2226772 found 1022630
20674342,aot,45581409.594339624,gas-used mismatch for 0x2737e6217e8bff924ba62de07f3107122d6ffffa4b6b55a514dce2df9db5c5e9: expected 282545 found 153935
20674211,aot,12102721.305128206,
20675022,aot,34308331.556291394,gas-used mismatch for 0xe9c78e829f0b2eb7528bc958a4eaa8414b7083450122b2904b81c2b3e1eb80d6: expected 373179 found 352327
20672963,aot,26685362.29411765,
20673098,aot,30228337.096551724,
20671920,aot,28421776.154285714,
20671154,aot,41141397.736,gas-used mismatch for 0x7700b67a502ceea578405513d43e7ddb77f337626e554bbc9fd7680f8be0badf: expected 447251 found 95928
20674180,native,32317576.529801324,
20674505,aot,34541385.45945946,
20670320,aot,32257520.4125,
20669935,aot,29891886.963855423,
20674106,aot,29037128.895953756,
20672852,aot,42735501.152542375,
20674179,aot,38155588.19847328,gas-used mismatch for 0x4e78ea3412a9b263c4096ca757714963d829a9416a27b5f2cdbe0781543aa90a: expected 288667 found 327878
20674474,aot,26991134.914893616,
20669744,aot,48231588.097087376,gas-used mismatch for 0x07b04c3ecfaae84384c859894a62123457eb118cc9bf03be21b424c63170e781: expected 286903 found 243210
20670075,aot,38940592.575,
20675241,aot,53800044.97777778,
20674862,aot,36660232.72413793,
20670120,aot,56499109.68131868,
20674107,aot,39803180.584,
20674609,aot,38597859.44274809,gas-used mismatch for 0xe1e29924f30a8772c91db4a4ad3cfbd7bd148a460cb677ffbec0dbce2ae6aa0c: expected 401647 found 309310
20673052,aot,58602412.255813956,gas-used mismatch for 0x9f05ed6aa818d751e1266df2cf2bdfe831272ea2d7200d53375bd37023a47e31: expected 199914 found 80048
20673859,native,8029186.079239302,
20675290,aot,41894155.36363637,gas-used mismatch for 0x237133c344818d19c9c1a14eaf40e11a40ef3e3e4054d4fa6009e076fbbdaef0: expected 1707980 found 1725319
20674911,aot,76569643.45070423,gas-used mismatch for 0x8f8ea5bf1f9cb95f3e8c987dab6ffdb8ce6b0aa34d3b26a23386009f690b179e: expected 262767 found 33517
20675291,native,32877298.487179488,
20674131,aot,22617684.277056277,
20669910,aot,41141616.848,gas-used mismatch for 0x4f8167501d3e9a3e776e5e01e6343b303dd3df31065880ea42eedd28196f2ec2: expected 276132 found 238313
20670510,aot,83164866.8852459,
20674753,aot,40457405.203125,gas-used mismatch for 0xbbb9e7c0076224e7a04522d1486d113872fd72c089c20e684e1b5be85b70f142: expected 872904 found 788347
20674565,aot,38708675.85714286,gas-used mismatch for 0x714a68005ce0697677df9b112f02b2faa230f67ae3c82e579d4c2fb0a987d95b: expected 565300 found 119940
20674174,native,48529799.12962963,
20674592,aot,30240229.188235294,gas-used mismatch for 0x29b0651b403d7df7e0e11bd0ff6f018e53f3b4b40a6af2f775ac00d0ebdb5b7f: expected 208453 found 144540
20670122,aot,16069170.541818181,
20675264,native,49477610.40776699,
20674479,aot,33704429.224358976,gas-used mismatch for 0x89318c0551857d5e1b9c631df124672648eee448ad8cfbddb61e678883fd25b0: expected 652609 found 119445
20670028,aot,56814925.02150538,
20674214,native,40091617.816793896,
20673863,native,36149188.0979021,
20670275,aot,50864244.91262136,
20673668,aot,5488754.042056074,
20671881,aot,39570803.07692308,gas-used mismatch for 0x2c6fdc7a6b0b8b1fb28a8305bb41966d0e614e17c85f35742b1d49b42d5ea400: expected 332002 found 95880
20674834,aot,18939641.570895523,
20674095,aot,7549055.024958403,
20675198,aot,67537200.63380282,gas-used mismatch for 0xb7ad7f3613249202df4c542733365909c6165a8b673069127f2110b582d7e1e5: expected 310312 found 237474
20670065,aot,54765932.38372093,
20674481,aot,3165430.017307692,
20674343,aot,45722047.31428572,
20675023,aot,32297065.84768212,gas-used mismatch for 0x74a3834b9dbf286307f6629b7e0f5f1964527766d7d7a224ba38a3bd1bc2048b: expected 332295 found 95880
20672964,aot,45297553.3490566,
20671155,aot,51171714.96590909,
20671921,aot,23016791.285714287,gas-used mismatch for 0x41f0d07dab61c104a0859bd6ee63a73f93b4f01493d43c077449abfbb6ba9625: expected 269268 found 214801
20674212,aot,56861827.97674418,
20674181,native,25902363.532258064,
20674506,aot,33527752.586206898,
20669936,aot,37701180.59541985,gas-used mismatch for 0x365176b6d8ed94b8041ebe3c3ab8c25ea8dd349060ab0dbe769354af2845e6c6: expected 282545 found 153935
20670321,aot,43995762.60176991,
20671156,aot,34839696.39310345,
20673053,aot,24123420.613636363,
20672853,aot,29833803.23030303,
20670076,aot,34058125.7132353,
20674180,aot,31034071.739130434,
20674475,aot,32479511.393333334,
20674108,aot,8839638.102702703,
20669745,aot,32959429.781456955,
20674610,aot,12858919.714285715,gas-used mismatch for 0x30adda114dca78a13b2966eb1ffadeb0aaa428da52ad8f2765d9b42a0b0e3af2: expected 584984 found 95868
20674863,aot,22689922.20909091,
20670121,aot,34104153.83561644,
20675242,aot,12739972.155813953,
20674132,aot,67023481.11666667,gas-used mismatch for 0x7638b5e9236ab47ef07d4304046ec1007ab8caf65477574c062ea5a7231c37f9: expected 393711 found 237476
20673860,native,68086243.76,
20675291,aot,31358336.1625,
20673099,aot,111817516.86666666,
20674912,aot,32726584.265822783,
20674754,aot,32613945.55862069,gas-used mismatch for 0x394c261e8d54648d7fec5eb20e1c8be4772f05c9cc6e95e237256c20f0c62665: expected 313035 found 254508
20675292,native,36924006.39716312,
20669911,aot,57540183.07058824,gas-used mismatch for 0xea80ffeb0397ac1da44a477394d8c6ca9d55edd4667d319b0846f93c1d5eba77: expected 157701 found 55973
20670511,aot,83799236.28333333,gas-used mismatch for 0xb7e900f69fbf2e2bbd9f8043df33b7d20a860eae2a55b6b9556e07cb2d340911: expected 234500 found 108011
20674175,native,9341041.385036496,
20674566,aot,42821219.6779661,
20674593,aot,42603999.025,
20675265,native,22594664.51569507,
20670123,aot,66075477.18666667,
20674480,aot,58893929.2,gas-used mismatch for 0xc308e35a18144e60c9c6ff15ff8fcbbae191b636faea941057651f591a54d8ec: expected 396016 found 250140
20670029,aot,52570404.41935484,
20674215,native,56798112.62222222,
20673864,native,47651315.31132075,
20670276,aot,46378677.518181816,
20671882,aot,47457874.04716981,
20673669,aot,40687835.872,
20674835,aot,40014149.856,
20675269,native,24501218.19417476,
20675199,aot,32609909.689873416,gas-used mismatch for 0x6f4020819a7c0f77ee9a3cb80bb3f185116d8e99843e465c28eef3853e403afa: expected 196320 found 81750
20674096,aot,72614529.95774648,gas-used mismatch for 0x47712f3d73ce912a7d0115f44320795a0dbba42823dd285b1316958db33cd4f3: expected 922588 found 81526
20674482,aot,69435825.24657534,gas-used mismatch for 0x5ccbea3807bd62ced39acc58ac2b594497115481b5a1d891ceed191b7bf7407c: expected 395434 found 189296
20674344,aot,40499871.26153846,gas-used mismatch for 0xcb888075f0ef1eb99aae99b9cd110641a0b5bff0ea058d9bff50d5115dc3c987: expected 360097 found 222306
20675024,aot,53882403.08791209,gas-used mismatch for 0xa3fa8c4dabb39141d8619337ca949928bb47e055181df287afc3d2f3277404b3: expected 246446 found 207292
20672965,aot,49675784.85148515,gas-used mismatch for 0x0bfa4a0e6b9a104d01324da94c38a25b6797586c27ec7d146e11488980ec46eb: expected 112519 found 75270
20670687,aot,38196317.64885496,
20674182,native,91520532.41304348,
20674213,aot,51647531.27722772,gas-used mismatch for 0x7f8cfe54b155d2651a65074c81ed1c7f9577877a5d75a0193b0254eb54a4d98a: expected 313059 found 254532
20671922,aot,77911356.15714286,
20674572,aot,40923052.0546875,
20670322,aot,44085339.04347826,
20670124,aot,21283439.03984064,
20671157,aot,49979286.75728156,gas-used mismatch for 0xab04f25ec5d6b6d6691d859e130e73b0c6516d9e245d755e4fe106029587a82c: expected 385598 found 95856
20674181,aot,25675239.255102042,
20670077,aot,47593880.027777776,
20672854,aot,48631015.91509434,
20675210,aot,38594808.848,
20669746,aot,45030891.017699115,
20674611,aot,39257528.0,gas-used mismatch for 0x1ff33b664709bcfcb45defe2400b12bd5cc77f930a7ae4165cbe5be80c41d872: expected 254147 found 209795
20674476,aot,78426005.83823529,gas-used mismatch for 0x04a4bed1f96c13c0939b3b2045ff7778e872ade4925b8d46bf504b01cf8aa90d: expected 686856 found 581444
20673054,aot,44827145.344,
20674864,aot,78459134.36363636,
20674176,native,77883134.96923077,
20674133,aot,33480482.59589041,
20673861,native,73154663.98529412,
20675243,aot,63547984.02469136,
20675292,aot,33591977.2,
20670512,aot,43297315.947916664,
20669912,aot,38092199.483050846,
20675293,native,49180308.02197802,
20673100,aot,24325139.427230045,
20674755,aot,37899523.503703706,
20674913,aot,41676918.768,gas-used mismatch for 0x4c9de6a73860bb734f3053b51bc27370c5d942d5209cc591a2cd95036403c995: expected 327668 found 95868
20674569,aot,28130079.49404762,
20674567,aot,62225326.86419753,gas-used mismatch for 0xd8d9984a56a7b0b22ff3eb830e7bda4da6b918b9a233e5d1589f25386039e591: expected 405869 found 405309
20674613,aot,20893713.469298247,
20674594,aot,32052622.562091503,gas-used mismatch for 0xa7d10a0e4116b36cdedc4a5213b7d0aaec869724b4c67ae3ad513522c747e81b: expected 277745 found 153935
20675204,aot,73898411.45454545,gas-used mismatch for 0xd329c82e8a5dc622fdf772d04e3bdf67afa5816d6dcf50ba6aeae5866675a601: expected 326992 found 214100
20670030,aot,27397251.25136612,
20675266,native,96755794.18867925,
20674216,native,44485041.74774775,
20670277,aot,36519782.49618321,
20673865,native,44747857.018018015,
20673670,aot,49019672.0,gas-used mismatch for 0x4b31ca8d5504d9504d2e25dcec947d509b3f73b5093dc7ff948733f57e41cec2: expected 186128 found 81810
20671883,aot,44029787.026086956,
20674836,aot,45945827.08181818,
20675270,native,28564385.242774565,
20674483,aot,37545826.138211384,gas-used mismatch for 0x14da42309ead8e1463ea5580666ad4456723cfc13e57c994106be70aa15abbc7: expected 300002 found 95916
20675200,aot,59582550.62352941,gas-used mismatch for 0xf0d6a460deb0371eeaad797f268e1512cc11f5e459fd74a250e813e137ae1ffb: expected 331184 found 94839
20674191,aot,39701947.253968254,
20674345,aot,32905686.67132867,gas-used mismatch for 0xdb4226f9112fce3beca18f197370365a7519f882985cda7c913fb38eeb2a23c6: expected 261090 found 31840
20672966,aot,42089835.752,
20674183,native,45594707.13207547,
20670688,aot,15826673.296969697,
20674214,aot,36019285.10144927,gas-used mismatch for 0x7746a57eb25d7cf803a24e4e32a6169ec9e04c7b4f319e63c490c6cb2ae81036: expected 304277 found 258156
20671923,aot,36643307.248,gas-used mismatch for 0x46f2d71dfd34d9d9fadcc78cc3b29de5eff554b48718e1c7daa4ce23024c697a: expected 196985 found 81646
20675025,aot,62184544.447916664,
20674573,aot,37945157.83571429,gas-used mismatch for 0x44045f651b1a4974f03deff998fd5ba41d99bfa99a14c77ff2a4373295cb77ba: expected 277745 found 153935
20670323,aot,39247604.0546875,gas-used mismatch for 0x90070ce88a6f2796c61be7bf17c9e15cff1774cdafd31a042dd22aed61c2dd72: expected 360115 found 317114
20671158,aot,50024467.32673267,
20671953,aot,97305.49465585203,transaction validation error: lack of funds (610685417156435403) for max fee (12225939562125121774)
20673101,aot,74288381.65714286,gas-used mismatch for 0xd0a8ed7ec11330311152e0310166f0793f94a85f257b8f484f0c0da03b269dfa: expected 384547 found 292210
20675211,aot,42166694.56896552,
20672855,aot,38197006.16030534,
20669747,aot,36426763.39716312,
20674612,aot,67085696.91025641,gas-used mismatch for 0xc5e27c1eaa510fe61e319f2d020f79020465fbda2de208fcc83b386a52a1891d: expected 285990 found 238357
20673055,aot,29711057.181818184,
20674477,aot,36557896.94482759,
20674182,aot,92075778.05172414,gas-used mismatch for 0xd9a98084df67d8c5d229971c85bfb7e21fcce8cb9a1cdeac5e0a3887d87fe096: expected 463576 found 395902
20674134,aot,33516368.44370861,gas-used mismatch for 0x6faf4fa2837a8d3f3be9689bbdc2c026928e4fdcdccd387e3a045423a17526f3: expected 893015 found 411641
20675244,aot,46393395.7,gas-used mismatch for 0x81835c8254c04001e76052cdbcb5740e18cde47ca086c742f32dcc890c18caa3: expected 373353 found 253382
20674177,native,49856124.824074075,
20674865,aot,46568556.80165289,gas-used mismatch for 0x99b62d0be10f604733f72164a23c7e9d05ef70781d83eeba7b26c3d3e9fd5d14: expected 191484 found 81750
20673862,native,43142520.70634921,
20675294,native,9762528.658490567,
20673066,aot,30821216.04761905,gas-used mismatch for 0xb95fc09a58208cab8eeec065a418843197f7422b4385cebd727fd6c4b8213cf1: expected 277745 found 153935
20669748,aot,17138002.951298703,
20670513,aot,40981560.84615385,
20674914,aot,25481120.934343435,gas-used mismatch for 0x6813e365a2785539104866f1a48caa9380ff0079b726c5a959c4d9340193b2e3: expected 262767 found 33517
20675293,aot,49751689.38938053,gas-used mismatch for 0x4b97e0412e07ec10a483df612562c0ad5ee6c6d0eac4b0df2328f96c95c30cdd: expected 395424 found 189296
20674756,aot,72008815.42465754,gas-used mismatch for 0x06476b181b61cdd8429832692263351e18f1897ac13192296c54d54223edbfa7: expected 1069922 found 724812
20674570,aot,19016562.141304348,
20674568,aot,28576571.55248619,gas-used mismatch for 0x4c9859b9f7e90d4d54e24c3d3bec059a7f0c1f02d43586a8c5f4a39e23477bef: expected 368268 found 95880
20674614,aot,43154296.35,
20675205,aot,37463118.73571429,gas-used mismatch for 0xb469ee118e597cdf5ee57a6dccefaaebedd000928635c689fa1b3aa610298502: expected 616557 found 219010
20675267,native,49821132.708333336,
20674595,aot,35812316.13043478,
20670278,aot,35142907.518518515,gas-used mismatch for 0x96363660dfbfcc8b93449798f26d8486d6157ea1e28923fe9f5d968d9018b5f9: expected 1328956 found 551073
20673072,aot,37407505.92413793,
20674217,native,23160472.716101695,
20673866,native,26901817.39896373,
20673671,aot,24213561.14814815,
20671884,aot,26144988.436842106,
20674837,aot,28530018.56,gas-used mismatch for 0x14fbdadd86cb47290d18e4ec15a9c48d609c06c2a2337489e78a5017b36fd97c: expected 305143 found 228696
20675201,aot,39436875.42276423,gas-used mismatch for 0x4fab5b0f024f265e7a7636d9e12ffabc5594fc394f3eb9ec03fe19535fe56e12: expected 191159 found 82074
20674192,aot,39180998.227642275,
20675271,native,69315063.5,
20674346,aot,37549228.34920635,gas-used mismatch for 0x01d14100b33d7c875959dcdb7451edf3c6de402b44f7a88d8026655e709f9512: expected 769859 found 548600
20674953,aot,80628457.18461539,
20672967,aot,49289988.9375,gas-used mismatch for 0xe14a90539b01ff61087dc6a08fbcbc335bc767de03ec2ebfd566dc02152c9b7e: expected 396098 found 232280
20674184,native,41459789.008695655,
20671924,aot,15184273.87076923,
20675026,aot,47655003.89108911,gas-used mismatch for 0x47999faaabf02c942ca8f651cfd1417f6414d9de50e3bd32c19b70dafd58a7b4: expected 182749 found 81786
20674215,aot,53271772.32258064,
20670689,aot,84074190.03448276,
20674574,aot,42606100.927927926,gas-used mismatch for 0x2464b145580b9c649d1f2e62be39d15294a97d34aac8b868e4a82169ddbe31c8: expected 384378 found 186698
20670324,aot,15806900.86392405,
20671159,aot,33999852.0979021,
20673102,aot,25429089.151515152,
20675212,aot,26391923.347368423,gas-used mismatch for 0xe766ca09cc3ec5864fdf23c0d3dfa7dcca6ea4abf4e4afe0cb3f80fa403c4f7b: expected 488365 found 145732
20671954,aot,87103205.41071428,
20672856,aot,39208836.13846154,
20675268,native,36849721.072463766,
20673869,native,50654184.8125,
20670593,aot,42432639.19166667,
20674183,aot,45402364.96460177,
20673056,aot,50130411.29,
20674135,aot,47000735.77142857,
20675245,aot,31279792.60625,gas-used mismatch for 0x11eae6308ad435eda08446b4dfff0ed3ccf379619717583ab9bd4e40ba1f4793: expected 221532 found 144547
20675294,aot,9136443.272727273,
20674178,native,35377626.60689655,
20674866,aot,46390865.37037037,
20672984,aot,45206157.916666664,gas-used mismatch for 0x4b89ab6d3d7d4afbf128ac879ff1735704b3b4407bd9884627f19686b0ec4f24: expected 351770 found 95880
20675295,native,42604763.70689655,
20670514,aot,17903892.60805861,gas-used mismatch for 0x84a901e5fba4d9aa69320e5c1236b5a106e7d674599ac4c5cb7d4ff15e9ebe28: expected 366031 found 306362
20669749,aot,61373163.1875,
20673067,aot,61180361.746987954,
20674757,aot,29663589.830303032,
20674915,aot,55017737.62222222,gas-used mismatch for 0x3bbc07054e0ed0ad9462fb5eff7c8ef1e7788e8b206a4021bf97a98b6449973b: expected 1021820 found 929131
20674571,aot,69082248.34666666,gas-used mismatch for 0x3a3935d1d33234603210d503a0ed18ce280f84403681a8960692673821865505: expected 415136 found 364554
20674197,aot,88968267.32727273,
20674615,aot,39456776.765625,
20675206,aot,19678208.6,
20670279,aot,64176383.887323946,gas-used mismatch for 0x934c8caa3ac98865dbbf6e3b6299f396f2d4ac11302d4ba995c897f6a6a99392: expected 520107 found 518228
20675093,aot,44544345.266666666,
20674596,aot,31641419.7483871,gas-used mismatch for 0xe78cd84075b41aa36ab0c61f89bd0b4c4a24ef42a4e079fd05799af1192c1457: expected 251479 found 209795
20673073,aot,36058583.20714286,
20671885,aot,41358068.548672564,gas-used mismatch for 0x6618e1bcaa3d50c01bd4628c2934c960d01589cb02b1d9ad79ac04981dd4c009: expected 193357 found 80072
20674218,native,50036232.82178218,
20673867,native,61119675.74074074,
20673672,aot,35035535.48648649,
20674838,aot,29649784.573099416,
20675202,aot,1868760.184340555,gas-used mismatch for 0x9993f992d6ca86976ebdb49890d9337497a3de1b7f6efc8791fc697beca010ca: expected 158390 found 37961
20675272,native,2069781.6525630595,
20674954,aot,34945081.20300752,
20674347,aot,26116995.697435897,
20674193,aot,36460363.47972973,
20672968,aot,52476117.94,gas-used mismatch for 0x6118ef889765a204ccb3648f6fc9a5a3dc4f92539d9bd55f1666e8ef0f4a57fc: expected 336772 found 159921
20675027,aot,37103088.46875,gas-used mismatch for 0x7edcda8ecf96a7f1b4ad2eb2e5648f961760bcf78d7afdfe861c993d20e037b4: expected 389736 found 237464
20674185,native,50135742.62135922,
20671925,aot,71376083.34666666,gas-used mismatch for 0xcecea338cd8e2eba60fcc6ed8775ce4171495f1d0787b4d329281400e0d699ee: expected 347672 found 95880
20670690,aot,25868424.094527364,
20674216,aot,44624920.59322034,
20670325,aot,46608928.489795916,gas-used mismatch for 0xd9322fba16b2d933bb5ea9b612d3cbfb6865d2217b2f3aa8fb7bc5639d561c08: expected 507713 found 177499
20674575,aot,47652021.46363636,gas-used mismatch for 0x5d17cd92c294db36d22d31ba16b4bc045a7024f5cf154a0323b339a9b17b91cc: expected 369673 found 222282
20672857,aot,33238828.944444444,
20671160,aot,42488464.8699187,gas-used mismatch for 0xb72105146cb0bab3eea01e54e119fb026e2b0320ee322d9009c43c32fb9edd36: expected 309101 found 237427
20675213,aot,18787988.56766917,gas-used mismatch for 0x402db95bcba6c6985e7c73711340591858fc87454dad8ee05a859b6319464e63: expected 483694 found 277958
20671955,aot,41674140.34234234,
20673103,aot,67405220.65333334,
20674136,aot,33063698.949275363,
20672890,aot,33654584.22666667,
20670594,aot,42679465.33050848,gas-used mismatch for 0x17c7a233059473ae89f7b10ddf2e00e64ed3570274baa2c27b5d235a34052631: expected 424475 found 246686
20675246,aot,12362241.18134715,
20673057,aot,33936615.510344826,
20673870,native,43982976.608333334,
20674184,aot,40504154.03968254,
20674867,aot,44104943.68181818,gas-used mismatch for 0x74eb74b1f0c669cf9be2befa763c6583ffead91c9e3ec008f0b99c37a3c6f8d7: expected 404231 found 245360
20672985,aot,42763813.30909091,
20674929,aot,37551224.152671754,
20675295,aot,41003751.84297521,
20670515,aot,62317788.46575342,
20671894,aot,54737857.906976745,
20674941,aot,36325358.0610687,gas-used mismatch for 0x070978c50d7812ede57de1258eebfb0a467aa061e93340884e5024245a7ef3ec: expected 262767 found 33517
20673068,aot,37113589.74045801,
20674916,aot,51232270.22105263,
20674198,aot,26178064.994475137,
20674758,aot,51618662.12871287,gas-used mismatch for 0xc4923c5442539cae585ab5b8360903a2e0a4e884029103ddc7a5c0192f2ae152: expected 624281 found 348278
20675296,native,74968020.46153846,
20670280,aot,34077463.030075185,
20674616,aot,41849646.313043475,gas-used mismatch for 0x0f2764d5fd64fe22182344910cec49d50faa3fa4230e1786bc67bb675347edf9: expected 122790 found 65912
20675207,aot,54813295.97674418,gas-used mismatch for 0x9ead74905732eb42c8e566a1f0dbffa71b544d3193f96bb0e8adff5e20b5a72f: expected 4667632 found 37833
20675094,aot,12910320.955613578,
20674597,aot,9376717.403345725,
20673074,aot,36241450.31111111,
20673868,native,33295186.6,
20671886,aot,27516167.887096774,
20674219,native,61387332.847058825,
20673673,aot,45090908.87962963,gas-used mismatch for 0x4476b6563a2cbef534646123f1456272118ed643133301b10714ae02a9219ded: expected 284108 found 212298
20674839,aot,28237026.551136363,
20674955,aot,28101474.994318184,
20675203,aot,45526169.00862069,gas-used mismatch for 0xb09f9986ac241f1b4d30a636efc04eae8a8aca7646fc34e361a3dabcb51f3d2d: expected 396275 found 251999
20674194,aot,15591599.522033898,
20674348,aot,34578604.442857146,
20675273,native,79079452.42857143,
20675028,aot,27366678.42196532,gas-used mismatch for 0x3d426394bd4a375560045082c9b2b1eee39c5abde3e560aa4a19f5c06da7ba49: expected 5822864 found 37833
20672969,aot,23819984.634615384,gas-used mismatch for 0x6939db3ac563869ed4986f3d12cfa4322c3327ba2d07ebc2d792d98dde14713c: expected 282545 found 153935
20674186,native,33669690.86486486,
20674217,aot,19431658.827160493,
20671926,aot,37767088.7593985,
20670691,aot,36352728.05072464,
20674576,aot,15719288.547468355,gas-used mismatch for 0x0d0ed83782220da96731934c5843b457dcd8f20a6870c561d108978fd9fe2475: expected 266927 found 219637
20670326,aot,51069564.81632653,
20671956,aot,15434738.819047619,
20671161,aot,44846261.481481485,
20672858,aot,52500133.75510204,
20674137,aot,29616125.34117647,
20673104,aot,33271261.21875,
20672891,aot,39142223.30534351,gas-used mismatch for 0xbebc0140030c5000f39a841b1f9b8fc410c8e51c3e6fc38987726178324a5786: expected 168075 found 107145
20670595,aot,54334256.87096774,
20675214,aot,70166660.21333334,
20673058,aot,31229201.055214725,
20674930,aot,40292436.416666664,
20675247,aot,57599304.46666667,
20672986,aot,31499398.417721517,
20674185,aot,47099865.24545454,
20674868,aot,36363350.226950355,
20673871,native,40081862.34558824,
20671895,aot,44833258.75221239,gas-used mismatch for 0x536bfdb5124f1defdd293998b5f761590a69e9504287df9902e7829680bd0840: expected 276786 found 238403
20670516,aot,42586813.15833333,
20673069,aot,26322184.751295336,
20675297,native,31243692.153846152,
20675296,aot,81142281.96,gas-used mismatch for 0x9ea08bd293c64406ae8197061d17342dabdd6da1f5647743af191101e220e698: expected 1209191 found 789088
20674917,aot,40205725.05343512,
20674759,aot,24434448.309859157,
20674942,aot,43581089.368,gas-used mismatch for 0x8c9f309dda30fa0bb57f1ff810465f9c10f1e2d93dd54f7afbbd3b6279435c64: expected 260031 found 33581
20670281,aot,5598114.423580786,
20674199,aot,9079903.212071778,
20674598,aot,52364575.703296706,gas-used mismatch for 0xb7b68ed94bc99e5b68733d5540c93fd50c2cb23b226e3fdd52b6da2a15b37940: expected 271155 found 231195
20674617,aot,32405982.652173914,
20673075,aot,41568384.949152544,
20675208,aot,28044869.320197046,
20675095,aot,69730406.09210527,
20674976,aot,33559010.15686274,gas-used mismatch for 0x14a66d61c31e0267e9cef2de743e9168c78a1a5dbbef5fb156241653568c47d9: expected 262767 found 33517
20671887,aot,28421294.77297297,
20674220,native,15821235.464396285,
20673674,aot,35878702.15602837,
20674840,aot,56017936.16483516,
20674935,aot,63873836.776315786,gas-used mismatch for 0xdee4324154439ef822cfc0daef946cf4c10be527e20b307e7f61d3168d6999f0: expected 419354 found 95880
20674956,aot,44540586.104347825,gas-used mismatch for 0x584aa95b3ef123c73d377b393941849e26e80dc8660caa4c672e8843c633c637: expected 1436910 found 1087613
20675274,native,36926367.426470585,
20674195,aot,68124881.51282051,gas-used mismatch for 0x49187c357bf23512a159cda7a5a56d5d4c42500bc77184ff2110e51e2415555a: expected 751774 found 571612
20674349,aot,52396900.73,
20675029,aot,31048966.39102564,
20672970,aot,28254080.555555556,
20671927,aot,37024135.61904762,
20674187,native,37135171.72413793,
20674218,aot,47838424.689320385,
20670692,aot,56126842.71111111,
20674577,aot,42954930.0862069,gas-used mismatch for 0x117336fc8f6cd0be45208996673c9045ac4f7e4d4a7173097118a13244395561: expected 1296854 found 817506
20670327,aot,36449861.7518797,
20671957,aot,47121713.36893204,gas-used mismatch for 0x8c6d857700256841a7ab02cc22ba376362b55c7fae782419b7696f85fc4a3ae7: expected 752073 found 795999
20671162,aot,33624007.22857143,
20672859,aot,26452297.63387978,
20674138,aot,45536971.731481485,
20673105,aot,28151958.073863637,
20675215,aot,45124777.12037037,
20672892,aot,42588162.89655172,
20670596,aot,29835246.487951808,
20674931,aot,31543284.883870967,gas-used mismatch for 0xe9991fde99f8707ceb1e6c8bcbfa3957aa6f66ebe2f6e00a16a55a1c5891e7c9: expected 474293 found 272751
20672987,aot,35777333.37037037,
20673059,aot,20028704.48627451,
20675248,aot,41376391.076271184,
20674186,aot,31811845.80392157,
20674869,aot,22834675.675925925,gas-used mismatch for 0x9ad1206d5c3974c60f388811fc55a5dc0102db3a892bf5770c00f0fd3125bb11: expected 1189039 found 808607
20673872,native,20222417.532520324,
20670517,aot,25943227.005263157,
20671896,aot,25334050.866666667,gas-used mismatch for 0x2e87b4be7ae62519591c1862583d58d078693bf1267e74db89f5fdc8c9bf9ea3: expected 261700 found 212288
20675297,aot,29521069.664705884,gas-used mismatch for 0x83da5f1909c87bbcf1067578e4c7d7e78a83b186d0d2c5343f7b0a999b96eb21: expected 382201 found 175183
20674943,aot,25720545.08108108,gas-used mismatch for 0xad32eeb8afe336976df6bdbe3cbcdb24b59c6e4d42b687bc4e6ecc84ac79d9ab: expected 383621 found 95868
20673070,aot,40879816.688,
20674918,aot,50541253.67346939,gas-used mismatch for 0x95f715ecf26841622c6565e3f65ea33361b540f9d717d90e35e705a5eaa72ab6: expected 303282 found 230454
20675298,native,39534547.366412215,
20674200,aot,78213721.98214285,gas-used mismatch for 0x2f29e29127d03004e6804ba004b623f56d3b54e4aa565d608ed65af55011c465: expected 327943 found 95868
20674760,aot,45679220.309734516,
20670282,aot,75266803.75757575,
20675096,aot,18711023.172839507,
20674599,aot,41695505.43089431,
20673076,aot,17646129.23859649,
20675209,aot,36250502.198529415,
20674618,aot,44125102.19512195,gas-used mismatch for 0xeb81a095a80b12b4af299391aab5f57936710ae9bf88e5718ec8343b580a0b0b: expected 629097 found 346341
20674977,aot,34064319.20261438,
20671888,aot,33636270.6,
20673675,aot,46732060.93396226,
20674221,native,72820474.63235295,
20674841,aot,58070459.07777778,gas-used mismatch for 0x9b5aadc99f5e1e301f2f87eb1080ad445cfd12c99a0e65343f127f7d3b8d6648: expected 352072 found 175180
20675030,aot,39545405.85714286,
20674936,aot,36530762.90780142,
20675275,native,28268809.805555556,
20674196,aot,31939561.788819876,
20674957,aot,43161105.07936508,
20674350,aot,46475238.675675675,
20672971,aot,51964342.55789474,gas-used mismatch for 0x4fd074c42185151f5213e55841d2283ab34bd9d67c811ebaa0ca342c5d917a91: expected 391640 found 95868
20671928,aot,47473786.89622641,gas-used mismatch for 0xa28dcadec6a26c1b5b46039ea7bcbfe7ddbd84a781339625809bc0da8b6cd899: expected 282545 found 153935
20674188,native,42558291.73728813,
20670693,aot,35105120.18518519,
20674219,aot,54715302.46236559,gas-used mismatch for 0x7f28046fefd4c7baf5cb9428b0128d82ff88f099522ec28373390c760ebda2c6: expected 381346 found 582561
20671891,aot,36399833.01481482,gas-used mismatch for 0xa7a28e7b8e446d2623fe511ae4a7bbd560f0384e473d44defbd5cf880a68d74a: expected 269874 found 238144
20670328,aot,56685557.91208791,gas-used mismatch for 0x8f320b17cfe443f0eb49f8b5f81c7637faf57ab07005cffc8dc306249f14e99a: expected 1161727 found 461977
20671958,aot,37196895.903703704,
20671163,aot,22647774.848484848,
20672860,aot,45937346.19444445,
20675216,aot,28983909.86335404,
20670597,aot,49970365.03225806,gas-used mismatch for 0xf1b6b01fbdf0fd70f393e8a726abdcd699304e903474e312337ac907f71532dc: expected 887515 found 585683
20674139,aot,29628042.660714287,
20675249,aot,45348378.0754717,gas-used mismatch for 0xeca7307ca2e9b9cebbb44b28a2ad19829f2de31224c521ad031ff1525f089921: expected 838677 found 847546
20673106,aot,49791018.95,
20674932,aot,56980952.65909091,
20673060,aot,67653450.29577465,
20674187,aot,31915141.93548387,gas-used mismatch for 0xeb8cca1bb4b908d15534c35088ac3aa8a6ca9be7f7d065b8d9ea6571a83135ef: expected 461248 found 409885
20672893,aot,44217683.15652174,
20672988,aot,57301678.32941177,gas-used mismatch for 0x76f5e558c58233ef0253a493696ad421f1a1ca902ddc063a6baec5ae70345cb8: expected 381744 found 250140
20674870,aot,52216015.593406595,
20673873,native,57475289.81395349,
20671897,aot,34708721.82857143,gas-used mismatch for 0x5691d1c1f6a4ea8beaba9a31e60569e029b7b2de85f565c3f6a6101ee2618c18: expected 418626 found 363441
20673071,aot,29457867.24375,
20675298,aot,35888219.65441176,gas-used mismatch for 0x64fba77aa93b5dbed967d3c1a49826a0232d2ee1bb2127714697876547e75f7f: expected 394781 found 189296
20674919,aot,11873768.630272953,
20670518,aot,47239552.216981135,
20674201,aot,2998877.3440793552,
20674944,aot,54392334.64772727,gas-used mismatch for 0xb3ec66e9e6a3434e30f91a6736da045f7841760e7958a123c54b1051419c98ae: expected 558446 found 284739
20675299,native,53837088.67741936,
20674761,aot,35984193.35507246,gas-used mismatch for 0x7311a5b160dce927880c413562d143f0e2a8f7632179617ead16dcdad5ec7810: expected 432146 found 416464
20674600,aot,42638892.45689655,gas-used mismatch for 0x98a1cdd55f6ad6548957115ee92b28859e97c4f01a16784be5bb4f6b624f435b: expected 423557 found 368697
20670283,aot,43578330.79310345,
20675097,aot,8169081.22755418,
20674619,aot,61037580.5875,
20674964,aot,67535300.69333333,
20673077,aot,21530703.201581027,
20674937,aot,33322508.477477476,gas-used mismatch for 0xc8f03d35950d234768eb40f06a8c4cfa199b0164f69ac5681697acf56bb3600a: expected 262767 found 33517
20674978,aot,17445864.286219083,
20671889,aot,24322885.74876847,
20673676,aot,38729828.93846154,gas-used mismatch for 0x7c29044e4fc12361d9083c8afde66dae181fba2b6fbbd51d195342ab70e5be68: expected 870717 found 653699
20674842,aot,22625989.266666666,
20674222,native,32692693.763975155,
20675276,native,48937342.05494505,
20675031,aot,30343377.829545453,gas-used mismatch for 0xfd54901a51eb727daa728810c7c7efb9cb66c8d157277365c043a9feeda913be: expected 377377 found 227868
20673874,native,31909193.974683546,
20674351,aot,44121787.79130435,
20672972,aot,37736047.834586464,
20674958,aot,41062705.13043478,
20671929,aot,13992870.702479338,
20670694,aot,15206068.413897282,
20674189,native,41992245.025,
20674220,aot,15029963.791666666,gas-used mismatch for 0xe7291dba9ee69cdbbb651b56c6362029156173ac294182e3bbc37df04f07ce4b: expected 709795 found 548266
20671892,aot,49250983.33663366,gas-used mismatch for 0x42b2ec27c732100dd9037c76da415e10329ea41598de453bb0c0c9ea7ce0d8e5: expected 2742693 found 938285
20671959,aot,50036797.99009901,
20671164,aot,28439463.579234973,
20670329,aot,43903828.94444445,gas-used mismatch for 0x03791a3015f2629596e471ff7908e057d4abaac9cd5ee9727f35a0e5ba787002: expected 2620663 found 2848337
20672861,aot,15160859.946268657,
20670598,aot,44643944.347826086,
20675217,aot,39060946.615384616,
20672989,aot,25565846.26775956,gas-used mismatch for 0xdc40589ecfbfe7e6a292383dd494765cd80da18ba2343dbbe77eb1f31154fb20: expected 580117 found 319915
20673107,aot,29279870.988636363,gas-used mismatch for 0xf155049ae1ce2a5f05c7c52230df1c73550ba4dbe842ce630240df615874f40b: expected 292019 found 212298
20674933,aot,24978160.629807692,gas-used mismatch for 0x4cfec446f4785af8f45b938101a51fe353123e7424911fe73b683005f78f694e: expected 855920 found 463505
20674140,aot,63347975.81481481,
20672894,aot,41985445.23140496,
20675250,aot,54184085.9009901,gas-used mismatch for 0x46002b9ffdfa409dc45f2692523f2af5e774d297bf2c639a865af1ef8244cfb1: expected 316045 found 241818
20673061,aot,46635606.300884955,gas-used mismatch for 0xc9c08795404a422b05352b084c12eb9d13b7f894674b2bd459c261c4441dcebc: expected 286122 found 317733
20674188,aot,41879121.571428575,
20674871,aot,45867626.053097345,gas-used mismatch for 0xd18118a624992837c3729c6288dca44df22ef1b8e17a46b958b74787527d2af9: expected 322543 found 98981
20671203,aot,24266982.720930234,
20671898,aot,37281687.52447552,gas-used mismatch for 0x84427f1efbbde5cf21c4d25d7d1a385b02a81d83e964afe35f5bc747244b4320: expected 201096 found 81726
20675257,aot,43822437.220338985,
20674945,aot,42098954.424,gas-used mismatch for 0x673fcaf631eb1f166ef103e02eb82bb8f965e2404559937867379a1447d56263: expected 374613 found 315066
20670519,aot,42830232.333333336,
20674920,aot,51656709.23300971,
20675299,aot,53066956.87,
20674202,aot,73524840.38356164,gas-used mismatch for 0x10b0ccafa77a504ee6237d4e7641f1822c69d55cd86c1c90f70f0f6d62189305: expected 1394275 found 945525
20675300,native,37255024.77205882,
20675098,aot,63595195.91025641,gas-used mismatch for 0xd326904790d07c9a23d99feb03d5fd18a948e7aee424cd11520b8c6a2bf3c37c: expected 4563380 found 1722906
20674961,aot,39421836.34615385,gas-used mismatch for 0xa422e2bb5ccc6d02bd01e984bf0050a38835a3248c8635030955b8333e38a3c3: expected 419354 found 95880
20674762,aot,56423661.12903226,gas-used mismatch for 0x68ec583c6f912259bf3913720dc856059952c1225c435e4598a0ee926dd09518: expected 536712 found 486183
20670284,aot,45019142.203539826,
20674622,aot,34093829.692857146,gas-used mismatch for 0x7ad4587251a0200eaf130d7a8c199d2ab44cbf3e6cf948ae7c053e6c45455834: expected 442391 found 393095
20674620,aot,34703712.94701987,
20673677,aot,41233390.0,
20674965,aot,41776133.6097561,gas-used mismatch for 0x3ced7a86978aa23e97c1bd29df8d0112dfd4aad088f03f12a9b6db558771ece8: expected 285789 found 194156
20674979,aot,45216272.39814815,gas-used mismatch for 0x9fcf9e513ae8e3119d5991822c0e83d40098fc25381e6b9b697630ff88f329b0: expected 536562 found 280493
20674938,aot,41862546.720338985,gas-used mismatch for 0xf0350bcd0cc99a861bfd2e726c4301bf3ada7abaad56a7c2b1f0e687531774e8: expected 326776 found 95880
20674843,aot,40216801.28318584,gas-used mismatch for 0x648ef309382f483911f5608d9b65ac012c772aa18fcd3b0cd5f2e9274344229e: expected 541997 found 284739
20671890,aot,64887628.01282051,gas-used mismatch for 0x18004a82bf6b537946fabcfd1bb7103f204fc44894058d2e04e60cfba33d0dca: expected 357853 found 284656
20674223,native,43417947.333333336,
20675277,native,15631098.072131148,
20675032,aot,56220181.09411765,gas-used mismatch for 0x88c87d24c3914946a0c8a84d0ff72fd5ddc4b7b351afdbec2b48523690b7317e: expected 277733 found 153923
20672973,aot,19677171.151260503,
20674621,aot,39826633.525,
20674352,aot,72997636.60606061,gas-used mismatch for 0xd141a501d1381b0a3030f65aec14acf7ddc29a50c4a85a3a013ebe91fa297339: expected 408991 found 257740
20674190,native,52126800.14444444,
20671930,aot,44935107.28703704,gas-used mismatch for 0x695dd1cd85b86bb5130c5dab712c4085f41d5a2c514d0c1dd74ccc0b629cefec: expected 277733 found 153923
20670695,aot,19001723.12643678,
20671893,aot,26903739.03314917,
20674221,aot,68833813.53424658,gas-used mismatch for 0x0797bffe1fd0c83d702f40f6a49f6e7cd9083242c02cf22530235e84b43f32e7: expected 303506 found 268346
20674959,aot,34823204.10795455,
20671165,aot,66230678.5890411,gas-used mismatch for 0x3841e519c77c0f4aa70166e1cb27ad6b83453190a1cb0cec297a40d722080d1e: expected 282545 found 153935
20670330,aot,21598113.225108225,
20672862,aot,60513847.90361446,gas-used mismatch for 0xcff1bba915edab51c0f221de95d6092520dc41c3b006244b3f23ac68cf8a28bc: expected 300525 found 295855
20670599,aot,29273211.19883041,
20671960,aot,42859385.56923077,
20672895,aot,24167842.924242426,
20675218,aot,52987553.18681318,
20673108,aot,33622879.574324325,gas-used mismatch for 0xa0a8e81b128f6d575cfe2bf8cb4f02344022cc93a0ce4c95e2d3916973636d30: expected 607319 found 395919
20672990,aot,36734975.53571428,
20674934,aot,19519474.18076923,
20675251,aot,25745658.912820514,
20673062,aot,41656351.862068966,
20674189,aot,40354053.23809524,
20674141,aot,16801717.597560976,
20674872,aot,28863567.730994154,
20674946,aot,33112437.953846153,gas-used mismatch for 0x99d0fc549ad9624687187ce081851313b6c256eb983f6f861fe112d85aa602e6: expected 255427 found 194166
20671204,aot,45560698.836363636,gas-used mismatch for 0x7e71078f07bff51ed2b2bf02628eb4242bae3f1d90c653c94e336d64e0bb70a6: expected 189878 found 81750
20671899,aot,27214503.933333334,
20675300,aot,35627670.95035461,
20674921,aot,40802014.65853658,
20670520,aot,35856597.048275866,gas-used mismatch for 0x6ca5ab3c59cb6e898cbef99e0458318068256e7f23da1187b4c11612f77993f0: expected 750557 found 499069
20675258,aot,74630887.95714286,gas-used mismatch for 0x95597a8fdb31b30125005aa88c09ead397b643c7b792e7de884904754bc09293: expected 2388179 found 2326884
20675301,native,30769553.715151515,
20674962,aot,46330990.54054054,gas-used mismatch for 0xcf3d9c8df84bef724458cb278a224ab597521e0b5fde35f083aac1a73b2e0910: expected 1278665 found 1289480
20674763,aot,29229392.630057804,
20674970,aot,46433829.583333336,
20670285,aot,51684526.5,
20675099,aot,57847673.07777778,
20674623,aot,33938598.0,gas-used mismatch for 0x9759601e4c3a9b3ee6526e75035b6441321e6811f8035152f4a68a1392a4b511: expected 414156 found 363574
20673678,aot,33346692.28104575,gas-used mismatch for 0x1b9aaf7eda61df33cb915c053238bf98ad061f33ac42db4c310fbd90c006d917: expected 269898 found 238168
20674966,aot,25327667.946601942,gas-used mismatch for 0xb8f9ae457f69073194126cb321c39f054679593849b734f5b8b3b52a20e5ca5a: expected 262767 found 33517
20674939,aot,37618668.60294118,gas-used mismatch for 0xd83d27cafc0a1ffe727a6c4c83c3e09749d7f2430dff97266563f0748086bcc4: expected 262767 found 33517
20674191,native,44316816.52066116,
20674980,aot,44145645.449152544,gas-used mismatch for 0xeb24b0b53f776a25b35882de0bb0c85bcd9c16ba103c8bc7fa4d2db5e15aeeff: expected 2359070 found 37833
20674844,aot,50533734.79047619,gas-used mismatch for 0xf31010f8742491466f30d9840a40f02605e0d0adc09812a3120819d0f24b4c83: expected 430313 found 95856
20671179,aot,57503764.79120879,
20674224,native,38238460.926470585,
20675033,aot,28968819.154285714,gas-used mismatch for 0xb0326afcd9623f53d303f846c2608ee3297e66c7b5c106d64174be11224c636f: expected 386072 found 95868
20675278,native,49387383.72072072,
20672974,aot,44816721.051724136,
20674624,aot,27485852.0,
20674353,aot,37807046.77857143,
20672913,aot,32541028.189873416,gas-used mismatch for 0x521a76412c4b0d660299e85e3777500ae040aea3ffc0a0401df5b9ece0725adf: expected 352949 found 95868
20671931,aot,39786450.40625,
20673007,aot,60503017.04819277,
20674222,aot,30866386.43452381,
20674960,aot,66327262.69736842,gas-used mismatch for 0xa4c5e31ac9b40e26eb6514b0a217299d11f8ad8009ba2823681758ba926d8e4c: expected 454990 found 398818
20670696,aot,65458133.32098766,
20671166,aot,40075548.92561983,gas-used mismatch for 0xe6441fb61fc9be382f04c07ec1bca3b6c63ab4206f8ca769076636f5f47fe275: expected 1140852 found 1073125
20670331,aot,60120933.62962963,
20672896,aot,6260615.871657754,
20672863,aot,68053063.53424658,gas-used mismatch for 0x720abbf0b4e1a5d5b47d7983188bd9d4180ddb2a05d5b6905eac2deaa8d2c070: expected 1250462 found 487208
20671961,aot,24070300.893203884,
20670600,aot,61243704.125,
20672991,aot,5543118.762387387,
20675219,aot,47906131.66,
20673063,aot,44992512.281553395,gas-used mismatch for 0xe503b3be28023c48aa8b13ccf08a077c2b722c42bd49b3281165ccfe7c4cbe21: expected 607652 found 407624
20673109,aot,41425144.16521739,
20675252,aot,44346367.36936937,gas-used mismatch for 0xaa159ad44fc613378c112f43e64d3fd6cccaeaa0e437fa4c2a91b58e01cb20cb: expected 318020 found 241808
20674947,aot,41881319.00925926,gas-used mismatch for 0x952b467b4deefbb038248a0f59736d5cc33848dba12d33d9a2aeb0070dc3f4c1: expected 547607 found 284739
20674873,aot,42244372.801724136,gas-used mismatch for 0x477253c381cb84ef50457b9bf4a17953588962b0161c724fa829913c2bfa00a7: expected 547607 found 284739
20674190,aot,50859283.05940594,gas-used mismatch for 0x05a5a6581ba44dd50d2ec31da948be32b9af2c08633ffa54b7617a862991b428: expected 1267068 found 966044
20671205,aot,31562605.78807947,
20671900,aot,28342964.468208093,
20673019,aot,75319527.0,gas-used mismatch for 0xd730ef2693e13139b5e5ce7967757d616d013298f3eed8fa3a908bd334759a7e: expected 204766 found 82074
20674142,aot,66324914.26744186,gas-used mismatch for 0xf98d56f8077baa3e92a92fc5785682f4cebfa6d089b2a6262b154df2234e0109: expected 1098204 found 124032
20675301,aot,29982823.55900621,gas-used mismatch for 0xa948845ba322cbeea591b8dba9c163b6430c338e399ea01981ffbcbf6669bbe3: expected 320343 found 365248
20674922,aot,21502310.708695654,gas-used mismatch for 0xb0b2492dc872e19f17c052986bff11e5fe8d6e5dac421301a939841e9b309ca3: expected 122802 found 65924
20675302,native,42135436.4054054,
20670521,aot,51489531.279569894,
20674764,aot,32655220.625,
20675259,aot,46483008.056603774,
20674971,aot,20841255.45338983,
20674967,aot,30573561.42105263,gas-used mismatch for 0x78e49c609cf9fc1bb54041779cb132cc6839f4e4d7c477723bd7d749176051dd: expected 472571 found 413192
20675100,aot,12956688.477088949,
20670286,aot,22813782.70909091,
20674963,aot,28815263.511235956,
20670406,aot,48927365.38834952,
20674981,aot,33510468.537931036,
20674192,native,39617124.16260163,
20673679,aot,30948887.090361446,
20674940,aot,45346134.82727273,
20671180,aot,27851741.26190476,
20674845,aot,39400255.34920635,gas-used mismatch for 0x051456a5ef7d072140422880a99f940a98958daaafe6d8a99b65fdc3054c2429: expected 777184 found 436352
20674225,native,34644149.323529415,
20675034,aot,23063774.765258215,
20675279,native,60798940.7037037,
20672975,aot,8285143.573578595,
20674973,aot,53468752.376344085,
20674354,aot,33464274.642384104,
20672914,aot,41599400.601626016,
20673008,aot,18434841.249122806,
20670697,aot,49901632.53125,
20671932,aot,55295150.58947369,
20672925,aot,36704685.27536232,
20674223,aot,42943794.69421487,gas-used mismatch for 0xdad937fec28e03469e0e4cbb8b6918d4dc07d101ff696b3eee1254e5594abe4a: expected 252048 found 206938
20671962,aot,35317659.3203125,
20671167,aot,51635472.15533981,
20672864,aot,19306613.187969923,
20670332,aot,44880680.925,
20672897,aot,55356469.64516129,
20671901,aot,42481126.43010753,
20670601,aot,62681042.26506024,gas-used mismatch for 0x167f898a8cf3a47e56aee8eaed45d4b8e963f314e31fa51844ed8f30239e7f1b: expected 295698 found 264936
20672992,aot,62394929.09638554,gas-used mismatch for 0x251a4290d333d076014f80a79afe39fc9fb4a2872d516a5ad59a687df9ad15c0: expected 450978 found 209119
20675220,aot,35458942.97972973,gas-used mismatch for 0x081245ea6b91000d500231777cbe6e4eda29cc1f78084956f20c9043fdbfa79a: expected 702421 found 675503
20673110,aot,30544600.279761903,
20673064,aot,44578073.97457627,
20674874,aot,14580876.586206896,gas-used mismatch for 0x559eb8eeee144bb4cd4e85fc27d482e33ef9cf84b7f89495a5e537626eafe0dc: expected 366019 found 306350
20674143,aot,48382573.5,gas-used mismatch for 0xc8e01c209fec1904a116315295ac10156fb3614f826be717490a23383b468983: expected 453376 found 226890
20674948,aot,24329052.5,
20675253,aot,31891710.625,
20671206,aot,36848697.244755246,
20673020,aot,24473718.93023256,
20670359,aot,45111288.72,
20674765,aot,55024318.011627905,gas-used mismatch for 0xd4da8e5fb88b1de311e8438492386dc516627316d9d713901dcd914220054cd6: expected 805113 found 821126
20674923,aot,26831318.29015544,gas-used mismatch for 0x81dfe7eacf14dd4893045a4c7381c613acbafb87a2874b3c9b10020006893ef6: expected 261705 found 212298
20675302,aot,43693582.75206611,gas-used mismatch for 0x6353db88bd4059b9b41f7e9b89c4ab280f80f9d263bde08230ba066affae4d8b: expected 310302 found 237474
20675260,aot,36733256.74825175,
20674972,aot,27246752.994623657,
20675303,native,51923167.93518519,
20670287,aot,31712287.557692308,
20670522,aot,44288955.85714286,
20671903,aot,55221777.483516484,gas-used mismatch for 0x75f55259bfe036838515e980d62eb08832bf36881c095161cb51157f2851e5f6: expected 774159 found 450708
20675101,aot,54977354.64210527,gas-used mismatch for 0x13692a327445176c3d217b1388e883bce0917ab96600d5a3d45092bea1024aed: expected 282497 found 153887
20674968,aot,36852479.244755246,
20670407,aot,46660501.65048543,
20674193,native,37765899.223076925,
20671181,aot,43575357.0754717,gas-used mismatch for 0xf871fe5c7378026ee03fc669773f980b9ae4b0985e21cb09300838a83de9fd70: expected 447251 found 95928
20674982,aot,21942710.978723403,
20675222,aot,32753789.493670885,
20674846,aot,42236962.13559322,
20674226,native,47911251.34375,
20673680,aot,69272268.62820514,
20675280,native,28813900.721212123,
20675035,aot,59770862.058823526,gas-used mismatch for 0x9347e0556751cc1885bf435162b00bf55cea760b9994cf74a76ef077c99b7168: expected 627123 found 270452
20674974,aot,31725309.28082192,gas-used mismatch for 0x32de3ae894cb50e8bf6d192418e0901813d31bd5ae56527d7f08169d18082cab: expected 260990 found 31790
20674355,aot,31905938.9929078,gas-used mismatch for 0xdc0a0fc5f5cb60316f734c3c67aaefbd4174bb52a11f7deb765ec81ace140d57: expected 261090 found 31840
20672976,aot,65562291.80263158,
20673009,aot,27687253.54819277,
20671933,aot,42030691.27927928,gas-used mismatch for 0x79bd156e34b925136c431b9202ab0844623b868a48f42b5f6e0ea49ca754fd95: expected 922987 found 773954
20672915,aot,32780948.450331125,gas-used mismatch for 0x46930f2e69af1316551c11cac6a8b0a646f66b6509aa94ef49888657ae04f90d: expected 227919 found 217879
20670698,aot,31840732.2278481,
20674224,aot,35354810.08888889,
20671963,aot,28187427.935672514,
20672926,aot,46446198.268518515,
20672898,aot,35356458.57446808,gas-used mismatch for 0x6151eed8b2ee883f36450fc02a97fa9be42ef51dd1e2b868e2a6a32f8e74e103: expected 260194 found 59568
20672865,aot,31845199.3375,
20671902,aot,51717736.02040816,gas-used mismatch for 0xf29ecca241dd09a771a8173b8ec7ecf11baf13bc65be47bdf4e695e36738db69: expected 371584 found 162388
20670602,aot,44463480.77876106,gas-used mismatch for 0x961cfae13928a440e8f03d95cf7bd1c56681a57e8bf7009ad9126696ccdd9f67: expected 218875 found 183898
20670333,aot,33048859.10126582,
20671168,aot,41617750.225563906,
20673111,aot,5863117.681598063,
20674875,aot,21711172.8,
20675221,aot,40042699.552,
20674144,aot,18257741.62686567,
20673065,aot,32085587.493670885,
20674949,aot,38371190.625954196,gas-used mismatch for 0xe4b9a005e84c65c691f33a5c9b4a67e33acceaa8b99ea2a954cf8753a18120f8: expected 581317 found 339545
20675254,aot,49979352.60194175,
20674924,aot,46143086.77894737,gas-used mismatch for 0xe7c10219c77246af5f16289a886d2cd5d633c1ddecdc3aea7288e76b3dca20ab: expected 544183 found 279704
20675303,aot,44627457.82178218,gas-used mismatch for 0x0155f943101800e112c748f73a94428696108a0151b9c9ab753a5251c9e0df61: expected 1683059 found 1340483
20673021,aot,47636519.55238095,
20672993,aot,87116461.0862069,
20674766,aot,46009112.734513275,gas-used mismatch for 0xd3e6d9b82315e832819776cc08ed5bc1b2588cf4889a80a90787bf921b472d16: expected 112286 found 95033
20670360,aot,49004108.79090909,gas-used mismatch for 0x7653e974ae2818b2fe121ee29a61cde6b115e074d98e71607399b526cf8f1428: expected 2421645 found 1908410
20671207,aot,43539100.26923077,
20675261,aot,38588664.722222224,gas-used mismatch for 0x92e23e9ddde1970320a761f80d731acc03e8b9e6e2a40a0ff3947f99040a287f: expected 817635 found 337822
20670523,aot,33090754.34437086,
20670408,aot,40816474.0,gas-used mismatch for 0x38d3610be61b1452c13cb43cf5aef46d262a128c9f825c61ea6a86e987d72a80: expected 177022 found 80070
20675140,aot,71699311.73239437,
20671904,aot,33804092.14,gas-used mismatch for 0x347c7ce4eb838babe8f65c0e90c999f614f1acd4b18f280fc0cf38eb82de4157: expected 2421233 found 461135
20675304,native,59479828.32954545,
20675102,aot,46406378.734513275,gas-used mismatch for 0xae4c38efef98eef434c8acab00b3d4d7d54ad27b5167940dc6688fdcffcc708b: expected 420392 found 95868
20674969,aot,28917899.73888889,
20670288,aot,67846177.71052632,
20674194,native,16402826.84228188,
20674983,aot,27601226.666666668,
20674847,aot,25468539.205263156,
20671182,aot,33268564.435897436,
20675223,aot,30687420.660714287,
20674227,native,40797294.109375,
20673681,aot,23486395.835555557,
20675036,aot,21554691.974789917,
20675046,aot,37931472.705882356,gas-used mismatch for 0xed365542a1c3761f70bc732f1d9d55b4799fc7441df6a1e24a2e7d723cf8c8f6: expected 201013 found 81750
20674975,aot,58694861.71590909,
20674356,aot,33607915.57615894,gas-used mismatch for 0xcb39f4c1523224dc39285a86ea8495c2aed977e5098681cea7f6fb563c2ffdaf: expected 766583 found 735601
20672977,aot,30296744.18674699,
20671964,aot,41314380.82653061,
20673010,aot,73786325.31746031,gas-used mismatch for 0xc038e26c4cdf306f731295de8b7f5737512666b7a00f5db970210111c1af931a: expected 419374 found 95916
20671934,aot,38906452.04615384,gas-used mismatch for 0x3cbe3e1abf15a5f8ecca983e6fd03747f615d4ba0701edcda41b62c76d165afb: expected 369673 found 222282
20672916,aot,51685026.68367347,gas-used mismatch for 0xeb5c89d68467f27b02db7f02578c557e9310582168466b3462872102cf943656: expected 410096 found 372475
20674225,aot,33900931.89655172,
20670699,aot,43634156.426086955,
20672927,aot,45357225.734513275,
20672899,aot,41642503.71296296,
20670603,aot,39044088.475,gas-used mismatch for 0xd99a7f6addc964d5fb1a62454d6541ede0f14d94b51e402b1b9c63d921f1cab5: expected 87558 found 77685
20672866,aot,43795710.11320755,
20675328,aot,48034505.45,gas-used mismatch for 0x0c8c3d6d8d56e36b4f3eac9f740a624bcc87e0c32708720d754a5a460e45fa40: expected 451087 found 209228
20671169,aot,32724547.455172412,
20674145,aot,40607865.37931035,gas-used mismatch for 0xc7d539f98541420a8ae0a359e8bec7fc721686c3017353561af88aa7526e44c8: expected 910051 found 651682
20670334,aot,51786510.895833336,
20675069,aot,37293977.48854962,gas-used mismatch for 0x7b26e2f35f171072dca81071e7995cca45092d610c2bc1f56ba912a0db37b7c0: expected 209352 found 82074
20673112,aot,56673971.266666666,
20675255,aot,21659403.452488687,gas-used mismatch for 0x0d4a442f9141d60166f3fa34a5b96c4ac61deab4f6883d62f3a6acdec9633c9d: expected 2268319 found 619670
20675304,aot,56038200.03947368,gas-used mismatch for 0xa996bf9193ee5921c4d50b4249746dbb84047ee9ea9bc976a71408464af7ea6f: expected 443982 found 313163
20675351,aot,29615426.43150685,gas-used mismatch for 0x71f95d23e31eb1ace95824cbcaeec515cddf7c7bdc8a54f7940d1dcaa806afa6: expected 496297 found 95904
20674950,aot,41245801.55,
20674876,aot,76000086.44615385,
20674925,aot,38834345.22137404,gas-used mismatch for 0xaee1d8f4bd02d72d69bc818cc8efaac0ecfa5ccfeb9edc84e6498cd76919621a: expected 395444 found 189296
20673022,aot,34058428.986666664,
20672994,aot,32742545.906666666,
20675262,aot,36052700.3,gas-used mismatch for 0xa19cf5615e42f7d3996295264f31df44d8c6451c3fa8dc6e4f6fb98a8f45f694: expected 353664 found 355697
20670361,aot,37529075.13076923,gas-used mismatch for 0x41c397056fba0f19d27cf2892e5193fa9033b4a6f2d04763b14488938d5d9ecf: expected 322619 found 184569
20671208,aot,34633158.384615384,gas-used mismatch for 0x38d269ccb0f143c79c2aeb2654b3def821514d74099d6c41dab5692d146dd866: expected 447251 found 95928
20674767,aot,73389184.2763158,gas-used mismatch for 0xe6e195648163fed85b800d564394f1e879c41b2d467469b3ae34291206893e31: expected 690601 found 324803
20670409,aot,49448360.78,
20675103,aot,29279541.34355828,
20670524,aot,38056599.879699245,
20671905,aot,44281617.96551724,gas-used mismatch for 0x3cc3e4657deb3f93cd53fd339afbeb54263f3f9905f0ecb9153e4ee85a6a4d34: expected 432926 found 377290
20675141,aot,32277148.9125,gas-used mismatch for 0x8bb2ec84650ad5979f8139a726baf7e71b4f7086d09261ba18a4cf1e489a5965: expected 331220 found 94875
20673684,aot,34618453.132867135,gas-used mismatch for 0x04fa37769e5e3c0cb8e74a4c6c2f4e11fc3ec48ab5e83b7b6218bb1e100bc961: expected 305533 found 232104
20675305,native,41350008.34146342,
20670289,aot,71100527.32394366,gas-used mismatch for 0xdc4150224542b85b8f8357c2fde30d70e6d8ec4358d794c97903bf0b3c8176d5: expected 308490 found 91774
20674195,native,69673085.63380282,
20674984,aot,41215644.24137931,
20674848,aot,42539059.01724138,
20674228,native,8273846.583928571,
20671183,aot,30617202.60240964,gas-used mismatch for 0xd77a4754bd6a04e7a56265435931cbd7c6091423032040c5c27b82b513f3b6c9: expected 818974 found 201157
20675224,aot,39801630.032520324,gas-used mismatch for 0xc2200fa1e03e3f22e80643aabc5d9e3340d923808db2d4786e862eaba9b905ca: expected 263229 found 196669
20673682,aot,54742843.86813187,
20675047,aot,39576456.671875,gas-used mismatch for 0x2777594a7f3e51fb11d7d968ddce5cb5c735efdc274adc206b0b3f4151caba23: expected 182725 found 81762
20670335,aot,42525590.06896552,gas-used mismatch for 0x38b9c8ec8ad0d1cf8a7d59f2c61cdcea06675873168da330501065ef54cb2784: expected 1271607 found 1154876
20674357,aot,59863702.61176471,gas-used mismatch for 0x3a9e5f5fedc80815de2dabdea5ee4f070f1002cc179693e80c33b4b8fe80c6e6: expected 381275 found 95868
20675037,aot,71722509.25301205,
20672978,aot,73816101.49315068,
20673011,aot,40480387.504,
20671965,aot,55994438.12087912,
20672917,aot,46413913.90990991,
20671935,aot,25436472.180487804,
20672900,aot,28209901.82352941,gas-used mismatch for 0x9ae60b8e6e2bd369a07c69f46673b2cdb120cca700dd729056286fe55c738388: expected 838032 found 338404
20674226,aot,46181091.6036036,
20670700,aot,30170051.022727273,gas-used mismatch for 0xa360fddea5f1404116cdfcb113da39afc0c3310fab5a34038abdb984ced86cd9: expected 266951 found 219661
20672928,aot,52079298.3367347,gas-used mismatch for 0x030d812f50b5b35a4df49094c6b4d16e4ce8be3eba2f83fe9b2f06b7e8811c94: expected 297299 found 229506
20675352,aot,46306469.979166664,
20670604,aot,49695442.37142857,
20671170,aot,33002424.967948716,
20675329,aot,38368641.06382979,gas-used mismatch for 0xb84cfef0d7807d74d098548c2d19b819412e048fcf8db44006d6ee5aab6747b8: expected 866414 found 456121
20675070,aot,41343234.03333333,gas-used mismatch for 0x50330a9d496d43e85ec7ed71f8034a22cda1409a7cec3c440a6808fd0ce0eba5: expected 805180 found 73285
20673113,aot,62145638.575,gas-used mismatch for 0x311e2b8522e842f2a42e6bc09aa3e91a8cebed29350f5ec73c299d4c1d9a2514: expected 196272 found 81738
20672867,aot,38887405.41428571,gas-used mismatch for 0x75fb435b1b1a81941743d1267eca68a0abcc63984d3bad656fd6f89788f19869: expected 175246 found 131441
20675256,aot,3431152.802640264,
20675305,aot,39090813.62307692,gas-used mismatch for 0xef24284def59822f3e494bcb73a3e41c226fe872f1e7b587344f88bbe127b8d3: expected 394861 found 189296
20670300,aot,53728322.78571428,gas-used mismatch for 0xaa1ed27a3e6b16e63cebc5be5cc6793373e6f48d8d6843c4b92536fd1c00e6f7: expected 523176 found 431983
20674146,aot,60999624.42045455,gas-used mismatch for 0xef26f695b83abe41b7375b69ff116e7cec86ea92f75778bfc0a6ef5d7a4d303c: expected 191484 found 81750
20674877,aot,66083953.05,
20674926,aot,34008939.4109589,gas-used mismatch for 0xc99e8b7dad9a95ac9fbcdd5f9c3b797d8c2028898343fba542fe6a11ebd7c0f6: expected 397911 found 183221
20674951,aot,30172573.143617023,gas-used mismatch for 0xc4c1f2b630f19886813bf78556febd7d878e037cfe0040f97d3afb168952508c: expected 332283 found 95868
20672995,aot,17897532.701388888,
20675104,aot,32532753.464,
20673023,aot,37916833.41304348,
20670362,aot,38886148.2962963,gas-used mismatch for 0x67c51aef49e86a891ff1b507eb19af7f116e21fc7e38fa6993168bf2dcb4c669: expected 306299 found 232116
20675263,aot,17358706.309904154,
20674768,aot,31922437.30967742,
20671209,aot,52583694.33,
20670410,aot,38643074.6870229,gas-used mismatch for 0xab8f72e1be7f85e5a7f1b0402ab31cdba22e55cd62e5f6073c0742a27ba04124: expected 988604 found 1005194
20675142,aot,42539389.761061944,
20670525,aot,32865924.546666667,
20673685,aot,49918935.74257426,
20674196,native,33350985.606896553,
20670290,aot,33693476.01351351,
20674985,aot,30065237.43125,
20670781,aot,72826295.6764706,
20674849,aot,12011583.744303798,
20671184,aot,44286872.92727273,gas-used mismatch for 0xc2eaad2f725c361f99cf4eb9bfb07aff9af9557b31bef6163c443cee40c59409: expected 305494 found 234878
20675306,native,90171063.89090909,
20675225,aot,52119576.375,gas-used mismatch for 0xa52a80a210dc4228709ffbe92319c52b92c82fa8e01babce0a3af854eddf129f: expected 233922 found 175763
20675048,aot,22663976.374384236,gas-used mismatch for 0x33cf152de2cdf8e00559187458d683e577c22f8121cd287fb300410c6fcc1f01: expected 284436 found 209795
20673683,aot,18951985.988235295,
20674229,native,63438012.368421055,
20670336,aot,38316533.57692308,
20674358,aot,21157300.040650405,
20675038,aot,38144780.74814815,gas-used mismatch for 0x2dc39b428b7f1f0e36bd91335dc611ea7831023e1faa20235183aa6975841076: expected 527383 found 196700
20673012,aot,39062248.35344828,
20672979,aot,36561808.95652174,gas-used mismatch for 0xbc07fa9f0436b3919b9329f9f0d638b92bd2b7d584f1c12ed9813cf7b886a396: expected 323570 found 95868
20671936,aot,49813362.37777778,gas-used mismatch for 0xdc16954bbfcfeac65fb8ecb9cde02259b8899f48e06a101d4e06819276944fb0: expected 308589 found 237975
20671966,aot,20601542.18106996,gas-used mismatch for 0xb98160f7ee8d4170f7bc3a74483725c58e5777d10babe3f035b936c3f573a10b: expected 787284 found 824982
20672918,aot,46622672.73584906,
20670701,aot,32273678.91891892,gas-used mismatch for 0x019320afe93868503eac31aa4fb8466d2902394c16736da1ec6eca29e2bd1c53: expected 196985 found 81646
20674227,aot,38164103.58646616,
20672901,aot,68232420.52564102,
20672929,aot,46502321.69811321,gas-used mismatch for 0x9ad9855b11ec014a9d515509cd337023726fd4909aa5c9a4e34128c45a879622: expected 293738 found 328149
20675353,aot,43924124.266666666,
20670605,aot,50288759.208333336,
20675071,aot,7543163.02603369,
20671171,aot,38184717.374045804,
20675330,aot,30937400.662576687,gas-used mismatch for 0x3d825725cbff077957e98e6980a07c31fcd2df7f77ac25d34194ea271af69c77: expected 457847 found 237995
20673114,aot,46044064.39090909,gas-used mismatch for 0x4ee58d586019056614e291ca955516b5c57526777223b85ed853254e6023d6d0: expected 282545 found 153935
20672868,aot,27620244.459016394,
20670301,aot,45281815.69444445,
20673001,aot,13095199.725190839,
20675306,aot,76737617.6969697,gas-used mismatch for 0xb5f8d1600c669ae5620a740e46209f1debe67a3c5581b41f70f290a49f38ca17: expected 647887 found 623685
20674147,aot,45348529.78181818,
20674927,aot,55890956.604395606,
20674952,aot,18530804.78057554,gas-used mismatch for 0x31155ba3c9d7580c296a6385e828464e6cbe7fd7a8730ea10b166c131955879d: expected 260095 found 33645
20675105,aot,60802431.34615385,gas-used mismatch for 0xe17bf9041ae916f5f3189e82ce0e4baef77373fe859ef1f35fd9495c949afa29: expected 322275 found 95880
20672996,aot,45350079.423423424,gas-used mismatch for 0x741bf67f00bf5d2e04f40cf23e76e2d8a758a6eaa37514818c2f8a632477f12b: expected 282545 found 153935
20674878,aot,25216877.884259257,
20673024,aot,3126332.0165036675,
20670363,aot,41959750.86666667,
20674769,aot,43778013.556603774,
20675264,aot,45999149.945454545,gas-used mismatch for 0xf195ec7afcc691e7e8a23de0b75bf6702d72cfb40307145d28e22aaa99dabf7f: expected 534909 found 279704
20671210,aot,36168231.678571425,
20675143,aot,40106613.4921875,gas-used mismatch for 0xa04ee395ef50be04dbb7a898307d287c987d8080cf775c1b3a6cd594fb810e76: expected 266939 found 219649
20670411,aot,56297790.03296703,
20670526,aot,42543944.90833333,
20674850,aot,52376362.97802198,gas-used mismatch for 0xd5e52b62ed664540195161ad4c81c71d998a3dc03ce14a556ddc4d5a3be9a2fb: expected 638387 found 161767
20671185,aot,23359713.35,gas-used mismatch for 0x1602ffe9d4d244a11d43f991d086008a275304025eb6bd182b95d4de4ffbe856: expected 238204 found 135818
20673686,aot,23159277.959276017,
20670291,aot,34403352.68918919,
20670782,aot,57074098.95604396,gas-used mismatch for 0x16e9a2177c5f6c7298ab557be583fe423c55d1f3e79a630a7b9e8ef227cca4b1: expected 114135 found 64065
20674986,aot,49157236.236363634,gas-used mismatch for 0x676a20e5ec86c10dd61527fe694706103271d3bfb2079fbadf68e544961dbb81: expected 1543470 found 1249700
20674197,native,88669675.0,
20675307,native,43750725.43220339,
20675226,aot,27841024.670157067,
20675339,aot,28079107.679558013,
20674230,native,74685721.18309858,
20675049,aot,73632775.21794872,gas-used mismatch for 0xd555bbf3e11706ede69b76e661bf7e59871fccee6b932ec6663ae23ddb5562ca: expected 828185 found 612481
20670337,aot,34039529.74825175,
20673013,aot,16363202.594405595,
20674359,aot,41379062.18181818,gas-used mismatch for 0x2a2dd25b2098a8396ebbf4d3ccfa0df3a8e961524db6e2d3e7b034c8af0f4fb9: expected 338083 found 254556
20675039,aot,16691687.587248322,
20672980,aot,31117580.044303797,
20671937,aot,33471803.32413793,
20672919,aot,31322633.935897436,
20671967,aot,7505852.297413793,gas-used mismatch for 0x082f2e2bb4fd741eec435c06f029380423f57f21c06553fee3b15a6622565620: expected 570814 found 427750
20670702,aot,43620280.66981132,
20672930,aot,39797495.96396396,gas-used mismatch for 0x1ecaf0ac97f3025d181108833f0aa2af6794cdd5b4ee085f88731996145ccd90: expected 645277 found 407352
20674228,aot,7986221.985483871,
20673002,aot,49569998.04819277,gas-used mismatch for 0xe022fca99b8a6ecd54e25299b0d428fe25083a12f93260b75e513a561aec5470: expected 826410 found 441593
20672902,aot,33591977.22758621,
20671172,aot,16269938.54642857,gas-used mismatch for 0x90be8c043556bf40bcd4bbaa8922908f41a6d23fb6faa7b491c61eb68527d4db: expected 378384 found 323464
20670606,aot,31648658.45098039,
20675354,aot,33354058.333333332,
20675331,aot,7976284.422955975,
20675072,aot,63533342.474358976,
20673115,aot,26343753.98918919,
20670302,aot,29322977.86309524,gas-used mismatch for 0xbe57c0e19fe261faa5888bf709de70c8465897d297aa4993447868bfaa2f406d: expected 377821 found 318723
20675307,aot,40394366.61983471,
20674148,aot,30264864.13664596,
20672869,aot,51142420.854166664,gas-used mismatch for 0xfe7aaaedfe99a0ae1e77745773c19bf859f5758f5ac40e8f0079bde34c9e5eb2: expected 144011 found 77452
20674928,aot,34562484.40559441,
20671191,aot,36552253.25925926,
20675106,aot,52646731.87368421,gas-used mismatch for 0xa9ab89ffbde98ccf8cc0837c3ea3e9cf31207cd860c80a8bbfc3092198726a6f: expected 304117 found 211492
20672997,aot,37592186.075187966,
20675265,aot,17018642.443223443,
20674879,aot,51404813.864583336,
20674770,aot,31417179.68125,
20673025,aot,68736067.65753424,
20670364,aot,60000308.52941176,gas-used mismatch for 0x98a3ff3f2b72929871a51c9f8fea126015ab998c263d777f90c0f114557208e5: expected 305126 found 231566
20675144,aot,36376023.61029412,
20671211,aot,26377111.94764398,
20670412,aot,43309257.765765764,gas-used mismatch for 0x38667403bdf10a43c32e52454da016c7c23ed8f438fdcd01ddac3b2a13cae7f8: expected 323570 found 95868
20670527,aot,28908263.01754386,
20674851,aot,41494098.27272727,gas-used mismatch for 0xddb6beb73b0a0bf75d8bbb079d65d0512b61a39d05eda89f35a0603d7ffaea44: expected 460795 found 161051
20672922,aot,48387211.17821782,gas-used mismatch for 0x2083df1136411afec95ec2582e772ea1753f0964a96845a658cebe61aaa9f91f: expected 710120 found 284751
20671186,aot,30970409.57763975,
20670783,aot,31282534.9875,
20674987,aot,10833095.168122271,
20674198,native,26885945.32972973,
20675308,native,35920781.25185185,
20670292,aot,49684819.80869565,
20675227,aot,27083786.12154696,
20675340,aot,39246758.48854962,
20675050,aot,46382197.972222224,
20674231,native,41218537.8984375,
20670338,aot,58608450.77906977,
20675040,aot,49854490.66981132,gas-used mismatch for 0xacd0007c862cad1afa48865eee8937a2ebbef883b2348e704d4daa7da35aa927: expected 580660 found 453331
20674360,aot,23712052.5877193,gas-used mismatch for 0xcbe516865191de8f430088afdbe77784dac84fcea66776ecd72930020e1241c9: expected 260990 found 31790
20673014,aot,73890528.61428571,
20672981,aot,58832714.29545455,
20671938,aot,36885814.89726027,gas-used mismatch for 0x3649c887f128dd3e8cffde91c4ea89674b967c8f751a6024bdea3d3ee630c6b8: expected 282545 found 153935
20672920,aot,46437558.4054054,gas-used mismatch for 0xb7e4da9ab46b77fad76a8adea4dc2ff0a32955d0b743d060311e664df8506bf8: expected 541997 found 284739
20670703,aot,24902078.35714286,
20671968,aot,74421864.97183098,gas-used mismatch for 0x2b31d2c3a982dd29969a2977c1992fdef440219747584d23b62d62970a385ef8: expected 776948 found 436116
20674229,aot,61617660.2625,gas-used mismatch for 0x80b200707a666d5a88cddcd70980115897e609852e3d693873db288a5016dbed: expected 592201 found 280174
20672931,aot,37191635.80136986,
20673003,aot,3827896.7218637993,
20671173,aot,55751495.010752685,gas-used mismatch for 0x3e5ecb050ce15d74310aa0001cd66620dc04476dc933d0f79e60f72daa698c24: expected 347831 found 95880
20672903,aot,37990605.777777776,
20670607,aot,43956872.449152544,
20675355,aot,46526612.123893805,gas-used mismatch for 0x6523dc84834ddb7f11d0d2fbff1d091134fce4f97e38075c0daa3eacb7332a3e: expected 801855 found 563317
20673116,aot,29611880.289772727,gas-used mismatch for 0x9b4c42c4a4d53d6bb6870d5f6ce8a0cda05be91cc6c57f1677046a5aecd1d915: expected 232007 found 72754
20675073,aot,49760692.91509434,
20670303,aot,63853503.530864194,gas-used mismatch for 0x082eddbebd026e7376707098ca921335d70805620574aff6c4316c1bc7e79813: expected 1175397 found 461965
20674149,aot,37004884.98529412,gas-used mismatch for 0x8315e1489c862969d9326a5470d045c1953784137148073204e74d8252704a4e: expected 360115 found 317114
20672870,aot,34368301.43150685,
20675332,aot,72360451.39436619,
20675308,aot,34845366.058823526,gas-used mismatch for 0x380c8eb6531e547e3be7c3258e0f54699317c6f1af9d2648765d41e81a154715: expected 723588 found 329297
20671192,aot,15390046.66060606,
20674880,aot,24792690.295566503,gas-used mismatch for 0x76363723c6820f3406b3de436511d1258710e805b869a73989d7d380887aa7ed: expected 256602 found 251932
20672998,aot,20813315.427983537,
20675107,aot,61897080.578313254,gas-used mismatch for 0xe0fc195e646336d35e5f14c38e202db37b320c5235d0cbbec61171196c164e58: expected 290140 found 225226
20674853,aot,28381624.342105262,
20675266,aot,87247377.18965517,gas-used mismatch for 0x552aacbf320e073b167ae56bef671d70d7fd2458b9bab7467405bd56d4010118: expected 552593 found 94877
20674771,aot,33204847.64,
20673026,aot,38060178.592307694,gas-used mismatch for 0x91d6ee350b0e3e46a5114b27dc5a03ea96ba417042b7af95fc2263989dd032cb: expected 208441 found 144528
20671212,aot,47597157.04950495,
20675145,aot,36457934.442028984,
20670413,aot,41574823.68333333,
20670365,aot,66419494.07042254,
20674852,aot,39126661.96694215,
20672923,aot,33991173.80141844,gas-used mismatch for 0xb134c704a80a75214799d8298ec087d1dbf99aa477001c6a42424c57a3821356: expected 1510696 found 922960
20670528,aot,71673984.89393939,
20670784,aot,27598495.931818184,
20674988,aot,37737692.54198473,
20675228,aot,35486804.16,gas-used mismatch for 0xd85dae8fcd142a0ec15c4fd77f22060a680b9eb50f9019eec17ec2ae7f13fbca: expected 3512101 found 37833
20671187,aot,71317429.84848484,
20670293,aot,40882921.00847457,
20674199,native,9126576.436464088,
20675309,native,41975145.05,
20675341,aot,22249617.295454547,gas-used mismatch for 0xf9eaeddcffe35cd94b7d2f23a6980b859c8d6865bf822c0ee51b68828b27e40b: expected 697402 found 554495
20675051,aot,42238879.981981985,
20674232,native,6598408.950666667,
20670339,aot,32476242.804054055,
20674361,aot,41970325.551724136,gas-used mismatch for 0xa9d79894571ae87099a992601bd9637bb76873e2eec238b648d8391c7b4da5dd: expected 391172 found 95880
20675041,aot,53254806.51612903,gas-used mismatch for 0xb551933ecb110e5abb8397245d38d9b414400a64474eae9c6fa523bf5ddd9916: expected 260135 found 33685
20673015,aot,47339799.02912621,
20672982,aot,15974099.712025316,
20671939,aot,20481990.147058822,
20672921,aot,23126708.360189572,
20671969,aot,49302186.042105265,gas-used mismatch for 0x834b5d7c0e8a8f7d0fa0a63b43e3edfcdad41c8042efe4ebd67d1ba8a98df2cb: expected 384968 found 175246
20670704,aot,40986357.65289256,gas-used mismatch for 0x18fee5fbad9cf80787c61bccbad3e1ebf2c3243f8239ec4b4b9244416f6cabf1: expected 282545 found 153935
20672932,aot,51889959.25263158,
20674230,aot,67297191.41333333,
20673004,aot,83307386.47058824,
20671174,aot,29117729.393063582,
20672904,aot,36677508.572463766,
20670608,aot,33347731.84768212,
20675356,aot,39100427.37301587,
20673117,aot,36100332.08510638,
20675074,aot,32493941.09032258,
20670304,aot,51433724.32673267,
20672871,aot,30863922.64457831,
20675333,aot,49314611.24761905,
20675309,aot,42150429.984,gas-used mismatch for 0xfbfee91c938f488fe2634c097c06778d833324d6806bf2374e5e43886e12c00d: expected 425445 found 261564
20674150,aot,65613317.192307696,gas-used mismatch for 0xc546b366090e91fa78396c633349f575089706223d384cd376beb7a25a52ede1: expected 862379 found 874299
20675267,aot,52108454.65934066,gas-used mismatch for 0x1834c4133bb7a858103b4aaf0adfe070a2031f7c0f5f4f304ce800366806c421: expected 995160 found 258306
20672999,aot,61986843.56626506,gas-used mismatch for 0x740de54f4981c537081a340ec6f25a45f975934a1bd65b7637dfcd37d3307051: expected 281427 found 246364
20671193,aot,47915658.63636363,
20674881,aot,57389654.76923077,
20674772,aot,20537374.764,gas-used mismatch for 0x8e6656e94831b8d18ee553073ba4fa3f5087e55967b831b5ceca7196999244c4: expected 793388 found 385073
20674854,aot,30439248.554285713,gas-used mismatch for 0xe676b23c487a1ef934a39ddcd4e97dfc49ce013c3d655b678f09f1f21d1fe767: expected 323582 found 95880
20674390,aot,54725889.9875,gas-used mismatch for 0xfbf62d00a09d49872383c37dbf28a75e10f1096b8ac7db9cc8bacb05f11a1e55: expected 459982 found 410378
20673027,aot,50109000.524752475,
20675108,aot,56106610.25274725,
20671213,aot,29727654.959537573,
20675146,aot,4850241.024118738,
20670414,aot,32119854.5375,gas-used mismatch for 0xcf9ed518fe3de77d5ea5cc2cdcef4cb0f2dc06b657b22f756ab8647227447978: expected 354904 found 203936
20670366,aot,35095808.96503496,
20670529,aot,42984764.29310345,
20672924,aot,37203513.14893617,gas-used mismatch for 0xf3609f3fdc791dacfa017871b0985a688bca21d36547b744764ac107fecbd7e9: expected 178643 found 81774
20674989,aot,28253076.702127658,
20675229,aot,32604252.871794872,
20670785,aot,59002581.87912088,gas-used mismatch for 0xfac32bed814b0114e7d2d2ff4937469a74facad50dafc2a18f7ff27c129f0a42: expected 194449 found 81738
20670294,aot,18215760.365942027,
20671188,aot,34329691.69934641,
20675310,native,34626947.35862069,
20674200,native,84979876.06896552,
20675342,aot,47249664.03703704,
20674233,native,49561586.138613865,
20670340,aot,51422802.625,
20675052,aot,31335585.616666667,
20675042,aot,28772359.38125,gas-used mismatch for 0xe8528a92c14f2ae8907b973491c50b6174b34dcbea6268a0e7d3eed7eb92baa8: expected 445266 found 442838
20672983,aot,51585047.34939759,
20673016,aot,216320.84181743607,
20674362,aot,42564711.70689655,
20671940,aot,70164683.30882353,gas-used mismatch for 0xe1ef4ee271b7ccc655c2e05e4a5c21201679e0b91bc6a609d564211a460efb08: expected 1213684 found 798331
20671226,aot,31532375.282051284,
20671970,aot,41527561.2892562,
20674231,aot,40485808.14876033,gas-used mismatch for 0xe9e26f0261787a797fe181e5269ee6c7542e3143cb8fdcea1eacfabc15037e08: expected 582867 found 508196
20672933,aot,54420784.69318182,gas-used mismatch for 0xb880f57dbba0d2b3d4c9d8fee4fc3f59ad30627f314321b0861c76cca28ad12f: expected 206057 found 82074
20670705,aot,27338653.739361703,gas-used mismatch for 0x670d3be6305e22ef8fa7fdf35b113be66f6fb191551af839a879930691a20c5b: expected 682490 found 392039
20672905,aot,6316757.0,
20671175,aot,44199321.25225225,
20670609,aot,27364135.965714287,
20673005,aot,55378299.45054945,
20675357,aot,24661597.452736318,gas-used mismatch for 0x2c3499f893f6c6616529909e7beeeea1109f07964cace4dd2293c476553040b2: expected 276886 found 172630
20675075,aot,14965311.392971246,
20673118,aot,37816480.2519084,
20674151,aot,35355054.25,gas-used mismatch for 0x3824be060ecdea6e594479b4425edd3015a069adb2741edc83845d44459cc8c0: expected 209407 found 82074
20670305,aot,57286875.39534884,
20672872,aot,37641563.88721804,
20675334,aot,30597032.208588958,
20675310,aot,34549211.92666667,
20674855,aot,44044503.91262136,gas-used mismatch for 0xbcac92d3d69930fb7562128c19190f6c2920361809bf50779a78a597d9b70ccc: expected 889604 found 670919
20675268,aot,37381200.45390071,gas-used mismatch for 0x81cde7284cab019b56ed9004dd8a2cd510d588d8790fbef1b6129b31ca741c5b: expected 395424 found 189296
20673028,aot,44022107.40740741,
20670415,aot,705539.4567407644,
20674882,aot,43097831.655172415,
20671194,aot,33979378.21333333,
20674773,aot,61710628.5,
20673000,aot,59203299.313253015,
20675109,aot,32936551.852564104,
20674391,aot,68527446.36619718,gas-used mismatch for 0x37f37458a4f4ad790d0cc04b4f09168e4643a95ef394ae34675a3c0d786f94a8: expected 1026887 found 604034
20671214,aot,53799261.75824176,
20670367,aot,47327820.50943396,gas-used mismatch for 0x558075a7917a31ac2a11cac12a55eee52eee7bd191462c28e84d4613aa2d98a6: expected 204302 found 81738
20670530,aot,25177852.915,
20675147,aot,63197360.55,gas-used mismatch for 0x6e89774c244bdc59c50b5b461cd48ff5e3446568602382552f2ead9877ecfa63: expected 384378 found 186698
20673006,aot,33892677.993589744,
20670786,aot,33411857.171232875,
20675230,aot,41365014.208333336,
20671189,aot,51076779.62222222,gas-used mismatch for 0x0013a3c2616022b83e1e740bbc7ee9f54644f006b47c3ac1f087c83719f77f43: expected 1215620 found 697274
20670295,aot,50485590.12631579,
20674201,native,3180133.8414154653,
20674990,aot,80114054.47619048,
20675311,native,67824277.50684932,
20675343,aot,22052027.126696832,
20674234,native,54665858.741935484,
20675053,aot,34556549.37762238,
20670341,aot,32160693.81935484,
20675043,aot,28566989.683333334,
20671941,aot,28019190.564102564,
20674363,aot,27437547.948863637,gas-used mismatch for 0x562d61479e49da3f63e32223fcb0d5c8bdb04caa2b04a7840765434d3139312b: expected 209078 found 81714
20673017,aot,73342878.54285714,gas-used mismatch for 0xd1a1b481150ad29844d0cbc835c66bcd8f8381fe730a58898733a1bf87660a9c: expected 283121 found 314732
20675057,aot,54360443.62,gas-used mismatch for 0xd281560aaeb9f00340755cfc1f2b0c1b9b3a2d077759c61d4d7e683efdf27e5e: expected 541018 found 420794
20671971,aot,34849776.0,
20671227,aot,62012566.96703297,
20672934,aot,45162466.85217391,
20674232,aot,6852656.275217933,
20670706,aot,57965899.844444446,
20670610,aot,36987766.75,
20671176,aot,33855419.98630137,gas-used mismatch for 0xb2199def2383a994c62a84a1d18ecdb036ba0e98853e41bb122215de029be370: expected 189878 found 81750
20675054,aot,36607056.234042555,gas-used mismatch for 0x1a8044926af68aa1f6e9118635d58bef8f626103272003cf96b2bd67cac93207: expected 201108 found 81738
20672906,aot,90896378.73214285,gas-used mismatch for 0x55183176f3804d604129bf4270e218ff4d3a8fda16b01690d1df4317a46d71dd: expected 1088656 found 762711
20675358,aot,22984510.402654868,gas-used mismatch for 0xf08f50243d256e980c0fe7167a530bb0552828e0581fbb76dbe5c7a216a7c7c1: expected 247884 found 191663
20675076,aot,52060637.62,gas-used mismatch for 0x4b5a9c154bd29218b27150853926d23efc2c40c893381e7b0f7164d7a9b17ab1: expected 328700 found 95868
20674152,aot,43042053.61666667,gas-used mismatch for 0x2df587249602721005978f870dc36c934235f44adf7947589df9cfbc981d5bfb: expected 1274417 found 130032
20673119,aot,27638257.584210526,
20670306,aot,37346251.992753625,
20675335,aot,44096182.60344828,gas-used mismatch for 0x0a711c8663d4b784625955335e922590c1e18834d671e8f35408e144e833a368: expected 263186 found 196669
20672873,aot,45169479.252173916,
20675311,aot,64949271.58974359,gas-used mismatch for 0xcbd40fcea1c72ce03cdc5681b205c6763bc07775d3e636cad56a53a6cc14fad1: expected 307732 found 280730
20675269,aot,23693611.338095237,gas-used mismatch for 0x702d0f1f5f96a31bfa503d22a04a4b5d800d338e24b521641bf532a7d150e5ad: expected 312677 found 240013
20674856,aot,40099836.02290076,
20673029,aot,33621259.16993464,
20674883,aot,43536561.76724138,
20670416,aot,85650906.56363636,gas-used mismatch for 0xf31f2c36c10b609f783dbe1fefe2b122d599805013c84c2b43781dfe40badd6a: expected 369673 found 222282
20674774,aot,30706831.325301204,
20675110,aot,59552884.209876545,gas-used mismatch for 0x0056ddfdb0ef5664f91798a65fd7a35cc5a85daebcbdbac9608e787f581b3d56: expected 282545 found 153935
20671195,aot,64038722.975,gas-used mismatch for 0x0437e5bb89afe74ce41679eddf894b141f75042658d3c4c1d166d6cab1404e1a: expected 365067 found 200291
20675163,aot,47141076.52727272,gas-used mismatch for 0x4234a7dce51c66313fe6e52093c81c4c2386530f99dd8e39008b0c0432bcf473: expected 311467 found 234702
20674392,aot,38817136.59398496,
20670368,aot,33615214.52941176,
20671215,aot,50025309.01,
20670531,aot,41600706.27272727,
20675148,aot,31334672.89090909,
20675275,aot,27064939.632978722,gas-used mismatch for 0x1a4c3f9cf3a4e6c6d0173e9da3c8d1f28f77372354fc8f82699fa6ff427d556d: expected 400562 found 95868
20670787,aot,17373663.06081081,
20674991,aot,26217598.768817205,gas-used mismatch for 0x4919b48ce2b346e449e08c484067af9ebc6417906ce72e5ea17bd960e8e6466e: expected 1314257 found 1162589
20670296,aot,44320078.55555555,
20671190,aot,40038068.35772358,gas-used mismatch for 0x10d2a87e11e40c30c717e0b3599e40f45ea6118cb875852e70171384c78cc15c: expected 914393 found 384286
20675312,native,38796695.75,
20675231,aot,55370026.6,
20674202,native,76342695.61904761,
20675344,aot,55076846.913978495,gas-used mismatch for 0xd653df129127fd5fe29ae8f153d74ad6c0770901d23b0eb035ab76df11ca66ad: expected 398233 found 344799
20670342,aot,54128177.78666667,
20675063,aot,38284043.03174603,
20674235,native,52563718.06122449,
20671942,aot,34920108.63768116,
20674364,aot,47177920.20792079,
20675044,aot,46533881.41818182,gas-used mismatch for 0xb2ebd9cda578e5b0603cbabd52bdac53d4a897e18b583e9aaeef56446d97edf8: expected 363211 found 201309
20673018,aot,22979874.843601897,
20675058,aot,48620725.99029126,
20671972,aot,37927366.366412215,
20670707,aot,38975007.35714286,gas-used mismatch for 0x326af39ea8085e05160bcbcddd33f509e995137eba7a0fa2f4722ff03c35ea1b: expected 380184 found 95880
20671228,aot,34704775.70921986,gas-used mismatch for 0x7b4ab45dd744c774cfe439a6d703ee0e16425a82f8961beec6bde8b23554c098: expected 277745 found 153935
20674233,aot,43741088.15740741,gas-used mismatch for 0xed9d926f6c26ec4437f2d3033dec6a91f307189e956c29789122e3ace892875a: expected 843212 found 338416
20672935,aot,10681652.705263158,
20675055,aot,36029038.323529415,
20671177,aot,46448119.75925926,
20670611,aot,58680967.058823526,gas-used mismatch for 0x50ab9c1b3799d809f92c25da149dce6a0093e6c239358bc6bea3349fcec8cbdf: expected 728971 found 469464
20672907,aot,26995616.643979058,gas-used mismatch for 0x04d6c46de473a964aca5262a942224b5d90d319483e9fdeed7e093eb3782f518: expected 191472 found 81738
20675077,aot,34958150.125874124,gas-used mismatch for 0xc67d357ba7d75690ac66f79718ede74bd9a095f06af707b9ff31245f22f61561: expected 295477 found 285623
20675359,aot,71430260.40845071,gas-used mismatch for 0x9f8b5a66b4923413496b6d7d858c88b229baf9d353fcd8fdfc8246ed8c654945: expected 505763 found 297110
20670307,aot,6124840.674197384,
20675336,aot,13741475.282666666,
20673120,aot,37756736.573426574,
20675312,aot,37555984.080882356,gas-used mismatch for 0x488d46c3227e083aab22fe0a4361a4a30b4a3054eee64f0e51d4f1be26f674c8: expected 697589 found 684978
20674153,aot,32685499.913294796,
20675111,aot,32397899.397058822,
20672874,aot,35939360.682119206,
20673030,aot,30074839.55625,
20675270,aot,28517002.016666666,
20674775,aot,38184273.666666664,gas-used mismatch for 0x15b5b0875c4d4e9c56c7ee04e018998327f064e88e15e940836e2733267ccae8: expected 463971 found 356714
20674884,aot,30514195.932515338,gas-used mismatch for 0x22da92919199cc458c56efb0915cb03d16d412ac96a647cb5d3a6d85cea8323c: expected 1076913 found 713905
20674857,aot,38817725.86466166,
20670417,aot,34050140.95945946,
20671196,aot,41427724.78571428,gas-used mismatch for 0xbf33271aa48c2cee87bed659a21e060b2c87760dbcb359d3b1a8c78b4da7970b: expected 810406 found 786662
20674393,aot,36676949.04444444,
20675164,aot,36916733.089655176,
20670532,aot,46433447.594339624,
20671216,aot,30949772.66060606,
20675149,aot,15858936.281733746,
20670369,aot,44345176.99166667,gas-used mismatch for 0xf68ed64d4ea807956dbb2e1a1efe1880c54f4c0cd578a208734b25bb81ff7855: expected 328712 found 95880
20675276,aot,49136204.86666667,gas-used mismatch for 0x19dade30934a47306f08ea457cbaab59f0ce32147e8c6a08fd74d946eba83ce6: expected 253942 found 209771
20670788,aot,61609033.71604938,
20674992,aot,32161276.496732026,
20674994,aot,8586617.642361112,gas-used mismatch for 0x21dc69468919421b92167181bb0361b006f3bb977909c552a97f9a0082a3aec8: expected 394344 found 234152
20670297,aot,36770084.278195485,
20675313,native,52228246.21505377,
20675232,aot,27547863.527777776,
20675345,aot,29300295.56626506,
20674993,aot,36196528.52205882,
20670343,aot,39792027.53968254,
20675064,aot,43086887.0,gas-used mismatch for 0x187a67008b97c8e4daadec8c76252b43812a384c3d8126e8f52278033dfd4526: expected 471150 found 292243
20675045,aot,27115791.87341772,
20674236,native,35161849.90410959,
20671943,aot,36620767.721804515,
20675233,aot,36643825.37037037,
20674365,aot,51811805.59405941,
20670708,aot,40593775.86111111,gas-used mismatch for 0xfe63344e37243ebc0a37583a9a42a527ce426ac8a81e92e81e81719a94179097: expected 419348 found 377130
20675059,aot,33526750.202797204,
20671973,aot,38455497.50793651,gas-used mismatch for 0x0156d3a729b28a289b279dba23c0aeb7f49191a259ba324645d94e5fe8476702: expected 654890 found 667206
20671229,aot,55401417.52272727,gas-used mismatch for 0xc504a458fbe76b6dd811060b4537ec6a89f83fcef2bbb6c3bec3451dae38029e: expected 1035833 found 948054
20674234,aot,51371042.82105263,gas-used mismatch for 0xcf2b7614e9df690f3a0f7544885d66047f18fb77e1164cbd84e41b876d49429b: expected 282545 found 153935
20672936,aot,28978441.475903615,
20670612,aot,26870841.46590909,
20675056,aot,67156187.35,gas-used mismatch for 0x2e2491662774a0987a30a5a0c39ffb116d36659ed050f9a7a9a595991651ccd4: expected 1081479 found 723789
20672908,aot,30076493.435294118,
20675078,aot,28768904.477272727,
20675360,aot,37441063.71538462,
20671178,aot,81813814.5,
20674154,aot,54037148.166666664,gas-used mismatch for 0x5f1854175c31c932f78b4d47c65281160eb6d22fc6dc3754a558d36a8673b31c: expected 462082 found 429578
20673121,aot,100703764.0,gas-used mismatch for 0x663b5debdd8fedd06940388ddfa04bc0249b0c1446d13acc0f1d020e3a087825: expected 392298 found 315282
20670308,aot,76695294.93846154,
20675337,aot,73309951.91428572,gas-used mismatch for 0x411029edfde3163423dbb83b2453bfd7e14518af78599b4320ca4a94d361d01f: expected 298859 found 255628
20675313,aot,51805948.44,
20672875,aot,35596658.834586464,
20675112,aot,26344898.656565655,gas-used mismatch for 0x7abded13064489760f1d084cb0ed3de8052f546464915fa0b61897f610730684: expected 370376 found 175222
20671197,aot,38720548.46296296,
20675271,aot,63645572.820512824,gas-used mismatch for 0x1eebeda76f534345de23e0af7daec80ede369498d55106acc741c65a8c11d042: expected 1966814 found 1969835
20674858,aot,29473837.94578313,
20674885,aot,34956743.685314685,gas-used mismatch for 0x3092890aa42fc823f58990d54a994de667413f1b2956b5c3c0ea7f01bd34b277: expected 366079 found 306410
20674776,aot,16496413.63125,
20670828,aot,41982053.8,
20670418,aot,64536378.9875,
20674394,aot,52922021.010416664,gas-used mismatch for 0x2abd031630aa23af339bf5bd527aae31545078277d1ef116c63703cb59c42cc0: expected 463528 found 431024
20675150,aot,30718768.397515528,gas-used mismatch for 0xac30992f8689836b1969996281b72c24b16eeeae310a6d6f5223e40ca85f6456: expected 277733 found 153923
20671217,aot,49817137.291262135,gas-used mismatch for 0xb537dd8196947e8e844cb144869ffddfef1565d7b7d5574e30bee6c98226bc75: expected 572253 found 464649
20670370,aot,56747798.11363637,gas-used mismatch for 0x210bd58a71f7e616f808bb43d35dda41b4d8ba6de69448351b21fc59bc3d21f6: expected 295929 found 205802
20675165,aot,46727287.991304345,
20675277,aot,15763586.198113207,
20670533,aot,54729060.05263158,
20670382,aot,47302816.428571425,gas-used mismatch for 0x62de1c264b8759dc54ed9738add7c53b6d8842d1ed7c316904a53f281e72c98c: expected 305922 found 231566
20670789,aot,33864905.09271523,
20670298,aot,5081392.539858729,
20675346,aot,38502747.12698413,gas-used mismatch for 0xd9e48c8cdf501121960ed1156bad7c1591ad9a3c8380f72e016543a899f228b1: expected 260135 found 33685
20675316,aot,19707494.64940239,
20674237,native,44808588.05681818,
20675314,native,33627827.450980395,
20674995,aot,71015489.68,gas-used mismatch for 0x6e7b276e8f58b1d86ed0d9477db407fbd46b2f6d9f85723c6fe21a53a78554d6: expected 317901 found 338549
20670376,aot,57748633.615384616,
20670344,aot,39643120.900763355,
20675065,aot,62729634.115384616,gas-used mismatch for 0xd3fc881de24839768b300ad641635eb22cf78d489931711e0e3ae41f228344b8: expected 277873 found 194156
20672878,aot,38425023.35338346,
20675348,aot,59990401.04651163,
20674366,aot,50768107.358490564,gas-used mismatch for 0xf0e13d46abffec7a46b44bf37f53bc9c31089dc72bd8c4f149b090fc89036c6f: expected 3217333 found 2204355
20671944,aot,56733910.49504951,
20670709,aot,41981108.083333336,
20675060,aot,47752370.81415929,gas-used mismatch for 0xad7d39ba9da31e2c9d9cc9ced20b5c094b3e7f0be6fda15f8ff1cd1667800db3: expected 298268 found 208885
20671230,aot,24995226.576190475,gas-used mismatch for 0xf4f417c2af9eff2e79fec76a0872f320a3855683b6f612209fb33d9e80e03f47: expected 1689203 found 887826
20675278,aot,45632143.12037037,gas-used mismatch for 0x6db09a8f7c5f5002f5fdd4de1d79d53b6ff2eceb5ed618f4292fb5af97236da9: expected 1246335 found 615008
20674235,aot,49118588.99047619,
20670613,aot,37258563.544117644,
20671974,aot,70557921.75294118,
20675081,aot,41086128.99152543,
20675361,aot,43903594.652173914,
20672909,aot,41009606.46825397,
20670546,aot,43833007.63333333,
20675079,aot,42152893.43333333,
20670309,aot,42667539.831858404,gas-used mismatch for 0x96c31e095b713ceab8988bf339bf7dbb81e5099f53fa0a997f6674b31e22bf75: expected 378762 found 259049
20674155,aot,44122650.81896552,gas-used mismatch for 0x164cde554415e6dce5b5ebc04751cb3efb84d9920ff5641fa3184668d57e4cee: expected 474655 found 305580
20672876,aot,55407313.34939759,
20673122,aot,44706616.35454545,
20675338,aot,42517756.026548676,
20675272,aot,2083075.5760822974,
20675314,aot,32774332.42580645,gas-used mismatch for 0x433e26db7bb5443d21664f9e76649753d41b5f761b9b0afeff3b2dcfb300e938: expected 478758 found 189306
20674886,aot,74740806.36507936,gas-used mismatch for 0x8bfd7e8ad178d9826b47403f3ad22494c70801e4808713594568d3acb2f3b862: expected 4078297 found 2198690
20671198,aot,34133231.96551724,
20675113,aot,64446892.48717949,gas-used mismatch for 0x511b33efe015aa99900e9fc1faf4a7720de798635457d493a0cdee65206b69ff: expected 899381 found 194938
20670851,aot,36013109.96376812,gas-used mismatch for 0xc986c22f05f5d767be3a9dc01d250ae2899d2a3a0da3c35d711c5989a0225f5e: expected 209462 found 82074
20674777,aot,58801969.69318182,gas-used mismatch for 0xa44e936440630c792c1d07d4c7225aff2bdf99c3dd4f2366562d27751bbaff12: expected 342150 found 368415
20675151,aot,19712475.81858407,
20670419,aot,38262097.1,
20672884,aot,28785066.039215688,
20671218,aot,47417644.14851485,
20670371,aot,42512312.336283185,gas-used mismatch for 0x75fac4dbe76a2935f0b9f05a514335b1c27674d70940164767eca34a5cd3ab0a: expected 383407 found 186565
20675347,aot,41500773.07692308,gas-used mismatch for 0x49cb6fd590f762eb613ac5ec91a266366313c421e2f9e180824496695b4eceff: expected 196985 found 81646
20670829,aot,74992670.56923077,gas-used mismatch for 0x39ef44d95faaa789b19cebc56bbe27ae11433ecf28023049ddccbc869f4f86c9: expected 264637 found 242635
20674395,aot,53788184.13978495,
20675166,aot,54689618.75824176,gas-used mismatch for 0xae2ec07271aa4d63d534a4d7399fc8c2c726a1f600481ec04bb3b5aae5fbd397: expected 841774 found 401735
20670534,aot,27764012.956756756,
20670383,aot,46529804.675925925,
20670299,aot,77656930.90476191,gas-used mismatch for 0x4da4f7407312dc8f7cf354be1aa7812342298c2d3d399ec8c070cc679dac5bf6: expected 838032 found 338404
20670790,aot,38825213.94736842,
20675317,aot,27267730.451612905,
20674996,aot,13700456.12465374,
20675315,native,52535112.817204304,
20674238,native,58943438.488372095,
20670377,aot,49739127.62,
20670345,aot,28635322.96,gas-used mismatch for 0x1b5d64df10d0be2a1a1a669a77b3aa458d590c59fe780f7df4e37723cd5e0235: expected 337659 found 269818
20675066,aot,27285234.839779004,
20672879,aot,35720883.70629371,
20670710,aot,31151131.37254902,
20674367,aot,40771884.83471075,
20671945,aot,35369510.82978723,gas-used mismatch for 0x21874a7de1510685f1b4e549d2a19500b20ec1d540c39b7dc5459c227557e735: expected 632356 found 610339
20675349,aot,33741569.27878788,gas-used mismatch for 0xdde8c3f84bbddde675379f9f4f0a63ec1806695af8b44881474f02271a311f21: expected 387354 found 95892
20671231,aot,31965167.695945945,
20675061,aot,28278883.516853932,gas-used mismatch for 0x5e13a17e86372eb09ce345aff8a8898a916880215aced386a9c68be7ba9e8b04: expected 1259376 found 1199444
20675279,aot,58832890.38271605,
20674236,aot,32167604.589743588,gas-used mismatch for 0xe4aac12232d8bd55ac1287fc0f273bbd2e69ed460bd362830d885066b554044d: expected 473536 found 174715
20671975,aot,45559898.53703704,
20670614,aot,49361724.873786405,
20675082,aot,30044776.279761903,gas-used mismatch for 0x036193ac9c68310914f8965f3a0cc18b10c0df45e664e0c8a4f87e00bc7685d6: expected 323570 found 95868
20675362,aot,66346943.184210524,gas-used mismatch for 0x899aee979d71baa2ea075ff009d4813ce111e6c75c967882ba4ef920679dbd04: expected 850921 found 847811
20670547,aot,31890312.680981595,
20675080,aot,45670895.84684685,
20672910,aot,32305732.337349396,
20670310,aot,4943764.358508605,
20673123,aot,38214724.807692304,
20675116,aot,59160982.361445785,gas-used mismatch for 0x24d8249139938536d2dd5ea16c0abf0a8df686c26dbf125615d9b8c3220b8daa: expected 331220 found 94875
20675114,aot,48125486.59139785,
20674887,aot,25668986.685863875,
20671199,aot,41240746.50434782,
20672877,aot,33829965.778481014,
20675315,aot,50797297.06,gas-used mismatch for 0x9cad81b11c143304096879034f2b3a1f0349a0e412c2954329114b8d4bbc4fd8: expected 308330 found 268370
20670852,aot,12860636.8075,gas-used mismatch for 0x8ffac419160fdf1196995d39dd9fc5d878be9459762e71bd4593c4dbd3d4a1f8: expected 673706 found 305615
20675273,aot,75628218.38235295,gas-used mismatch for 0xa1efe658a136af6b38d17d11bd46e132adfc16b5c1c2e9df1eb8fa9b1b838cba: expected 617580 found 71870
20675322,aot,31972498.434285715,gas-used mismatch for 0xc2a7aa88af9c10f3f05eaf393646390d477c119c3a75336ec5b6df3c8d4743b1: expected 793130 found 74119
20674778,aot,39323675.441176474,gas-used mismatch for 0x3c39b450cf3d061e2934af8ea49817cc555bd9c8daefe7efa31c117828a1a3ed: expected 395532 found 189284
20672885,aot,40538037.088,
20675152,aot,84011922.80327868,gas-used mismatch for 0x0a668db19de565ec02651dbabe15e9d20862a6c7b3b15e838448671062c9c436: expected 360127 found 317126
20670420,aot,38668323.2,gas-used mismatch for 0x04c3dfe35943235d59b6d7abb0fb082f9dc25a89a36f8e19a1336a203f564be8: expected 152469 found 135222
20670372,aot,35649268.30821918,
20671219,aot,37658122.52898551,
20674396,aot,31870504.6125,
20675087,aot,56953254.12222222,gas-used mismatch for 0xc2a6b72e18d185d945685411d421998ecf2a6a716cb5c0892d38f3560538c0a3: expected 401023 found 255163
20670830,aot,31055791.157894738,
20675167,aot,27957314.005405404,
20675325,aot,54117973.715789475,gas-used mismatch for 0x8e587b7849e9450695b5fdc9638afacb179f337adb559d5d794e1ef7dd6a6e89: expected 817659 found 337846
20670535,aot,53088091.21904762,
20675318,aot,73699258.1969697,gas-used mismatch for 0x51b3e76b6ab5e5dc771df81b898095558de3cf0fc0bfdae3106ae5561d910461: expected 1700181 found 1736400
20675316,native,20288465.32780083,
20670791,aot,41973374.6446281,
20670384,aot,68127144.76315789,
20674997,aot,21376819.055084746,
20670346,aot,39312684.603174604,gas-used mismatch for 0xe7ff39b16d0628da7d2995a61b03e52efeed9f2cc33d5a5240fcea1c96382135: expected 293480 found 95880
20670378,aot,44156339.26086956,gas-used mismatch for 0x6b50799e92addc67d1dda90be4d7c642dae329424f16dbc613ada7f0e4df5058: expected 593717 found 358480
20674239,native,58115526.7,
20675067,aot,42545817.19834711,
20672880,aot,35073545.85714286,
20675280,aot,27842115.920289855,
20670711,aot,38979805.65079365,
20671946,aot,36993627.618644066,
20674368,aot,33674334.17730497,
20671232,aot,56274265.54651163,gas-used mismatch for 0x0d27a62be7f494b28259162668d0edd8be6a4603cdb722ed8953ddf2192af266: expected 447251 found 95928
20675062,aot,35777218.64705882,
20674237,aot,41915787.96551724,gas-used mismatch for 0x7e6715c1517e06bed9d9d86f2326010c0dcee7b490046f44abe1a27c17b9f365: expected 413099 found 290455
20675350,aot,52064852.72815534,gas-used mismatch for 0xa4e67ebf4b9ed2e90819e2738488bebfd4cce3bb4d39c9aa75fd0045baeea194: expected 395424 found 189306
20670615,aot,39566369.12698413,gas-used mismatch for 0x264cc88d8774310af34a724c3e0fa6f2b192359e981f1991d21bf503b282463f: expected 295226 found 205310
20671976,aot,5102771.393301436,
20670548,aot,20071761.23245614,
20675083,aot,37722495.05263158,gas-used mismatch for 0x7c7049e220503e93f51ea67342b8681b22906ca83ad2ddabef3cc4703c48b1b3: expected 795976 found 824374
20672911,aot,24471468.645320196,
20675363,aot,34070516.916666664,
20673124,aot,28391859.566473987,gas-used mismatch for 0x7a9e0e2d7e01e86a45549d258e865f85311f7b8a74387eb0c23d89ab8b30f5d8: expected 257838 found 238196
20675115,aot,19016178.25490196,
20675117,aot,41431358.39669421,gas-used mismatch for 0x8c5fe837b808c1a5eef8a6558865d7e05015958b3e0a86703b4d2db5e99d05c1: expected 1324501 found 930741
20674888,aot,38801593.62307692,
20671200,aot,38052441.64661654,
20675090,aot,53926228.12903226,gas-used mismatch for 0x6e4273516c1c2f11686fccafd59d5211a3490b13faeeaf7ceb7f2c3d66bd5478: expected 143372 found 84568
20675274,aot,27343356.683333334,
20672912,aot,61497860.425,
20670311,aot,80563365.51666667,
20675323,aot,47305228.893203884,gas-used mismatch for 0x7c5f6f13d516056e6065e0e37efaef7f788824f9421e66e737d086be2b0646f4: expected 1468995 found 844188
20675068,aot,49536737.31404959,gas-used mismatch for 0x2d2c78635c64f068f76dc7bcf4a65588d35c204ef0696aceec5dfbf7819feda1: expected 398233 found 344799
20670853,aot,51756726.21428572,
20672886,aot,62558111.307692304,gas-used mismatch for 0x6eae4f4b1ee7ba3558ea6fada9365d03ecc8f243a83678cbdae762a9a0b4de2a: expected 284416 found 222660
20674779,aot,54364266.12903226,gas-used mismatch for 0x5e142a4f88a07f9606b2d75ad9b6c8b2461b595dec574848138c5891a914c22e: expected 394228 found 189306
20675153,aot,30107526.315151516,
20670421,aot,26483866.257894736,
20670373,aot,11911597.46875,gas-used mismatch for 0x1d9dee9fd3af50c9cb8ef778b0ad840cc616e6759f91413726dc5fa116c7aaa9: expected 304255 found 231576
20670831,aot,42005686.225225225,
20671220,aot,41810986.14782609,
20674397,aot,35989567.385714285,gas-used mismatch for 0x3a173ced5639fd99e7170d580241c56d8970b8b3dabaccba796d3851ee6c9b31: expected 269258 found 214801
20675168,aot,33923361.81818182,
20675088,aot,38431586.315789476,gas-used mismatch for 0x9bcf9fba27900725736d32ba805ad61f8ba9883a2ebf5d1af801cd2c3157eb74: expected 253971 found 209795
20670385,aot,21891157.09950249,
20675326,aot,13897725.830555556,
20670536,aot,38156717.375939846,
20675319,aot,35668798.45454545,gas-used mismatch for 0x9a5140395e8d1599493c50bce93c7733d6fab964d97edbfe4357b06001ba7957: expected 180170 found 81786
20670792,aot,35428782.23571429,
20674998,aot,58766573.68604651,gas-used mismatch for 0x148761e583bb1bfdab57bf21214c069077f16a7499d7f69d3544e0488bca8f58: expected 285001 found 196659
20675317,native,29634374.533333335,
20670379,aot,20443864.812749002,
20670347,aot,38633220.7593985,
20674240,native,39359851.0610687,
20670569,aot,41865625.24576271,
20672881,aot,19588419.65185185,
20670804,aot,57009565.63736264,gas-used mismatch for 0x3526e8532edaae177961bacb210b7aa0f16bbc44eafd02d5b9b64f21a184a98a: expected 1859439 found 1053659
20670712,aot,50540628.82857143,gas-used mismatch for 0x520ee0f06df9a1ade5c5d2822502c5eb56855af34c97b56637dc64c8c7a27b26: expected 236292 found 107974
20671947,aot,2336569.199283475,
20671233,aot,32301451.556962024,gas-used mismatch for 0xc7f6930e7237b27ee3570cf33e60272b2b587d8a01068439658e8eecff2b9b9f: expected 2404880 found 1956207
20674369,aot,43248677.05833333,
20675324,aot,36547934.75862069,
20674238,aot,58795867.91111111,gas-used mismatch for 0xfc9e7e3fa1233e31b9a8e7d0963befecbc552b22e6723e1ff050d597e7049d10: expected 310247 found 234714
20674894,aot,51507742.3367347,
20670616,aot,43558121.02479339,
20671977,aot,76342406.9090909,gas-used mismatch for 0xa8591aade664601b5c11fc9ad66e1b5ccabc02c6e4103ee3857ecbd804cb29a2: expected 324376 found 98957
20675084,aot,48358499.01904762,gas-used mismatch for 0x0dbec8e5134f9cd8f7889715fb4cf03ba438f3a5831a42ac626ca9d31614be38: expected 253129 found 238296
20670549,aot,60645130.77647059,
20674900,aot,14920189.476363637,gas-used mismatch for 0x2f9ee05896d25b19c0f5b63cf9c1befb4284cc58b60827419b1f9364610a1a3e: expected 262767 found 33517
20675364,aot,11957153.237875288,
20675092,aot,42649043.346534654,
20674788,aot,53139493.741935484,
20675118,aot,23911743.462962963,
20670839,aot,34095011.42028985,
20675085,aot,24894196.863636363,
20671238,aot,36145849.84558824,gas-used mismatch for 0xf2d39a02448c517b9c232d02bbeb2dcbbb0aceeb28a5768b2d3d3e08fe4e38ce: expected 646324 found 571257
20674889,aot,39703133.8,gas-used mismatch for 0xd0f76dc0545b6c83eb6ca1527b2c512e22c19571a541bc1e820039a34fb56154: expected 395544 found 189306
20675091,aot,38193995.69924812,
20675175,aot,64449291.23076923,gas-used mismatch for 0xc0f06d927a4050b73044527120990d06c1935f504d2f8ca05aadb20073b790f9: expected 413164 found 362582
20671201,aot,31181431.98181818,
20674780,aot,28698485.012820512,gas-used mismatch for 0x7dfba3d9ed65cdbaab8e7f017fddd51a57ef5b7eb007853b6739e11296fe03de: expected 437413 found 468740
20671202,aot,61543648.71764706,gas-used mismatch for 0xd222ca55b8b98cac8f31f30879543169fc31e28721996f448761b2ba4f785190: expected 277745 found 153935
20670854,aot,52531077.697916664,gas-used mismatch for 0x1f3330ef8763646003d5ac0108cc1f63a4df675da7bfef538f07911527b0e01f: expected 420226 found 96926
20672887,aot,44639444.320754714,
20671221,aot,37395439.75454546,gas-used mismatch for 0xfee8319b7ccc8b51029f4ee67d14fddbf5cf90a9e21186220cfdcf3a12ab2202: expected 379096 found 95880
20675154,aot,34474083.71631206,gas-used mismatch for 0xa0920385b58fe3038bbf9674362905f12dbd09f52b36e52f3b65adc52b1dff89: expected 331220 found 94875
20670422,aot,30232607.45625,
20675169,aot,24082369.60098522,gas-used mismatch for 0x9cc1d031a1cfaad9563ec8344efd35ddd15085e55e7febd95fc78ae203fd94b5: expected 930243 found 686066
20675089,aot,28879742.41764706,gas-used mismatch for 0xd206b78c1afb9a1aea2182bf831adf3ac62b3e9d8fcbc80dca4d93a5744f5356: expected 92182 found 70518
20670832,aot,55736286.8,
20675327,aot,75086539.9137931,gas-used mismatch for 0x7e97bba8e1d1538b19ee1d66b887cb12df8b9186d2e47e0cf034d4715375452d: expected 2469158 found 2540757
20670374,aot,67997129.84285714,
20674398,aot,45249505.627272725,gas-used mismatch for 0x699260b5c8f3fb996a3861e256c87a5c351a9d079ad3e371078b00317267b765: expected 317531 found 95916
20670386,aot,57553808.625,gas-used mismatch for 0x153fc3b94f41d708d3c59144e80fe71c64934c8fdaf3df911cfbf5411799ccbe: expected 1558025 found 1512807
20670537,aot,48713064.93406593,
20675320,aot,47430744.85,
20670793,aot,35184717.23913044,
20674999,aot,19170031.890243903,gas-used mismatch for 0x290796ccfa5dcf3ccabe84ce831f775a5a4300b0d4a8423debbebdbe06833ba2: expected 217057 found 82074
20675318,native,77018503.96923077,
20670348,aot,11323239.515981736,
20674241,native,29273389.58433735,
20670380,aot,62244853.8875,
20670570,aot,52551074.02150538,
20672882,aot,65203574.02666666,gas-used mismatch for 0xe20d8368bb7f3a9dd1992af41a373817a72f1d0123d2f2402f87d897cf91a556: expected 149655 found 75270
20670805,aot,46782551.33,gas-used mismatch for 0x5ec693b772479ba2cf6e14cb39af2dfdca0ed877427f58f0bdce3a9084238a7f: expected 673706 found 305615
20671948,aot,71223754.70588236,gas-used mismatch for 0x012f9cf072c9c131406d2a07c1ced35b006d11e1576756fd31974e982ea89297: expected 436122 found 435093
20670713,aot,43705745.698275864,
20671234,aot,17808121.95289855,
20674239,aot,54134877.593406595,gas-used mismatch for 0xfed2ba2e34e90059431e543e3867253f4df6986539871805e8efee28f6d4a702: expected 414660 found 95928
20675181,aot,47020893.481818184,
20674370,aot,31280694.232954547,gas-used mismatch for 0xc6c60f3e53bf2e12741dd2610bd9691ba9968d2f0b0341bb328e85f3a7a1a188: expected 463046 found 430542
20674895,aot,53511557.14,gas-used mismatch for 0xc88849522f4e5aa51ee1b7da6751aa3f18b37c63894f0d92c35409108d39a372: expected 469629 found 387872
20671978,aot,39186367.961538464,gas-used mismatch for 0x0985bd1fdf7efbb2e2038ab54af70afb2ff45d62b928006b297517ca7bc6c388: expected 621103 found 189175
20672883,aot,72804748.3,gas-used mismatch for 0xe02e5d41d257e70ea52a8e1a68a7baa76115af6e519b1c6435f17b0fe36cae0a: expected 280014 found 200190
20670617,aot,42663972.92682927,gas-used mismatch for 0x1737c8de69710d399208a3750a9b9cf3de1dc491b27a5ed08723c4f061da7660: expected 196985 found 81646
20675365,aot,48844061.53465346,
20674901,aot,46913750.166666664,
20670550,aot,40052023.50769231,
20670734,aot,28476009.64516129,
20674789,aot,46380468.63716814,
20675176,aot,15787783.11764706,
20674890,aot,11561373.564732144,
20671239,aot,42130221.6097561,
20675119,aot,62295382.51136363,gas-used mismatch for 0x4dcf6c39caa4d09a4ec930c2580b72793087dbebea18d8771adde7c005123195: expected 390170 found 95868
20675086,aot,52169963.5631068,gas-used mismatch for 0xc3910d3126eeb5f520016ac0c15cfd96ec0b21f9f4f84aa4e1c422bf4200407a: expected 366019 found 306350
20670840,aot,40810450.075187966,
20670640,aot,46102411.069565214,
20675134,aot,45222250.423423424,gas-used mismatch for 0x27cd34cc270589cc80cf67c27a2e4f347ab5925bf49b6ec5d367a0ac8d59c8f6: expected 175497 found 131441
20674781,aot,40180110.71755725,gas-used mismatch for 0x60422101f1e28e6d28efd05f6277f8a47d6d0fec7f1c17f00fb57d2389464113: expected 242402 found 132856
20670387,aot,57823010.52380952,gas-used mismatch for 0x1788b2a59d8c4095d1bd60f30f498757815d912feac673e821c0a6db9982c84f: expected 299192 found 208906
20675128,aot,79366251.5,gas-used mismatch for 0xd77989b4fcef88ecee128e1b17b0c985637a4767f333f76c29ef5ef2a59c1216: expected 842102 found 558385
20670855,aot,56881368.85555556,
20675155,aot,51237285.237623766,gas-used mismatch for 0xa3601759611e19303cdf0765a34133e8855b0d4eff1aa9074a021a7509c95011: expected 318657 found 241808
20672888,aot,42701541.8,gas-used mismatch for 0x0cdd05ecbacb86a34865ff196a573d4483de3351f5af07d4b03ec5e3a0496939: expected 266939 found 219649
20670423,aot,47145677.4,gas-used mismatch for 0x4bb7b827cb95af4074caebfe42082d2c3cce0a13144fe9e37e7c0ce7a59032fa: expected 252060 found 206950
20671222,aot,29184212.771276597,
20675170,aot,46683980.17117117,gas-used mismatch for 0x7090a90e778b07a8b0dc43c7d1ac9c060fa2f8dfd489e92ece828985f749f7d9: expected 685422 found 662788
20670833,aot,25325042.076530613,gas-used mismatch for 0x3c9ad156e1ba672cbc860296ebd60dfefe74073e3485c0dde6b0ee180aba3a0d: expected 838032 found 338404
20674413,aot,41150082.91869919,gas-used mismatch for 0x9275370840181189bf5318a298986c254ac988e2904d279d4f939806a02a5f82: expected 209352 found 82074
20670375,aot,63014473.2125,gas-used mismatch for 0xe87bb283897f9bae5ee00cfabf73487ea323c9cd620f87bfb900c4d4224ef776: expected 1443429 found 1414313
20671950,aot,46675171.10909091,gas-used mismatch for 0x6f23656a9a39cfb1ed90c852b08bda3772bc6ba7972a1f06ea1d6f4435329215: expected 379415 found 95868
20674399,aot,33875162.974358976,gas-used mismatch for 0x0f4572d4767fd8a3b9206edca8850c0620121ed87325c534dbef0090c102b589: expected 432362 found 376880
20670538,aot,39849924.04580153,
20675321,aot,49896378.34,gas-used mismatch for 0x9fe01f03d6e61d04ef28839bfaa89d52cf03722ec4e447490d75021cbd9e0bd5: expected 430911 found 96926
20670794,aot,43749441.41739131,
20670757,aot,45873983.881355934,
20675319,native,38162495.40601504,
20674242,native,37074684.618320614,
20670381,aot,53870243.822222225,gas-used mismatch for 0xaa7040318b7f3b0614d42291ecd51d4d10d2bd3d4c1e1b6eb15c058361ddb768: expected 268262 found 199162
20670349,aot,57385302.91208791,
20670571,aot,54217183.744444445,
20670769,aot,54496518.76136363,
20671949,aot,31737981.65714286,
20670806,aot,43730382.03703704,
20671235,aot,68080622.81690142,gas-used mismatch for 0xdc16db1a9d17ee7c9cd05e90d8b8b65c32c40ef411b9a55cef66b788a71a3b65: expected 1375233 found 858236
20675182,aot,26702838.61875,
20670714,aot,40767034.5952381,
20674240,aot,36180361.74074074,gas-used mismatch for 0xfe8d41fc7a28068c7fcc0afeac26bc2ec1d135ddbb689a7040f97a27613ebe7e: expected 1253492 found 557287
20674371,aot,26901417.736842107,
20674896,aot,24704784.014634147,
20670618,aot,33699212.55862069,
20671979,aot,45875993.15740741,gas-used mismatch for 0xe7c871a8f34b663ac5e0a3b2900d9b85ed9d371338720c31b2d33dbd5a88760f: expected 577704 found 184950
20675366,aot,83750742.41176471,gas-used mismatch for 0xa3e589c69ca3acbe720a6a6f9bf0e9e4f68e2524aa45f3d7843e16bed88317f9: expected 753751 found 739243
20670745,aot,26498531.642487045,gas-used mismatch for 0x664569efa85cc9ffc74af8bd2a87233c86d5d152c7aeda6032d658914afb7778: expected 279941 found 241090
20670551,aot,39320896.46551724,gas-used mismatch for 0x14cb8f05881c21516ab1cffab5012489e5b2082cf011c63fd1ac024b81590481: expected 196320 found 81750
20670735,aot,45258367.56363636,gas-used mismatch for 0xc196c53962ca8fb5e2b06ad75556b8e640a31c9748bbebde0fcc87de214aacde: expected 282545 found 153935
20674902,aot,65588727.7654321,gas-used mismatch for 0x20e48b04c467714af123703154fbb6269af90fffc664de9a87fd3e28b006a5db: expected 262767 found 33517
20670641,aot,35279510.25954199,gas-used mismatch for 0x478ff74c858e308f34fad11a8dbf545cf4f43fda1a72e987e2b2ef5941de9891: expected 419336 found 377118
20674790,aot,67622280.2,
20674891,aot,62962120.381578945,
20671240,aot,42453182.46902655,
20675177,aot,63400158.98717949,gas-used mismatch for 0x9722fe81152d5e244c7ec3ba6f3a6dcebb072a4bdd882f0cfa02cadcbee2f149: expected 331220 found 94875
20675120,aot,11852467.368171021,
20675135,aot,33148941.061643835,
20675122,aot,60381556.61445783,gas-used mismatch for 0x674f0054f61cbaa6a84c003df32c8100a573682ab6f29cda7f33fcc025b7593f: expected 612095 found 395895
20670841,aot,80646409.53333333,
20674782,aot,45000025.32743363,
20670388,aot,32872793.426666666,
20675129,aot,34460715.88356164,gas-used mismatch for 0xb14dd241d3f0e05b35f4eec939a6bc79c56c405e12de46899c59c04f3177fd41: expected 331220 found 94875
20670856,aot,15172392.479750779,
20675156,aot,36440069.466165416,
20671223,aot,35169829.4117647,gas-used mismatch for 0x143c87307aca2b656aced7ef774a53eda950c36849349b4db79edb20cd34be0b: expected 189878 found 81750
20671951,aot,28791356.450331125,
20670424,aot,46780603.342857145,
20670834,aot,53045693.21176471,
20674414,aot,14718466.73101266,
20675171,aot,46440419.504761904,gas-used mismatch for 0x4e35e0673d18aad160849c50b73608f4677a935ac300f76fa74ff7a91d4c3ac8: expected 253966 found 209795
20672889,aot,47458165.477876104,gas-used mismatch for 0x884800240802732459b15124335f7a74a985f300f8cb5c7234511a96f28596e6: expected 292677 found 226920
20674400,aot,45294426.10377359,gas-used mismatch for 0x72954345d3d3275df0d2a0a772f6f5b648c3fe194e73408a63e5be7e6559b135: expected 392680 found 216355
20670540,aot,31315266.505882353,
20670795,aot,34534444.12413793,
20670739,aot,50325906.89795918,
20670539,aot,54249441.11578947,gas-used mismatch for 0x2acf5a04bff8e27433716384755cf299052c5e13e6e13c495cf2c0a36b7f3fad: expected 583120 found 540533
20670758,aot,21970976.902654868,
20675320,native,49199031.942857146,
20670350,aot,59833154.0,
20671236,aot,41116080.52845529,gas-used mismatch for 0x99d3aacb8a5a2e081b0fb58a85be19f762c97944f43fae326775a05bd04f3d10: expected 416458 found 166628
20670572,aot,43181749.627272725,
20674243,native,51746625.00970874,
20670770,aot,43820519.867256634,
20670453,aot,47080107.89814815,
20670807,aot,32304644.07878788,
20670715,aot,40199072.928,gas-used mismatch for 0x7f6bb86aa3d97dd48fa92dc0190ba7c6f50769fea26b7f69fee62f2f300c4e01: expected 378432 found 323512
20671237,aot,34590335.94520548,gas-used mismatch for 0x341f4517b20fd9fec17cc5e96eb8c6b6d10849bddda8bf5cdb49e3ede3ca986b: expected 282545 found 153935
20675183,aot,50733803.38613861,gas-used mismatch for 0x9c0a2d9fad701833f155552061afc4d0f2277a9e72b48be954d9de3242401c6c: expected 311557 found 234702
20674241,aot,28083997.972222224,
20674372,aot,72235909.62666667,gas-used mismatch for 0x82f49af83c177527a42211d6d085118908a7586b23b695ddac711dc65440a778: expected 690088 found 580622
20674897,aot,42731151.862068966,
20670746,aot,30854770.55214724,gas-used mismatch for 0x496a0e46a6b0ee26252032809d144ca40dd6380ffbc14f3ccec8839a2bb82f6c: expected 557290 found 172994
20671980,aot,37697816.816176474,
20670552,aot,46544258.43809524,gas-used mismatch for 0x68c80859cbf5676ea6b7efd65a965cea36d47dd543017cee6b9ab1a050e468fc: expected 594863 found 391218
20675367,aot,50124876.84761905,gas-used mismatch for 0x4cd1c2f4925700cc36ae8b12ecb353a0e6107cc2a8182d31ba493e741e176085: expected 1735962 found 1733488
20670619,aot,31356962.747058824,
20670736,aot,38101964.02307692,
20674903,aot,34775732.17021277,
20675136,aot,50593550.87368421,gas-used mismatch for 0x337fcc969bf5c0ca7bf8426f27288ad78b6aa4cc3b9fcb898e6a84c396b0c3ca: expected 277721 found 153911
20675178,aot,28489916.056818184,gas-used mismatch for 0x6dfdb3ac12c42272ec6f2058765e48e0e995bf84e5610bc306753276da57b87b: expected 1379990 found 773993
20675123,aot,24807111.85082873,gas-used mismatch for 0x4d08c5b88eb5b66f08606fa0dece3941b9da81e5701079117c7c7f1876db9bd8: expected 627967 found 287080
20674783,aot,27351891.05357143,gas-used mismatch for 0xd022e60283432d7c79275c1b124759e159dbc73f221dcbd6e06ad2abc9295577: expected 345004 found 95880
20670389,aot,39692196.211864404,
20671241,aot,42902633.06306306,
20674893,aot,20761701.97596154,gas-used mismatch for 0xfebf5b30de59c82aae15f658c59f453996eff265783b336fee846fdc74671a84: expected 199261 found 81750
20670842,aot,9488678.461538462,gas-used mismatch for 0xaf457559ed19fcf5805f081fdc26ec7991f9105408ed023d98faaa540a54a8ba: expected 200855 found 81738
20670642,aot,27883480.417142857,
20674791,aot,23411606.061611373,
20675121,aot,48969532.76699029,
20675157,aot,41796588.07438017,
20675130,aot,28327052.904494382,
20671224,aot,46231697.27184466,gas-used mismatch for 0x946971c420d703cd8b506899490dbce1fc5ea97ad1b075d5b5f8fe5c8af703c6: expected 360127 found 317126
20674892,aot,39750251.0078125,
20670857,aot,24024675.824074075,
20675172,aot,27492038.58381503,gas-used mismatch for 0x98c0e2c25b8713554321cff0a058e399c9d7a05a1d0dc8e06906a98942312ab7: expected 5823164 found 37833
20670835,aot,19665943.657258064,
20670425,aot,33602000.8445946,
20671952,aot,36205030.38518518,
20674415,aot,48522792.79611651,
20674401,aot,43000583.62931035,
20670541,aot,52261063.45918367,
20670796,aot,44542004.4954955,gas-used mismatch for 0xd2332fcbc86880e9fa7017370afe9408918f72380b810b75cd721b8054c0b4dd: expected 1202650 found 1174585
20670740,aot,47944766.73584906,
20675173,aot,38172950.84210526,
20670759,aot,38699181.96875,gas-used mismatch for 0x5de9b681783d016feced84e12c03f673ae0a549c949b1984cc74394e39052a6c: expected 343125 found 95880
20670836,aot,56536079.276315786,gas-used mismatch for 0xe9c50db23b8da2e22bcdbcabf13dae492a967bc338b1d03402b148fa38f77336: expected 441794 found 98969
20670351,aot,47404226.310679615,
20670573,aot,23016648.054298643,gas-used mismatch for 0x39eb9afb981cbd6dfd33823bfb969cc80f5be1cafbcfa17dc6983922768633a9: expected 313171 found 238672
20675321,native,53020432.052083336,
20674244,native,46591419.981132075,
20670771,aot,33984923.71794872,gas-used mismatch for 0xa26e2fe57fcafaeaa4799f2a445e1c001f175b4b55a5bfad3d20784f2659068a: expected 414526 found 377154
20670808,aot,46630560.61386139,gas-used mismatch for 0x9c35089fd0826845e6ac19ad7c955d44368c7309018d27ed9232b316bdd5b5e2: expected 1287547 found 481659
20675131,aot,48047431.18367347,gas-used mismatch for 0x950cfaf434a6281acebc49da034f8222e4bed8ce7dbcb37f1473cdefde55b3c1: expected 1059329 found 997343
20670454,aot,37281951.85333333,
20670716,aot,39433738.7578125,
20675184,aot,26578580.22513089,gas-used mismatch for 0xe4c1ef30b8d54378d3dbfd389869c15e8e00a7b57f1fd022fd57774cb9d5ad8c: expected 364500 found 321994
20674242,aot,35313635.729323305,gas-used mismatch for 0x9fb103c7d5d8019883f08c1969a878c162116a647e84cf698142d3904ab0c69a: expected 364274 found 91690
20674898,aot,26113891.792746115,
20674373,aot,34802069.17307692,
20671981,aot,22723380.416289594,
20670747,aot,44763014.069565214,
20670553,aot,41288251.528,
20670620,aot,36721437.36363637,
20675368,aot,48780216.87962963,gas-used mismatch for 0xc8fdd47e691c1d26fb18b232c824b62e28a5a3e7280adf610dcb258a27e44a29: expected 394118 found 189296
20670737,aot,60747161.894117646,gas-used mismatch for 0x3cd6b5927ec121e21570d76d7eb216bd3daa272ce64fd78ddacdc320f8647c67: expected 382016 found 297209
20675179,aot,45695389.699115045,gas-used mismatch for 0x0153074b7223d5d3325a08704277e8da323fe9388cc70d9e799d1a74673b5d4f: expected 717102 found 532436
20670843,aot,26201717.76966292,
20670837,aot,19315888.216101695,gas-used mismatch for 0xa168fd11b369af8ef6020022cca6883e28db30364bc49c5d90173ddfa531ea4c: expected 999797 found 1150141
20675124,aot,47441792.154545456,
20675137,aot,27400603.28,
20670643,aot,12869866.452685421,
20670390,aot,50508151.8,
20671225,aot,33184993.147435896,gas-used mismatch for 0xc01cfefcf4592f608513c343f83ac5da75b17ffa51ecadbd6d4a59d836915b78: expected 550506 found 350231
20671242,aot,30275178.92982456,
20674792,aot,34166043.67320261,gas-used mismatch for 0xa92a76d0b90fed59ed4a6c2295f174524e798b96809dbb84fed3232e6922d9c3: expected 388293 found 362713
20675158,aot,32551458.411392406,gas-used mismatch for 0xa0438af104f241dcc5fe38e093705c4d501c376f9c8cb7b874bc7813918ab7a3: expected 282521 found 153911
20670581,aot,10469862.685148515,gas-used mismatch for 0x79d16506ae973fd5aec6f0ae62cdab57b9c665d636dab52edd200954669677df: expected 313183 found 238684
20670543,aot,33456745.419354837,gas-used mismatch for 0xd5fd6d727fc243431adb69fcb833adb3d41dfb9d4e861097d6294397262131eb: expected 306482 found 95880
20670394,aot,69829768.3150685,gas-used mismatch for 0x980e887086f0824b64784cf6b8a5b71d69a206877e732ee2125d65034da659f6: expected 354894 found 203936
20674378,aot,31217571.668711655,
20674899,aot,56046850.06666667,gas-used mismatch for 0xc05fe8fbdcb4bf1b5a9e601769056a06cc2b9b42ed7b6d6707b2a3d21d537108: expected 699548 found 583947
20674784,aot,46571904.88617886,
20674904,aot,95691360.22058824,gas-used mismatch for 0x5023b19a8a68e41458875ef81b28a6bba2a2b3fe015f4e0170632fd4343816f0: expected 277733 found 153923
20674402,aot,36631402.17073171,
20670400,aot,64487769.3375,
20670858,aot,65454746.175,
20674416,aot,9448964.357798165,
20670797,aot,57050938.06666667,gas-used mismatch for 0x767873a74fb33c1a8e54189f3afb54e129dfd975a1c20bc01d22c2110a94ec44: expected 673706 found 305615
20670426,aot,61880083.95698924,
20670542,aot,43160922.04347826,
20675174,aot,21669102.27149321,
20670760,aot,46187239.66037736,
20670741,aot,52241045.260416664,
20670352,aot,34585847.74814815,
20670816,aot,51708368.65263158,
20675322,native,33066720.804195803,
20670574,aot,42767606.619469024,
20674245,native,28024013.426136363,
20670772,aot,15142486.53968254,
20670809,aot,44484058.5945946,
20675132,aot,37283970.19083969,gas-used mismatch for 0xd773404dde12b567269021a3f112ddecb4a0a2c8246a5d0e0d6a2077fce15139: expected 390046 found 226817
20670455,aot,45249109.61320755,
20670717,aot,29928464.43478261,
20674243,aot,47318990.9,
20675185,aot,59246534.73493976,gas-used mismatch for 0x07f31a7ed62d291f6f362f37af8c2ebc4bb793b17e6dded71552c313d76f0468: expected 158378 found 37949
20670353,aot,16786653.123809524,gas-used mismatch for 0x8125643400cbfc73759f4251fa754fb4802683fa9ede3f371a23b7402c474e28: expected 363619 found 244817
20674374,aot,39008935.49230769,
20671982,aot,45030006.37735849,gas-used mismatch for 0x842115641b4dd7d5f3532c44ca8e11e2f4a7028f883878f9d610271c45a0a71c: expected 144011 found 77452
20670554,aot,24141999.925,
20675369,aot,1667048.2350993378,
20670621,aot,44365702.82882883,
20670738,aot,24777145.07,
20674403,aot,2488210.291725105,
20670748,aot,58860402.469387755,
20675180,aot,40647869.53658537,
20670844,aot,62642028.04938272,gas-used mismatch for 0xbbe3d882ae530781eec0ebaab223c759d78b94b2e48f44283789878f2323bbb6: expected 537829 found 598970
20675125,aot,34158713.94039735,
20670644,aot,63360685.038461536,gas-used mismatch for 0x01bba83aee1eff0a6de6d0071d4a9619143ccca2894b5fb971b5c93c3fd668a1: expected 336537 found 164349
20670391,aot,42687469.144067794,
20675159,aot,31704036.248366013,
20671988,aot,18686833.75091575,
20674793,aot,52755343.74736842,gas-used mismatch for 0x406588bd06bc2bcb6915b62e51db98e04251359b9ecc9e8428f069f43c4c7073: expected 196189 found 81762
20675138,aot,34929179.0794702,
20670838,aot,58902071.322222225,gas-used mismatch for 0x19e4fa73c57fb1b00fe57318ce1fee2a145a997776469e8bf0b7f3dd750f2dfe: expected 269409 found 236864
20670395,aot,60318667.421686746,gas-used mismatch for 0x56208dbce4ba37f158f2b2738077db9845b69cc2517641ace086367f33b4fdcd: expected 1014080 found 728450
20670582,aot,64908539.35526316,gas-used mismatch for 0x7d77a17decb83143b97a2a36e33eefcb9f454b2f78f6f9a62697d92b2e7bdfeb: expected 252774 found 238144
20674785,aot,37492170.16793893,
20674905,aot,24311570.333333332,gas-used mismatch for 0xa2098c14e15a1b81788096112908405d92018396b11450ab7b1e2c51d713528e: expected 518041 found 462260
20674244,aot,43582831.69565217,gas-used mismatch for 0xfeddf4d8592c053c0ab62b18f916d6f588d78b29c0ef292e459162cf29f22f96: expected 402483 found 105079
20674379,aot,47828534.0,gas-used mismatch for 0x2580eaae427dc83b642f4a8f08dc2fa9d9cf6fbe3a279a27b0ad7af214d68086: expected 205691 found 81738
20671243,aot,48981368.836363636,gas-used mismatch for 0xa2d2709e6792733826376d6dad4dc38623d5f0e1b911607f9a37513222059c0d: expected 396228 found 250140
20670544,aot,46666905.222222224,
20670859,aot,25787429.689473685,
20670401,aot,57875934.666666664,gas-used mismatch for 0xbc6f1cabc938bb07714448dc0199f5e7d07103c825a01829357948c87bdf37f9: expected 442223 found 342643
20670798,aot,39594629.421875,gas-used mismatch for 0xf0144889d0824d15ec2ddf6fbd775eca8e75f4aaa8b0ad1fbd59b9885a09af2d: expected 196985 found 81646
20674417,aot,78036391.04918033,gas-used mismatch for 0xe02ade14616483170fa2fc8f2e51c422dce3fa71492a4956b07d1dc382442e76: expected 365604 found 322601
20670427,aot,46980298.25225225,
20674384,aot,35540970.06896552,
20670863,aot,30242805.228070177,
20670742,aot,36702731.28985507,
20670761,aot,52695209.38,
20670817,aot,21882584.14814815,gas-used mismatch for 0xf8cd9fe3ba90e0770a69cccdeafc7d2118ac077027a3a4d2103e3ea4430f3750: expected 168003 found 109841
20670476,aot,30597366.917127073,
20675323,native,51378742.34951457,
20670575,aot,46714684.24778761,
20674246,native,57824759.822222225,
20670773,aot,46336153.362068966,
20670810,aot,26608650.158163264,
20675133,aot,43973445.95,gas-used mismatch for 0x6513701c813063a4dda350683eb2b93be4d0b4f89cbce1fd1476b164b0efa25a: expected 263224 found 196669
20670456,aot,6098505.737149533,
20674800,aot,18179192.865942027,gas-used mismatch for 0x8d244a57b3dd7cdaf247e3d258f6f70ca805b6aff0cb35354558576b93bee17f: expected 335098 found 175180
20670718,aot,50940482.18095238,gas-used mismatch for 0x8be308fa03991eb409b0cac9a9731b2c553b627092291ec31f6b4c0513b04434: expected 452537 found 306751
20675186,aot,27402992.70984456,
20670354,aot,76197636.98484848,
20670622,aot,11961906.593350384,
20671983,aot,50582756.527777776,gas-used mismatch for 0x8e661a7a763a7ab1018423fa6a0923fb723ff9c926071929718117400e606217: expected 308249 found 235758
20675370,aot,66135427.84931507,gas-used mismatch for 0x1f6466daed2d32f679eab0cf3bbb1368501f011f0ebfe18d3f43375f79d60b42: expected 152481 found 135234
20674375,aot,28843199.447761193,
20670555,aot,38800524.71328671,
20675139,aot,36999041.515625,gas-used mismatch for 0x78c638a58953d008f41c840d8cc2c58fa35f2b2dd588d5925ad9fe339782ef0a: expected 333657 found 195884
20671985,aot,4346004.788837209,
20670749,aot,51597571.266666666,
20675126,aot,4497340.716697936,
20670845,aot,52366126.451612905,gas-used mismatch for 0xed167f177b76d2166751c2ea40dd79c2d8bb4fa99ccd68dd60a3f7e262235e51: expected 196985 found 81646
20674404,aot,91891379.9245283,
20674794,aot,54083707.222222224,gas-used mismatch for 0x72c68c5e34d8114d1cf29e1844eeb3761934d150c3a38c5ef93691a2093e7bed: expected 3012453 found 2298315
20671989,aot,33942960.49315068,
20670392,aot,43090846.3826087,
20670645,aot,41394838.97457627,
20670393,aot,41163117.075,gas-used mismatch for 0x8ffaa1524e6aae7680f3a9ed8c6b7f6edc7c02c8b4e83844380c23be233691f9: expected 738000 found 531134
20675160,aot,49612576.32,
20674786,aot,35313412.5,
20670488,aot,48271448.33663366,
20670848,aot,32160992.59602649,
20674380,aot,23101702.597156398,
20670396,aot,39735206.344,
20674245,aot,27912493.42777778,
20670545,aot,28396867.45142857,
20670583,aot,63281909.61728395,
20670860,aot,49393382.52,
20670799,aot,22526835.240909092,gas-used mismatch for 0x67ebc66d4c431779d38a6e73e2c8e1625b0b88ceab1779be76dbe8c888100e82: expected 327668 found 95868
20674418,aot,56672058.03614458,gas-used mismatch for 0x7eccb07eca005c29e7908d05af7023c21a760e7f3b6cd742a78e692665ce34af: expected 426636 found 345563
20671244,aot,55632185.604166664,
20670402,aot,45185043.7079646,
20670428,aot,47193428.038095236,
20674385,aot,32912905.02614379,
20670864,aot,35006051.50684932,gas-used mismatch for 0x73b68887b6a4c4ca18479db27eae65edf23c8a3d92b3041044d23902a39c7351: expected 316640 found 270646
20670743,aot,45783334.42727273,
20670762,aot,34572398.237762235,
20670818,aot,38514549.634920634,gas-used mismatch for 0xaa0be25513f25275a0c7c9b49c06cbc88108377899b518102fa3a2923781f4d0: expected 354888 found 355919
20670477,aot,44753368.38181818,
20670576,aot,37816256.86259542,gas-used mismatch for 0x3ea5949d859020f7ddc1409e49ea540bea92af894867da6086f109adc8f1ea25: expected 201589 found 53990
20675324,native,37512206.205882356,
20674247,native,47009154.657142855,
20670774,aot,56755228.2,
20674801,aot,37751560.65384615,gas-used mismatch for 0xb6b7450df7e5f8500a406edab800c59a6144c7a5ee712d89c329ecdcb680e191: expected 1756681 found 1191981
20670429,aot,25520281.26153846,
20670457,aot,60672875.95180723,
20670719,aot,33833680.8410596,
20670811,aot,69545570.53012048,gas-used mismatch for 0x3f0909ce5cd55e8920ed10a6978092181607f52987ddf3357e04da18423e8491: expected 277745 found 153935
20671247,aot,40430540.44,
20671984,aot,45375763.16842105,gas-used mismatch for 0xd9a30f6451e08b2cb4e4320efb2bfee65ec79603e59559ce417e541d3a441804: expected 375963 found 183257
20670355,aot,37292188.52941176,
20670623,aot,31821610.83125,
20675371,aot,42363330.992,gas-used mismatch for 0xc63a235fcb919ac3f2d422f4eb8ef802b1ade05f1934b31ada853b3a0d51c11c: expected 394106 found 189284
20675127,aot,41073065.168,gas-used mismatch for 0xe0386e9f0b46bb69f4afdc2c048b749e471e5b05da1e5f76ba8ad2d4f0ab6d71: expected 254233 found 194156
20674376,aot,34518869.51612903,gas-used mismatch for 0xb5012651cb4e0252c7c57a687706fd11decaddcc68118cf9f5c2495b24ba58c7: expected 463528 found 431024
20670556,aot,63756621.74074074,
20670722,aot,42372452.97,
20671986,aot,71249188.46575342,gas-used mismatch for 0x6e08c76964250fb60de95a3b47b6d800fe5fdd51b269b55d87ae091b5e7b9718: expected 373473 found 253502
20670750,aot,18041584.149152543,
20670846,aot,32180921.903846152,gas-used mismatch for 0x9cddd1015fea2ef7f9c45cc950aa6f328fc10baba4c45a4c1605b407110be809: expected 906954 found 477709
20670464,aot,57575577.86666667,
20674795,aot,8730608.65771812,
20674405,aot,69810066.44736843,gas-used mismatch for 0x8c0e7e539613df9f6e57df2f02bd33026d5d3feb707b96ec38b850735cbbd742: expected 205131 found 81738
20671990,aot,37347424.27857143,
20670728,aot,21716427.02057613,
20670849,aot,39693618.95867769,
20675161,aot,34334429.431372546,gas-used mismatch for 0x37c54537d3c0629ce2c654c0be3d93632195c15a24a403ce16e697c59335ace2: expected 841090 found 197993
20670646,aot,48673059.68468469,gas-used mismatch for 0xb5a9fe4756a6b7a1e33b086a0328b56083db3537fce5b4c3e84f8e32ebc95eb9: expected 385941 found 423820
20674787,aot,29967987.561797753,
20670489,aot,23997557.031390134,
20674381,aot,34907031.62091503,
20670397,aot,50531700.783018865,
20674246,aot,59509541.494505495,gas-used mismatch for 0x979218ca3015ad60afdd8ecd1453b23912e28a6bdb73ffc58471d99ca1cfd350: expected 389308 found 238827
20670800,aot,33406883.013245035,
20670663,aot,44450921.25833333,
20670861,aot,34417246.51633987,
20670584,aot,42841064.72,
20674419,aot,44229588.66101695,gas-used mismatch for 0x22d19968425ca581afcfeb4f3d97eb32bf71fe1c98ae93ecc354a5d4b50861e7: expected 1706164 found 232882
20670403,aot,47754258.90909091,gas-used mismatch for 0x3bc3edebf0571e3609d29ddc7e4b697d1f6677dcff74f4e95e8a0aaa0c9155ba: expected 2028205 found 1876930
20671245,aot,47417590.71818182,gas-used mismatch for 0xb1b7afd0385ce04e33ac3e76deace0d75481983d0f2d992ccaf8669d2b032a6a: expected 376582 found 316686
20670744,aot,51871707.02150538,gas-used mismatch for 0x62d635b135b03230cb736a37d168b41dbdb3ade13554392a91df591a382157ef: expected 196122 found 81750
20670865,aot,52299361.28125,gas-used mismatch for 0x0cf8b22dc7af56de5fb814ef7710601db848c87e0e6f6ff905e8934b6ace0f34: expected 428867 found 412292
20674386,aot,65742131.320512824,
20670801,aot,50966374.52830189,
20670763,aot,39583814.808,gas-used mismatch for 0xa4d670702fe754a2d2019354fe8790b69f0f83981e299ea54b695d0cafa98143: expected 308330 found 268370
20674248,native,22920291.232323233,
20670819,aot,37785708.794117644,
20670577,aot,38726820.89230769,
20670775,aot,34671975.97058824,
20670478,aot,68886087.625,
20670458,aot,57969636.15384615,gas-used mismatch for 0x3d91defa81b578e336903e0d56333d10d819080f43b406931af27b3ea994a2f4: expected 333386 found 95940
20675325,native,68791946.525,
20670812,aot,13706574.425,
20670430,aot,51231342.305263154,gas-used mismatch for 0x8bddb363454ac0127e2eee1075434195f02fa251106a5d2f4f2bcb7145277d35: expected 201120 found 81750
20670720,aot,36559941.76923077,
20674802,aot,54175926.166666664,gas-used mismatch for 0x3a68bc740e2e39b716a9dfc5b49f72836a775030ba67761b6687f9f4382aa11f: expected 325466 found 98981
20671248,aot,48520092.66,gas-used mismatch for 0x3941c7e822fcbe2fca442be09087557f49b4d1fe035c3e70bd6fd1f48d54584d: expected 991217 found 1081809
20674249,native,67365624.61971831,
20670356,aot,12117906.34074074,
20670624,aot,57608839.79069767,
20675372,aot,37647948.13846154,gas-used mismatch for 0x00edd7cd8e3ef055f29e07f923d88a878d4af77ee922a160cd0fd5145dc0775f: expected 263217 found 196647
20674377,aot,40400624.17886179,gas-used mismatch for 0x5ab2e28b43526f460d5e97ab6c250865924a034ed93b3846f3ed06fc03f7220d: expected 201563 found 120113
20670723,aot,43988659.9047619,
20670557,aot,37454942.007407404,
20670751,aot,36306274.9117647,gas-used mismatch for 0xb2b5d8ef3bca46f7f4a7acff9e0eb93e162ba3f4f8c7e3bcb4edb167e9e16d9c: expected 1012000 found 452322
20670847,aot,31762623.051612902,
20670398,aot,44030799.7890625,
20671987,aot,75510522.4,gas-used mismatch for 0xfacdecea57616d420639db16abfdccf2aa4a7e2680f919c1334ee5fe6d36574a: expected 390772 found 98981
20670465,aot,22318893.420353983,
20670729,aot,46395500.24489796,
20674406,aot,49549663.50495049,gas-used mismatch for 0xb00c9a0bc5c77cd0b21816d7b18d0b94e1bea893b81b82b80b7b04759526e414: expected 193345 found 80060
20671991,aot,1910513.349605708,
20674796,aot,56799363.395604394,
20675162,aot,22188545.473913044,
20670647,aot,18632313.539622642,
20670850,aot,40888824.8359375,
20674247,aot,46233018.716981135,gas-used mismatch for 0x93f84def24151416d59773d075361b50998a175146578e3e91f47711746a40f9: expected 532544 found 340452
20670675,aot,44869420.5,gas-used mismatch for 0x1f44daa9dce59819e4c71dd2f39f86b1df36c7d15cca7d2e66e4f3553a6b3ddb: expected 196985 found 81646
20671994,aot,27639793.605555557,
20674382,aot,64597002.7,gas-used mismatch for 0x7240448898068a7146d83be0eb553b968c3fbe0717b9e4519af2cea698fad6be: expected 463528 found 431024
20670490,aot,76643226.96969697,
20670862,aot,39553800.29230769,
20670664,aot,61678760.61445783,
20670399,aot,52110720.91,gas-used mismatch for 0xab42a5ca7c9e7f6bbb1dfb0cb22fbc74ddec134d257c6b6c8c627ef3e1a10111: expected 313018 found 238672
20674420,aot,44386392.86956522,
20670404,aot,41037261.690476194,
20671246,aot,28504113.237837836,
20670585,aot,36426743.76687117,
20670802,aot,24123935.279620852,
20674387,aot,27212732.3626943,
20670866,aot,44798817.166666664,
20670764,aot,37804092.364285715,gas-used mismatch for 0xda704ccd5c82895bce2b9f0e23b9149fb10eb3e23393fea049663be37d79bfe2: expected 196122 found 81750
20670813,aot,47364405.225,gas-used mismatch for 0x77b9d9a36cc9680d663c6bda7995ce33bb3325d7dd9e14abf5b10c51d8525863: expected 316640 found 270646
20670578,aot,40155994.95867769,
20670479,aot,58414940.961538464,gas-used mismatch for 0x8f101805a811f3b179ea430415ac90125a4b806ec03363fb1aed7c9611859ac1: expected 272420 found 240462
20670820,aot,31339676.754385963,gas-used mismatch for 0xccd85d1cb431c660908afef47cd04dc5ba823508836a31fd060dea5b35ffe479: expected 196985 found 81646
20675373,aot,50910758.23809524,
20670776,aot,35187713.09589041,gas-used mismatch for 0x5b4de541d89710ffb21ee87e5f89ebb8b081ce25a57a381555f13b1c2357c631: expected 838032 found 338404
20675326,native,14376993.931034483,
20670459,aot,36041598.26282051,
20670482,aot,35977586.22758621,
20670431,aot,29597957.5,
20670721,aot,41750856.73553719,gas-used mismatch for 0x41ddc288fa89cb7d1c2667e03f8171d51efcd28b626d80ddc3a4fb6536cd84c9: expected 470012 found 98969
20671249,aot,33783980.78620689,
20674248,aot,21825264.160714287,
20674803,aot,33558448.16111111,gas-used mismatch for 0x1be57aa4f5a0837a42a7c3903dadf6b791632d2a713e3af750708d3d86607869: expected 446154 found 266406
20670357,aot,19348394.201612905,
20670405,aot,29346399.903030302,
20670625,aot,30059661.51552795,
20674407,aot,26572434.085106384,
20670724,aot,33245665.844594594,
20670752,aot,17307752.381818183,gas-used mismatch for 0x4ca125858724be18f4e331849de40b0927addb32948b9deb6aa660eb87c956d3: expected 2423544 found 2346436
20671997,aot,81517.71201419515,transaction validation error: lack of funds (100852854401910626) for max fee (182351349370676062)
20670558,aot,36987557.05072464,
20670814,aot,26995680.588888887,
20670651,aot,46369806.574074075,
20670466,aot,25548120.979274612,
20670730,aot,34665127.03448276,
20674797,aot,28065089.961325966,
20670579,aot,14051003.727011494,
20670648,aot,39805997.828125,gas-used mismatch for 0x3c56ffca89ff7439c9fdff00e9de36cd9f57837322e08b25f112bc56da09579d: expected 397204 found 342476
20671992,aot,82414790.15873016,gas-used mismatch for 0x4c911935633fb52ed5354ca51656bf3f4a032c321241269314308d93fb421fe3: expected 563920 found 174566
20670587,aot,42451111.847457625,
20670822,aot,72703330.61971831,gas-used mismatch for 0x1a7ee97f047d8b7b2774d987f0d7033a0e81a34ac62860caf04f9a10a7707dd7: expected 624281 found 348278
20670676,aot,46524174.33962264,
20674383,aot,55525771.81318682,gas-used mismatch for 0xbeefd7205b61168c05054e0cc74cf47e40d1e3e98c14861845eedd32a27cf624: expected 513562 found 166547
20671995,aot,79958776.86153845,gas-used mismatch for 0x0d30c97083306c11b6f0879d40131b85418655d8f83b0cafccf9a588064486fa: expected 318126 found 87967
20674421,aot,31655534.46875,gas-used mismatch for 0x1c7712100fce26904b66ea0da6ff8518a3138e6353755398db93a09ab9cf8c9d: expected 140116 found 119625
20670665,aot,48801853.49056604,gas-used mismatch for 0x6c26204e10c8676c283c2c6d368478da3f0253671fa1adf0e1c210970761b103: expected 843212 found 338416
20670491,aot,71467174.11428571,
20671993,aot,43296141.71900827,
20670815,aot,77269810.81578948,
20674806,aot,35673070.32857143,gas-used mismatch for 0xd6d24ecd4327e363032d4737156a3c03ba6106ba609c5894b7af9e22246e5c36: expected 1103103 found 216374
20670657,aot,46180300.88333333,
20670586,aot,60079340.86419753,gas-used mismatch for 0x6ce1629534ce86610770b9b99fcdd64096f6eb708bcd32a81b76c68d31cf460c: expected 188989 found 81310
20674388,aot,21254321.67264574,
20670803,aot,49813146.17204301,
20670731,aot,53272415.333333336,gas-used mismatch for 0x36d5353444e9020f026e721874205caac994c9bb14230879e7d6b97f004c422b: expected 398502 found 105676
20670867,aot,18916057.533834588,
20670765,aot,35409515.82191781,gas-used mismatch for 0xdd20a65bc71224284a0123843fcc2f9363d43187b6c3ca717e4dc27e4628a136: expected 1364977 found 842806
20675374,aot,36228289.8,
20670358,aot,81901843.3442623,gas-used mismatch for 0xc0d021c3704fa70980bf7266fb91ced5db2bcb4b68f8b519f640fed036434fca: expected 254253 found 194166
20670480,aot,36003276.64285714,gas-used mismatch for 0xf3087674d4580040dcf4604c34a58a9ea3daaf6a2c549c6c16916159f7567ad9: expected 269029 found 271442
20670732,aot,33905883.429487176,
20670821,aot,52855627.574257426,
20670777,aot,33990710.20261438,
20670460,aot,46407210.37,gas-used mismatch for 0x5ea15c06245688e0fc14ff57434c6faf0880c2fd1c2f7cac4529fd3a1d33134b: expected 374076 found 208930
20675327,native,80571633.16923077,
20670432,aot,36691451.42276423,
20670483,aot,53507247.73626374,
20670494,aot,47835799.13592233,
20670441,aot,19533829.94402985,
20674249,aot,68593919.45333333,gas-used mismatch for 0x4ac7495391bbd985bde24cee5d42b51bfac1a951fa09b7da8c7952d9ef8f9529: expected 204522 found 81738
20674804,aot,51119900.072916664,gas-used mismatch for 0x93c19ad192b2cc9d6072b814b6a46e83323d0c4719e8b5b63b35bd44d102f4fa: expected 396228 found 250140
20670563,aot,45039565.39830509,
20670461,aot,41071725.48760331,
20670626,aot,34014167.80152672,
20670725,aot,43644069.73043478,gas-used mismatch for 0xc01710f3086031dc66205af6e71cb5a18be7a6057a5f83e10ebe9f45dc86cf8a: expected 1157379 found 507111
20674408,aot,36508476.1,
20670559,aot,27218739.360655736,
20671998,aot,75476856.95588236,gas-used mismatch for 0x8a69a3f39052e4771620809d3635c72bd8eb959092e9d69a90bb96fa06f6fbf4: expected 277745 found 153935
20670652,aot,25450806.102040816,
20670754,aot,51385542.52040816,
20670753,aot,83680328.32786885,
20670467,aot,61945010.54216868,
20670726,aot,42802022.11382114,gas-used mismatch for 0x67d516cc2525eaf2ec742236d26dc59354a59ce288ca746b2b83cb74e8c87115: expected 612755 found 600328
20670649,aot,59408516.6625,gas-used mismatch for 0x705a1ed29ca4a728a2bd343d4538aae36016a47405585230fefa46dbefbee5c4: expected 602914 found 387100
20674798,aot,34050182.446666665,
20671996,aot,26402679.279569894,gas-used mismatch for 0x1ca614cd2c735f1fc1292d6e2b04f42d1d6258b909c66de91734bc14011bd748: expected 272396 found 240438
20670823,aot,27812042.808988765,
20670588,aot,32296595.948717948,
20670580,aot,65203980.85897436,
20670677,aot,29337342.736842107,
20674799,aot,73482380.45714286,
20670660,aot,63374967.775,
20670492,aot,18388949.443636365,
20674805,aot,27169893.84375,
20670560,aot,58989122.930232555,gas-used mismatch for 0xb406c72bcf04cb84f0bc17342672b7ff1038ebf4dd30dded0cd44d3eb977f7b3: expected 843212 found 338416
20670755,aot,31893330.6,gas-used mismatch for 0x0b211a7f7947cfd4fcd5f100942693d7d759ba5a175d21463ee26af233a18d70: expected 379617 found 95916
20674422,aot,57509327.10227273,gas-used mismatch for 0x8e21b5d29e285c233f9694adb97a0131da611e61536d0736924a42ff9535c70a: expected 1282428 found 1352124
20674807,aot,42312642.983050846,
20670666,aot,37267223.28571428,
20670727,aot,34343912.05405405,
20670658,aot,33163075.980769232,
20674389,aot,38688266.146153845,
20670868,aot,27674241.460674156,
20674809,aot,72366801.66666667,
20670766,aot,58010913.6627907,gas-used mismatch for 0x3e882fcc944be4cb865f27ac3847b410d1b733f6c268109d49df1e6358635a2a: expected 196985 found 81646
20670493,aot,15515433.724683544,
20674810,aot,21856083.814159293,
20670481,aot,35560843.03571428,
20670733,aot,43196288.75862069,gas-used mismatch for 0x48a183aa2c170e77eaccd34768c76e1998b64c5e921a0ab37bc9a862e694321b: expected 196985 found 81646
20670590,aot,12105906.997536946,
20671999,aot,49010834.95,gas-used mismatch for 0xfc30e1bff0a6641e637091251dd4b66f9235f2fcb7e9899349c4bdae94b86a8f: expected 369056 found 291538
20670778,aot,32564229.205128204,
20670433,aot,70229776.33823529,gas-used mismatch for 0x432517419fe618e82353efe8b6e7c8f855958bbd0fff078b7b3973eb03e9cfa6: expected 351328 found 292585
20670495,aot,36827426.076271184,
20675328,native,53455664.11827957,
20670484,aot,31034913.423312884,gas-used mismatch for 0x9eb7fe4ea0c82654c23aa4eb31da2ecea384fbb98d17ac8901848f0f89a04f6a: expected 395119 found 238684
20670442,aot,54734873.67032967,gas-used mismatch for 0x24b564a41369c0e131240ec1b01f9e1b833d74f9cf9da6ca51601bafa2b955cc: expected 369848 found 95868
20670628,aot,36110477.383458644,
20670462,aot,41788692.594827585,
20670497,aot,60170762.417582415,gas-used mismatch for 0x70a9e823064c97e23fd6b3b57a790468dca041cef19d725ef23849a192c91020: expected 520430 found 397457
20670564,aot,50247726.61165048,
20670485,aot,48411377.72815534,
20670627,aot,55119158.76190476,
20674410,aot,62936028.157142855,gas-used mismatch for 0x90678b18d6b2f45aaa2ddf26dd1c2811419b7ca1691902312523554fbd7f5f5d: expected 310408 found 237486
20674409,aot,28812795.65945946,
20670566,aot,36454339.8,
20670779,aot,22196297.775423728,
20670653,aot,47468817.69444445,gas-used mismatch for 0x8465b8f79f30f37e98b5fb5bba5d56e9644e64ec8d7fb0c7ed809c1a8c257d5c: expected 401594 found 95868
20670447,aot,37713908.62411348,
20670756,aot,37014639.984375,
20670468,aot,73900389.47887324,gas-used mismatch for 0xd13f32bd2b72978dda5a66a059b24379f260bef5ac631fef2e97d0f5d49914d0: expected 63838 found 67576
20670767,aot,31310665.44578313,
20670650,aot,32227825.23636364,
20670486,aot,23985696.8853211,
20670824,aot,23449242.43119266,gas-used mismatch for 0xfff6b5d4cb437d5e04233902c700db0344be0b295b49db21626e5d048ae7f1d3: expected 255162 found 240198
20674808,aot,16394324.309375,gas-used mismatch for 0x3efee31e1b5add0b1b23b0f674f9afe28f32b68c0fe30188f3860212cb59245f: expected 365707 found 306038
20670589,aot,40432967.91538461,gas-used mismatch for 0x8ff08dd35ab364942927761ae96be20f78742c8b2e90c3f70a9a0af3ebfad256: expected 322879 found 95916
20670659,aot,54324772.469135806,
20670678,aot,35919057.7260274,
20670654,aot,36789044.74468085,
20674423,aot,23792574.050925925,
20670661,aot,44261885.26446281,
20670470,aot,49068669.21359223,
20670667,aot,34747866.06,
20670768,aot,48969793.41441441,
20670561,aot,51135451.097087376,
20670562,aot,36282030.71631206,
20670591,aot,60956950.25,gas-used mismatch for 0x580212be94ca51bdedc717ded1cb0d07fc34742051c8781201a7c655a1081872: expected 365676 found 322673
20670825,aot,50041682.372727275,
20670655,aot,38032971.62222222,gas-used mismatch for 0xcb7a117b47400677a1a90a13229561216f7ea3c2e074218dc589f56090044a6b: expected 344968 found 95844
20670869,aot,78828691.55882353,gas-used mismatch for 0xb3a71d75c17d1d9dc263f176c7d37b1816ff1c4caa916a4a4c119f2c468302e6: expected 474023 found 163959
20670662,aot,27707117.93034826,
20675351,native,34330247.87741935,
20674811,aot,3318616.4094043886,gas-used mismatch for 0x6d7100758914445be449eca18ccc318e8240cd6e50e2294af29761d8767f76b7: expected 585444 found 141609
20670592,aot,22100102.762096774,
20670669,aot,48473968.80645161,
20670656,aot,49914051.60185185,
20670826,aot,30646630.73529412,gas-used mismatch for 0xa564f3c873d2a75a600265fcd6f896725b45cbda7816b31b25b0beed1ed7ff53: expected 1606191 found 1029513
20670496,aot,22878216.44888889,gas-used mismatch for 0xa013796c88306ba1cc5bbf9a24f35e1aa2e3a484dd406de728acc0608852637c: expected 198004 found 81646
20675363,native,34751432.87162162,
20670473,aot,54423953.05555555,
20675329,native,38320522.67938931,
20670434,aot,58310956.155555554,
20670443,aot,55328538.45454545,gas-used mismatch for 0xb3162d663c3eb2557c13b089d887b7d87392bcdd217fcde7b364958c84fb921f: expected 1427945 found 772435
20670567,aot,51721388.13888889,
20670629,aot,30051880.578313254,
20670463,aot,35797069.07692308,gas-used mismatch for 0x17cd898a53727bac3cb7a62b60761f491da53a0df8e1ae85daa7ea7e34a408ad: expected 388297 found 232116
20670498,aot,12531812.698850574,gas-used mismatch for 0xadf215c552c7563b233e07ccfa7d41f1945c2161e8785038f09ab3e8a0e03095: expected 602172 found 624654
20670565,aot,36780251.323308274,
20674411,aot,13964095.907103825,
20670668,aot,39058354.323308274,
20670474,aot,38525094.84962406,
20674412,aot,74676113.68181819,gas-used mismatch for 0x2adfe59eb4dedd20deeb1bd183927a7549079ca96bdd953e404736749efee958: expected 657755 found 677159
20670634,aot,31855329.16184971,
20670780,aot,24823595.597014926,gas-used mismatch for 0xa4b1d09ba35944094cf7bb40edca3d3f712aae75d535e05a67ff368c2dd9d836: expected 552149 found 95892
20670469,aot,16295856.177121771,
20670631,aot,67619078.24,
20670448,aot,44214608.48648649,gas-used mismatch for 0xc3b294765c19fe2e29b0ea41e94250a3ebb3a88b440729bf2504d9a066365316: expected 325451 found 171943
20670475,aot,43998355.62962963,gas-used mismatch for 0x83fc6dc45f589229d2ea077a8381b2bd76b1e7ef7d9bd749e7ede89825039889: expected 201120 found 81750
20670872,aot,32163586.70886076,
20675339,native,29628628.85882353,
20670487,aot,41761372.61016949,gas-used mismatch for 0x0ba2cfc3668e8b57a7560b11a722665c6cbbb61a8cd48ea47e386e304e680419: expected 368401 found 96683
20670630,aot,33072470.96688742,
20670444,aot,67089336.51428571,gas-used mismatch for 0x9f04391e5f53808635b231771089685cd07f4e2dcb38d97c80960d403557b7cd: expected 378186 found 208836
20670679,aot,46727558.762376234,gas-used mismatch for 0xba2055691047d0bd07f82f6e8823b31dabf9527ca88af4783bc7748d3c98bb94: expected 983449 found 647578
20674425,aot,30173183.186335403,gas-used mismatch for 0xf2f679e5cc01fddfbdf319e5fcd42ccfc5786c022fda2ddeb58ed753041b72da: expected 386886 found 252820
20675369,native,1794076.7955655768,
20670681,aot,31787788.77108434,
20670471,aot,40656014.86776859,
20670672,aot,20955989.991489362,
20670499,aot,61096465.256410256,gas-used mismatch for 0xa50dfe7c454404b08d277bd0a05bd8a5a2d0492c33ef6c3e567636ed7f43e21f: expected 786556 found 513539
20670632,aot,16328853.73089701,
20674424,aot,69972190.9736842,gas-used mismatch for 0x617a175b47c4ebc23e04ede34640a5f3d0eb92f08be0e26e0fde1ad5ccdc53b6: expected 1001098 found 637650
20670684,aot,22463116.150442477,
20670870,aot,43217091.766666666,gas-used mismatch for 0x95693865b395eeb3f2f7a661356827d3e8c539798fa6ff1e39fbdc4df14f4b34: expected 196985 found 81646
20670680,aot,57695045.51111111,
20670827,aot,27039054.081967212,gas-used mismatch for 0x23170c0db0976df3eb4d69ffb0456f78a07f01a42925d108b8e1d73e2a04f9e3: expected 367325 found 95868
20675352,native,47529822.645833336,
20670673,aot,46919408.41818182,gas-used mismatch for 0xb25a7d7b3808ad5e6f590193e00ba45932d278177ec6e86f3e8cac598a721226: expected 498959 found 365117
20675366,native,93336909.07843137,
20670637,aot,35581088.8410596,gas-used mismatch for 0x5ba681ee5934bae07822686aa10a25bfe59a1c85c6d93e8ab363ae8c3eb781bb: expected 402372 found 238817
20674428,aot,37681708.9137931,
20670682,aot,54276716.7,gas-used mismatch for 0xa8ef838972deb28af4f6d9e9e4d3fbf38f7ee635c5d3d45d6c8c1c2cbaae2908: expected 360115 found 317114
20670435,aot,36621711.507246375,
20670670,aot,36031352.2132353,
20670674,aot,36742828.461538464,
20675364,native,11345485.668213457,
20674431,aot,39497817.603053436,gas-used mismatch for 0x710d47f900152a004a623fc88563c010b1e96dce3489bd0e06533d752e031d05: expected 843520 found 683577
20675330,native,32231061.21192053,
20674434,aot,37479369.69172932,
20670472,aot,32181257.306818184,
20670450,aot,45148291.79130435,
20674426,aot,28626012.01935484,gas-used mismatch for 0x7532ec55f8d1a1c56b4235cac94b4f155b9a0eeaea42203e390e46b5908907a9: expected 302836 found 229904
20670451,aot,48350799.104347825,
20670449,aot,40234199.65873016,
20670568,aot,62483874.530612245,
20675365,native,55579223.505494505,
20670445,aot,18776351.31854839,
20670633,aot,50827625.96842105,
20674435,aot,50343031.15625,gas-used mismatch for 0x65fb4172e805e0e970548566d74d83d0948836b6ef512fbdf0a264ee12d6e4e0: expected 310292 found 237464
20674432,aot,28400404.485714287,gas-used mismatch for 0xed16dda53b7f2f6247692b1b68fbb0c824eae20c7728855586119d085f5c23a4: expected 395532 found 189294
20670446,aot,69558304.26760563,
20674429,aot,57682281.45555556,gas-used mismatch for 0x4043eb1b7cf2f8cc89c65f2ba24c9810bcfcfe4c9c4713f2c93d619573986604: expected 386096 found 95892
20675345,native,37095483.65942029,
20670635,aot,39486793.64827586,gas-used mismatch for 0x3abca12d42b97af16d3804c7899a3c27afb8d10cfc1f9ad7bf7ddba14b4f5abc: expected 196985 found 81646
20675372,native,41980707.56198347,
20670638,aot,54572225.37894737,gas-used mismatch for 0x9d734e703b75e4cc830e6037679dbc3cdaa91cca4bcf3d122225d146f067bcb0: expected 489047 found 483785
20670873,aot,31790070.66875,
20675340,native,39578986.81746032,
20674427,aot,40607579.4,gas-used mismatch for 0xbfda0742198d55ac3b2b6a96f129c633edaedeb394e809927c8ee18c4317058b: expected 205143 found 81750
20670874,aot,47712394.02830189,
20670439,aot,49015103.56435644,
20670438,aot,53029929.55,
20674433,aot,45189736.12396694,
20675367,native,51728126.85714286,
20670639,aot,37218270.007407404,gas-used mismatch for 0xdd36711a282d60036b9255db2922ad847b5aac39820c7aea77fe9fc2bd984f59: expected 309621 found 237977
20670440,aot,43377401.415929206,
20675370,native,67506413.825,
20675348,native,59515124.375,
20675333,native,48970914.941747576,
20674436,aot,12624590.096059114,gas-used mismatch for 0xd810947ae8aacd6585753661b3131879ed590f477f32fae01bba285c9dcc6ad4: expected 463528 found 431024
20675331,native,8877666.772727273,
20670871,aot,41449735.34126984,gas-used mismatch for 0xc9e6ec2d91a281aa85deeae03e4c982f12cdcaf9b09447b215fac1081b13baf1: expected 186265 found 81334
20670685,aot,47690878.824074075,
20675357,native,23344605.92670157,
20675349,native,33455126.71612903,
20670683,aot,29232750.392638035,
20674430,aot,47880321.485436894,
20675353,native,47434186.647619046,
20670636,aot,32563423.424,gas-used mismatch for 0x6df5c02fa9ff6ba5922b5002f1c70200623698c4c348e5ffef8cca9ff6cb8dc3: expected 750164 found 423734
20675350,native,48504381.87096774,
20675371,native,42621221.60204082,
20670671,aot,46306496.56043956,
20675373,native,51761968.430232555,
20670436,aot,37468527.084745765,
20675374,native,32677803.083969466,
20675354,native,28578647.55944056,
20675360,native,29660998.053435113,
20670437,aot,61880691.788732395,
20675332,native,64143792.6,
20675355,native,32781072.25263158,
20675346,native,32763900.881188117,
20675342,native,38101124.782178216,
20670452,aot,22367935.435294118,
20675358,native,15272569.185185185,
20670686,aot,34634447.24752475,
20675361,native,40026023.375,
20675356,native,28245625.04761905,
20675336,native,8752281.520547945,
20675362,native,47138162.45333333,
20675341,native,15653415.931818182,
20675343,native,14004725.155378487,
20675359,native,44801536.76923077,
20675368,native,30735605.895652175,
20675334,native,19635725.265060242,
20675344,native,34735093.14851485,
20675338,native,26637552.755555555,
20675335,native,26727587.533333335,
20675347,native,25516417.734177217,
20675337,native,46502932.105882354,
