id,run_type,exe_time,err
20666562,native,59458366.541666664,
20663564,native,45862262.10958904,
20663407,native,48431312.6,
20664125,native,35409818.652542375,
20665625,native,80547439.60526316,
20665156,native,95604527.0,
20664500,native,41508538.35652174,
20663620,native,63476320.365079366,
20666421,native,50474423.01,
20663656,native,47797260.68,
20663591,native,47256175.237623766,
20663421,native,74068629.36363636,
20663626,native,73999216.39655173,
20663563,native,41971198.55932204,
20666375,native,43303333.10743801,
20666468,native,51353805.631578945,
20663562,native,27133868.765,
20663468,native,68676821.87692308,
20664359,native,30012934.333333332,
20664875,native,115221072.57575758,
20663567,native,48645047.66037736,
20663609,native,97060258.8125,
20663623,native,37015758.09150327,
20663750,native,55140798.729166664,
20663579,native,51279899.80612245,
20663573,native,42264760.06870229,
20663398,native,66083820.406976745,
20663597,native,54960996.7,
20663585,native,35600440.78651685,
20663611,native,62762668.838709675,
20663576,native,46445529.08695652,
20663614,native,90574964.46551724,
20663375,native,47865838.414814815,
20663403,native,54896889.416666664,
20663610,native,37262625.80924855,
20664406,native,35933700.36931818,
20666750,native,45609900.876811594,
20663406,native,61168966.99,
20663632,native,50851153.904,
20664968,native,33766845.75757576,
20663404,native,51569440.77099237,
20664382,native,51182502.544117644,
20665250,native,68316819.125,
20665062,native,35367377.415,
20667125,native,116573346.42,
20664312,native,47171443.97385621,
20667875,native,55493329.42222222,
20663409,native,77236400.82954545,
20666563,native,39667980.17,
20665626,native,31545018.353448275,
20664126,native,60556327.25,
20663565,native,60392719.37179487,
20663657,native,33680972.61666667,
20664876,native,46391732.32,
20666376,native,40514811.65625,
20663568,native,21330638.766666666,
20663469,native,31298275.0390625,
20663574,native,42602613.07692308,
20663627,native,35886546.26829268,
20666422,native,4079972.75210084,
20664360,native,44227769.10752688,
20663580,native,51415717.59210526,
20663408,native,40382795.76923077,
20665157,native,47919445.722222224,
20664370,native,44892897.9537037,
20663399,native,46945803.915662654,
20663937,native,51118700.38372093,
20663422,native,39707433.86923077,
20666469,native,37514344.69565217,
20663598,native,33896345.84375,
20663376,native,36329864.238938056,
20664501,native,54031857.97169811,
20663612,native,41403718.74257426,
20663629,native,88685941.0862069,
20663577,native,65262636.68965517,
20663751,native,50460115.25510204,
20665203,native,46162047.86021505,
20665063,native,7443708.094474154,
20663405,native,35475099.47457627,
20663615,native,38882979.00862069,
20664969,native,39431486.58558559,
20663592,native,33992498.187845305,
20666751,native,59402489.434210524,
20664383,native,59305150.81818182,
20663621,native,61215011.116504855,
20663624,native,56263651.19387755,
20665251,native,64884791.57575758,
20663633,native,29104537.377142858,
20663586,native,79031108.9137931,
20663603,native,56232120.384615384,
20664407,native,35501513.29333334,
20663613,native,26643023.674876846,
20667126,native,67176198.03076923,
20664313,native,55400322.93181818,
20667876,native,49577641.989473686,
20663410,native,36019556.60150376,
20666564,native,44438900.92173913,
20665627,native,84099492.78181818,
20665158,native,62092161.75,
20663400,native,36545507.734513275,
20664877,native,40899111.48760331,
20666377,native,71401197.38356164,
20663658,native,68437667.60526316,
20663569,native,64345872.723684214,
20663581,native,37428725.99206349,
20664127,native,59060080.3877551,
20663566,native,53969918.06603774,
20664361,native,63551192.3375,
20663628,native,45433450.8,
20663630,native,42192761.752,
20663575,native,38991664.5,
20663617,native,34266962.821428575,
20663470,native,50241398.46551724,
20663616,native,61823189.90909091,
20663423,native,39549043.122137405,
20664371,native,38546962.70212766,
20663938,native,71900649.54411764,
20663752,native,40445777.4214876,
20663377,native,20563584.45210728,
20663604,native,40360472.510416664,
20663618,native,44736370.63636363,
20664970,native,78073841.58928572,
20663593,native,54891106.61728395,
20663578,native,31526823.870588236,
20664502,native,55418505.510204084,
20666470,native,49782489.51304348,
20663625,native,48379551.19387755,
20663599,native,58785711.4,
20664408,native,44774774.20408163,
20663588,native,47391818.391666666,
20665252,native,41501619.944,
20665204,native,54566764.84466019,
20665064,native,75132714.28571428,
20666752,native,66797856.2,
20664687,native,23054076.192825112,
20663622,native,58217589.13978495,
20663634,native,71146737.21311475,
20663587,native,35901187.24324324,
20666423,native,93769961.22535211,
20664384,native,80415876.60606061,
20667127,native,42083011.78571428,
20667877,native,40767669.23577236,
20663411,native,41058774.644067794,
20664314,native,37135921.442857146,
20665628,native,14153140.042492919,
20664878,native,39909176.15740741,
20665159,native,31171210.687116563,
20663659,native,51334703.70930233,
20666378,native,60171237.34210526,
20666565,native,85429053.8,
20663570,native,42468418.817391306,
20664128,native,31759255.36129032,
20663606,native,41924677.30555555,
20663605,native,49500120.15,
20666471,native,33403461.548672568,
20663939,native,50830843.77906977,
20664362,native,40755655.368,
20664781,native,41087753.375,
20663401,native,71057572.89156626,
20663582,native,38495992.766666666,
20663631,native,55462771.36263736,
20663378,native,72164873.8,
20664372,native,17282102.652027026,
20664828,native,23114736.39267016,
20665179,native,43315170.551020406,
20664971,native,35162711.703125,
20663619,native,39230616.0661157,
20664364,native,84387826.4264706,
20665253,native,42624381.10204082,
20664409,native,38867635.18103448,
20663471,native,30590618.70744681,
20663424,native,37958928.52054795,
20664218,native,61324131.166666664,
20665205,native,46877179.84375,
20663644,native,48199869.870588236,
20665065,native,61347042.21428572,
20666753,native,26424569.660818715,
20663600,native,36521211.558823526,
20663594,native,56044331.85227273,
20666424,native,59947390.64788733,
20664031,native,70437581.78333333,
20664503,native,43473125.76984127,
20663753,native,43324121.98550725,
20665226,native,55544846.088495575,
20664688,native,88583370.14,
20667128,native,23753111.384236455,
20663589,native,45108626.78333333,
20667878,native,56404143.7875,
20663635,native,51065126.97169811,
20664315,native,53244349.13978495,
20663412,native,44038828.512,
20664385,native,61833888.66,
20663660,native,28734957.14893617,
20664879,native,32827708.438356165,
20665629,native,47461443.52542373,
20666566,native,24963876.303664923,
20665160,native,45200753.73913044,
20663571,native,37027932.46428572,
20664129,native,37370303.53076923,
20664829,native,65050234.344262294,
20663607,native,33817100.96575342,
20663425,native,44001981.6125,
20664782,native,43859844.408163264,
20664363,native,21731155.28761062,
20663940,native,37451479.14285714,
20666379,native,37064854.574193545,
20666472,native,46395766.17699115,
20663379,native,42924094.8,
20663754,native,36423535.89795918,
20665206,native,39654871.11818182,
20667500,native,53067415.37209302,
20665066,native,49291634.23255814,
20665254,native,23956368.553846154,
20666754,native,27921674.083333332,
20663601,native,43052783.27551021,
20663402,native,47945390.61320755,
20665214,native,42156977.56428572,
20663472,native,47373917.051020406,
20665180,native,43467519.1,
20664365,native,43035669.867256634,
20664972,native,38559258.35294118,
20664373,native,52087503.603960395,
20664410,native,20666242.463414636,
20664593,native,62583975.011764705,
20663645,native,58764295.481481485,
20664032,native,33204928.90070922,
20667879,native,41117195.31632653,
20663595,native,44775788.371681415,
20664219,native,30431267.129213482,
20663583,native,12181668.048076924,
20663590,native,50625353.63953488,
20666425,native,1884568.2940761636,
20664689,native,39308195.96694215,
20664504,native,39623816.222222224,
20665227,native,40114918.676923074,
20663413,native,33745901.6097561,
20663636,native,27998382.21590909,
20667129,native,65447937.6626506,
20664316,native,36852701.58108108,
20664386,native,18359837.433898304,
20663661,native,42121498.93877551,
20664880,native,35804358.30496454,
20665630,native,67868752.42307693,
20663608,native,38758492.85217391,
20663572,native,42986351.982300885,
20667501,native,27146515.910256412,
20664640,native,3263130.7691803277,
20663380,native,40095882.18584071,
20664830,native,31003526.85380117,
20663941,native,64889269.05479452,
20665067,native,44970145.421052635,
20665161,native,79261758.09230769,
20666567,native,57041999.95918367,
20666380,native,47920684.13592233,
20666473,native,78562894.93442623,
20664033,native,33843551.66942149,
20664783,native,22032851.45,
20665207,native,33488514.173333332,
20663426,native,46896669.30578513,
20664130,native,54349022.4,
20663602,native,42151807.405172415,
20664973,native,40096714.75423729,
20663473,native,58813710.64102564,
20663596,native,42547043.01941747,
20667880,native,48480400.35483871,
20665255,native,76814306.55555555,
20663646,native,57652498.575,
20666755,native,62485072.04651163,
20664374,native,73070725.60606061,
20664690,native,42991389.72277228,
20663584,native,64289120.28787879,
20664804,native,34369625.67142857,
20664594,native,41932591.56097561,
20667312,native,42597609.834586464,
20665215,native,17817638.381097563,
20663755,native,64126389.755555555,
20665181,native,42867219.30827068,
20664505,native,43407786.86363637,
20666426,native,72391651.36923076,
20667130,native,5535345.589261745,
20664366,native,47864207.666666664,
20664220,native,53025468.04081633,
20663414,native,45753423.48571429,
20664411,native,60831724.90625,
20663637,native,46057853.0,
20665228,native,64031556.64705882,
20664387,native,51285979.76923077,
20664317,native,38378719.25,
20663662,native,20219952.120171674,
20664881,native,39493309.54285714,
20664974,native,69953685.0,
20665631,native,52798778.375,
20665437,native,58548192.5875,
20664131,native,26654307.0,
20664831,native,31271772.72,
20665343,native,54279142.07777778,
20665256,native,45095430.95,
20665162,native,44108812.24761905,
20663942,native,54503247.62637363,
20665068,native,39570419.16,
20667881,native,41077515.37623762,
20666568,native,49414476.74757282,
20664784,native,44570322.16037736,
20664367,native,54867255.575,
20666474,native,31721245.933333334,
20664691,native,37946184.75221239,
20664034,native,23039917.398305085,
20666381,native,46311906.6779661,
20665208,native,64188583.43209877,
20663381,native,67221771.25301205,
20664595,native,41739471.972222224,
20663474,native,52049641.838709675,
20664641,native,87647838.48275863,
20664851,native,39937764.06779661,
20663647,native,54185474.1,
20664805,native,60716962.85,
20667502,native,52392425.772357725,
20666756,native,97923489.32608695,
20663415,native,36728965.49565218,
20663756,native,30704136.683870967,
20665182,native,37464082.6,
20664734,native,62237624.625,
20663427,native,49266987.141666666,
20667131,native,38023720.896,
20665216,native,57956609.20481928,
20664375,native,39379440.51748252,
20664221,native,48983333.78571428,
20667313,native,54399663.17346939,
20664318,native,45865660.91111111,
20664412,native,34600361.1,
20664376,native,42602687.959349595,
20663638,native,49505196.916666664,
20666427,native,50272690.777777776,
20664506,native,43914720.3,
20665229,native,37047504.86923077,
20664388,native,63971567.91780822,
20663663,native,64393529.84210526,
20664882,native,58448817.552083336,
20665344,native,28331009.23030303,
20664368,native,34745728.18518519,
20664132,native,39877731.39830509,
20664975,native,39223116.7037037,
20664832,native,46848746.679245286,
20665632,native,3426565.2094637225,
20667882,native,34725540.51908397,
20666475,native,37487031.09090909,
20663382,native,21529509.06632653,
20665438,native,61805526.16470588,
20666569,native,74774783.80357143,
20663757,native,34884612.9009009,
20664785,native,66647204.77142857,
20663943,native,47483004.57272727,
20665257,native,34695365.9689441,
20664692,native,43773489.083333336,
20665209,native,32920666.05147059,
20665163,native,39742585.76923077,
20666757,native,38915185.83,
20665069,native,23279988.30672269,
20664035,native,69054431.50793651,
20663416,native,52179981.43835616,
20664852,native,53098135.222222224,
20667503,native,40184043.45045045,
20666382,native,46430744.0462963,
20664642,native,35698522.09219858,
20663648,native,39001546.0703125,
20666428,native,70121389.66037735,
20664806,native,41552076.92561983,
20663475,native,41893265.571428575,
20665217,native,50367152.093023255,
20663428,native,44611029.114285715,
20667314,native,48185324.13953488,
20664222,native,43760676.43564356,
20664735,native,37732800.41538461,
20664319,native,61117984.76470588,
20664377,native,39428058.862068966,
20665390,native,42946891.56896552,
20664507,native,51924533.88636363,
20664596,native,45754402.98473282,
20665183,native,38710414.456953645,
20665230,native,28075771.265060242,
20664389,native,55740755.802469134,
20667132,native,94674740.54545455,
20664413,native,20767291.87017544,
20663639,native,63527345.8372093,
20663664,native,49028603.56435644,
20664883,native,59506289.09876543,
20664369,native,62112068.3943662,
20664976,native,46039075.708737865,
20665345,native,51638197.947916664,
20663758,native,36262455.31034483,
20663417,native,31964412.2265625,
20663383,native,62055894.85294118,
20666476,native,43358490.11320755,
20666570,native,27504417.19642857,
20664833,native,60619668.564705886,
20664133,native,43132942.15037594,
20665633,native,75677310.07692307,
20666758,native,45061317.36190476,
20665258,native,51631851.12631579,
20667883,native,31249498.066666666,
20665439,native,55491006.395833336,
20665218,native,40460889.17821782,
20666383,native,19850762.37719298,
20665210,native,78016703.8095238,
20664736,native,16666164.03515625,
20664786,native,47969774.0,
20664853,native,53796850.677777775,
20666429,native,31043773.344594594,
20663649,native,58985110.42465753,
20663944,native,47331842.35652174,
20664036,native,49213547.36111111,
20665070,native,60271874.6627907,
20664693,native,61021027.64444444,
20665164,native,44039755.1796875,
20667315,native,43548775.96226415,
20667504,native,46201350.4054054,
20664643,native,35173306.76551724,
20665184,native,83246036.46341464,
20664378,native,26874053.388235293,
20664508,native,52034396.37037037,
20665391,native,44644877.44660194,
20665231,native,34695627.96666667,
20664807,native,50559174.72072072,
20663476,native,87358318.29310344,
20664320,native,38786279.544117644,
20663429,native,55044118.37623762,
20663640,native,26314074.06875,
20664390,native,28315197.164705884,
20664223,native,40818279.68,
20664597,native,41711497.870229006,
20664414,native,80268552.26785715,
20667133,native,64335508.72093023,
20663665,native,34782622.5248227,
20664977,native,37848261.211864404,
20665238,native,45768829.13888889,
20666477,native,58597882.928571425,
20664884,native,41324094.28888889,
20663759,native,39815029.43636364,
20666759,native,32311420.19047619,
20663384,native,24618506.154228855,
20663418,native,56205914.4,
20665346,native,41809722.359375,
20666571,native,49542178.95918367,
20664644,native,66163360.1,
20664834,native,45880002.18018018,
20664134,native,23606836.587155964,
20665071,native,28990476.15862069,
20664379,native,47735247.17283951,
20664854,native,51286966.14772727,
20666384,native,58216205.2631579,
20665440,native,30579967.624242425,
20664787,native,51654363.53763441,
20665392,native,40605856.53125,
20665219,native,56340335.75,
20664694,native,38395514.77118644,
20667884,native,20148082.25,
20665634,native,55997921.84375,
20664737,native,49406372.96039604,
20665185,native,47305629.06451613,
20666430,native,45904405.352380954,
20663650,native,51872274.86734694,
20665232,native,48961606.04651163,
20664037,native,42779305.69565217,
20663945,native,60573384.98717949,
20665259,native,37579858.986666664,
20667316,native,27843415.35483871,
20664509,native,47806324.571428575,
20667505,native,57718942.31818182,
20664808,native,37443352.452380955,
20665165,native,22086066.77131783,
20665211,native,56654719.54285714,
20664321,native,51660336.47727273,
20663477,native,41112551.265486725,
20663430,native,52739058.64444444,
20664415,native,26815027.883435585,
20663641,native,62887004.53333333,
20664391,native,40958120.7398374,
20664224,native,42887121.79310345,
20664598,native,37495358.1862069,
20667134,native,42202427.833333336,
20663666,native,38170095.387931034,
20664885,native,52862008.243589744,
20666478,native,41154926.203539826,
20663760,native,9826765.807692308,
20663651,native,30631773.10909091,
20665239,native,36287489.70198675,
20664380,native,42214529.091836736,
20666760,native,56846236.21176471,
20666385,native,73964234.0,
20664738,native,22340366.26519337,
20664978,native,45245972.65625,
20663478,native,18418447.36,
20665220,native,29711059.73287671,
20663385,native,59157584.71590909,
20664135,native,41306541.79130435,
20664835,native,36522346.70289855,
20664645,native,31042092.879518073,
20663419,native,50260480.5,
20663946,native,51868706.315789476,
20664695,native,31978193.055172414,
20664788,native,43649814.75454546,
20665233,native,41475619.29245283,
20665635,native,31051223.444444444,
20664855,native,47441627.054545455,
20665393,native,51029920.56842105,
20666572,native,44859984.1171875,
20665186,native,41339063.78448276,
20665441,native,62547469.45679013,
20666431,native,51027355.08791209,
20665347,native,41679706.74482758,
20664038,native,47305841.45544554,
20665212,native,40850934.53465346,
20667885,native,59505343.425,
20664510,native,31662337.218543045,
20665260,native,70825600.56060606,
20667317,native,47741366.6,
20665166,native,19727012.01777778,
20667506,native,50121976.56989247,
20665072,native,64146383.822222225,
20664322,native,52666111.89534884,
20664392,native,37842562.4537037,
20664225,native,34999261.674796745,
20663642,native,51311689.91578947,
20663431,native,22310567.815450642,
20664809,native,67196609.65060242,
20664416,native,71014238.19117647,
20664599,native,40663503.0234375,
20667135,native,46629836.3655914,
20663667,native,27311716.92857143,
20664886,native,39810752.504065044,
20666479,native,53904994.0375,
20665221,native,40465178.04081633,
20664836,native,43651716.42222222,
20664979,native,24520829.419889502,
20665187,native,50275184.8,
20666761,native,45553826.366336636,
20663652,native,40861421.808,
20666386,native,57331848.7625,
20664381,native,36940459.90070922,
20664739,native,73094434.46666667,
20665442,native,15799848.891304348,
20664646,native,31469631.411392406,
20663761,native,118036423.95121951,
20667886,native,3698762.688702929,
20664136,native,60441907.275,
20665636,native,42379136.231481485,
20664696,native,39039199.484615386,
20663947,native,50244156.61165048,
20664789,native,42724430.12711865,
20667507,native,38484341.22123894,
20663420,native,30417497.155555554,
20663386,native,35975982.1392405,
20664511,native,18476545.36781609,
20665240,native,28771945.568181816,
20667318,native,52312568.69318182,
20666573,native,59160477.51764706,
20665394,native,30612589.897142857,
20665167,native,73403114.3,
20664393,native,28590452.058064517,
20664856,native,28218716.17073171,
20665234,native,41266067.08695652,
20663479,native,73657326.08641975,
20665213,native,65692941.7654321,
20665073,native,46567260.84259259,
20664226,native,56024067.06666667,
20663432,native,56755030.66197183,
20665261,native,40428380.45454545,
20665348,native,45158195.95419847,
20664810,native,45155372.14,
20666432,native,51231916.208333336,
20664323,native,46758217.21138211,
20664039,native,50651331.61788618,
20663643,native,47042861.689320385,
20664417,native,35957354.21428572,
20664600,native,53118053.84210526,
20667136,native,60666870.5,
20663668,native,36487637.126666665,
20664887,native,31997132.37419355,
20665222,native,70950997.98275863,
20666480,native,36449739.90196078,
20666762,native,49721960.458333336,
20666387,native,9656771.914018692,
20664980,native,69088995.87671232,
20664837,native,62360621.70967742,
20664137,native,54435127.58139535,
20667887,native,77469393.77586207,
20664647,native,44699216.75,
20665188,native,60505786.65263158,
20663762,native,54010849.76923077,
20663653,native,70678604.4,
20667319,native,43331740.36,
20665637,native,35974337.65034965,
20663480,native,38245320.55238095,
20663387,native,56836215.05,
20664512,native,25669313.72631579,
20664740,native,55781591.283018865,
20665413,native,54624605.21505377,
20664227,native,49142928.488372095,
20665443,native,84857589.72131148,
20665168,native,50780391.68181818,
20667508,native,49741574.04,
20663948,native,40813448.1796875,
20666574,native,44866636.31428572,
20664792,native,54442763.94214876,
20664811,native,42427945.067961164,
20665235,native,55676371.98795181,
20665349,native,45140341.625,
20664790,native,39880021.02027027,
20664040,native,33380695.219512194,
20664857,native,62339446.98717949,
20663433,native,56806095.74074074,
20664324,native,38971394.126126125,
20664418,native,33856007.328,
20665395,native,10076812.752961082,
20665262,native,51444609.80645161,
20666433,native,47715192.11827957,
20664697,native,66548911.9010989,
20666937,native,64880678.07575758,
20665241,native,77740444.93333334,
20665074,native,59438449.27472527,
20664394,native,48206954.04958678,
20664601,native,35072053.47794118,
20667137,native,29222949.674603175,
20663654,native,113860194.28301887,
20665223,native,36083936.85344828,
20664888,native,60582072.166666664,
20666763,native,15569044.454212455,
20663669,native,91673179.58333333,
20664981,native,39349977.168,
20663388,native,18708580.508,
20667888,native,47833458.03960396,
20665414,native,60801817.35616438,
20666481,native,70255183.4090909,
20664138,native,49402358.72815534,
20665638,native,38908128.912,
20666388,native,65192111.807228915,
20666843,native,69244048.11428571,
20663481,native,43895298.333333336,
20664648,native,47741726.230088495,
20663763,native,29074371.882978722,
20666575,native,41913358.35454545,
20665444,native,38319075.641221374,
20665169,native,41865817.975,
20665263,native,39271230.61111111,
20664741,native,13621258.814457832,
20665396,native,79343079.68627451,
20664812,native,37695738.53435115,
20665189,native,50199558.43333333,
20667320,native,57130830.138613865,
20665236,native,58408148.03703704,
20667138,native,31735252.83898305,
20667509,native,41659683.4887218,
20665350,native,26599364.9025641,
20664838,native,37889492.34117647,
20664228,native,65901039.06024096,
20664395,native,28452478.63448276,
20664698,native,32159412.06081081,
20665075,native,47217258.266666666,
20665242,native,43050698.1122449,
20664793,native,63901843.807228915,
20663949,native,26242161.679653678,
20664791,native,53572079.4,
20664419,native,35732806.06849315,
20666434,native,36689055.97857143,
20666938,native,46907677.23469388,
20664325,native,57198124.55555555,
20664513,native,84999579.98412699,
20663434,native,80026930.55714285,
20664858,native,60665552.65934066,
20664041,native,61582702.16483516,
20663655,native,35110068.08943089,
20664602,native,29046843.30909091,
20665224,native,73846663.85,
20664889,native,25543824.34871795,
20663670,native,50076498.141509436,
20666389,native,41815749.526315786,
20663389,native,55260849.8625,
20664649,native,44952010.39784946,
20664742,native,58172953.27586207,
20666764,native,86241106.88235295,
20663764,native,41071475.71171171,
20663482,native,40565415.60169491,
20664982,native,34328276.65060241,
20666844,native,21459494.699152544,
20665415,native,58800705.406593405,
20666576,native,47158046.524752475,
20665237,native,36462852.791666664,
20664139,native,30222613.268817205,
20667889,native,85481864.41666667,
20664813,native,49101023.489795916,
20666482,native,28705498.69417476,
20665445,native,40417350.3,
20665639,native,71317753.16,
20665170,native,50640686.93069307,
20667510,native,15977218.460784314,
20664326,native,35230883.08264463,
20664042,native,42790303.473684214,
20667321,native,34328890.71034483,
20664396,native,48637116.05263158,
20664859,native,35166670.4,
20665190,native,33394467.993589744,
20667139,native,79768594.30357143,
20664699,native,40784064.43333333,
20664420,native,48326515.28125,
20664839,native,57235502.494505495,
20665076,native,27390288.704663213,
20665397,native,74200932.76056337,
20663950,native,68831306.3,
20666435,native,39162719.961538464,
20665264,native,28528437.873239435,
20664229,native,46688489.41739131,
20664794,native,59230858.45555556,
20666939,native,42735773.06779661,
20665243,native,31220324.420765027,
20664514,native,33708315.86451613,
20668625,native,51291050.89108911,
20665351,native,57550156.62105263,
20664400,native,52947741.45054945,
20663435,native,42713302.8,
20664603,native,38628932.43448276,
20665225,native,27533041.54819277,
20664890,native,15277073.296495957,
20666390,native,35761206.15384615,
20663390,native,22599499.77056277,
20664043,native,34283333.690265484,
20664650,native,40660187.24427481,
20663671,native,58891632.45,
20665171,native,36242794.36521739,
20667890,native,38419552.027027026,
20666436,native,32403446.179245282,
20664743,native,40822091.45185185,
20666483,native,40111855.45454545,
20666845,native,52599491.354166664,
20664983,native,70072469.44117647,
20665446,native,38540383.6097561,
20663765,native,47664735.74336283,
20664230,native,38163177.416666664,
20665416,native,53966811.32,
20664700,native,29554454.706666667,
20665173,native,59907052.94871795,
20666765,native,44245886.98473282,
20665640,native,42025637.75862069,
20663483,native,38941419.30821918,
20665398,native,70953147.64285715,
20666940,native,80580614.05882353,
20667511,native,49128421.530612245,
20664515,native,35183967.983050846,
20666577,native,58990923.958333336,
20664814,native,45487974.86666667,
20664327,native,26312424.87562189,
20665077,native,44615689.13207547,
20663951,native,40378977.123893805,
20664860,native,39674778.99230769,
20664140,native,55976060.524752475,
20665244,native,53649081.2345679,
20664840,native,39444315.05263158,
20664397,native,47425012.7079646,
20664421,native,56844005.38888889,
20665191,native,32289831.193181816,
20667322,native,78076639.85915492,
20665265,native,66413266.82191781,
20664401,native,30911673.84516129,
20667140,native,61692925.71111111,
20668626,native,17733811.795221843,
20665352,native,19616913.34172662,
20663436,native,37793922.40740741,
20664795,native,20574585.62116041,
20664604,native,34622298.48951049,
20666656,native,52541163.474358976,
20666391,native,83727493.05454545,
20664651,native,12957895.274576271,
20664891,native,70733538.75641026,
20666484,native,54992387.84,
20666766,native,14664189.663333334,
20664701,native,33375750.46153846,
20664044,native,52677930.59139785,
20663391,native,72978395.38028169,
20665172,native,14194520.933333334,
20663766,native,39898592.88695652,
20666437,native,80895124.7,
20664744,native,32029148.89090909,
20664984,native,43252012.827586204,
20665174,native,43540515.675675675,
20663484,native,57723620.240963854,
20665641,native,44885998.85585585,
20667141,native,12673557.85443038,
20666846,native,44198830.76422764,
20667891,native,16773697.654390935,
20665417,native,19392406.90459364,
20665447,native,44335518.75206611,
20664231,native,50376397.66981132,
20664516,native,62370067.884615384,
20666941,native,41249398.325203255,
20664422,native,38402302.90434783,
20664815,native,47160394.25714286,
20665399,native,28054358.79255319,
20664141,native,59480029.64383562,
20664398,native,30966242.216216218,
20663672,native,56431766.00909091,
20664328,native,58327788.94186047,
20664861,native,64258926.1625,
20663952,native,52314757.583333336,
20665078,native,67818864.38028169,
20667512,native,64643510.32530121,
20666578,native,46118436.81034483,
20668627,native,66639827.808823526,
20664402,native,39650829.353846155,
20667323,native,44444923.93220339,
20665245,native,31498249.42777778,
20665192,native,60868780.12048193,
20665266,native,41021172.94074074,
20664796,native,80450032.625,
20664841,native,41446010.65734266,
20665353,native,53726748.75,
20664605,native,48903871.28,
20663437,native,42677508.36363637,
20666657,native,35184678.4351145,
20664652,native,72924309.22535211,
20666392,native,6587391.478114478,
20666767,native,117692467.38709678,
20666485,native,49658793.35714286,
20663767,native,35566522.120300755,
20669000,native,61428401.975,
20664892,native,67826879.60240965,
20666847,native,58591904.84210526,
20663392,native,37602835.52173913,
20664745,native,42603338.57522124,
20667892,native,35796646.3515625,
20664702,native,30903758.56353591,
20666438,native,5494447.783810464,
20664045,native,40142936.72727273,
20664399,native,49025873.52272727,
20667324,native,34972657.86407767,
20665267,native,40614644.10843374,
20664985,native,12704066.739030022,
20664232,native,31018036.012658227,
20664329,native,34933198.74045801,
20665418,native,68696364.36842105,
20664862,native,34005983.244755246,
20666579,native,32573451.815602835,
20664142,native,49678948.0,
20665400,native,57231388.22352941,
20665448,native,37591265.27972028,
20663485,native,49684998.345132746,
20664423,native,48035740.094339624,
20665175,native,28028440.361904763,
20664403,native,40656999.71296296,
20665193,native,44032982.729166664,
20667142,native,76667539.52941176,
20663673,native,24577737.50678733,
20664816,native,52261351.416666664,
20665642,native,73997757.15,
20664517,native,19228596.80392157,
20663953,native,47623372.380530976,
20664842,native,67378125.3076923,
20665079,native,38741176.76712329,
20666942,native,71870579.8,
20665246,native,36782478.54482759,
20668628,native,47825755.872727275,
20667513,native,50221382.288135596,
20664606,native,29600236.488235295,
20665354,native,35696419.27027027,
20663438,native,51765157.7631579,
20664797,native,62026851.96511628,
20666658,native,53374893.17045455,
20666768,native,40138273.13513514,
20664653,native,29278212.0,
20664893,native,16683744.714285715,
20664746,native,18752727.472103003,
20666486,native,41567657.0234375,
20669001,native,43425021.67619047,
20664703,native,52928854.9375,
20663768,native,35988039.821428575,
20666848,native,43562204.06306306,
20666439,native,10754400.334112149,
20665419,native,45541140.222222224,
20664046,native,44328568.36111111,
20666393,native,76664338.80246913,
20663393,native,22585184.211382113,
20667325,native,47434936.63207547,
20667143,native,45181712.46315789,
20664798,native,32359869.81,
20664424,native,22023159.27149321,
20664518,native,13725750.469325153,
20665109,native,50033183.1368421,
20667893,native,54920032.504854366,
20664817,native,30314329.53642384,
20663486,native,16428958.45079365,
20666580,native,6762045.627400768,
20664233,native,42317600.272,
20667514,native,72829745.96,
20664986,native,79975598.88333334,
20665080,native,47956723.98863637,
20665268,native,42992050.31538462,
20664330,native,72586033.75342466,
20665449,native,39153326.624060154,
20664404,native,55893184.94444445,
20665176,native,27782434.231578946,
20666943,native,34436410.0610687,
20663439,native,36894370.36792453,
20664863,native,44973079.666666664,
20665401,native,52081598.36893204,
20663954,native,36133862.347826086,
20664143,native,46503727.5862069,
20665194,native,14545022.03896104,
20665247,native,46708521.928571425,
20663674,native,87855302.9137931,
20666659,native,31837011.536,
20668629,native,48771361.46534654,
20664843,native,54682344.910891086,
20665643,native,46180860.723076925,
20665355,native,36056995.70322581,
20664607,native,52641336.52380952,
20666769,native,45287772.49504951,
20665420,native,24534909.24,
20664654,native,48796305.79047619,
20666849,native,45973386.46875,
20664894,native,55530822.65060241,
20664704,native,33498311.72972973,
20663394,native,24557787.233333334,
20669002,native,49462652.885714285,
20664747,native,66325689.17283951,
20663769,native,45145955.37931035,
20666487,native,17424926.24117647,
20666440,native,76192179.46666667,
20664047,native,42639509.141666666,
20667515,native,32043275.05263158,
20667326,native,47399189.55339806,
20664864,native,40054106.96039604,
20666394,native,66046568.7368421,
20664799,native,72645687.38461539,
20664425,native,55193918.76470588,
20665177,native,68055803.71428572,
20664144,native,36343891.84347826,
20664331,native,38896689.99166667,
20665269,native,47908598.5625,
20664234,native,17013596.7972973,
20664818,native,31162049.590361446,
20667894,native,40995065.951219514,
20665110,native,60991191.62962963,
20666944,native,5329165.171189979,
20665402,native,71360847.14285715,
20664405,native,40930918.15079365,
20663487,native,60135031.22093023,
20667144,native,48963766.07826087,
20665081,native,14189612.87012987,
20668630,native,46183540.822916664,
20663955,native,49880790.75,
20664519,native,69451488.50684932,
20665644,native,37830194.34234234,
20665450,native,43868910.91869919,
20664987,native,43001662.18796992,
20663675,native,37939445.237762235,
20665356,native,40799837.18018018,
20665248,native,68539233.46511628,
20663440,native,51079726.266666666,
20665195,native,67209735.27058823,
20666660,native,63318242.95604396,
20664844,native,18932179.221122112,
20664608,native,41836113.0338983,
20666581,native,91875821.77272727,
20666770,native,35471118.419117644,
20664655,native,43263106.428571425,
20665421,native,71791854.46969697,
20664895,native,45558977.90740741,
20666850,native,73445308.92857143,
20667516,native,48148380.34883721,
20664800,native,45295719.50526316,
20669003,native,55350727.458333336,
20667327,native,70886376.1904762,
20663395,native,81520837.11666666,
20666488,native,85191749.55172414,
20664865,native,36480001.433823526,
20667895,native,48846686.88636363,
20664048,native,38609124.88148148,
20665178,native,44841766.99029126,
20664748,native,55667780.927083336,
20666441,native,52767828.30612245,
20664705,native,56803092.14285714,
20666395,native,39817112.1015625,
20664332,native,35796026.55639098,
20666945,native,79099442.19607843,
20665111,native,37102245.8699187,
20665249,native,37810801.916666664,
20665645,native,36973455.84684685,
20663770,native,43862314.21374046,
20664819,native,65604662.0,
20664145,native,48823921.33018868,
20665403,native,58774271.18518519,
20664235,native,73170093.27868852,
20665270,native,19991240.304347824,
20663488,native,44871489.18018018,
20667145,native,34791310.61486486,
20665451,native,39967783.90833333,
20664426,native,55806638.03636364,
20663676,native,40333026.91818182,
20663956,native,64141028.506172836,
20665082,native,69640117.67123288,
20665196,native,40838788.32038835,
20664988,native,62582399.575,
20664520,native,62247702.481481485,
20668631,native,31844752.033333335,
20665357,native,31497021.93037975,
20666661,native,54971417.294117644,
20664546,native,80807861.85454546,
20664609,native,35943389.58015267,
20664845,native,56886143.09090909,
20663441,native,48070133.23478261,
20666582,native,61958577.41975309,
20666771,native,42695289.54444444,
20664656,native,32500591.83448276,
20665422,native,37549750.67132867,
20664896,native,36315025.4964539,
20667517,native,37993605.91869919,
20666851,native,34764097.27152318,
20666489,native,23789335.86842105,
20663771,native,14254705.94137931,
20667896,native,37376832.01626016,
20663396,native,25886470.547368422,
20669004,native,37758983.0882353,
20664801,native,44680683.42063492,
20665646,native,13499319.160326088,
20667328,native,30580661.011560693,
20664820,native,52018965.63953488,
20664706,native,41884457.46666667,
20664749,native,18241926.26779661,
20664921,native,42124630.5,
20666442,native,44193451.23140496,
20664171,native,28368649.08080808,
20666396,native,37808812.94326241,
20664866,native,65176389.729411766,
20664146,native,41645442.779661015,
20664427,native,26396742.319018405,
20665271,native,12962369.753846154,
20665404,native,35288853.33566434,
20664333,native,39190656.114285715,
20664049,native,42377604.35294118,
20665112,native,33450146.91566265,
20665452,native,59611808.5625,
20663677,native,34260867.63120567,
20664236,native,47870394.17272727,
20666946,native,72554718.72839506,
20663957,native,10959162.929936307,
20664610,native,37979008.905660376,
20664521,native,49323915.8125,
20663489,native,53737909.81904762,
20667146,native,58836904.421052635,
20665197,native,51515512.520833336,
20665083,native,53091087.35789473,
20666662,native,28187379.21142857,
20664989,native,35048504.443708606,
20665358,native,42449794.911504425,
20668632,native,61631291.44871795,
20664846,native,38596957.97457627,
20663442,native,8213884.074410164,
20664547,native,34793051.00653595,
20666583,native,20791393.336283185,
20666772,native,43885672.333333336,
20664657,native,32229170.077419356,
20667518,native,39229334.68468469,
20665423,native,54039158.82105263,
20664897,native,48086453.141509436,
20663772,native,52909837.93333333,
20666852,native,85939885.75,
20666490,native,49705082.84761905,
20667897,native,35956514.0942029,
20663397,native,71244330.01470588,
20669005,native,61099314.87654321,
20664707,native,16361728.09,
20664802,native,55830239.17894737,
20665453,native,26958426.9375,
20665647,native,62888902.44871795,
20664867,native,46403779.33018868,
20664428,native,35918548.80152672,
20667329,native,29754888.038674034,
20664050,native,43939392.571428575,
20664522,native,16929748.608163264,
20665405,native,48979292.87755102,
20664750,native,67892721.0140845,
20664821,native,31910992.679775283,
20666397,native,29311848.857954547,
20664922,native,47918520.38095238,
20666443,native,69904172.77142857,
20664147,native,64878527.73076923,
20666663,native,35767964.230088495,
20663678,native,40039994.47154471,
20664172,native,56966284.88172043,
20664334,native,39221034.30075188,
20665084,native,38350151.07079646,
20664847,native,36100650.666666664,
20665113,native,41523678.24427481,
20668633,native,21335241.83838384,
20663490,native,55683214.32941177,
20665272,native,72500351.7,
20663958,native,70859107.96721311,
20664990,native,47682932.67368421,
20665198,native,44807434.27027027,
20667147,native,42878374.47933884,
20666947,native,50594148.38095238,
20664237,native,35845569.29032258,
20664611,native,36800749.52027027,
20663443,native,74921090.89285715,
20665359,native,29432311.37810945,
20664548,native,32032691.5,
20666773,native,34491876.05,
20666584,native,114348250.52083333,
20664658,native,71485757.33802816,
20667519,native,18010189.74904943,
20665424,native,41483799.73873874,
20663773,native,33975980.5112782,
20664898,native,56787390.58064516,
20666853,native,33339255.91780822,
20666491,native,18036969.242857143,
20667898,native,45143684.15238095,
20664868,native,38383068.7264151,
20664051,native,32070156.288,
20669006,native,46485057.333333336,
20665425,native,43228074.487804875,
20664429,native,8015288.813531353,
20664803,native,57309800.08139535,
20664523,native,34901959.36956522,
20666664,native,41873141.163636364,
20665648,native,57941027.23529412,
20667330,native,54303875.930232555,
20664923,native,38330218.54545455,
20664148,native,47793684.62105263,
20665406,native,40414703.520325206,
20664822,native,43066620.230088495,
20666444,native,34617103.28571428,
20664751,native,35639553.847826086,
20665454,native,74467346.23529412,
20664991,native,31744155.153846152,
20666398,native,40631472.09756097,
20663491,native,28900897.708074532,
20664848,native,41691365.49152543,
20665114,native,51979658.55681818,
20664238,native,84574326.04444444,
20663679,native,37211658.81746032,
20668634,native,49511965.32258064,
20665085,native,40349543.39830509,
20664173,native,35554724.592857145,
20664708,native,87728012.69642857,
20665199,native,41679320.87037037,
20667148,native,34110436.122137405,
20665273,native,55604255.01098901,
20664335,native,36091661.602649,
20666948,native,29603497.34682081,
20663444,native,41120168.30578513,
20664612,native,29165171.382198952,
20663959,native,52625493.654867254,
20664549,native,46257689.02830189,
20665360,native,50123796.0,
20666774,native,36877731.98039216,
20666585,native,34332387.95890411,
20664659,native,45815186.34259259,
20665366,native,44021630.39655172,
20663774,native,39564693.64655172,
20664899,native,38213760.43478261,
20664869,native,34306912.967479676,
20667520,native,88517287.27083333,
20667899,native,36736191.464,
20664524,native,56600110.03030303,
20666492,native,81189084.3442623,
20665649,native,29523701.358108107,
20669007,native,15620130.021021022,
20664052,native,58751454.31818182,
20667331,native,36250154.75384615,
20664752,native,22082166.331818182,
20664709,native,28600149.60283688,
20664149,native,32313129.947712418,
20665407,native,41945228.0661157,
20665426,native,26774425.92857143,
20664992,native,39079509.27118644,
20664849,native,36391817.856,
20664823,native,56841257.93181818,
20665115,native,39907002.49090909,
20666445,native,69551374.2,
20666890,native,68227021.14473684,
20665200,native,1078936.7812574706,
20664430,native,75823846.65,
20663680,native,50776978.847058825,
20666665,native,57703578.87777778,
20664336,native,39515941.97169811,
20666854,native,109583439.56097561,
20663492,native,52323867.12903226,
20666399,native,17128570.452145215,
20665455,native,39466581.65942029,
20664239,native,38371112.06153846,
20664174,native,49070037.95,
20668635,native,59423697.38372093,
20667149,native,44845350.0990991,
20665274,native,77761170.77586207,
20664924,native,39542574.61290322,
20665086,native,24838047.377682403,
20663960,native,32998317.413333334,
20664550,native,12198174.958762886,
20666949,native,86370200.10344827,
20663445,native,20646897.787072245,
20665361,native,45336134.62068965,
20664613,native,65261358.417582415,
20666775,native,71477539.5,
20664660,native,32727714.34351145,
20666586,native,28331049.497109827,
20665367,native,31637190.148387097,
20664870,native,33955785.66206896,
20667900,native,36532261.26829268,
20664525,native,39132540.761061944,
20667521,native,39309299.09558824,
20663775,native,33368578.04761905,
20664900,native,34069316.166666664,
20665650,native,36049904.52205882,
20666493,native,59282853.5375,
20665427,native,22418365.635897435,
20664053,native,17694657.03448276,
20664150,native,46971375.05555555,
20666400,native,45295983.81395349,
20665116,native,30685757.793333333,
20664850,native,24366150.83084577,
20665408,native,66678212.82191781,
20664337,native,74547496.6226415,
20669008,native,61118298.95454545,
20668636,native,29873621.377622377,
20667332,native,56055857.548387095,
20664753,native,51553091.21052632,
20666666,native,28493349.154285714,
20664824,native,37949286.733333334,
20666446,native,42797940.958333336,
20664175,native,20922266.82352941,
20664993,native,70635827.63492064,
20663493,native,25951836.952631578,
20664925,native,43283817.68817204,
20664710,native,50636905.481481485,
20666891,native,68291664.43835616,
20664431,native,43230162.050847456,
20664240,native,29532418.06626506,
20663681,native,37792496.29078014,
20665201,native,62755252.855421685,
20665456,native,61981384.51282051,
20665275,native,69326117.0,
20666855,native,43991595.827067666,
20665087,native,72972359.7,
20667150,native,40332166.32061069,
20663961,native,51491300.27710843,
20664551,native,42380568.6173913,
20666950,native,33865071.76351351,
20663446,native,43498690.513274334,
20665362,native,20954938.9,
20664614,native,27214042.63583815,
20666776,native,43913057.576576576,
20664661,native,33475484.446153846,
20666587,native,53398744.666666664,
20667901,native,22715702.143617023,
20665368,native,52253360.62637363,
20664526,native,21571070.48341232,
20664871,native,33911257.20979021,
20663776,native,39059125.117117114,
20667522,native,50345558.32,
20665651,native,36564035.50793651,
20664901,native,55095159.166666664,
20663682,native,60481390.20689655,
20664054,native,62854053.81690141,
20665117,native,11537680.76146789,
20666401,native,42073781.63478261,
20664825,native,26738485.46060606,
20665409,native,53601953.36363637,
20665363,native,55312047.95294118,
20664241,native,52789304.9125,
20666667,native,93649571.51162791,
20666494,native,35268863.8516129,
20667333,native,27765073.923529413,
20664151,native,50754700.94,
20669009,native,42901408.29661017,
20664338,native,17422587.149152543,
20666447,native,37752168.5390625,
20663494,native,15612734.390322581,
20666892,native,33523879.028368793,
20665428,native,69927899.65432099,
20664432,native,66467216.70769231,
20668637,native,55348065.36666667,
20666856,native,50108470.72289157,
20664754,native,38181282.27205882,
20664926,native,40447637.87301587,
20665276,native,28933992.55279503,
20664994,native,47066258.380530976,
20664711,native,38741969.04347826,
20665088,native,56872042.55263158,
20664176,native,48375503.46666667,
20665202,native,39267243.08148148,
20663962,native,36282473.40625,
20665457,native,20915051.284722224,
20667151,native,62527171.8,
20666951,native,32413821.466666665,
20663447,native,46095240.5754717,
20664552,native,70405662.57575758,
20664615,native,26918577.652941175,
20664662,native,48195180.46666667,
20666866,native,54291584.08791209,
20666777,native,40347957.07,
20666588,native,36996991.1484375,
20665369,native,27211737.458064515,
20664527,native,41099824.08181818,
20667902,native,62060718.75,
20664872,native,40717501.91735537,
20663777,native,43084385.59504132,
20665652,native,38592253.782608695,
20667334,native,53767571.92,
20664055,native,18641660.298850574,
20666495,native,25038367.989528798,
20667523,native,74633162.55714285,
20663683,native,38244689.91111111,
20665364,native,42719581.18965517,
20664177,native,43817551.75308642,
20668638,native,46857214.18947368,
20666668,native,52997908.02105263,
20664826,native,28798234.77486911,
20663495,native,111644511.03030303,
20664927,native,28481635.82278481,
20665410,native,60850517.92307692,
20666402,native,18146208.42156863,
20664339,native,50152256.82653061,
20665089,native,12729760.817910448,
20664242,native,37995346.64539007,
20664902,native,59130398.928571425,
20666448,native,42357862.97520661,
20666893,native,52769163.23,
20666857,native,42995149.16949152,
20664433,native,35531385.26027397,
20663963,native,30221957.962406017,
20665277,native,60366033.756410256,
20665429,native,44770027.138211384,
20669010,native,39795396.042553194,
20665118,native,56400964.1980198,
20664152,native,48412839.77586207,
20664995,native,35613785.79285714,
20664755,native,46650174.313043475,
20664712,native,24272578.51162791,
20667152,native,45263343.41860465,
20665458,native,53594456.2368421,
20665531,native,24738000.36,
20664553,native,45695499.72815534,
20663448,native,40706890.68103448,
20666952,native,54754313.741935484,
20666867,native,28522468.54761905,
20666778,native,52522046.36046512,
20664663,native,33258900.025316454,
20664616,native,32002655.80346821,
20666589,native,2329122.632521134,
20665370,native,49897238.54455446,
20664873,native,38443731.06896552,
20667903,native,17936472.751851853,
20664528,native,18325595.985765126,
20665653,native,37067356.83846154,
20663778,native,40349404.24166667,
20667335,native,40733871.06086957,
20664056,native,43239162.84166667,
20667524,native,45935092.87962963,
20666496,native,51425392.677083336,
20668639,native,44060616.916666664,
20663684,native,41149765.208,
20666858,native,29770130.253164556,
20663496,native,34862033.56551724,
20666669,native,20920871.76953125,
20665365,native,33203477.267080747,
20665278,native,30931205.046357617,
20666449,native,55944176.55294117,
20664903,native,27052506.048387095,
20667153,native,49645461.759036146,
20665090,native,91258796.85416667,
20664178,native,53164049.43877551,
20665411,native,56069941.760416664,
20665119,native,30671577.50625,
20666894,native,34535570.98013245,
20664756,native,30789992.286666665,
20664153,native,39147398.666666664,
20666403,native,75004092.60606061,
20665430,native,44040770.881355934,
20663964,native,35749238.179310344,
20664713,native,52653384.294117644,
20664340,native,82359871.46666667,
20664827,native,57611502.291666664,
20665459,native,40373389.79661017,
20664243,native,32413687.520467836,
20669011,native,15147658.120547945,
20665532,native,37854216.25,
20664434,native,54972551.571428575,
20664996,native,31997992.803680982,
20664928,native,58483512.104166664,
20666953,native,29768134.974683546,
20663449,native,54896464.84090909,
20664617,native,21150160.280788176,
20666779,native,57854853.05128205,
20664664,native,41791565.86363637,
20664554,native,41877305.71631206,
20666868,native,71500520.46575342,
20665371,native,36081013.91891892,
20666590,native,80212721.24528302,
20667904,native,58510310.197530866,
20664529,native,31131481.98265896,
20664874,native,7715425.77012987,
20665654,native,48575017.38613861,
20663779,native,41978385.428571425,
20664757,native,12230021.206666667,
20667336,native,35906204.70945946,
20667525,native,30937671.36708861,
20663965,native,34534277.92727273,
20668640,native,35574918.29078014,
20666497,native,55577215.63333333,
20664179,native,55079364.06024096,
20666895,native,62350658.957746476,
20666404,native,69181023.26666667,
20665412,native,82329863.35849057,
20666670,native,64044017.15,
20664057,native,62540657.03409091,
20665279,native,53371435.50526316,
20665533,native,34801683.55555555,
20663685,native,45707441.52542373,
20666859,native,60966595.744186044,
20667154,native,27787425.664921466,
20666860,native,37885177.44,
20664714,native,54275572.61176471,
20665460,native,34495166.385714285,
20666450,native,45420913.6637931,
20664341,native,36339212.91851852,
20665091,native,40893535.223076925,
20665120,native,38029593.06521739,
20664244,native,24188108.451456312,
20664904,native,37895993.00699301,
20664929,native,36448089.171875,
20663497,native,91655777.15517241,
20666796,native,56682803.346534654,
20665431,native,66732160.84615385,
20664154,native,57286448.655555554,
20669012,native,55019132.03157895,
20664997,native,57731844.36046512,
20664435,native,36553887.81456953,
20663450,native,35212573.97709924,
20666954,native,45692435.2920354,
20666869,native,34378771.38211382,
20666780,native,43427110.17117117,
20664618,native,65996846.0,
20664665,native,32972352.265822783,
20664555,native,57729763.18072289,
20665372,native,35975499.29323308,
20666591,native,41262298.91269841,
20665655,native,28253807.22159091,
20663843,native,31249466.889570553,
20667905,native,52100435.20952381,
20664530,native,62114725.95454545,
20668641,native,3121881.2548387097,
20663780,native,62645543.4939759,
20667526,native,43760688.23478261,
20664758,native,66383699.40789474,
20666896,native,51429083.19318182,
20667337,native,88752556.56,
20666498,native,62834601.381578945,
20664058,native,51102331.233333334,
20663686,native,32420887.855172414,
20667155,native,37888121.03174603,
20663966,native,68504189.56410256,
20664715,native,27273040.80116959,
20666451,native,37297479.73553719,
20663498,native,41110069.722222224,
20665461,native,40129368.069565214,
20664180,native,41865622.06504065,
20665432,native,34073155.90977444,
20666797,native,21719129.22857143,
20664722,native,36924577.33566434,
20665092,native,23569744.3507109,
20666405,native,51583235.4245283,
20664342,native,41500563.55833333,
20665280,native,42922029.68,
20666861,native,40846595.0952381,
20666671,native,40727732.5882353,
20663796,native,53761379.05376344,
20664998,native,32561609.910344828,
20664245,native,60049798.0875,
20665534,native,39455500.71631206,
20665121,native,60861294.253012046,
20666781,native,33396827.71681416,
20664155,native,35143389.245033115,
20664905,native,62181593.80681818,
20664930,native,43541397.30075188,
20669013,native,64726369.313253015,
20663451,native,42413681.061946906,
20664436,native,40905343.14074074,
20664666,native,43059457.126213595,
20666955,native,61547579.46666667,
20666870,native,54401943.62222222,
20664619,native,37112194.25,
20664556,native,20958051.330508474,
20665373,native,29740618.929078013,
20666592,native,33313620.45238095,
20667906,native,32833988.153846152,
20663844,native,70073591.97142857,
20664531,native,38448578.541666664,
20663781,native,33552139.106382977,
20665656,native,57836378.88,
20666452,native,45665913.8125,
20664759,native,58613009.530864194,
20666897,native,50735048.694736846,
20667156,native,79878617.35849057,
20665433,native,39533383.67256637,
20664716,native,36093482.71428572,
20664723,native,38974027.75221239,
20667527,native,34032990.0931677,
20668642,native,86742940.42857143,
20664181,native,51422598.14285714,
20665462,native,32807353.842465755,
20666499,native,29038819.869318184,
20664059,native,31941050.54375,
20664931,native,49838102.4,
20667338,native,38750490.01449275,
20663687,native,40006326.3984375,
20663967,native,49503988.689320385,
20666862,native,66214019.83098592,
20666406,native,23428195.215246636,
20664246,native,35945993.3828125,
20663797,native,26772533.961325966,
20665093,native,65853658.39473684,
20665281,native,1037050.2182976259,
20664343,native,28832603.47027027,
20663452,native,27088747.78125,
20666798,native,64157060.90361446,
20664999,native,29794263.193181816,
20665535,native,39336470.5625,
20663499,native,22017032.41758242,
20666782,native,47640537.59223301,
20669014,native,47990939.94,
20665122,native,35347945.81456953,
20664906,native,39750317.777777776,
20666956,native,17832629.028455283,
20664156,native,48366654.39622641,
20666672,native,45144928.481203005,
20666871,native,21343179.25462963,
20664620,native,26445986.721518986,
20664437,native,41395743.858333334,
20664667,native,30551974.54819277,
20664557,native,52988486.72727273,
20665374,native,42946230.68867925,
20666593,native,48417501.24210526,
20667907,native,41137175.389312975,
20663845,native,47129439.61261261,
20665657,native,29120453.613496933,
20663782,native,34064530.2,
20666799,native,26335843.833333332,
20664532,native,34019868.302857146,
20666453,native,18706953.442857143,
20665434,native,25972541.643979058,
20666898,native,47657229.90740741,
20667157,native,38421624.26717557,
20664724,native,54848859.18181818,
20663688,native,48008181.161290325,
20666500,native,46378238.82857143,
20667339,native,39970438.59504132,
20664717,native,47435844.83783784,
20664247,native,34141656.86666667,
20664760,native,42510724.11764706,
20664182,native,42038202.264,
20667528,native,101608578.39130434,
20664060,native,48195052.49090909,
20666407,native,8044657.727131783,
20665094,native,52009679.65934066,
20666673,native,3321972.285375494,
20663798,native,55164154.725,
20666863,native,40470641.8984375,
20663968,native,53689819.39,
20664932,native,34474906.57055215,
20668643,native,74950217.2,
20664344,native,65102095.666666664,
20666783,native,42221720.71,
20665463,native,57251733.29591837,
20665282,native,74319877.3076923,
20664438,native,16090570.115107914,
20669015,native,46889404.75925926,
20663453,native,70192883.56338029,
20664621,native,34332630.88888889,
20665536,native,35150903.0,
20665123,native,51200464.41836735,
20664907,native,29165863.244444445,
20665000,native,58079386.04081633,
20666957,native,60507938.44871795,
20663500,native,63328546.16470588,
20664668,native,38133387.169117644,
20666872,native,5302701.971980676,
20664157,native,41524967.096296296,
20665375,native,33757047.776923075,
20664558,native,53220851.8,
20666594,native,31769244.66438356,
20667908,native,59371405.72289157,
20663846,native,34429074.04516129,
20663689,native,51475719.430232555,
20666501,native,27939501.165644173,
20666800,native,52992639.95454545,
20666454,native,32106237.185430463,
20663783,native,45573320.56637168,
20665658,native,23461072.508333333,
20664725,native,47555197.23469388,
20664533,native,42573082.87804878,
20666899,native,44670730.45689655,
20664183,native,37362503.7265625,
20665435,native,46104668.06666667,
20666674,native,56818019.83561644,
20666864,native,5670024.13202934,
20667340,native,32679985.851612903,
20664718,native,17441866.393442623,
20668644,native,39811454.45689655,
20665464,native,30793007.36423841,
20666408,native,55255327.80681818,
20667158,native,42380874.794117644,
20664761,native,52303666.051020406,
20664248,native,39526187.54814815,
20667529,native,69268655.94666667,
20665095,native,34593159.42,
20664061,native,56027376.06451613,
20664933,native,35275082.88965517,
20665283,native,56520214.0125,
20664345,native,43527848.50847457,
20663969,native,17294937.225,
20663799,native,50335072.81,
20664439,native,41430023.40833333,
20665537,native,41770578.556521736,
20669016,native,49421205.5754717,
20666958,native,58441446.192307696,
20664908,native,47112996.6,
20666784,native,62384504.86666667,
20664622,native,30873802.219101124,
20664669,native,36037661.25714286,
20664559,native,46521624.53333333,
20665001,native,87256556.625,
20663454,native,35449593.347826086,
20663501,native,26724997.606060605,
20666873,native,74619039.56338029,
20665124,native,14476075.307328606,
20664158,native,49586578.443396226,
20665376,native,46291065.779661015,
20666502,native,3068.7370809544723,
20666595,native,27169577.572972972,
20666801,native,18980850.08627451,
20667909,native,38981076.80141844,
20663847,native,61061165.61728395,
20666675,native,51795177.55555555,
20666455,native,73170522.27692308,
20665659,native,58809643.25,
20663690,native,31570548.654545456,
20664726,native,30220722.204819277,
20664534,native,53474125.92941176,
20664249,native,34585309.0,
20666900,native,29295917.111764707,
20663784,native,32596920.791666668,
20668645,native,2935366.2501599486,
20665436,native,17283612.12413793,
20667159,native,21282852.322115384,
20664184,native,50415121.895833336,
20664719,native,66240234.558823526,
20664762,native,43069385.283018865,
20667530,native,35490343.57936508,
20667341,native,48199992.00952381,
20665538,native,33057345.537190083,
20665465,native,47047846.942857146,
20665096,native,32224799.115384616,
20663970,native,88020178.31372549,
20666865,native,104161083.34,
20664934,native,59282502.04705882,
20665284,native,44815906.876106195,
20664062,native,39711118.84057971,
20666409,native,69884421.73076923,
20664346,native,40084058.307692304,
20666959,native,30149641.595092025,
20664440,native,49702595.13207547,
20663800,native,42754055.265625,
20664670,native,37568513.58461539,
20664909,native,35716216.4822695,
20663502,native,66172045.384615384,
20669017,native,67592159.04938272,
20665002,native,48823102.25510204,
20663455,native,35165606.407142855,
20665125,native,64433812.3382353,
20664623,native,54150887.58064516,
20664560,native,43858428.38016529,
20666596,native,45858725.83529412,
20666785,native,36122515.4125,
20664159,native,30233241.975460123,
20665377,native,38232784.309523806,
20666874,native,102267165.14583333,
20666503,native,64518727.41860465,
20663848,native,22905053.284974094,
20666901,native,56770632.535211265,
20665660,native,32445795.307692308,
20667910,native,26088862.92857143,
20664720,native,21893755.12244898,
20663785,native,41528259.942857146,
20666456,native,22097169.8375,
20664185,native,65107405.27272727,
20664727,native,33727893.37748344,
20666676,native,53681251.82653061,
20663691,native,41009354.52380952,
20664078,native,42162310.094827585,
20664535,native,67743372.1971831,
20666410,native,16025930.67293233,
20666802,native,68032259.74725275,
20667531,native,14385133.654986523,
20664763,native,53655139.85714286,
20668646,native,80287507.60606061,
20667160,native,63123765.91860465,
20665539,native,60351798.87951807,
20667342,native,36831834.62068965,
20664935,native,55909251.641975306,
20664250,native,51511390.36521739,
20663971,native,38030100.23664122,
20666960,native,55327348.15,
20665097,native,57443586.25274725,
20665285,native,69200421.42465754,
20666462,native,63139365.62650602,
20664347,native,41475144.040650405,
20664561,native,44863666.86363637,
20665466,native,40246101.013986014,
20663503,native,37843497.71551724,
20664671,native,37360893.917293236,
20663801,native,56925948.530120485,
20664063,native,41327179.86259542,
20665003,native,47122824.552083336,
20669018,native,55504171.53409091,
20664441,native,34923227.76774193,
20664910,native,46428411.93636364,
20666786,native,33855522.61486486,
20664624,native,36981856.94326241,
20666597,native,39785130.23577236,
20663456,native,40341101.86153846,
20664160,native,44453048.666666664,
20665126,native,41586882.396946564,
20666875,native,31135669.360248446,
20665378,native,66678969.94520548,
20666504,native,107465001.98039216,
20663849,native,66702173.52307692,
20667911,native,3829739.7444352843,
20666677,native,32728416.59310345,
20663786,native,39297007.4,
20665661,native,54175892.32653061,
20666902,native,58273286.03125,
20664728,native,50123054.30188679,
20666457,native,7275554.257142857,
20663692,native,54468426.80645161,
20664536,native,42443239.238938056,
20667343,native,42939111.97,
20664721,native,65630302.38554217,
20666411,native,51035024.53488372,
20664186,native,54727338.928571425,
20666961,native,52055769.807228915,
20664079,native,27210792.819444444,
20663972,native,57428528.32098766,
20667161,native,30968678.696969695,
20663802,native,28136733.32167832,
20666803,native,82950652.0909091,
20664936,native,35571080.205882356,
20665540,native,45743542.48275862,
20664764,native,48465214.905660376,
20668647,native,18540867.64864865,
20666463,native,31851878.7972973,
20664348,native,49809184.19354839,
20663504,native,23741092.380487803,
20665286,native,34239246.067567565,
20665467,native,41596236.33898305,
20667532,native,97559132.56862745,
20666598,native,25508156.064327486,
20664562,native,59832162.23076923,
20664442,native,38039496.76923077,
20664625,native,42954055.396039605,
20664672,native,46509402.182608694,
20669019,native,35281508.87837838,
20665098,native,31446737.491803277,
20664251,native,60614311.29591837,
20665004,native,35044940.51282051,
20665379,native,30853344.4,
20666787,native,28884738.52631579,
20664064,native,44421097.7109375,
20664911,native,33645941.71428572,
20664161,native,46023374.75238095,
20665127,native,39325104.3984375,
20663457,native,49335790.13333333,
20666876,native,55405071.38636363,
20666505,native,33473116.617021278,
20663850,native,41377474.76190476,
20665662,native,35747366.88429752,
20663787,native,45720507.927083336,
20666678,native,69283784.98484848,
20666903,native,30512303.90506329,
20664194,native,39637577.608,
20666412,native,33889367.76551724,
20663693,native,35465759.0890411,
20664729,native,53210680.051020406,
20667912,native,59933318.777777776,
20666962,native,33000907.062937062,
20664937,native,28700992.3875,
20664187,native,58406781.89534884,
20667344,native,74353175.07142857,
20663973,native,14401221.586592179,
20664537,native,51352952.666666664,
20663803,native,40420109.624,
20666464,native,35052363.375939846,
20666804,native,63487462.21794872,
20665541,native,22413264.52631579,
20668648,native,55723553.8021978,
20664765,native,42944920.7398374,
20666458,native,88676223.2,
20664080,native,68890487.8125,
20664349,native,36669575.08219178,
20667162,native,45174643.781954885,
20664626,native,41416641.426086955,
20665380,native,52196016.35,
20664065,native,46340169.927083336,
20664162,native,37864355.945454545,
20665468,native,42189076.3129771,
20666788,native,45161210.708737865,
20664252,native,37016719.84962406,
20665005,native,45555800.57272727,
20663505,native,60176042.55555555,
20664673,native,42167538.976,
20669020,native,47439079.04545455,
20665287,native,64711448.22093023,
20665099,native,41894074.603174604,
20664443,native,50374031.0,
20665128,native,52792615.54651163,
20667533,native,5211205.067649609,
20664912,native,27782484.289772727,
20666599,native,47942079.47826087,
20663458,native,50526818.833333336,
20664563,native,64780200.4117647,
20666877,native,72149375.23076923,
20666506,native,61522399.29333334,
20663851,native,59379606.677777775,
20665663,native,53021450.61290322,
20666413,native,18947148.083333332,
20666679,native,27323365.077777777,
20664195,native,16577839.566433566,
20666904,native,53662073.26530612,
20667345,native,33661624.62222222,
20663788,native,52522713.64545455,
20665542,native,44177570.75789474,
20664938,native,6618297.3161953725,
20666963,native,73146232.85714285,
20663694,native,44823283.70689655,
20664730,native,31851786.666666668,
20666805,native,28934839.355828222,
20666459,native,46557225.97849462,
20663974,native,52779914.655555554,
20664766,native,41997455.94444445,
20666465,native,61070288.58024691,
20663804,native,33538963.509677418,
20667913,native,67017869.45333333,
20666789,native,36101114.594339624,
20664538,native,36126423.84,
20664188,native,38768991.03225806,
20667163,native,44506588.65740741,
20665288,native,52128001.538461536,
20665381,native,13112668.053908356,
20665006,native,3023783.8051948054,
20664627,native,26768769.586021505,
20668649,native,35140627.96129032,
20664081,native,28264097.177419353,
20664163,native,54789791.44578313,
20664350,native,34664209.93464052,
20664674,native,48911797.051020406,
20665129,native,35656270.1171875,
20664066,native,39801706.63846154,
20663506,native,33135304.039215688,
20664913,native,51870273.70454545,
20664253,native,34006862.37820513,
20665469,native,63977587.328947365,
20669021,native,6092707.953828828,
20667534,native,49574790.54081633,
20664444,native,35613285.73426574,
20665100,native,43093508.87603306,
20663459,native,48709810.13265306,
20664564,native,44786712.654545456,
20666600,native,49689646.123893805,
20666878,native,38106067.38356164,
20666507,native,27851665.635294117,
20663852,native,32494116.992307693,
20666680,native,44831431.44705883,
20665664,native,40174149.32727273,
20666414,native,54402061.56666667,
20666460,native,40247271.42222222,
20666905,native,45147390.89795918,
20663789,native,26158092.147540983,
20667346,native,29734040.95882353,
20665543,native,37728917.875,
20664196,native,62032814.54444444,
20664082,native,31716210.56198347,
20665289,native,31947772.03968254,
20666964,native,41191314.91735537,
20663975,native,52711260.48387097,
20663805,native,49421872.408163264,
20663695,native,25012906.65876777,
20666466,native,45283410.14414415,
20667914,native,45500076.12264151,
20664731,native,53535296.6632653,
20664939,native,71466606.36619718,
20666790,native,26956401.136842106,
20664445,native,52359809.558823526,
20664767,native,45839338.01652893,
20664539,native,69320307.9736842,
20665130,native,38017994.608333334,
20664067,native,30399259.451612905,
20664914,native,32831501.586466167,
20665382,native,74890157.44444445,
20664675,native,47267142.00970874,
20666806,native,67903719.35227273,
20664189,native,44658356.81355932,
20667164,native,67190787.42105263,
20668650,native,60287363.81927711,
20664164,native,23465919.293333333,
20664628,native,54191511.483516484,
20665007,native,72856706.1904762,
20669022,native,63210431.21333333,
20664351,native,35205040.47826087,
20665101,native,52008195.23655914,
20663507,native,48356605.7,
20666601,native,43219462.02912621,
20664565,native,40934443.90990991,
20663460,native,13076873.177304965,
20664254,native,41304230.89285714,
20667535,native,36190790.21118012,
20665470,native,70683528.175,
20666879,native,28136829.236842107,
20666508,native,54849886.29032258,
20663853,native,52432751.694736846,
20666681,native,44469905.97457627,
20665665,native,34547803.664556965,
20666415,native,44407322.628318585,
20663806,native,13752806.403041825,
20666906,native,33809744.832167834,
20666461,native,27310185.5,
20663790,native,38474855.7,
20665544,native,33116065.097902097,
20664940,native,8219333.98989899,
20667347,native,63467743.928571425,
20664197,native,60663921.8,
20666965,native,43865371.18644068,
20664732,native,40474073.85123967,
20663696,native,53501904.82954545,
20664083,native,48348434.51724138,
20666791,native,50228141.222222224,
20667915,native,45838582.76724138,
20664446,native,31745128.588235293,
20663976,native,40108160.86764706,
20664629,native,36808630.99115044,
20666467,native,49733104.945454545,
20665008,native,17210678.11026616,
20664768,native,37776528.42222222,
20664915,native,45166491.408163264,
20665131,native,46758674.53465346,
20669023,native,33914755.83076923,
20665290,native,102963462.34545454,
20664540,native,54264424.37362637,
20664190,native,50385974.89795918,
20668651,native,40353148.703125,
20664165,native,40503333.28,
20667165,native,16957487.579113923,
20664676,native,47354059.75221239,
20665383,native,76476495.55882353,
20664068,native,67639065.725,
20664566,native,42725744.81,
20666807,native,79081386.84931506,
20665102,native,42702484.40677966,
20664352,native,40683218.11278196,
20666602,native,55978768.59090909,
20663508,native,52402300.24489796,
20665471,native,56270777.927710846,
20664255,native,29858419.642045453,
20667536,native,52133079.13978495,
20663461,native,68543834.41428572,
20666880,native,66243263.808823526,
20666509,native,56079814.30693069,
20663854,native,44304708.56910569,
20666682,native,27686944.082872927,
20666416,native,50815625.817204304,
20666907,native,107067843.39534883,
20665666,native,30098097.65882353,
20667348,native,42211416.35,
20663807,native,58837002.27272727,
20665545,native,33350455.901960783,
20664198,native,35999571.12,
20666000,native,61829789.04395604,
20664447,native,37517001.554545455,
20664733,native,47657059.21052632,
20664941,native,71738324.79411764,
20663977,native,36018204.85123967,
20664084,native,56661832.2962963,
20663791,native,71416184.60240965,
20665132,native,59948759.842857145,
20666792,native,17977539.703571428,
20664101,native,27246606.02222222,
20667916,native,38228651.375939846,
20663697,native,49902138.66990291,
20664191,native,52646286.40740741,
20664630,native,30518603.56547619,
20669024,native,43780846.72727273,
20665009,native,61820244.39506173,
20665291,native,57618243.011764705,
20664541,native,14357311.915730337,
20664567,native,25281651.375722542,
20664916,native,37711122.29710145,
20666966,native,38840387.58227848,
20668652,native,16601866.006535947,
20667166,native,38963025.216,
20664769,native,39059223.95104895,
20665384,native,19658253.25882353,
20666808,native,4585893.01602262,
20664166,native,40015091.27480916,
20665103,native,66441539.1617647,
20664677,native,20117845.895683452,
20664069,native,17792224.304918032,
20663509,native,41855214.018867925,
20664256,native,43933803.574074075,
20665472,native,58238321.87951807,
20666603,native,34651795.090322584,
20663462,native,47961325.32,
20664353,native,53329183.66336634,
20667537,native,22141818.12033195,
20666881,native,60409582.1125,
20666510,native,29921113.19148936,
20666683,native,45478639.0,
20663855,native,46044542.67826087,
20665667,native,45678992.97029703,
20667349,native,54648379.222222224,
20663808,native,25329526.005681816,
20666908,native,21200496.5,
20666417,native,68233304.97183098,
20665546,native,29526926.05,
20664199,native,40918846.20869565,
20664085,native,25847833.460227273,
20666001,native,35998025.74637681,
20664543,native,28956827.63253012,
20664102,native,37200218.982300885,
20663792,native,43733631.038095236,
20664942,native,54347315.615384616,
20663978,native,27962336.239361703,
20667917,native,31719488.77027027,
20664448,native,25429076.92825112,
20664192,native,38735458.55284553,
20666967,native,39387426.70754717,
20665133,native,57761041.76470588,
20664770,native,35930181.45454545,
20666793,native,68294183.5,
20663698,native,41551020.421875,
20664631,native,41592350.936,
20664917,native,27999639.405714285,
20664542,native,52974061.60227273,
20669025,native,46497190.03448276,
20665010,native,68091003.46052632,
20664678,native,74194686.6,
20668653,native,53999805.10989011,
20665292,native,43274952.424,
20667167,native,68117444.67142858,
20664568,native,26038260.611374408,
20663510,native,38286014.220338985,
20665385,native,50684056.10377359,
20666809,native,70805729.16666667,
20664167,native,59944160.927710846,
20664354,native,34619354.20720721,
20665104,native,29469205.1344086,
20665473,native,36664294.772357725,
20664070,native,23685655.6875,
20663463,native,32070386.226950355,
20666604,native,67538237.4520548,
20667538,native,51527000.20930233,
20666882,native,41481535.304,
20664257,native,41316444.411347516,
20666511,native,55337699.54216868,
20663856,native,44726839.14563107,
20666684,native,70696696.07042253,
20666418,native,31813714.936170213,
20665668,native,22701149.060465116,
20666909,native,87179995.20754717,
20667350,native,65085704.397435896,
20665547,native,55448294.654320985,
20664103,native,19065215.24778761,
20663809,native,61227145.91764706,
20664200,native,26332470.813829787,
20666968,native,4830255.931372549,
20664544,native,43548776.76521739,
20663793,native,30326036.5398773,
20664943,native,28323033.757225435,
20664086,native,74976779.25,
20663979,native,63704782.68571428,
20666002,native,74838772.3235294,
20668654,native,24428687.300653595,
20665134,native,43377183.504761904,
20664449,native,38342343.784,
20666794,native,24724382.341968913,
20664771,native,44766829.83018868,
20664193,native,40116409.825,
20663511,native,44160645.8,
20664918,native,45543516.89,
20664632,native,8810444.414930556,
20664679,native,46786765.12244898,
20666913,native,42247729.92035398,
20667918,native,47656183.788135596,
20664355,native,44139598.03333333,
20665011,native,35516861.79230769,
20667168,native,30806705.54304636,
20666810,native,55446417.13333333,
20665386,native,13142547.09631728,
20663699,native,63588922.222222224,
20664168,native,32958357.13235294,
20665105,native,4332728.0612244895,
20663464,native,37680903.666666664,
20664071,native,98280022.34210527,
20669026,native,42724585.74264706,
20665293,native,34569121.45882353,
20667539,native,24104341.581151832,
20666605,native,49693012.83516484,
20665474,native,67107137.79518072,
20664569,native,62960389.68367347,
20666883,native,22713966.325242717,
20664258,native,37782274.55555555,
20666512,native,52086720.29069767,
20665548,native,30131876.088495575,
20665669,native,77058088.7090909,
20663857,native,52747555.67368421,
20666685,native,45998886.99090909,
20666419,native,35598729.75333333,
20666910,native,53227088.08421053,
20667351,native,23179164.826666668,
20663810,native,30720693.183006536,
20664104,native,12662894.384428224,
20663980,native,31900051.736842107,
20663794,native,42821659.571428575,
20667031,native,37467459.26415094,
20666969,native,70481121.67692308,
20664545,native,31779587.2516129,
20667169,native,3451062.3380530975,
20667919,native,23064367.5625,
20664201,native,62776871.7368421,
20664087,native,25473562.673076924,
20664356,native,16329821.501915708,
20668655,native,30311999.923976608,
20664919,native,42556393.60194175,
20663512,native,44072780.83168317,
20666003,native,39934390.666666664,
20664680,native,42615059.38888889,
20665135,native,35783757.7,
20664633,native,64339864.75,
20664944,native,50425041.62068965,
20663700,native,39412060.03539823,
20666795,native,58844749.55789474,
20664772,native,44794903.253968254,
20666811,native,53807501.86813187,
20664072,native,44170098.71,
20664450,native,85568688.98484848,
20665012,native,35975972.19310345,
20666914,native,22013120.027888447,
20664169,native,33410857.77027027,
20669027,native,43355045.90990991,
20665387,native,73370663.84848484,
20665106,native,75294457.01587301,
20667540,native,43707296.25714286,
20665475,native,16166998.789090909,
20663465,native,54886401.67346939,
20665294,native,62252595.346666664,
20666884,native,83703400.88679245,
20666606,native,2061771.7485228952,
20664570,native,28821087.678756475,
20664259,native,32583328.458064515,
20666513,native,49704831.20909091,
20666911,native,36463333.97272728,
20665549,native,56812960.64835165,
20666420,native,45208478.104761906,
20663858,native,51832294.030612245,
20666686,native,64439158.67469879,
20663811,native,17380760.547540985,
20665670,native,34593714.20224719,
20667352,native,55506376.03333333,
20663795,native,38321993.766666666,
20663981,native,33950379.36666667,
20667032,native,39121315.23577236,
20666970,native,48036749.25242718,
20667920,native,45629752.957894735,
20664920,native,41475932.32,
20664451,native,29000631.4375,
20664202,native,41487247.59130435,
20664088,native,46955934.72,
20664681,native,33484637.509090908,
20666915,native,5886717.315634218,
20665136,native,55945451.64705882,
20664105,native,91453368.62068966,
20664357,native,64401044.54666667,
20665013,native,13054560.378048781,
20666004,native,40501388.36585366,
20668656,native,66701544.05633803,
20666812,native,59742642.67605634,
20667170,native,73154221.61971831,
20663513,native,29981403.634285714,
20664773,native,40228555.779661015,
20664634,native,37736791.16153846,
20663701,native,45331054.23809524,
20666887,native,54965378.322222225,
20663890,native,61026150.296703294,
20664170,native,50276252.833333336,
20664073,native,48660123.25454546,
20669028,native,43668287.982300885,
20667541,native,34079937.25362319,
20665107,native,35963994.77205882,
20664945,native,39355547.69536424,
20665388,native,46244527.220338985,
20665295,native,44463922.442477874,
20663466,native,43282718.9661017,
20666885,native,3918086.8322147653,
20665476,native,73155995.73239437,
20664571,native,35618689.14,
20664260,native,48014415.93333333,
20666514,native,42958547.300884955,
20666912,native,52224192.64102564,
20666607,native,98139785.21568628,
20663467,native,25476093.89017341,
20666687,native,21034974.151658766,
20665671,native,44430487.655555554,
20663859,native,49298981.51,
20665550,native,53431076.90740741,
20663984,native,34146925.152173914,
20663812,native,29580455.747191012,
20663982,native,43851615.2920354,
20666971,native,61493278.61728395,
20667353,native,52687743.75454546,
20664203,native,52504407.65934066,
20667921,native,33085631.913043477,
20667033,native,55858025.76,
20666888,native,8279796.362139918,
20664774,native,22641213.72251309,
20665014,native,58123105.72,
20664452,native,43212142.266666666,
20664682,native,37633808.63043478,
20666005,native,54903724.12345679,
20664106,native,54115618.07692308,
20664265,native,45141278.15702479,
20663702,native,43654365.854166664,
20668657,native,28752767.083333332,
20666813,native,41230031.0173913,
20664358,native,50091175.28,
20664074,native,49251388.7,
20664946,native,30664606.686440676,
20663514,native,42972877.83783784,
20664089,native,42143488.777777776,
20667171,native,42798312.25619835,
20666916,native,115926528.26666667,
20665108,native,44576461.1632653,
20665137,native,39526151.69032258,
20666819,native,34383404.932432435,
20664635,native,46987098.0338983,
20669029,native,23968541.591549296,
20665389,native,46893216.582417585,
20663891,native,47563191.49090909,
20667542,native,31973366.578313254,
20665296,native,45480380.13592233,
20663913,native,44416160.961904764,
20665477,native,40155040.536,
20664572,native,31414917.664335664,
20666886,native,85454168.53448276,
20664261,native,39637175.06779661,
20666515,native,6089398.317839196,
20663703,native,26909593.47777778,
20666608,native,41148110.366412215,
20665015,native,48167256.310679615,
20666688,native,33662341.68589743,
20665672,native,27329622.464285713,
20663860,native,34981556.82,
20665551,native,16071088.59752322,
20663983,native,44453211.53097345,
20667034,native,31363418.86013986,
20666972,native,40922698.45762712,
20667922,native,39090738.90082645,
20664775,native,48725108.45918367,
20663813,native,81872058.51515152,
20663985,native,51011424.844827585,
20664107,native,30028538.48125,
20664204,native,43250658.358333334,
20664090,native,34132106.1328125,
20666006,native,2762798.023143165,
20664453,native,43606971.050847456,
20664947,native,52859407.6375,
20668658,native,44573012.320754714,
20664683,native,44423123.9137931,
20666814,native,37431249.7593985,
20667354,native,32886727.98265896,
20666889,native,82243332.25,
20665038,native,60707550.96296296,
20664075,native,39099767.140625,
20663515,native,46689224.88888889,
20664266,native,39406547.85294118,
20666925,native,69530023.56410256,
20665138,native,56299289.60526316,
20664095,native,55241713.416666664,
20667172,native,78846153.91803278,
20664636,native,45197169.217821784,
20669030,native,57600636.307692304,
20666820,native,56768450.666666664,
20666917,native,67560302.76,
20664476,native,46590066.481818184,
20665297,native,31667042.562962964,
20667543,native,45498997.81481481,
20666187,native,72005384.25,
20663914,native,63231883.64383562,
20663892,native,51707322.300970875,
20665478,native,24024552.2513089,
20664573,native,41520682.17391305,
20664684,native,47082032.20720721,
20664262,native,39270588.992753625,
20663704,native,44878367.030612245,
20666516,native,83221040.13114753,
20665016,native,36139388.5942029,
20665673,native,20099460.532467533,
20667035,native,53464241.934210524,
20663861,native,38343088.692307696,
20666689,native,71127088.46052632,
20666609,native,38458261.0,
20664776,native,36968825.9826087,
20665552,native,41348695.233082704,
20669187,native,37280651.02222222,
20666973,native,55829618.6344086,
20667078,native,35813972.15789474,
20664108,native,54204312.93333333,
20663986,native,68863124.02739726,
20667355,native,51682745.15384615,
20663814,native,42012420.34920635,
20664454,native,43272949.46551724,
20664948,native,40263903.634920634,
20663516,native,38806801.84955752,
20665298,native,34722745.117117114,
20665139,native,37280912.45,
20664076,native,50404455.229166664,
20665039,native,35085804.21014493,
20665050,native,49434910.87368421,
20664096,native,40030356.66115703,
20664205,native,39474984.85314685,
20666918,native,37961843.06034483,
20664267,native,48293688.49,
20668659,native,44686286.11666667,
20666815,native,49674005.97142857,
20664637,native,33319838.48965517,
20666007,native,70914229.15492958,
20664091,native,101296990.28301887,
20667923,native,17743065.353723403,
20666188,native,51654815.2125,
20669031,native,43050599.24576271,
20667173,native,22233612.57142857,
20666821,native,46772513.84684685,
20667544,native,54716668.53409091,
20664477,native,24095030.736170214,
20666926,native,34175562.94475138,
20663915,native,55214993.04819277,
20663893,native,52827581.0625,
20665479,native,70846629.85714285,
20664574,native,29562289.247058824,
20664685,native,43361443.48514851,
20664263,native,29892709.987341773,
20663705,native,36901371.81560284,
20666517,native,47561096.46226415,
20665017,native,33447854.410596028,
20667036,native,53571701.98888889,
20666690,native,27603026.478723403,
20665674,native,83110565.92857143,
20666610,native,51233580.48387097,
20663862,native,41217171.21875,
20664777,native,35709008.28368794,
20669188,native,42303536.49137931,
20667356,native,35063080.125,
20665051,native,41006261.29523809,
20663815,native,26083173.27222222,
20665299,native,52175175.125,
20667079,native,61310613.69411765,
20665040,native,35055455.044117644,
20664109,native,42231568.07936508,
20664097,native,46221444.14285714,
20664455,native,39676003.53435115,
20665140,native,33376784.28082192,
20663987,native,41016379.33846154,
20664206,native,40318447.27826087,
20666974,native,46672594.475,
20664077,native,37662390.375,
20663517,native,36261067.32666667,
20665553,native,52608033.36585366,
20666816,native,33344881.45,
20664268,native,28449373.865168538,
20667545,native,39002159.518181816,
20668660,native,35202782.79054054,
20664949,native,47982413.923728816,
20667924,native,35023788.90909091,
20666008,native,45151933.0,
20664092,native,28536976.32222222,
20664638,native,45230181.85840708,
20666919,native,44598173.0546875,
20663916,native,33498328.72932331,
20666822,native,21578623.905349795,
20666189,native,36899785.91608392,
20664478,native,76090233.2,
20669032,native,32027165.643274855,
20666927,native,67778512.0,
20667174,native,29238929.15135135,
20663894,native,40427156.664,
20665480,native,36863114.10743801,
20664575,native,14355895.009345794,
20664686,native,46608900.47619048,
20664264,native,38141943.686956525,
20663706,native,40930812.42975207,
20666518,native,26334404.176165804,
20666611,native,27358082.015873015,
20667037,native,16439066.233226838,
20665675,native,45412459.6407767,
20665018,native,45530150.19548872,
20663863,native,61997452.69736842,
20664778,native,40470166.61788618,
20669189,native,34153434.4893617,
20666691,native,58748288.15053763,
20667357,native,67028369.72,
20663816,native,40655665.844827585,
20664098,native,25096269.758064516,
20665554,native,9322256.333333334,
20663988,native,7848408.265676567,
20665300,native,58924833.28395062,
20665041,native,35094831.10489511,
20664110,native,17384043.307189543,
20664479,native,43934872.03488372,
20664207,native,43934828.097345136,
20665052,native,42549635.53435115,
20664456,native,47331738.19090909,
20667080,native,71132754.68421052,
20663518,native,62397943.615384616,
20666975,native,40912923.86153846,
20664269,native,32835778.36423841,
20665141,native,35617827.63398693,
20667546,native,55435454.47058824,
20666817,native,37325748.37857143,
20666009,native,34882505.79020979,
20664950,native,41469537.516949154,
20666190,native,52998411.70512821,
20664099,native,77797715.9090909,
20664093,native,60411803.08235294,
20667175,native,58150395.756410256,
20667925,native,58361417.39772727,
20666920,native,62817497.30120482,
20664639,native,51012307.17142857,
20668661,native,45761633.728,
20666928,native,35383377.18,
20663895,native,50484870.29069767,
20669033,native,75195917.45588236,
20669093,native,49502444.6875,
20663917,native,49466446.80909091,
20666823,native,75310039.8028169,
20665481,native,39776097.25954199,
20664576,native,69508974.22058824,
20664113,native,72087740.6031746,
20663707,native,20625314.164319247,
20666519,native,49746139.489583336,
20666612,native,63587202.28947368,
20667038,native,70010438.51515152,
20664779,native,41382658.981818184,
20665019,native,39316658.4,
20665676,native,41402247.7578125,
20663864,native,40200079.165413536,
20665301,native,38366791.64655172,
20669190,native,61042058.75268817,
20667358,native,40717549.917293236,
20663817,native,42592781.87068965,
20665044,native,43495078.9,
20666692,native,42142261.0234375,
20663989,native,76101634.36363636,
20664208,native,33101442.59589041,
20665555,native,40457560.723076925,
20664951,native,39722367.87037037,
20664480,native,39592133.31746032,
20665142,native,23834850.739336494,
20665042,native,53072026.61,
20665053,native,50411098.876190476,
20667081,native,36560834.262068965,
20667926,native,35038917.09166667,
20664100,native,34960553.19580419,
20664457,native,40089708.669117644,
20666921,native,46160016.89473684,
20666191,native,56830047.13636363,
20663519,native,47559099.42477876,
20666976,native,86275717.3015873,
20664094,native,35043059.13768116,
20664111,native,76687860.82894737,
20666010,native,37811750.562962964,
20664270,native,42897389.82442748,
20668662,native,48537693.47,
20667176,native,29501491.826589596,
20666929,native,39997308.23728813,
20663896,native,39029207.7,
20667547,native,41013311.19565217,
20666818,native,72697903.09210527,
20667054,native,24371679.470852017,
20666824,native,50004232.52688172,
20669034,native,38654842.333333336,
20665482,native,56440923.306666665,
20669094,native,59957304.325,
20663918,native,26793851.142105263,
20664114,native,23911398.85714286,
20664577,native,28838529.107526883,
20666520,native,16521321.329710145,
20663708,native,72808209.74666667,
20666613,native,38647180.20338983,
20667039,native,29107440.215686273,
20664780,native,27580115.59627329,
20665677,native,41166706.4453125,
20665020,native,16343410.794721408,
20665045,native,34570857.44615385,
20665302,native,39441743.79338843,
20663865,native,13215264.114143921,
20669191,native,40917178.36363637,
20666693,native,53942970.13953488,
20664952,native,40369367.163636364,
20663818,native,39412797.02307692,
20663990,native,40494295.18103448,
20667359,native,44742387.520325206,
20665043,native,38487286.14655172,
20665056,native,16839294.203703705,
20666192,native,30645775.37062937,
20665054,native,40064567.95652174,
20665556,native,52899423.041666664,
20664212,native,32440028.664285716,
20667927,native,58433550.78313253,
20666922,native,40795907.04347826,
20664458,native,43019779.87962963,
20666977,native,34624388.51449275,
20664209,native,45861305.328,
20665483,native,25907928.475,
20663520,native,34212442.45517241,
20668663,native,28319701.41566265,
20664112,native,44116315.97272728,
20667082,native,21874679.351778656,
20664481,native,24121706.101626016,
20665143,native,65445611.5,
20666011,native,3108240.0457478007,
20669035,native,37350842.40833333,
20667177,native,61152002.32,
20664271,native,45934620.84259259,
20667548,native,49961675.020833336,
20669095,native,48325187.957894735,
20664581,native,54389061.975903615,
20663897,native,30209309.03468208,
20666930,native,69787005.0263158,
20663919,native,59040115.3125,
20666825,native,48189441.443478264,
20664115,native,36257951.56428572,
20667055,native,61025578.83516484,
20666521,native,28596906.582822084,
20664578,native,38115994.42553192,
20663709,native,8258926.074193548,
20667040,native,22903751.18974359,
20666614,native,39577014.610687025,
20664119,native,63620312.43589743,
20665678,native,35881113.19548872,
20669192,native,40490144.53658537,
20665046,native,38695346.4,
20665303,native,70409429.12857144,
20666694,native,36011865.489655174,
20663866,native,66644093.535211265,
20664953,native,37285034.61481482,
20665055,native,33057018.263157893,
20665021,native,100331996.44,
20667360,native,43964249.831858404,
20663819,native,29599906.2,
20664459,native,39177625.449152544,
20665057,native,63902057.881578945,
20665557,native,56022214.755813956,
20663991,native,33366758.1686747,
20667928,native,13986196.804469274,
20666978,native,53308811.72727273,
20664587,native,67704725.70422535,
20665484,native,46247623.18,
20668664,native,24154853.858585857,
20664482,native,49054782.64210527,
20664213,native,49668943.342857145,
20664584,native,49841187.52040816,
20666923,native,38223801.42553192,
20665144,native,48773605.408163264,
20667549,native,48585298.703296706,
20664210,native,35427790.61333334,
20667083,native,56519083.322222225,
20666193,native,54489916.27722772,
20664272,native,40320338.5,
20666012,native,69197309.95714286,
20663521,native,62571307.43209877,
20669036,native,43127606.3,
20664582,native,24126253.173076924,
20667178,native,30232036.184971098,
20664116,native,6811913.776377953,
20666931,native,55858457.55813953,
20663898,native,86098887.85714285,
20669096,native,40246205.64444444,
20666826,native,67230190.53333333,
20663920,native,45877585.23275862,
20667056,native,49268890.942857146,
20664579,native,39184098.73043478,
20666522,native,83584687.94545455,
20667041,native,29659446.943262413,
20663710,native,79778729.45454545,
20666615,native,45008940.50495049,
20664120,native,43595291.31034483,
20665679,native,54040328.64835165,
20669193,native,54898382.51136363,
20666695,native,53332423.79120879,
20665047,native,53658778.41111111,
20665022,native,40103123.43103448,
20664954,native,31130065.794871796,
20665304,native,40430978.0,
20665558,native,39120517.42727273,
20663878,native,26905520.478947368,
20664460,native,58076616.90123457,
20663867,native,34193688.14375,
20664588,native,29680516.253164556,
20667361,native,27192808.7,
20666979,native,44536274.37142857,
20665485,native,29018845.5875,
20663820,native,49234557.106796116,
20667929,native,45623023.20754717,
20667550,native,13758907.731117824,
20665058,native,2137840.4188235295,
20667084,native,32332808.97826087,
20664214,native,32216673.437086094,
20668665,native,65776522.33802817,
20666924,native,46711644.0,
20664483,native,59479218.03614458,
20663992,native,41914902.22900763,
20665145,native,44542784.59090909,
20666194,native,29445337.163636364,
20664273,native,39084301.31746032,
20664211,native,63823594.171052635,
20666013,native,54910603.96590909,
20664585,native,16123780.86312849,
20664583,native,41079487.4661017,
20669037,native,30948278.664739884,
20663899,native,30050238.044303797,
20667179,native,59518723.90123457,
20667057,native,44596621.59139785,
20666932,native,31945401.412121214,
20663522,native,78736064.85294117,
20664580,native,28436076.05925926,
20669097,native,37249405.92028985,
20666827,native,35884830.65942029,
20664117,native,47809971.1300813,
20663921,native,42468134.276923075,
20666523,native,40164112.14159292,
20667042,native,88835888.60714285,
20666616,native,2322263.8474661317,
20663711,native,5646046.22235023,
20664121,native,55402090.13333333,
20665048,native,44291977.333333336,
20665680,native,20669306.872,
20669194,native,41994048.877862595,
20666696,native,39800077.347826086,
20664955,native,46225134.22857143,
20665559,native,29250806.19883041,
20665305,native,28491763.44751381,
20667362,native,79028307.90163934,
20664589,native,33114376.298013244,
20666980,native,24046162.962441314,
20663879,native,73598382.62121212,
20665023,native,35669348.141104296,
20667551,native,27798597.397727273,
20664461,native,35275232.90909091,
20663821,native,43261768.91818182,
20665486,native,54621398.53333333,
20667930,native,50646111.8,
20665146,native,43983491.54455446,
20663868,native,61051872.73493976,
20667085,native,40777102.64285714,
20668812,native,37133197.900763355,
20664216,native,54007561.60273973,
20668666,native,22296024.64197531,
20664215,native,49928559.15740741,
20669281,native,24209814.810945272,
20664484,native,57864033.755813956,
20663993,native,37317135.34042553,
20664274,native,45796530.858490564,
20665059,native,87434633.66037735,
20666933,native,49582633.22727273,
20669038,native,27064331.9,
20667058,native,35670912.51908397,
20663900,native,47009267.06122449,
20666014,native,72269822.86363636,
20664586,native,25046691.89201878,
20666828,native,63191963.87671233,
20666195,native,65904107.34117647,
20663523,native,39391778.8671875,
20665150,native,39307389.328125,
20669098,native,66363144.82191781,
20667180,native,29531406.756906077,
20666524,native,27038424.0310559,
20664118,native,52737566.14736842,
20663922,native,59068433.70454545,
20667043,native,38841432.73846154,
20663712,native,5314438.526666666,
20664122,native,33188540.9929078,
20666617,native,98506282.79166667,
20665049,native,29307897.39884393,
20665681,native,60668537.85897436,
20666697,native,53596249.494505495,
20663869,native,38711551.472222224,
20665147,native,32427759.308270678,
20663880,native,34951489.82962963,
20665024,native,16346199.661129568,
20665306,native,42040877.0,
20664956,native,33697266.055214725,
20664590,native,53937984.23863637,
20665560,native,31130216.645714287,
20667931,native,45026613.38095238,
20663822,native,42229701.87931035,
20667086,native,19949847.94308943,
20664462,native,38027153.616541356,
20667552,native,48176646.723809525,
20669195,native,40557272.9,
20666981,native,54666706.697916664,
20667363,native,40684045.62857143,
20665487,native,37518601.57931034,
20669140,native,31825256.16455696,
20668667,native,74500861.81538461,
20664275,native,34622880.09558824,
20664485,native,34357578.87142857,
20666934,native,53692440.27906977,
20668813,native,42213291.3515625,
20664217,native,17051856.42638037,
20667059,native,35194816.85185185,
20669282,native,58243971.36666667,
20663994,native,55198448.48863637,
20665060,native,34143060.058823526,
20663901,native,55420440.27272727,
20669039,native,54108690.14736842,
20666281,native,68308798.19672132,
20663524,native,48347942.97849462,
20665151,native,38356769.09322034,
20666196,native,35346314.29285714,
20667181,native,47073003.31632653,
20669099,native,42348535.30833333,
20666015,native,37432188.52,
20666829,native,43614485.024,
20666525,native,32727571.748466257,
20663831,native,31384814.24404762,
20663923,native,39245387.18493151,
20667044,native,38089303.050847456,
20663713,native,87165051.74,
20663538,native,38442072.16037736,
20664123,native,9989402.535911603,
20663870,native,52192346.525641024,
20665307,native,21820787.43548387,
20663881,native,42229343.22105263,
20666618,native,66898431.69411765,
20666698,native,39265316.02542373,
20665682,native,57325821.2735849,
20669196,native,43046151.59405941,
20664591,native,25711630.515789475,
20665148,native,41392315.19008265,
20664957,native,48467090.24,
20667553,native,48320339.32653061,
20667066,native,32573243.10526316,
20665025,native,49448462.13333333,
20667364,native,58057108.506172836,
20664463,native,47826013.504761904,
20666982,native,43218193.81415929,
20667087,native,53530440.302083336,
20669141,native,28518528.564705882,
20665561,native,8055095.132857143,
20664486,native,27472008.375722542,
20667932,native,41893180.06153846,
20666282,native,23381559.36756757,
20665488,native,44393640.973913044,
20668814,native,38175022.17557252,
20664276,native,17865317.260135137,
20665061,native,35165289.877862595,
20669040,native,42082833.336283185,
20667060,native,64509696.125,
20663823,native,60307852.58,
20666935,native,43403986.96,
20668668,native,42480542.05263158,
20667182,native,67751664.86885247,
20666197,native,42625813.531531535,
20663902,native,60836979.90361446,
20669283,native,23850669.50212766,
20665152,native,33592614.397351,
20663995,native,38786659.842857145,
20666830,native,39076136.63076923,
20666016,native,48980848.058252424,
20669100,native,52193093.08,
20663832,native,34182191.8137931,
20666526,native,45795343.89655172,
20663525,native,54497436.972972974,
20663924,native,50632185.81481481,
20667045,native,43755952.8362069,
20663539,native,65731274.35714286,
20663714,native,73618794.38356164,
20664124,native,57290386.25925926,
20663871,native,42306447.24210526,
20665308,native,53471953.56410257,
20663882,native,61735340.47058824,
20666619,native,50773435.75,
20666699,native,27723822.782352943,
20667554,native,35134341.4,
20667933,native,24672635.760736197,
20665683,native,45182712.25925926,
20664958,native,45629872.66990291,
20669197,native,41651371.15079365,
20665489,native,25273270.43030303,
20666283,native,55622433.32876712,
20664592,native,40084544.924812034,
20665562,native,72164279.91803278,
20664464,native,60377080.43209877,
20665026,native,47030980.50943396,
20667067,native,35946054.44594595,
20667061,native,27557130.24050633,
20667365,native,58712099.07954545,
20664487,native,35882026.88721804,
20666234,native,46948053.71,
20665149,native,51527227.43518519,
20664277,native,65850512.73846154,
20669142,native,81763168.15873016,
20663996,native,10400207.598557692,
20667088,native,57303367.56122449,
20669041,native,6149544.910501193,
20666983,native,40522780.54794521,
20668815,native,41457465.13740458,
20666936,native,33067737.426666666,
20667183,native,32686655.369863015,
20663903,native,68226673.43939394,
20663824,native,44742026.720338985,
20669284,native,71443072.32857142,
20666198,native,67094754.76,
20668669,native,66149885.72289157,
20665153,native,86861080.69090909,
20663526,native,30740966.325925928,
20666527,native,66387773.44444445,
20669101,native,45106513.50434782,
20663833,native,49234911.86021505,
20666831,native,42608324.276923075,
20663925,native,39691906.40833333,
20666017,native,51266753.71681416,
20667046,native,25401782.717277486,
20663540,native,23833442.110497236,
20663837,native,47839315.24,
20663715,native,53119898.11111111,
20663872,native,41474181.6637931,
20666700,native,42736087.21904762,
20666620,native,37731629.515625,
20665309,native,114040476.28888889,
20666284,native,40730885.925925925,
20667555,native,58560011.530864194,
20663883,native,47349821.76923077,
20665684,native,27999061.309392266,
20664959,native,35473348.72857143,
20667934,native,19471143.72826087,
20669198,native,53460733.41052631,
20665563,native,22991687.720379148,
20667366,native,27060750.59090909,
20667687,native,33263768.455172412,
20667089,native,39796525.876190476,
20667062,native,41113572.666666664,
20666235,native,41621004.36521739,
20667068,native,57949173.02325582,
20666984,native,39414076.5862069,
20665490,native,13364013.807174888,
20664488,native,64058779.790123455,
20663904,native,36739214.60169491,
20665027,native,50661379.266666666,
20669285,native,35430108.16260163,
20664465,native,38227269.25517242,
20668670,native,33348283.576923076,
20663825,native,43418445.22857143,
20669042,native,77919414.84615384,
20669328,native,51721649.93693694,
20664278,native,59412990.733333334,
20667184,native,24984889.331707317,
20666199,native,39384816.04347826,
20668816,native,72833218.46575342,
20669046,native,37947503.68571428,
20663834,native,43092503.28409091,
20669143,native,42472947.26470588,
20663997,native,80447626.96923077,
20665154,native,36367529.15384615,
20663926,native,46773891.96590909,
20663527,native,40296621.46875,
20666018,native,26694703.509202454,
20666528,native,48990021.06306306,
20669102,native,48157261.66942149,
20666832,native,55653297.267326735,
20667047,native,76308473.6764706,
20663541,native,44093983.782178216,
20663838,native,59647827.85227273,
20666621,native,33986831.60992908,
20663716,native,46655302.4054054,
20665310,native,2686896.902363184,
20663873,native,50413703.663716815,
20663884,native,37446274.63063063,
20666701,native,67322700.75641026,
20667688,native,26710794.13286713,
20669199,native,6571912.210755814,
20664960,native,13977258.4,
20667090,native,42929275.97029703,
20667556,native,13698955.866840731,
20665685,native,8970356.136125654,
20666236,native,40999660.61111111,
20666985,native,55786547.05263158,
20666285,native,41569362.60769231,
20667063,native,46228115.40776699,
20667367,native,56196177.59090909,
20667935,native,39560135.4140625,
20665564,native,58916568.63529412,
20664466,native,40621504.345454544,
20663905,native,43088078.06363636,
20663998,native,49870792.675,
20665028,native,40503010.74380165,
20664489,native,44376753.391666666,
20668671,native,30145269.88819876,
20669047,native,46891017.77551021,
20669286,native,38209201.00735294,
20664279,native,10441027.298353909,
20667069,native,3687744.3492063493,
20663835,native,21622095.177489176,
20663927,native,42423711.82178218,
20669043,native,64192567.790123455,
20667185,native,64728616.171052635,
20669329,native,40557424.518796995,
20668817,native,45096910.47413793,
20669144,native,41353210.277777776,
20666200,native,41769606.2265625,
20663826,native,52665582.34951457,
20665491,native,61789311.11627907,
20665155,native,14825766.022792023,
20666019,native,58502983.2368421,
20663528,native,7916961.865325077,
20666529,native,25314899.341968913,
20666833,native,3188539.559696778,
20663542,native,28367905.813333333,
20667048,native,52309714.02197802,
20669103,native,6686827.88261851,
20663717,native,36466351.70731708,
20665311,native,75575701.37931034,
20663839,native,33416566.37062937,
20666622,native,50310347.62105263,
20666702,native,14709660.952238806,
20667689,native,29936596.88095238,
20663885,native,10374492.750988143,
20663874,native,48806555.12264151,
20667064,native,49894940.18181818,
20669200,native,75455484.32307692,
20667091,native,48950950.39805825,
20664961,native,68232021.1971831,
20666286,native,40447874.46902655,
20667557,native,70171570.8,
20667368,native,24736539.92929293,
20664467,native,11890644.491847826,
20667936,native,35016132.84558824,
20669287,native,39233301.78125,
20665565,native,21034979.14468085,
20666237,native,35860030.56081081,
20666986,native,68550743.39473684,
20668672,native,32177442.911764707,
20665686,native,81157863.50793651,
20663999,native,30305926.03797468,
20664490,native,42236692.66086957,
20667186,native,33996351.84375,
20665029,native,35823970.5319149,
20669048,native,93659542.62,
20663906,native,46516368.313043475,
20663928,native,30201154.025641024,
20664280,native,47848611.26530612,
20669330,native,45783270.396039605,
20666201,native,23992671.915,
20663827,native,49684065.0,
20667070,native,65700759.80821918,
20669044,native,36016383.95035461,
20669145,native,18747700.996309962,
20668818,native,37511112.11029412,
20665492,native,39017902.859375,
20663836,native,69694061.12857144,
20666530,native,56709378.22352941,
20666020,native,66710910.19178082,
20664288,native,22672582.568,
20666834,native,1180475.0334274953,
20663529,native,80897444.55,
20663543,native,51692427.26136363,
20669104,native,64014301.1875,
20667049,native,28658214.98122066,
20665312,native,70327336.12698413,
20666623,native,44897030.07920792,
20663840,native,56617553.21686747,
20663718,native,54505590.36263736,
20666703,native,71922423.18461539,
20667690,native,4380084.015030946,
20663875,native,33657228.7,
20667937,native,43371907.61363637,
20664468,native,58165465.196969695,
20663886,native,63841178.90410959,
20667065,native,63119141.802469134,
20667092,native,26755337.37313433,
20664962,native,32949276.425,
20667558,native,59143908.855421685,
20669201,native,58271063.291666664,
20667369,native,61531240.05813953,
20669288,native,50423421.2,
20666238,native,51553861.66336634,
20664000,native,48106308.06451613,
20666287,native,70392383.88461539,
20665030,native,34620808.32539683,
20668673,native,56577586.8372093,
20666987,native,44814005.95762712,
20665566,native,64891003.2625,
20664281,native,59817261.46969697,
20664491,native,17474284.088560887,
20667187,native,18487913.422924902,
20669049,native,49836523.270833336,
20667071,native,45554464.65625,
20663907,native,59873212.19736842,
20663828,native,48290305.41052631,
20668250,native,18891869.529147983,
20665687,native,37471744.02068966,
20669331,native,52165617.02105263,
20663929,native,66011713.73972603,
20669045,native,25215106.352040816,
20668819,native,21235577.986956522,
20666202,native,28299092.331460673,
20669146,native,47161663.36893204,
20665493,native,52109367.582417585,
20666021,native,30545138.195945945,
20666531,native,48820556.4,
20664289,native,51164462.03125,
20663530,native,44710964.408163264,
20666835,native,82544041.79245283,
20663544,native,42931426.061946906,
20667050,native,38865142.425,
20669105,native,48921525.304,
20666624,native,33265030.552447554,
20663719,native,44125555.76271187,
20667691,native,63666188.57333333,
20665313,native,20522940.472972974,
20666704,native,19226430.324723247,
20663841,native,50135958.5785124,
20663876,native,41971670.54471545,
20667938,native,32395379.974193547,
20669289,native,31984619.909774438,
20664469,native,45148732.734513275,
20663726,native,44914415.811881185,
20663887,native,85088017.60655738,
20669202,native,41546244.25454546,
20664492,native,40171985.22857143,
20667559,native,43039494.026548676,
20665031,native,34325231.03125,
20666239,native,30202606.724358976,
20669332,native,32694046.059322033,
20664001,native,52993995.345679015,
20666288,native,28231607.01212121,
20666988,native,66232741.89705882,
20667370,native,41804241.1,
20665567,native,38170429.672,
20664282,native,34437963.73913044,
20668820,native,35700080.00847457,
20664963,native,51596807.59259259,
20667093,native,44240977.02222222,
20664965,native,38880504.78181818,
20665494,native,5130595.718244804,
20663908,native,33228587.54304636,
20668251,native,34458726.807142854,
20667188,native,53736813.45555556,
20668674,native,82375662.3076923,
20667072,native,46608047.840707965,
20669147,native,48980423.697916664,
20666532,native,49207701.32967033,
20666203,native,66835423.22666667,
20663930,native,46248457.652542375,
20665688,native,46986168.38016529,
20663829,native,45409761.099236645,
20669050,native,34068411.39361702,
20666022,native,49002304.83962264,
20664290,native,26858574.92896175,
20663531,native,42047855.45454545,
20667051,native,56248496.57377049,
20666836,native,47085816.06363636,
20663545,native,47174789.416666664,
20669106,native,30879454.00621118,
20666625,native,12878635.87467363,
20665314,native,24439017.73619632,
20667692,native,19632027.2455516,
20663888,native,30234795.014285713,
20663842,native,49313412.73469388,
20663727,native,36036868.56349207,
20663720,native,25206674.36909871,
20667939,native,58700458.73493976,
20669290,native,44277726.84955752,
20663877,native,42923626.82113821,
20666289,native,60795650.27272727,
20665032,native,31675382.44520548,
20669203,native,44783473.5,
20666705,native,63224602.03296703,
20664002,native,23864382.87368421,
20664470,native,45387717.90990991,
20666989,native,30317375.350993376,
20669333,native,49628458.66,
20667094,native,52207093.61728395,
20665568,native,32019487.6,
20664493,native,48413418.163636364,
20667371,native,51572173.94623656,
20664964,native,37363436.875,
20667560,native,58036788.204301074,
20664283,native,40399272.76984127,
20668252,native,70673820.25,
20666240,native,55794536.67368421,
20668675,native,38628862.78761062,
20664966,native,18610845.76153846,
20667073,native,49082717.368421055,
20665495,native,78307060.41071428,
20668821,native,26985056.097560976,
20669051,native,52439941.684210524,
20663931,native,32478395.42063492,
20667189,native,53907553.475247525,
20663830,native,41935310.22857143,
20663909,native,69664465.5,
20666533,native,41574859.73846154,
20669148,native,64606728.88636363,
20666023,native,58065215.345679015,
20665689,native,58924663.0,
20664291,native,35415443.68888889,
20666204,native,36845416.06081081,
20667052,native,41142029.10169491,
20663532,native,19471952.738515902,
20666837,native,59232760.0989011,
20663546,native,37179409.35507246,
20669107,native,40584747.05405405,
20666626,native,72756565.12698413,
20665315,native,66345314.50588235,
20663889,native,33687945.88652483,
20667693,native,59595994.21428572,
20666290,native,32885343.35338346,
20663728,native,42356300.22881356,
20664471,native,38801975.663716815,
20665033,native,55956236.71794872,
20668906,native,32951008.86956522,
20663721,native,55637799.32967033,
20664003,native,63878757.9,
20667940,native,37271650.81560284,
20666632,native,62162919.144578315,
20669334,native,48279169.631578945,
20666241,native,33106806.376,
20666990,native,45392366.95495495,
20669291,native,41217363.0,
20665569,native,37533288.625,
20664494,native,50654630.010526314,
20666706,native,43523150.466165416,
20664284,native,53937942.32954545,
20667372,native,35336461.50993378,
20667561,native,45775230.5462963,
20667095,native,45839219.12396694,
20669116,native,71673955.87671232,
20668822,native,84062706.15686275,
20665496,native,75712514.44444445,
20668253,native,46610925.49565218,
20667190,native,37132567.074074075,
20669052,native,54040733.31818182,
20667074,native,18562840.527586207,
20669149,native,34823374.66101695,
20668676,native,50846768.0462963,
20666205,native,17939733.43220339,
20664292,native,28952283.94520548,
20669204,native,12171346.06779661,
20666024,native,34039269.0,
20663932,native,48774188.442477874,
20664967,native,105645574.56862745,
20667593,native,15786114.100558659,
20665690,native,51264648.666666664,
20666534,native,54735149.760416664,
20663910,native,43836281.46666667,
20666838,native,32700938.975609757,
20667053,native,48928595.057142854,
20663533,native,56712085.5060241,
20663547,native,28242790.602272727,
20669108,native,54365370.09677419,
20666627,native,77838991.04615384,
20667694,native,31260184.732026145,
20665316,native,68784475.70422535,
20668907,native,50107693.125,
20664472,native,35302730.97037037,
20666633,native,5391115.326484018,
20665034,native,64301512.85714286,
20668062,native,54661526.96875,
20663722,native,26041949.215789475,
20664004,native,21829712.380530972,
20666291,native,49151167.652173914,
20667941,native,29226983.652173914,
20666991,native,58006084.358024694,
20669292,native,43013740.3963964,
20669335,native,50434498.530612245,
20664495,native,47358736.62376238,
20666242,native,23630345.360869564,
20667562,native,48097416.08139535,
20669117,native,38175165.912,
20667373,native,47886728.79207921,
20666707,native,45699758.666666664,
20668823,native,28825892.369318184,
20667191,native,17335026.37037037,
20669053,native,43985418.291262135,
20668254,native,38737316.452380955,
20663729,native,83207395.3076923,
20665497,native,40767187.733333334,
20669150,native,47245751.99029126,
20667096,native,41256719.007246375,
20665570,native,44107499.29452055,
20664473,native,56987284.984615386,
20667075,native,104154201.66666667,
20664285,native,66763050.847058825,
20666025,native,49116651.80681818,
20666206,native,46119477.263636366,
20664293,native,38247251.0882353,
20663933,native,54419943.361445785,
20666535,native,35400299.03053435,
20665691,native,49205813.631578945,
20663911,native,35067156.492753625,
20668677,native,37025737.02424242,
20666839,native,29364700.43859649,
20663534,native,30703024.086956523,
20669205,native,86570972.5,
20665578,native,34463225.27027027,
20667594,native,86368294.5,
20666628,native,32833377.711864408,
20663548,native,59327350.47959184,
20669109,native,59354992.65263158,
20667695,native,32502462.8,
20668063,native,29053019.529801324,
20665035,native,41976183.047619045,
20668908,native,71494718.7887324,
20669336,native,2167116.590951062,
20665317,native,40052640.36029412,
20669293,native,36319526.43609022,
20664496,native,32678861.125,
20666634,native,103039265.52173913,
20667563,native,26768282.208333332,
20665507,native,33516854.484662578,
20666292,native,41895700.184,
20667942,native,35479873.182432435,
20666992,native,73463627.47142857,
20663723,native,66835966.320512824,
20664005,native,54425386.42,
20667374,native,45043376.04854369,
20669118,native,38481839.49230769,
20663730,native,31653921.64285714,
20666243,native,97204462.30909091,
20668255,native,15994266.140983606,
20666708,native,39892033.29710145,
20668824,native,80955720.96923077,
20664286,native,46347534.739583336,
20668678,native,23196389.88198758,
20669054,native,30313012.09473684,
20667097,native,42731185.74576271,
20666536,native,37377251.37190083,
20665692,native,34549155.45,
20665498,native,28450608.42162162,
20664294,native,27412728.89017341,
20669151,native,48511825.7962963,
20666026,native,46596378.5754717,
20665571,native,42979179.03305785,
20667076,native,56580288.61111111,
20666207,native,43434641.62601626,
20663934,native,16342152.489230769,
20664474,native,47945399.182608694,
20667192,native,53806411.483050846,
20669206,native,40507760.15740741,
20666840,native,54331700.85714286,
20667595,native,35188036.2892562,
20663535,native,54241467.64772727,
20665579,native,46966696.56122449,
20663912,native,53261617.77142857,
20666629,native,89658002.24528302,
20663549,native,55876776.55128205,
20669110,native,42591074.27586207,
20667696,native,17867189.39864865,
20667943,native,35019849.19008265,
20665318,native,8206327.390163935,
20665036,native,19521683.031468533,
20666635,native,65804868.33802817,
20668064,native,63607911.90123457,
20668909,native,16493270.54117647,
20667564,native,73404696.79365079,
20669337,native,71487774.7260274,
20663724,native,39075651.792,
20667375,native,8608131.25951557,
20669294,native,52906381.10377359,
20664006,native,44391782.238938056,
20666293,native,38548951.19858156,
20669119,native,42915782.90990991,
20666993,native,50422802.92380952,
20664497,native,12162601.129896907,
20668256,native,60464379.042253524,
20665508,native,42703949.157142855,
20668825,native,44749966.40740741,
20669152,native,37140599.71551724,
20663731,native,40992190.896,
20666709,native,69776623.59154929,
20665693,native,47844675.88172043,
20664287,native,46869633.59047619,
20667077,native,32271443.69503546,
20666244,native,42121050.16793893,
20667098,native,48404085.554455444,
20665572,native,76023994.25396825,
20666208,native,44359128.0990099,
20665499,native,29173245.96590909,
20666027,native,56161812.31818182,
20664295,native,37317491.827067666,
20663536,native,35171536.65765766,
20664475,native,26191500.26344086,
20668679,native,60950389.47777778,
20667596,native,5528458.518213866,
20669055,native,61496410.578947365,
20666537,native,51378832.59322034,
20665580,native,36301556.58730159,
20667193,native,71328679.55263157,
20669207,native,46302009.23728813,
20663935,native,74581205.96969697,
20666841,native,34803100.031645566,
20664498,native,73645247.68333334,
20666630,native,27141763.461988304,
20663550,native,33823233.03125,
20669111,native,28198033.645714287,
20669338,native,52833370.46511628,
20663725,native,30248806.52739726,
20668065,native,24418249.754807692,
20666994,native,48306480.1882353,
20667697,native,67042538.0,
20667944,native,33513928.757763974,
20665601,native,53693787.086419754,
20667376,native,78333764.10714285,
20664007,native,45272144.16504855,
20666636,native,60958519.05555555,
20667565,native,45185664.00900901,
20665319,native,76974324.67142858,
20668910,native,34416334.03680982,
20665037,native,42430843.669172935,
20666294,native,37109193.82978723,
20669120,native,36825536.25531915,
20669295,native,32976250.927710842,
20668257,native,4979265.2,
20665509,native,30715472.341614906,
20663732,native,56809979.62352941,
20664019,native,39412733.76422764,
20669304,native,80989777.59016393,
20666209,native,40071424.612068966,
20666710,native,40870597.6875,
20665694,native,38150659.908396944,
20667099,native,32738951.33548387,
20668826,native,29300854.361256544,
20668680,native,38232792.20869565,
20663537,native,34064028.50714286,
20664296,native,38425832.088,
20666538,native,14692385.50591716,
20666245,native,42277284.0546875,
20669153,native,54117977.824074075,
20665573,native,15497872.132947978,
20665500,native,44201221.026086956,
20665581,native,20249794.35909091,
20663936,native,37828174.274336286,
20669056,native,11004227.84,
20664499,native,30367436.65034965,
20667597,native,64551080.57692308,
20669208,native,47713898.78703704,
20665812,native,38947902.25362319,
20666028,native,39372061.22875817,
20667194,native,57999186.86813187,
20666842,native,78423724.27941176,
20669112,native,53881685.41269841,
20666631,native,33172665.706293706,
20663551,native,62396684.61445783,
20669339,native,5638841.535274356,
20665906,native,47882027.00970874,
20668066,native,70557354.37878788,
20667377,native,42519984.89380531,
20666637,native,40859285.35,
20664008,native,51199287.838709675,
20665602,native,35557952.821428575,
20667698,native,40451903.60769231,
20669113,native,45091021.916666664,
20665510,native,32507467.503703702,
20669121,native,40686572.6,
20667945,native,52634260.190476194,
20668911,native,99029208.31372549,
20667566,native,41013728.007407404,
20669296,native,48898443.291262135,
20666210,native,33989539.3984375,
20666295,native,35276884.70860927,
20663733,native,38392535.37190083,
20668258,native,48768610.63963964,
20669305,native,56082836.244186044,
20666711,native,47655266.10891089,
20666995,native,84262018.475,
20665320,native,48588175.76153846,
20665695,native,41370447.43220339,
20669154,native,37400279.93495935,
20664020,native,45047457.28448276,
20666539,native,57757826.144578315,
20668681,native,48922386.29591837,
20668827,native,63374667.58974359,
20666246,native,50706670.15625,
20664297,native,30736940.48192771,
20669316,native,52435739.23469388,
20665574,native,65925345.12,
20667100,native,61467708.31111111,
20665582,native,72497336.98484848,
20669209,native,24117064.303030305,
20669057,native,64936052.13333333,
20667598,native,61000505.14102564,
20665813,native,40010149.22881356,
20665501,native,43753496.25954199,
20665859,native,56409945.2264151,
20667569,native,60886216.16901408,
20666029,native,62462932.197530866,
20667781,native,75302282.83098592,
20664300,native,26933604.9,
20667195,native,32894102.846625768,
20668859,native,40412038.9,
20663552,native,15114317.806358382,
20665907,native,42724827.518867925,
20669340,native,55718967.46236559,
20668912,native,54794370.98630137,
20665603,native,22567884.955156952,
20669297,native,35108070.90082645,
20667378,native,48568113.16981132,
20663734,native,45257146.15116279,
20668067,native,29016509.35483871,
20666638,native,56632977.37362637,
20667699,native,55440640.302325584,
20669122,native,44844106.7264151,
20665511,native,47737567.74285714,
20667946,native,54656262.34065934,
20668259,native,79812485.31372549,
20665321,native,52231602.71794872,
20664009,native,55914278.46534654,
20667567,native,2485005.9538315088,
20664021,native,66924201.0,
20665575,native,59876360.295081966,
20666996,native,38752852.43801653,
20666247,native,53827528.04,
20669114,native,50253113.775,
20666211,native,48803416.46363636,
20666296,native,50611358.03773585,
20664298,native,28577171.086092714,
20666712,native,38026071.88148148,
20669155,native,58942025.85227273,
20669306,native,16285558.159217877,
20666540,native,51511220.3,
20665696,native,52177592.46534654,
20669317,native,39909638.352,
20667599,native,35095009.83898305,
20667101,native,27454675.34574468,
20666030,native,35452882.02857143,
20668682,native,33376424.938650306,
20668828,native,27220060.902777776,
20667782,native,25237269.757575758,
20665502,native,42697571.71681416,
20669058,native,42515751.56910569,
20665583,native,39420680.23529412,
20667570,native,41015065.06034483,
20664301,native,42837117.7027027,
20667196,native,37115798.07317073,
20665860,native,48432532.74137931,
20669210,native,25953514.737254903,
20668860,native,68972791.64473684,
20665814,native,55331494.56198347,
20663553,native,73640873.91428572,
20665908,native,47882989.22727273,
20669341,native,78685001.5737705,
20666639,native,37164805.25,
20667379,native,48436788.44761905,
20667700,native,45085983.37735849,
20669123,native,40582241.92682927,
20665604,native,37724347.62937063,
20666997,native,14046043.26283988,
20669298,native,54549150.57281554,
20668913,native,65428238.155555554,
20668260,native,58957537.89156626,
20664010,native,25063849.273170732,
20668068,native,45733605.576,
20665322,native,67701659.56578948,
20664022,native,26445851.63681592,
20666212,native,44384237.0952381,
20667947,native,20435478.719557196,
20666248,native,37555795.72519084,
20663735,native,42591459.94594595,
20669318,native,69265037.22950819,
20665576,native,46816416.02586207,
20669156,native,35713777.115384616,
20665512,native,69859286.62650603,
20666713,native,60900365.39759036,
20664299,native,52995960.73626374,
20669115,native,28410533.56,
20666297,native,19394493.293515358,
20667600,native,41823798.46902655,
20667102,native,64470742.43661972,
20669307,native,55482067.755555555,
20665503,native,37963096.06306306,
20666031,native,55739802.058823526,
20665697,native,45509292.13043478,
20666541,native,51513988.85148515,
20667568,native,92496115.31372549,
20668683,native,30932478.345454544,
20668829,native,24287639.826923076,
20667783,native,59747659.13580247,
20669059,native,68188242.37142856,
20665861,native,29272027.715231787,
20667571,native,49480354.489795916,
20665584,native,21171948.898039214,
20665815,native,20050129.775229357,
20664302,native,36420180.11724138,
20667197,native,47782182.78181818,
20669211,native,29562455.612121213,
20668861,native,17163247.164634146,
20663554,native,40733837.80508474,
20669342,native,44131002.65625,
20667380,native,47074626.395604394,
20666640,native,52122373.03488372,
20665605,native,45586613.20454545,
20665909,native,58217911.85555556,
20668069,native,20389906.585492227,
20669124,native,59105944.59210526,
20669299,native,30706164.19117647,
20668914,native,38030489.66101695,
20666213,native,45425197.11827957,
20666249,native,7417577.59516129,
20664011,native,58176622.4,
20665323,native,30427114.148571428,
20667948,native,78053910.02,
20665504,native,32182520.584,
20669308,native,42207171.03960396,
20665513,native,35191071.20740741,
20664023,native,38940510.96296296,
20668261,native,51352948.13513514,
20669157,native,50159623.1980198,
20666542,native,29615675.828767125,
20667701,native,35869835.46774194,
20666998,native,86590958.1111111,
20663736,native,42063249.49206349,
20669319,native,47493149.26724138,
20668156,native,37885096.007246375,
20665698,native,42209918.59090909,
20668437,native,51995296.52830189,
20666032,native,38945643.671875,
20666714,native,58253442.267326735,
20669060,native,46325284.04950495,
20665577,native,33432460.464480873,
20667784,native,42452548.87826087,
20668953,native,30972627.169590645,
20668830,native,82319539.8275862,
20668684,native,35787879.79710145,
20667601,native,59202604.88636363,
20667572,native,30619232.3,
20667103,native,51781197.22123894,
20666298,native,43780577.114285715,
20665862,native,71852466.77272727,
20665585,native,78491190.01785715,
20667198,native,35429147.67175572,
20664303,native,57833265.03703704,
20665816,native,65730750.8,
20668862,native,51720369.325,
20663555,native,38846229.46534654,
20669212,native,75079519.69333333,
20666641,native,51557633.83561644,
20669343,native,46921015.51612903,
20669300,native,38618774.263636366,
20667381,native,40075919.61788618,
20669125,native,33549633.079710145,
20665606,native,55432840.76470588,
20665910,native,59985374.76923077,
20668070,native,56460814.8372093,
20668915,native,46821504.141509436,
20664012,native,65082542.95,
20669158,native,44899664.277777776,
20666250,native,84360221.39215687,
20668262,native,50029896.21794872,
20663737,native,30026758.04511278,
20665505,native,37692602.87603306,
20665324,native,40010101.881355934,
20667702,native,35689821.17355372,
20666214,native,46906408.07317073,
20664024,native,54418021.71084338,
20665514,native,35339888.09558824,
20669309,native,36663813.69594595,
20666543,native,49734596.14851485,
20668438,native,41110219.22727273,
20669061,native,60599743.2739726,
20666715,native,18450767.976,
20667949,native,33284387.198863637,
20666999,native,22165268.297959182,
20667602,native,34638662.26829268,
20665699,native,46413835.24074074,
20666299,native,40307437.63888889,
20666033,native,61803788.679487176,
20668157,native,56141984.802083336,
20667785,native,3299077.84125,
20666644,native,41307994.4765625,
20668954,native,52956097.28,
20665586,native,47375371.708333336,
20665863,native,19808145.991935484,
20668831,native,53842420.733333334,
20667199,native,4385494.9225225225,
20667573,native,88686354.94827586,
20669320,native,62370713.68181818,
20668863,native,68007235.96923077,
20668685,native,68606752.35,
20665817,native,42878845.31404959,
20664304,native,45324355.48275862,
20663556,native,50849417.37777778,
20667104,native,74586054.05263157,
20669213,native,73323014.27941176,
20667382,native,45712189.8313253,
20665607,native,4456599.859611231,
20666642,native,30751687.59411765,
20665911,native,50171070.92045455,
20669344,native,41148316.91538461,
20669301,native,43113793.48695652,
20669126,native,54189367.84210526,
20668071,native,45123928.283018865,
20665506,native,36406148.428571425,
20664013,native,32339928.95,
20669159,native,32591932.954838708,
20668916,native,46694650.56666667,
20666034,native,28606059.35652174,
20667000,native,45745737.06024096,
20668263,native,42324514.94166667,
20665325,native,38379686.4609375,
20665515,native,39409593.0,
20666251,native,63894175.22891566,
20663738,native,55932055.279569894,
20666215,native,50621002.92,
20666300,native,48482469.575,
20667703,native,12569096.064665128,
20664025,native,33754354.10625,
20669062,native,16584572.572438162,
20665700,native,29376965.8,
20666544,native,29960484.803680982,
20669310,native,45944315.573913045,
20667950,native,35891639.932432435,
20667603,native,30524219.843930636,
20668439,native,89017786.73015873,
20666716,native,63274066.64772727,
20665587,native,40087817.25,
20666645,native,92610208.23214285,
20668158,native,36507126.37341772,
20667574,native,20574617.575,
20667786,native,82928813.96666667,
20665864,native,45993350.53043478,
20669321,native,50799441.125,
20668955,native,47017739.83050848,
20668864,native,59834614.8875,
20668832,native,31558790.485549133,
20668686,native,19402081.631782945,
20667200,native,105463550.10869566,
20665818,native,68564164.55714285,
20664305,native,41744825.669565216,
20663557,native,34136075.73571429,
20669214,native,26357527.115606938,
20667105,native,54860364.072289154,
20665608,native,10517451.155210642,
20666643,native,25921133.133333333,
20669345,native,51899028.15384615,
20667383,native,19081200.189873416,
20669127,native,17956265.65413534,
20665912,native,42043506.296875,
20669302,native,50168842.263636366,
20664014,native,62757202.64102564,
20668072,native,15921589.384615384,
20668264,native,38475471.557522126,
20668917,native,32714145.67132867,
20667001,native,68294739.23529412,
20665718,native,38265609.67721519,
20665326,native,55623618.48235294,
20666301,native,56376870.21052632,
20666035,native,4963877.508490566,
20669160,native,61751852.44705883,
20666545,native,44071732.267326735,
20665701,native,45540981.83157895,
20666252,native,27423953.225806452,
20669063,native,6715290.523287672,
20663739,native,21525647.825,
20665516,native,44362853.744,
20667951,native,44486121.54945055,
20666216,native,35648495.89375,
20669311,native,59608903.32941177,
20664026,native,49552293.925925925,
20667704,native,94633628.07142857,
20669322,native,44032024.17204301,
20667575,native,46651117.516483516,
20665588,native,19333296.494296577,
20668956,native,39072011.104347825,
20666646,native,42147419.483333334,
20667787,native,61496058.42465753,
20667604,native,53320430.72815534,
20666717,native,49587566.20952381,
20668865,native,41102770.00847457,
20665865,native,65543553.94871795,
20668833,native,69826816.95588236,
20668440,native,41164889.08571429,
20668159,native,82008949.85,
20665819,native,50469627.74,
20664306,native,40391510.54237288,
20668687,native,86768424.29508197,
20667201,native,30202541.956989247,
20663558,native,42372115.79338843,
20669215,native,62420417.192771085,
20667106,native,20403615.60516605,
20668203,native,18067086.970479704,
20665609,native,52078585.35483871,
20665913,native,46235453.041666664,
20669346,native,42305749.34375,
20667384,native,68310534.58666667,
20664015,native,41478345.13207547,
20665719,native,32635405.291666668,
20668073,native,54576533.1875,
20668265,native,28148420.903614458,
20669303,native,59528289.989247315,
20666546,native,44113596.733333334,
20669161,native,53843363.1625,
20669128,native,79141529.97333333,
20665327,native,26277301.821621623,
20665702,native,51974424.02325582,
20667002,native,68953715.56164384,
20668918,native,50441673.7027027,
20666253,native,56465923.38372093,
20665517,native,34283523.9632353,
20667576,native,50623179.666666664,
20666302,native,40946549.3382353,
20666036,native,75181851.69117647,
20663740,native,62015571.85333333,
20667952,native,41251048.870229006,
20669064,native,77468413.3150685,
20666647,native,21466246.176165804,
20664027,native,39476081.28461538,
20666217,native,68716319.02564102,
20667705,native,35670017.6,
20669312,native,51991586.99090909,
20668957,native,52348174.92473118,
20668834,native,49503276.03614458,
20667605,native,51104614.21111111,
20667788,native,23889813.815920398,
20669323,native,43918206.208333336,
20666718,native,44597254.43362832,
20665589,native,66886965.64,
20668866,native,47667451.17142857,
20668441,native,37037901.992,
20668160,native,39954058.98373984,
20664307,native,27611716.464285713,
20665866,native,35283474.46357616,
20667202,native,88508993.50943395,
20667107,native,49513447.155555554,
20669216,native,44641974.46296296,
20668688,native,54576602.08421053,
20665820,native,39966446.74509804,
20663559,native,39155144.44274809,
20665610,native,67382323.58823529,
20667385,native,30192720.284768213,
20665914,native,27744696.670212764,
20665720,native,58430442.75294118,
20668204,native,93276276.72727273,
20665328,native,57203972.78688525,
20669347,native,47426138.84166667,
20667734,native,38266346.33834586,
20669129,native,44215499.70689655,
20669162,native,39669666.58646616,
20668919,native,50151708.42222222,
20664016,native,62233517.27551021,
20668074,native,62731470.333333336,
20666547,native,46340250.967479676,
20668266,native,53789925.333333336,
20667003,native,21682552.29032258,
20666303,native,17104821.291814946,
20666254,native,39466820.20714286,
20664028,native,16201793.469924811,
20665518,native,25533455.131818183,
20666037,native,30345478.36,
20663741,native,28720512.419889502,
20665703,native,26411105.13692946,
20667953,native,38883993.2,
20666218,native,17066179.879725087,
20669324,native,38597408.45762712,
20667577,native,91580258.32307692,
20667789,native,36668839.38888889,
20669065,native,93517487.0,
20666648,native,49823847.372727275,
20667606,native,35867363.20300752,
20668867,native,53207497.7654321,
20669313,native,50099260.56603774,
20668958,native,60245028.52222222,
20667706,native,42803291.625954196,
20668835,native,57201645.231578946,
20667108,native,36541728.574074075,
20668442,native,46072328.774774775,
20665590,native,40074637.984615386,
20666719,native,25735075.873303168,
20664308,native,57198410.12790698,
20668161,native,66049597.358024694,
20665867,native,46798299.90833333,
20667203,native,36833347.11594203,
20669217,native,46992459.20909091,
20665821,native,45847907.71296296,
20668689,native,51591994.265486725,
20667386,native,46522631.284210525,
20663560,native,53976321.216216214,
20665915,native,46722060.40625,
20665611,native,87110320.8275862,
20668205,native,61013597.65079365,
20667735,native,29913477.713286713,
20665721,native,41441888.958333336,
20669348,native,66029047.68,
20665329,native,46825683.36936937,
20668920,native,38171780.53719008,
20664017,native,29040394.870588236,
20668075,native,43393861.203539826,
20669130,native,71157976.28571428,
20666548,native,23990003.613636363,
20667004,native,65241256.065789476,
20667578,native,34351143.38679245,
20665519,native,66328466.428571425,
20669163,native,52304099.21818182,
20665704,native,54630495.233333334,
20666255,native,57815813.88172043,
20669314,native,38205485.905660376,
20668267,native,71363200.525,
20663742,native,61539984.35294118,
20664029,native,67185966.16867469,
20667707,native,55444550.02816901,
20667607,native,43677662.91509434,
20666304,native,56086117.63478261,
20667954,native,28922849.02094241,
20666649,native,58325580.90123457,
20669066,native,43460010.66086957,
20668868,native,53953418.20879121,
20667109,native,35041956.00826446,
20669325,native,62449637.31818182,
20666219,native,57970881.5,
20666038,native,57133802.83018868,
20668959,native,38730552.547619045,
20668836,native,30300691.40625,
20668443,native,43937653.266666666,
20665591,native,43236039.52380952,
20668162,native,12725491.96226415,
20664309,native,27497194.164705884,
20667790,native,41835252.91216216,
20665822,native,16770317.164179105,
20666720,native,69045089.225,
20668690,native,47786971.74074074,
20669218,native,47207123.21904762,
20665868,native,34726112.559523806,
20667204,native,55769756.1122449,
20667387,native,40913164.50413223,
20665612,native,49567818.448979594,
20663561,native,46590005.445454545,
20665916,native,66534119.96296296,
20665722,native,53603732.1627907,
20667736,native,44314880.87037037,
20669349,native,41955652.39655172,
20665330,native,40643372.16521739,
20668921,native,39014751.60902256,
20668206,native,44240138.0,
20666549,native,46238463.655555554,
20669131,native,43014104.25,
20668076,native,41407921.5785124,
20664018,native,40133012.625954196,
20668268,native,17634742.367713004,
20665705,native,33510315.888888888,
20669315,native,50098942.63529412,
20667005,native,56621944.571428575,
20667579,native,3728422.2445537597,
20666256,native,26472632.138728324,
20663743,native,43160838.71287129,
20668869,native,31320077.895104896,
20666650,native,35600179.67175572,
20667608,native,24898285.56842105,
20666220,native,47857057.84883721,
20666305,native,69870892.35384615,
20669326,native,78202811.10714285,
20667110,native,54336312.94186047,
20666039,native,51507614.36470588,
20667955,native,34969031.97857143,
20665520,native,62898513.30693069,
20669067,native,68662897.35211268,
20668444,native,38407811.097345136,
20668837,native,70718088.01515152,
20669164,native,79569855.825,
20667791,native,97067677.41463415,
20668163,native,71090160.27692308,
20668960,native,35918329.85135135,
20665592,native,23304894.864253394,
20664030,native,69815121.72727273,
20664310,native,47890980.116504855,
20669219,native,51147274.125,
20667708,native,51686659.88095238,
20667205,native,25866776.2,
20668691,native,40970216.09090909,
20665823,native,57444253.302083336,
20666721,native,31488370.210526317,
20665869,native,52590312.533980586,
20667388,native,35432392.23571429,
20665917,native,43046604.443478264,
20667757,native,60670059.34090909,
20665613,native,35927250.03125,
20668207,native,38375599.641509436,
20667737,native,26469524.631840795,
20665331,native,31090023.89375,
20669350,native,17197826.013289038,
20668922,native,27053337.445086706,
20665723,native,37682972.81333333,
20665706,native,33975512.666666664,
20669134,native,49609593.258064516,
20666257,native,61491105.464788735,
20666550,native,28981902.955,
20668077,native,18691087.38870432,
20668269,native,53057619.770833336,
20669132,native,49737098.194690265,
20663744,native,10174792.789247312,
20669327,native,44320770.87912088,
20665953,native,29392454.911111113,
20668838,native,40202710.44210526,
20667006,native,37226883.02,
20666221,native,21776572.358139534,
20667580,native,69452558.31578948,
20667792,native,42632542.73626374,
20667609,native,48938053.77419355,
20668445,native,46190769.689320385,
20668870,native,65463777.54320987,
20666651,native,48906262.80909091,
20667111,native,38021158.325925924,
20667956,native,49962887.106796116,
20666040,native,37568392.837037034,
20666306,native,33980167.82530121,
20669068,native,4579127.754670999,
20668164,native,41093441.1779661,
20665593,native,3577960.3879500367,
20669165,native,42975498.640625,
20665521,native,44161412.65413534,
20668961,native,46194980.40909091,
20669069,native,78934122.0,
20669220,native,20819698.26694915,
20668692,native,35269699.837037034,
20667709,native,48454373.71296296,
20665870,native,39972679.40776699,
20666722,native,47264053.346938774,
20667206,native,35887716.35099338,
20664311,native,50128690.77876106,
20665824,native,41034280.172413796,
20667758,native,48315650.85897436,
20667389,native,58873609.11764706,
20665614,native,32256214.723404255,
20665332,native,38741357.518181816,
20665918,native,23980483.637168143,
20669351,native,27183225.204678364,
20665724,native,46862138.627272725,
20668923,native,50226343.18181818,
20666258,native,39967308.13513514,
20665954,native,2141704.4377637133,
20668208,native,70120946.30681819,
20665707,native,73459707.28571428,
20667738,native,76865328.31578948,
20669133,native,31382241.741935484,
20668839,native,39892196.93965517,
20668446,native,38096230.042105265,
20668078,native,69247565.23943663,
20667007,native,22965292.265,
20667113,native,4563885.2671174975,
20668270,native,53476318.91,
20667610,native,34452446.78571428,
20669135,native,31286064.322274882,
20667581,native,86679108.20754717,
20663745,native,62855372.43373494,
20666222,native,63777892.086419754,
20666551,native,62430418.32653061,
20666652,native,28862966.63030303,
20667112,native,44423090.18867925,
20665835,native,48984519.01098901,
20666041,native,55755405.686746985,
20668871,native,33790019.06535948,
20667793,native,40953765.5648855,
20667957,native,45887095.2037037,
20666307,native,40159846.674796745,
20665522,native,76307719.06896552,
20668962,native,65888223.557142854,
20668165,native,55993549.34090909,
20665594,native,78984096.98039216,
20669070,native,39095870.3129771,
20665825,native,66851373.02173913,
20666723,native,55585441.0,
20667759,native,33619677.84466019,
20669221,native,64670439.78313253,
20667710,native,34574952.432432435,
20667207,native,39565415.70731708,
20668693,native,47493641.426086955,
20667769,native,36427910.125,
20665871,native,57217452.84946237,
20669166,native,65998528.39622641,
20667390,native,29067518.145695366,
20665615,native,55663720.24691358,
20665919,native,42082430.88679245,
20665333,native,80753077.83636364,
20666259,native,54653682.98717949,
20669352,native,79762773.09523809,
20665725,native,46065426.2962963,
20665708,native,34396353.52941176,
20668924,native,36349674.76428571,
20668209,native,35249142.76,
20667114,native,53192008.775,
20668079,native,51324951.37647059,
20668840,native,44662953.981481485,
20669136,native,41838309.61,
20665955,native,82319189.66666667,
20667008,native,42241132.0234375,
20667582,native,40404020.98275862,
20666223,native,53239635.67058823,
20667611,native,27711786.466292135,
20668447,native,50796561.2735849,
20667739,native,53854194.0462963,
20665337,native,78008809.33802816,
20668271,native,40592715.325203255,
20668166,native,15141038.543396227,
20666653,native,31313035.775,
20668976,native,65142718.26027397,
20667958,native,32762618.106382977,
20666042,native,41603248.362068966,
20663746,native,35971370.14102564,
20667794,native,56202132.65909091,
20665836,native,41692590.885496184,
20665595,native,35893161.05263158,
20668872,native,55912440.08163265,
20665523,native,47726225.722222224,
20666552,native,58571398.18095238,
20668963,native,64185840.425,
20666724,native,26776613.30994152,
20669071,native,15950018.740625,
20666308,native,67303526.05813953,
20667760,native,66251551.308823526,
20669222,native,32338963.616438355,
20667770,native,46220854.718446605,
20665872,native,105787937.15,
20665826,native,32529935.74857143,
20667208,native,34888499.47972973,
20668694,native,44317154.75833333,
20667391,native,47829373.541666664,
20667711,native,54036176.25242718,
20669167,native,53918854.417582415,
20665334,native,54087128.56043956,
20665920,native,73984398.06153846,
20665726,native,46032541.97849462,
20665616,native,68316154.54545455,
20668210,native,64004201.928571425,
20669353,native,44054369.75423729,
20667115,native,92420566.30232558,
20666260,native,15622869.264150944,
20668925,native,80856163.09836066,
20667583,native,38603537.603960395,
20665709,native,50094832.407079645,
20667740,native,35470647.97457627,
20668448,native,40585668.216981135,
20666224,native,36316194.6984127,
20668841,native,35582425.60810811,
20668080,native,17185248.08978328,
20665338,native,38636622.325,
20665956,native,69508747.89705883,
20669137,native,62091217.24175824,
20667959,native,15014492.350819672,
20667009,native,47956061.71171171,
20665524,native,29148590.037037037,
20667612,native,42588292.56349207,
20667795,native,51230245.0,
20666654,native,47538463.5,
20668977,native,45595869.2,
20668272,native,56471974.25,
20668167,native,71227812.9375,
20666043,native,36025615.34931507,
20668964,native,54289439.697674416,
20666553,native,29609657.24117647,
20665596,native,66528349.47945205,
20665837,native,64404855.75308642,
20667761,native,34843381.50769231,
20666309,native,36924597.93129771,
20666725,native,64323193.2739726,
20668873,native,50224785.54545455,
20663747,native,69638502.6746988,
20665827,native,63983989.85294118,
20665873,native,12945878.688888889,
20667392,native,33258181.064,
20669223,native,58688662.51612903,
20667771,native,42453002.632,
20665335,native,62363809.45454545,
20668695,native,55466691.09090909,
20669072,native,71888394.55813953,
20667209,native,79417517.68253969,
20665617,native,32567392.602150537,
20667712,native,38137756.82978723,
20669168,native,24962764.547717843,
20665921,native,36991649.55,
20668211,native,44370067.18,
20665727,native,49563925.21428572,
20669354,native,32515877.89230769,
20666261,native,38327593.70909091,
20668449,native,23440758.514619883,
20667116,native,65193974.04,
20667584,native,52499106.64516129,
20665710,native,5934275.351936218,
20666225,native,44240671.97169811,
20668926,native,7486264.836129032,
20667741,native,31337989.50310559,
20665339,native,51335561.333333336,
20665957,native,51178568.74736842,
20668081,native,70454588.15068494,
20669138,native,50542147.87368421,
20668842,native,51630663.37037037,
20667960,native,31559703.877300613,
20666655,native,52128819.68235294,
20667010,native,26870510.23,
20665525,native,39650294.19847328,
20667796,native,33507722.277027026,
20667613,native,59718107.3372093,
20668168,native,45142060.12962963,
20668273,native,55985916.67469879,
20666554,native,32592094.335664336,
20668978,native,37270422.74324324,
20669224,native,42792548.75294118,
20668965,native,48953226.333333336,
20668874,native,64764747.691176474,
20666044,native,48520042.9,
20666310,native,44318521.8018018,
20665838,native,60221093.86666667,
20665874,native,723502.2214016579,
20663748,native,37656755.225563906,
20665597,native,38563228.89510489,
20666726,native,45050266.56521739,
20667762,native,37920619.464516126,
20665336,native,13887007.037681159,
20667393,native,63691978.964705884,
20668696,native,39321585.80916031,
20665828,native,43446643.45333333,
20667772,native,36764071.478527606,
20665618,native,11832642.634408602,
20667210,native,42309088.08,
20667713,native,51113770.30107527,
20669073,native,33334710.96491228,
20666262,native,58559861.333333336,
20669169,native,67777637.34285714,
20669355,native,78553106.67272727,
20665922,native,52262719.237623766,
20665728,native,47950326.86792453,
20668212,native,50620292.097345136,
20667117,native,24525509.67539267,
20668450,native,62434520.565789476,
20667640,native,28762891.363636363,
20665958,native,34743968.38333333,
20665340,native,13084667.72826087,
20668927,native,94735655.5,
20667742,native,81523076.7413793,
20667585,native,40417051.5390625,
20668843,native,34674156.585365854,
20665711,native,73087460.95454545,
20668082,native,57387645.9868421,
20669139,native,39535247.45,
20665526,native,59990105.7,
20666226,native,49619993.02542373,
20667961,native,69732178.68181819,
20669225,native,38580549.60215054,
20668169,native,50186174.05263158,
20667614,native,46809787.277777776,
20668979,native,50103785.5,
20667797,native,28042511.33163265,
20667011,native,87523511.09230769,
20666045,native,40306445.67826087,
20668966,native,38725319.08730159,
20668875,native,33033844.175675675,
20668274,native,36360015.23648649,
20666555,native,4170451.5465116277,
20663749,native,34752934.0,
20665839,native,48740563.51,
20665598,native,30855649.793548387,
20667763,native,51933006.32941177,
20666727,native,37963012.208,
20666311,native,35384791.00653595,
20668179,native,60133101.75342466,
20667394,native,43464971.533980586,
20665875,native,103444912.83636364,
20668697,native,20796206.2625,
20667773,native,57909793.8,
20665829,native,38479516.3828125,
20665619,native,48953047.09375,
20666263,native,48374536.91578947,
20669074,native,35264151.47058824,
20667714,native,29160239.782352943,
20667211,native,23063215.69333333,
20669170,native,45310718.495238096,
20669356,native,54398114.09210526,
20665923,native,51666065.344444446,
20665729,native,32531238.013513513,
20667118,native,45438357.26136363,
20668451,native,44019319.14285714,
20668213,native,59276300.61728395,
20668083,native,14011053.084615385,
20667641,native,37839867.85,
20667743,native,51027615.461538464,
20668928,native,67104692.12328767,
20665341,native,68862258.07142857,
20668844,native,54727484.34065934,
20667586,native,62160914.17045455,
20669175,native,49026978.6,
20665527,native,37448551.74615385,
20665959,native,62663407.15789474,
20668980,native,14407139.468864469,
20669226,native,31172944.320261437,
20665712,native,77631973.97142857,
20666227,native,45843143.81818182,
20667962,native,28673707.37704918,
20667798,native,56748414.633802816,
20668275,native,20750315.580645163,
20667012,native,63255615.015384614,
20668170,native,38747101.984615386,
20667615,native,42803911.96551724,
20668876,native,37246628.0,
20666556,native,66045591.36666667,
20666046,native,41354217.477876104,
20668967,native,39765946.55932204,
20666728,native,39267794.127272725,
20666312,native,48302021.65909091,
20665840,native,30310064.96273292,
20667587,native,32779459.651612904,
20665599,native,30137044.834355827,
20667395,native,41264928.37037037,
20667764,native,62452797.78823529,
20665876,native,78416553.81034483,
20668698,native,53248461.78409091,
20666264,native,39129943.38938053,
20668180,native,97710105.27586207,
20665620,native,47305707.01,
20667212,native,36348150.92,
20667774,native,38967751.22794118,
20667715,native,12690498.62113402,
20669171,native,31035059.35333333,
20665830,native,45263283.91735537,
20669075,native,45920839.945454545,
20665730,native,45718799.04395604,
20669357,native,40345597.41984733,
20665924,native,30281400.0,
20668452,native,22759818.236842107,
20667119,native,54011665.07526882,
20668214,native,52375809.368421055,
20667744,native,28017647.445945945,
20668084,native,67488898.91025642,
20665342,native,20987344.456431534,
20667642,native,54648029.885416664,
20668929,native,38428174.22058824,
20668845,native,72627237.84285714,
20667122,native,44899465.54054054,
20665713,native,39123910.85950413,
20669227,native,48196919.81904762,
20669176,native,37833652.321428575,
20667013,native,48577442.89247312,
20668981,native,72751054.05882353,
20665960,native,64028141.45783132,
20665528,native,32117560.076023392,
20668276,native,62352499.48,
20666228,native,50850932.49504951,
20667799,native,78801840.67213115,
20666557,native,82721037.2,
20666313,native,50656375.307692304,
20666047,native,4853824.583596215,
20667616,native,47517146.54,
20668171,native,42417105.85217391,
20668877,native,62600329.32098766,
20666729,native,3306305.631926121,
20668968,native,30949664.759036146,
20667963,native,23106761.14448669,
20667588,native,80302717.14285715,
20665841,native,72112383.48484848,
20667396,native,26400134.516666666,
20665877,native,53678614.526315786,
20668699,native,22032381.552238807,
20667765,native,37874475.65648855,
20665600,native,96200855.8235294,
20665621,native,42394493.92380952,
20666265,native,46227956.895238094,
20668181,native,33118370.58125,
20667775,native,16121463.204402516,
20665831,native,35936745.32608695,
20669076,native,55803880.22727273,
20669172,native,38441558.4632353,
20667213,native,51163077.41818182,
20667716,native,68789465.89333333,
20669358,native,51239736.03225806,
20668453,native,38486107.1779661,
20665731,native,66694646.09638554,
20667745,native,46843004.8019802,
20665925,native,69308415.29411764,
20667120,native,38606699.9109589,
20668215,native,12906296.5430622,
20667121,native,47275019.791666664,
20668846,native,39148973.12711865,
20668085,native,47780488.2037037,
20669177,native,52967562.855421685,
20667643,native,52708271.03125,
20668982,native,32357347.463768117,
20667123,native,14447068.256410256,
20668930,native,51143624.79047619,
20665714,native,30037734.1595092,
20667800,native,36389512.277777776,
20669228,native,57868520.244186044,
20667617,native,41095555.300884955,
20668172,native,33132530.460992906,
20666229,native,33249028.222222224,
20668277,native,40645265.264,
20668878,native,38745175.25423729,
20665529,native,43769502.46280992,
20666314,native,47153318.961904764,
20667014,native,68070137.50617284,
20666048,native,57652274.641975306,
20665961,native,31218053.327868853,
20667964,native,47215094.042105265,
20668969,native,44044485.67256637,
20666730,native,79101302.06896552,
20665842,native,44795016.91509434,
20666558,native,99629613.90163934,
20667589,native,38384973.6,
20665878,native,62606221.81927711,
20666328,native,59594875.77941176,
20668700,native,64352572.078947365,
20667766,native,39310778.4887218,
20665622,native,37825754.10169491,
20666266,native,38558557.81538462,
20667397,native,90723064.78571428,
20665832,native,37520798.34710744,
20668182,native,75543305.29577465,
20667776,native,88551888.2586207,
20669173,native,37833113.74074074,
20669077,native,31913055.62576687,
20669359,native,37142713.80916031,
20667717,native,44998103.87037037,
20667214,native,59796505.61111111,
20668454,native,77872767.8888889,
20665732,native,80004914.72307692,
20667746,native,70343697.50704226,
20666093,native,49155286.322222225,
20668216,native,46146324.39823009,
20665926,native,63846523.15909091,
20667628,native,59738138.333333336,
20668847,native,45905221.14285714,
20668086,native,1418992.963174422,
20667801,native,41732236.74489796,
20667644,native,42688564.08695652,
20665530,native,60176524.378787875,
20669178,native,31678872.319277108,
20665715,native,40391896.634920634,
20668983,native,31469838.570588235,
20666315,native,25846006.208092485,
20666230,native,45244010.83809524,
20667965,native,30822936.0,
20667618,native,38196929.03053435,
20667124,native,53038154.27184466,
20668931,native,56459545.23,
20668278,native,30046081.145454545,
20667015,native,45237934.62857143,
20669229,native,34071185.94409938,
20668879,native,64697026.179487176,
20665962,native,68261139.4923077,
20668173,native,51197473.75728156,
20668970,native,17114170.896551725,
20667590,native,2129530.751612903,
20666731,native,19469838.956175297,
20666049,native,49389735.15044248,
20666559,native,43417857.96396396,
20665843,native,35022890.53333333,
20665623,native,36748815.70676692,
20665879,native,33632414.3875,
20666329,native,24381906.69683258,
20668701,native,62815564.209876545,
20667767,native,66463550.23287671,
20665833,native,47862914.5,
20666267,native,54882172.47311828,
20668183,native,40250694.62037037,
20669360,native,29165865.0070922,
20667777,native,34564567.390625,
20667398,native,48512690.481481485,
20667718,native,40136635.57522124,
20669078,native,52297683.15384615,
20669174,native,37155057.571428575,
20667215,native,20013977.604,
20668455,native,31065350.35151515,
20665733,native,35128129.821428575,
20667747,native,23713938.091346152,
20668848,native,35812410.70338983,
20668217,native,38548728.12698413,
20665927,native,38477094.09774436,
20666094,native,83802165.8923077,
20668087,native,76123600.30357143,
20667645,native,21115758.071111113,
20665847,native,44782263.056603774,
20667802,native,44493850.54954955,
20667629,native,33550040.723529413,
20669179,native,17014465.893687706,
20665716,native,58082814.3372093,
20665963,native,3866211.472222222,
20666316,native,23884298.521126762,
20669230,native,50872262.733333334,
20668174,native,28221646.449367087,
20667966,native,3664385.571637427,
20668279,native,45555478.5,
20666231,native,47231674.06666667,
20667619,native,14209235.694285715,
20668932,native,50989993.694736846,
20667016,native,33208176.744827587,
20668984,native,22973345.55882353,
20668191,native,35372345.10958904,
20668880,native,64717457.37349398,
20668971,native,57097658.129411764,
20666732,native,66530794.54794521,
20667591,native,84971598.44827586,
20666560,native,30012397.404907975,
20666050,native,42909998.669565216,
20665844,native,25003796.466346152,
20667768,native,27875905.265895955,
20666330,native,66915034.97183099,
20665624,native,15461859.77039275,
20665880,native,71405649.4264706,
20668702,native,11065201.794238683,
20668184,native,55360367.0,
20665834,native,43390371.225225225,
20669361,native,52370785.54081633,
20667399,native,34932120.34246575,
20667778,native,33378429.17177914,
20668185,native,18057153.955555554,
20666268,native,60528521.905263156,
20667719,native,29276239.06857143,
20669079,native,47226414.06306306,
20667216,native,76054364.23809524,
20668456,native,33384559.53164557,
20668218,native,41759809.43518519,
20667748,native,38873155.698529415,
20665734,native,35978282.158227846,
20666095,native,39851409.654545456,
20668849,native,40103172.15873016,
20665928,native,39641444.74796748,
20668088,native,42497259.16190476,
20667803,native,23903181.233333334,
20665848,native,24060506.523316063,
20665717,native,46950241.90625,
20667646,native,65219150.5625,
20666232,native,41344650.423423424,
20668985,native,39018217.862068966,
20666317,native,37187926.330882356,
20668192,native,35325361.96183206,
20665964,native,77258823.06557377,
20667630,native,41835600.00763359,
20667620,native,74657559.64615385,
20667017,native,78538879.24590164,
20668933,native,72619130.14285715,
20669180,native,83060841.74603175,
20669231,native,43408714.41322314,
20667967,native,80460991.06896552,
20668175,native,57611263.4,
20668280,native,84360222.45,
20666733,native,48059322.02040816,
20668881,native,61078162.55555555,
20666051,native,48278583.3655914,
20668972,native,47051237.36036036,
20665845,native,72520653.18032786,
20666561,native,37698576.11851852,
20666331,native,46363524.34408602,
20667592,native,40956114.59398496,
20667406,native,2451671.6572127137,
20667400,native,33737160.56081081,
20665881,native,44081648.90990991,
20668703,native,54021966.755555555,
20667453,native,54185829.45783132,
20667218,native,43187806.567567565,
20669362,native,59471129.05263158,
20669080,native,13250277.83081571,
20667779,native,37942576.05343512,
20669181,native,42359714.5703125,
20667720,native,43822440.867256634,
20667217,native,41480223.85185185,
20666269,native,40266039.838709675,
20668457,native,34255371.71631206,
20667749,native,40654673.93220339,
20665735,native,50892673.7311828,
20668186,native,58951825.225,
20668850,native,49638256.78571428,
20668219,native,35268378.47058824,
20666096,native,35265741.42,
20665929,native,41486749.97520661,
20668089,native,50966129.514563106,
20665849,native,36582121.31034483,
20668973,native,43714117.0754717,
20668986,native,18311162.21632653,
20667968,native,28528997.96551724,
20667647,native,41401960.9338843,
20666233,native,33922263.06849315,
20667621,native,46663182.2631579,
20667804,native,67394557.62790698,
20666318,native,62456771.22666667,
20665965,native,6778395.319463087,
20669232,native,32354800.111111112,
20668226,native,33420947.33986928,
20668193,native,38175396.3382353,
20665846,native,44223783.389473684,
20666734,native,36299101.51908397,
20667018,native,48822811.49565218,
20668176,native,53465580.504761904,
20668281,native,65760527.07692308,
20666052,native,37708785.71538462,
20668934,native,45845406.35338346,
20667631,native,18452983.849112425,
20668941,native,15217156.152298851,
20665882,native,48713893.50943396,
20668882,native,70988850.68674698,
20666332,native,32558116.475903615,
20668531,native,41431998.83076923,
20669234,native,45656751.24347826,
20667219,native,47666604.336842105,
20669363,native,57193196.881578945,
20668704,native,52834288.46534654,
20667454,native,39605485.022556394,
20667780,native,38954817.75454546,
20667407,native,98327397.4,
20667401,native,55564583.61818182,
20667721,native,43986928.26530612,
20669081,native,56378449.2631579,
20669182,native,59834724.77272727,
20666270,native,44139791.694736846,
20666738,native,10890584.953488372,
20668458,native,41214534.16949152,
20667750,native,39674554.09090909,
20668090,native,40881005.16483516,
20665736,native,67060185.76,
20668187,native,37982745.05343512,
20668220,native,26348812.18032787,
20668851,native,38645212.437037036,
20668974,native,17448895.8,
20668987,native,34930051.55384615,
20665930,native,29402015.97191011,
20666097,native,51409093.36190476,
20667969,native,33880480.31851852,
20667648,native,35718179.4375,
20667265,native,31257800.28846154,
20665850,native,82139358.85245901,
20667622,native,33929298.43835616,
20667805,native,39080980.925925925,
20666319,native,89740048.36363636,
20669233,native,46008050.018181816,
20668194,native,51902971.663157895,
20665966,native,77734512.6764706,
20667019,native,34449538.442028984,
20666735,native,38378388.50381679,
20666053,native,32429620.661764707,
20668227,native,37859309.31034483,
20668282,native,30156871.260869566,
20668935,native,51959601.98863637,
20668177,native,26067775.438423645,
20668988,native,78595669.85294117,
20668883,native,19482280.173913043,
20667632,native,79641257.23809524,
20665883,native,37450056.35555556,
20666333,native,74008479.52380952,
20668942,native,66545760.125,
20667455,native,14471239.986206897,
20668532,native,44197864.63207547,
20667220,native,35584833.94326241,
20669235,native,37440210.48529412,
20667722,native,40871101.873786405,
20669364,native,33436269.70909091,
20666275,native,43687297.60169491,
20667402,native,28921106.4,
20668705,native,61433379.417582415,
20667408,native,60863336.90361446,
20669183,native,48354743.5,
20666271,native,30822774.151898734,
20669082,native,50712489.19417476,
20666739,native,87600063.18965517,
20668459,native,45877464.08181818,
20667751,native,36115089.927536234,
20668188,native,30417959.895424835,
20668091,native,48137843.846938774,
20665737,native,19411250.128301885,
20668852,native,25226100.275510203,
20667828,native,34022704.08888889,
20668221,native,70771065.67142858,
20668975,native,34361628.5,
20666098,native,29081328.466666665,
20667970,native,50562109.26136363,
20665931,native,25257359.674757283,
20665851,native,28031825.379518073,
20667649,native,28330424.2752809,
20666140,native,33519328.728,
20667623,native,46746039.00900901,
20667266,native,56813231.88636363,
20665884,native,57434756.844827585,
20666320,native,46642815.018867925,
20668178,native,21412994.728723403,
20667806,native,44295238.25663717,
20665967,native,58279780.55128205,
20668228,native,34302913.0,
20667020,native,64907334.90789474,
20668195,native,9462630.060553633,
20666736,native,43034713.28333333,
20668936,native,35506693.75735294,
20668283,native,41092212.6779661,
20668884,native,70792233.64615385,
20666054,native,53664532.04854369,
20667633,native,38032123.414814815,
20668989,native,43142648.78125,
20669236,native,24134557.457142856,
20668943,native,53021541.17894737,
20667456,native,39555315.06923077,
20668533,native,39085711.16923077,
20666276,native,43354578.458333336,
20669365,native,7836966.16,
20667221,native,27093988.792746115,
20666334,native,16976342.06424581,
20667723,native,31735242.186335403,
20668706,native,31347310.7,
20666272,native,23437204.131428573,
20667409,native,44457702.76521739,
20667403,native,31572845.63030303,
20669184,native,33720728.25874126,
20669083,native,39414142.84920635,
20666740,native,24245104.035897437,
20667752,native,32223543.04895105,
20668460,native,46159575.31132075,
20665738,native,47190539.0,
20668092,native,3834192.714285714,
20668853,native,49968453.24210526,
20668189,native,33805882.17177914,
20666737,native,61510705.3943662,
20667829,native,25348848.43076923,
20668222,native,37918476.31355932,
20666099,native,33907218.013986014,
20667971,native,20157730.504032258,
20666141,native,38051917.36440678,
20665852,native,32817000.61589404,
20665932,native,39810505.515873015,
20667650,native,35042979.948529415,
20665968,native,23662919.868571427,
20665885,native,23314113.415789474,
20668229,native,37576834.88888889,
20667267,native,27891805.339181285,
20669185,native,29202350.70886076,
20667807,native,22649183.78109453,
20667624,native,41702260.358333334,
20666321,native,61227376.25925926,
20668196,native,54742745.89247312,
20667021,native,45491343.975,
20669257,native,50519096.25714286,
20668284,native,42852668.80165289,
20668937,native,26632499.514423076,
20666055,native,19407054.362264153,
20668990,native,52752005.67032967,
20668944,native,21982267.881773397,
20668885,native,50741003.855932206,
20668534,native,39510150.1,
20667457,native,72960527.5076923,
20669237,native,56140294.54081633,
20667634,native,35734762.678571425,
20669366,native,50347072.760416664,
20666277,native,52954763.346534654,
20667724,native,56577944.24,
20666335,native,50351279.145833336,
20667222,native,43810342.73275862,
20668707,native,51875286.530612245,
20667404,native,23930117.34741784,
20667410,native,22585130.67826087,
20666273,native,82360658.6557377,
20668190,native,77638548.39393939,
20669084,native,35566458.71328671,
20666741,native,38555495.466165416,
20667753,native,24942170.689473685,
20665739,native,25534685.421348315,
20668461,native,38454495.46825397,
20666163,native,4432318.446564886,
20668093,native,53851636.161290325,
20667241,native,36697321.41538461,
20668223,native,27896816.56140351,
20665853,native,51310465.41975309,
20666100,native,9969146.881987577,
20667651,native,32832660.0078125,
20667830,native,56512825.77272727,
20668854,native,38949627.39041096,
20666142,native,38919875.664,
20667972,native,63996510.881578945,
20668230,native,38400098.634920634,
20665886,native,23591027.869767442,
20665933,native,75881475.67605634,
20667625,native,39522074.601626016,
20667268,native,42671818.5,
20665969,native,76692672.35211268,
20669186,native,68242657.09333333,
20666322,native,40535958.01626016,
20668197,native,36577522.99236641,
20667808,native,75403436.1369863,
20669258,native,36635049.256,
20668285,native,17368345.99310345,
20667022,native,28089827.557377048,
20668938,native,56269223.406976745,
20668991,native,61571763.25,
20668945,native,46069252.10185185,
20666056,native,66221902.50666667,
20667458,native,19433399.504,
20668535,native,33339212.74834437,
20669238,native,48762032.86407767,
20668886,native,62453881.152941175,
20667635,native,40570390.25619835,
20669367,native,53976560.94444445,
20666278,native,38074912.41984733,
20666336,native,33329975.212328766,
20667725,native,35706365.27142857,
20667223,native,55408961.11764706,
20668708,native,33287248.378205128,
20667405,native,42545690.50847457,
20669085,native,36411409.99152543,
20667411,native,42725190.28448276,
20666274,native,35171227.99378882,
20667754,native,28823200.98159509,
20668578,native,58333691.97777778,
20666742,native,63168771.93975904,
20665740,native,53467439.51612903,
20668462,native,41556254.31404959,
20668094,native,51182247.28571428,
20668224,native,43017465.72277228,
20666164,native,68516516.36619718,
20665854,native,15393636.199335549,
20667242,native,33554401.435897436,
20666101,native,66283923.413333334,
20668855,native,50745733.279569894,
20667652,native,52886494.06122449,
20667831,native,71317659.46575342,
20666143,native,49445367.114583336,
20668231,native,33192261.923076924,
20667973,native,35872312.70945946,
20665887,native,59687102.578313254,
20666323,native,34596884.66153846,
20669259,native,42694599.90322581,
20668198,native,32456437.5546875,
20665970,native,35076985.30434783,
20665934,native,42548395.887931034,
20667626,native,33747952.602564104,
20668554,native,42988089.06779661,
20667269,native,50611334.78571428,
20667809,native,23433193.592592593,
20668286,native,70297747.13235295,
20668992,native,38983187.44,
20667023,native,47517641.00909091,
20668939,native,36107462.56551724,
20666057,native,34485703.716216214,
20668946,native,47443567.25714286,
20667459,native,49948663.635416664,
20669239,native,54857689.50588235,
20667636,native,18603748.509578545,
20668887,native,37387781.97709924,
20668536,native,45179506.9537037,
20669368,native,27465193.864864863,
20666279,native,27909335.938202247,
20667224,native,53511926.31395349,
20665856,native,35969248.09166667,
20666337,native,38616774.448529415,
20667726,native,34455217.821192056,
20668709,native,45068502.81981982,
20667412,native,44169008.182608694,
20669086,native,23527359.554112554,
20665857,native,30174176.68674699,
20668579,native,35381878.34042553,
20667755,native,37282395.18181818,
20666743,native,32158659.846666668,
20665741,native,35637668.67142857,
20668095,native,54625136.04651163,
20668225,native,29765782.717647057,
20667243,native,51516317.09638554,
20666165,native,37049069.007407404,
20668463,native,28470360.302564103,
20667653,native,25978464.017045453,
20665855,native,92547368.36363636,
20666102,native,31461822.01986755,
20667832,native,32717191.012820512,
20668856,native,42519350.93220339,
20666144,native,39260162.4,
20667974,native,34541546.246031746,
20666324,native,26774905.636363637,
20668232,native,47870629.047619045,
20667627,native,12637742.704022989,
20665888,native,52979127.692307696,
20668199,native,52354658.63736264,
20669260,native,42950819.85123967,
20665971,native,44550511.49152543,
20668555,native,41887983.74380165,
20665935,native,67635893.825,
20667270,native,51029694.38834952,
20667810,native,57931655.73255814,
20668287,native,25429291.005102042,
20668940,native,76529866.31034483,
20666058,native,23494513.623255815,
20667024,native,49064384.38679245,
20667460,native,52941876.13333333,
20668993,native,58279316.06593407,
20668947,native,54429305.182795696,
20669240,native,40110221.54471545,
20667637,native,55554551.45054945,
20668888,native,57209924.78888889,
20667225,native,51079344.84090909,
20668537,native,34505029.179310344,
20666280,native,3387512.392548237,
20666338,native,40544040.87931035,
20669369,native,78380707.46153846,
20669372,native,56506372.78409091,
20667727,native,33530873.897435896,
20668710,native,36529720.52173913,
20667413,native,26737204.507853404,
20669087,native,43677935.93103448,
20665858,native,50920380.60194175,
20666744,native,61450421.868421055,
20668580,native,42600708.405172415,
20667756,native,42931941.90833333,
20666166,native,47008772.70526316,
20668464,native,59218567.131578945,
20667816,native,34991736.865248226,
20665742,native,40826975.176470585,
20668096,native,2742603.3210184723,
20667244,native,44876389.628318585,
20669245,native,52565099.83516484,
20666103,native,30226102.012658227,
20667654,native,45003208.11818182,
20666145,native,31964086.076923076,
20668857,native,43267118.43362832,
20667833,native,51653956.32,
20666325,native,48405102.53333333,
20668233,native,6984931.382920111,
20667975,native,40960676.96031746,
20669261,native,34793758.896825396,
20665889,native,26057539.489473686,
20667229,native,70710471.5,
20665972,native,33240380.335714284,
20668556,native,44589555.23,
20665936,native,15097144.386885246,
20668200,native,42696807.54310345,
20667271,native,45816810.84,
20668288,native,43164544.35135135,
20667811,native,48281229.8019802,
20668201,native,27109015.719387755,
20666059,native,69002133.46969697,
20667461,native,31462145.870967742,
20668994,native,33577164.44755245,
20667025,native,27514093.17204301,
20668948,native,54323079.29473684,
20669241,native,41248604.19512195,
20667639,native,69250753.15384616,
20668889,native,53723264.28888889,
20666339,native,31404132.65,
20667638,native,37364162.72027972,
20667226,native,42982495.495934956,
20668538,native,48339129.72727273,
20669373,native,5917286.483001173,
20669370,native,47678071.96116505,
20667414,native,18614200.90625,
20667728,native,33507748.385620914,
20668711,native,33421369.777777776,
20666745,native,51618831.32941177,
20669088,native,22872029.53846154,
20668581,native,33868945.46853147,
20668542,native,59240533.43373494,
20668718,native,96239555.4528302,
20668465,native,56039647.144578315,
20667817,native,35054274.2132353,
20669246,native,48756849.591836736,
20665743,native,40967324.753968254,
20667245,native,29344784.474285714,
20666104,native,51166111.02,
20666146,native,29550877.327272728,
20666167,native,16767621.705405405,
20668097,native,77551340.48571429,
20668858,native,36612231.67175572,
20667655,native,38227719.692857146,
20667834,native,25477046.90769231,
20666326,native,19877961.9125,
20668234,native,68439234.25396825,
20667230,native,42271448.89090909,
20667976,native,36778308.5112782,
20665890,native,54479376.0,
20669262,native,13982118.412371134,
20668566,native,42343871.451327436,
20665937,native,51927017.05263158,
20668557,native,52901800.336842105,
20665973,native,25301326.251184832,
20667272,native,43051255.44360902,
20667812,native,32558141.114864863,
20667026,native,45272666.02105263,
20667462,native,32995133.557142857,
20666060,native,18865194.43359375,
20668995,native,5603061.0077777775,
20668202,native,36404508.531034485,
20668289,native,59920455.57777778,
20668949,native,34280528.00653595,
20666069,native,45089024.699115045,
20666340,native,57538209.166666664,
20668890,native,41750637.30894309,
20669242,native,47887002.252173916,
20667227,native,33083912.662251655,
20669374,native,81947520.31034483,
20669090,native,52887082.333333336,
20669371,native,4560148.533678756,
20668712,native,32523906.933774833,
20668539,native,47392992.50862069,
20669089,native,37549868.93220339,
20667415,native,50133694.097087376,
20667729,native,44025609.75,
20666746,native,44861435.975,
20668543,native,43590858.3539823,
20668582,native,66496522.05263158,
20668719,native,77946654.96969697,
20667818,native,46156302.80188679,
20668466,native,51410348.718446605,
20667246,native,53790365.604395606,
20665744,native,39110648.31538462,
20666105,native,49519400.03,
20666147,native,44311413.74774775,
20666168,native,28178079.095505618,
20669247,native,20260870.04195804,
20667656,native,28767785.994382024,
20668098,native,40040081.93984962,
20668235,native,49397697.44210526,
20668894,native,64950547.79487179,
20666327,native,43139244.516666666,
20667835,native,65686310.243589744,
20665891,native,38223715.895652175,
20667231,native,45328828.524271846,
20667977,native,40473717.333333336,
20669263,native,54984698.093023255,
20668567,native,51760793.19354839,
20668558,native,37562562.98518518,
20665974,native,30319442.421686746,
20665938,native,42286580.32,
20667027,native,35017525.145038165,
20667463,native,43220545.63207547,
20667273,native,36018098.83571429,
20666061,native,52540793.45555556,
20667813,native,41711858.56779661,
20667476,native,39541496.28125,
20668290,native,47892284.23,
20668996,native,74872139.81428571,
20668950,native,52605143.68131868,
20666070,native,14467826.963483145,
20667228,native,30911521.635135137,
20666341,native,25617915.0,
20668891,native,22828117.81858407,
20669091,native,42971822.17475728,
20669243,native,36274943.9020979,
20669269,native,43499950.00900901,
20669251,native,36468339.57446808,
20668713,native,48140519.64,
20666081,native,59034243.18518519,
20667730,native,33794523.52413793,
20668540,native,55704667.62637363,
20667416,native,3886117.276008493,
20666747,native,34822150.70344827,
20668544,native,32935066.124183007,
20668583,native,37049582.442857146,
20668720,native,42828937.33913043,
20667819,native,32316314.139240507,
20668467,native,46652303.36036036,
20667247,native,44581073.05217391,
20665745,native,52364753.729166664,
20666148,native,33191629.837837838,
20666169,native,31948912.006451614,
20668236,native,35812845.3984375,
20666106,native,38460150.833333336,
20669248,native,59754611.85185185,
20667657,native,23567699.38604651,
20666116,native,38266911.264,
20669264,native,15437015.023890786,
20667836,native,33363208.74,
20667978,native,57504346.421686746,
20668895,native,45824638.9826087,
20665939,native,15390829.217712177,
20668568,native,20076163.220833335,
20667232,native,55352813.86021505,
20665892,native,70497053.26315789,
20668099,native,73594513.64285715,
20668559,native,39993932.38888889,
20665975,native,58223226.74117647,
20667814,native,17951764.525490195,
20667028,native,34314522.62068965,
20667464,native,56354441.5,
20667274,native,69025764.45070423,
20667477,native,9559.004090884187,
20666062,native,56087453.663157895,
20668291,native,37420044.4117647,
20668997,native,17593549.121311475,
20668951,native,29287711.01111111,
20665976,native,24718088.472906403,
20669270,native,30657857.929078013,
20668892,native,30723139.748466257,
20669244,native,36178309.60150376,
20666071,native,49042245.99056604,
20666342,native,47540333.765765764,
20669252,native,57327345.21686747,
20669092,native,56639685.56122449,
20668541,native,8360979.483648881,
20667731,native,36466657.8515625,
20668714,native,64797131.64102564,
20666082,native,33343548.042424243,
20666748,native,29575639.2,
20667417,native,85493945.88333334,
20668721,native,33501650.60135135,
20668545,native,33863599.44303797,
20668584,native,34691148.52,
20666170,native,37864879.21551724,
20667820,native,69560563.07575758,
20665746,native,41783211.172413796,
20667248,native,49474808.04854369,
20669249,native,51732511.34408602,
20668237,native,33668096.48,
20666117,native,4609942.428166351,
20666107,native,41102811.38842975,
20667658,native,34591234.006896555,
20669265,native,68343565.65151516,
20666149,native,72821829.61428571,
20668468,native,16169300.53150685,
20667837,native,44230599.981818184,
20665940,native,71351666.47692308,
20665893,native,29760713.045751635,
20667979,native,54063446.35164835,
20667233,native,30916354.00625,
20668896,native,43794429.084745765,
20668569,native,65101907.35,
20668100,native,30309793.412121214,
20668560,native,42970271.076271184,
20666087,native,72321127.1,
20667029,native,44753128.416666664,
20667465,native,39589438.42276423,
20667815,native,73682460.14754099,
20667275,native,38784562.59322034,
20666063,native,42010509.13513514,
20668292,native,43055790.7735849,
20667478,native,76532063.68253969,
20668952,native,47413438.32,
20668998,native,46117336.15533981,
20665977,native,65851495.484848484,
20668893,native,77608184.08333333,
20666343,native,33609641.9858156,
20668999,native,31222759.514619883,
20666072,native,41912666.728,
20669254,native,38233752.38095238,
20669271,native,52617281.50909091,
20669253,native,31152190.2748538,
20668715,native,75384766.01587301,
20666175,native,46113291.44144144,
20666749,native,19739456.696,
20667732,native,14803264.878947368,
20666083,native,40760892.288,
20667418,native,44977516.522522524,
20668722,native,32709607.83448276,
20668585,native,67189000.21917808,
20668546,native,44855588.448275864,
20666171,native,26031298.10714286,
20667821,native,49471698.33663366,
20667249,native,16531784.129568106,
20665747,native,37942338.98550725,
20668469,native,49444046.58888889,
20668238,native,29663132.096969698,
20666108,native,44443362.52830189,
20669250,native,38197093.95555556,
20667659,native,23473713.51162791,
20669266,native,14658959.57142857,
20666118,native,66068283.92,
20667838,native,36037002.212765954,
20665941,native,34288503.35862069,
20666150,native,36117706.74172185,
20668897,native,44470715.80909091,
20667980,native,34647458.262068965,
20668101,native,49870710.333333336,
20668561,native,48515400.744444445,
20667234,native,53452928.84946237,
20666088,native,17284719.043137256,
20668570,native,34675962.82517482,
20665894,native,36590423.41772152,
20666064,native,25729396.19879518,
20667030,native,55353866.417582415,
20667822,native,65569224.86666667,
20667466,native,41904686.15447155,
20667276,native,20450794.782608695,
20665978,native,53429225.51764706,
20669255,native,30478317.525,
20668293,native,26647725.11827957,
20667479,native,40594752.76033058,
20668601,native,54361953.26373626,
20666151,native,1269892.9629149379,
20666073,native,35445495.89312977,
20668613,native,31501643.242236026,
20668484,native,36307513.63768116,
20669272,native,30355725.38607595,
20666344,native,57788949.41111111,
20667488,native,39734071.97087379,
20666176,native,42390588.35454545,
20668716,native,31596037.645962734,
20666084,native,37736524.88965517,
20667733,native,77553617.3030303,
20667419,native,27304819.472222224,
20669275,native,93157612.92857143,
20668723,native,41436169.479674794,
20668586,native,22836301.123893805,
20667825,native,25280227.0,
20668547,native,32318929.803680982,
20666172,native,74540194.36923076,
20665748,native,27261642.398876406,
20668470,native,52793803.56666667,
20666109,native,7299150.775714286,
20668239,native,3917029.1103703706,
20667250,native,53493460.97959184,
20667253,native,41228916.690476194,
20668898,native,50470933.78409091,
20667839,native,4571287.838103756,
20666119,native,31373329.638554215,
20669267,native,54492037.65625,
20669273,native,55281083.60465116,
20667235,native,30016483.97385621,
20665942,native,36272567.5319149,
20667660,native,76347193.5735294,
20667981,native,2493514.721593704,
20668102,native,39585992.12396694,
20668562,native,65842178.03947368,
20668571,native,27409038.839378238,
20665895,native,62701304.913580246,
20666089,native,58916104.802083336,
20667494,native,54870415.15116279,
20666065,native,35344955.94520548,
20667823,native,28842334.115606938,
20667277,native,58294288.62962963,
20667467,native,41194749.808823526,
20669256,native,47943322.510416664,
20668602,native,43568789.06481481,
20665979,native,33446594.09032258,
20666074,native,36323768.138211384,
20667480,native,49287191.14563107,
20666152,native,54951343.46511628,
20668294,native,46103984.54545455,
20666345,native,36910255.93650793,
20668614,native,39164523.344,
20668485,native,45979740.057142854,
20667489,native,38278060.424,
20666177,native,64036749.2739726,
20665947,native,36054176.26027397,
20668717,native,26024707.643617023,
20667420,native,28873603.38690476,
20666085,native,34675457.4,
20668572,native,45222752.026548676,
20668724,native,24081790.770408165,
20669276,native,45132413.4214876,
20667826,native,82454768.53448276,
20666173,native,29493804.242236026,
20668587,native,71451765.9859155,
20668548,native,35902291.58041958,
20665749,native,29720320.910714287,
20668471,native,43774256.71304348,
20668240,native,79172196.28333333,
20667254,native,13768875.891304348,
20667251,native,59073802.44705883,
20666110,native,72441116.37142856,
20667661,native,49694663.989247315,
20668899,native,15714938.353658536,
20669274,native,17257315.896551725,
20669268,native,36179721.652173914,
20665943,native,29694261.54761905,
20666120,native,27869847.38172043,
20667236,native,38002810.664122134,
20665896,native,30853072.814285714,
20667982,native,31959259.01840491,
20668103,native,23887019.009090908,
20667840,native,88267014.98333333,
20668563,native,30476410.0,
20667824,native,47694882.104761906,
20666066,native,48053901.80612245,
20667495,native,50812254.20408163,
20666075,native,11197391.643956045,
20666090,native,42230212.25384615,
20667468,native,62346106.46052632,
20667278,native,57568843.84615385,
20667491,native,42488708.72881356,
20668472,native,42370817.35185185,
20667481,native,35285457.078125,
20668603,native,56835921.71428572,
20668295,native,61250163.1,
20665980,native,77603371.1969697,
20666153,native,69792616.68571429,
20668486,native,21982553.24747475,
20667490,native,49791457.63953488,
20665948,native,34958584.666666664,
20666346,native,38412748.834586464,
20668615,native,16927434.453125,
20666178,native,48347372.27184466,
20666086,native,27373450.411392406,
20668507,native,50236276.80188679,
20667421,native,35212841.067567565,
20668573,native,61886556.3,
20668725,native,64793596.0,
20668549,native,42289350.81632653,
20669277,native,29896401.97752809,
20666174,native,47680858.60952381,
20667827,native,56441621.538461536,
20668588,native,39572001.4453125,
20665750,native,48155629.48571429,
20666128,native,45835631.15740741,
20668241,native,73564804.77777778,
20666111,native,36570444.43609022,
20667662,native,32949783.54,
20667252,native,43558065.24793389,
20667237,native,42826642.867256634,
20665944,native,47159971.79207921,
20667470,native,46661163.895238094,
20668589,native,51731304.7368421,
20667255,native,77723707.35294117,
20667983,native,18657159.865900382,
20665897,native,54244997.87912088,
20666121,native,78690081.78787878,
20667841,native,48178819.17,
20668900,native,46957652.47413793,
20668104,native,70269078.13636364,
20669278,native,31567514.662251655,
20668564,native,78122179.16666667,
20666067,native,41346101.27272727,
20667496,native,44107175.82300885,
20666076,native,46974333.320754714,
20666091,native,41631534.52,
20667469,native,25827711.266009852,
20667482,native,23657077.803030305,
20667279,native,44987416.72173913,
20667492,native,56230612.41860465,
20668473,native,34734014.314685315,
20668296,native,44826295.284210525,
20668487,native,39146055.327586204,
20668604,native,36420945.36231884,
20665981,native,26965962.31693989,
20666154,native,33147157.695364237,
20665949,native,30725955.926666666,
20666122,native,20559669.01234568,
20666347,native,20097212.973076925,
20668616,native,47231880.0,
20666179,native,39368676.807692304,
20668595,native,44077457.14414415,
20668508,native,40719881.26923077,
20668574,native,54849886.45348837,
20668550,native,32466428.8807947,
20667422,native,26700881.32701422,
20668726,native,38566413.32167832,
20668109,native,44516907.12931035,
20667238,native,45611034.45762712,
20668495,native,39327880.31851852,
20666129,native,38542094.104,
20668592,native,61670286.83950617,
20665751,native,33453381.639240507,
20666112,native,40905474.922413796,
20668242,native,29609685.14457831,
20665945,native,42355168.309734516,
20667663,native,30316389.147058822,
20666092,native,31996170.961290322,
20667984,native,36525088.95384616,
20667471,native,32243191.061349694,
20668590,native,16428647.60371517,
20665898,native,64718430.78947368,
20667485,native,31267189.607954547,
20666157,native,33551917.65359477,
20668901,native,43298398.9137931,
20667842,native,40846064.76190476,
20668105,native,31159881.5875,
20667256,native,48292671.711864404,
20668565,native,42992624.46017699,
20669279,native,42758554.85950413,
20666068,native,41000276.79661017,
20667497,native,43102837.83050848,
20666077,native,50332293.19,
20667483,native,56014687.525641024,
20668575,native,32032570.59493671,
20667493,native,42542652.43362832,
20668474,native,16909093.323333334,
20667280,native,41425150.768,
20668297,native,23302730.104761906,
20668244,native,67605293.26315789,
20668605,native,44877782.126126125,
20665982,native,45766003.31818182,
20666155,native,25817960.785714287,
20666123,native,34153308.7739726,
20665950,native,63496659.65116279,
20668488,native,83832690.41428572,
20666180,native,31029517.147435896,
20666348,native,86844084.74545455,
20668617,native,55855770.55555555,
20668509,native,24403686.847368423,
20668596,native,39725801.87692308,
20668551,native,43548493.117117114,
20667423,native,31484617.052287582,
20668607,native,51669187.45283019,
20668110,native,31656013.227586206,
20668727,native,61097801.07058824,
20666130,native,47229741.94,
20668593,native,23430951.528571427,
20668496,native,54300097.32631579,
20666113,native,42416363.87068965,
20665752,native,38098802.56390978,
20668243,native,32127794.316455696,
20668106,native,26782149.179775283,
20667239,native,51721513.225225225,
20667664,native,34581393.48275862,
20667472,native,43099623.28181818,
20665899,native,33468689.171232875,
20665946,native,65491574.24691358,
20668591,native,74403967.6923077,
20667985,native,24481016.615740743,
20666158,native,32342147.141935483,
20667843,native,38619536.32824428,
20668902,native,48727585.82857143,
20668247,native,47756638.97169811,
20669280,native,32870637.053333335,
20667486,native,43773323.96825397,
20667257,native,56248282.05555555,
20666156,native,57218269.244444445,
20668478,native,45004613.93333333,
20667498,native,44083276.442477874,
20668576,native,24186931.170984454,
20667484,native,25506426.164102565,
20666078,native,28246772.923076924,
20668015,native,28660860.265060242,
20665988,native,26734233.621794872,
20667281,native,41195569.99152543,
20668475,native,59335564.705882356,
20668298,native,38884908.73282443,
20668245,native,43184098.10569106,
20668606,native,46802960.27184466,
20666124,native,48918330.67368421,
20665951,native,35444000.3015873,
20665983,native,43740720.875,
20668618,native,42378520.477876104,
20666349,native,29054640.65730337,
20668489,native,22880884.909465022,
20666181,native,77505001.05882353,
20668510,native,52713190.795698926,
20668597,native,26706827.05,
20668552,native,47039160.13592233,
20667424,native,80835174.43333334,
20668608,native,34440367.46206897,
20668111,native,34135038.65248227,
20666131,native,41105598.972972974,
20668728,native,30739310.202312138,
20665753,native,32622072.25,
20668594,native,77292866.85245901,
20668107,native,48301119.46511628,
20668497,native,25947542.83163265,
20667665,native,31644645.462068964,
20668619,native,17294113.644827586,
20667240,native,61445340.64102564,
20666114,native,34355383.80745342,
20665985,native,50402264.755555555,
20667473,native,14110491.75135135,
20667851,native,44682952.234234236,
20665900,native,25178950.349514563,
20665994,native,36213161.78571428,
20668248,native,40680775.03333333,
20667844,native,44862605.38938053,
20667986,native,70389008.14285715,
20668903,native,75364291.18181819,
20667487,native,59826386.578313254,
20666159,native,44907969.31404959,
20667258,native,29052986.414772727,
20667675,native,32916822.98757764,
20668577,native,74182065.43333334,
20668479,native,64521917.675,
20667499,native,53282812.77551021,
20667681,native,15706527.185074627,
20665989,native,50954190.40860215,
20667282,native,32435790.52317881,
20666079,native,72716083.85915492,
20667863,native,13365414.237142857,
20668016,native,75762856.95454545,
20665952,native,40895047.4,
20668299,native,41123407.672413796,
20668246,native,5112524.9279187815,
20668476,native,39538241.76335878,
20666125,native,35065577.45945946,
20665984,native,30905855.939759035,
20666115,native,34688491.19847328,
20666182,native,34928700.234375,
20668490,native,39178740.416,
20668511,native,40463688.11304348,
20666350,native,46172046.481481485,
20668598,native,8096004.53015873,
20667425,native,16277680.084415585,
20668609,native,39341663.528,
20668553,native,55513810.03157895,
20668112,native,42437826.8,
20666132,native,19045163.335793357,
20665754,native,22744437.056872036,
20668498,native,50495371.01136363,
20667288,native,41029225.583333336,
20668729,native,49121671.84761905,
20668108,native,30090819.412121214,
20668620,native,20551033.547826085,
20665986,native,68893402.78571428,
20665901,native,17765213.4,
20667666,native,33116842.208333332,
20668481,native,41138856.65384615,
20667285,native,42705117.84166667,
20667852,native,43888875.81415929,
20665995,native,27702429.231182795,
20667474,native,46676106.652173914,
20667845,native,49852853.93877551,
20667259,native,61639726.32,
20668904,native,2129933.068556919,
20667676,native,3676648.37741686,
20668249,native,58673560.27272727,
20665997,native,63171775.102564104,
20667987,native,49165715.27,
20666160,native,23669366.03211009,
20665991,native,48301719.41509434,
20668480,native,55503648.14285714,
20667682,native,31691616.30967742,
20668519,native,40846762.21481481,
20667864,native,62459339.63013699,
20668477,native,38575515.64655172,
20665990,native,56429148.11363637,
20666080,native,26855767.05464481,
20668017,native,30398116.01863354,
20667283,native,51042795.49504951,
20665996,native,35091487.5,
20668300,native,22927356.328703705,
20667669,native,48068417.614583336,
20666126,native,31026738.30909091,
20667848,native,62335967.34736842,
20666183,native,36885520.33846154,
20668512,native,35381920.81203008,
20668491,native,5094272.948484848,
20666351,native,30501145.80981595,
20667475,native,33348690.70760234,
20668599,native,80802617.0,
20667426,native,47842601.5,
20668610,native,4575680.495145631,
20666133,native,58911682.0,
20668113,native,27841997.916666668,
20668492,native,70175763.41176471,
20665755,native,33457488.08219178,
20668499,native,24347902.645631067,
20668730,native,41544750.78861789,
20667289,native,66763309.3875,
20668611,native,81348166.0,
20668621,native,67126542.41025642,
20668482,native,26317044.612565447,
20667286,native,35623741.36170213,
20665987,native,27157689.28358209,
20667667,native,41877826.08130081,
20667853,native,37240480.674074076,
20665902,native,79377797.42857143,
20667846,native,24569284.098522168,
20667678,native,45395027.67272727,
20666161,native,41338200.49586777,
20665998,native,37970779.603053436,
20668905,native,82519881.75409836,
20667260,native,50216850.34951457,
20667677,native,97490927.33333333,
20667988,native,33439625.397435896,
20667668,native,33759732.03205128,
20666184,native,41565801.624060154,
20667683,native,37648945.3129771,
20665992,native,28830229.63387978,
20668520,native,15294066.5,
20667991,native,64448581.24657534,
20667284,native,39415263.833333336,
20667865,native,40204656.76033058,
20668343,native,57769052.313253015,
20668301,native,59505510.525641024,
20668018,native,33859690.951724134,
20668765,native,82254216.48275863,
20668501,native,22037693.093617022,
20666185,native,36098829.18666667,
20667670,native,26061713.074468084,
20667857,native,31174886.844594594,
20668038,native,29763887.293333333,
20667849,native,15541710.798850575,
20668513,native,47911062.82178218,
20666127,native,56213370.876190476,
20667854,native,34436068.28965517,
20666352,native,16135351.222222222,
20668600,native,52385169.94623656,
20667427,native,22824273.09478673,
20665903,native,41935585.47933884,
20668114,native,46067043.08737864,
20666134,native,6485061.234782609,
20668493,native,37425280.93129771,
20665756,native,42343172.208333336,
20668500,native,45237220.077586204,
20668731,native,32569580.715189874,
20668120,native,34812639.7107438,
20668612,native,49192390.44660194,
20668144,native,30703725.35333333,
20667287,native,15848626.003144654,
20668126,native,65176840.696969695,
20667290,native,16584768.802941177,
20668483,native,43973216.91304348,
20667679,native,32412592.96153846,
20668622,native,53787431.902912624,
20668132,native,55096867.72448979,
20667261,native,42396688.63963964,
20665999,native,36913768.45925926,
20667847,native,63099825.79069767,
20667989,native,45480679.722222224,
20668129,native,23471220.243362833,
20666162,native,43028410.72357724,
20667300,native,63487790.54117647,
20668521,native,71576713.0,
20665765,native,46345727.016666666,
20667684,native,45494201.6,
20665993,native,54044378.25274725,
20666137,native,74717956.82894737,
20667992,native,2301723.631710362,
20667685,native,24891235.38028169,
20668344,native,35888689.721804515,
20667866,native,23712245.475555554,
20668766,native,47316170.31481481,
20668019,native,63069588.77108434,
20668302,native,45548943.79130435,
20666186,native,3839829.2378886477,
20667671,native,56152414.325581394,
20667858,native,39099461.76033058,
20668502,native,75324052.0,
20668039,native,34565617.80405405,
20667850,native,51575295.715789475,
20667855,native,27300598.77297297,
20668514,native,35073356.52666666,
20668516,native,52222061.4375,
20666353,native,64098586.79487179,
20667428,native,10327610.219959266,
20668515,native,37917943.17037037,
20665904,native,33053361.19354839,
20668115,native,23899312.296116505,
20668494,native,40055547.6779661,
20665757,native,36585617.77099237,
20668525,native,147992336.96774194,
20666135,native,52176135.316831686,
20666138,native,36926856.29365079,
20668121,native,22900736.782222223,
20668732,native,68080109.42105263,
20668145,native,31243729.98787879,
20667869,native,39927169.828125,
20668623,native,14112700.591428572,
20668127,native,53456049.97849462,
20667860,native,45117576.24137931,
20667680,native,37861095.572463766,
20667291,native,52237030.44,
20667262,native,32744783.673076924,
20668319,native,2445016.809667674,
20667990,native,26944440.69354839,
20668133,native,30439180.184210528,
20668130,native,57434465.71428572,
20667672,native,39143122.31428572,
20668128,native,44773982.711864404,
20665766,native,30109623.04375,
20666139,native,33333046.351724137,
20667859,native,27060802.363157894,
20668345,native,18406085.305882353,
20668522,native,46650499.47457627,
20667686,native,29883832.833333332,
20667301,native,3681633.758900687,
20667867,native,61425971.775,
20666136,native,53520801.336363636,
20668503,native,17334678.30418251,
20668303,native,52714868.34736842,
20668767,native,44552554.053097345,
20668020,native,49608075.99029126,
20667993,native,68834314.30136986,
20668504,native,44547053.82300885,
20668307,native,29851291.012048192,
20665905,native,33515519.947019868,
20668390,native,6022766.903401361,
20668040,native,40104714.38333333,
20667856,native,67774455.61538461,
20668517,native,63135513.5,
20668117,native,29629291.78612717,
20666354,native,21561754.552941177,
20668528,native,37562187.692307696,
20667429,native,80128007.74603175,
20668526,native,25286835.36129032,
20668050,native,43603727.663716815,
20668313,native,42015067.09565217,
20668116,native,30743217.078313254,
20665758,native,41730344.90082645,
20668366,native,64315798.60526316,
20668310,native,38398903.52173913,
20668733,native,31390734.198717948,
20668146,native,16204727.364217252,
20667870,native,51043845.770833336,
20667861,native,34338918.43262412,
20668304,native,32657006.98064516,
20668741,native,63092442.15068493,
20668122,native,61659669.39784946,
20667292,native,46184190.283018865,
20668624,native,45457390.18644068,
20667263,native,45063249.8018018,
20668044,native,35223884.03424658,
20668134,native,34757776.57931034,
20667673,native,43225144.60869565,
20668131,native,24059476.240740743,
20668354,native,32436536.860759493,
20668320,native,90765588.3,
20668346,native,39471081.59504132,
20668753,native,20579903.184313726,
20668311,native,40351945.12,
20665767,native,29347851.22105263,
20665759,native,28036919.69879518,
20668523,native,22476408.87878788,
20667868,native,34750841.86486486,
20665762,native,23773578.901477832,
20668518,native,25668874.102564104,
20667302,native,71654809.39436619,
20668768,native,31138973.056962024,
20668118,native,46968521.12931035,
20668021,native,37026680.0882353,
20667994,native,10404469.78458498,
20668505,native,68950181.65753424,
20668308,native,42872768.832,
20668413,native,40339083.6,
20668391,native,74482473.57142857,
20668041,native,11798163.455172414,
20668524,native,51634384.604395606,
20665788,native,31149135.24375,
20666355,native,41370215.972222224,
20668056,native,38758472.15441176,
20667430,native,52923940.54117647,
20668527,native,33275851.195652176,
20668529,native,39518610.1484375,
20668051,native,32444322.02027027,
20668314,native,48605399.13333333,
20668119,native,46429770.53773585,
20668059,native,50840018.0625,
20668367,native,57650092.240963854,
20668057,native,70034831.27692308,
20668734,native,41870445.053097345,
20668147,native,49441633.71,
20668742,native,45603167.14285714,
20667293,native,32930600.32867133,
20668425,native,36417153.765625,
20668305,native,33904633.1554054,
20667862,native,56688268.54444444,
20667871,native,52540712.84466019,
20668123,native,8332251.9328,
20668045,native,24856836.77837838,
20668135,native,23047626.22330097,
20667264,native,65930503.065789476,
20668306,native,28989953.329192545,
20667674,native,39150437.180451125,
20668754,native,32876502.17808219,
20668355,native,39562050.69465649,
20668360,native,41251794.42727273,
20665768,native,23925891.279069766,
20668312,native,36422929.333333336,
20668321,native,40601823.392592594,
20665760,native,41794103.04132231,
20668363,native,33365940.25490196,
20668347,native,96347416.28,
20665763,native,41987808.11666667,
20667303,native,50944229.60194175,
20668506,native,19079356.6743295,
20668392,native,68986261.36065574,
20666363,native,35146660.73717949,
20668769,native,47604281.347457625,
20668431,native,87304622.91803278,
20668309,native,42302970.46280992,
20668022,native,79124027.08823529,
20667995,native,66872321.31506849,
20668138,native,34401634.044117644,
20668414,native,51565849.396039605,
20666356,native,57424396.17142857,
20668042,native,59571598.01204819,
20665789,native,35595589.977443606,
20667872,native,29117951.7,
20667431,native,46757087.30909091,
20668052,native,23201155.019047618,
20668530,native,58949920.4117647,
20668434,native,65308512.725,
20668315,native,31795469.685897436,
20668368,native,41464677.66990291,
20668124,native,62113988.3625,
20668060,native,29092537.95882353,
20668735,native,41217684.00884956,
20668058,native,30082233.252808988,
20668435,native,58666082.184210524,
20668148,native,42887333.094827585,
20668743,native,35498980.13768116,
20668046,native,32393029.684615385,
20668426,native,51530788.697916664,
20668061,native,37196859.91111111,
20668738,native,25330980.802884616,
20668364,native,37403108.35664336,
20667294,native,41464186.205882356,
20668136,native,58195350.09638554,
20668141,native,60990757.397435896,
20668150,native,63111440.038461536,
20668322,native,13598698.039877301,
20668401,native,44353011.37755102,
20668755,native,23633632.187793426,
20668356,native,53921098.44086021,
20668361,native,34874893.78666667,
20668788,native,53542939.96875,
20665764,native,32951999.137931034,
20665761,native,38679559.5078125,
20665769,native,50264944.76190476,
20668432,native,35940121.60714286,
20667304,native,54075862.430232555,
20668348,native,47085988.10377359,
20668153,native,51482957.84375,
20666364,native,47079601.04716981,
20668433,native,22694115.644549765,
20668393,native,54770151.29545455,
20668026,native,30419729.490797546,
20668770,native,41182223.19512195,
20668023,native,36088521.25,
20666357,native,29919666.680981595,
20668415,native,50529986.699029125,
20668139,native,4380081.514423077,
20667996,native,39692124.77205882,
20668043,native,34663273.12837838,
20665790,native,28538659.644444443,
20667873,native,40449647.68595041,
20667432,native,28264788.96531792,
20668140,native,59037394.025641024,
20667306,native,44844048.70476191,
20668053,native,47360165.018018015,
20668369,native,53523636.71590909,
20668316,native,35371316.56028369,
20668125,native,53881155.145833336,
20668747,native,77412724.13636364,
20668331,native,16158793.19322034,
20668736,native,32437218.07878788,
20668149,native,9649263.137254901,
20668436,native,41794382.29661017,
20668744,native,43859969.324324325,
20668047,native,45186682.28703704,
20668427,native,50032317.833333336,
20668024,native,29272277.839285713,
20668739,native,40859637.24778761,
20667295,native,46452303.38,
20668365,native,2778487.2414947017,
20668151,native,37230373.65833333,
20668142,native,32666219.238410596,
20668137,native,32921070.51807229,
20668362,native,41572003.5,
20668357,native,13068682.917333333,
20668323,native,30255012.91764706,
20668402,native,43902247.347457625,
20667305,native,33854068.484126985,
20668789,native,19703626.05323194,
20668756,native,68343879.9,
20668337,native,46197113.96296296,
20668428,native,37566167.27536232,
20665770,native,24453558.823255815,
20668349,native,4285431.775107296,
20667441,native,56135715.74736842,
20666365,native,51203455.78494623,
20668154,native,41596125.04132231,
20668152,native,21359851.51020408,
20668740,native,34420192.0,
20668027,native,44483863.8,
20668394,native,40417693.28125,
20668416,native,32991607.82352941,
20667297,native,19960359.375478927,
20666358,native,48149743.06,
20668771,native,49167084.50442478,
20667997,native,3112397.2349033817,
20668750,native,15087023.689855073,
20667874,native,51258708.8125,
20665791,native,50209790.056603774,
20667433,native,61467953.73493976,
20668776,native,34977848.11643836,
20667307,native,47936638.75471698,
20668054,native,34707132.614285715,
20668370,native,43888048.3539823,
20668317,native,46255432.4245283,
20668748,native,38960313.783783786,
20668378,native,39161124.775,
20668332,native,54577700.3375,
20668048,native,16197826.679104477,
20668737,native,49833386.52,
20668155,native,39687027.46280992,
20668143,native,58355122.20481928,
20668025,native,55242914.65116279,
20668745,native,60704769.45,
20668751,native,62542663.01282051,
20665776,native,50299871.06593407,
20667298,native,60832999.5125,
20667296,native,27812003.93142857,
20668358,native,36732114.28099173,
20668429,native,29056253.86708861,
20665800,native,48227760.645833336,
20667299,native,48409056.9826087,
20665794,native,45343430.428571425,
20668403,native,53151141.78021978,
20668324,native,64166458.325,
20666360,native,41268024.30081301,
20668338,native,30240258.442307692,
20668757,native,40636730.109375,
20667442,native,33302561.307692308,
20668790,native,61751336.11627907,
20668419,native,60744920.14473684,
20666366,native,48111172.95049505,
20668351,native,61182332.15662651,
20665771,native,37511883.62411348,
20668350,native,72699593.05714285,
20668028,native,184016.59094176852,
20668422,native,54422198.06593407,
20668782,native,37028365.16153846,
20668003,native,58107543.58947369,
20668772,native,25102652.699481864,
20668395,native,41877749.784,
20666359,native,70870025.25714286,
20667998,native,82199019.07142857,
20668417,native,70815072.12328768,
20668407,native,65972690.03947368,
20665792,native,30919123.51612903,
20668318,native,32808869.47204969,
20668777,native,37535020.823076926,
20667434,native,52340996.85436893,
20668055,native,27333481.404145077,
20667308,native,61799260.31395349,
20668384,native,32733303.28387097,
20668379,native,30339400.11180124,
20668749,native,45924489.13207547,
20668371,native,43791431.125,
20668333,native,27576937.373493977,
20668049,native,41436379.51304348,
20667447,native,34972349.448529415,
20667309,native,37016937.74045801,
20668759,native,24474503.300518136,
20668381,native,22114477.567441862,
20665777,native,38681268.77685951,
20668746,native,3193092.7997504678,
20668359,native,46948117.396039605,
20668418,native,55528073.95061728,
20668752,native,38216072.23913044,
20667310,native,37461474.942857146,
20668430,native,59941533.60493827,
20668404,native,9212083.88095238,
20668325,native,15021897.193548387,
20665801,native,39874604.33834586,
20665795,native,55702146.38,
20665806,native,38886582.81884058,
20666361,native,15397663.572625699,
20668339,native,31095162.558282208,
20667443,native,46505130.19417476,
20668758,native,56945825.94186047,
20668352,native,17224517.5229682,
20668420,native,33759478.15068493,
20665772,native,45791581.58490566,
20668791,native,45482445.3826087,
20666367,native,3778407.323021583,
20668029,native,71974994.31746031,
20668423,native,29972299.30379747,
20665773,native,47828854.38095238,
20668783,native,38441908.114503816,
20668004,native,43362773.362068966,
20668773,native,46694245.00952381,
20665793,native,27203638.943589743,
20668334,native,60167024.1375,
20668396,native,29201679.4972973,
20667999,native,39823386.022556394,
20668408,native,34317943.28,
20665782,native,34340051.693333335,
20666362,native,68010422.38235295,
20668778,native,20688326.27346939,
20667435,native,14930075.568690095,
20667450,native,30670185.049689442,
20668353,native,59363441.03614458,
20668385,native,43502656.07079646,
20668372,native,46001235.63207547,
20668410,native,53421733.84210526,
20668380,native,52558720.3,
20667438,native,46289505.22123894,
20667448,native,21061212.902222224,
20665803,native,62504303.0375,
20668760,native,55729029.152941175,
20665804,native,20956716.0,
20668382,native,57241928.105882354,
20665778,native,32231376.753333334,
20665797,native,69260841.98529412,
20668774,native,60803109.83950617,
20665796,native,36985511.691176474,
20668411,native,38414848.0075188,
20667311,native,31448096.3803681,
20668409,native,36235724.1640625,
20665802,native,11374499.0,
20668326,native,42641574.125,
20668405,native,79585761.95454545,
20665798,native,28986243.13125,
20668785,native,48149142.495238096,
20665807,native,44661932.948275864,
20667444,native,25359606.465,
20668340,native,48280903.85436893,
20668424,native,33581543.6,
20668030,native,23741829.962085307,
20668335,native,25710257.459183674,
20668792,native,35693606.73049645,
20667436,native,37855200.66428571,
20668406,native,54758640.574257426,
20668421,native,38710901.698529415,
20665774,native,26230489.153061226,
20668784,native,47801489.63207547,
20668383,native,35409266.6796875,
20666368,native,80633439.03174603,
20668005,native,61783616.43209877,
20668779,native,63684480.09876543,
20667449,native,45465151.46363636,
20665783,native,29740525.43558282,
20668397,native,81435866.34482759,
20668000,native,25757006.56398104,
20668775,native,36035642.57333333,
20668780,native,36595249.13333333,
20665809,native,80312365.21666667,
20666369,native,24668450.468292683,
20668373,native,36276185.77099237,
20668387,native,46157330.04301076,
20668386,native,38061846.10769231,
20667451,native,34718046.74666667,
20668001,native,74483406.5,
20665785,native,37885850.87301587,
20667439,native,46219258.75925926,
20668341,native,46999374.03960396,
20668761,native,26954938.74054054,
20665779,native,27062836.12352941,
20665805,native,62458483.618421055,
20668009,native,23873589.609756097,
20665784,native,56558881.010416664,
20668800,native,39965511.120300755,
20667440,native,21401307.714285713,
20668794,native,42916512.083333336,
20667452,native,47933415.7962963,
20668002,native,19371532.04597701,
20668762,native,29530810.875,
20668412,native,58923422.03488372,
20668327,native,36487116.76153846,
20668375,native,32439412.10135135,
20667445,native,47205083.45263158,
20665799,native,14963283.326153846,
20668786,native,37005810.396946564,
20665808,native,5023675.856621005,
20668763,native,20323497.718487393,
20668374,native,47480516.81,
20668793,native,37593803.562962964,
20668031,native,75349345.24242425,
20668797,native,40692285.01470588,
20667437,native,35037940.95945946,
20668764,native,33350671.279503107,
20668336,native,67011331.34246575,
20668787,native,30342151.92261905,
20668388,native,9883869.818532819,
20665775,native,42125574.056,
20668006,native,38078410.85185185,
20668012,native,24012293.975369457,
20665786,native,32746789.145454545,
20668806,native,42851534.75423729,
20668781,native,34079115.27480916,
20668398,native,31530250.884615384,
20668010,native,25157595.68720379,
20665810,native,65952567.18666667,
20666372,native,43330954.5785124,
20666370,native,46648424.9245283,
20668809,native,51660654.53125,
20666373,native,22506706.28,
20667446,native,30643287.386503067,
20668377,native,25448923.601010103,
20668807,native,28195192.611111112,
20668328,native,44018148.56521739,
20668376,native,55407547.16,
20668810,native,55806839.86813187,
20668342,native,32723482.258064516,
20666371,native,37899164.56097561,
20668013,native,66398344.66037736,
20668399,native,17124565.949074075,
20668035,native,12205506.355882352,
20668032,native,31543854.222222224,
20665787,native,39007850.20769231,
20668798,native,43284508.70909091,
20668329,native,11028110.028328612,
20668795,native,42182604.78,
20668801,native,39772280.41818182,
20668033,native,16466106.0,
20665780,native,51392623.33962264,
20665781,native,26708950.342657343,
20668034,native,60407021.03448276,
20668036,native,41619254.92307692,
20668811,native,31901388.305084746,
20668389,native,72325540.0754717,
20665811,native,21125923.061349694,
20668007,native,19881396.56441718,
20668011,native,33178942.81904762,
20668037,native,27752290.674074072,
20666374,native,39593508.94444445,
20668400,native,54616060.78461538,
20668803,native,23143888.753164556,
20668008,native,38756842.333333336,
20668802,native,20261452.0,
20668014,native,24912674.62406015,
20668805,native,25064524.586206898,
20668804,native,34740977.19417476,
20668796,native,32508575.483333334,
20668808,native,23394358.87671233,
20668330,native,51223076.44,
20668799,native,18608629.728395063,
20664926,aot,47043974.333333336,
20663421,aot,86830866.2,
20666093,aot,63123913.056603774,
20663750,aot,72594802.66037735,
20663609,aot,99263049.6388889,
20663468,aot,71421319.86206897,
20667125,aot,137767497.12,
20665625,aot,104070260.14285715,
20664130,aot,60052955.28947368,
20663398,aot,86808516.60377358,
20664932,aot,48359576.29523809,
20664194,aot,62985467.961538464,
20667875,aot,66218821.653333336,
20664406,aot,35120082.9054054,
20664892,aot,78364740.4590164,
20663656,aot,56685038.14444444,
20664218,aot,76683492.15517241,
20666046,aot,62260227.60240964,
20664921,aot,61261942.39534884,
20664125,aot,38813813.34558824,
20664889,aot,33679880.64417178,
20664136,aot,86593110.63793103,
20664148,aot,77408405.36363636,
20664359,aot,41516796.676923074,
20664312,aot,49085522.675675675,
20664991,aot,38592089.54794521,
20664171,aot,33897033.321428575,
20664887,aot,52684379.5,
20664182,aot,53726400.77227723,
20664500,aot,58198982.14736842,
20664895,aot,52616372.647619046,
20664898,aot,76760843.85714285,
20666187,aot,92519093.48888889,
20665015,aot,79243219.81967214,
20666000,aot,77487907.78571428,
20664875,aot,126579626.4516129,
20665026,aot,61424424.08235294,
20664968,aot,39944683.75862069,
20663375,aot,53400797.333333336,
20665038,aot,86477189.33962265,
20665062,aot,37317307.67484663,
20663562,aot,43439481.9,
20666375,aot,45756275.93846154,
20664886,aot,54565335.236363634,
20665250,aot,78001168.71052632,
20665003,aot,69873817.4090909,
20665812,aot,59411584.654545456,
20664944,aot,79675115.91358025,
20663422,aot,53129811.75268817,
20664893,aot,20402484.807881773,
20665626,aot,46682914.161290325,
20664927,aot,40730771.4887218,
20664933,aot,61329301.38028169,
20665016,aot,47967789.44871795,
20664131,aot,47062579.030612245,
20664360,aot,52867824.526315786,
20664992,aot,42420668.85,
20663376,aot,48802904.641975306,
20664313,aot,56258923.54285714,
20664219,aot,32675217.19178082,
20666094,aot,103627755.43137255,
20664195,aot,23382728.343891405,
20664890,aot,22140006.88695652,
20667126,aot,106088116.97916667,
20664896,aot,42775786.268518515,
20664899,aot,62963248.9868421,
20663563,aot,54620783.179487176,
20663399,aot,72088067.80821918,
20664922,aot,65328755.54794521,
20665039,aot,48957162.305263154,
20665251,aot,89251815.0,
20664137,aot,65115543.679487176,
20663610,aot,60233048.04854369,
20664407,aot,49152920.17699115,
20664876,aot,82363935.6,
20664149,aot,43351445.896,
20663657,aot,42883621.20300752,
20665813,aot,52969307.64,
20664945,aot,41282637.770833336,
20664938,aot,7970201.226006192,
20663751,aot,89580691.44,
20666047,aot,7891461.203631647,
20664888,aot,80135391.3076923,
20663469,aot,49993768.56153846,
20667876,aot,92408139.46031746,
20665027,aot,67085466.6875,
20664501,aot,75644597.68,
20665063,aot,7848968.207366985,
20665004,aot,51528693.82,
20664172,aot,92057447.09836066,
20664126,aot,71681541.95294118,
20664969,aot,47944862.73170732,
20666001,aot,62719445.94,
20666188,aot,81929739.8630137,
20664183,aot,57631716.56521739,
20666376,aot,65748473.64210527,
20664993,aot,83414293.09756097,
20664928,aot,69422873.55737706,
20664314,aot,41225490.203539826,
20665040,aot,37210201.45714286,
20664891,aot,60074423.81538462,
20663423,aot,53662842.1509434,
20663377,aot,27308157.031578947,
20664900,aot,38558430.423728816,
20667877,aot,50839507.042253524,
20664934,aot,90169231.5,
20664132,aot,58708452.28571428,
20664408,aot,57357730.91428571,
20664923,aot,59797648.434210524,
20666095,aot,63951652.743589744,
20664897,aot,74488898.73846154,
20664502,aot,78330847.375,
20664939,aot,91314470.97674419,
20667127,aot,54523785.578947365,
20665017,aot,59283624.27722772,
20665032,aot,30160136.98013245,
20665005,aot,61228027.31818182,
20665252,aot,57650539.07777778,
20663564,aot,41737287.6328125,
20664946,aot,59191923.9375,
20664361,aot,97113844.78333333,
20665627,aot,131098302.54166667,
20665028,aot,55383711.802469134,
20664894,aot,109790857.27586207,
20666048,aot,80958189.90566038,
20665814,aot,48582323.961904764,
20664173,aot,63644818.83098592,
20663752,aot,59731368.86046512,
20664138,aot,72702831.02666667,
20664127,aot,66989779.13235294,
20666189,aot,48050419.41860465,
20664970,aot,96898281.65116279,
20664196,aot,103020378.39655173,
20663470,aot,58079096.14772727,
20663658,aot,86616109.36065574,
20663400,aot,59471248.905660376,
20664220,aot,79669451.0117647,
20663611,aot,53596641.54954955,
20664877,aot,70670806.19318181,
20665064,aot,112144009.86666666,
20664184,aot,70298889.98571429,
20666377,aot,81138420.15873016,
20664150,aot,79644196.13580246,
20666002,aot,103110671.81132075,
20664994,aot,58344046.397435896,
20667878,aot,89875020.04166667,
20664687,aot,25926994.533678755,
20665006,aot,4332427.583155651,
20665253,aot,52204271.46969697,
20664935,aot,80127456.08928572,
20664929,aot,61912491.75824176,
20663565,aot,84845937.0,
20664315,aot,75687115.39436619,
20664128,aot,47354588.266666666,
20667128,aot,29787744.741935484,
20664139,aot,40193372.604166664,
20663424,aot,48048282.7027027,
20663401,aot,91454785.02857143,
20664940,aot,9453593.168297457,
20664971,aot,39553783.9009901,
20664409,aot,58886056.47727273,
20666190,aot,65671776.375,
20664265,aot,57937249.92,
20665437,aot,84994143.875,
20664503,aot,53942655.697916664,
20665018,aot,52129045.20388349,
20664133,aot,67791750.24705882,
20663378,aot,102006310.625,
20664947,aot,72016689.84848484,
20665033,aot,64349988.825,
20665029,aot,56632796.325581394,
20664185,aot,84545426.89473684,
20664924,aot,49231704.15,
20665041,aot,60682823.2962963,
20664901,aot,78987376.8,
20665815,aot,28061425.04255319,
20666003,aot,62929559.09090909,
20665628,aot,15047283.839473683,
20666096,aot,60190223.89622641,
20663612,aot,59590921.79487179,
20666049,aot,77313427.75342466,
20664221,aot,64984296.37179487,
20664878,aot,54106119.64772727,
20666378,aot,64408877.10769231,
20663471,aot,34185322.041666664,
20664197,aot,91915459.93333334,
20663753,aot,64559588.98901099,
20663659,aot,73242582.75,
20664174,aot,85272216.88571429,
20664151,aot,61834855.49333333,
20664362,aot,60790720.40909091,
20665065,aot,90347081.04615384,
20667879,aot,48289496.551020406,
20664995,aot,77741367.95714286,
20664688,aot,103386865.85,
20665438,aot,74017926.0625,
20664129,aot,62614548.42253521,
20664930,aot,52313236.733333334,
20663402,aot,53563016.75,
20664936,aot,59319658.705882356,
20667129,aot,74855161.4590164,
20665254,aot,33203790.563636363,
20664134,aot,22054465.751295336,
20665629,aot,53138727.48529412,
20664972,aot,52198408.177777775,
20666191,aot,63385045.842857145,
20663566,aot,64361954.45,
20664266,aot,46365191.72448979,
20665007,aot,113392633.66666667,
20663472,aot,76415246.43902439,
20663613,aot,40384645.27368421,
20663425,aot,77260334.75757575,
20666050,aot,56495286.34920635,
20664140,aot,75128338.49315068,
20663379,aot,61517178.0,
20665034,aot,92514653.625,
20664504,aot,71635325.24657534,
20664410,aot,33086635.988764044,
20664175,aot,29542674.114503816,
20664941,aot,118697897.86046511,
20664316,aot,57422212.08108108,
20664198,aot,64175357.58730159,
20666379,aot,48758401.36046512,
20666004,aot,51773516.76344086,
20664925,aot,89927962.31666666,
20665030,aot,57525222.68,
20665042,aot,63408477.8372093,
20666097,aot,62161366.95,
20664222,aot,57891180.39759036,
20665816,aot,106227571.1111111,
20665019,aot,54238066.527777776,
20664186,aot,83466156.37878788,
20664879,aot,50219584.948979594,
20665066,aot,71048473.0,
20664902,aot,81931253.66666667,
20663754,aot,64098367.34939759,
20664363,aot,30333290.3,
20663660,aot,43792049.92063492,
20664152,aot,67282798.35294117,
20664948,aot,85167131.46153846,
20666140,aot,46791515.22352941,
20667880,aot,66646971.96825397,
20664973,aot,54713089.24,
20664937,aot,40880253.777777776,
20665630,aot,75649512.72,
20666192,aot,40007694.96296296,
20664135,aot,56478782.75,
20664996,aot,45799682.33898305,
20665439,aot,73255211.81333333,
20667130,aot,7198039.36997319,
20665255,aot,105484194.88372093,
20663403,aot,82341407.07575758,
20663473,aot,86905223.9245283,
20663515,aot,58563771.63333333,
20665817,aot,45697138.79487179,
20664689,aot,60880735.97029703,
20665043,aot,53044265.114285715,
20666051,aot,61317743.06410257,
20664317,aot,48394808.52272727,
20664223,aot,51771179.42465753,
20663614,aot,126564952.94736843,
20664267,aot,86016392.48275863,
20664141,aot,78020515.85245901,
20663567,aot,72993842.11842105,
20665008,aot,23315773.888888888,
20666005,aot,83028829.8235294,
20664505,aot,53070821.62222222,
20666098,aot,43367921.927083336,
20663426,aot,60508974.35555556,
20664942,aot,71124500.6969697,
20663661,aot,57228375.137931034,
20663380,aot,60413266.07777778,
20666380,aot,77962139.67213115,
20664199,aot,73090795.70588236,
20664931,aot,98791796.54411764,
20663755,aot,81799165.13043478,
20665031,aot,60274437.074074075,
20665035,aot,52242947.87037037,
20664176,aot,59888730.604395606,
20665067,aot,74326253.62068966,
20664903,aot,40545753.682926826,
20665020,aot,22906264.120967742,
20664411,aot,86245278.7,
20664880,aot,47753056.301724136,
20664364,aot,88233678.14,
20664949,aot,68259112.48214285,
20664153,aot,56760867.15625,
20664187,aot,120893369.51724137,
20666141,aot,61342481.5862069,
20663703,aot,45413746.23,
20665818,aot,81846899.87804878,
20665440,aot,40183778.80909091,
20667881,aot,61708624.82105263,
20664997,aot,98922422.3125,
20663516,aot,67046837.36764706,
20665631,aot,80694039.62857144,
20663538,aot,63356939.53763441,
20664142,aot,57545268.24657534,
20663404,aot,48891573.873786405,
20666052,aot,53851324.15053763,
20666099,aot,45853932.18947368,
20664268,aot,37496909.46031746,
20663615,aot,43275974.774774775,
20664224,aot,57651366.55813953,
20666193,aot,82222879.90140845,
20663568,aot,27129588.49723757,
20664974,aot,101703570.93442623,
20665044,aot,61396560.26744186,
20665036,aot,26544622.01212121,
20667131,aot,55647871.571428575,
20663474,aot,80057876.73529412,
20665256,aot,66445209.30681818,
20664690,aot,68834631.85897435,
20664943,aot,39720813.16,
20665009,aot,84949278.625,
20664318,aot,52429693.95145631,
20664200,aot,28943972.79754601,
20663662,aot,22536715.00888889,
20663756,aot,50066395.14736842,
20664288,aot,31762022.051282052,
20664241,aot,74528819.85714285,
20664950,aot,60345065.06060606,
20665068,aot,47456405.33980583,
20663381,aot,93501965.94642857,
20663427,aot,64961682.20879121,
20664506,aot,51865891.416666664,
20666381,aot,66606361.91860465,
20664177,aot,60924868.50588235,
20664412,aot,50297030.72631579,
20664365,aot,53408857.035294116,
20666006,aot,3646421.8642437197,
20664881,aot,58371141.28235294,
20664904,aot,56641710.12244898,
20664154,aot,81302108.49090908,
20664188,aot,52564852.011627905,
20665021,aot,125102675.8478261,
20666142,aot,52492031.67741936,
20665819,aot,65952709.14705882,
20663704,aot,74323247.91176471,
20665441,aot,91796319.67924528,
20664225,aot,42319826.47959184,
20664143,aot,56808850.578313254,
20665257,aot,52450973.375,
20664269,aot,49684868.52688172,
20666194,aot,36766603.42276423,
20667882,aot,60349002.957894735,
20664998,aot,53957944.689320385,
20663616,aot,71208788.38461539,
20663405,aot,50487987.71287129,
20664319,aot,78715867.11320755,
20663517,aot,53362481.2735849,
20665045,aot,54076869.384615384,
20663757,aot,48894207.244444445,
20664975,aot,44334474.12711865,
20663569,aot,88990637.48275863,
20663475,aot,49860498.6407767,
20667132,aot,139858544.4,
20664253,aot,49416005.20952381,
20665010,aot,91121494.69642857,
20664242,aot,57879516.98765432,
20663428,aot,61131496.91780822,
20664507,aot,62474037.842857145,
20665069,aot,27706910.3125,
20665632,aot,4425737.6779773785,
20663539,aot,118795621.0754717,
20664413,aot,25810297.29142857,
20666100,aot,17035503.388739947,
20664289,aot,77516816.45454545,
20663382,aot,25371396.52,
20665037,aot,67854449.07954545,
20663663,aot,100221671.0,
20666007,aot,100023886.42105263,
20666053,aot,54578899.780487806,
20664366,aot,58354033.21686747,
20664691,aot,60340008.57281554,
20666382,aot,66541524.64,
20664951,aot,72993521.94871795,
20664882,aot,64670716.4375,
20664905,aot,90491923.6981132,
20664178,aot,69301580.17948718,
20664155,aot,52241508.14444444,
20664201,aot,108064615.51470588,
20664189,aot,62493057.590361446,
20665022,aot,54568170.94,
20666143,aot,100501299.01818182,
20665820,aot,55105739.084337346,
20665442,aot,21269747.27142857,
20663705,aot,53445558.10843374,
20664226,aot,67350435.67142858,
20666195,aot,88827988.82608695,
20664999,aot,43807215.39805825,
20665046,aot,62674168.68181818,
20667883,aot,39870490.31404959,
20663617,aot,44054396.426086955,
20665531,aot,33308558.06779661,
20663518,aot,88934011.49056605,
20665258,aot,69978141.8974359,
20664414,aot,121715975.67741935,
20665011,aot,49371730.53763441,
20663758,aot,46170395.072072074,
20664144,aot,60547230.02105263,
20664290,aot,37170818.75,
20663540,aot,39849434.58260869,
20663476,aot,96128253.33333333,
20667133,aot,89385540.1509434,
20664320,aot,52255954.236363634,
20664976,aot,52954424.333333336,
20665070,aot,85468385.10714285,
20666383,aot,23258763.573770493,
20664243,aot,42552784.032520324,
20666054,aot,82398694.86274509,
20666101,aot,92335673.91304348,
20664692,aot,64329129.02941176,
20664254,aot,55410305.281553395,
20663664,aot,55414815.26373626,
20664367,aot,65629407.08219178,
20666008,aot,72959059.41428572,
20665633,aot,109385101.48888889,
20663383,aot,91484427.96428572,
20663429,aot,66637939.55813953,
20664270,aot,66330191.094339624,
20663570,aot,67633738.23076923,
20663406,aot,77189612.55681819,
20664190,aot,53969443.77272727,
20664508,aot,89119150.34285714,
20664952,aot,63299635.89772727,
20664883,aot,70731270.94520548,
20664179,aot,86294913.72413793,
20664906,aot,64606137.60465116,
20664156,aot,61127515.37349398,
20664202,aot,56614929.88372093,
20665023,aot,55567802.375,
20666144,aot,68938970.43661971,
20663706,aot,74103045.98484848,
20665000,aot,60851297.42424242,
20665821,aot,65658897.5875,
20665443,aot,112223066.27906977,
20664227,aot,70779144.84848484,
20666196,aot,55161150.253012046,
20663759,aot,52914486.6056338,
20667884,aot,26211782.183783785,
20665259,aot,62116480.4117647,
20664244,aot,30227383.372881357,
20666055,aot,29448656.330578513,
20664291,aot,50357328.03614458,
20664145,aot,58328946.01369863,
20665071,aot,40313995.74257426,
20665532,aot,52659356.43956044,
20665047,aot,93470439.82142857,
20663519,aot,71824711.6,
20664415,aot,38305189.7443609,
20663618,aot,68706589.65,
20664368,aot,51572946.75,
20663665,aot,45925546.08791209,
20663541,aot,67011632.79452055,
20663384,aot,36391898.300884955,
20663430,aot,68630879.06666666,
20664693,aot,69035028.05882353,
20664321,aot,71613780.48,
20663407,aot,53510297.746987954,
20663477,aot,66087104.823529415,
20666009,aot,52339671.88888889,
20663571,aot,42981383.154545456,
20664255,aot,44304650.46551724,
20667134,aot,69493788.21686748,
20664977,aot,60422924.78947368,
20666102,aot,48618460.93965517,
20666384,aot,99156803.63636364,
20664271,aot,64800058.575,
20664191,aot,65977333.571428575,
20664509,aot,65607704.35714286,
20664884,aot,47942085.631578945,
20664953,aot,56742025.253012046,
20664180,aot,53157235.34939759,
20664203,aot,67487303.1724138,
20665634,aot,78252151.53424658,
20665012,aot,68925514.86666666,
20664157,aot,57523120.21590909,
20664907,aot,40972766.780141845,
20665024,aot,25366877.248648647,
20666197,aot,57873523.9047619,
20666145,aot,48853953.67368421,
20665822,aot,26098880.423529413,
20664228,aot,77190465.57142857,
20663707,aot,36151711.38125,
20665444,aot,67043169.23863637,
20666056,aot,91153594.82222222,
20663666,aot,48743614.04938272,
20665260,aot,121662649.31578948,
20665048,aot,73503893.13846155,
20663760,aot,13130025.470842334,
20663520,aot,49961738.64,
20666010,aot,59348253.8,
20665001,aot,149255607.4651163,
20664146,aot,69407630.51282051,
20663385,aot,72824174.9137931,
20665072,aot,69627603.49333334,
20667885,aot,104493834.80357143,
20664369,aot,106569879.97560975,
20663542,aot,35587903.45864662,
20663431,aot,26200912.71270718,
20664416,aot,87380878.24528302,
20663619,aot,50834559.83,
20664885,aot,85570521.475,
20663408,aot,47003291.8125,
20664292,aot,53736879.0,
20664272,aot,51025098.615384616,
20664978,aot,51122109.409638554,
20664694,aot,63663730.631578945,
20666103,aot,40411579.45714286,
20666385,aot,116306036.94285715,
20664322,aot,62578785.6625,
20665635,aot,37413498.93069307,
20664192,aot,52523155.625,
20667135,aot,71862450.15873016,
20664245,aot,95522085.86363636,
20663572,aot,64089030.61728395,
20665533,aot,64835967.83809524,
20664256,aot,64792304.59259259,
20664204,aot,51223676.78888889,
20663478,aot,29786800.358208954,
20664954,aot,42591078.43801653,
20664181,aot,66785902.56,
20665013,aot,17240181.20979021,
20664510,aot,51672953.027027026,
20664158,aot,57776720.921052635,
20664908,aot,71537544.01785715,
20665025,aot,71613515.50909092,
20666146,aot,43752416.182795696,
20665823,aot,72256256.07142857,
20666198,aot,101177443.43137255,
20663708,aot,91177700.12195122,
20664229,aot,62001258.54117647,
20666011,aot,4639320.345705196,
20663667,aot,35012619.81506849,
20665445,aot,49029087.22608696,
20664370,aot,52010303.02352941,
20665049,aot,45069115.06779661,
20663521,aot,89226978.43396227,
20665002,aot,64173538.48,
20664246,aot,57843136.65151515,
20664695,aot,53953366.506172836,
20663573,aot,54817273.43939394,
20667886,aot,4835520.308250227,
20665261,aot,66749651.69411765,
20663409,aot,77669942.62068966,
20663761,aot,168061768.07142857,
20667136,aot,69653029.52459016,
20666057,aot,65093498.64210527,
20665073,aot,65252118.98795181,
20663432,aot,78238356.73015873,
20664205,aot,50016965.74647887,
20664273,aot,47580892.85,
20663526,aot,46883773.62962963,
20664147,aot,88720590.44262294,
20663543,aot,86935949.53448276,
20663386,aot,48985689.3902439,
20666104,aot,77181383.79365079,
20665636,aot,59920144.253012046,
20664293,aot,66159038.275,
20663479,aot,93536927.125,
20664159,aot,44427259.45,
20664417,aot,61467615.368421055,
20666386,aot,85680247.15,
20664382,aot,49369974.638554215,
20664979,aot,37571998.80124223,
20663620,aot,75331194.76923077,
20664257,aot,52951002.623655915,
20664193,aot,67372633.8,
20664323,aot,53761239.68468469,
20665014,aot,68297011.91176471,
20664909,aot,48547521.86021505,
20664511,aot,26282405.534031413,
20665534,aot,62162393.5,
20664955,aot,69170451.22222222,
20666116,aot,57909022.45348837,
20665824,aot,43262875.74528302,
20666147,aot,65551044.9625,
20664230,aot,54349004.166666664,
20666199,aot,57737994.255555555,
20663709,aot,17032637.20241692,
20663668,aot,39289680.864,
20665637,aot,44567290.24,
20663433,aot,76338536.76,
20666750,aot,49490443.23076923,
20665050,aot,82188715.18965517,
20663387,aot,74727443.8490566,
20667887,aot,169884126.30769232,
20665074,aot,69916769.8095238,
20663527,aot,62188653.223684214,
20663410,aot,49799661.35643564,
20664247,aot,58222608.1,
20664696,aot,50886524.13592233,
20666012,aot,110135221.06,
20664294,aot,42974304.75247525,
20666058,aot,33496981.25165563,
20666069,aot,67454348.23529412,
20663544,aot,53677161.08791209,
20665446,aot,61476044.1875,
20664371,aot,52388529.026548676,
20664206,aot,61082720.333333336,
20663762,aot,74429430.97142857,
20663522,aot,95821962.83606558,
20663574,aot,74055266.57894737,
20666387,aot,11168715.534934498,
20664418,aot,47728470.06603774,
20664910,aot,61505058.47619048,
20663480,aot,55970556.93548387,
20664453,aot,54986268.15,
20664274,aot,60757695.76344086,
20664160,aot,61944556.823529415,
20664383,aot,81910832.27868852,
20667137,aot,42067136.42384106,
20665262,aot,72591197.45454545,
20664324,aot,47829855.9009901,
20664258,aot,47551441.70909091,
20663621,aot,74547044.37142856,
20664980,aot,110194562.64444445,
20664956,aot,45248254.64210527,
20666117,aot,5993689.130853995,
20665535,aot,52072982.11627907,
20666105,aot,89086215.33823529,
20664276,aot,29318739.005263157,
20664512,aot,37130682.75862069,
20666148,aot,40664775.584745765,
20665825,aot,78548661.1147541,
20666200,aot,53439923.112676054,
20664231,aot,66671743.79487179,
20663710,aot,126231660.10526316,
20665638,aot,37473123.91735537,
20667888,aot,55262740.4,
20663411,aot,50939873.975,
20664372,aot,22457048.672222223,
20665447,aot,59062609.15151515,
20665051,aot,56483485.906976745,
20666070,aot,19489974.883408073,
20664295,aot,50246003.44705883,
20666013,aot,87640514.66666667,
20664248,aot,58257386.15,
20664419,aot,50472667.73239437,
20664911,aot,41279972.55555555,
20663388,aot,25322469.805,
20663434,aot,135218750.225,
20664697,aot,76075140.59016393,
20664325,aot,64513104.0,
20666751,aot,83891612.15873016,
20663669,aot,128153233.23255815,
20664275,aot,43871676.54945055,
20663528,aot,10271472.649621213,
20665075,aot,79342508.27272727,
20666059,aot,138578481.5151515,
20664161,aot,67061468.83928572,
20663575,aot,54244561.26136363,
20663523,aot,56209368.174418606,
20667138,aot,41888549.21,
20664207,aot,70104085.21917808,
20663481,aot,63007105.04285714,
20664454,aot,57555316.756410256,
20663763,aot,43261541.84210526,
20664957,aot,66272973.75384615,
20663545,aot,68346443.5125,
20664981,aot,54674003.37209302,
20666106,aot,53288373.84337349,
20666388,aot,95256379.2586207,
20663622,aot,75456035.3235294,
20664277,aot,82276122.39215687,
20664259,aot,49300484.68468469,
20666118,aot,91254668.82,
20665536,aot,60298586.674418606,
20664384,aot,116314605.1875,
20665263,aot,65332611.47311828,
20664513,aot,111353863.5263158,
20666201,aot,30793466.146153845,
20666149,aot,103787535.6744186,
20664232,aot,46482938.204301074,
20665826,aot,45542095.63235294,
20663711,aot,6968031.186147186,
20665448,aot,58678765.323076926,
20664912,aot,38235931.06666667,
20664373,aot,64615726.25757576,
20665639,aot,89633447.34545454,
20666071,aot,66918267.63076923,
20664698,aot,42699551.66336634,
20663412,aot,62441643.4875,
20664249,aot,53913781.34090909,
20664455,aot,51222280.52112676,
20666014,aot,109664607.27906977,
20663389,aot,76899270.68852459,
20667889,aot,118006694.53488372,
20663435,aot,59311931.313253015,
20665076,aot,43043785.336363636,
20664162,aot,49851715.10989011,
20665052,aot,60622741.40860215,
20666752,aot,78687454.40983607,
20664420,aot,67764992.54216868,
20663546,aot,48530784.55128205,
20663576,aot,54072447.88172043,
20664296,aot,57742282.524271846,
20666389,aot,61354534.13114754,
20665578,aot,49223336.45945946,
20663524,aot,68406650.08450705,
20667139,aot,113256466.2,
20666060,aot,33761237.04968944,
20663670,aot,65379547.56626506,
20664326,aot,49838383.27826087,
20663482,aot,54133384.07777778,
20664208,aot,52261349.4,
20664982,aot,40672523.10909091,
20666119,aot,38994266.36,
20663764,aot,51297380.58095238,
20664278,aot,78329112.68852459,
20665264,aot,30833442.055172414,
20664958,aot,65953224.12222222,
20663529,aot,140929945.20930234,
20663623,aot,51568184.70476191,
20666107,aot,70277075.46153846,
20665537,aot,60758569.38554217,
20664514,aot,40571334.26446281,
20664385,aot,69096787.91428572,
20664260,aot,65033796.20481928,
20666202,aot,39692719.43076923,
20664233,aot,57900344.0,
20663712,aot,6944619.672011661,
20666150,aot,47186879.796460174,
20666072,aot,52310649.72058824,
20665827,aot,93594275.56603773,
20665640,aot,53636381.44871795,
20665449,aot,52023901.95698924,
20664699,aot,47399484.63953488,
20664913,aot,60394316.9868421,
20664456,aot,63078078.233333334,
20663547,aot,37529437.73626374,
20664374,aot,88301810.0,
20663413,aot,47884741.846938774,
20664163,aot,76369888.89583333,
20666015,aot,47258008.5,
20663390,aot,32090981.85625,
20667140,aot,80469374.43137255,
20666753,aot,36960058.96240602,
20664421,aot,86562770.18,
20664327,aot,32566014.816793893,
20665077,aot,44851070.90434783,
20665053,aot,70571425.64285715,
20666120,aot,40125860.98019802,
20664250,aot,62265597.98888889,
20663483,aot,50397958.5,
20666061,aot,71633381.63934426,
20663436,aot,46475229.31666667,
20663525,aot,80266522.35714285,
20664959,aot,46726993.071428575,
20667890,aot,68608425.0,
20665579,aot,60251621.51764706,
20666390,aot,46496274.45689655,
20664386,aot,19250265.1344086,
20664983,aot,88738765.11764705,
20663765,aot,58804309.586666666,
20663577,aot,88310580.33333333,
20666108,aot,63657677.0952381,
20664279,aot,13892453.87664042,
20665265,aot,83976915.21428572,
20664209,aot,64574934.06122449,
20663530,aot,69295116.66197184,
20664515,aot,50606100.96842105,
20664261,aot,59958358.54666667,
20663671,aot,78616811.71084337,
20665538,aot,65819833.27272727,
20664297,aot,54803073.496503495,
20663624,aot,102458258.55357143,
20666203,aot,100065547.79166667,
20664234,aot,19069636.83150183,
20663713,aot,101511685.4,
20664700,aot,38256197.666666664,
20666151,aot,1530919.7596541787,
20663548,aot,60159921.03030303,
20666073,aot,50384761.86,
20664457,aot,66211890.25714286,
20664914,aot,57685740.63529412,
20665450,aot,52039813.08737864,
20664375,aot,52912837.582417585,
20664164,aot,32262560.033333335,
20665641,aot,66254488.55294117,
20665078,aot,93575718.0,
20665828,aot,65263604.179245286,
20663414,aot,73373590.55128205,
20664251,aot,67509923.58823529,
20664328,aot,80295040.4262295,
20667141,aot,16729585.941538462,
20666016,aot,80882413.18309858,
20666121,aot,106646371.18604651,
20664984,aot,53029023.626666665,
20664422,aot,58206758.5,
20667891,aot,17631900.209302325,
20666754,aot,33548649.387878787,
20666109,aot,10708913.873015873,
20664960,aot,19909589.151394423,
20663484,aot,83379545.15384616,
20663391,aot,99673814.65454546,
20663437,aot,46051174.21666667,
20666937,aot,96709410.03921568,
20666391,aot,125888869.77142857,
20666062,aot,79889539.30136986,
20663766,aot,52567904.1875,
20665054,aot,61237466.74,
20665580,aot,75231661.49315068,
20665266,aot,46445108.395833336,
20664262,aot,52320996.71604938,
20664387,aot,69180234.475,
20663531,aot,56632971.5,
20664280,aot,72442506.16393442,
20663578,aot,41530289.152173914,
20664516,aot,64910389.93150685,
20664210,aot,49625532.276190475,
20663672,aot,75552414.81818181,
20664298,aot,37771300.216,
20665539,aot,81901572.56896552,
20663625,aot,59969904.62790698,
20666204,aot,44008658.2,
20663714,aot,77336240.19444445,
20666152,aot,93513731.31578948,
20666074,aot,52457351.366197184,
20664458,aot,59817155.60655738,
20664701,aot,49304711.12962963,
20663549,aot,81747783.55357143,
20664376,aot,64334308.43661972,
20664165,aot,57720729.0625,
20664915,aot,63888502.73076923,
20664329,aot,42240679.18888889,
20664235,aot,111720305.09433962,
20665079,aot,51088895.916666664,
20663767,aot,41479022.884615384,
20665829,aot,56245674.56818182,
20665451,aot,63788717.653061226,
20666755,aot,76626328.78571428,
20664252,aot,64430295.83561644,
20664985,aot,17606639.752727274,
20664961,aot,99827728.58536585,
20665055,aot,42746569.93181818,
20663485,aot,69417008.79310344,
20666017,aot,64026013.333333336,
20667142,aot,110208319.46341464,
20666122,aot,38025925.827586204,
20663392,aot,45652395.428571425,
20665581,aot,27382799.19620253,
20665642,aot,109881247.73770492,
20663415,aot,64479140.94444445,
20667892,aot,56544605.0,
20663532,aot,25089727.935672514,
20663579,aot,58721211.07692308,
20664423,aot,62117347.052083336,
20666392,aot,8310053.080181543,
20666110,aot,124086350.21052632,
20664263,aot,38172547.358333334,
20665267,aot,54632675.03409091,
20663438,aot,78394847.14705883,
20664517,aot,21236245.064814813,
20666063,aot,75682070.17333333,
20666938,aot,77313323.075,
20664388,aot,73408490.14285715,
20664281,aot,82293616.12698413,
20665540,aot,59843070.633802816,
20664299,aot,87543191.35294117,
20663673,aot,36973444.75151515,
20666205,aot,27117151.354368933,
20664211,aot,106275482.26229508,
20663626,aot,77183584.66197184,
20663715,aot,63197013.6875,
20664702,aot,37997257.263636366,
20664377,aot,44329367.777777776,
20666075,aot,16737826.704615384,
20666153,aot,109330652.125,
20664166,aot,51169602.28235294,
20664459,aot,69017909.46987952,
20664916,aot,56507736.39534884,
20663550,aot,49322687.051724136,
20664236,aot,64605402.27142857,
20663486,aot,20733880.523809522,
20665080,aot,63986594.15,
20664264,aot,52447240.43333333,
20665452,aot,81144930.94827586,
20666756,aot,92276445.0,
20664962,aot,49006573.16,
20666066,aot,63852008.94366197,
20664986,aot,103703025.19512194,
20663416,aot,71969557.49090908,
20665056,aot,25561654.51010101,
20663533,aot,82901427.42222223,
20663768,aot,59350996.610526316,
20666018,aot,32959769.986754965,
20666111,aot,62169959.41269841,
20663393,aot,21760029.773333333,
20665830,aot,70484652.32051282,
20664330,aot,105243660.63333334,
20667143,aot,71843676.24657534,
20664518,aot,18436030.440366972,
20665643,aot,72438961.11764705,
20667893,aot,64450445.35616438,
20666393,aot,84188398.49056605,
20666064,aot,36361640.902654864,
20665582,aot,129495702.44444445,
20666123,aot,59364617.78494623,
20663580,aot,71019445.20588236,
20664424,aot,32854422.84117647,
20665268,aot,57040509.24489796,
20664389,aot,80549087.12727273,
20665541,aot,36570936.731884055,
20663439,aot,55329448.45217391,
20666939,aot,61945295.833333336,
20664300,aot,38042771.85314685,
20664282,aot,56205615.3,
20663627,aot,45915129.93684211,
20663716,aot,72142531.17857143,
20664212,aot,47477711.95049505,
20664703,aot,66116229.07936508,
20666206,aot,88914252.81034483,
20663674,aot,130345446.29268293,
20664378,aot,40253838.088,
20666076,aot,80222980.4262295,
20664917,aot,43671667.07058824,
20666154,aot,51089909.66990291,
20664167,aot,84547177.77049181,
20664460,aot,94592384.05454545,
20665081,aot,19527713.33944954,
20663487,aot,64940359.166666664,
20663551,aot,81501599.96923077,
20664519,aot,88993252.97222222,
20664237,aot,49493974.5338983,
20664987,aot,62866786.97260274,
20664593,aot,92673191.4509804,
20666757,aot,57348999.011764705,
20666067,aot,70330223.94285715,
20665057,aot,91961194.88,
20663417,aot,46403564.38181818,
20663394,aot,41060456.90677966,
20664425,aot,71675188.30434783,
20665831,aot,54599674.36363637,
20666112,aot,75915888.53846154,
20666019,aot,82030694.96721311,
20665453,aot,43087148.85714286,
20665644,aot,61213314.530120485,
20663581,aot,48136604.720430106,
20663769,aot,70865455.28205128,
20664331,aot,58949283.755555555,
20666065,aot,47512754.01,
20667894,aot,55810584.95698924,
20665269,aot,59923925.092307694,
20664963,aot,72305878.98837209,
20663534,aot,50538217.915254235,
20667144,aot,75403843.65714286,
20664390,aot,38597831.54285714,
20665583,aot,54287768.86,
20666394,aot,89874601.78333333,
20666124,aot,76591796.57534246,
20663440,aot,61845020.2739726,
20665542,aot,67297426.59210527,
20666940,aot,112859594.04166667,
20664283,aot,49169378.84466019,
20664301,aot,63649325.63953488,
20663628,aot,60969834.61176471,
20664379,aot,62959959.95384616,
20663675,aot,52423679.406593405,
20663717,aot,69571445.0375,
20664213,aot,68260916.73333333,
20664704,aot,54664553.34951457,
20664918,aot,56179526.87951807,
20666155,aot,37915024.1171875,
20666207,aot,81206014.9859155,
20664168,aot,47625760.177777775,
20666077,aot,87470460.24590164,
20663488,aot,59955249.73972603,
20663552,aot,22676632.30952381,
20665082,aot,87459985.53333333,
20664461,aot,55106856.4537037,
20666068,aot,61316001.474358976,
20664964,aot,53424879.64705882,
20665832,aot,61169895.225352116,
20663535,aot,87460522.3902439,
20664988,aot,80224504.6969697,
20663395,aot,90099086.39583333,
20665270,aot,19894905.16591928,
20664238,aot,93430553.03636363,
20665645,aot,44226832.104761906,
20664594,aot,68324526.48837209,
20666020,aot,84011999.53448276,
20664332,aot,51253265.427083336,
20667895,aot,59479786.56626506,
20663418,aot,88295634.33333333,
20664520,aot,122837907.07843137,
20664426,aot,69862529.49382716,
20665584,aot,22564536.616504855,
20666758,aot,81170007.71794872,
20663770,aot,56156369.47959184,
20665454,aot,119509385.34883721,
20667145,aot,57580738.02197802,
20663582,aot,50151428.8018018,
20664391,aot,65011963.82716049,
20665058,aot,3455336.7052578363,
20666113,aot,79816128.90666667,
20666395,aot,55206992.84090909,
20666125,aot,51591095.79120879,
20665543,aot,46352066.44318182,
20663726,aot,89712812.9090909,
20663441,aot,70583486.35384615,
20666941,aot,68353488.60377358,
20664380,aot,64261360.66037736,
20664214,aot,44446947.78313253,
20663676,aot,71427988.56363636,
20663629,aot,91616922.51162791,
20664302,aot,63059287.434210524,
20663718,aot,74618985.35714285,
20664284,aot,85170701.60714285,
20664705,aot,56762347.88235294,
20664919,aot,59149577.69135802,
20666208,aot,67877460.83561644,
20666156,aot,104103710.13725491,
20666078,aot,37677498.60869565,
20664169,aot,45184145.69918699,
20665083,aot,72724350.54166667,
20664462,aot,49264226.06410257,
20663489,aot,65519131.46052632,
20664239,aot,60863856.45454545,
20664965,aot,60224063.4868421,
20663536,aot,56673228.61627907,
20663553,aot,111397289.84,
20664595,aot,54787652.5875,
20665646,aot,16628529.94880546,
20664306,aot,62984526.47058824,
20666021,aot,44231106.82524272,
20665833,aot,73856595.2,
20664521,aot,84052341.46,
20665455,aot,52007054.409638554,
20663419,aot,65057430.02941176,
20663583,aot,16424856.689285714,
20663396,aot,34628727.442424245,
20667896,aot,61720200.3875,
20666942,aot,121099061.84,
20664333,aot,52368133.39795918,
20665271,aot,17047908.320699707,
20667146,aot,78023740.94642857,
20664989,aot,55197190.574074075,
20665585,aot,101091246.17777778,
20666396,aot,55395105.64444444,
20666759,aot,54856952.530612245,
20664427,aot,39708242.55244755,
20663771,aot,24865949.690265488,
20664392,aot,65323707.87654321,
20666126,aot,48599439.1509434,
20665544,aot,51346959.53,
20663677,aot,47697552.93181818,
20663442,aot,12030143.269639065,
20663727,aot,59676875.39784946,
20664381,aot,44424809.163636364,
20666114,aot,63256999.03883495,
20663630,aot,50246019.421052635,
20665059,aot,137100504.63414633,
20664215,aot,65855363.626666665,
20663719,aot,74116842.81818181,
20664920,aot,65417582.93846154,
20664706,aot,57996541.17894737,
20664285,aot,91412584.78571428,
20666209,aot,62586395.57534247,
20665084,aot,55790423.28,
20664170,aot,73936541.51515152,
20664463,aot,66511669.47945205,
20664303,aot,92151916.55555555,
20666079,aot,108806061.58139534,
20663490,aot,84036893.90163934,
20663554,aot,45011911.84375,
20666157,aot,63259085.114285715,
20664596,aot,65160438.85714286,
20664966,aot,29377155.3,
20666943,aot,46670965.345679015,
20663537,aot,51976120.729166664,
20664307,aot,36234785.171875,
20664522,aot,21625049.366666667,
20664240,aot,54145423.26213592,
20663420,aot,39820526.05932204,
20665834,aot,64846634.84931507,
20666397,aot,43401988.56989247,
20664334,aot,59691429.1625,
20665586,aot,73232161.96721311,
20665456,aot,86636158.27586207,
20665647,aot,78412178.22857143,
20665272,aot,102198192.24444444,
20663678,aot,48526802.82857143,
20664990,aot,62893548.96052632,
20664393,aot,37175424.59166667,
20663584,aot,87403698.18333334,
20667897,aot,57988545.39784946,
20663397,aot,102616970.2,
20667147,aot,70376809.03703703,
20663772,aot,82312720.56896552,
20664428,aot,60642545.144578315,
20665545,aot,36796072.81481481,
20666022,aot,76806703.88636364,
20666760,aot,79761372.6764706,
20666115,aot,61354162.426470585,
20663728,aot,72374934.66666667,
20666127,aot,79151254.0140845,
20663631,aot,63094355.842857145,
20663443,aot,122743095.10526316,
20666562,aot,56458830.12328767,
20664707,aot,22173933.75124378,
20665060,aot,58814971.70967742,
20664216,aot,69212997.54666667,
20664286,aot,60998669.74647887,
20665085,aot,53599518.1,
20665718,aot,58230560.782608695,
20663720,aot,30262642.658031087,
20665061,aot,51273235.946666665,
20664304,aot,51195641.6375,
20666080,aot,37843667.2578125,
20664308,aot,63961749.333333336,
20664464,aot,65197437.57692308,
20666210,aot,61544417.63809524,
20663491,aot,48598142.77876106,
20666944,aot,8608802.92142857,
20664597,aot,63043147.98630137,
20663555,aot,49391038.6122449,
20665457,aot,29792015.953846153,
20666158,aot,52186489.572916664,
20664523,aot,52801600.90909091,
20663679,aot,49680635.03076923,
20666398,aot,50008952.11111111,
20663585,aot,41095398.61261261,
20666468,aot,75797663.72857143,
20664335,aot,43173237.84955752,
20664305,aot,54639986.013333336,
20665273,aot,78690223.81034483,
20664967,aot,130944225.47222222,
20665835,aot,67313395.78205128,
20663632,aot,60395680.11827957,
20663597,aot,57122926.09210526,
20664429,aot,9360697.189010989,
20665587,aot,60486549.64705882,
20667898,aot,61135931.35526316,
20666128,aot,58523616.85714286,
20664394,aot,64933394.16438356,
20665546,aot,37689506.52586207,
20663773,aot,53196963.58064516,
20666656,aot,79946602.30882353,
20663937,aot,61511828.33802817,
20665648,aot,111911777.80392157,
20667148,aot,49935419.736363634,
20666023,aot,82818794.8,
20665086,aot,22598047.56617647,
20663444,aot,53162977.06666667,
20664287,aot,75415152.76086956,
20666563,aot,51027046.60493827,
20663738,aot,75822893.73015873,
20663729,aot,94518887.4,
20664217,aot,19216777.476,
20664400,aot,53028753.85245901,
20665765,aot,64776431.02739726,
20666761,aot,89176805.08,
20665719,aot,57115685.70512821,
20663721,aot,76828061.39655173,
20664708,aot,121472611.92105263,
20664309,aot,36108091.75609756,
20664465,aot,57602343.884615384,
20666843,aot,105814025.03921568,
20666081,aot,84713768.0,
20666945,aot,113318707.6,
20666399,aot,20333341.48497854,
20666469,aot,50045564.96296296,
20666159,aot,62040697.078947365,
20666211,aot,73420260.1875,
20663598,aot,42913643.06818182,
20665458,aot,87435131.98181818,
20664524,aot,73636336.4090909,
20663680,aot,78450241.83823529,
20664598,aot,61401349.30612245,
20663556,aot,80026722.36842105,
20663492,aot,94807150.75,
20666657,aot,48280679.915662654,
20665087,aot,81858530.9736842,
20666034,aot,48819001.893203884,
20665588,aot,24395668.14285714,
20667899,aot,60018454.53947368,
20663774,aot,56569969.042253524,
20665836,aot,58333991.50588235,
20664336,aot,50599471.93069307,
20663586,aot,100030207.98181818,
20665547,aot,86270217.36956522,
20664395,aot,39824252.47619048,
20663633,aot,35364549.094936706,
20665274,aot,103927659.45833333,
20666024,aot,51814078.593023255,
20664347,aot,62887726.65625,
20664430,aot,154338344.63636363,
20665649,aot,45401405.92173913,
20663445,aot,27194679.37837838,
20665766,aot,41752738.91860465,
20664353,aot,73008913.6923077,
20667149,aot,74556080.16901408,
20666129,aot,71179532.8,
20666564,aot,55658696.92222222,
20663723,aot,81747917.58823529,
20663730,aot,60151915.807692304,
20663722,aot,29831674.97037037,
20663938,aot,102745553.13333334,
20665720,aot,65231478.4,
20664401,aot,44523968.518181816,
20666762,aot,59593371.56410257,
20664709,aot,40696692.3125,
20663739,aot,33818059.41621622,
20664466,aot,52212477.40983607,
20664310,aot,77817087.53448276,
20666844,aot,26979948.204678364,
20666082,aot,51750722.2,
20666212,aot,52206305.25,
20666470,aot,49022479.479166664,
20666946,aot,72447578.48684211,
20663775,aot,43893344.802325584,
20665837,aot,103716457.78787878,
20663599,aot,74836387.48484848,
20664525,aot,58375914.55294117,
20665088,aot,88705154.81395349,
20663493,aot,44441943.06,
20663557,aot,48918648.51111111,
20666400,aot,77429067.26666667,
20665459,aot,66653111.425,
20667900,aot,56099054.777777776,
20663587,aot,49939311.01111111,
20666658,aot,75139483.78688525,
20665548,aot,52786885.086021505,
20663681,aot,45997517.08730159,
20664337,aot,97644094.82222222,
20666160,aot,42114636.7375,
20666035,aot,6498916.902519167,
20664599,aot,64244218.838709675,
20665650,aot,41600673.97,
20665275,aot,100306131.9,
20665589,aot,107348389.76,
20667150,aot,50033488.65882353,
20663446,aot,61578225.28,
20663634,aot,95492270.50980392,
20666025,aot,60521962.744186044,
20664348,aot,85556351.71666667,
20664396,aot,61647282.62105263,
20664431,aot,55704835.114583336,
20664710,aot,63680843.51785714,
20663939,aot,55651245.25352113,
20666763,aot,23586587.370588236,
20664354,aot,57454789.15384615,
20665767,aot,42948275.664122134,
20665906,aot,72769419.2413793,
20665721,aot,58755226.39726027,
20664402,aot,52623257.62650602,
20666565,aot,107258391.24444444,
20666130,aot,76193327.01470588,
20663724,aot,46617820.66101695,
20664467,aot,13958022.768292682,
20663740,aot,90377642.89130434,
20666845,aot,61375499.32727273,
20663731,aot,61852721.61,
20664311,aot,73876053.41975309,
20666213,aot,70963971.2,
20665089,aot,17601813.175298806,
20663600,aot,37232106.317073174,
20663776,aot,51944708.45454545,
20665838,aot,81547674.77049181,
20664526,aot,34794699.97931034,
20664338,aot,22160239.776595745,
20663494,aot,29980356.619318184,
20666947,aot,83343565.2,
20666083,aot,67281995.93333334,
20666471,aot,45818144.127819546,
20663588,aot,55408415.28235294,
20663682,aot,85611439.62,
20666161,aot,51146040.55421687,
20666659,aot,48648609.02,
20667901,aot,35555275.80645161,
20665651,aot,51788607.530864194,
20665460,aot,60641273.86021505,
20663558,aot,59224000.74489796,
20666401,aot,61145705.77551021,
20665590,aot,54445745.9,
20665549,aot,91579536.875,
20663447,aot,56312385.61643836,
20664432,aot,90245802.73684211,
20666026,aot,60996888.97183099,
20664600,aot,66663044.038461536,
20665722,aot,71551196.52941176,
20665276,aot,44483077.61983471,
20666036,aot,126544193.4,
20664355,aot,71077016.16666667,
20665768,aot,37322829.60344828,
20667151,aot,94966105.27272727,
20663725,aot,56283904.77142857,
20663940,aot,49840683.267326735,
20664397,aot,64982826.518518515,
20664349,aot,58932480.44086021,
20663635,aot,91509844.91803278,
20663732,aot,66287493.54716981,
20663741,aot,41939658.84,
20666566,aot,34060775.233333334,
20664711,aot,50541603.252173916,
20666764,aot,108358453.42222223,
20664468,aot,76852239.0,
20666131,aot,68456351.93333334,
20664403,aot,62614759.31395349,
20665907,aot,71115258.2967033,
20666846,aot,62564362.930232555,
20666214,aot,62717666.61818182,
20663777,aot,61609617.205882356,
20663601,aot,63375853.426470585,
20666948,aot,38446060.50943396,
20666087,aot,122300641.34146342,
20664527,aot,55957251.84090909,
20664339,aot,71288411.67692308,
20663589,aot,51483937.38372093,
20665090,aot,117935968.0625,
20665652,aot,69862365.36065574,
20663495,aot,153969500.6,
20666084,aot,50510413.81,
20665839,aot,68985945.1125,
20663559,aot,64723191.941176474,
20665591,aot,62416797.057142854,
20665461,aot,67353445.73972602,
20666660,aot,91491808.03773585,
20666472,aot,67440834.36046511,
20666402,aot,26435102.164179105,
20663683,aot,62733205.552083336,
20664356,aot,22729569.808290154,
20666027,aot,74750192.66153847,
20664433,aot,52784650.11881188,
20667902,aot,92198730.36065574,
20665550,aot,75728260.09859155,
20663448,aot,62483846.76744186,
20666037,aot,36490792.35664336,
20664601,aot,52659910.95145631,
20664398,aot,37291718.50847457,
20665277,aot,77276417.03030303,
20666162,aot,74113909.88235295,
20665769,aot,79835201.2,
20665723,aot,48847189.28333333,
20664350,aot,47082423.37142857,
20666765,aot,51569318.46590909,
20663843,aot,47489653.27927928,
20663733,aot,42249999.38938053,
20663941,aot,92382215.91071428,
20667152,aot,73628022.94871795,
20663636,aot,38863619.95555556,
20664712,aot,32207120.410714287,
20664469,aot,73826429.25352113,
20666132,aot,32603947.593939394,
20665908,aot,58394502.76712329,
20666847,aot,96748566.63414635,
20666567,aot,82012432.67123288,
20663742,aot,90042624.5,
20664404,aot,70706579.73493975,
20663602,aot,48239206.45882353,
20666215,aot,69011544.63157895,
20663778,aot,67982682.73846154,
20666088,aot,30765702.27096774,
20663590,aot,61972844.90410959,
20665592,aot,33587839.00847457,
20665653,aot,45715435.84210526,
20665091,aot,63204170.428571425,
20666085,aot,42186207.731481485,
20664528,aot,26494480.15909091,
20666661,aot,67073983.0,
20665551,aot,19727697.897435896,
20663560,aot,72538389.11428571,
20664340,aot,106193939.70833333,
20665278,aot,43351929.2375,
20665462,aot,40620520.44166667,
20663684,aot,52298833.60493827,
20666949,aot,141289154.27906978,
20666473,aot,111196896.7,
20667903,aot,27555215.04819277,
20666038,aot,64702652.53968254,
20663496,aot,50789501.368,
20666028,aot,69413513.04285714,
20665840,aot,51701025.68595041,
20663449,aot,79437101.48275863,
20664357,aot,95584978.0754717,
20666403,aot,124888402.625,
20663734,aot,66565258.60344828,
20666163,aot,6411498.841025641,
20666766,aot,19423373.251121078,
20664434,aot,73849234.33802816,
20663942,aot,57418078.197183095,
20663637,aot,58790848.60294118,
20664602,aot,39833217.55555555,
20665724,aot,66798547.43661972,
20667153,aot,59112702.45333333,
20663743,aot,45060104.02739726,
20665770,aot,41636854.29710145,
20664399,aot,73215982.44578314,
20663844,aot,108281176.33333333,
20664470,aot,64261233.80821918,
20664713,aot,85766792.29310344,
20666848,aot,51428207.125,
20666133,aot,82788799.87272727,
20666568,aot,52271594.15909091,
20664351,aot,59344961.872727275,
20664405,aot,50972984.28571428,
20665909,aot,88385582.68181819,
20666216,aot,46588950.64,
20663779,aot,66112736.93150685,
20663603,aot,69785873.05479452,
20666086,aot,50676451.96511628,
20665552,aot,62268058.56896552,
20665654,aot,63061493.85526316,
20663591,aot,55952093.333333336,
20665092,aot,33694971.98039216,
20666089,aot,87895602.73846154,
20665593,aot,5666261.078393881,
20663685,aot,67341500.6764706,
20664529,aot,41563099.071428575,
20663561,aot,59850764.24691358,
20663735,aot,60506124.6984127,
20666950,aot,58585751.78313253,
20665463,aot,97989313.48,
20667904,aot,106921348.97674419,
20665841,aot,117766148.4516129,
20665279,aot,86878113.93442623,
20666404,aot,83546619.89583333,
20663450,aot,52790214.61627907,
20666662,aot,42447930.37037037,
20664435,aot,50967812.62962963,
20664603,aot,48250358.6,
20666474,aot,43010887.472,
20664341,aot,50721659.46551724,
20666029,aot,87726561.52459016,
20666039,aot,80840840.50704226,
20664471,aot,44068347.75308642,
20663497,aot,135031992.7368421,
20663845,aot,54281337.295774646,
20663943,aot,69837239.1923077,
20667154,aot,44617993.89380531,
20663638,aot,74753539.1076923,
20664358,aot,76283854.26666667,
20665771,aot,58532625.118421055,
20664714,aot,61070808.78461538,
20666134,aot,8469529.242248062,
20664352,aot,53549122.0,
20666767,aot,162172303.03030303,
20665725,aot,61159156.395604394,
20666849,aot,52419955.91764706,
20667031,aot,55358358.41111111,
20666164,aot,105000134.58490565,
20663744,aot,14665399.777777778,
20665601,aot,67492861.0,
20663780,aot,74574524.26415095,
20663604,aot,50569592.5131579,
20666569,aot,117701829.44,
20665910,aot,84419626.87671232,
20666217,aot,93330964.08333333,
20665093,aot,74440681.98275863,
20665553,aot,65964945.807692304,
20665655,aot,47096487.238938056,
20663592,aot,37812474.03496504,
20666090,aot,61524649.2,
20663736,aot,41592679.62857143,
20666137,aot,114224856.35416667,
20663451,aot,59384511.92957746,
20666951,aot,38259526.414634146,
20664342,aot,58724505.176470585,
20664604,aot,49760957.2,
20665464,aot,47098842.97169811,
20665594,aot,106838183.08888888,
20663686,aot,52240525.93396226,
20667905,aot,80625692.21666667,
20665842,aot,82006735.05,
20666405,aot,76790313.55384615,
20663691,aot,60953809.40625,
20665280,aot,51998632.018518515,
20666030,aot,48404286.72631579,
20664530,aot,107487424.75,
20663944,aot,59455597.191176474,
20666475,aot,70049017.13157895,
20666663,aot,70263684.97530864,
20663498,aot,57431823.7875,
20666850,aot,87765104.48780487,
20663639,aot,78440895.94339623,
20665726,aot,50847427.7,
20666165,aot,59034812.68253968,
20666040,aot,66650002.14102564,
20663737,aot,39334479.94214876,
20664436,aot,63909333.7,
20667155,aot,51227011.39,
20666768,aot,60818324.40789474,
20665772,aot,75996646.15151516,
20666135,aot,69466212.81818181,
20664715,aot,43151449.722222224,
20663745,aot,79790707.14545454,
20664472,aot,53986074.43478261,
20663846,aot,56168154.845454544,
20667032,aot,54622184.63265306,
20665602,aot,48458828.44660194,
20663605,aot,65402941.82539683,
20663781,aot,60745333.5060241,
20663503,aot,67721173.22330096,
20666570,aot,45370397.06481481,
20666218,aot,20470717.99514563,
20665911,aot,73107364.5,
20665656,aot,69414952.33333333,
20665554,aot,13321480.083333334,
20665094,aot,76979827.90476191,
20666091,aot,54459021.776315786,
20666952,aot,68717474.2413793,
20666138,aot,67335597.91549295,
20663593,aot,66854153.16901408,
20664605,aot,68562650.70588236,
20664343,aot,38242232.55555555,
20663452,aot,49849548.175925925,
20667078,aot,65254932.09411765,
20665465,aot,87487365.92727272,
20667906,aot,48737373.76530612,
20664531,aot,59827980.044117644,
20666406,aot,34870400.80419581,
20665281,aot,1318442.722067039,
20666851,aot,42625013.8,
20663499,aot,23076549.590673573,
20663945,aot,79658588.76363637,
20666041,aot,74296543.55357143,
20665595,aot,63523292.307692304,
20666031,aot,116817966.24390244,
20664437,aot,48951417.13253012,
20665727,aot,73046467.3,
20663692,aot,77922291.41428572,
20666166,aot,76628732.62068966,
20665843,aot,69778690.7840909,
20663697,aot,66977809.12857143,
20663687,aot,67188813.02105263,
20664473,aot,59964591.85,
20664716,aot,53161593.87654321,
20666476,aot,67864528.3,
20667156,aot,143604514.77419356,
20666769,aot,58286004.4,
20666664,aot,88461567.8,
20665773,aot,69994393.07042253,
20667033,aot,98287857.75555556,
20666136,aot,68061312.03846154,
20663847,aot,76797782.97058824,
20663746,aot,53260450.594339624,
20663504,aot,31111007.84057971,
20663606,aot,61953222.5882353,
20663640,aot,54668223.8115942,
20666219,aot,70180375.09523809,
20665603,aot,42872897.36129032,
20666571,aot,77441125.84285714,
20663782,aot,51868447.618644066,
20665657,aot,54183453.602564104,
20665912,aot,58279038.47727273,
20665095,aot,39783708.86486486,
20666139,aot,49241202.70512821,
20666092,aot,48944538.895238094,
20664344,aot,76125008.15686275,
20666953,aot,41929637.76859504,
20663594,aot,73731402.4923077,
20665844,aot,30848566.94059406,
20665466,aot,46766195.74257426,
20665555,aot,72280834.72093023,
20666407,aot,9825925.4,
20663500,aot,74226720.13725491,
20667079,aot,98684912.7826087,
20663453,aot,96909710.10869566,
20666042,aot,57621762.676470585,
20667907,aot,61949395.52325582,
20664532,aot,45309659.747826084,
20663693,aot,47873132.5882353,
20664606,aot,36463718.850931674,
20666770,aot,43797183.30263158,
20665596,aot,88467842.97916667,
20664438,aot,20422925.19148936,
20663946,aot,91734037.66,
20665728,aot,96499004.1521739,
20666167,aot,20206949.844537817,
20666852,aot,95136331.47826087,
20666665,aot,75204112.5625,
20667157,aot,57934817.657142855,
20663698,aot,52718774.45555556,
20665282,aot,156740920.3939394,
20666032,aot,73284824.08219178,
20663688,aot,57163267.15662651,
20664474,aot,63136403.7654321,
20664717,aot,70718654.04285714,
20666477,aot,76714354.87301587,
20666703,aot,100309280.20930232,
20665774,aot,52027045.981132075,
20663641,aot,100581140.125,
20663848,aot,38281574.051851854,
20663607,aot,40740094.95495495,
20667034,aot,55231267.99029126,
20663747,aot,79124105.91803278,
20663505,aot,87367556.86885247,
20665604,aot,49520061.6,
20666572,aot,55884047.941176474,
20663783,aot,65289861.441176474,
20665913,aot,67840432.03076923,
20665788,aot,49039524.19387755,
20665096,aot,44938996.52542373,
20666220,aot,82495964.54216868,
20665658,aot,33646497.62777778,
20665597,aot,48841665.211267605,
20666043,aot,47750004.9,
20664345,aot,87237486.13636364,
20663501,aot,41449834.20689655,
20667908,aot,67470534.23214285,
20663454,aot,45589826.104761906,
20663694,aot,66525010.21538462,
20666954,aot,92930732.49180327,
20665283,aot,68234006.66666667,
20667080,aot,94350053.38,
20663796,aot,101142708.3275862,
20665467,aot,65378811.89156626,
20664607,aot,75024513.21311475,
20666408,aot,76224458.95714286,
20666771,aot,54680396.777777776,
20663595,aot,74926187.11538461,
20663947,aot,59838931.222222224,
20665845,aot,114328200.52083333,
20665556,aot,74668126.98666666,
20663689,aot,67270207.33333333,
20664439,aot,58164150.8372093,
20665729,aot,48823732.04950495,
20663699,aot,78793231.27272727,
20664718,aot,21838899.53883495,
20666033,aot,76131776.59016393,
20666168,aot,39564603.75,
20666666,aot,38811001.00714286,
20665775,aot,56738499.37704918,
20664533,aot,65545423.70408163,
20666853,aot,42794720.44360902,
20666704,aot,27744705.29761905,
20667158,aot,66348301.604395606,
20666478,aot,60874151.375,
20663849,aot,119134310.91428572,
20663642,aot,66279338.42307692,
20667035,aot,90122778.11764705,
20664475,aot,50674828.6875,
20663748,aot,52349579.376344085,
20663608,aot,53232907.46236559,
20666573,aot,69776335.16393442,
20663506,aot,48625913.86486486,
20665605,aot,66735272.115384616,
20665914,aot,40323938.82300885,
20663784,aot,38586386.49618321,
20665789,aot,53659086.302325584,
20666221,aot,22216619.847222224,
20663797,aot,37774499.1632653,
20663596,aot,60344313.827586204,
20663455,aot,47528927.21052632,
20665557,aot,74871031.56,
20665097,aot,92969663.53846154,
20665468,aot,43981117.28712871,
20665598,aot,45098665.94308943,
20667081,aot,49295284.260416664,
20666044,aot,65867897.723684214,
20666772,aot,71287916.50793651,
20667909,aot,49209616.872727275,
20663948,aot,50833489.05494505,
20665284,aot,63365562.802325584,
20664534,aot,78836994.8,
20664346,aot,47575978.224,
20663695,aot,41318381.53793103,
20665659,aot,110242472.96721311,
20663502,aot,103677650.82142857,
20663690,aot,57525079.25,
20663700,aot,56968073.30864198,
20666955,aot,95480608.48275863,
20666409,aot,101914159.83018868,
20665730,aot,62914554.89473684,
20665846,aot,65382983.061728396,
20665776,aot,77918314.41509435,
20664608,aot,60667633.072916664,
20666169,aot,42045043.18644068,
20666515,aot,10505227.241516966,
20664719,aot,88342387.67272727,
20667159,aot,32615231.85925926,
20664440,aot,77968126.68,
20666667,aot,147461477.25,
20666705,aot,77111853.73584905,
20663749,aot,41166862.739583336,
20664476,aot,49472256.075,
20666479,aot,77243301.58823529,
20663790,aot,52515147.31182796,
20663643,aot,72229744.59154929,
20663850,aot,61335371.54945055,
20667036,aot,84701165.6984127,
20666854,aot,147946155.8846154,
20665915,aot,65470351.93650793,
20663507,aot,71852154.41176471,
20665606,aot,61423572.75,
20663785,aot,60839846.0375,
20665790,aot,35899408.6173913,
20666574,aot,71291017.69892474,
20665859,aot,70079838.84482759,
20666222,aot,91182647.2586207,
20666773,aot,60322215.45901639,
20667082,aot,29401654.54248366,
20667910,aot,35925100.13223141,
20665098,aot,62052529.95061728,
20665469,aot,81173409.85714285,
20666045,aot,71927104.0,
20665599,aot,36064967.82781457,
20664609,aot,42232217.571428575,
20665558,aot,84610791.77272727,
20663456,aot,73823513.0875,
20666410,aot,20154999.8440367,
20663793,aot,44593976.1368421,
20663949,aot,25509545.91707317,
20663798,aot,97373448.96666667,
20665847,aot,91814685.6226415,
20665660,aot,73730379.1969697,
20665731,aot,78195215.44,
20663701,aot,52941250.13333333,
20664441,aot,69462597.18965517,
20665777,aot,79221531.10344827,
20665285,aot,92892551.0,
20666491,aot,23477517.8,
20664720,aot,31112531.576923076,
20663696,aot,81919442.65151516,
20664535,aot,103187610.43137255,
20666421,aot,67769447.95294118,
20666480,aot,43546115.96385542,
20666668,aot,58859791.69879518,
20666956,aot,35936388.786127165,
20666706,aot,53033072.677083336,
20664477,aot,25162691.284210525,
20666170,aot,71126766.08641975,
20666516,aot,120217209.48780487,
20667037,aot,24051915.572769955,
20665916,aot,74309418.35714285,
20664546,aot,116329430.52,
20667160,aot,111051969.3076923,
20663791,aot,107891345.58823529,
20665607,aot,4999367.6437908495,
20666855,aot,61028549.54320987,
20663851,aot,92916801.48333333,
20663508,aot,75902389.8235294,
20663786,aot,56315150.09090909,
20666774,aot,53730600.03076923,
20663644,aot,76519510.35555555,
20666575,aot,49153364.94505495,
20665791,aot,78317638.86666666,
20665860,aot,72255615.85714285,
20666223,aot,62098293.225,
20667083,aot,93574855.2173913,
20665559,aot,41867238.03296703,
20667911,aot,4998109.078846154,
20663794,aot,62289058.8382353,
20665099,aot,61942079.71590909,
20663457,aot,76891283.3442623,
20666281,aot,104778108.88372093,
20665848,aot,40176938.708333336,
20665600,aot,128083474.05555555,
20663702,aot,69296452.87878788,
20665286,aot,37107496.67768595,
20665470,aot,107643655.52941176,
20666422,aot,4521193.930927835,
20664610,aot,71907968.20987654,
20666669,aot,28559481.434482757,
20666492,aot,99635958.87804878,
20665732,aot,102650309.76,
20666411,aot,81050565.5735294,
20664569,aot,68206804.76470588,
20663950,aot,97648460.16363636,
20664442,aot,46931249.769911505,
20666481,aot,83645590.07843137,
20663799,aot,64147112.20930233,
20665661,aot,87921387.44444445,
20665778,aot,59388529.89247312,
20666707,aot,59177911.21052632,
20664721,aot,90194770.98360656,
20666171,aot,38244191.723076925,
20666517,aot,71048412.04285714,
20664547,aot,44938562.729411766,
20666957,aot,109318160.76470588,
20664536,aot,87249652.19736843,
20664478,aot,107448266.35849057,
20665608,aot,11028450.165484633,
20663792,aot,70084076.01587301,
20665917,aot,62733343.71794872,
20667038,aot,117127537.23684211,
20666856,aot,81607441.16363636,
20663509,aot,58883657.14102564,
20663852,aot,69029893.87058823,
20667161,aot,49683310.15447155,
20666775,aot,95308126.46,
20665792,aot,45320726.60194175,
20663645,aot,84768324.84848484,
20665560,aot,46024630.06666667,
20666576,aot,73992153.92,
20663787,aot,81159513.55128205,
20666224,aot,51069087.02197802,
20667084,aot,53316122.21978022,
20663795,aot,46601967.192771085,
20665849,aot,49907871.368421055,
20665100,aot,65510597.95454545,
20665861,aot,50098373.36521739,
20665287,aot,73526457.3,
20667912,aot,78652003.37142856,
20666679,aot,52202580.38372093,
20663458,aot,87003617.55172414,
20663951,aot,48476482.05813953,
20666482,aot,44396211.958333336,
20664722,aot,52762036.83076923,
20664570,aot,35233221.6015625,
20666423,aot,124086865.25714286,
20665733,aot,51411589.43333333,
20663800,aot,52959648.435294114,
20665671,aot,83930813.46153846,
20665662,aot,59143714.0125,
20664611,aot,48410991.845454544,
20666282,aot,43225917.89285714,
20666708,aot,48034291.52040816,
20666670,aot,98014536.45833333,
20665779,aot,49649177.68367347,
20666493,aot,95775513.38,
20664443,aot,75496772.96923077,
20665471,aot,99939720.95,
20666412,aot,54178589.504761904,
20665918,aot,32885009.42,
20667054,aot,30019819.99130435,
20666518,aot,36658664.02173913,
20664548,aot,39982402.38983051,
20665609,aot,68376960.71698113,
20666958,aot,81257659.57142857,
20664537,aot,67801747.91176471,
20664479,aot,70348325.12121212,
20666172,aot,123566785.98039216,
20663510,aot,54458425.27160494,
20663853,aot,61177751.586666666,
20667162,aot,45611897.4368932,
20666857,aot,67207295.25274725,
20667039,aot,51334799.13223141,
20665793,aot,33775154.512,
20666776,aot,61209637.62820513,
20666225,aot,60658452.77941176,
20667085,aot,56214690.40845071,
20663788,aot,79429983.06666666,
20663646,aot,91156754.2,
20665561,aot,9359738.780936455,
20665101,aot,78560325.72727273,
20667042,aot,134696094.61290324,
20665862,aot,87115098.16666667,
20665850,aot,137058918.06451613,
20667913,aot,85095985.37209302,
20666577,aot,84830367.83098592,
20665288,aot,72124008.36363636,
20664723,aot,53687138.02469136,
20666483,aot,71636358.08196722,
20663801,aot,73419221.71698113,
20663459,aot,66660152.39705882,
20664571,aot,47024478.708333336,
20666283,aot,68066869.51785715,
20663952,aot,65888791.5890411,
20666680,aot,87503131.3,
20664444,aot,48421976.61627907,
20664612,aot,39459216.779661015,
20666424,aot,86978261.81132075,
20665663,aot,88771612.45454545,
20665780,aot,72973039.20634921,
20666413,aot,26679885.67857143,
20665672,aot,48533796.17117117,
20666959,aot,58071049.08196721,
20665472,aot,75606359.58333333,
20664549,aot,57160000.52941176,
20666709,aot,84467697.27272727,
20666671,aot,63500869.4939759,
20666494,aot,66366609.51282051,
20667055,aot,95935210.67391305,
20666519,aot,105854040.9,
20665919,aot,84276254.0862069,
20665734,aot,73400770.92222223,
20664480,aot,50411432.21590909,
20664538,aot,67034808.34615385,
20665610,aot,98136172.4509804,
20666173,aot,43846723.91509434,
20666858,aot,37948766.408163264,
20667163,aot,63543316.08219178,
20663854,aot,66629859.77333333,
20663511,aot,68375956.1111111,
20666777,aot,68765703.23943663,
20666226,aot,69892237.86764705,
20665794,aot,78790839.08571428,
20667086,aot,25273076.77184466,
20665102,aot,58604056.884615384,
20663789,aot,39731994.56153846,
20666484,aot,63593841.178571425,
20667040,aot,35597873.94444445,
20665851,aot,44703379.689320385,
20665863,aot,28359186.742857143,
20667914,aot,64937245.09859155,
20666425,aot,1771855.2868544601,
20665289,aot,49445015.653061226,
20663647,aot,80302606.97260274,
20666578,aot,54425137.21111111,
20667043,aot,61783685.296703294,
20666284,aot,56143135.575,
20663460,aot,17503436.36491228,
20664572,aot,42099535.765765764,
20664445,aot,62826108.46031746,
20664613,aot,70285263.21818182,
20664550,aot,16401877.252293577,
20663802,aot,38742697.35114504,
20666681,aot,63111881.615384616,
20665562,aot,117739116.95652173,
20665664,aot,61884904.13636363,
20664724,aot,76036732.91428572,
20666495,aot,31515717.48120301,
20665673,aot,31168946.31756757,
20663953,aot,56032934.98019802,
20665473,aot,53467827.56626506,
20666520,aot,20619248.31067961,
20666672,aot,64825848.18571428,
20667056,aot,71971721.43333334,
20666710,aot,56640646.58139535,
20666414,aot,85587096.4923077,
20666960,aot,96483185.57142857,
20664481,aot,23689442.57368421,
20665735,aot,83991306.16363636,
20665781,aot,61812725.24752475,
20665920,aot,139408873.22857141,
20666174,aot,72766405.67272727,
20664539,aot,90043141.34,
20667164,aot,88111427.71052632,
20665611,aot,124519095.41935484,
20663855,aot,60767747.615384616,
20666859,aot,81659044.80327868,
20663512,aot,76881998.67857143,
20666227,aot,58212461.873239435,
20665795,aot,71244025.76363637,
20666984,aot,40220718.43333333,
20666485,aot,51521000.205882356,
20666778,aot,67736564.54545455,
20667087,aot,69875176.78947368,
20663648,aot,47350040.72727273,
20665103,aot,125020414.9,
20665563,aot,41270755.7368421,
20663461,aot,89450265.95348836,
20665864,aot,84417604.27586207,
20666285,aot,59376664.12328767,
20667041,aot,40780482.53076923,
20664446,aot,54956866.73493976,
20666426,aot,80443813.39344262,
20666673,aot,3646208.7271750807,
20665852,aot,55729182.69306931,
20664573,aot,55188728.47058824,
20664725,aot,70052000.36065574,
20666579,aot,46014575.860869564,
20667044,aot,59740134.95294118,
20664614,aot,37716924.70769231,
20666521,aot,48636186.85915493,
20665474,aot,67731092.1724138,
20663803,aot,52930534.0,
20667057,aot,60596355.21818182,
20665290,aot,129458300.575,
20667915,aot,68661841.58823529,
20666682,aot,36150768.68965517,
20666415,aot,59347643.054545455,
20664551,aot,61025785.86813187,
20666496,aot,74179970.22535211,
20665665,aot,61048684.87735849,
20663954,aot,57353784.02970297,
20665736,aot,117356178.8,
20666961,aot,85544772.0909091,
20666711,aot,60969704.30120482,
20665674,aot,121448799.08695652,
20664540,aot,76375264.35416667,
20665612,aot,78968471.82222222,
20664482,aot,61197734.475,
20665921,aot,55237208.61445783,
20667165,aot,30520036.869281046,
20666228,aot,54702456.71428572,
20663513,aot,44375716.37362637,
20666175,aot,76714780.93150684,
20666860,aot,61327907.691176474,
20665782,aot,62725526.22,
20663856,aot,76273299.90140845,
20666779,aot,78145338.95081967,
20666486,aot,70802691.42253521,
20665796,aot,62716519.44705883,
20665564,aot,80004424.60465117,
20665104,aot,50850414.8313253,
20666985,aot,106618845.48214285,
20663462,aot,68308382.57142857,
20664615,aot,46234891.37647059,
20666286,aot,54101418.7875,
20664726,aot,45914179.09090909,
20665865,aot,78742551.5,
20666416,aot,70177767.625,
20666580,aot,7757157.526501766,
20664574,aot,38959420.89189189,
20665475,aot,21425982.636363637,
20663649,aot,88890671.37704918,
20666427,aot,57130646.1686747,
20666674,aot,77962591.89285715,
20667058,aot,53419102.0,
20666522,aot,121224520.48571429,
20666683,aot,60271659.09210526,
20663890,aot,79437580.83561644,
20667045,aot,77300522.19117647,
20665291,aot,94188716.86792453,
20665675,aot,62404187.104166664,
20664447,aot,63136015.26373626,
20666962,aot,46159769.013333336,
20665853,aot,87808915.40983607,
20666497,aot,88485750.90243903,
20663804,aot,46087000.56,
20667088,aot,95767674.61971831,
20664541,aot,20559674.974489797,
20665613,aot,48632973.84615385,
20667916,aot,52541827.90434783,
20664483,aot,72761567.84313725,
20664552,aot,115435008.41666667,
20665666,aot,47375665.38181818,
20665922,aot,66848592.862068966,
20666712,aot,60695211.37349398,
20665737,aot,31486556.43859649,
20663955,aot,69245862.13333334,
20666176,aot,56039376.22857143,
20666229,aot,49116440.90909091,
20667166,aot,70893236.95588236,
20663514,aot,68453904.55882353,
20666861,aot,60410945.8375,
20663857,aot,65664796.6,
20665783,aot,41884801.63636363,
20666780,aot,57358335.32876712,
20663463,aot,52890285.38356164,
20665797,aot,97065722.69565217,
20666487,aot,19873663.26356589,
20664575,aot,17998036.677130044,
20665476,aot,94814084.57894737,
20666287,aot,101360848.69767442,
20665105,aot,7009050.425149701,
20666428,aot,91389775.08333333,
20664616,aot,48982508.08181818,
20665565,aot,34941757.06557377,
20667059,aot,51506354.988235295,
20666986,aot,93059845.28571428,
20665866,aot,56071317.70526316,
20666523,aot,64598585.75384615,
20664727,aot,56428100.49,
20666675,aot,79403843.14285715,
20667089,aot,61874108.2295082,
20663891,aot,64131453.27142857,
20666417,aot,96555868.16666667,
20663805,aot,77876129.60377358,
20665292,aot,67159114.02739726,
20666684,aot,106661653.25581396,
20666581,aot,109097720.54347827,
20665614,aot,48377594.81818182,
20663650,aot,67539510.96666667,
20664448,aot,30661913.729411766,
20664542,aot,75989363.16071428,
20665676,aot,67506182.08433735,
20665923,aot,62437762.18965517,
20667046,aot,37290781.574193545,
20666713,aot,81019553.6,
20666963,aot,113920509.77777778,
20667917,aot,40603703.67768595,
20665854,aot,30066064.497382198,
20664553,aot,74177146.98275863,
20664484,aot,69322837.75,
20666498,aot,91312222.01724137,
20665667,aot,56350689.74736842,
20665738,aot,83583392.87692308,
20666230,aot,72126863.09859155,
20666862,aot,93070968.70833333,
20663956,aot,108867923.65517241,
20666177,aot,114687526.8,
20667167,aot,132796159.14634146,
20665784,aot,78179409.98333333,
20665798,aot,39983214.741935484,
20663858,aot,72365150.89473684,
20664543,aot,55219473.54310345,
20666781,aot,52820680.895833336,
20663464,aot,58244566.875,
20664576,aot,78835113.15686275,
20665477,aot,55041334.09638554,
20666488,aot,127330966.07894737,
20665566,aot,85662940.225,
20666288,aot,44152355.025,
20666418,aot,50688538.3943662,
20665867,aot,68114027.34920634,
20666987,aot,52387327.166666664,
20667090,aot,65787438.15151515,
20665106,aot,107253884.35555555,
20663806,aot,29498890.85106383,
20664728,aot,68578995.06060606,
20664617,aot,30117711.54494382,
20667047,aot,108845503.57142857,
20663651,aot,38222132.04716981,
20665293,aot,38005538.79661017,
20664485,aot,50087555.29230769,
20666429,aot,55803351.58415841,
20666499,aot,43829262.6625,
20667060,aot,107992455.43396227,
20666582,aot,93728042.98,
20666685,aot,72603570.49295774,
20667918,aot,52673092.253012046,
20663892,aot,77393386.6,
20666714,aot,73298079.07936507,
20666964,aot,65830435.43661972,
20665615,aot,103818364.3,
20666234,aot,67282209.50617284,
20665677,aot,58710734.83516484,
20666524,aot,42955707.89440994,
20664449,aot,57670838.39,
20664554,aot,64302737.55555555,
20666676,aot,95458340.81690142,
20665739,aot,38145041.6,
20665924,aot,49406882.166666664,
20665855,aot,150943281.74285713,
20667168,aot,47765691.18571428,
20666231,aot,66663775.25,
20666178,aot,78560584.24444444,
20665785,aot,57562044.35211267,
20666863,aot,74514841.46031746,
20663957,aot,16441061.167213114,
20665799,aot,22232893.11442786,
20665668,aot,38102777.935294114,
20663859,aot,67507864.36986302,
20664544,aot,64466030.46575342,
20666782,aot,65732748.78571428,
20666489,aot,37978163.79047619,
20664577,aot,40748081.384,
20663465,aot,74310526.29577465,
20666289,aot,86397108.0,
20667091,aot,76132433.95833333,
20664729,aot,58349007.484848484,
20667048,aot,89452366.02173913,
20665868,aot,47691069.91818182,
20666583,aot,27444985.421428572,
20666988,aot,100065111.25,
20663652,aot,52939776.95555556,
20667061,aot,42211245.052083336,
20666430,aot,60879107.26027397,
20665478,aot,41541072.75316456,
20666419,aot,62908783.18888889,
20665567,aot,69094087.55813953,
20665107,aot,54599248.16842105,
20664618,aot,101106744.04347827,
20665294,aot,87721815.5471698,
20664486,aot,44275050.60344828,
20666500,aot,76752213.90163934,
20663807,aot,106031507.0909091,
20666965,aot,61719270.205882356,
20667919,aot,41353470.618644066,
20663893,aot,73428153.28787878,
20666677,aot,47416733.516483516,
20665616,aot,87884750.625,
20665925,aot,91380698.075,
20665678,aot,61784410.98765432,
20666235,aot,55761579.52688172,
20664555,aot,88968099.18867925,
20666525,aot,40822880.34375,
20664450,aot,121862472.21052632,
20666686,aot,125784794.2826087,
20665856,aot,57987349.7,
20666715,aot,27354107.112033196,
20665740,aot,86452299.76923077,
20667169,aot,5812073.369277721,
20665786,aot,44703737.55,
20666179,aot,67904025.30136986,
20666232,aot,59478096.48863637,
20666864,aot,9776537.881147541,
20663958,aot,88861202.06521739,
20665800,aot,83007315.28571428,
20665669,aot,102348088.46341464,
20664545,aot,48166515.97849462,
20663860,aot,52509327.41860465,
20666783,aot,61014828.368421055,
20664578,aot,46140675.572916664,
20666490,aot,79024408.76190476,
20664730,aot,48292230.427083336,
20663653,aot,71954594.82222222,
20667049,aot,41728037.4054054,
20666989,aot,46082027.06451613,
20666966,aot,41940560.73972603,
20663466,aot,80123918.0410959,
20665869,aot,60104639.89333333,
20665479,aot,125617472.34285714,
20666431,aot,69574833.14705883,
20666420,aot,67520860.09859155,
20667092,aot,36348802.751445085,
20666290,aot,60947451.60185185,
20666501,aot,45823300.0,
20665617,aot,40036390.27710843,
20665568,aot,52080293.27,
20664487,aot,60005561.85185185,
20665295,aot,63778616.69879518,
20667920,aot,66097375.63076923,
20667062,aot,81257928.0,
20663808,aot,39610847.571428575,
20664619,aot,59080780.64285714,
20665926,aot,63443985.907692306,
20663894,aot,63762629.48717949,
20666687,aot,37274277.35454545,
20666236,aot,50661772.03333333,
20665108,aot,75403681.15116279,
20664556,aot,29068980.427710842,
20666584,aot,171174091.66666666,
20665679,aot,73192939.5735294,
20666678,aot,116395214.24390244,
20664451,aot,51679623.88,
20666526,aot,59495785.37209302,
20666180,aot,48192155.125,
20666233,aot,48143844.23529412,
20665857,aot,52154484.718446605,
20665787,aot,54846736.09411765,
20667170,aot,97616517.11627907,
20663959,aot,72566172.84482759,
20665801,aot,61844979.66153846,
20666502,aot,3152.335197301581,
20666716,aot,78780577.53030303,
20665741,aot,57168558.346938774,
20666865,aot,141698960.03225806,
20667007,aot,39837942.03488372,
20665670,aot,53768214.1980198,
20666784,aot,72559231.96551724,
20663861,aot,53442328.76190476,
20664579,aot,55545409.2,
20665753,aot,62150102.62135922,
20664731,aot,66081320.22857143,
20663467,aot,41446460.33009709,
20667050,aot,54459033.02352941,
20663654,aot,131665216.19444445,
20666990,aot,80692193.29508197,
20667093,aot,66464627.03174603,
20665694,aot,59610108.92,
20665618,aot,15383848.06542056,
20666967,aot,59093287.57,
20665927,aot,47234926.938271604,
20665480,aot,62074679.01204819,
20666432,aot,72345147.11428571,
20665569,aot,54501014.64772727,
20665109,aot,66850037.981132075,
20664488,aot,96813348.80392157,
20667921,aot,51410917.739583336,
20663809,aot,78030475.07142857,
20666291,aot,54945186.38613861,
20666688,aot,52139943.95061728,
20666585,aot,43375590.461538464,
20665870,aot,74655244.06666666,
20663895,aot,74115202.28787878,
20666237,aot,50162104.510416664,
20667063,aot,70425298.14666666,
20664452,aot,54757992.57692308,
20663866,aot,74439296.49090908,
20665680,aot,24450790.549763035,
20665296,aot,75089337.46511628,
20664557,aot,91049007.94642857,
20663863,aot,88016849.72916667,
20664620,aot,45960830.75,
20665802,aot,15523977.761565836,
20666328,aot,102212111.6111111,
20667008,aot,54914073.516666666,
20666181,aot,117454373.075,
20665742,aot,56355462.15789474,
20665858,aot,95481532.6226415,
20666527,aot,83093112.47692308,
20667171,aot,75850303.72857143,
20666503,aot,88841376.08,
20666717,aot,59167099.176470585,
20666866,aot,80671815.7090909,
20663960,aot,49062740.593495935,
20663878,aot,40469360.8359375,
20663862,aot,56219826.11111111,
20666785,aot,70851705.16049382,
20664581,aot,73573691.07142857,
20664580,aot,46849581.35344828,
20663655,aot,50788758.915662654,
20664732,aot,64645455.10958904,
20665754,aot,48471708.54310345,
20665928,aot,59176607.35,
20665619,aot,73637222.69090909,
20667051,aot,102853824.32,
20666968,aot,7617073.85203252,
20667094,aot,77399258.27692308,
20665481,aot,58906811.9125,
20666433,aot,63500088.46575342,
20663810,aot,48925072.67368421,
20666689,aot,124761378.45454545,
20666991,aot,85959102.02857143,
20666292,aot,62883250.10526316,
20665871,aot,66065397.21212121,
20665695,aot,64909085.260416664,
20663864,aot,56847248.11111111,
20665110,aot,90588364.65,
20663867,aot,42152236.942857146,
20666238,aot,77084020.42857143,
20665570,aot,67302011.73333333,
20667922,aot,62944120.89772727,
20663896,aot,60507375.10843374,
20664489,aot,66248348.68131868,
20667009,aot,71721414.29411764,
20666586,aot,53490737.35454545,
20667064,aot,80568681.58461538,
20665297,aot,47499632.627272725,
20665681,aot,94926429.09433962,
20666182,aot,64011498.558823526,
20666329,aot,37517856.95384616,
20664558,aot,85877062.53448276,
20666867,aot,39219931.333333336,
20665806,aot,59335180.71052632,
20664621,aot,57690779.010204084,
20666257,aot,100731818.76666667,
20665743,aot,62149091.026315786,
20663961,aot,64618811.57377049,
20666528,aot,77764033.3968254,
20665803,aot,112723399.25490196,
20666718,aot,66176060.671052635,
20666504,aot,134483335.83870968,
20667172,aot,114025283.91111112,
20663879,aot,83583766.54,
20664582,aot,36060108.14285714,
20663884,aot,57791351.12087912,
20666786,aot,56683181.47058824,
20665755,aot,53934030.55128205,
20663811,aot,23347226.843478262,
20666269,aot,46803745.666666664,
20667052,aot,65179506.016393445,
20663913,aot,75991740.71830986,
20665929,aot,55268470.654320985,
20664733,aot,72079614.35526316,
20667095,aot,53661722.535211265,
20665620,aot,70814913.20634921,
20666434,aot,44954663.64444444,
20666690,aot,38929779.0990099,
20666293,aot,56516969.83950617,
20666992,aot,130884813.1388889,
20664490,aot,58608050.73846154,
20665696,aot,62818206.10958904,
20666969,aot,135606486.925,
20665482,aot,97049107.01724137,
20663865,aot,20091339.54032258,
20666239,aot,54864140.67045455,
20663868,aot,86378767.78181818,
20665872,aot,120036511.9,
20663897,aot,38002027.64885496,
20667010,aot,41392425.74380165,
20666183,aot,57902987.112676054,
20665682,aot,71674339.14754099,
20665111,aot,72708768.3125,
20665298,aot,41397751.97560976,
20666258,aot,58477832.81690141,
20664559,aot,84198108.30909091,
20665571,aot,74846381.6875,
20666587,aot,98330168.25454545,
20663880,aot,42229809.02666666,
20667065,aot,97961899.72727273,
20666330,aot,102218160.67391305,
20665804,aot,33169948.595041323,
20667923,aot,28999367.56722689,
20665807,aot,71875378.71428572,
20666868,aot,102406671.83333333,
20666529,aot,43288251.873873875,
20664622,aot,58017589.91509434,
20663885,aot,13625047.73220339,
20663962,aot,62966216.63333333,
20666505,aot,56371295.569767445,
20665744,aot,73673148.6375,
20665756,aot,63375286.29230769,
20664583,aot,72292638.21686748,
20667173,aot,42505708.94771242,
20666719,aot,35391239.91052631,
20665930,aot,48869436.833333336,
20663914,aot,94120426.28301887,
20664734,aot,113504188.07317074,
20665621,aot,58518749.9868421,
20664491,aot,23616897.986486487,
20667053,aot,100892775.79245283,
20667096,aot,82803237.22950819,
20666435,aot,63943791.307692304,
20666270,aot,88773237.55882353,
20666787,aot,62419755.443478264,
20663812,aot,54154452.096,
20665483,aot,37681168.9137931,
20666240,aot,69175862.43396227,
20666351,aot,50357912.55681818,
20666970,aot,67726158.22727273,
20665873,aot,19349248.894117646,
20666184,aot,84838034.66666667,
20666588,aot,51586138.058823526,
20666294,aot,61909024.052083336,
20665299,aot,117863097.87878788,
20663869,aot,81289319.42424242,
20666331,aot,68200466.7,
20667066,aot,48857487.01111111,
20663881,aot,73623672.86885247,
20666691,aot,111085228.05714285,
20665697,aot,97578273.48571429,
20666993,aot,109987104.6984127,
20665805,aot,125201928.37142856,
20665683,aot,90384538.78461538,
20666869,aot,69183989.86153845,
20663963,aot,69331959.64285715,
20665572,aot,145723996.47368422,
20666259,aot,120826320.91304348,
20665808,aot,7829477.249639249,
20666530,aot,90758098.0,
20664560,aot,84757818.17142858,
20667011,aot,120495637.64150943,
20663898,aot,136438500.70588234,
20665112,aot,60811165.805309735,
20667924,aot,69134825.4516129,
20666506,aot,87705035.54545455,
20663886,aot,101009895.66037735,
20665931,aot,42354729.10227273,
20666271,aot,47519699.35714286,
20664623,aot,85094070.16176471,
20665745,aot,105163712.66037735,
20663819,aot,41809423.83950617,
20667174,aot,44655637.81415929,
20664584,aot,84676744.55384615,
20666720,aot,127600028.175,
20666788,aot,86462052.6521739,
20665757,aot,85051139.97435898,
20667097,aot,84648365.67272727,
20663813,aot,150937081.8846154,
20666241,aot,50076783.20512821,
20663915,aot,86281835.21212122,
20664735,aot,57112517.27184466,
20666589,aot,2825724.3136363635,
20665622,aot,70420095.91111112,
20666436,aot,55553718.88679245,
20666295,aot,48009881.25882353,
20666352,aot,33379927.20625,
20664492,aot,88222737.71052632,
20665484,aot,77396302.36619718,
20666971,aot,96291028.58333333,
20666185,aot,54044008.5882353,
20667067,aot,46301087.53947368,
20665698,aot,82410572.46511628,
20665706,aot,48417413.473684214,
20666692,aot,75385284.07272728,
20665573,aot,19779047.90526316,
20665684,aot,42368075.81632653,
20663882,aot,86984035.30357143,
20666260,aot,22697599.502890173,
20665874,aot,1051355.365861619,
20663870,aot,104739218.2909091,
20665300,aot,121108353.0,
20666994,aot,84325835.44827586,
20666332,aot,51453528.89814815,
20664561,aot,88517630.7826087,
20665113,aot,60008767.76056338,
20667012,aot,102200383.0,
20664624,aot,48375889.31818182,
20667925,aot,90517204.24,
20665932,aot,68931748.25,
20663964,aot,81618221.8974359,
20663887,aot,102083880.53658536,
20664585,aot,25912160.33082707,
20665809,aot,153381633.36842105,
20666507,aot,65981111.964705884,
20666531,aot,95666193.91176471,
20666272,aot,35505680.595744684,
20663899,aot,62502962.08737864,
20666870,aot,100778060.51428571,
20667098,aot,81204093.96078432,
20665758,aot,58458531.84615385,
20666721,aot,45656853.20689655,
20665623,aot,61297175.948275864,
20665746,aot,104888326.38095239,
20666242,aot,39013468.30534351,
20664736,aot,21807635.195833333,
20664493,aot,75397207.68627451,
20667175,aot,132970517.66666667,
20666789,aot,98115646.93650794,
20666437,aot,115158154.4736842,
20663820,aot,99017949.56410256,
20663814,aot,88169796.11428571,
20667068,aot,90988659.7826087,
20665485,aot,45338248.05555555,
20666296,aot,76304918.06153846,
20666972,aot,72613508.23287672,
20666186,aot,6139263.162191193,
20665699,aot,75954486.63076924,
20663883,aot,69926293.75409836,
20666353,aot,105382121.0,
20665574,aot,75605018.96721311,
20663916,aot,70318739.58095238,
20663871,aot,63953694.303030305,
20666261,aot,53223788.45348837,
20664562,aot,102506264.42857143,
20665301,aot,59299704.64102564,
20666995,aot,131417617.42424242,
20665707,aot,108922795.96078432,
20666333,aot,111139850.21052632,
20667013,aot,67636024.61904761,
20663888,aot,56049565.38181818,
20665875,aot,160089754.3548387,
20666693,aot,94048462.68181819,
20665114,aot,75821862.68571429,
20665685,aot,22448510.083601285,
20666590,aot,161342075.7826087,
20666532,aot,82917893.075,
20663965,aot,51123249.8125,
20665810,aot,122785224.25806452,
20666508,aot,80847506.10344827,
20664625,aot,81336510.3125,
20663900,aot,79290107.68181819,
20665933,aot,149459602.02857143,
20667926,aot,73946510.6,
20665759,aot,45077669.73469388,
20666273,aot,118759558.81395349,
20665624,aot,24167955.244897958,
20666871,aot,43111692.41059603,
20665747,aot,73294361.41666667,
20667099,aot,59410468.13186813,
20664494,aot,78781531.88235295,
20667176,aot,43533737.4,
20664586,aot,45872141.35582822,
20664737,aot,91250326.3125,
20663815,aot,38422567.73584906,
20665688,aot,62987125.9375,
20666243,aot,138462058.78787878,
20665486,aot,71177233.47272727,
20666297,aot,33457260.88429752,
20666722,aot,78667029.58974358,
20667069,aot,4767515.958823529,
20666438,aot,8818458.399659865,
20663821,aot,81817633.16666667,
20666334,aot,22191906.317880794,
20666973,aot,110458629.36585365,
20664587,aot,119772018.72727273,
20666790,aot,48336533.847826086,
20663917,aot,102374840.7826087,
20666354,aot,30871198.47191011,
20663889,aot,54189490.74666667,
20665700,aot,41652628.97241379,
20665876,aot,107267843.51515152,
20664563,aot,119843860.525,
20665575,aot,97364314.56363636,
20663872,aot,72822118.93421052,
20666694,aot,57090586.42253521,
20665708,aot,86748970.87272727,
20667014,aot,82741681.625,
20666533,aot,56722663.86153846,
20666262,aot,85345048.53846154,
20666996,aot,90311363.46031746,
20665115,aot,56814277.28205128,
20665811,aot,59112034.64285714,
20665302,aot,77965646.3372093,
20664626,aot,66138559.03076923,
20665686,aot,169206825.67857143,
20663966,aot,116929005.21052632,
20666591,aot,82637617.8030303,
20666509,aot,81167199.28301887,
20663901,aot,90353969.31707317,
20666872,aot,7995287.524630542,
20664497,aot,17348536.896713614,
20667100,aot,93148678.14285715,
20665934,aot,65090065.01428571,
20667177,aot,94593872.16666667,
20667927,aot,85985326.55555555,
20666274,aot,53182348.18,
20665760,aot,83470050.70588236,
20663816,aot,56517415.04,
20666723,aot,95240914.39473684,
20665689,aot,124124350.82857142,
20665748,aot,50253617.48695652,
20664495,aot,75319126.76315789,
20666974,aot,72703743.7,
20666726,aot,87818613.26153846,
20666335,aot,91144706.675,
20664738,aot,40436814.23178808,
20666298,aot,81484669.66153847,
20666244,aot,59929553.75,
20666439,aot,15677110.354666667,
20663822,aot,67415338.26315789,
20664588,aot,72053996.61764705,
20663918,aot,53035113.83529412,
20665576,aot,80030501.6744186,
20665487,aot,68260090.73684211,
20664564,aot,60500684.36923077,
20666275,aot,74587912.87878788,
20667070,aot,128034165.875,
20666263,aot,83680807.39583333,
20665116,aot,46386508.406976745,
20667015,aot,66009224.788732395,
20665709,aot,104900423.75555556,
20665877,aot,72455381.35211268,
20666355,aot,86128725.8095238,
20666695,aot,101751824.0,
20666534,aot,96759164.8125,
20663873,aot,76323221.29333334,
20666997,aot,26667406.62121212,
20665701,aot,78901687.37179486,
20666791,aot,86110031.51282051,
20666510,aot,53875419.266666666,
20666363,aot,53405251.94623656,
20666873,aot,110932589.9090909,
20664627,aot,56764800.3875,
20667101,aot,36227500.21904762,
20665303,aot,107212013.0625,
20666592,aot,58277653.43333333,
20663967,aot,67115651.60240965,
20664498,aot,111154714.13157895,
20665687,aot,68059678.57291667,
20665935,aot,124180157.86666666,
20665749,aot,56809819.842857145,
20663902,aot,102705634.32307692,
20664590,aot,80107106.14754099,
20667178,aot,56058454.54368932,
20665690,aot,88244935.29411764,
20666727,aot,59070550.957746476,
20667928,aot,28571892.022123896,
20665761,aot,75775292.9589041,
20663817,aot,77430426.7887324,
20666299,aot,59817286.85294118,
20666724,aot,49547530.923728816,
20666245,aot,56859723.26923077,
20664496,aot,60694339.25882353,
20663823,aot,89325703.71111111,
20666975,aot,72864016.26027398,
20666336,aot,63242447.333333336,
20664739,aot,117378763.41463415,
20665488,aot,78705964.8275862,
20663919,aot,96009495.52941176,
20665710,aot,7390862.912068966,
20666276,aot,76306660.27586207,
20664589,aot,58621255.65263158,
20666356,aot,90335526.0,
20666264,aot,66528687.14285714,
20665577,aot,43480086.233082704,
20666440,aot,143806759.80555555,
20664565,aot,74247639.05882353,
20667016,aot,54259885.177083336,
20666792,aot,25953942.76875,
20666696,aot,57437140.8,
20665878,aot,89121894.4590164,
20665117,aot,19196592.715189874,
20667071,aot,109976534.44827586,
20667102,aot,103884412.27777778,
20666511,aot,102679611.43478261,
20666998,aot,149201193.33333334,
20666364,aot,83605978.6984127,
20665702,aot,83382984.38235295,
20666593,aot,71724448.09523809,
20664499,aot,53882993.44705883,
20663968,aot,70963977.75384615,
20665304,aot,66400505.88888889,
20664566,aot,60688753.092307694,
20665936,aot,25573064.562091503,
20666535,aot,88983477.6117647,
20663874,aot,92634335.25,
20667179,aot,76924263.72,
20664628,aot,120343296.98214285,
20666728,aot,69838891.11320755,
20665691,aot,61827107.74285714,
20666300,aot,75962233.35416667,
20666874,aot,178686354.2368421,
20665750,aot,82664009.45,
20663824,aot,67500498.64705883,
20665762,aot,42942729.3963964,
20664591,aot,61436216.53684211,
20663903,aot,104096433.92857143,
20663818,aot,65163713.358024694,
20666976,aot,152341945.65384614,
20663920,aot,67956995.7735849,
20666725,aot,102056438.04,
20667929,aot,85605625.20588236,
20666246,aot,91277757.16393442,
20666337,aot,71877223.61842105,
20666538,aot,22551596.85221675,
20666697,aot,97215859.51515152,
20666277,aot,108301084.44186047,
20664740,aot,96790083.83333333,
20665712,aot,107302558.65789473,
20667001,aot,141163603.3125,
20665489,aot,53080403.25862069,
20667017,aot,102046572.225,
20666441,aot,104077885.97916667,
20666360,aot,88063383.95081967,
20666265,aot,75494498.70422535,
20665118,aot,72109952.48275863,
20665711,aot,146040501.48387095,
20666357,aot,68984362.10588235,
20665879,aot,44861794.083333336,
20667103,aot,67857826.4,
20666999,aot,41023265.531531535,
20667072,aot,89998521.49090908,
20666793,aot,109262736.01960784,
20666512,aot,93305326.23529412,
20666594,aot,58582530.790123455,
20665703,aot,42454242.603174604,
20664567,aot,52519694.22727273,
20665305,aot,40563186.67768595,
20663969,aot,23210023.78508772,
20666365,aot,102093446.6724138,
20666875,aot,43307268.225,
20666301,aot,75160450.875,
20664629,aot,60247452.12328767,
20666536,aot,62929159.4625,
20663875,aot,61220193.906976745,
20665692,aot,57868085.16,
20665751,aot,48396223.65909091,
20667180,aot,56468733.1978022,
20665937,aot,80627278.07142857,
20665953,aot,58540726.36363637,
20665882,aot,56189483.48214286,
20663825,aot,67508110.3030303,
20664781,aot,62390765.98039216,
20663904,aot,72466494.16363636,
20665763,aot,73101255.31666666,
20666729,aot,5232952.261174409,
20664592,aot,87336838.15873016,
20666977,aot,63741045.41860465,
20666278,aot,76969940.33962265,
20666442,aot,68318252.68,
20666247,aot,86442789.08333333,
20667930,aot,79630829.72058824,
20666338,aot,81917601.26229508,
20665119,aot,36336784.445544556,
20666358,aot,58083537.018181816,
20667002,aot,112603237.14285715,
20663921,aot,85083002.78947368,
20666539,aot,103948426.64,
20664741,aot,22404678.109375,
20665976,aot,39034120.16528925,
20665490,aot,18953770.59352518,
20666698,aot,67743689.15294118,
20665713,aot,70816352.6025641,
20666361,aot,23742726.21491228,
20667018,aot,76911346.52857143,
20667104,aot,100174872.28888889,
20666513,aot,80025156.52083333,
20665880,aot,106711333.82608695,
20666266,aot,66625942.55555555,
20666595,aot,48599552.4,
20665704,aot,73181642.26415095,
20666794,aot,42953697.46341463,
20665938,aot,69017913.93023255,
20667073,aot,112846388.77083333,
20667000,aot,72756845.79518072,
20663876,aot,53245687.17333333,
20666302,aot,54118274.04705882,
20666537,aot,69996274.1147541,
20666366,aot,79429012.0,
20664568,aot,50567332.5862069,
20663970,aot,127326181.73684211,
20664630,aot,59738754.09411765,
20665764,aot,59359210.75714286,
20665954,aot,3805763.0142857144,
20663826,aot,92421947.1,
20665752,aot,86117590.8275862,
20665883,aot,76343313.39393939,
20667181,aot,72434270.91428572,
20665693,aot,88668648.24590164,
20666876,aot,110875357.43636364,
20665306,aot,84302835.13580246,
20666730,aot,133172034.58064516,
20663905,aot,80544928.16176471,
20666443,aot,102187810.77419356,
20666339,aot,49369428.61290322,
20666978,aot,97980387.23529412,
20664782,aot,88758681.3,
20667003,aot,39697651.71551724,
20665120,aot,66831687.23287671,
20667931,aot,72980748.6,
20663922,aot,116023904.34210527,
20663877,aot,68078159.67032968,
20665491,aot,100836956.0,
20666248,aot,58717587.08421053,
20666279,aot,54986703.054545455,
20666540,aot,77451381.0,
20666699,aot,47284375.5754717,
20664742,aot,87196509.69642857,
20665714,aot,56758351.81395349,
20667019,aot,61704925.209876545,
20665705,aot,47628167.79069767,
20666359,aot,150214702.41860464,
20667105,aot,97737559.49019608,
20666514,aot,71500992.24285714,
20666795,aot,76543916.13725491,
20666362,aot,130087595.68292683,
20666596,aot,82161727.8275862,
20665881,aot,80859516.16666667,
20666267,aot,110954751.6744186,
20664640,aot,5680100.473479948,
20665939,aot,32816489.410958905,
20665977,aot,158620916.85,
20663827,aot,64092843.941176474,
20666303,aot,24249479.38172043,
20667500,aot,78936170.68627451,
20665955,aot,96354916.77419356,
20667074,aot,30580497.612903226,
20665715,aot,70104510.91780822,
20664634,aot,76673939.44,
20665884,aot,95530135.42222223,
20666367,aot,7605360.547019867,
20664757,aot,18802403.939285714,
20666444,aot,56045993.93650793,
20667113,aot,9913018.637383178,
20663906,aot,57922582.24657534,
20666731,aot,34938012.7037037,
20665307,aot,60107047.11111111,
20666877,aot,120424767.30232558,
20666738,aot,18465697.882697947,
20664631,aot,76433826.04210526,
20667932,aot,77560732.6521739,
20664828,aot,36727783.83783784,
20663971,aot,81672658.84375,
20666541,aot,73522190.3478261,
20666700,aot,72027844.25,
20664783,aot,31186600.827814568,
20667182,aot,159051658.37209302,
20663923,aot,55757094.07058824,
20665121,aot,89367754.70833333,
20666796,aot,62505086.780487806,
20667004,aot,90024075.42,
20666280,aot,5835719.161016949,
20666340,aot,111869323.08,
20665492,aot,82866073.39344262,
20666979,aot,71920766.6744186,
20664743,aot,65342521.91549296,
20667020,aot,124147318.2,
20666249,aot,19101111.717791412,
20665941,aot,65241067.222222224,
20666268,aot,94502492.13953489,
20665940,aot,140613806.26923078,
20665947,aot,50456308.13,
20663831,aot,47883804.4368932,
20667106,aot,25629662.91904762,
20665156,aot,116666254.5,
20665956,aot,78337260.0,
20667501,aot,45596393.6875,
20664851,aot,72736353.70512821,
20663828,aot,66725435.294117644,
20663837,aot,83543054.33802816,
20667075,aot,186893061.95238096,
20665978,aot,101377700.9245283,
20666597,aot,80964944.05263157,
20664641,aot,124233932.73170732,
20666304,aot,109189141.49056605,
20667114,aot,72811881.03448276,
20666445,aot,113684019.03030303,
20664758,aot,101829323.6,
20663907,aot,79786740.39285715,
20665885,aot,43395107.68461538,
20664829,aot,81948984.66666667,
20666368,aot,120739071.8611111,
20666878,aot,58213643.10526316,
20664632,aot,13014964.686567165,
20665716,aot,118545370.05357143,
20665308,aot,114190982.58695652,
20667933,aot,43985023.66019417,
20664635,aot,93342051.98630136,
20666732,aot,124456775.3255814,
20665122,aot,61160163.18461538,
20666341,aot,41526829.45263158,
20667183,aot,74940669.92307693,
20663924,aot,67436624.8235294,
20666739,aot,161346828.91428572,
20664784,aot,72603087.27142857,
20666797,aot,33720281.8627451,
20663972,aot,100908754.78571428,
20666542,aot,47498156.809523806,
20667005,aot,112222855.13043478,
20666980,aot,42438957.13513514,
20666701,aot,108400588.70588236,
20664744,aot,49531043.135416664,
20666369,aot,38113901.70860927,
20665948,aot,85866313.04444444,
20665493,aot,81086294.23076923,
20665132,aot,94947864.02083333,
20665942,aot,56573765.870588236,
20665157,aot,51221329.45783132,
20665957,aot,79486972.90196079,
20663832,aot,44422739.958333336,
20663838,aot,91774441.825,
20667107,aot,91616504.23636363,
20667502,aot,77503431.06666666,
20668625,aot,95254136.46666667,
20666250,aot,138963376.71052632,
20664852,aot,63361975.397435896,
20667021,aot,80995030.6117647,
20665979,aot,43731718.75221239,
20666598,aot,60644854.82795699,
20666446,aot,66652236.67142857,
20663908,aot,56246135.5625,
20666305,aot,100932905.41304348,
20667934,aot,25466811.80821918,
20664830,aot,50233389.08888889,
20663829,aot,71850748.55913979,
20665886,aot,40796588.050847456,
20664759,aot,95704943.22,
20667076,aot,97366551.48529412,
20664642,aot,89913277.34285714,
20665123,aot,64213972.50909091,
20666733,aot,68196520.30357143,
20667115,aot,143489244.825,
20666879,aot,61463424.406976745,
20663973,aot,20146700.15068493,
20666342,aot,69531985.78431372,
20664636,aot,63504798.07692308,
20664633,aot,97749539.13207547,
20667184,aot,32286143.320610687,
20665717,aot,75959954.48529412,
20665950,aot,111876512.6875,
20665309,aot,201417724.04347825,
20666798,aot,99298243.45454545,
20666740,aot,41526171.65740741,
20665494,aot,7914009.162637362,
20666702,aot,22616839.64516129,
20664745,aot,80908315.42,
20666981,aot,95777301.8888889,
20664785,aot,101157335.05660377,
20666543,aot,78575279.98484848,
20667006,aot,53250795.37837838,
20665949,aot,58480881.63736264,
20667503,aot,57207594.85,
20665133,aot,102118016.68888889,
20665943,aot,45306661.75,
20663925,aot,72427476.8265306,
20666370,aot,68323801.56976745,
20663833,aot,64709673.5882353,
20665958,aot,46052986.78761062,
20667108,aot,57903616.421052635,
20665158,aot,86558648.96825397,
20668626,aot,33837819.91724138,
20665980,aot,113438360.03571428,
20663839,aot,58052087.32258064,
20666447,aot,48488717.08974359,
20664853,aot,97553731.9245283,
20665124,aot,16474633.71707317,
20666251,aot,117864691.10416667,
20667022,aot,50270951.198275864,
20663909,aot,87297290.47916667,
20666734,aot,70084418.92,
20667116,aot,78463750.3030303,
20664831,aot,62255402.08450704,
20664760,aot,61767610.57534247,
20663830,aot,92921908.25490196,
20666306,aot,50518185.281553395,
20666599,aot,70351909.25925925,
20663974,aot,70608421.28571428,
20666343,aot,46065636.746987954,
20667077,aot,58965022.58888889,
20664637,aot,55359151.525,
20665887,aot,132826869.025,
20667935,aot,71427503.84705882,
20664643,aot,61862942.47959184,
20667185,aot,100048955.2173913,
20666880,aot,113540850.35555555,
20666609,aot,56988135.94623656,
20666799,aot,51040853.447916664,
20665507,aot,66337753.03076923,
20664746,aot,24726953.36309524,
20663834,aot,56660937.33962264,
20665951,aot,95063376.18571429,
20666544,aot,41722808.22727273,
20667312,aot,54292966.06666667,
20666741,aot,81867587.74358974,
20665310,aot,5784412.131904369,
20666345,aot,93529008.77333333,
20665495,aot,172023319.25714287,
20663926,aot,62015542.0,
20665134,aot,79366573.98214285,
20664786,aot,66326938.08235294,
20667504,aot,60198216.71084338,
20666982,aot,75442479.35802469,
20665159,aot,45410559.36666667,
20665959,aot,83825763.79310344,
20666252,aot,29219570.172727272,
20668627,aot,138302721.32258064,
20664832,aot,54643970.64705882,
20666735,aot,59387494.39285714,
20664854,aot,77307192.38,
20666371,aot,110622796.55357143,
20665981,aot,51649633.533980586,
20667023,aot,91312473.88372093,
20667117,aot,37776258.52830189,
20664761,aot,75886565.97777778,
20664638,aot,95401630.22666667,
20663840,aot,82250524.12121212,
20667109,aot,65180336.45263158,
20666307,aot,67215939.32,
20666448,aot,67058446.625,
20665944,aot,93294989.65384616,
20666344,aot,113849083.25806452,
20663910,aot,82230610.89393939,
20666600,aot,68536669.6,
20665508,aot,67146661.6,
20663975,aot,107510550.36956522,
20666316,aot,36068763.04444444,
20665125,aot,146509651.93023255,
20664644,aot,100931278.25,
20665888,aot,78754898.46666667,
20669000,aot,105104815.06666666,
20666881,aot,119921195.97560975,
20666322,aot,87735450.63235295,
20666800,aot,75679817.16666667,
20667313,aot,88561352.23684211,
20666610,aot,58920967.244186044,
20666545,aot,56236892.86153846,
20663835,aot,28606846.215686273,
20667936,aot,71104039.18681319,
20664747,aot,97908692.32075472,
20667186,aot,85968984.16438356,
20665952,aot,71574631.81034483,
20666742,aot,99233525.93023255,
20667505,aot,74404153.31372549,
20665960,aot,81257961.4,
20665496,aot,140184100.0909091,
20663927,aot,61639432.3375,
20665311,aot,106698551.7173913,
20665160,aot,65323251.77142857,
20665135,aot,52343841.0,
20664833,aot,77239375.2173913,
20666253,aot,74347229.24,
20666346,aot,81236305.24657534,
20666983,aot,66690620.60240964,
20664787,aot,81862873.47142857,
20666736,aot,50427670.145833336,
20667024,aot,95079941.6744186,
20666308,aot,83050030.4528302,
20664762,aot,74549177.39393939,
20667118,aot,67832007.75,
20665982,aot,85705506.04615384,
20664639,aot,100409499.56,
20666372,aot,93675773.95081967,
20663841,aot,96775413.13207547,
20668628,aot,107359018.17857143,
20666601,aot,57943892.75384615,
20666449,aot,111565243.30434783,
20664855,aot,73940620.6235294,
20666317,aot,54132369.77941176,
20663911,aot,45300540.054545455,
20666882,aot,68188114.63414635,
20664645,aot,38472150.89814815,
20667110,aot,104215549.85,
20665945,aot,104431830.5,
20667119,aot,97564437.78333333,
20665889,aot,67607153.81428571,
20665509,aot,70856762.37349397,
20667187,aot,27598422.08,
20667314,aot,67280158.36666666,
20669001,aot,56764200.37037037,
20663976,aot,87381980.08823529,
20665126,aot,89783383.65079366,
20666323,aot,74683893.86885247,
20666801,aot,25643685.708737865,
20666743,aot,48710693.32098766,
20667937,aot,79478758.0,
20666611,aot,45218337.648,
20665961,aot,38177125.99029126,
20666546,aot,71643926.34615384,
20664836,aot,59733572.48,
20665497,aot,74872722.3275862,
20665312,aot,138852767.92857143,
20664839,aot,88444142.61904761,
20667506,aot,88974261.65517241,
20663836,aot,126000843.7826087,
20663928,aot,47900556.423423424,
20665136,aot,77659686.8852459,
20666347,aot,34075649.51748252,
20664834,aot,73774851.87671232,
20664748,aot,121042721.77049181,
20665161,aot,99387591.63636364,
20666254,aot,72408523.87179486,
20667025,aot,46426169.54,
20664788,aot,80551397.98484848,
20666373,aot,36375761.36936937,
20668812,aot,63938507.57746479,
20665946,aot,97496861.70967741,
20666602,aot,71470724.07936507,
20668629,aot,77506566.93333334,
20664856,aot,45873274.941747576,
20667120,aot,53058828.97058824,
20663842,aot,98825974.28,
20666318,aot,81328761.86792453,
20666450,aot,88990169.0,
20669187,aot,74728763.25333333,
20666737,aot,132896534.20833333,
20664763,aot,94202158.01538461,
20666309,aot,81787824.94736843,
20665127,aot,48556071.11764706,
20664646,aot,44805391.64864865,
20667111,aot,72352833.01538461,
20665890,aot,113629074.8611111,
20666883,aot,44054686.44444445,
20666324,aot,64994849.196428575,
20663912,aot,79976855.55714285,
20665983,aot,78885751.21686748,
20667188,aot,93122937.73684211,
20666802,aot,62474581.307692304,
20667315,aot,85249321.81666666,
20667938,aot,57656776.28,
20669002,aot,91676316.37704918,
20665510,aot,79491840.06666666,
20664837,aot,84916728.13953489,
20663977,aot,71824457.6875,
20665498,aot,47358486.77906977,
20664840,aot,56678028.59154929,
20665962,aot,103680967.0,
20666612,aot,103754251.91111112,
20664789,aot,56267905.45,
20664749,aot,25726623.874074075,
20665137,aot,63233297.75409836,
20665313,aot,24600203.54028436,
20665162,aot,65025910.36,
20666744,aot,136291844.10869566,
20666547,aot,80223976.96969697,
20666348,aot,138136679.84,
20667507,aot,80530269.36619718,
20664804,aot,46290567.43089431,
20663929,aot,98063038.47058824,
20666603,aot,47086873.32,
20664835,aot,70823812.61445783,
20666374,aot,111136774.08888888,
20667121,aot,67094180.04545455,
20667189,aot,82889455.22857143,
20666255,aot,86791108.46575342,
20667123,aot,17575299.05078125,
20667112,aot,61132445.37704918,
20667026,aot,88541609.19178082,
20665984,aot,43209422.641975306,
20668813,aot,64379238.53409091,
20664857,aot,120913826.3611111,
20666451,aot,70646629.92,
20669188,aot,79851511.82539682,
20665964,aot,126251663.93333334,
20665891,aot,82885199.47272727,
20664764,aot,79832733.33846153,
20668630,aot,75013452.8,
20667122,aot,96369959.34920634,
20664647,aot,69063513.67123288,
20666325,aot,91098560.44,
20664031,aot,138768766.63043478,
20666310,aot,80231613.50684932,
20667316,aot,40852042.99115044,
20667939,aot,85286578.4375,
20665128,aot,103007592.86666666,
20665499,aot,46566353.67469879,
20663978,aot,36286797.983333334,
20665511,aot,81257035.23333333,
20666884,aot,180286804.32258064,
20665963,aot,5733001.481166464,
20669003,aot,92784364.98181818,
20666319,aot,178361449.19512194,
20666548,aot,40767303.284210525,
20665314,aot,40723326.106796116,
20664841,aot,61338508.1627907,
20666803,aot,159253064.80487806,
20664790,aot,51122523.36,
20666349,aot,55303320.75342466,
20664750,aot,115947693.65,
20666613,aot,80402091.54411764,
20663930,aot,58813096.794117644,
20665138,aot,98959998.98,
20666604,aot,84982514.91666667,
20665163,aot,72873058.34285714,
20667508,aot,104177528.37209302,
20664838,aot,56998718.96,
20664805,aot,110656958.2826087,
20666745,aot,132234075.67391305,
20666890,aot,82280729.60465117,
20668814,aot,68529165.88333334,
20663931,aot,54482777.11764706,
20669189,aot,48668464.82716049,
20669281,aot,31669594.40397351,
20668631,aot,35696428.06481481,
20667027,aot,60490469.4625,
20667124,aot,79124086.28333333,
20665892,aot,94262308.11627907,
20665965,aot,11981738.884910487,
20666256,aot,52471830.90740741,
20664858,aot,82189787.8852459,
20664032,aot,53698392.118421055,
20665500,aot,65856239.2,
20665129,aot,63737043.957746476,
20667190,aot,62372592.50526316,
20664765,aot,58282240.825581394,
20665985,aot,108713953.0909091,
20666313,aot,91801624.9125,
20666326,aot,34372165.50684932,
20667940,aot,53882904.2125,
20664648,aot,70959052.78082192,
20666311,aot,57477693.15789474,
20665130,aot,76809794.46031746,
20666452,aot,96070432.59154929,
20664663,aot,55372258.51282051,
20665512,aot,102291734.86046511,
20663979,aot,167126958.03333333,
20667317,aot,82589471.1971831,
20666885,aot,6188392.274853801,
20669004,aot,54058620.29545455,
20665131,aot,62462889.31034483,
20666549,aot,101688160.51162791,
20665139,aot,71956926.05882353,
20666804,aot,99554455.35,
20664791,aot,64166031.14754099,
20666320,aot,71374457.26315789,
20666350,aot,69642477.15,
20664842,aot,85927690.67272727,
20666605,aot,82662923.0,
20665315,aot,95671909.41509435,
20666614,aot,69862654.3076923,
20664751,aot,60987221.43956044,
20666746,aot,87065792.82608695,
20664806,aot,75562630.08928572,
20664845,aot,86958589.6226415,
20665164,aot,56605108.21,
20667509,aot,103083260.0909091,
20668632,aot,110504693.0,
20668815,aot,57571523.5890411,
20665893,aot,41694767.025,
20669282,aot,123974604.0,
20667191,aot,25908088.00763359,
20669190,aot,107628804.91111112,
20664033,aot,63921605.52941176,
20663932,aot,70082454.38461539,
20666891,aot,124849891.86274509,
20669328,aot,63014030.71830986,
20665966,aot,89691548.62745099,
20666314,aot,62374018.81818182,
20665501,aot,83442402.93333334,
20666550,aot,56455736.71590909,
20664657,aot,59898665.96825397,
20667028,aot,65067091.44210526,
20665513,aot,37967948.32954545,
20665986,aot,98949493.02,
20664859,aot,51477592.58181818,
20664766,aot,102611597.33333333,
20664651,aot,23845316.13043478,
20666606,aot,2850490.692109777,
20664792,aot,53863226.26415094,
20665894,aot,47804484.55384615,
20667941,aot,50545899.15238095,
20664649,aot,64215002.64705882,
20669005,aot,77611788.91666667,
20666327,aot,88477006.70769231,
20667318,aot,86856185.93333334,
20666312,aot,92135433.76785715,
20666453,aot,35664851.21472393,
20665140,aot,53217316.04651163,
20664664,aot,88893995.52307692,
20663980,aot,60672621.593406595,
20666805,aot,41105557.85950413,
20666747,aot,65303874.0,
20666819,aot,63612273.21917808,
20666321,aot,107883468.62790698,
20665316,aot,111793495.925,
20666615,aot,78255116.4262295,
20664752,aot,31396577.0472973,
20664843,aot,108314666.37254901,
20667510,aot,27771131.47260274,
20664807,aot,67396262.46478873,
20666886,aot,156513815.85,
20664846,aot,58547535.36046512,
20666456,aot,40463026.25,
20667192,aot,68871057.54166667,
20666892,aot,44429332.34883721,
20668633,aot,34239451.442307696,
20665165,aot,39466327.584337346,
20669191,aot,81056741.70588236,
20664034,aot,26519921.825301204,
20669283,aot,42413642.45185185,
20664863,aot,65479407.34408602,
20669329,aot,83025205.51666667,
20665502,aot,60326843.24657534,
20665514,aot,67704615.48333333,
20668816,aot,141053378.76744187,
20663933,aot,108225524.21568628,
20666551,aot,72559864.68253969,
20669006,aot,84971677.43902439,
20667942,aot,78135680.74,
20666315,aot,43492594.5546875,
20664767,aot,76846397.29310344,
20665967,aot,99357495.7254902,
20665987,aot,49005769.14851485,
20664793,aot,84254942.39215687,
20664860,aot,88390721.35,
20667319,aot,96229050.8,
20664665,aot,49983109.5,
20664650,aot,57872041.95180723,
20666607,aot,140297377.3043478,
20663984,aot,50022588.09375,
20664652,aot,129721592.05263157,
20666454,aot,42681202.94059406,
20665895,aot,95485213.875,
20667029,aot,91729345.26760563,
20664658,aot,125940382.9,
20665317,aot,48515482.17283951,
20664844,aot,25052692.763513513,
20664007,aot,83863636.41176471,
20666806,aot,82676938.7,
20666616,aot,2842373.819526627,
20666820,aot,87773625.56363636,
20665141,aot,67315482.56626506,
20663981,aot,63284770.24705882,
20664754,aot,52145620.811881185,
20664753,aot,83551055.3018868,
20664847,aot,73848534.22,
20664808,aot,58137701.4868421,
20667193,aot,97276117.27777778,
20666457,aot,11959764.50909091,
20666748,aot,66488924.86666667,
20666887,aot,78388105.75757575,
20669192,aot,73152953.48214285,
20668634,aot,109541208.76315789,
20666893,aot,64988314.464788735,
20667511,aot,85240097.1125,
20664864,aot,56960370.788732395,
20669284,aot,179975232.08,
20665503,aot,46604818.77906977,
20664035,aot,111503779.18604651,
20666831,aot,52035384.37142857,
20665988,aot,50301125.89534884,
20664794,aot,69817423.17857143,
20664768,aot,62829516.36986301,
20665515,aot,70805724.21052632,
20663934,aot,21149570.887218047,
20665968,aot,36366635.29370629,
20666552,aot,71326764.6375,
20669330,aot,111976906.6226415,
20668817,aot,101275524.6,
20663985,aot,54131912.49411765,
20664653,aot,55996020.12048193,
20667943,aot,65514856.204301074,
20667320,aot,80575599.31147541,
20664861,aot,102377382.52083333,
20664666,aot,62188930.38823529,
20669007,aot,31831363.241860464,
20665318,aot,11154452.763546798,
20664659,aot,70899668.25757575,
20665343,aot,72963140.46575342,
20664078,aot,62537590.49230769,
20666608,aot,84257831.78787878,
20665166,aot,37672274.47210301,
20665896,aot,48533493.79090909,
20666807,aot,129335053.41935484,
20665142,aot,30992889.594405595,
20667030,aot,106691435.23636363,
20666455,aot,147065950.85,
20664008,aot,84340926.6031746,
20664809,aot,92153923.4,
20663982,aot,129531183.025,
20666821,aot,63947715.10465116,
20664848,aot,92675698.3018868,
20666617,aot,129251546.17857143,
20667194,aot,103352166.84444444,
20666749,aot,29448855.63576159,
20666458,aot,169827128.39285713,
20664755,aot,76141362.5625,
20668635,aot,102838365.2,
20666894,aot,51437861.27272727,
20666913,aot,122540171.28571428,
20666888,aot,15508631.81728395,
20665504,aot,55999168.71428572,
20669193,aot,132288417.06666666,
20665516,aot,63702749.21311475,
20669285,aot,66032770.125,
20664865,aot,53485054.584070794,
20667512,aot,133382310.73913044,
20664862,aot,35995900.98795181,
20664795,aot,26065762.897849463,
20664036,aot,68794457.78313252,
20668818,aot,51175551.307692304,
20665989,aot,84820604.21666667,
20663986,aot,85766127.4,
20664769,aot,64292943.54651163,
20664654,aot,72917752.68852459,
20666553,aot,44909165.3,
20666832,aot,105967126.5,
20666808,aot,9307019.308390023,
20665969,aot,136600235.7222222,
20669008,aot,106681362.87804878,
20664660,aot,42303962.2972973,
20665344,aot,45156409.216981135,
20663935,aot,108038816.22,
20667944,aot,54900582.87128713,
20665319,aot,113095470.48780487,
20664667,aot,42021467.032,
20665167,aot,162548836.34615386,
20665897,aot,94979471.33333333,
20669331,aot,94024329.4,
20665143,aot,104091381.68421052,
20664775,aot,106772462.17391305,
20666618,aot,88541162.08333333,
20667321,aot,67630390.8631579,
20664849,aot,62516013.61904762,
20665517,aot,45627377.8,
20664810,aot,106571150.1627907,
20664009,aot,81554204.21428572,
20666822,aot,28436006.122699387,
20664079,aot,41379099.37423313,
20666825,aot,63541754.18072289,
20666914,aot,30952500.31,
20663983,aot,85860328.22727273,
20664756,aot,54047054.10465116,
20665519,aot,101051329.73770492,
20666895,aot,80518765.90566038,
20667195,aot,58659409.70754717,
20668636,aot,59591453.204301074,
20666459,aot,106750223.39655173,
20669194,aot,76185017.4,
20666889,aot,105248191.8,
20669286,aot,70347105.86666666,
20664796,aot,105918498.425,
20669009,aot,53688783.016666666,
20664675,aot,81277642.61428571,
20667513,aot,73950633.30666667,
20665505,aot,69271524.20430107,
20664866,aot,97059870.35849057,
20666809,aot,110882381.46428572,
20665970,aot,66345455.827586204,
20667945,aot,74653778.62222221,
20664661,aot,63722222.836065575,
20664770,aot,59706256.575,
20666554,aot,51811190.95604396,
20664681,aot,65202833.36263736,
20668819,aot,38158935.60810811,
20663987,aot,59175396.51111111,
20664668,aot,47362478.45,
20664037,aot,84587716.50684932,
20664655,aot,72624759.26027398,
20665990,aot,99560861.21666667,
20669332,aot,57092847.94736842,
20665898,aot,95228606.06521739,
20665518,aot,32740884.860869564,
20665345,aot,83996012.50819673,
20665320,aot,77777457.29230769,
20666833,aot,4875859.259259259,
20665144,aot,83060501.8,
20666619,aot,109924248.90243903,
20664776,aot,72964798.0,
20667322,aot,147523632.3,
20663936,aot,58731899.07619048,
20664850,aot,52194986.75824176,
20665168,aot,97004630.39344262,
20664080,aot,118546437.8888889,
20664811,aot,66047719.04938272,
20664678,aot,106964639.44444445,
20666915,aot,10495640.622718053,
20664010,aot,38980001.078431375,
20666826,aot,108403116.52,
20666823,aot,107349713.56,
20665520,aot,56477025.6625,
20664656,aot,53203718.524752475,
20667196,aot,62906053.77941176,
20666896,aot,83503122.53571428,
20666460,aot,65758034.05479452,
20669195,aot,67195730.61971831,
20668637,aot,92290426.0,
20669287,aot,80985725.56363636,
20667946,aot,68219316.3125,
20665506,aot,68041918.75,
20664038,aot,59516549.18461538,
20664054,aot,102635190.36363636,
20663988,aot,13235124.417910447,
20668820,aot,58454126.28205128,
20664042,aot,54378848.07692308,
20664867,aot,63173748.05,
20664662,aot,94588008.22,
20665971,aot,84301537.63333334,
20664797,aot,119596432.66,
20664682,aot,70200686.10666667,
20666620,aot,60292266.33928572,
20664771,aot,88585702.55737706,
20665991,aot,73650703.85245901,
20669010,aot,65588235.479166664,
20666555,aot,5862431.575,
20664676,aot,71999581.6627907,
20664798,aot,45996443.093333334,
20664669,aot,71346651.18421052,
20665346,aot,57685895.3375,
20665145,aot,65365491.72857143,
20667514,aot,136594351.24,
20665321,aot,77850798.53846154,
20665169,aot,69330327.70491803,
20669333,aot,91646846.15,
20666810,aot,103236645.30882353,
20668718,aot,229643377.52,
20665900,aot,37534448.42748091,
20665899,aot,74207947.975,
20667323,aot,50610045.84466019,
20664679,aot,77239833.88235295,
20664777,aot,62831830.04705882,
20666827,aot,51175578.23943662,
20666834,aot,2218938.281032078,
20664812,aot,58714156.256410256,
20664081,aot,47279809.026086956,
20666916,aot,192428249.6,
20665521,aot,53896033.64705882,
20664011,aot,123740415.56097561,
20666824,aot,76802701.90163934,
20666461,aot,42930417.625,
20669093,aot,99280661.14,
20668638,aot,86267545.02325581,
20666897,aot,68209822.28767124,
20667197,aot,89130340.3015873,
20667947,aot,28963186.68,
20669196,aot,72846811.64383562,
20669288,aot,91705156.25454545,
20664684,aot,70641743.96,
20664101,aot,43343120.12962963,
20664670,aot,41819178.686746985,
20669011,aot,18360319.244131457,
20664055,aot,26254936.84,
20664868,aot,69807249.39393939,
20665146,aot,60952062.9245283,
20668821,aot,39614652.330827065,
20664772,aot,65543738.02857143,
20665347,aot,66357352.55384615,
20664043,aot,57697286.97894737,
20665972,aot,67617060.47435898,
20664683,aot,81513502.53333333,
20665322,aot,104120659.5263158,
20664039,aot,66064886.421052635,
20666621,aot,56472570.307692304,
20669334,aot,76764086.78,
20664113,aot,113325811.67391305,
20664677,aot,27007391.254807692,
20665992,aot,57516477.75,
20666556,aot,95377996.56,
20666828,aot,90524667.8,
20667515,aot,49207064.59,
20664799,aot,112251321.8,
20664778,aot,69304843.43103448,
20664816,aot,85782307.12,
20664813,aot,79174670.39215687,
20663989,aot,184899168.19444445,
20666835,aot,195193490.3888889,
20665170,aot,80501866.5909091,
20668719,aot,108328737.22916667,
20665901,aot,34277620.461538464,
20667324,aot,69798508.10666667,
20666811,aot,97668923.96428572,
20664680,aot,88128585.81666666,
20666917,aot,92422794.60377358,
20664082,aot,65526949.144578315,
20667198,aot,56762166.02816901,
20666898,aot,67595472.98333333,
20668639,aot,81817840.17857143,
20664066,aot,62505902.61445783,
20669094,aot,92168093.86274509,
20665522,aot,121564070.19565217,
20664012,aot,126845956.15555556,
20669289,aot,51388703.81333333,
20667948,aot,133352980.5,
20666462,aot,118678956.97777778,
20665147,aot,56745288.76923077,
20669197,aot,57273496.55789474,
20664685,aot,58052635.755813956,
20665348,aot,49879550.0,
20664102,aot,71461742.80821918,
20664671,aot,59450568.174418606,
20669012,aot,98675060.82,
20664056,aot,70302502.35616438,
20664869,aot,62418842.96511628,
20664773,aot,80196638.60655738,
20668822,aot,149523482.06451613,
20664040,aot,66573989.794117644,
20669335,aot,66224196.58461539,
20666622,aot,101157855.575,
20667516,aot,84045705.63043478,
20665323,aot,53612456.0,
20664044,aot,73768968.95714286,
20664107,aot,60792341.078947365,
20665171,aot,59544304.51724138,
20664800,aot,71821987.01587301,
20664779,aot,78081589.64788732,
20664114,aot,41826111.047619045,
20666829,aot,62927725.60526316,
20666901,aot,96651200.8125,
20665973,aot,63495121.65,
20666557,aot,119958925.31707317,
20664814,aot,80729552.62068966,
20663990,aot,78305327.74242425,
20664817,aot,54619622.20388349,
20666918,aot,54045597.05263158,
20665902,aot,148688119.33333334,
20666812,aot,99217550.58490565,
20666836,aot,87204799.30882353,
20666899,aot,59887512.13636363,
20664083,aot,76021608.60344827,
20667325,aot,95736290.21311475,
20665993,aot,121318347.86666666,
20668720,aot,80260333.07407407,
20666463,aot,46807772.78947368,
20669290,aot,72926926.10909091,
20669095,aot,68261384.41269842,
20664013,aot,57546749.57333333,
20666559,aot,81365488.4625,
20667199,aot,8775072.320388349,
20665523,aot,62786567.40789474,
20664067,aot,44204617.80434783,
20665148,aot,60991383.49180328,
20668640,aot,78338734.08433735,
20667949,aot,50076894.96396396,
20669198,aot,74439459.8923077,
20665324,aot,60549090.81132075,
20664686,aot,71748756.16901408,
20664103,aot,32069923.924050633,
20665349,aot,66225707.87951807,
20667517,aot,68173821.96923077,
20664041,aot,67186333.45454545,
20666623,aot,89675028.07843137,
20664672,aot,81364766.61643836,
20664057,aot,123134152.44444445,
20664870,aot,62059049.76923077,
20668823,aot,65209011.96590909,
20666902,aot,95657261.74418604,
20665974,aot,64642149.77941176,
20669013,aot,107523856.14285715,
20664774,aot,43549379.54074074,
20665172,aot,24867580.013274338,
20664801,aot,66026860.7625,
20664780,aot,45239333.923728816,
20666558,aot,92753750.64583333,
20666813,aot,70594535.73913044,
20664815,aot,75628765.8095238,
20666919,aot,74275580.9245283,
20663991,aot,42560290.518518515,
20664045,aot,66609757.58064516,
20669336,aot,3029826.0938349953,
20664108,aot,110260303.64285715,
20665903,aot,66467152.52380952,
20666900,aot,44442476.04705882,
20666830,aot,76639542.6025641,
20669291,aot,59559190.446428575,
20664115,aot,57724021.61261261,
20664818,aot,40574097.202797204,
20667326,aot,83476211.71428572,
20664084,aot,98439295.2,
20666837,aot,102611655.8372093,
20665994,aot,60875818.35897436,
20664014,aot,92531774.32,
20666464,aot,56509451.051020406,
20667200,aot,170303199.3,
20668641,aot,6120587.731543624,
20665524,aot,52254267.5,
20669096,aot,85372084.0,
20666560,aot,51473200.744,
20664068,aot,107487319.81395349,
20665149,aot,71111075.12676056,
20668721,aot,92693830.5,
20664104,aot,28678176.972972974,
20667950,aot,58654564.20388349,
20667518,aot,79558537.03636363,
20665350,aot,29609092.60240964,
20665325,aot,88552123.78787878,
20665173,aot,82847868.0,
20668906,aot,59140134.28395062,
20669199,aot,11825823.511970535,
20664673,aot,66494789.26373626,
20668824,aot,99242900.24390244,
20665975,aot,97734655.37209302,
20664058,aot,85735727.58823529,
20666624,aot,70903250.18421052,
20665150,aot,72668684.64788732,
20664871,aot,54247957.32967033,
20665390,aot,74771022.03278689,
20663992,aot,74989305.4,
20669014,aot,77352478.04615384,
20666903,aot,64407227.915662654,
20665904,aot,59337867.42465753,
20669140,aot,47438742.527472526,
20664802,aot,81999533.26229508,
20669337,aot,174182486.96,
20666920,aot,122269165.025,
20664822,aot,69828253.51315789,
20667218,aot,76915775.21666667,
20666814,aot,64874045.95348837,
20664872,aot,73576463.3974359,
20666838,aot,56838235.42352941,
20664109,aot,73727963.45,
20664116,aot,10166062.513089005,
20665995,aot,41757417.95689655,
20664046,aot,77128395.92045455,
20668765,aot,168054025.425,
20664085,aot,49475017.47457627,
20664819,aot,103613942.5490196,
20667327,aot,148835876.41666666,
20664015,aot,63017965.64,
20667201,aot,44621055.3125,
20669292,aot,101559173.43076923,
20669097,aot,55919773.0,
20666465,aot,90648915.01960784,
20665525,aot,48416869.08737864,
20664069,aot,28691649.168539327,
20668642,aot,155770949.06666666,
20665326,aot,58349698.74545454,
20666561,aot,60189136.204301074,
20664105,aot,122082152.60606061,
20668722,aot,73845230.65384616,
20667519,aot,27992427.441717792,
20666816,aot,80496089.49333334,
20664674,aot,76604704.69090909,
20664059,aot,56094331.89705882,
20665174,aot,65644834.058823526,
20667951,aot,109385436.01960784,
20668825,aot,83966160.34,
20664803,aot,74584631.45,
20668907,aot,98200461.41176471,
20663993,aot,65580100.21311475,
20669015,aot,71850811.38181818,
20666625,aot,26503495.2972973,
20665351,aot,75433525.64,
20665151,aot,57635683.62650602,
20669200,aot,114511454.93333334,
20669338,aot,90919919.725,
20665413,aot,109048760.28,
20666921,aot,67310813.77777778,
20665391,aot,73030150.46666667,
20667687,aot,72805136.2875,
20667219,aot,81627919.9090909,
20666815,aot,73103725.50793651,
20669141,aot,47614686.39130435,
20664823,aot,80804942.33333333,
20665905,aot,57204861.45283019,
20664110,aot,25493565.064864866,
20666904,aot,116663175.21818182,
20664047,aot,76135658.38181818,
20664873,aot,61032428.45054945,
20668766,aot,79286020.0,
20666839,aot,52146297.28,
20664086,aot,107114799.89473684,
20667328,aot,67039095.54285714,
20664820,aot,78913378.55,
20664117,aot,90661458.76666667,
20664016,aot,101961487.24,
20665996,aot,55185126.4245283,
20664070,aot,27662563.326241136,
20667202,aot,135362391.69444445,
20669293,aot,75673059.1369863,
20666466,aot,68452411.425,
20664106,aot,72049392.64705883,
20669098,aot,141140834.10526314,
20665526,aot,103110366.38,
20666467,aot,74462231.14285715,
20668643,aot,124545340.0263158,
20669201,aot,76895289.57142857,
20664072,aot,68769450.83333333,
20665327,aot,41867824.375,
20666817,aot,49730704.182795696,
20667265,aot,67390672.0909091,
20668908,aot,100624406.29268293,
20665152,aot,42969315.376344085,
20668826,aot,52619189.692307696,
20665352,aot,23067960.440860216,
20667520,aot,140992650.16666666,
20665175,aot,43742744.0942029,
20668723,aot,101964384.85714285,
20669016,aot,71796424.52112676,
20663994,aot,95343129.68627451,
20664060,aot,117099921.94339623,
20669339,aot,10704577.816494845,
20669142,aot,107679916.3076923,
20667952,aot,70955026.09411764,
20666922,aot,73170766.03278689,
20664825,aot,38793862.91111111,
20665392,aot,69470024.91549295,
20667220,aot,57450324.625,
20664824,aot,54941365.586666666,
20667688,aot,43376770.652173914,
20666626,aot,200322304.8,
20665414,aot,109061933.67924528,
20667329,aot,59940051.2,
20664111,aot,107666446.82926829,
20669116,aot,111975800.86,
20666905,aot,91971471.2,
20664821,aot,46282440.04395604,
20664874,aot,13243977.802690582,
20664048,aot,78075694.69863014,
20666840,aot,86862221.63333334,
20669294,aot,103613030.0909091,
20668767,aot,95270640.4262295,
20664087,aot,51426399.5,
20669099,aot,56676321.196428575,
20664118,aot,79630899.16393442,
20667203,aot,66812832.333333336,
20665997,aot,132015596.375,
20669046,aot,52407999.49411765,
20665527,aot,54659071.525641024,
20669234,aot,66886466.68181818,
20664073,aot,66115495.233333334,
20664017,aot,52848396.64285714,
20664071,aot,171861971.6060606,
20669202,aot,105248558.69767442,
20668644,aot,79901234.68181819,
20666632,aot,102765049.8,
20667521,aot,46996559.25263158,
20669017,aot,83028848.91666667,
20665153,aot,122776988.77777778,
20666818,aot,103322023.49090908,
20668909,aot,24990026.30666667,
20667266,aot,112570474.0,
20666923,aot,63240729.73015873,
20665176,aot,39256350.34126984,
20663995,aot,64264562.84507042,
20664826,aot,41108843.78,
20668827,aot,97763991.76470588,
20665353,aot,96245912.625,
20665328,aot,119710167.56603773,
20666627,aot,118532014.92,
20665393,aot,73702970.94642857,
20664061,aot,117470468.63414635,
20667953,aot,74009876.27692308,
20668724,aot,60788952.13186813,
20665415,aot,102070584.375,
20669340,aot,132564616.84210527,
20667221,aot,41865244.3553719,
20667330,aot,87057100.81395349,
20669143,aot,78523361.7236842,
20669257,aot,76427829.98461539,
20667689,aot,51595776.87735849,
20666906,aot,58844349.64285714,
20669023,aot,55135927.68,
20668768,aot,52170059.93846154,
20669117,aot,75400687.96551724,
20666841,aot,57111223.81428572,
20669295,aot,61876338.87301587,
20664088,aot,64422222.91071428,
20664112,aot,61937740.64705882,
20664119,aot,104921597.34210527,
20664001,aot,90419892.58730158,
20664049,aot,67565120.53846154,
20669100,aot,92577202.68333334,
20665998,aot,58087341.05,
20669047,aot,84277088.96363637,
20664074,aot,77503443.59016393,
20665529,aot,56795636.95,
20665528,aot,50473323.0173913,
20669235,aot,61887184.406593405,
20664018,aot,85274188.04761904,
20669203,aot,90524677.30357143,
20667267,aot,54207048.3382353,
20666633,aot,6406977.516981132,
20667204,aot,96957791.75,
20665177,aot,116913589.4,
20668910,aot,63183322.0882353,
20665154,aot,59158849.2631579,
20667522,aot,78787617.8852459,
20663996,aot,14249202.744408946,
20669018,aot,98876973.97826087,
20666842,aot,83899430.02,
20668828,aot,35243534.52898551,
20666924,aot,80084896.9137931,
20664062,aot,54206965.884615384,
20666628,aot,52386010.197674416,
20665354,aot,58314610.81481481,
20664827,aot,73585833.33333333,
20665329,aot,89045655.98039216,
20668645,aot,5923304.672712283,
20669258,aot,54884721.26470588,
20669024,aot,84398326.56097561,
20665394,aot,61093182.88421053,
20665999,aot,72671061.10416667,
20669118,aot,59269339.307692304,
20669341,aot,125487743.10526316,
20667690,aot,7616591.493630573,
20667222,aot,76359969.88571429,
20667331,aot,61445114.2,
20668725,aot,133815433.79069768,
20665155,aot,21892203.831460673,
20665416,aot,72579160.48684211,
20667954,aot,56203523.300884955,
20669144,aot,56976322.78125,
20664089,aot,65544624.907692306,
20669296,aot,89412086.41818182,
20664120,aot,64131353.621212125,
20664050,aot,64927688.16071428,
20666907,aot,169312693.1111111,
20668769,aot,115122917.96226415,
20664002,aot,38731517.76521739,
20668741,aot,107267704.31707317,
20669236,aot,33334311.053846154,
20664075,aot,73240368.6,
20664019,aot,68771343.03571428,
20667205,aot,52680503.97647059,
20665530,aot,83638895.12121212,
20667206,aot,83486504.73529412,
20669101,aot,94449183.22857143,
20669048,aot,170284199.1111111,
20669204,aot,18919687.742857143,
20669019,aot,57869221.21917808,
20666925,aot,109674450.32258065,
20667268,aot,96995439.60377358,
20665331,aot,41149092.3047619,
20665330,aot,79105188.94117647,
20664063,aot,56520975.653333336,
20665178,aot,80295087.88235295,
20663997,aot,142799204.24242425,
20669259,aot,77086426.88679245,
20669342,aot,47992263.84126984,
20665355,aot,41226036.172413796,
20668911,aot,174121089.33333334,
20667523,aot,127807932.25,
20666634,aot,155309098.225,
20664122,aot,50639798.56626506,
20669025,aot,56129800.925,
20668829,aot,35559328.65497076,
20665417,aot,32941859.872,
20669020,aot,113065449.44827586,
20669145,aot,24482099.93452381,
20668646,aot,165707545.36363637,
20666931,aot,83772047.73239437,
20665395,aot,19748763.203636363,
20666629,aot,163131271.66666666,
20668726,aot,71962989.6984127,
20669128,aot,102750228.18604651,
20664051,aot,55191920.875,
20667691,aot,99763583.34,
20664090,aot,55622327.35294118,
20669119,aot,62189723.81111111,
20668770,aot,68991441.80392157,
20667332,aot,102491917.2745098,
20667223,aot,81794013.23076923,
20667955,aot,72282778.825,
20664121,aot,77575746.5909091,
20669297,aot,84716391.75757575,
20666908,aot,34681353.086666666,
20668742,aot,79481110.53333333,
20664003,aot,111458253.08695652,
20664076,aot,80748207.68627451,
20664020,aot,72968952.85,
20669237,aot,91309726.86792453,
20669102,aot,65908933.30188679,
20665203,aot,59928915.303571425,
20669049,aot,68091928.93650794,
20669163,aot,82579810.76363637,
20669122,aot,71465129.0,
20667207,aot,72694038.49295774,
20665356,aot,69330665.13333334,
20665332,aot,61405458.51807229,
20669260,aot,71473295.84482759,
20664064,aot,66906721.01369863,
20666635,aot,116732465.46666667,
20667269,aot,91632626.32727273,
20666926,aot,50478963.00884956,
20669351,aot,56112423.77419355,
20664123,aot,14358795.699669966,
20668647,aot,27441482.47260274,
20669205,aot,120325766.31372549,
20668830,aot,183513673.04761904,
20665179,aot,69222171.13253012,
20663998,aot,106199942.61818182,
20669021,aot,10498357.790697675,
20668727,aot,103298233.41666667,
20666630,aot,43147877.45,
20668912,aot,108797768.0,
20669129,aot,65953175.09090909,
20665418,aot,78369150.8030303,
20669146,aot,97673776.21568628,
20664091,aot,132841984.38461539,
20666932,aot,55768578.475247525,
20667524,aot,113293627.41666667,
20665396,aot,130101060.53658536,
20669343,aot,99377729.85333334,
20664052,aot,99799936.18181819,
20669120,aot,64846726.675,
20667692,aot,37105366.2,
20667956,aot,63027844.21052632,
20669026,aot,73838083.08333333,
20669298,aot,69322528.17857143,
20667333,aot,44571017.067669176,
20668743,aot,45508202.4375,
20667224,aot,100183894.51724137,
20665226,aot,75989839.86764705,
20666909,aot,113230710.15,
20664077,aot,53379069.58571429,
20668771,aot,100268586.26984127,
20669103,aot,8896308.979591837,
20664021,aot,83676793.15555556,
20664004,aot,45004053.33018868,
20669238,aot,99131324.72,
20669123,aot,48472987.26136363,
20669164,aot,96331436.53333333,
20669050,aot,35793969.9109589,
20665204,aot,90414031.01538461,
20665333,aot,126070882.75757575,
20667208,aot,60829221.71084338,
20665357,aot,46450501.84259259,
20669206,aot,64328295.49056604,
20666636,aot,112579301.525,
20669022,aot,101129413.0,
20667270,aot,89987869.54545455,
20664065,aot,62552322.915662654,
20666927,aot,103126923.43902439,
20669261,aot,56773546.76530612,
20663999,aot,54746775.192307696,
20666631,aot,51538576.434210524,
20669147,aot,66559646.78,
20665419,aot,56686605.47058824,
20668831,aot,87675809.6981132,
20664124,aot,102748585.42,
20669352,aot,144297215.2857143,
20664092,aot,31057855.844444446,
20665180,aot,73297174.21333334,
20666933,aot,75899455.94,
20669121,aot,63345196.12068965,
20669344,aot,54584198.51282051,
20669130,aot,110163126.0625,
20667525,aot,62891407.90789474,
20668648,aot,104220263.76190476,
20665397,aot,129103580.85714285,
20667957,aot,85848392.46,
20668913,aot,117150036.23636363,
20664005,aot,92723417.51515152,
20667693,aot,119795032.55,
20669027,aot,68959452.6923077,
20668728,aot,62006222.317073174,
20667334,aot,78621749.79365079,
20669299,aot,61758707.12087912,
20665227,aot,57720172.915662654,
20668744,aot,67565363.91025642,
20668772,aot,38227008.95714286,
20668753,aot,37238346.951724134,
20664053,aot,31309186.305555556,
20669104,aot,94063361.48,
20667225,aot,99975766.32727273,
20664022,aot,59019825.28712871,
20669239,aot,110697277.26829268,
20669165,aot,56059130.46666667,
20666910,aot,87461928.5479452,
20665205,aot,78499330.49090908,
20669124,aot,91408939.14,
20667209,aot,126567682.93548387,
20665334,aot,76315397.03278689,
20669262,aot,20085262.142105263,
20666637,aot,60968373.93150685,
20664000,aot,78287452.37777779,
20668729,aot,99324733.57777777,
20669207,aot,90902499.33928572,
20669051,aot,96090404.3442623,
20666928,aot,62648677.175,
20668832,aot,44795792.75,
20665181,aot,66049349.21818182,
20667271,aot,86379466.3968254,
20665420,aot,43623658.09322034,
20669304,aot,165148139.2,
20668759,aot,47612359.92682927,
20665358,aot,85504849.57534246,
20669148,aot,95634983.45454545,
20667694,aot,51056675.7735849,
20667958,aot,46744736.96825397,
20666934,aot,90848846.44,
20665398,aot,87879571.81818181,
20669151,aot,85700796.6226415,
20664093,aot,91987705.47272727,
20669345,aot,95102263.5,
20669353,aot,81279570.26027398,
20665337,aot,133509921.75,
20669131,aot,63588848.01369863,
20664006,aot,61247381.89473684,
20669028,aot,67540977.98484848,
20667526,aot,71003456.0125,
20668773,aot,89228259.05263157,
20668649,aot,69914783.06818181,
20669300,aot,58393799.06410257,
20668914,aot,64769625.93181818,
20668754,aot,53707001.253012046,
20669105,aot,64555286.60294118,
20665238,aot,77092470.08571428,
20668745,aot,111852417.3902439,
20669240,aot,67747662.90566038,
20667335,aot,78430264.98630136,
20669175,aot,74607677.3235294,
20665228,aot,107036717.625,
20665206,aot,65640332.19672131,
20667226,aot,77415242.9,
20664023,aot,54001975.22093023,
20666911,aot,66617087.42666667,
20667210,aot,91395061.52173913,
20669125,aot,48029011.07920792,
20669166,aot,94107334.2,
20669208,aot,82414988.44186047,
20669263,aot,87911454.89130434,
20668735,aot,75544282.3968254,
20668730,aot,96543845.28,
20666929,aot,61546533.36764706,
20669052,aot,92044769.86274509,
20667959,aot,24112214.034246575,
20666638,aot,75840710.85897435,
20665335,aot,114903761.32142857,
20667272,aot,70295004.37878788,
20665421,aot,104284581.13953489,
20664094,aot,50347565.87671233,
20665359,aot,51258942.715789475,
20665399,aot,50136077.25,
20666935,aot,66545117.179487176,
20669149,aot,76231305.87323944,
20669346,aot,71579986.74603175,
20665182,aot,63041507.9,
20667695,aot,55081680.98058253,
20669305,aot,115022407.0,
20668833,aot,131359287.62745099,
20668760,aot,105644127.86206897,
20669132,aot,73496555.57746479,
20667527,aot,50293229.05376344,
20665239,aot,54290456.55384615,
20668755,aot,40998100.34736842,
20669354,aot,58384978.68367347,
20668915,aot,78030590.36,
20669029,aot,33300634.93548387,
20668746,aot,4758438.328767124,
20669152,aot,78280585.86746988,
20668650,aot,90784759.28301887,
20668774,aot,102147557.2264151,
20667212,aot,69890796.2345679,
20669301,aot,66973786.43589743,
20669106,aot,62806651.5131579,
20665338,aot,77649443.43333334,
20669241,aot,66063920.08450704,
20667227,aot,66028894.1,
20667336,aot,64491417.96052632,
20669176,aot,68438458.90123457,
20664024,aot,82029091.6984127,
20669167,aot,70600228.23636363,
20667211,aot,42005011.094827585,
20665229,aot,76795907.69333333,
20669209,aot,44227279.732673265,
20666912,aot,108490019.2826087,
20665207,aot,69494058.73863636,
20669264,aot,25680322.994871795,
20668736,aot,54524093.41975309,
20665336,aot,18491020.48780488,
20667960,aot,37992228.64655172,
20669126,aot,106467878.52727273,
20669053,aot,84537355.5862069,
20666930,aot,91129726.44642857,
20664095,aot,92511958.55813953,
20665360,aot,67253555.78787878,
20665422,aot,61899432.061728396,
20669150,aot,76583876.02083333,
20667273,aot,54446313.7,
20666936,aot,46652367.64772727,
20666639,aot,57205600.02040816,
20668731,aot,56898709.83478261,
20665400,aot,91332300.5490196,
20668834,aot,79769715.53571428,
20669306,aot,24905521.79047619,
20668916,aot,82794636.04444444,
20665183,aot,45615575.266666666,
20669347,aot,94843432.48275863,
20667213,aot,64843502.16,
20668761,aot,43532789.16521739,
20669030,aot,103651229.23684211,
20669133,aot,54731696.05681818,
20667696,aot,38414682.87820513,
20667528,aot,179053037.82608697,
20668775,aot,63277882.603174604,
20669242,aot,70144851.58,
20667228,aot,61221309.98275862,
20669153,aot,75788496.2,
20669355,aot,129122548.625,
20665339,aot,76448783.55357143,
20665240,aot,37744882.090361446,
20669302,aot,67540327.28,
20668747,aot,152364718.45714286,
20668651,aot,85637250.91428572,
20667241,aot,79679422.39215687,
20668756,aot,166905273.175,
20669177,aot,75732810.90163934,
20667337,aot,125133245.75,
20664025,aot,60669086.73076923,
20665425,aot,65403748.943396226,
20669107,aot,78749033.04819277,
20669210,aot,44314645.95575221,
20669168,aot,41037976.234375,
20665230,aot,44762576.069565214,
20669265,aot,117372284.82857142,
20665208,aot,90321224.0,
20669181,aot,68554395.55,
20664096,aot,84514919.76744185,
20668737,aot,93905231.25,
20665423,aot,103217534.1111111,
20667961,aot,138385250.74285713,
20669054,aot,55945472.63636363,
20669127,aot,30913279.91794872,
20667274,aot,100152511.46511628,
20665340,aot,20372531.051502146,
20665431,aot,107301326.6744186,
20669307,aot,68804883.2,
20668732,aot,100929100.37254901,
20665361,aot,92934717.21212122,
20668762,aot,48612428.12790698,
20665401,aot,97239935.875,
20667214,aot,89345612.24444444,
20668835,aot,75270562.33333333,
20668953,aot,50472760.26470588,
20665184,aot,118101740.82857142,
20666640,aot,76135124.48717949,
20667697,aot,85285128.88372093,
20668917,aot,60136880.75294118,
20668776,aot,56699001.3625,
20669243,aot,59665745.46666667,
20669154,aot,65347807.571428575,
20669348,aot,127712642.9,
20668652,aot,26958263.786764707,
20667529,aot,137513880.0526316,
20667229,aot,107257889.95555556,
20669134,aot,97519417.5,
20669178,aot,42853824.42666667,
20669303,aot,95328058.41860466,
20669031,aot,87902775.27272727,
20667242,aot,53820171.84848485,
20665241,aot,121674267.55555555,
20669356,aot,98751496.6,
20668748,aot,71974223.87692308,
20665231,aot,47165462.9,
20668757,aot,83899818.3030303,
20665426,aot,45175137.05555555,
20665209,aot,43334188.85185185,
20669108,aot,92192224.39534883,
20667338,aot,62485035.39473684,
20664026,aot,81853327.14285715,
20669266,aot,38997143.176923074,
20665424,aot,67296025.7586207,
20664097,aot,82866744.43396227,
20668733,aot,61071278.96551724,
20667962,aot,50461276.0,
20669110,aot,91905047.97260274,
20669169,aot,112502283.37254901,
20668738,aot,52020947.820754714,
20669055,aot,95694180.33333333,
20669211,aot,57777019.550847456,
20665341,aot,114124899.0909091,
20665432,aot,73581300.8923077,
20669182,aot,109380578.55357143,
20665362,aot,39045555.43518519,
20667530,aot,57240211.95348837,
20668763,aot,31784115.125,
20666641,aot,101517209.02777778,
20668750,aot,24789330.59192825,
20665185,aot,81170997.25454545,
20667230,aot,61622176.0,
20667275,aot,73362504.25882353,
20667215,aot,28092895.30645161,
20669155,aot,93414070.51219513,
20667698,aot,71468911.38235295,
20668918,aot,72523547.01515152,
20668954,aot,88217875.0,
20668836,aot,39745462.44055944,
20669135,aot,35848857.49586777,
20669349,aot,64089020.82857143,
20669244,aot,61306464.01204819,
20669308,aot,82058610.96470588,
20665402,aot,129357326.58695652,
20668653,aot,78817110.7413793,
20668250,aot,36287740.25384615,
20669032,aot,44310549.06603774,
20669179,aot,38419187.04580153,
20668777,aot,79033368.96052632,
20665427,aot,33810715.83898305,
20664027,aot,50201346.441176474,
20668758,aot,90734873.92156863,
20665210,aot,119616607.1388889,
20668749,aot,111024473.70588236,
20667243,aot,111874254.63636364,
20667339,aot,68835547.49333334,
20665232,aot,83736866.23287672,
20669267,aot,97115991.09756097,
20669357,aot,66302576.17204301,
20665242,aot,73180323.46666667,
20669109,aot,107180535.0754717,
20669111,aot,39817623.39823009,
20664098,aot,48754012.25,
20667963,aot,30704780.265822783,
20668734,aot,88388197.375,
20665342,aot,25338212.63870968,
20669170,aot,79705025.10344827,
20668764,aot,42177927.55639098,
20669056,aot,19829158.36923077,
20665363,aot,93979856.14634146,
20667288,aot,62065662.428571425,
20669212,aot,149046577.87096775,
20665433,aot,73085609.06153846,
20668955,aot,73427901.2826087,
20669183,aot,73227818.65714286,
20666642,aot,48633608.281553395,
20668739,aot,85211446.26027398,
20667699,aot,99361300.21052632,
20665186,aot,63357039.74666667,
20668751,aot,118248045.82926829,
20668919,aot,81086635.64705883,
20669136,aot,56919884.073529415,
20667231,aot,82103847.4,
20667531,aot,28542621.04265403,
20669156,aot,60287312.8,
20667276,aot,30610984.173913043,
20667216,aot,118988522.27272727,
20669350,aot,30394032.623188406,
20669309,aot,67561962.98412699,
20669245,aot,94076247.0,
20664028,aot,24197957.908496734,
20665403,aot,99412715.06666666,
20668251,aot,70321558.22222222,
20668837,aot,104923381.5,
20669033,aot,137920447.2,
20668654,aot,39699854.276923075,
20665428,aot,128219529.23684211,
20665211,aot,86392026.1764706,
20668778,aot,39078554.78082192,
20669180,aot,136177213.54285714,
20667406,aot,3058929.1907090466,
20667244,aot,72424970.32786885,
20669171,aot,45411162.191176474,
20667300,aot,88442591.92105263,
20668671,aot,54396895.81690141,
20669112,aot,99824096.37209302,
20669358,aot,93012818.60714285,
20667340,aot,79931869.69863014,
20669268,aot,78166268.15492958,
20664099,aot,140216490.62790698,
20665233,aot,75529739.0,
20665364,aot,60235365.47058824,
20669113,aot,89172557.31372549,
20665243,aot,47572046.515384614,
20665235,aot,87836738.41071428,
20667964,aot,76102413.51428571,
20669057,aot,85379439.41666667,
20669222,aot,67841675.77777778,
20668740,aot,41114015.85,
20668956,aot,60245034.323529415,
20669184,aot,57327559.47945205,
20667232,aot,101189567.25714286,
20667289,aot,106939239.14583333,
20665434,aot,53102082.59259259,
20667700,aot,81466608.66071428,
20669213,aot,130405599.53333333,
20666643,aot,43815646.74166667,
20669310,aot,82361187.33333333,
20669138,aot,89725411.6,
20669246,aot,96504575.24390244,
20668655,aot,41445382.50588235,
20669157,aot,86904617.83636364,
20665187,aot,72787050.2,
20668838,aot,66275276.5,
20669137,aot,82727883.85714285,
20668920,aot,65148446.5,
20669034,aot,59561607.96923077,
20665404,aot,53202190.98795181,
20668752,aot,84132044.90769231,
20668252,aot,112945663.07894737,
20664029,aot,117012089.13157895,
20667217,aot,79351308.97183098,
20667277,aot,108979447.96,
20665212,aot,51550501.679487176,
20665429,aot,67829310.53333333,
20667532,aot,151662867.97142857,
20667245,aot,46549493.875,
20668672,aot,57625128.91549296,
20667359,aot,59305694.646153845,
20669359,aot,70553020.01886792,
20669172,aot,55105388.23863637,
20668779,aot,118815585.86956522,
20667407,aot,133963768.84,
20667341,aot,81814888.74,
20665234,aot,77699683.4691358,
20669269,aot,75192035.73214285,
20665365,aot,53309876.42666667,
20664100,aot,45822619.34375,
20669173,aot,84285116.91666667,
20665244,aot,92674719.85365854,
20667301,aot,7009375.948801743,
20665236,aot,93275077.04651164,
20668957,aot,69727030.88235295,
20667965,aot,56567487.40909091,
20668929,aot,61036638.09210526,
20669223,aot,80200735.9,
20667290,aot,24089204.7875,
20669114,aot,77202028.66197184,
20669058,aot,73299198.6,
20667233,aot,62705217.05479452,
20665435,aot,79625637.26785715,
20669247,aot,29370691.914285716,
20669185,aot,64171781.97894737,
20669158,aot,70977215.15873016,
20669311,aot,83917351.74545455,
20669214,aot,42801977.49586777,
20666644,aot,68417440.60273972,
20664030,aot,79347687.32608695,
20667701,aot,55496330.33980583,
20665405,aot,74110249.16393442,
20667533,aot,7182761.4357798165,
20669035,aot,63673175.828947365,
20669228,aot,91003813.73913044,
20668921,aot,79452974.1111111,
20668839,aot,94455165.32727273,
20667253,aot,85816516.67272727,
20665430,aot,70020973.18867925,
20667593,aot,26362343.435185187,
20667278,aot,110967664.41666667,
20665213,aot,86127854.07272728,
20668656,aot,110508987.63636364,
20669139,aot,76911820.37777779,
20665188,aot,96736375.57142857,
20668253,aot,106651366.73214285,
20667259,aot,104093748.96774194,
20668673,aot,84312775.67924528,
20668780,aot,70545954.07272728,
20667246,aot,104234110.77777778,
20665366,aot,69809834.58,
20667342,aot,46262453.55681818,
20668941,aot,27954622.64864865,
20665245,aot,48161870.53409091,
20669360,aot,47415597.70689655,
20667408,aot,154378727.3939394,
20667360,aot,80767880.36986302,
20669270,aot,61903153.655555554,
20668437,aot,77575832.85915492,
20669174,aot,62287976.98888889,
20667966,aot,5195907.461293743,
20668930,aot,82925113.87272727,
20665237,aot,55271916.481132075,
20665436,aot,25457941.57142857,
20667302,aot,148892156.1142857,
20668958,aot,119109479.3478261,
20667291,aot,111516816.8478261,
20669224,aot,74819664.53333333,
20669248,aot,104251678.475,
20669115,aot,38951094.974683546,
20669312,aot,80292411.58823529,
20667234,aot,109333668.6521739,
20668922,aot,34634262.68468469,
20669186,aot,104831530.475,
20665406,aot,55257121.3625,
20669229,aot,58678883.04285714,
20669363,aot,106061702.6,
20669036,aot,52890010.75308642,
20669361,aot,68594024.4137931,
20669059,aot,143729974.66666666,
20667279,aot,73775986.39622642,
20669159,aot,63388825.96511628,
20667534,aot,107993515.52173913,
20668840,aot,114515179.18604651,
20667594,aot,126833675.84848484,
20666645,aot,205304991.8,
20669215,aot,153358311.97368422,
20667702,aot,73990218.77777778,
20668254,aot,55224826.67123288,
20667254,aot,30919268.85714286,
20667262,aot,53276123.70930233,
20668674,aot,95209534.825,
20665214,aot,58989985.07777778,
20668657,aot,43823691.8515625,
20665367,aot,49212932.81818182,
20665189,aot,56809862.635416664,
20667247,aot,83481439.21311475,
20668942,aot,103936850.57894737,
20668781,aot,71434644.9875,
20667409,aot,76839990.46,
20667343,aot,53797704.723809525,
20667260,aot,89203185.64383562,
20667361,aot,36421533.6484375,
20665191,aot,42836695.07438017,
20665246,aot,55183074.48,
20669271,aot,75196981.37931034,
20665197,aot,74647457.75,
20667967,aot,136777898.64285713,
20668438,aot,73907064.87323944,
20669225,aot,73870473.16666667,
20667303,aot,106826109.39473684,
20668931,aot,90663205.86206897,
20667292,aot,64120302.984848484,
20666650,aot,71003092.16666667,
20667640,aot,55012331.018867925,
20669230,aot,67431054.78,
20668959,aot,78846807.0,
20667781,aot,106130073.78787878,
20669249,aot,78713209.56363636,
20669313,aot,76754808.06,
20669364,aot,58390795.676470585,
20667235,aot,53650760.488372095,
20667535,aot,53137650.0,
20665407,aot,86330461.10714285,
20668859,aot,65771961.697674416,
20669362,aot,93379752.62745099,
20669037,aot,53636418.76530612,
20668675,aot,53079262.61904762,
20668841,aot,53127070.05681818,
20666646,aot,60240057.09589041,
20667703,aot,15021300.462837838,
20668923,aot,79178845.48684211,
20667263,aot,85119273.55813953,
20667280,aot,73200404.54666667,
20669160,aot,123627749.7,
20668255,aot,30585740.852564104,
20669060,aot,75434848.08641975,
20665368,aot,74592285.95555556,
20667595,aot,65174351.12790698,
20665190,aot,53710164.657142855,
20668658,aot,74276860.31147541,
20665192,aot,67461265.25,
20667255,aot,136028223.05555555,
20665215,aot,24640683.348837208,
20669216,aot,93921506.82666667,
20667261,aot,55142118.384615384,
20668943,aot,110564202.33333333,
20667362,aot,112489692.51219513,
20665198,aot,65827979.18461538,
20667344,aot,90740995.08928572,
20669272,aot,52614506.15789474,
20668960,aot,57895100.21428572,
20668932,aot,83139081.62222221,
20669250,aot,65450842.283018865,
20668782,aot,77233173.44186047,
20665247,aot,84622286.16666667,
20668439,aot,121240499.71052632,
20666651,aot,105433228.73684211,
20667248,aot,128728712.66037735,
20667410,aot,56755476.46031746,
20669314,aot,73754856.32727273,
20667968,aot,55297123.60952381,
20669231,aot,61948592.36986301,
20667236,aot,68311068.81034483,
20667641,aot,78300125.38095239,
20667536,aot,81146667.82222222,
20669226,aot,59534254.78,
20668676,aot,88844805.90243903,
20669365,aot,16958914.250728864,
20667782,aot,40062708.22875817,
20666647,aot,43235552.030612245,
20667293,aot,71015873.46,
20668860,aot,86397705.23214285,
20669161,aot,75757129.16363636,
20667264,aot,111140162.16666667,
20667304,aot,116121961.86153845,
20669061,aot,88172917.06666666,
20667596,aot,8350791.953934741,
20669038,aot,46965357.967479676,
20668659,aot,68833345.48275863,
20668842,aot,85915595.67142858,
20668343,aot,106803210.6724138,
20667704,aot,196639842.15384614,
20668924,aot,59998321.524752475,
20667256,aot,61383239.76712329,
20668847,aot,75655081.28787878,
20665408,aot,135535513.8301887,
20665369,aot,42696489.39705882,
20667281,aot,76202593.2125,
20665193,aot,65548584.61333334,
20668256,aot,97288187.13333334,
20669251,aot,57877877.88235294,
20667663,aot,44429428.15,
20669217,aot,117617900.27906977,
20667249,aot,27115834.624,
20668944,aot,45286864.380530976,
20665216,aot,113471775.90196079,
20667345,aot,55409036.964705884,
20665199,aot,75238156.61538461,
20668961,aot,80664908.35714285,
20669273,aot,87480341.1509434,
20666652,aot,56897689.2,
20668440,aot,56360724.19736842,
20667363,aot,56073393.19387755,
20668933,aot,148161179.3030303,
20668783,aot,61380311.76712329,
20665248,aot,84553626.67857143,
20667237,aot,57858355.35294118,
20669227,aot,97037565.65789473,
20667642,aot,77169692.61818182,
20669315,aot,85490929.6724138,
20667969,aot,78321832.63235295,
20667537,aot,36875488.11111111,
20667411,aot,89180025.60606061,
20668677,aot,48914155.333333336,
20667705,aot,36516614.21428572,
20667305,aot,53228755.64788733,
20669232,aot,79515885.6,
20669366,aot,88299214.10909091,
20667783,aot,91830233.0909091,
20666648,aot,77440636.72058824,
20669162,aot,56788291.9875,
20667294,aot,64500119.45333333,
20669062,aot,35193644.04,
20669316,aot,89439940.65517241,
20669039,aot,108690566.74418604,
20668861,aot,28398612.24878049,
20668344,aot,86033988.66,
20668848,aot,58639417.68571428,
20668843,aot,58227922.55555555,
20667282,aot,66539716.333333336,
20668660,aot,69397291.35897435,
20665409,aot,121482220.58333333,
20667257,aot,107126817.1521739,
20668925,aot,133708366.0909091,
20665194,aot,16438020.366883118,
20667597,aot,148806475.5121951,
20668257,aot,6861328.077326343,
20665370,aot,89483315.98275863,
20669252,aot,108694846.025,
20669274,aot,28734896.3740458,
20668945,aot,61235280.10294118,
20667250,aot,80827532.62745099,
20665200,aot,1678285.4805807623,
20667664,aot,62504276.88372093,
20665217,aot,85317138.66666667,
20668962,aot,102832879.97826087,
20669218,aot,81677351.4,
20666653,aot,53029998.48387097,
20665249,aot,55180746.461538464,
20668934,aot,62465370.38554217,
20668441,aot,72119540.42465754,
20667643,aot,81626371.51785715,
20668784,aot,83052967.37142856,
20668976,aot,121895907.19444445,
20667238,aot,91303999.68333334,
20667364,aot,89273942.7,
20667616,aot,76172411.55714285,
20668678,aot,39133748.55555555,
20667306,aot,75511569.90566038,
20667346,aot,58487745.484126985,
20667970,aot,106871110.14583333,
20667784,aot,61837449.28571428,
20667538,aot,86783328.13793103,
20669322,aot,85597074.82608695,
20667412,aot,87983423.50793651,
20668849,aot,64319454.054545455,
20669040,aot,75200415.43333334,
20669063,aot,12926941.29765013,
20667706,aot,81944620.57333334,
20666649,aot,92536494.49019608,
20669367,aot,94949060.55555555,
20668844,aot,94533556.8888889,
20669233,aot,96665650.95384616,
20667295,aot,79440456.85294117,
20668345,aot,37525451.78082192,
20667283,aot,82646291.32142857,
20667598,aot,124570548.39393939,
20669317,aot,63833671.21111111,
20668926,aot,11353092.040358745,
20668862,aot,102167198.21428572,
20667258,aot,50876753.533980586,
20665195,aot,131522379.72727273,
20668661,aot,75910079.43835616,
20665371,aot,54883457.08139535,
20667665,aot,52758399.47058824,
20665410,aot,127574440.11627907,
20668258,aot,62525718.855421685,
20665201,aot,104376332.65853658,
20666654,aot,61533046.37704918,
20667251,aot,87911307.75,
20669253,aot,60479594.95,
20668963,aot,109463680.43902439,
20668946,aot,97788274.35849057,
20665218,aot,81550240.27692308,
20669275,aot,143233275.68571427,
20669219,aot,95500682.13207547,
20668977,aot,59383930.43939394,
20667644,aot,67658469.29411764,
20668442,aot,92036608.37931034,
20668785,aot,75954809.41269842,
20668935,aot,94389326.88333334,
20669319,aot,94345083.95588236,
20667307,aot,77069255.96666667,
20667239,aot,71833627.84507042,
20667971,aot,29005597.01226994,
20667785,aot,4442606.125112511,
20667365,aot,112416387.625,
20669368,aot,45987547.76056338,
20669323,aot,70861728.61538461,
20667617,aot,77002204.41333333,
20667347,aot,162322962.15151516,
20668845,aot,100583132.65714286,
20667539,aot,33853391.54819277,
20669041,aot,11081291.765350876,
20667413,aot,52732174.731481485,
20667707,aot,119351137.26829268,
20668679,aot,141105840.64150944,
20669064,aot,97059742.8,
20668964,aot,81351844.04285714,
20669043,aot,103754065.72222222,
20667599,aot,87350099.66071428,
20667296,aot,66102079.89534884,
20668850,aot,100744266.95454545,
20667666,aot,59100084.89041096,
20669318,aot,92841179.60714285,
20668927,aot,147644816.3846154,
20667284,aot,62600435.05813953,
20668863,aot,101633099.45833333,
20667734,aot,75376709.22727273,
20668259,aot,124888834.25714286,
20665411,aot,103415783.74,
20665196,aot,82247345.23529412,
20668346,aot,117376064.2,
20669254,aot,59956356.24615385,
20668662,aot,78578217.2236842,
20665202,aot,57732173.294117644,
20665219,aot,95463027.06976745,
20666655,aot,75008934.01639344,
20668853,aot,89607529.10869566,
20667252,aot,64416776.131578945,
20669276,aot,74368256.36206897,
20665372,aot,59045080.669565216,
20668947,aot,102968618.8372093,
20668978,aot,47635748.366336636,
20669320,aot,62146720.51724138,
20667645,aot,34763157.5,
20668936,aot,67078464.85714286,
20667786,aot,119257531.86666666,
20667240,aot,97191233.70833333,
20668846,aot,69479110.66037735,
20667308,aot,114134677.41463415,
20668443,aot,77114832.57534246,
20669220,aot,41039048.565476194,
20668786,aot,67130201.88372093,
20669324,aot,58116484.19736842,
20667366,aot,41964596.99173554,
20667618,aot,49574161.92222222,
20668680,aot,58169023.8,
20669369,aot,159212962.13333333,
20667972,aot,136881204.2195122,
20667348,aot,91634936.90163934,
20669042,aot,108842307.87804878,
20667540,aot,102313117.36363636,
20667708,aot,63347399.12820513,
20669044,aot,52552028.87951807,
20668851,aot,58691083.16901408,
20667297,aot,32649791.59574468,
20667414,aot,41594982.71917808,
20667600,aot,76763187.4,
20668965,aot,88917855.89090909,
20667735,aot,57101276.64473684,
20668788,aot,104761949.6,
20668787,aot,49079136.44186047,
20668663,aot,54531698.774647884,
20667651,aot,49956300.04109589,
20668260,aot,114700732.275,
20669065,aot,161008181.87096775,
20668854,aot,65429804.946428575,
20667285,aot,79729686.6,
20667828,aot,60534639.89230769,
20668864,aot,97627759.1764706,
20665220,aot,56864487.80263158,
20667667,aot,78799184.1923077,
20669255,aot,53370751.91208791,
20669277,aot,55695367.76,
20668347,aot,187107493.33333334,
20665412,aot,160288895.07894737,
20665373,aot,66419002.197530866,
20668928,aot,131928408.0,
20668948,aot,121640300.65116279,
20667646,aot,102437195.46341464,
20668950,aot,100108978.43333334,
20668979,aot,91436020.10909091,
20665223,aot,57041209.36764706,
20668800,aot,66488512.44444445,
20669321,aot,87482651.05,
20669221,aot,115154879.12121212,
20667787,aot,97639165.47826087,
20668681,aot,72767154.37777779,
20668444,aot,71615475.49180327,
20667309,aot,70333503.85294117,
20667367,aot,96356285.23255815,
20668937,aot,51245424.05217391,
20667349,aot,93881272.34210527,
20667619,aot,22408370.214592274,
20667851,aot,113549716.97777778,
20667973,aot,66570615.4117647,
20669370,aot,83531943.66037735,
20669325,aot,78726009.88571429,
20667541,aot,52922782.4,
20665221,aot,61098907.266666666,
20667709,aot,68149052.6764706,
20667415,aot,80258767.20833333,
20668966,aot,65145849.0,
20667298,aot,108339172.2195122,
20669045,aot,40215519.48888889,
20668852,aot,40606507.015384614,
20667601,aot,93270557.74,
20667668,aot,44256372.02666666,
20668865,aot,60111596.38333333,
20669256,aot,73388344.64285715,
20667736,aot,72529529.71232876,
20668789,aot,33523702.595092025,
20665378,aot,107397655.2195122,
20668261,aot,63594009.5375,
20667829,aot,42436289.817391306,
20668806,aot,82764464.47169812,
20667286,aot,71433699.23943663,
20668855,aot,113940104.30232558,
20668664,aot,38429975.25675676,
20667652,aot,97863065.03636363,
20669278,aot,62907778.6,
20668296,aot,98591714.84848484,
20669066,aot,85776010.5735294,
20668348,aot,110300649.54347827,
20668390,aot,8713396.041522492,
20668951,aot,62280394.41428571,
20668682,aot,52077536.615384616,
20668445,aot,61679754.81818182,
20665374,aot,78390734.84507042,
20667647,aot,77922183.70588236,
20668949,aot,74311378.56,
20668801,aot,98637771.3478261,
20667299,aot,67785230.22058824,
20665224,aot,109162886.45652173,
20667788,aot,51470669.6,
20665222,aot,127481563.89473684,
20667974,aot,58625979.071428575,
20667368,aot,38967784.27941176,
20667350,aot,101332027.1111111,
20668980,aot,24331066.007272728,
20669371,aot,9038472.811650485,
20668938,aot,109257939.41860466,
20669326,aot,108008876.35,
20667669,aot,73553849.47222222,
20667310,aot,72439994.24096386,
20667852,aot,93224148.71428572,
20667416,aot,6785754.301480484,
20667710,aot,64746711.526315786,
20667542,aot,60358727.042105265,
20667620,aot,108558255.81034483,
20668967,aot,64384793.76712329,
20667546,aot,120712872.6521739,
20667602,aot,63138716.32394366,
20668794,aot,80982552.85294117,
20668866,aot,78728868.38571429,
20665379,aot,46258555.80582524,
20668366,aot,115031972.75,
20668262,aot,84027283.0,
20668790,aot,117888087.3255814,
20668807,aot,53126126.85263158,
20668531,aot,83448763.06410256,
20668809,aot,91290312.98484848,
20668349,aot,6026601.977719529,
20669279,aot,76361784.5,
20668297,aot,42469738.08181818,
20668856,aot,80515349.44444445,
20667830,aot,108506677.625,
20667737,aot,40699236.333333336,
20667287,aot,35498303.773006134,
20667653,aot,47880922.37931035,
20668665,aot,131847012.58139534,
20668952,aot,90533255.64583333,
20669067,aot,142987459.05555555,
20665375,aot,59656619.808823526,
20668446,aot,58433086.3,
20668802,aot,52947890.035294116,
20665225,aot,45281103.82857143,
20668391,aot,164265318.5151515,
20668354,aot,60266929.025,
20667369,aot,91972022.09302326,
20668683,aot,58385424.67619047,
20667353,aot,73898450.12,
20667670,aot,48490825.76470588,
20667648,aot,61819360.346938774,
20667789,aot,83229870.51515152,
20669280,aot,70164886.33333333,
20668939,aot,60908662.525641024,
20667351,aot,38887800.198529415,
20668981,aot,110579868.65853658,
20667975,aot,76363139.13157895,
20667547,aot,60305231.344262294,
20669327,aot,71271422.26027398,
20667311,aot,61221323.78823529,
20669372,aot,98045663.27272727,
20668968,aot,47474374.89473684,
20667711,aot,91777977.47058824,
20667853,aot,69635731.36,
20667417,aot,144955886.22580644,
20667621,aot,61932192.820512824,
20668795,aot,78582540.68627451,
20668263,aot,63371907.85714286,
20667543,aot,67057335.70454545,
20668808,aot,67852367.65454546,
20668810,aot,88621070.8888889,
20665380,aot,91344377.74,
20667603,aot,61866327.11818182,
20668791,aot,75466572.20634921,
20667738,aot,91536889.69565217,
20667654,aot,71583956.94642857,
20668367,aot,122313024.07317074,
20668811,aot,79957013.73770492,
20668578,aot,89335183.52173913,
20668867,aot,98041227.0,
20668350,aot,128147869.15151516,
20668532,aot,77647055.26470588,
20665376,aot,68718935.5862069,
20669068,aot,6527550.701803051,
20667831,aot,139811480.075,
20668298,aot,82545737.05882353,
20667675,aot,48379210.32673267,
20668857,aot,89162999.0909091,
20668447,aot,77859418.46551724,
20668666,aot,40798024.98473282,
20668803,aot,68109398.18032786,
20667382,aot,75735412.85714285,
20667790,aot,48072951.16901408,
20667370,aot,73105598.68852459,
20667671,aot,78073070.41666667,
20668392,aot,96959290.69090909,
20667569,aot,87614856.3,
20668355,aot,89269989.93333334,
20667649,aot,45601322.5462963,
20668940,aot,109238117.48780487,
20667548,aot,67590069.98412699,
20667354,aot,54984792.0,
20669373,aot,11102445.215686275,
20668684,aot,59754414.75510204,
20668982,aot,55565185.52222222,
20667976,aot,62146810.025641024,
20667356,aot,65041401.55294117,
20667418,aot,70884809.05454545,
20667394,aot,80659661.96721311,
20667352,aot,96405417.7586207,
20668969,aot,96919865.76086956,
20667712,aot,47481929.989583336,
20667622,aot,53438774.85882353,
20667854,aot,59749509.63529412,
20667757,aot,66442588.9137931,
20668792,aot,48003311.53333333,
20668796,aot,109569285.39583333,
20668264,aot,56968126.05494505,
20667544,aot,107671055.46666667,
20668368,aot,64514115.625,
20665381,aot,25509722.069892474,
20667655,aot,60354090.0,
20668351,aot,95860656.07894737,
20668797,aot,68812324.46987952,
20667610,aot,66881081.09090909,
20667739,aot,57725341.53333333,
20667604,aot,99426175.56,
20668868,aot,101721087.95555556,
20667383,aot,28705207.536231883,
20668448,aot,64521142.16438356,
20667832,aot,58064807.26136363,
20668858,aot,75069776.32307692,
20668533,aot,78271080.94285715,
20669069,aot,148620563.45454547,
20667791,aot,136326297.9642857,
20668804,aot,129817837.94736843,
20667676,aot,7663236.182406209,
20668667,aot,114080056.08,
20668579,aot,65547197.0,
20665377,aot,66255170.96,
20668299,aot,90672306.76,
20667371,aot,78229763.29577465,
20668393,aot,93308916.28571428,
20667650,aot,62582267.115384616,
20667672,aot,66728669.06666667,
20667419,aot,50405184.744186044,
20667395,aot,68356970.5,
20667570,aot,78934166.45714286,
20667977,aot,82233094.35714285,
20668356,aot,84936316.66666667,
20669374,aot,145468671.8,
20668413,aot,56146784.421052635,
20668685,aot,97509838.75555556,
20667355,aot,89995800.16363636,
20667357,aot,99899886.91304348,
20667713,aot,78694814.03030303,
20667804,aot,105123336.3,
20667623,aot,74079208.2,
20668983,aot,58113309.54368932,
20667549,aot,78501806.39759035,
20668970,aot,28203330.724137932,
20667758,aot,59130309.03947368,
20668265,aot,51730812.703296706,
20667611,aot,34870802.722222224,
20667855,aot,44570633.078125,
20667557,aot,120414868.27777778,
20668798,aot,77135152.56,
20668369,aot,114067353.25581396,
20667740,aot,57410364.776315786,
20667656,aot,63004564.575,
20668793,aot,80557216.3150685,
20665382,aot,128567795.87804878,
20668352,aot,47418103.46666667,
20667605,aot,87796454.60714285,
20667384,aot,87712182.13333334,
20668869,aot,69511168.1875,
20668534,aot,76836992.4,
20668805,aot,62269140.916666664,
20667545,aot,89184159.48148148,
20669070,aot,68449613.07575758,
20667792,aot,78036507.33928572,
20668062,aot,86788580.98113208,
20667863,aot,23187084.561797753,
20668449,aot,41019191.49264706,
20667677,aot,160605845.65384614,
20667833,aot,90236266.95238096,
20668300,aot,44175746.916666664,
20668668,aot,56230536.2,
20668580,aot,90122727.0,
20667571,aot,71095211.04,
20665384,aot,38143191.96551724,
20668686,aot,29878363.8046875,
20668394,aot,64643230.426470585,
20667673,aot,74775133.68965517,
20667396,aot,39144811.44,
20667420,aot,59937173.14117647,
20667722,aot,73773213.57575758,
20667358,aot,62883370.0131579,
20667372,aot,58962261.49504951,
20668984,aot,30814908.514492754,
20667978,aot,93861877.96551724,
20667612,aot,66437511.66,
20668357,aot,26124318.35887097,
20668799,aot,56263217.92424242,
20667550,aot,24080172.33488372,
20667741,aot,41511152.9010989,
20667759,aot,46109674.75652174,
20668971,aot,96197853.49056605,
20668273,aot,125221115.26415095,
20667558,aot,124470197.42105263,
20668370,aot,96339054.41176471,
20667624,aot,85414326.63157895,
20667856,aot,128152666.83333333,
20668414,aot,126327035.51724137,
20667805,aot,67302698.07,
20667657,aot,40156745.84,
20665383,aot,93006278.02173913,
20668267,aot,100229761.04,
20667714,aot,62950672.07438017,
20667606,aot,57956329.02469136,
20669071,aot,21708676.902702704,
20667816,aot,60082272.39726027,
20667810,aot,80709178.13725491,
20668266,aot,101951485.33823529,
20667793,aot,52395358.641975306,
20668353,aot,107442520.0,
20667385,aot,61846010.8,
20668063,aot,51523106.96666667,
20668535,aot,72828819.02857143,
20668450,aot,101421935.0,
20667864,aot,99210801.55813953,
20668669,aot,77994174.58,
20667572,aot,45902455.01204819,
20667674,aot,60799165.4,
20668395,aot,60408092.01785714,
20667678,aot,68029851.8,
20668301,aot,123188549.23684211,
20668870,aot,146810117.62790698,
20665385,aot,80136476.34545454,
20667834,aot,55194204.175925925,
20667979,aot,77365381.46,
20668156,aot,49054391.57333333,
20667628,aot,81974353.49090908,
20668687,aot,143732607.95,
20668581,aot,71278859.00990099,
20668985,aot,78253521.68181819,
20667421,aot,59652080.58163265,
20668274,aot,66636564.62068965,
20668972,aot,70609492.82142857,
20667723,aot,60154586.36893204,
20667742,aot,166756071.16,
20667373,aot,99672206.98360656,
20667806,aot,83705412.62222221,
20668358,aot,100264180.73333333,
20667551,aot,57079318.657142855,
20667397,aot,123582747.02777778,
20667559,aot,88186004.14285715,
20667658,aot,51460858.17045455,
20667794,aot,58461705.46551724,
20667613,aot,140362160.1875,
20668371,aot,120240652.37209302,
20667607,aot,61473861.5,
20668670,aot,54213588.746031746,
20668268,aot,34510179.175675675,
20667715,aot,24081506.204651162,
20667857,aot,63732427.838709675,
20668284,aot,68936274.125,
20668415,aot,91218777.90476191,
20667760,aot,98118187.97058824,
20667625,aot,87248477.20588236,
20669072,aot,82907831.89285715,
20668973,aot,87831134.98275863,
20668401,aot,80969363.04918033,
20667386,aot,79024345.18032786,
20668451,aot,68616340.46969697,
20667811,aot,78906442.60294117,
20667573,aot,114320344.22857143,
20668536,aot,84647315.52459016,
20667817,aot,76872059.26136364,
20668064,aot,118437269.25490196,
20667554,aot,54527264.8019802,
20668396,aot,42299537.344,
20667865,aot,70094612.74725275,
20667835,aot,120954890.95348836,
20668871,aot,57783134.57281554,
20667679,aot,73345343.67058824,
20668688,aot,85236507.66666667,
20667629,aot,61256334.91780822,
20668302,aot,94166804.95714286,
20667980,aot,67864827.64,
20665386,aot,23653446.87248322,
20667422,aot,41322142.584070794,
20667724,aot,101836487.5263158,
20668582,aot,129711229.53333333,
20668275,aot,46928662.66037736,
20668986,aot,30178331.61827957,
20668157,aot,106093656.39655173,
20667398,aot,80029921.375,
20667453,aot,84418097.87692308,
20667608,aot,40085626.1875,
20667614,aot,54658672.5625,
20667807,aot,48634051.345132746,
20667659,aot,42669234.66086957,
20667374,aot,79401599.71428572,
20667560,aot,88971322.72727273,
20667743,aot,99510836.85714285,
20667795,aot,79672885.96825397,
20667626,aot,55572924.96,
20667552,aot,74889156.49333334,
20668974,aot,29103994.51879699,
20668285,aot,35590290.5,
20668537,aot,51435904.41269841,
20668402,aot,59125485.691176474,
20668359,aot,104911563.73333333,
20668372,aot,91444957.53968254,
20669073,aot,41062336.55,
20667858,aot,67674267.1625,
20667812,aot,64560298.35616438,
20668109,aot,99286462.51724137,
20668065,aot,31983712.693693694,
20667574,aot,35632396.676470585,
20668452,aot,33454209.66451613,
20667716,aot,133727138.73170732,
20668416,aot,61130160.135416664,
20668269,aot,105983012.875,
20667387,aot,82351159.46031746,
20667761,aot,75935694.6744186,
20667680,aot,73816643.71698113,
20667630,aot,75002750.8478261,
20668397,aot,101351766.68421052,
20667555,aot,97658383.96428572,
20667866,aot,54646390.25925926,
20667818,aot,97891503.07142857,
20667423,aot,66195469.67213115,
20667836,aot,71272705.71084337,
20668158,aot,62109831.39344262,
20668303,aot,117875826.1521739,
20665387,aot,121039143.92105263,
20668276,aot,133611712.51515152,
20668689,aot,89968551.04545455,
20667454,aot,52598098.83098592,
20668583,aot,58680899.75308642,
20667725,aot,71866270.73239437,
20668872,aot,110662635.0,
20668987,aot,43014939.7962963,
20667399,aot,59147759.81481481,
20667561,aot,50756044.975903615,
20667981,aot,4907559.037917738,
20667660,aot,120861969.16129032,
20667609,aot,81020759.47540984,
20667808,aot,96112466.18,
20667796,aot,58071291.84337349,
20667627,aot,20101432.449152544,
20667375,aot,13030405.508474575,
20667615,aot,65595043.94186047,
20667575,aot,77406473.75555556,
20667813,aot,70282818.70491803,
20668453,aot,72391028.01785715,
20667744,aot,56306785.24137931,
20667859,aot,43997905.13043478,
20668110,aot,64967087.84,
20669074,aot,66141826.55555555,
20668270,aot,87887765.3,
20668538,aot,115562677.60416667,
20667553,aot,71619784.01136364,
20668286,aot,160016603.66666666,
20668373,aot,63186410.36263736,
20667388,aot,68607969.18181819,
20668975,aot,84550415.925,
20668360,aot,112664969.07142857,
20668417,aot,128808026.08333333,
20667762,aot,88565247.16363636,
20667631,aot,24221203.137142856,
20668403,aot,135164273.20833334,
20668066,aot,119375413.72916667,
20667837,aot,63777023.354166664,
20667717,aot,91455591.69863014,
20667681,aot,28734023.057142857,
20668398,aot,50511293.52542373,
20667867,aot,127139907.56097561,
20668873,aot,62637913.68333333,
20667819,aot,61635945.84883721,
20668584,aot,73929613.04918033,
20667455,aot,19187883.286821704,
20667556,aot,28249866.944915254,
20665388,aot,76751637.53030303,
20668277,aot,72371206.0,
20668304,aot,59729174.333333336,
20667400,aot,58378118.475,
20668690,aot,89207806.01639344,
20667424,aot,136475574.3255814,
20668159,aot,116427713.06666666,
20667562,aot,82823669.71698113,
20668988,aot,128820704.69767442,
20667726,aot,64940642.83809524,
20667797,aot,38908273.53435115,
20668882,aot,95203575.95555556,
20668278,aot,48801179.018867925,
20667661,aot,81276873.0,
20668287,aot,53484881.61904762,
20668015,aot,50286480.96363636,
20667814,aot,30445734.4,
20667982,aot,71508673.52941176,
20668454,aot,126521696.83870968,
20669075,aot,84241134.42222223,
20667376,aot,154290920.1,
20667809,aot,52651154.594827585,
20667763,aot,73798972.69565217,
20668404,aot,14569838.991701245,
20668361,aot,60377195.59090909,
20668271,aot,70837911.1764706,
20668407,aot,103251918.82926829,
20668539,aot,79740842.1147541,
20667389,aot,102296610.46666667,
20667576,aot,95085191.5,
20668067,aot,52821200.85555556,
20668374,aot,85024401.60563381,
20668418,aot,118390347.6744186,
20667745,aot,85304608.8974359,
20667838,aot,59875362.125,
20667860,aot,85225151.4074074,
20667634,aot,67559926.33962265,
20667868,aot,57663646.26984127,
20668399,aot,33739827.52845529,
20668874,aot,74814867.02083333,
20668111,aot,74493410.62135923,
20667632,aot,128048544.42,
20667718,aot,70299557.51807229,
20667820,aot,97799895.80487806,
20667682,aot,49126696.90434783,
20668305,aot,55233750.3,
20668585,aot,125435931.65714286,
20668160,aot,48511542.21917808,
20667731,aot,55148611.625,
20668691,aot,56862031.385714285,
20667728,aot,61974520.8625,
20667563,aot,50196905.11111111,
20667401,aot,81026470.1724138,
20667425,aot,26948302.56756757,
20667798,aot,91389187.22222222,
20667456,aot,71823468.03703703,
20668989,aot,74533941.62745099,
20667764,aot,80483436.89473684,
20667662,aot,56503850.49333333,
20668279,aot,67341049.36764705,
20665389,aot,100422052.48571429,
20667983,aot,46707999.489795916,
20667727,aot,68738193.15,
20668272,aot,80990575.39130434,
20667815,aot,135857101.08571428,
20669076,aot,112542520.55555555,
20668876,aot,74212943.63235295,
20668016,aot,132848932.58536585,
20667377,aot,79413637.81818181,
20668455,aot,45735194.78333333,
20668883,aot,35794187.88202247,
20667390,aot,46962637.177777775,
20668408,aot,57838649.62962963,
20668288,aot,84070518.9736842,
20668540,aot,81660826.26415095,
20668362,aot,73491153.5125,
20668068,aot,70808848.24242425,
20667861,aot,73779003.2745098,
20667869,aot,63307059.75,
20667577,aot,119998171.8888889,
20668112,aot,63588203.827586204,
20668375,aot,73703337.27941176,
20667746,aot,118105953.02439025,
20667635,aot,60497594.802816905,
20668419,aot,126167833.325,
20668405,aot,135968412.5625,
20668875,aot,54313425.511627905,
20668400,aot,130942835.80645162,
20668306,aot,52454425.91428571,
20667732,aot,20742780.824561402,
20668692,aot,59759794.06666667,
20667719,aot,48753598.197916664,
20667839,aot,7842753.1134502925,
20668161,aot,107145018.10526316,
20667683,aot,68881087.71830986,
20667821,aot,102812713.89583333,
20667729,aot,86398855.8125,
20667633,aot,73551943.55555555,
20667426,aot,92508236.33333333,
20668586,aot,40016463.02797203,
20667402,aot,60835715.78021978,
20667564,aot,138033865.07894737,
20667457,aot,172518944.10714287,
20667765,aot,67337432.09230769,
20668280,aot,156448058.48,
20668085,aot,77568808.24528302,
20667799,aot,120950522.5,
20668990,aot,107365317.14285715,
20667751,aot,87787157.20634921,
20668017,aot,52697340.875,
20667378,aot,91147516.46511628,
20668877,aot,84741579.6,
20667476,aot,72241396.54666667,
20667391,aot,92270956.50943395,
20668484,aot,74155796.52857143,
20668409,aot,67629553.5737705,
20668289,aot,120326484.9090909,
20667984,aot,76922523.95,
20668363,aot,52702203.55263158,
20668884,aot,140059290.33333334,
20668541,aot,21637019.881818183,
20668097,aot,136737863.75757575,
20667862,aot,92080309.97560975,
20667747,aot,38448181.572916664,
20669077,aot,73453229.14457831,
20668456,aot,55282049.87962963,
20668069,aot,39174098.77099237,
20668420,aot,52170566.55263158,
20667636,aot,30007427.04054054,
20668554,aot,70644083.41071428,
20667870,aot,89215227.75,
20668376,aot,86840580.36363636,
20668406,aot,77276335.01724137,
20668091,aot,86852035.64150943,
20667578,aot,59769194.85714286,
20668113,aot,57156871.217821784,
20668307,aot,54519159.70967742,
20667730,aot,50718969.48717949,
20668319,aot,2983367.315243416,
20668693,aot,76319731.39344262,
20667822,aot,111563656.80555555,
20667733,aot,122488786.02325581,
20667720,aot,75558622.4,
20667840,aot,132766200.71428572,
20668162,aot,24970819.295652173,
20667427,aot,40257466.56198347,
20667684,aot,92484445.27692308,
20667766,aot,57628502.87951807,
20667800,aot,54407681.897435896,
20667403,aot,60747203.244186044,
20667458,aot,35478642.55479452,
20667565,aot,71611043.84931506,
20668086,aot,1415190.4617900683,
20668587,aot,151903563.2,
20668098,aot,56279236.549019605,
20668281,aot,113445696.47826087,
20667985,aot,37165953.05555555,
20668991,aot,96493626.625,
20668018,aot,54076207.775,
20667392,aot,49039753.38554217,
20667752,aot,58713226.09411765,
20668364,aot,59988842.353846155,
20668878,aot,86380573.19642857,
20668088,aot,71563917.8,
20667477,aot,13733.561925429967,
20668457,aot,43676383.56790123,
20668485,aot,79282085.14285715,
20667379,aot,74384522.9,
20668421,aot,58044806.015873015,
20668410,aot,121890113.44186047,
20669078,aot,89138947.10416667,
20668885,aot,93436492.74545455,
20668290,aot,103215362.3018868,
20668542,aot,113605654.92682926,
20667748,aot,74204542.21917808,
20667871,aot,75715480.2,
20667566,aot,60971744.428571425,
20668070,aot,109666064.72916667,
20667637,aot,120059291.65,
20668308,aot,64145549.03174603,
20668377,aot,44940461.36283186,
20668694,aot,69885122.25,
20667872,aot,52210302.375,
20667823,aot,54305733.8313253,
20668092,aot,7851421.498644986,
20668555,aot,77205310.85897435,
20668293,aot,52997529.28409091,
20667841,aot,91441000.15,
20667721,aot,62244065.07692308,
20668114,aot,82831223.13846155,
20667428,aot,19387694.56476684,
20668163,aot,130656670.23333333,
20668320,aot,203334756.32,
20667579,aot,6432179.43490566,
20667404,aot,36075672.03478261,
20668588,aot,62668690.803571425,
20667459,aot,102568687.775,
20667685,aot,44912154.10569106,
20668087,aot,116860423.8,
20668992,aot,66403912.61764706,
20667767,aot,137467293.475,
20667769,aot,57874951.947916664,
20667801,aot,76226544.65384616,
20668019,aot,107618624.43478261,
20668282,aot,51042892.371681415,
20667393,aot,91236481.96428572,
20668879,aot,101928398.7826087,
20668486,aot,36220309.75675676,
20668099,aot,110970293.8372093,
20667986,aot,153127390.21212122,
20668365,aot,4378150.285834739,
20668458,aot,63755512.91549296,
20668089,aot,81404763.15,
20668886,aot,88038746.67391305,
20667753,aot,47254403.278195485,
20668422,aot,96492059.11764705,
20667478,aot,114984856.1388889,
20668291,aot,51292173.83516484,
20667567,aot,4289869.873280943,
20667638,aot,71967759.12727273,
20668543,aot,65152306.73076923,
20669079,aot,77993707.14705883,
20668411,aot,66589803.38823529,
20668695,aot,105070024.55555555,
20668073,aot,91160605.88679245,
20667749,aot,64220587.409638554,
20668378,aot,58022591.275,
20668556,aot,103365553.14285715,
20667686,aot,66432418.77586207,
20668071,aot,79413737.57142857,
20668115,aot,45163679.0,
20667380,aot,78146924.61627907,
20667842,aot,67170690.63333334,
20668309,aot,75082484.43835616,
20668164,aot,81204631.19607843,
20667824,aot,107247220.94,
20668294,aot,82861669.23809524,
20668093,aot,123953956.53488372,
20668321,aot,76865860.70491803,
20667873,aot,74167971.04819277,
20667429,aot,154786220.7142857,
20668589,aot,95338550.23913044,
20667460,aot,88554813.2826087,
20667405,aot,64711315.62820513,
20667580,aot,152555803.9473684,
20668020,aot,87552300.02857143,
20668487,aot,71783154.2,
20667768,aot,42006534.77272727,
20667381,aot,67182605.36470588,
20667987,aot,73207830.56603773,
20667770,aot,74295794.74242425,
20668283,aot,86767409.39215687,
20668887,aot,84786049.375,
20668880,aot,105150266.6744186,
20668384,aot,60672856.71604938,
20667754,aot,55267012.22666667,
20668090,aot,74703260.6031746,
20669080,aot,29896076.3480663,
20669081,aot,104501556.81034483,
20667479,aot,84840204.25,
20668459,aot,79709986.44285715,
20668423,aot,48985990.52222222,
20668993,aot,90371451.38356164,
20668696,aot,56629684.39393939,
20667464,aot,124950697.91428572,
20668100,aot,58795667.02727272,
20667843,aot,57945142.90163934,
20668094,aot,77606903.1764706,
20667802,aot,79257268.88172042,
20668557,aot,90286005.14583333,
20668116,aot,41758209.63,
20668292,aot,82213844.41428572,
20667639,aot,128354056.07317074,
20668072,aot,21257227.291845493,
20669087,aot,81518493.16363636,
20668544,aot,75625894.46153846,
20667568,aot,126640418.89473684,
20667750,aot,78865153.23943663,
20668310,aot,86257712.74545455,
20668379,aot,63160181.548387095,
20668412,aot,118475539.8235294,
20668074,aot,129882501.7826087,
20668295,aot,132844352.1,
20667825,aot,40350302.73043478,
20668165,aot,72406488.63636364,
20667430,aot,119234913.64516129,
20667874,aot,102498270.79069768,
20668322,aot,29552638.114285715,
20668079,aot,75073687.93846154,
20668590,aot,18869538.120967742,
20667581,aot,103739043.82926829,
20667771,aot,62073959.38333333,
20668021,aot,54670053.07526882,
20667587,aot,41531978.811881185,
20668082,aot,129660080.2173913,
20668881,aot,72160911.36363636,
20667461,aot,55732878.069565214,
20668460,aot,68582918.3275862,
20668894,aot,103444310.70833333,
20669082,aot,79766156.84444444,
20667988,aot,66433994.530864194,
20668994,aot,49684235.92957746,
20668488,aot,139991141.14634147,
20667470,aot,70230419.96666667,
20668888,aot,83010585.2413793,
20668083,aot,30524361.172413792,
20668697,aot,26050665.695652176,
20667480,aot,107859232.8372093,
20669088,aot,38289854.6626506,
20668385,aot,92181595.98360656,
20667803,aot,59241243.15492958,
20668095,aot,106122527.4590164,
20667844,aot,74185141.70491803,
20668424,aot,54604898.6407767,
20667755,aot,65156942.15841584,
20668080,aot,30506973.264150944,
20668558,aot,69896876.10606061,
20667465,aot,72828219.84,
20668075,aot,65763460.6,
20668166,aot,21569485.754601225,
20668381,aot,49944397.297029704,
20668712,aot,69856823.29508197,
20668706,aot,65010931.92941176,
20668101,aot,96397397.21212122,
20667431,aot,85563594.23255815,
20668891,aot,58777694.45045045,
20668545,aot,73891658.42465754,
20667756,aot,72399972.76923077,
20668311,aot,90900517.83333333,
20668387,aot,74019186.30263157,
20668323,aot,53657714.24691358,
20668386,aot,58832655.7260274,
20668380,aot,91272753.29508197,
20668117,aot,58128380.78333333,
20667826,aot,141176074.10526314,
20667582,aot,63729336.21311475,
20668382,aot,117852899.1111111,
20667772,aot,52561326.57746479,
20668084,aot,127249916.35,
20668591,aot,120580857.3888889,
20667588,aot,120243585.18421052,
20667989,aot,61279955.53448276,
20668889,aot,102022812.8888889,
20667462,aot,55706454.23529412,
20668601,aot,92292421.94117647,
20668997,aot,30690170.25882353,
20668022,aot,144509630.1388889,
20668489,aot,39501563.451327436,
20667481,aot,73250136.1521739,
20669083,aot,75724348.70689656,
20668995,aot,9805306.250988143,
20668096,aot,3270227.6243243245,
20668461,aot,86164543.25,
20668103,aot,38204725.64516129,
20668698,aot,81276517.89655173,
20668081,aot,85600154.95121951,
20667471,aot,65586878.23655914,
20669089,aot,67272426.06666666,
20669084,aot,70269460.1882353,
20668559,aot,64335977.907692306,
20668895,aot,139520358.39130434,
20668900,aot,95344321.08,
20667845,aot,71560321.73846154,
20667466,aot,76352535.81034483,
20668077,aot,33434110.58015267,
20667463,aot,106621281.15517241,
20668546,aot,89224215.2195122,
20667991,aot,139890092.23333332,
20668892,aot,42534373.13207547,
20668425,aot,80190862.5625,
20668167,aot,94149477.03571428,
20668613,aot,43684899.55789474,
20668383,aot,79534692.10714285,
20667432,aot,57452311.8021978,
20668388,aot,19620128.019230768,
20668713,aot,89149368.48333333,
20668312,aot,79042200.19672132,
20668102,aot,82556933.68181819,
20668707,aot,112200023.98,
20668118,aot,53349894.83516484,
20668076,aot,81406532.15294118,
20668324,aot,114073946.29268293,
20667583,aot,63916743.5875,
20667773,aot,89344014.3018868,
20668592,aot,102386085.0,
20667827,aot,116300145.54166667,
20667589,aot,47039481.988235295,
20669085,aot,69366321.93023255,
20668023,aot,58831905.7,
20667990,aot,37500840.047619045,
20667590,aot,2113274.968115942,
20667482,aot,41240299.72815534,
20668897,aot,102308988.58461538,
20668490,aot,84801753.5471698,
20668602,aot,80405128.74242425,
20668890,aot,74621869.5479452,
20668462,aot,74914669.59016393,
20668996,aot,113278977.025,
20667592,aot,77631800.48484848,
20667775,aot,28440858.02614379,
20668901,aot,71850846.25,
20668560,aot,71352321.64705883,
20669090,aot,87884809.90243903,
20668896,aot,77851314.2826087,
20668104,aot,92068393.92,
20668699,aot,50686498.25,
20668998,aot,101052365.81666666,
20667846,aot,42380000.03,
20667591,aot,159136128.21052632,
20668078,aot,152593187.80769232,
20668547,aot,60294587.02941176,
20668614,aot,58111013.30909091,
20667472,aot,78232285.16901408,
20667467,aot,67376945.85,
20668168,aot,62945194.50769231,
20667488,aot,69297589.18181819,
20667848,aot,128196902.04,
20668325,aot,25759006.412903227,
20667992,aot,3278094.3584905663,
20668714,aot,125095192.67741935,
20668331,aot,34829913.664,
20668566,aot,77260755.09638554,
20668593,aot,36310224.315789476,
20668893,aot,146418946.2222222,
20667433,aot,108272400.27083333,
20668119,aot,77224661.47540984,
20667774,aot,68823240.82539682,
20669086,aot,46575506.8359375,
20668389,aot,153865241.66666666,
20668313,aot,95809792.47272727,
20668708,aot,69652770.8974359,
20668337,aot,72175804.72916667,
20668898,aot,97316255.97777778,
20668426,aot,103760812.38235295,
20667584,aot,93092862.2413793,
20668572,aot,73913178.45070423,
20667483,aot,93957947.31707317,
20668999,aot,54271043.655555554,
20668106,aot,50168520.705882356,
20668902,aot,72360726.84210527,
20668024,aot,64614946.96385542,
20668107,aot,68737322.95652173,
20668431,aot,143508684.4857143,
20668491,aot,9406965.236538462,
20668463,aot,38591817.02586207,
20668603,aot,95132911.97777778,
20668561,aot,76222627.48214285,
20668607,aot,92632028.8,
20668132,aot,96986955.0,
20668105,aot,41080759.20689655,
20667849,aot,28593830.03076923,
20668700,aot,111359323.7,
20668615,aot,28460420.891304348,
20668434,aot,111520556.075,
20669091,aot,96081217.63793103,
20667847,aot,94369339.94339623,
20667776,aot,169612543.4857143,
20667473,aot,24506530.23404255,
20668169,aot,64165262.114754096,
20668548,aot,59185957.0,
20668432,aot,69359692.575,
20668038,aot,53828894.62857143,
20668715,aot,122537375.15384616,
20667489,aot,87359143.54347827,
20667468,aot,101869536.05660377,
20667474,aot,82000726.96363637,
20667993,aot,110024723.6097561,
20668332,aot,102709135.53333333,
20668314,aot,80975157.66666667,
20668050,aot,76153144.43396227,
20668326,aot,87454267.58730158,
20668009,aot,53232853.64444444,
20668594,aot,133471102.36363636,
20668569,aot,107398445.68888889,
20668567,aot,105234537.9245283,
20668899,aot,25485988.80346821,
20667484,aot,42453610.46315789,
20668108,aot,51229296.18461538,
20667434,aot,98062404.95,
20668120,aot,67754365.43529412,
20668709,aot,89375159.98333333,
20668427,aot,106867821.34146342,
20668003,aot,90290488.5,
20668573,aot,111253400.80555555,
20667585,aot,66138194.381578945,
20668338,aot,56706827.23,
20668433,aot,36311307.24827586,
20668903,aot,177909684.30769232,
20667778,aot,77451201.35384615,
20668025,aot,101156566.56,
20668428,aot,70813199.575,
20668012,aot,43777785.75728156,
20668492,aot,133137219.975,
20668316,aot,55356977.827586204,
20668604,aot,68537983.6,
20669092,aot,105498180.27272727,
20667850,aot,109816143.28947368,
20668562,aot,96009577.04,
20668435,aot,103879572.275,
20668507,aot,83554025.75,
20668133,aot,53120959.25242718,
20668608,aot,64613500.89772727,
20668616,aot,85414116.0,
20668472,aot,72981762.36666666,
20668701,aot,108639980.31372549,
20668170,aot,56677723.49333333,
20668464,aot,130247658.01785715,
20667469,aot,49146830.7125,
20668716,aot,48203686.18,
20667490,aot,93078486.07272728,
20668549,aot,73668782.38271604,
20668039,aot,89288776.29230769,
20667475,aot,53696994.35164835,
20668327,aot,55914610.211267605,
20667994,aot,17332908.184027776,
20667777,aot,82087448.68235295,
20668138,aot,68747514.09803921,
20667435,aot,23736218.157575756,
20667485,aot,46760973.90909091,
20668010,aot,46446548.97087379,
20668051,aot,57966055.78947368,
20668595,aot,68546601.13636364,
20667586,aot,82943932.86046511,
20668315,aot,58524905.37623762,
20668121,aot,44539633.72448979,
20668710,aot,68001563.90476191,
20668333,aot,53680533.89655172,
20668574,aot,114063170.51428571,
20668568,aot,34583799.69620253,
20668570,aot,60698466.88172043,
20668144,aot,66195613.97674418,
20668004,aot,81705168.80882353,
20668339,aot,58594607.89772727,
20668711,aot,68346945.06666666,
20668026,aot,66542855.09210526,
20668904,aot,2909390.5880829017,
20668429,aot,52110485.336842105,
20668141,aot,108711956.23913044,
20668508,aot,68289848.73584905,
20668013,aot,121622125.63636364,
20668702,aot,14229771.176,
20668317,aot,71904104.66153847,
20667779,aot,88075987.94117647,
20668473,aot,50674715.73239437,
20668605,aot,98416103.32608695,
20668609,aot,72811285.8275862,
20668563,aot,63944339.4875,
20668493,aot,86139631.75384615,
20668340,aot,104045223.26,
20668717,aot,40126577.864583336,
20668465,aot,77913147.66666667,
20668550,aot,56200438.565789476,
20668436,aot,91145645.84848484,
20668551,aot,98456012.16666667,
20668617,aot,113309297.70588236,
20668134,aot,103286614.52459016,
20667491,aot,61362412.614285715,
20667997,aot,5498144.784182305,
20668171,aot,89690685.02739726,
20668328,aot,79771074.5862069,
20667486,aot,74968774.12,
20668341,aot,81633458.1904762,
20667995,aot,138675361.1818182,
20668040,aot,77186728.32857142,
20667436,aot,67846933.55384615,
20668342,aot,54237670.21052632,
20668318,aot,65450043.677777775,
20668011,aot,90075720.6521739,
20668575,aot,63443983.09836066,
20667447,aot,66405046.06060606,
20668139,aot,6328704.045989305,
20668619,aot,32207797.65942029,
20667441,aot,111547839.6097561,
20668052,aot,52615462.39,
20668334,aot,111129966.81395349,
20668150,aot,105649439.91428572,
20668571,aot,56962595.31111111,
20668005,aot,101589072.58139534,
20668596,aot,79633607.625,
20668122,aot,92303393.78461538,
20668145,aot,76550772.04651164,
20668905,aot,163561665.84615386,
20668610,aot,8395718.940594058,
20668509,aot,59343225.81395349,
20668430,aot,106113746.75555556,
20668027,aot,68340359.25641026,
20668478,aot,90877237.23076923,
20668000,aot,47897125.68571428,
20668474,aot,36305328.294117644,
20668014,aot,73549519.1875,
20667780,aot,75777043.61428571,
20668142,aot,69890249.83516483,
20668598,aot,11108152.144736841,
20668494,aot,67721605.50666666,
20667438,aot,83394577.5,
20668153,aot,88854343.23214285,
20668564,aot,156029453.03225806,
20668466,aot,108277338.5,
20668552,aot,82090490.83636364,
20668704,aot,92576034.14285715,
20668606,aot,107087443.16393442,
20668703,aot,123394280.80357143,
20667998,aot,138544022.73076922,
20668329,aot,28469180.40397351,
20668618,aot,78322565.86764705,
20668135,aot,41279014.192307696,
20668622,aot,84277198.58139534,
20667448,aot,33495794.533333335,
20667437,aot,66209940.163934425,
20668576,aot,38332522.99115044,
20667492,aot,105505721.41818182,
20667439,aot,79231201.73214285,
20668041,aot,21483790.936,
20667487,aot,111300281.7173913,
20668495,aot,68529419.02666667,
20668620,aot,36794772.576,
20668553,aot,93192124.50980392,
20668172,aot,59992182.961904764,
20668140,aot,113493633.7804878,
20667996,aot,74793953.18604651,
20667442,aot,70287539.78666666,
20668597,aot,38020371.7037037,
20668151,aot,66556473.614285715,
20668335,aot,52981483.614583336,
20668006,aot,78706156.0,
20668053,aot,83759931.92105263,
20668123,aot,15678101.423423423,
20668028,aot,190034.93828304217,
20668146,aot,30044876.012820512,
20668612,aot,69635671.97826087,
20668611,aot,154625057.71052632,
20668475,aot,98983947.48484848,
20667494,aot,102769157.62222221,
20668599,aot,140413185.51612905,
20668479,aot,134121233.66666667,
20668510,aot,109706006.08333333,
20668147,aot,96856295.24390244,
20668154,aot,68584638.86206897,
20668007,aot,53377034.77272727,
20668467,aot,75579650.41071428,
20668001,aot,127673083.81395349,
20668621,aot,92926491.5263158,
20668623,aot,27677417.735955056,
20668501,aot,34454713.483333334,
20668044,aot,65783421.54216868,
20668143,aot,145898777.91666666,
20668152,aot,44686630.68115942,
20668705,aot,78303344.44615385,
20667999,aot,62795992.6,
20667449,aot,78013108.60784313,
20668624,aot,81577392.85245901,
20668565,aot,97787853.65079366,
20668481,aot,68856088.875,
20668047,aot,111544958.6981132,
20668048,aot,38081113.73469388,
20667440,aot,36940071.938053094,
20667450,aot,69883972.18421052,
20668577,aot,148579351.44,
20668136,aot,113581289.9,
20668469,aot,96806276.13157895,
20668330,aot,150663954.77142859,
20668173,aot,93307602.06521739,
20668045,aot,46305623.63809524,
20667493,aot,92531312.27586207,
20667497,aot,66801218.28169014,
20668049,aot,80690636.61818182,
20668496,aot,94987452.16071428,
20668476,aot,85809589.39622642,
20667443,aot,100116890.6875,
20668042,aot,108123368.24528302,
20667498,aot,85978175.27272727,
20668054,aot,67560764.43076923,
20668336,aot,106118033.57894737,
20668008,aot,119242499.425,
20668029,aot,139292327.9642857,
20668124,aot,135079917.2,
20668600,aot,84155399.3,
20668504,aot,86525251.79166667,
20668155,aot,76105135.0,
20667495,aot,99021762.83333333,
20668498,aot,106665197.875,
20668470,aot,68634014.16,
20668505,aot,130059054.23684211,
20668480,aot,114848981.62745099,
20668056,aot,66116165.34920635,
20668148,aot,90156559.08333333,
20668002,aot,39753237.3,
20668149,aot,19320741.94402985,
20667444,aot,43183764.55555555,
20668046,aot,75708504.72131148,
20668126,aot,131410234.17777778,
20667496,aot,76846538.41071428,
20668497,aot,44029873.718446605,
20668511,aot,91455152.93333334,
20668482,aot,52715410.376344085,
20668203,aot,25466387.67777778,
20668137,aot,57313351.01136363,
20668506,aot,33160755.67857143,
20668059,aot,99048538.33333333,
20667499,aot,104360299.58490565,
20667451,aot,72967348.84126984,
20668483,aot,91294798.25,
20668043,aot,79925309.3,
20668502,aot,143512491.71052632,
20668030,aot,51470476.989473686,
20668468,aot,38488708.379807696,
20667445,aot,97463117.91111112,
20668477,aot,89630994.58730158,
20668060,aot,63808887.4,
20668032,aot,71098610.45,
20668125,aot,93047849.6981132,
20668174,aot,60111511.10204082,
20668471,aot,72376491.66666667,
20668519,aot,93107858.53846154,
20668226,aot,64879022.28,
20668513,aot,70634503.5890411,
20668031,aot,160469946.9090909,
20668127,aot,97894600.08,
20668129,aot,38404694.2972973,
20668055,aot,70962389.90625,
20668035,aot,29660055.552941177,
20667446,aot,61951355.17283951,
20667452,aot,85703033.58490565,
20668499,aot,51513367.43636364,
20668130,aot,125182689.48780487,
20668516,aot,97031111.86274509,
20668057,aot,176543668.8857143,
20668131,aot,46394974.42276423,
20668058,aot,48297022.55555555,
20668033,aot,43012116.428571425,
20668517,aot,127361968.02857143,
20668176,aot,100389635.39130434,
20668179,aot,98423767.6,
20668175,aot,85783605.54545455,
20668503,aot,35636571.6097561,
20668128,aot,82541491.6031746,
20668191,aot,61176128.53333333,
20668515,aot,48814116.756410256,
20668238,aot,50866082.01234568,
20668525,aot,259238098.4,
20668514,aot,77098995.0,
20668061,aot,79789926.16666667,
20668518,aot,50667179.33884297,
20668232,aot,81977408.88,
20668528,aot,96023701.60869566,
20668214,aot,85136796.75471698,
20668204,aot,97366126.85365854,
20668036,aot,92932751.41818182,
20668512,aot,76028781.9375,
20668230,aot,77469371.82,
20668522,aot,79131957.04545455,
20668520,aot,31636026.95625,
20668228,aot,68039629.19642857,
20668220,aot,46558716.466019414,
20668500,aot,96652268.05,
20668227,aot,78891487.4,
20668037,aot,77090899.05,
20668229,aot,74867784.31764705,
20668244,aot,128922185.88571429,
20668523,aot,37561336.17045455,
20668205,aot,81542303.20754717,
20668208,aot,97889293.95652173,
20668530,aot,112023917.6111111,
20668529,aot,77354881.94366197,
20668206,aot,53439828.421052635,
20668526,aot,47425847.34939759,
20668215,aot,21792168.25123153,
20668217,aot,66724584.85714286,
20668223,aot,41845889.03703704,
20668247,aot,99078381.13114753,
20668211,aot,76379755.8490566,
20668224,aot,122812929.5,
20668237,aot,96663256.16666667,
20668177,aot,46353635.23140496,
20668236,aot,75461527.56818181,
20668527,aot,80781590.96969697,
20668235,aot,107665327.77142857,
20668213,aot,80941504.08928572,
20668034,aot,161211895.25581396,
20668239,aot,5413104.070807453,
20668241,aot,155603326.15151516,
20668216,aot,76661352.63076924,
20668197,aot,70374305.67948718,
20668225,aot,60319611.26027397,
20668212,aot,83067753.28571428,
20668192,aot,63764975.358024694,
20668231,aot,64247300.31428572,
20668194,aot,107593986.0263158,
20668209,aot,47913472.708333336,
20668234,aot,148266411.14285713,
20668233,aot,14732703.98391421,
20668207,aot,50449724.346938774,
20668193,aot,69335334.57534246,
20668218,aot,64136442.46666667,
20668178,aot,33384091.2109375,
20668180,aot,171597090.7777778,
20668202,aot,53729533.5,
20668245,aot,83050232.32786885,
20668521,aot,111922723.72727273,
20668185,aot,27475808.184931505,
20668201,aot,48337934.1,
20668242,aot,46474269.893203884,
20668524,aot,95293557.27272727,
20668198,aot,54445980.81690141,
20668200,aot,84021120.01960784,
20668181,aot,43938265.27906977,
20668188,aot,48283731.60294118,
20668183,aot,51133836.19178082,
20668246,aot,7035899.997876857,
20668182,aot,85376106.54166667,
20668210,aot,92396823.26829268,
20668243,aot,48658825.42045455,
20668184,aot,72405143.5,
20668186,aot,62941580.36666667,
20668221,aot,93338089.9245283,
20668248,aot,53007206.53424658,
20668189,aot,43402334.77647059,
20668199,aot,48551126.872727275,
20668222,aot,43301806.37142857,
20668195,aot,7691683.029885057,
20668219,aot,39718311.73493976,
20668249,aot,48698332.46969697,
20668190,aot,64115494.981818184,
20668187,aot,34512500.37362637,
20668240,aot,63208197.083333336,
20668196,aot,52132573.09859155,
20667406,native,2781717.044428259,
20663750,native,59527752.45283019,
20663491,native,36849355.51891892,
20667593,native,20557251.411904763,
20665250,native,59326555.90196078,
20667312,native,53033877.320754714,
20664406,native,35386703.172413796,
20663538,native,57480303.12328767,
20663597,native,59813439.072289154,
20663656,native,68947170.03174603,
20667875,native,58527529.8372093,
20664312,native,54996482.27027027,
20663468,native,75737082.17073171,
20664182,native,59734387.36923077,
20664194,native,55368640.25714286,
20663585,native,40531400.13265306,
20664125,native,46896254.99230769,
20667323,native,49823208.47586207,
20667500,native,69247459.23255815,
20663632,native,53068407.16428571,
20667335,native,66322243.42465753,
20663591,native,61482184.365079366,
20663573,native,65788175.38028169,
20664136,native,93828938.91304348,
20664171,native,35160792.666666664,
20664500,native,66577045.73,
20667359,native,70046208.70967741,
20663609,native,87352692.35555555,
20663562,native,39172939.38095238,
20664218,native,97460241.31111111,
20667546,native,77828053.03333333,
20664148,native,98094482.89655173,
20663515,native,75218163.35294117,
20664687,native,32212347.854092527,
20663567,native,75743943.34444444,
20664593,native,91129998.64583333,
20667687,native,65333702.12631579,
20665625,native,88007376.6226415,
20663479,native,88184013.33962265,
20664188,native,67225796.60958904,
20666375,native,49069567.50588235,
20664130,native,86300975.54411764,
20663375,native,65910771.907692306,
20667125,native,145603665.22857141,
20667523,native,127492578.73333333,
20664875,native,143558773.12195122,
20663751,native,49232375.29090909,
20665251,native,78249436.5,
20664206,native,92173587.0990099,
20663657,native,35405514.04854369,
20667876,native,58415113.98214286,
20667313,native,58197919.26984127,
20663592,native,34093579.94186047,
20664407,native,51753582.240963854,
20663492,native,104345381.68,
20667407,native,140000793.0,
20667336,native,34262553.76530612,
20664126,native,65143922.344262294,
20664501,native,61704567.321428575,
20663469,native,42020750.112068966,
20667594,native,103712593.375,
20663598,native,50511148.574257426,
20664195,native,29514458.85549133,
20664183,native,59336831.10227273,
20663586,native,109662435.36585365,
20667501,native,57487435.84375,
20663539,native,111143354.71666667,
20663574,native,62547357.44318182,
20663516,native,70454732.5,
20663633,native,48347238.222222224,
20664172,native,94940892.86666666,
20667360,native,63601479.07777778,
20664313,native,73311439.3368421,
20667126,native,85853340.975,
20664189,native,82201243.64285715,
20667547,native,63460132.98795181,
20667324,native,65898381.11,
20664594,native,58168441.36046512,
20663610,native,49918489.208333336,
20667688,native,43574655.358333334,
20664688,native,151324994.3030303,
20664219,native,40222103.02,
20664149,native,52947962.72173913,
20663563,native,73501467.88636364,
20664876,native,73456929.4509804,
20664131,native,53953819.55238095,
20663376,native,52361325.333333336,
20664137,native,92141705.05,
20665626,native,43571094.88652483,
20663568,native,47795225.5177305,
20666376,native,80453426.075,
20665252,native,44743715.35294118,
20663480,native,61155283.486725666,
20664207,native,65900887.25757576,
20667877,native,53509740.961538464,
20663493,native,41920251.4,
20663658,native,97072037.81395349,
20663752,native,52256303.61788618,
20664408,native,68340618.14285715,
20667524,native,75349597.57281554,
20663470,native,52383532.7375,
20667502,native,52528896.47058824,
20664127,native,79171862.95238096,
20667314,native,76591990.41025642,
20663593,native,67887407.3375,
20663587,native,55362422.42465753,
20667408,native,130141380.3902439,
20664502,native,90311642.94545455,
20667595,native,45089384.46551724,
20663540,native,33478091.277777776,
20663599,native,92053252.41509435,
20664196,native,96183687.01886792,
20664184,native,75208518.37142856,
20667337,native,156524110.75,
20664173,native,60095927.295774646,
20667361,native,32873853.43918919,
20663575,native,44189853.31896552,
20663634,native,98505724.06521739,
20663517,native,50532171.49074074,
20667548,native,80655395.38333334,
20664595,native,50496313.20388349,
20664877,native,58693018.82191781,
20667127,native,70746523.28395061,
20664689,native,55640120.53333333,
20665627,native,111851837.71428572,
20664314,native,47885713.008,
20667325,native,82521106.68571429,
20663611,native,59963561.307692304,
20664190,native,87405644.7887324,
20664138,native,57951649.77906977,
20663377,native,32019151.34939759,
20664150,native,82649009.24242425,
20667689,native,57568253.05405405,
20663481,native,67553722.55882353,
20663564,native,54697315.84684685,
20667878,native,81630359.04651164,
20664220,native,73995505.57142857,
20665253,native,81139768.80882353,
20666377,native,95702673.24590164,
20663753,native,57514210.22727273,
20664208,native,62954874.65384615,
20664132,native,69704408.12,
20663659,native,79974451.87272727,
20663494,native,30208015.675,
20663569,native,91842761.85714285,
20667409,native,70940527.3478261,
20664409,native,61469015.8313253,
20664503,native,51575614.19736842,
20667525,native,46444757.783783786,
20663594,native,73680850.0862069,
20663588,native,61023305.679487176,
20667315,native,59465534.73255814,
20663600,native,60054769.4125,
20663471,native,43499275.78767123,
20664185,native,102756151.88372093,
20667503,native,79936534.66666667,
20667596,native,6904441.351383875,
20664197,native,85682056.62068966,
20663541,native,69465026.3255814,
20663576,native,55592872.77906977,
20664128,native,65789652.14545455,
20664174,native,81336776.76923077,
20663635,native,75150271.06349206,
20663518,native,104942202.65116279,
20667338,native,64147218.50537635,
20665628,native,13075948.082152974,
20664690,native,75363304.22222222,
20667362,native,138898615.575,
20667326,native,71609569.01538461,
20664596,native,48053219.90909091,
20663482,native,51571336.815789476,
20667128,native,33945083.193939395,
20664191,native,103641930.51162791,
20667549,native,86702038.3235294,
20664315,native,87152360.70689656,
20663378,native,105347421.68292683,
20664139,native,37450875.0078125,
20664221,native,72134242.79365079,
20664151,native,92873335.31147541,
20664878,native,64677673.45945946,
20663612,native,63169882.514563106,
20663565,native,109496125.10416667,
20667690,native,8681155.805128206,
20664133,native,58916658.11111111,
20666378,native,87684357.06557377,
20665254,native,33010000.679775283,
20667879,native,61806408.45631068,
20667410,native,39916272.6173913,
20663660,native,50021307.60909091,
20663495,native,172885811.48,
20664209,native,57437520.08,
20664504,native,61200984.276923075,
20664410,native,34568388.374045804,
20663754,native,68424457.69473684,
20667316,native,39356631.01941747,
20663595,native,86508312.18333334,
20663589,native,67813545.70512821,
20663570,native,84343897.61363636,
20667504,native,49250311.51111111,
20663601,native,89020574.09836066,
20667526,native,76822459.61445783,
20663542,native,41446436.28181818,
20664186,native,79379363.65151516,
20663519,native,59091193.90909091,
20664175,native,41366460.19811321,
20667597,native,139718442.4473684,
20664129,native,74175683.6923077,
20663636,native,42899185.62068965,
20663472,native,76331991.57647058,
20664198,native,58066638.56603774,
20667339,native,56192782.10843374,
20664316,native,40352076.41935484,
20667327,native,136278925.66666666,
20665629,native,53214737.27368421,
20667550,native,18672080.632,
20667129,native,78070078.46666667,
20667363,native,61750630.78409091,
20664140,native,75610322.58730158,
20664192,native,67190920.1111111,
20663483,native,67850959.0,
20663577,native,111021894.06060606,
20664597,native,84208151.42666666,
20664691,native,68381039.57291667,
20663379,native,74868886.09411764,
20664134,native,32653807.57894737,
20663613,native,41897753.61788618,
20665255,native,96248935.23913044,
20663496,native,53069732.38372093,
20666379,native,51289026.663157895,
20667411,native,79076633.12068966,
20664879,native,50574763.52586207,
20664222,native,79690594.3373494,
20663661,native,64615857.3875,
20664411,native,81027228.80357143,
20664210,native,47490543.522522524,
20663590,native,62777397.39215686,
20663566,native,84467436.1875,
20664505,native,60257211.0,
20667505,native,67183127.82142857,
20663602,native,53217237.70769231,
20667880,native,76317273.5,
20667691,native,122505990.0,
20663755,native,87930781.10606061,
20667317,native,67984932.13636364,
20667527,native,54121010.08974359,
20663571,native,57044901.09638554,
20664152,native,82995516.26530612,
20663596,native,60063173.56626506,
20663520,native,56521931.67346939,
20663703,native,52663796.02105263,
20664176,native,84236764.52307692,
20667340,native,64426008.08,
20663473,native,81140758.60344827,
20664199,native,75523368.21538462,
20664317,native,62874692.16049383,
20663543,native,78436404.16867469,
20664187,native,99306791.75757575,
20663637,native,58130569.62244898,
20667598,native,134837474.02222222,
20663578,native,38511939.83495145,
20664141,native,94209442.4528302,
20665630,native,108697814.01818182,
20667551,native,51982926.333333336,
20667130,native,7331363.613173652,
20667364,native,95878895.24590164,
20663484,native,90342724.67272727,
20664135,native,53182502.26506024,
20664598,native,55448392.70967742,
20665256,native,49159602.58139535,
20664880,native,45866917.461538464,
20663380,native,67698378.56,
20667328,native,61552598.472,
20663614,native,109151592.95348836,
20664193,native,65808617.61,
20664692,native,69977913.4516129,
20664211,native,98118744.29166667,
20663756,native,44473493.3373494,
20663662,native,29048500.325842697,
20664506,native,45517563.655555554,
20664223,native,55936379.97029703,
20666380,native,61789670.12631579,
20664200,native,42259675.12931035,
20664412,native,63882699.084337346,
20667506,native,67398232.27692308,
20667412,native,76266560.93827161,
20667881,native,62925759.38028169,
20663497,native,145905261.23255813,
20663526,native,55600618.04854369,
20664153,native,48731025.96511628,
20667692,native,28902669.755681816,
20667640,native,55653087.144578315,
20663603,native,84433799.06060606,
20667318,native,100345941.85454546,
20667341,native,63754218.64285714,
20663503,native,65744816.39344262,
20667528,native,189360168.3,
20663521,native,81801443.37931034,
20664177,native,76047489.46031746,
20663572,native,70621799.6632653,
20663474,native,78272751.63235295,
20663544,native,62556763.26506024,
20664318,native,58820660.56666667,
20663523,native,76395445.45454545,
20667663,native,42175513.98901099,
20663638,native,75932326.11428571,
20663579,native,82631917.76666667,
20664142,native,54443786.47058824,
20667599,native,72144907.61333333,
20667131,native,42102957.23809524,
20663704,native,100380256.27941176,
20667552,native,54975627.0989011,
20665257,native,38812232.03773585,
20667365,native,87139046.72727273,
20663615,native,46265601.03488372,
20663524,native,69439879.76363637,
20663485,native,91758680.31147541,
20663381,native,107424257.42222223,
20664599,native,71206512.875,
20665631,native,75100779.5340909,
20663498,native,48849202.87142857,
20664212,native,42830213.09009009,
20664413,native,23807378.610810813,
20667329,native,45252144.66153846,
20663527,native,60348282.166666664,
20664881,native,62574592.32038835,
20664693,native,67105810.0,
20667507,native,59618470.775,
20664224,native,56825952.875,
20663757,native,51715331.63106796,
20667882,native,56165744.26506024,
20664201,native,95332138.4,
20667413,native,41768660.048780486,
20663663,native,94950589.4,
20667319,native,63236920.18867925,
20663604,native,60673263.0,
20667693,native,90785915.73584905,
20664507,native,72780119.98947369,
20667641,native,72806370.80263157,
20664453,native,61351411.74545454,
20666381,native,74963310.72,
20667529,native,78783615.46428572,
20663504,native,37335676.389312975,
20664154,native,107899402.11764705,
20667342,native,63918962.229166664,
20663475,native,49272102.64210527,
20663639,native,71865175.06896552,
20664143,native,63614098.25,
20664319,native,99064142.54,
20663522,native,113278954.54545455,
20663580,native,85997075.6,
20667664,native,60656727.77108434,
20667366,native,39647053.8490566,
20664178,native,85867302.76,
20665258,native,74033245.41538462,
20663705,native,53840132.593406595,
20667132,native,127045951.60526316,
20665632,native,4098268.782937365,
20667553,native,77155615.28,
20663545,native,83711283.4691358,
20664213,native,61850723.93939394,
20667600,native,73519681.125,
20663528,native,9251620.469483567,
20663486,native,27639542.57948718,
20663525,native,76025723.84615384,
20664225,native,44730224.25,
20663382,native,33547602.192546584,
20663679,native,74603067.83962265,
20663616,native,92534839.97058824,
20664414,native,132659376.74285714,
20667330,native,88444134.4,
20667508,native,76351126.65,
20664694,native,84011326.48333333,
20664882,native,79465761.26153846,
20664202,native,68479417.64705883,
20664600,native,71232209.625,
20667694,native,46039901.552083336,
20663499,native,33125745.772727273,
20663605,native,83745184.42857143,
20667883,native,50010592.313043475,
20666382,native,57771745.666666664,
20663664,native,67924869.76666667,
20667320,native,77009404.6875,
20667642,native,88486281.17857143,
20667414,native,39396365.97109827,
20663758,native,63109824.345132746,
20664640,native,4297905.995962315,
20667343,native,55774525.28205128,
20667530,native,68292337.825,
20664155,native,51257490.76530612,
20663581,native,53219518.5,
20664508,native,75470714.67032968,
20663505,native,104784408.63636364,
20664179,native,71067023.72,
20663640,native,44142899.53636364,
20664454,native,67162178.6699029,
20667133,native,88401272.63414635,
20663706,native,53155215.10843374,
20665633,native,87531184.08888888,
20667665,native,58408639.48888889,
20664320,native,53506496.83809524,
20667367,native,79969564.96923077,
20665259,native,58321447.92941176,
20667601,native,82003867.0,
20664144,native,62087406.67,
20664226,native,57307961.28571428,
20663487,native,76708247.88679245,
20663529,native,119803077.97222222,
20664883,native,84724870.4,
20664616,native,42097592.33050848,
20663546,native,79808802.87323944,
20667554,native,66242206.77419355,
20663680,native,75042592.46031746,
20664203,native,61304696.43076923,
20663476,native,124994122.61764705,
20663617,native,49334253.9,
20664415,native,49568758.30909091,
20667331,native,67071079.615384616,
20663383,native,107874267.13725491,
20663606,native,78119889.3275862,
20666383,native,30003351.281481482,
20664214,native,61202355.43478261,
20667884,native,36174749.316176474,
20667695,native,66429350.67901234,
20663665,native,45498804.98795181,
20663759,native,50343543.85294118,
20663500,native,73972703.55263157,
20667321,native,58898923.6625,
20664695,native,57149150.55371901,
20667509,native,78583121.3076923,
20664601,native,60633295.47826087,
20667344,native,117154607.97222222,
20667643,native,98745349.23214285,
20667531,native,25772859.122171946,
20667666,native,40241925.23469388,
20665634,native,62223635.54098361,
20667368,native,34370550.449152544,
20664156,native,73511037.42307693,
20667415,native,106550576.88235295,
20664641,native,136778545.26666668,
20663641,native,124535365.0,
20663506,native,57958893.02970297,
20664180,native,61794207.44318182,
20663582,native,54992285.65853658,
20664321,native,85350822.78571428,
20663707,native,35883667.8445946,
20664455,native,67216422.3956044,
20667134,native,73450051.25581396,
20664509,native,91713725.5,
20665260,native,102211370.8235294,
20664617,native,33056509.77966102,
20664145,native,79228973.30882353,
20663681,native,44766349.823529415,
20667332,native,70294096.69565217,
20663547,native,39933783.573913045,
20664884,native,51940348.74489796,
20663607,native,45560236.927710846,
20664204,native,53916535.177777775,
20663488,native,72673871.64197531,
20663530,native,80675377.48571429,
20664227,native,73189891.95348836,
20667602,native,63641361.63478261,
20663477,native,70455342.48717949,
20667555,native,98672751.37931034,
20663384,native,37611239.71631206,
20663618,native,60131719.166666664,
20663666,native,62448157.73493976,
20666384,native,100344437.90566038,
20667322,native,119439190.66666667,
20664696,native,56594428.29333334,
20663501,native,47967269.6,
20667510,native,27359246.072727274,
20664215,native,67530111.69318181,
20664416,native,123219478.67272727,
20664602,native,52302228.55913979,
20663760,native,16036647.171693735,
20667644,native,58394840.255555555,
20665635,native,39247416.320754714,
20667885,native,119980982.23809524,
20667345,native,56094887.80909091,
20667696,native,32516709.33469388,
20667667,native,57878681.38666666,
20663583,native,14208597.015384614,
20667416,native,5635853.095177665,
20664642,native,53605123.98795181,
20663642,native,65988296.97058824,
20663507,native,76884707.72131148,
20667135,native,69642562.5490196,
20664510,native,40369049.854166664,
20664157,native,82400831.27941176,
20664181,native,85174690.98412699,
20664146,native,52082283.39759036,
20663608,native,43101447.102564104,
20663708,native,127062396.9,
20664456,native,81083036.8095238,
20667369,native,113870919.81818181,
20664322,native,90898537.71212122,
20667532,native,128583356.71111111,
20664618,native,120868226.09756097,
20663682,native,97160914.6981132,
20663548,native,70206910.07575758,
20665261,native,64362235.655555554,
20664205,native,55958539.069767445,
20667556,native,17263105.715555556,
20663385,native,66096914.68852459,
20663489,native,68855701.20987654,
20667603,native,47626736.26956522,
20663531,native,87662511.3235294,
20667333,native,46190070.37837838,
20664228,native,108855230.03636363,
20664216,native,96193754.82926829,
20664697,native,89921364.04,
20664885,native,91381440.92105263,
20663619,native,58606528.59090909,
20663478,native,27240903.613636363,
20663667,native,41936096.9,
20663502,native,108845054.17391305,
20667511,native,74165065.07042253,
20664603,native,46526114.973451324,
20666385,native,124753498.62,
20664417,native,51229405.2972973,
20667645,native,42405183.75,
20667136,native,73669920.76470588,
20663761,native,166120806.93548387,
20667886,native,6340851.475308642,
20664511,native,22837394.595505618,
20663508,native,61461477.808823526,
20665437,native,126104479.60377358,
20663584,native,77231068.58461538,
20665636,native,69575591.37349397,
20667697,native,102893788.86666666,
20667668,native,61179184.15384615,
20667417,native,157073103.4516129,
20663709,native,12147378.946875,
20664643,native,52921185.13592233,
20664457,native,53138092.02941176,
20664158,native,78814234.10909091,
20663643,native,79214987.54411764,
20667346,native,53898823.69491526,
20667382,native,67633942.6849315,
20664147,native,96283955.98,
20664159,native,42835854.258064516,
20667533,native,6732407.393377484,
20663683,native,59320850.074074075,
20664476,native,70890666.31325302,
20665262,native,73683979.66666667,
20667370,native,59867783.777777776,
20664229,native,54070432.08196721,
20663549,native,97725214.63636364,
20664619,native,57317233.594339624,
20663668,native,42195683.2,
20664323,native,70045193.32631579,
20667334,native,95565315.26666667,
20663386,native,46270930.73913044,
20664698,native,54311792.73972603,
20663620,native,78065264.08,
20664886,native,62807539.941176474,
20667604,native,94565103.9245283,
20667557,native,121921572.7735849,
20663490,native,91299891.16666667,
20663532,native,28370648.83255814,
20667781,native,102746177.43396227,
20666000,native,97409875.98,
20664418,native,44733248.571428575,
20664604,native,60166735.833333336,
20663762,native,86926976.56,
20667512,native,100694497.74545455,
20665438,native,81260528.8478261,
20667887,native,133208371.03030303,
20666386,native,84061033.15873016,
20664217,native,25221060.396774195,
20663509,native,70905045.64788732,
20664546,native,110153213.73170732,
20667137,native,54862114.518867925,
20664512,native,41694714.71755725,
20663710,native,129010243.96969697,
20663644,native,67149330.98461539,
20665637,native,52993392.042105265,
20667698,native,57913914.0989011,
20667646,native,115616516.09433962,
20667534,native,85433748.02325581,
20667418,native,69475330.8875,
20664644,native,97316023.35849057,
20667383,native,19111242.14453125,
20667376,native,151228237.96666667,
20667669,native,91391955.96825397,
20667347,native,129355304.2,
20664160,native,59030582.22666667,
20664458,native,75171012.80246913,
20664230,native,55960121.84507042,
20665263,native,53430695.63953488,
20664620,native,45658640.79518072,
20663684,native,74481959.4,
20666750,native,61618562.37755102,
20664477,native,31149822.25531915,
20664628,native,87508124.11764705,
20663550,native,62672499.166666664,
20667782,native,31911976.62727273,
20667605,native,79197438.34482759,
20664699,native,70046101.34246576,
20663621,native,70121022.21333334,
20667371,native,90441006.58974358,
20663669,native,161345638.5277778,
20664324,native,73864156.50602409,
20666001,native,53235250.870588236,
20664419,native,55038025.83950617,
20663387,native,105586795.66153847,
20664887,native,63831992.018518515,
20666387,native,11516652.06329114,
20667513,native,61362404.43589743,
20667558,native,128955800.05660377,
20665343,native,101922043.94117647,
20663533,native,116328179.28571428,
20663763,native,61873144.02272727,
20667138,native,52404650.08139535,
20665390,native,69940716.73684211,
20663711,native,8431301.047863249,
20667699,native,68519175.72131148,
20663510,native,63898924.43209877,
20665439,native,87615729.08571428,
20664459,native,57662332.926470585,
20667419,native,37475773.01626016,
20664605,native,91231483.79452054,
20667647,native,61489700.266666666,
20664645,native,40876044.19090909,
20667670,native,39638871.71171171,
20665638,native,49448444.6460177,
20667377,native,52045455.88172043,
20667348,native,73525794.14285715,
20667888,native,79802353.6111111,
20664161,native,70636928.85294117,
20667535,native,60492785.02222222,
20664547,native,55382459.28455284,
20664513,native,138040670.95348838,
20667384,native,100895485.94642857,
20664621,native,58754153.13253012,
20663645,native,85737070.39759035,
20664629,native,55681884.27142857,
20663685,native,77715682.16666667,
20666751,native,76421272.78571428,
20664231,native,80781071.71830986,
20664478,native,83996246.05882353,
20667606,native,51031023.325,
20667783,native,87815818.53333333,
20665264,native,34052681.76410256,
20667372,native,52039391.927710846,
20663622,native,89093209.2745098,
20663388,native,23252194.31875,
20663551,native,84104891.64705883,
20664700,native,54077533.527777776,
20666388,native,82793808.275,
20664888,native,92344656.65116279,
20665344,native,39899178.20909091,
20663670,native,81691049.1923077,
20664420,native,84459938.08450705,
20663764,native,57840450.81690141,
20666002,native,111847949.50909092,
20664325,native,89342609.87671232,
20667559,native,73304148.13636364,
20667139,native,116040884.68571429,
20665440,native,44816758.488372095,
20663534,native,53007539.25,
20665391,native,86286333.32727273,
20667514,native,115002735.13725491,
20663712,native,10436474.366459627,
20664606,native,47725509.97849462,
20664646,native,41201569.00925926,
20667349,native,76882052.2264151,
20667700,native,78552601.47142857,
20664460,native,76110520.10606061,
20663511,native,82542801.17142858,
20667648,native,56291092.40860215,
20667378,native,66922146.40845071,
20667420,native,56380009.59,
20664548,native,63044565.4,
20664622,native,48028126.37037037,
20667607,native,57588456.323529415,
20663646,native,94250664.20833333,
20664630,native,53187294.16483516,
20667536,native,93131418.50819673,
20665639,native,114193920.14285715,
20667385,native,56940750.63265306,
20664162,native,71877988.75581396,
20667889,native,117468457.03773585,
20665265,native,79792791.79166667,
20667671,native,114001488.01639344,
20663686,native,45380426.24390244,
20666752,native,112160809.8372093,
20664514,native,62594058.5754717,
20664479,native,71817144.75641026,
20664232,native,55214818.179245286,
20663389,native,66665888.37704918,
20663623,native,56811962.333333336,
20664701,native,45904198.093023255,
20667784,native,54119918.91891892,
20666389,native,69682956.20634921,
20663552,native,25936318.040723983,
20665345,native,77847097.52083333,
20667373,native,96456573.52307692,
20667560,native,64677844.81428572,
20663765,native,61510433.025641024,
20666003,native,58761571.37349398,
20663535,native,64533077.46969697,
20664421,native,72974266.71830986,
20667140,native,94018720.2,
20663671,native,81798821.33846153,
20664889,native,55764756.06896552,
20665441,native,72904223.26470588,
20664461,native,35931868.905263156,
20667379,native,61087759.27272727,
20664607,native,71683856.03448276,
20664326,native,51869171.44628099,
20667350,native,88429476.5490196,
20663512,native,66947486.63333333,
20664647,native,64304768.86046512,
20667515,native,62113242.81553398,
20663713,native,157508939.91428572,
20663647,native,76366178.6981132,
20664549,native,71534593.01639344,
20667421,native,55716418.78125,
20665392,native,89294064.96153846,
20667649,native,51326280.425,
20667386,native,58840617.5890411,
20663687,native,48160002.90588235,
20664631,native,68359723.56164384,
20667701,native,56707104.81746032,
20664515,native,63145535.47619048,
20665266,native,59683897.38271605,
20667537,native,38554615.212765954,
20666753,native,51038687.623655915,
20667672,native,65046414.368421055,
20667890,native,47976369.231481485,
20664163,native,99267259.70588236,
20665640,native,54041991.97087379,
20664480,native,75809314.06896552,
20667608,native,36932572.45,
20664623,native,77930615.88,
20666390,native,63503027.06060606,
20663390,native,38535963.54961832,
20667374,native,58542160.96226415,
20667785,native,5372014.334040297,
20664233,native,63023282.10465116,
20663624,native,98704065.76785715,
20664890,native,17251264.55421687,
20663553,native,132638102.6969697,
20664702,native,46352428.82962963,
20666004,native,62773034.73015873,
20663766,native,56455618.44,
20667141,native,16585151.12890625,
20664608,native,52946969.385714285,
20665442,native,28214532.4375,
20667380,native,69429499.96923077,
20664462,native,59827621.46511628,
20665346,native,59171255.525,
20664327,native,46225757.4,
20664648,native,64984795.28571428,
20667351,native,41205790.45,
20664422,native,60468516.78095238,
20667561,native,66036336.79207921,
20663536,native,55911960.85,
20667422,native,40426350.820754714,
20663513,native,48552774.7,
20663648,native,65521804.61764706,
20663672,native,75043955.01052631,
20667516,native,73228613.54411764,
20663688,native,68603866.83928572,
20663714,native,93824098.47058824,
20667387,native,67166794.42307693,
20664550,native,21424611.64310954,
20664516,native,74453164.63492064,
20664632,native,12544189.097727273,
20667786,native,96403531.54545455,
20663625,native,45831036.06153846,
20667702,native,53627709.63,
20667673,native,93234695.47169812,
20667650,native,70741647.74074075,
20664624,native,48242151.1875,
20667538,native,84136488.89285715,
20667609,native,95968436.38,
20665267,native,72013179.74074075,
20666754,native,52248520.34234234,
20667891,native,18950946.87087087,
20664234,native,28232262.4,
20667375,native,13468277.375,
20664164,native,35328274.54301076,
20664891,native,78426242.94827586,
20665641,native,75913154.67777778,
20664481,native,36367012.52127659,
20665393,native,103551273.72839506,
20664609,native,41849634.0,
20663391,native,115737620.18867925,
20663554,native,68767154.47674419,
20666005,native,85777010.80327868,
20666391,native,185711140.5526316,
20667381,native,49233385.73863637,
20664703,native,94299681.87301587,
20664328,native,68224651.0,
20664463,native,67734626.80327868,
20667562,native,63217219.42,
20665443,native,114173780.81395349,
20663767,native,49902906.74796748,
20663537,native,37976916.9,
20667142,native,123618405.16666667,
20663649,native,78391581.18604651,
20664423,native,50978232.14772727,
20665347,native,71553641.42253521,
20663673,native,28970353.25,
20664649,native,61154033.74736842,
20667423,native,54910566.28888889,
20667352,native,87717417.41538462,
20667517,native,63071521.565789476,
20663514,native,77856724.5076923,
20667787,native,83747410.08888888,
20667674,native,63064503.41269841,
20666755,native,74896077.47826087,
20663689,native,87974049.6,
20667651,native,46748807.0989011,
20667539,native,37039146.74166667,
20664551,native,74495980.92957747,
20664633,native,89485923.16981132,
20664517,native,31069892.72631579,
20667388,native,53430419.29565217,
20663715,native,94496961.63636364,
20665394,native,41482675.65882353,
20667703,native,22765914.14661654,
20664625,native,60339812.583333336,
20665268,native,65538082.03614458,
20664892,native,103773043.34883721,
20663626,native,79260287.51851852,
20667892,native,63888298.105882354,
20666392,native,7417651.576470588,
20664235,native,129494384.15,
20667610,native,62316044.0,
20664165,native,73234479.65333334,
20665642,native,117088044.53333333,
20663392,native,55567128.65116279,
20664482,native,87608071.6031746,
20663555,native,56719884.3,
20667563,native,44188424.96842105,
20664329,native,41763365.702970296,
20665062,native,40628515.88983051,
20665444,native,59246487.306666665,
20667143,native,89570451.17777778,
20664704,native,51271816.530612245,
20667657,native,56677313.88888889,
20664464,native,79409183.1147541,
20667828,native,54667449.73863637,
20666006,native,4686583.709824828,
20664424,native,35769203.8828125,
20664610,native,93974812.62857144,
20663768,native,59873307.526315786,
20663674,native,114303769.82857142,
20663650,native,58996958.85714286,
20667540,native,47111396.655172415,
20667424,native,143072393.93333334,
20667353,native,77584681.1724138,
20664650,native,52179441.36,
20667394,native,58706557.30864198,
20665348,native,56365412.90243903,
20664518,native,21657506.307692308,
20667675,native,67086720.63013699,
20667788,native,36728820.28104575,
20664626,native,46280629.16438356,
20663690,native,53528503.2,
20663716,native,86892433.93478261,
20666756,native,100191724.11320755,
20667518,native,69553136.72277227,
20667652,native,93443580.96721311,
20665395,native,14635295.76231884,
20667389,native,88025113.55172414,
20664634,native,62834351.34408602,
20664552,native,140039972.41463414,
20663627,native,52675975.26506024,
20664893,native,31754137.85135135,
20664483,native,90171820.48780487,
20667611,native,47086732.61386139,
20667704,native,136867213.85,
20665269,native,70169848.22891566,
20664166,native,58700130.12820513,
20666393,native,114261131.44444445,
20667893,native,92507089.67272727,
20664236,native,74225092.18181819,
20667658,native,59565576.3382353,
20665643,native,74430878.21428572,
20667564,native,121837370.325,
20663556,native,84296223.63492064,
20663393,native,31818233.94623656,
20667144,native,82212883.48275863,
20664611,native,51822739.09876543,
20665063,native,9605610.550413223,
20663675,native,47378549.08888889,
20664330,native,120860002.1764706,
20665445,native,47831554.808,
20663769,native,73028864.77941176,
20667829,native,43406281.1037037,
20664425,native,92455847.55,
20664705,native,78791351.05813953,
20667541,native,56611280.86021505,
20664465,native,65076004.48695652,
20666007,native,119584702.84313725,
20664651,native,23411677.650442477,
20663651,native,53318756.4,
20665349,native,78042815.15,
20664519,native,83887090.6981132,
20667676,native,6910200.172876304,
20667395,native,80655021.0410959,
20667390,native,37003780.469387755,
20667789,native,59572619.21176471,
20667425,native,30835055.889361702,
20667653,native,48923192.75824176,
20667354,native,48714153.77124183,
20667519,native,35546039.26027397,
20663691,native,58736917.7368421,
20666757,native,57399761.75,
20663717,native,53914987.54285714,
20663628,native,55797906.42307692,
20667705,native,42207885.239583336,
20664484,native,72494033.39285715,
20664167,native,77708364.84,
20664553,native,65544002.30864198,
20667894,native,68783545.08196722,
20664894,native,97021070.60377358,
20664237,native,52477806.333333336,
20664627,native,41177824.43352601,
20664635,native,71638207.6,
20665396,native,150280685.35,
20667612,native,67598089.85333334,
20667565,native,64330600.88333333,
20665270,native,27818450.6373057,
20663394,native,33230310.48965517,
20664612,native,40193508.069565214,
20663770,native,51946849.73493976,
20665644,native,75583692.20930232,
20666394,native,122174440.5,
20665446,native,64989143.086419754,
20665064,native,117812833.17777778,
20664706,native,61921678.92,
20663676,native,71020956.50617284,
20664331,native,66240275.53333333,
20667145,native,58639070.923728816,
20667659,native,47770795.90625,
20667830,native,100626331.03773585,
20664426,native,92178183.72413793,
20663557,native,64275214.95762712,
20667542,native,42673423.825,
20666008,native,61253136.6375,
20664466,native,78193221.50819673,
20665350,native,37309403.53968254,
20667790,native,42128992.08139535,
20667677,native,159821233.06666666,
20667396,native,49598040.428571425,
20667426,native,62802547.92,
20664520,native,97483416.38333334,
20664652,native,103908892.21428572,
20663629,native,97793386.92105263,
20666758,native,68032138.39285715,
20663652,native,51552635.94067796,
20667391,native,92713471.69642857,
20663718,native,83684564.05660377,
20667355,native,75478433.66666667,
20667654,native,85206902.49206349,
20663692,native,77041721.14754099,
20664895,native,54433580.78205128,
20664485,native,51296513.06451613,
20664168,native,43214038.94594595,
20664663,native,47949675.715789475,
20667706,native,66166448.575,
20667520,native,175082339.34615386,
20664636,native,48219279.04950495,
20667566,native,56593268.192307696,
20664554,native,63967497.244444445,
20665271,native,16653960.683870967,
20667895,native,90455090.54545455,
20664238,native,102671973.12727273,
20667613,native,102017267.47058824,
20665397,native,113933372.14583333,
20663395,native,94964892.70833333,
20664613,native,87420780.3442623,
20663771,native,18875647.475524474,
20665645,native,66250966.26760563,
20666395,native,63741364.65384615,
20665065,native,85689025.81818181,
20664332,native,64614636.74647887,
20664707,native,29696538.329545453,
20667146,native,87813896.50909092,
20664427,native,40249550.36666667,
20665447,native,82095346.01428571,
20663677,native,55945149.65,
20667831,native,139718983.15789473,
20667543,native,77254250.84126984,
20667660,native,127182313.87804878,
20665351,native,85709484.33333333,
20664467,native,16547948.300561797,
20663558,native,72747390.27710843,
20664521,native,70047072.48333333,
20666009,native,63933783.905263156,
20667392,native,54056137.125,
20663653,native,107795851.97777778,
20664169,native,40349153.86363637,
20667427,native,34845187.86875,
20667791,native,127454830.6,
20663719,native,67919169.61538461,
20664653,native,40599606.651851855,
20664486,native,36454222.072072074,
20667678,native,79428141.04,
20664664,native,57600807.887323946,
20667655,native,57468943.14117647,
20666759,native,67149445.48235294,
20667521,native,43335729.78125,
20667356,native,59854782.75824176,
20663630,native,64397508.072916664,
20663693,native,48038702.211864404,
20664637,native,40724330.17699115,
20667707,native,77313492.18181819,
20667397,native,127571261.04878049,
20664896,native,61936195.4375,
20667614,native,58208825.46666667,
20664555,native,71917599.63636364,
20663396,native,31419865.057142857,
20664239,native,76541582.1969697,
20665066,native,74921632.73584905,
20667567,native,4242335.239650146,
20664614,native,43083272.62068965,
20665646,native,21924561.2,
20665272,native,133512656.94,
20664333,native,58178476.6625,
20663772,native,89408763.86206897,
20665448,native,64812708.26984127,
20667896,native,67546299.8888889,
20667147,native,64701026.342857145,
20665398,native,104023924.22222222,
20667832,native,52532536.09876543,
20664708,native,132203316.83333333,
20665352,native,30127579.042857144,
20667661,native,102049393.69767442,
20667544,native,78847936.44262294,
20663559,native,49598989.27710843,
20664428,native,57118096.17346939,
20666396,native,60719954.0173913,
20664468,native,89446962.14,
20663720,native,31661454.52892562,
20667522,native,56559995.14285714,
20663678,native,69223768.87755102,
20666760,native,70657176.96363637,
20663631,native,59279873.16071428,
20664665,native,47947483.55294117,
20664170,native,75515121.03174603,
20663654,native,129450908.57142857,
20667792,native,71713554.35714285,
20667656,native,56125873.125,
20664522,native,31779827.965853658,
20664654,native,68492852.0263158,
20663694,native,70307738.15873016,
20667393,native,89322022.55882353,
20664556,native,27001165.732824426,
20664487,native,57896125.229166664,
20667615,native,58860511.28571428,
20667679,native,60174683.21359223,
20666010,native,80560112.85555555,
20664240,native,47701066.09638554,
20667428,native,23416761.3803681,
20667398,native,68110192.7875,
20665273,native,58892614.58,
20667708,native,66403148.68131868,
20664638,native,77446300.28915663,
20667357,native,108593716.85714285,
20663397,native,131897232.28947368,
20665067,native,71905426.95384616,
20664897,native,78664803.35227273,
20663773,native,63133882.544117644,
20664615,native,47214287.325203255,
20667148,native,54073055.14736842,
20664334,native,73242884.13157895,
20667833,native,83827880.92424242,
20665399,native,41392883.97101449,
20667545,native,62651422.21917808,
20665449,native,60949625.47,
20667662,native,58033447.894117646,
20665647,native,98557727.11428571,
20664523,native,45776435.92424242,
20664709,native,57373287.81553398,
20664469,native,76753594.33846153,
20663721,native,84947074.41818182,
20663560,native,67591466.90123457,
20667897,native,71336979.55913979,
20666761,native,67830436.3442623,
20663655,native,49880256.57692308,
20667568,native,147907617.85365853,
20665353,native,84147739.0,
20666397,native,51283397.0,
20664666,native,75552934.93442623,
20664470,native,66345218.294117644,
20666187,native,124695724.9736842,
20667793,native,44127377.405660376,
20664655,native,65319480.307692304,
20664557,native,73067535.1875,
20665812,native,52831184.53488372,
20667680,native,49776863.21794872,
20666011,native,4318144.187050359,
20663726,native,92225589.89705883,
20666562,native,69347175.72,
20667616,native,75211844.61666666,
20663695,native,36441071.37086093,
20664488,native,111600633.52173913,
20667358,native,53121797.484848484,
20665274,native,84398745.46666667,
20664639,native,56609108.984615386,
20665531,native,41421699.797814205,
20664429,native,16721415.459107807,
20667429,native,126924304.34285714,
20667399,native,46022666.876190476,
20664241,native,95988745.71698113,
20667709,native,83167396.31818181,
20663738,native,78356611.79245283,
20664898,native,74611780.35294117,
20663398,native,84064364.39436619,
20665068,native,61718094.32727273,
20663774,native,72350510.61363636,
20665400,native,70533664.47619048,
20665354,native,46632229.64102564,
20667898,native,72652532.25454545,
20663937,native,52128480.09375,
20666762,native,82656578.47916667,
20667569,native,79376143.68627451,
20667149,native,72272997.22222222,
20663561,native,55508246.06024096,
20667734,native,57498030.4868421,
20665648,native,94750300.56862745,
20663722,native,45829863.372727275,
20666188,native,69650358.46,
20664710,native,84388974.18333334,
20664558,native,70147292.70588236,
20668625,native,68436246.5,
20666656,native,79200564.77272727,
20665813,native,62850749.26229508,
20666398,native,54981497.64444444,
20667834,native,40694942.4,
20664524,native,82486770.56060606,
20664335,native,50962221.46853147,
20664667,native,50625236.53703704,
20665450,native,58798866.83478261,
20664471,native,63021875.192771085,
20664489,native,67059126.29310345,
20666563,native,62075027.442857146,
20664656,native,48424266.872727275,
20667617,native,65887937.571428575,
20667794,native,57841777.510416664,
20667430,native,76229387.63043478,
20667681,native,24014667.45493562,
20666012,native,100287137.98113208,
20663727,native,74969216.44871795,
20663696,native,92913927.43333334,
20664430,native,111967374.86842105,
20667453,native,80553805.69014084,
20665532,native,62657295.55913979,
20667710,native,53639427.04819277,
20664242,native,67526560.54216868,
20665275,native,109771053.71666667,
20667581,native,120093130.05357143,
20663399,native,54820862.90410959,
20667400,native,53609032.711864404,
20664899,native,59276756.333333336,
20667150,native,60215189.7704918,
20665355,native,44463648.27,
20665069,native,27940412.7251462,
20667570,native,80564138.46428572,
20666399,native,22371069.54819277,
20664559,native,87796328.76,
20663775,native,48810879.855932206,
20665649,native,43885103.35135135,
20665401,native,88739350.03030303,
20667628,native,110488307.3902439,
20666564,native,60445618.333333336,
20666657,native,71132638.87692308,
20663739,native,36617734.88292683,
20665814,native,52386020.074074075,
20664525,native,59813959.12857143,
20664711,native,53367869.222222224,
20668626,native,27897610.568181816,
20663938,native,104789583.36363636,
20666189,native,56992798.02272727,
20664668,native,44437365.720430106,
20667735,native,42888249.87407407,
20667899,native,58645039.03636364,
20664490,native,69172323.73333333,
20666763,native,26405160.788844623,
20663723,native,127685555.86666666,
20667618,native,66930177.98630137,
20667835,native,132607091.31111111,
20665451,native,53952459.92727273,
20664243,native,33292353.32,
20663728,native,67475271.27692308,
20664431,native,59328793.23809524,
20664336,native,68456617.45263158,
20666013,native,76360462.28333333,
20664657,native,48291122.90225564,
20665533,native,44074596.192771085,
20667795,native,80914875.70512821,
20667711,native,82083880.29166667,
20667454,native,63744603.93150685,
20664472,native,58839108.722222224,
20667431,native,69825647.65,
20667682,native,57823206.4962406,
20665276,native,44270523.92682927,
20664900,native,59036553.358024694,
20663697,native,80139992.18681319,
20667401,native,65947577.0,
20667582,native,55486597.53703704,
20665070,native,90423879.6521739,
20665356,native,60484202.23287671,
20663400,native,58932195.26126126,
20667571,native,77259324.55,
20664669,native,53683514.4868421,
20666400,native,78718887.60294117,
20667900,native,51341006.025641024,
20667736,native,65515301.64705882,
20663939,native,64762679.64,
20663724,native,48622072.31395349,
20665402,native,123232652.44186047,
20664526,native,28899059.829787236,
20666190,native,87680152.27586207,
20663740,native,84390524.55,
20667629,native,63053836.47777778,
20665815,native,31353887.458563536,
20665650,native,63375057.2,
20664712,native,40922524.875,
20666658,native,86781878.35384615,
20664491,native,29729080.696969695,
20666764,native,84242263.3,
20663776,native,57676039.12264151,
20664560,native,81901962.05128205,
20667151,native,99862392.85,
20667619,native,30494679.245714284,
20666565,native,125729880.81818181,
20668627,native,124199622.7090909,
20665452,native,95606450.81132075,
20667712,native,36580350.054545455,
20667836,native,70473184.76923077,
20664337,native,108295585.7826087,
20667455,native,20694201.80733945,
20664473,native,81753039.22916667,
20666014,native,130044566.70731707,
20664658,native,105023950.47826087,
20667796,native,67003334.76923077,
20664244,native,42827477.17333333,
20663729,native,94511278.6724138,
20664432,native,97031562.0862069,
20667432,native,47686845.01098901,
20665277,native,95485072.7,
20665534,native,83283778.57142857,
20665071,native,52891509.192771085,
20663401,native,99191236.30232558,
20664901,native,98520893.38,
20663698,native,73749479.65333334,
20663940,native,41136419.35897436,
20665357,native,52906562.52830189,
20667683,native,81340454.34117647,
20665403,native,71316801.41509435,
20667901,native,28097178.685897436,
20667402,native,53933404.12,
20667583,native,77907611.44186047,
20667572,native,45824585.37301587,
20664670,native,59763710.96774194,
20665651,native,44645791.65048543,
20664561,native,69778184.76363637,
20667737,native,31020125.54117647,
20666765,native,54411780.95180723,
20663725,native,61114650.375,
20663741,native,44986696.75,
20667630,native,90748563.8275862,
20664527,native,58297049.78947368,
20666401,native,65579916.85263158,
20666191,native,83613421.24242425,
20664492,native,82942054.15151516,
20663777,native,63044208.7,
20668628,native,66043928.21212121,
20667837,native,63851160.89705882,
20666659,native,53807017.862068966,
20666015,native,45670331.802469134,
20665816,native,121659020.29411764,
20666566,native,47348348.8362069,
20665453,native,36321098.95104895,
20664659,native,59208700.692307696,
20664338,native,26969629.52808989,
20667620,native,105438101.8490566,
20667152,native,86037538.10958904,
20667456,native,62400703.14102564,
20663730,native,53892257.825,
20664433,native,49554105.96666667,
20667713,native,91057743.67692308,
20667433,native,96724746.62,
20664713,native,95063580.28235294,
20667797,native,38758544.14285714,
20664245,native,114920496.62790698,
20665535,native,65866995.5,
20664474,native,83303057.29487179,
20665072,native,80450881.32786885,
20665278,native,61031753.21296296,
20667403,native,46989830.026315786,
20667584,native,79395133.95652173,
20665404,native,41379181.574257426,
20663699,native,107159222.7735849,
20663402,native,70596296.78823529,
20667902,native,105085003.14583333,
20667684,native,70053366.70512821,
20664902,native,83070993.38666667,
20663941,native,93917339.67692308,
20664528,native,30032761.12781955,
20664671,native,57162280.625,
20666766,native,21445050.18487395,
20667575,native,72955372.51470588,
20665817,native,44984054.23076923,
20666192,native,55753279.7625,
20665652,native,76940117.57534246,
20663742,native,82467872.56896552,
20664562,native,79846016.16666667,
20664493,native,74323628.68333334,
20667631,native,33742012.440993786,
20667573,native,155816795.075,
20664660,native,37947825.18367347,
20665358,native,90210330.82716049,
20666567,native,73431405.96078432,
20668629,native,87067720.85714285,
20667621,native,69928439.52727273,
20663778,native,73429154.98684211,
20667153,native,73695662.82142857,
20666402,native,34495377.319148935,
20664714,native,55677324.428571425,
20666660,native,74798192.74666667,
20667714,native,40619115.8018018,
20667798,native,65499032.33928572,
20664339,native,96645984.43396227,
20663731,native,62111843.35897436,
20665454,native,135030847.25,
20667838,native,78814866.86046511,
20664475,native,33109688.674603175,
20665536,native,55932217.4,
20667738,native,116986418.0263158,
20666016,native,99117922.30666667,
20667457,native,140272303.41666666,
20664434,native,92091432.34246576,
20664246,native,69586680.73255815,
20665279,native,64969946.86153846,
20665073,native,108386855.5625,
20667434,native,113089031.42424242,
20663942,native,69499925.71698113,
20665405,native,81829319.61538461,
20667404,native,49609997.58260869,
20663700,native,49318612.34736842,
20667585,native,72224988.53846154,
20664672,native,72563467.93333334,
20665653,native,71347468.74545455,
20663403,native,62229154.489583336,
20664903,native,38026508.11875,
20667715,native,20527344.050632913,
20663743,native,92403051.05454545,
20666193,native,65869181.8875,
20667154,native,29939782.510638297,
20666661,native,72768526.47916667,
20664529,native,49277939.3037037,
20667685,native,41536951.53179191,
20667903,native,43159527.684523806,
20667632,native,120520990.51111111,
20664563,native,78664808.15492958,
20664494,native,84504749.32394366,
20667574,native,31767328.486486487,
20667576,native,90583564.70422535,
20664662,native,61306707.696428575,
20665818,native,88594937.56578948,
20665359,native,57487737.190476194,
20666568,native,70208403.63333334,
20667839,native,7671928.360915493,
20667739,native,60336631.50943396,
20664661,native,51881748.48888889,
20664340,native,131677210.89473684,
20663779,native,64894956.91578947,
20663732,native,80673777.26470588,
20665537,native,46594066.78125,
20664247,native,58332529.19672131,
20666767,native,180263574.75555557,
20668630,native,70654301.65306123,
20666017,native,78722323.73584905,
20667799,native,92782754.65079366,
20665455,native,65524582.62637363,
20667622,native,63845144.36666667,
20667458,native,34177934.01449275,
20666403,native,165244755.7,
20664715,native,55605818.56153846,
20665406,native,56419387.58461539,
20667435,native,26386575.658959538,
20665280,native,71450769.85185185,
20665074,native,73480830.32786885,
20664435,native,60083371.81481481,
20665654,native,67947727.07936507,
20664673,native,74916558.93846154,
20663701,native,74946619.92307693,
20667405,native,70718660.14772727,
20663943,native,65300232.80612245,
20667586,native,94359681.6,
20664904,native,67807871.0,
20667155,native,57806828.654320985,
20663744,native,16527469.515822785,
20667904,native,96444577.2173913,
20664495,native,91583242.63043478,
20667716,native,132729177.78947368,
20663404,native,76332822.96385542,
20666194,native,52883380.82178218,
20664530,native,98859651.72,
20667633,native,56318792.09090909,
20663733,native,36091054.11827957,
20668250,native,36822880.732673265,
20667740,native,49818686.746987954,
20667686,native,56546016.932038836,
20666662,native,44806421.71111111,
20665360,native,64975036.506172836,
20666703,native,124292701.68888889,
20665366,native,83633060.42857143,
20665538,native,46684416.19,
20666569,native,106228874.60869566,
20668631,native,37406831.48,
20664564,native,64906187.010416664,
20665819,native,79716571.21052632,
20667623,native,95116810.41860466,
20667577,native,114695557.15517241,
20667459,native,72820692.61904761,
20666768,native,73849791.65333334,
20667800,native,55971881.37,
20663780,native,102322099.61666666,
20664341,native,67939929.56842105,
20664248,native,66869990.346938774,
20667436,native,55038204.90588235,
20665281,native,2009567.499330656,
20664716,native,80336410.79411764,
20665456,native,98016055.26229508,
20666404,native,96962241.34482759,
20664436,native,50044443.413333334,
20665407,native,59211075.58947369,
20667840,native,156051606.33333334,
20666018,native,53067100.14482759,
20665655,native,57406848.39534884,
20665075,native,102441816.95238096,
20663702,native,71468906.76056337,
20665413,native,67480036.38554217,
20664496,native,64103938.22058824,
20663944,native,76034130.77777778,
20663405,native,40464525.87068965,
20667587,native,59369012.87735849,
20664674,native,74424087.17708333,
20664905,native,134822966.80487806,
20667905,native,67863467.73076923,
20664565,native,51773367.0,
20668251,native,72585932.1076923,
20667801,native,42911633.90163934,
20667717,native,91983859.93333334,
20667741,native,41399527.208,
20666195,native,97675558.79310344,
20667634,native,43842111.78125,
20663745,native,90521369.81428571,
20663734,native,67879237.62650603,
20666663,native,50087928.16504855,
20668437,native,67757192.72,
20665539,native,83498796.88235295,
20664531,native,76394440.33333333,
20666570,native,35252439.64492754,
20665361,native,61333974.65882353,
20666704,native,40159332.03816794,
20667156,native,147916427.73333332,
20667578,native,59093771.10526316,
20667624,native,94622747.2745098,
20666769,native,83689828.7090909,
20664249,native,52659818.35616438,
20668632,native,109459917.4528302,
20667460,native,79889278.63492064,
20665367,native,52724610.0338983,
20667437,native,56256385.22352941,
20665820,native,69248442.64583333,
20666405,native,62523438.679487176,
20664717,native,92846161.96428572,
20665282,native,154584787.1818182,
20664342,native,66142948.25263158,
20664437,native,61808983.63333333,
20663781,native,70117045.09677419,
20665457,native,35570484.436464086,
20665408,native,111602791.12,
20667841,native,65433109.78313253,
20665656,native,79111120.53333333,
20666019,native,111787712.10909091,
20664497,native,21688611.5920398,
20665076,native,47071357.632,
20665414,native,80889464.03333333,
20666726,native,69438310.8974359,
20663945,native,87638173.30232558,
20668438,native,47223461.38095238,
20664675,native,91003589.01960784,
20668252,native,116713717.77777778,
20666196,native,56354980.87671233,
20667588,native,115000254.23255815,
20665540,native,57451540.92957746,
20664906,native,71993213.95714286,
20667802,native,49792654.88,
20664566,native,78866834.10606061,
20663735,native,61360398.957746476,
20666664,native,87078993.52941176,
20666705,native,79329357.46666667,
20667718,native,59495364.8372093,
20667635,native,61395946.48235294,
20667906,native,55688708.99074074,
20668633,native,29790819.129310343,
20667742,native,134690070.8,
20667579,native,4644686.462686568,
20664532,native,46629425.11304348,
20665362,native,35616313.31410257,
20667157,native,61934561.294117644,
20663406,native,82181659.46153846,
20666770,native,55601278.20454545,
20663746,native,54295267.227642275,
20667625,native,74934741.69333333,
20665821,native,63780173.84615385,
20666406,native,36091598.31896552,
20664250,native,80873660.75757575,
20665368,native,99981981.28,
20666571,native,66187918.27722772,
20665283,native,75236280.02083333,
20664343,native,46507179.395604394,
20664718,native,28529468.725,
20667461,native,55306470.39669421,
20665458,native,81942524.14,
20667438,native,94700102.1,
20665409,native,79121680.04761904,
20664438,native,26878703.652173914,
20663782,native,54465557.14414415,
20665657,native,53854943.83157895,
20664498,native,112004252.31707317,
20668439,native,115189264.25,
20665077,native,48284758.67,
20666197,native,64616899.68965517,
20663946,native,86985079.0909091,
20665415,native,93626214.94545455,
20664676,native,85090531.16071428,
20667589,native,49440504.755555555,
20664567,native,33703728.3495935,
20668253,native,66356445.18571428,
20667842,native,96058166.8974359,
20666706,native,50568386.69879518,
20666020,native,120706213.30357143,
20664907,native,48456927.35185185,
20667907,native,67853127.50793651,
20665541,native,36216120.87837838,
20667636,native,25135120.775956284,
20667743,native,95266603.57777777,
20666727,native,66207431.6,
20663407,native,67187150.28571428,
20663736,native,60644170.50526316,
20663747,native,67473200.16071428,
20667719,native,48832667.453125,
20666771,native,60295055.3375,
20667803,native,47987684.586666666,
20665459,native,58113974.49090909,
20667462,native,42585076.011764705,
20665369,native,45783238.13888889,
20664251,native,72843449.45588236,
20666665,native,83909222.26666667,
20667580,native,136031619.28,
20665822,native,31151946.174863387,
20667158,native,72466911.97674419,
20668634,native,104921656.94117647,
20667439,native,73622970.73913044,
20666572,native,62665897.55555555,
20667626,native,60359071.316831686,
20666407,native,13749191.780701755,
20665363,native,132123000.52830188,
20665284,native,63919981.76923077,
20665658,native,32071087.1953125,
20664719,native,110798687.5471698,
20664533,native,89532630.16842106,
20664439,native,43914411.33018868,
20664344,native,122261426.46428572,
20664499,native,46321350.927083336,
20663783,native,65324293.474358976,
20668440,native,54176214.36470588,
20665410,native,98970153.4137931,
20664677,native,29575592.30147059,
20667843,native,58573390.76190476,
20664568,native,40225979.5,
20666198,native,72687082.32876712,
20665078,native,119312901.11627907,
20666021,native,47407062.01136363,
20663947,native,65348605.10227273,
20668254,native,70818002.50684932,
20667720,native,55211191.60714286,
20667744,native,43633614.55238095,
20666728,native,70702645.91666667,
20665542,native,101029378.58695652,
20665416,native,69530950.30681819,
20664908,native,83846322.6,
20667590,native,2821569.295217391,
20666707,native,77978796.46153846,
20667804,native,76706073.19512194,
20666772,native,53356211.65753425,
20665370,native,58559027.01960784,
20663737,native,44065900.220338985,
20667159,native,43198682.551020406,
20667637,native,102100064.87671232,
20667627,native,19902995.524886876,
20666408,native,80348382.84,
20667440,native,37608821.317073174,
20665823,native,76485120.33333333,
20668635,native,77990617.90476191,
20666573,native,79338174.28571428,
20666093,native,90104106.8,
20664252,native,61860679.11111111,
20666666,native,47014602.89655172,
20665460,native,57527283.14563107,
20665364,native,63903447.50704225,
20665285,native,83065834.37931034,
20663408,native,66244081.408,
20664440,native,61372185.77941176,
20664345,native,71884017.74545455,
20667463,native,85079723.7037037,
20663748,native,70921291.54237288,
20664534,native,98628250.47826087,
20665659,native,95840713.45454545,
20667908,native,118537331.9375,
20664720,native,39770416.426470585,
20668343,native,88177611.86274509,
20664678,native,108450076.90243903,
20663948,native,45125986.39506173,
20665411,native,105498400.76,
20668441,native,74396220.75,
20666729,native,4606813.386281588,
20664569,native,101565954.09433962,
20665417,native,29198248.2481203,
20664909,native,48745530.9875,
20666199,native,67007505.2345679,
20663784,native,51370026.3382353,
20667844,native,77703242.93827161,
20666708,native,50168260.62962963,
20665079,native,47330930.128,
20668390,native,7761925.239543727,
20666022,native,89553649.95238096,
20665543,native,64043753.038461536,
20668255,native,31232447.905759163,
20665371,native,46575326.0,
20667591,native,142978552.83333334,
20667721,native,74253265.6125,
20666773,native,44257599.1779661,
20667745,native,96242260.78787878,
20667805,native,53997303.4368932,
20667638,native,58766595.549295776,
20668636,native,46432321.802325584,
20666094,native,114472189.54545455,
20667160,native,107584997.97826087,
20667441,native,113893970.475,
20666574,native,63641146.549295776,
20665461,native,66085003.36764706,
20665824,native,50293769.74528302,
20665365,native,67559921.96296297,
20664346,native,56906448.15384615,
20664253,native,66786059.75824176,
20663409,native,101747663.44,
20666409,native,124795712.68627451,
20666738,native,18618363.052054796,
20664535,native,105747060.02777778,
20666667,native,158200037.78947368,
20665286,native,49839044.23728813,
20667464,native,122272509.09302326,
20663949,native,22586664.988950275,
20667909,native,61228148.54320987,
20668344,native,53044421.208333336,
20668442,native,69863094.74,
20664570,native,46650216.65116279,
20664441,native,81271457.02325581,
20664721,native,88120549.64788732,
20667845,native,71575470.66666667,
20664679,native,59324162.12244898,
20665660,native,80264398.26744185,
20663749,native,68264974.5,
20665412,native,135563841.1860465,
20665080,native,52114464.913978495,
20666023,native,85720120.18867925,
20667806,native,59446715.85,
20665418,native,97199135.66153847,
20666709,native,90039385.25,
20663785,native,102907280.68965517,
20666730,native,119574527.25454545,
20667722,native,104375949.39130434,
20666095,native,52846979.46969697,
20668637,native,63406530.43076923,
20664910,native,85995005.48192771,
20668391,native,114949965.8235294,
20666200,native,90443438.6125,
20667592,native,96274640.3,
20665544,native,55041485.19166667,
20667161,native,40827428.86111111,
20667746,native,170061715.42424244,
20667639,native,143545253.37142858,
20665372,native,66985433.76699029,
20666774,native,55718003.26724138,
20665825,native,78478516.67924528,
20664347,native,49895465.71794872,
20668256,native,118429606.6923077,
20663843,native,39573659.35135135,
20668345,native,23302834.03125,
20667465,native,65633473.291666664,
20666575,native,49608566.3047619,
20666668,native,59998012.85,
20667442,native,60784145.097087376,
20664254,native,75285085.36206897,
20665462,native,44577135.40441176,
20667910,native,29615734.57894737,
20664536,native,59544899.37037037,
20663950,native,90922302.06666666,
20666410,native,25299588.21212121,
20664722,native,53083511.294117644,
20665287,native,102623370.21311475,
20666739,native,158337221.85,
20663410,native,72877327.3125,
20668443,native,71087346.94186047,
20666140,native,59391902.28571428,
20667846,native,53890918.08,
20664442,native,82683115.48571429,
20666679,native,68056092.55263157,
20665661,native,132271329.41463415,
20666024,native,57391996.17283951,
20667723,native,56335350.60606061,
20664680,native,60906598.10204082,
20666710,native,46966796.92631579,
20665081,native,19205706.045614034,
20664571,native,67847412.09433962,
20667807,native,38964327.09589041,
20665419,native,75577950.91176471,
20663786,native,56335046.07692308,
20668392,native,89530238.04347827,
20664781,native,78275010.70588236,
20667747,native,48705394.02469136,
20666096,native,54482531.05376344,
20666201,native,47169783.05940594,
20664681,native,69386792.14285715,
20666731,native,36092519.56024096,
20665373,native,43235052.574257426,
20667466,native,74746124.28,
20665545,native,46427463.902654864,
20668257,native,8246521.510978044,
20667162,native,50645625.23809524,
20664911,native,53665460.71818182,
20668638,native,70773045.71428572,
20664255,native,52820673.26923077,
20667443,native,85470891.82,
20666576,native,58684096.69318182,
20663844,native,85515484.15873016,
20668346,native,71154473.61538461,
20664537,native,77707692.07142857,
20664348,native,72817223.47058824,
20665463,native,90450168.79310344,
20665826,native,47045757.55063291,
20667911,native,5511044.377926421,
20666775,native,131881640.33928572,
20663951,native,58604088.9009901,
20666411,native,93521117.35,
20663411,native,74563522.55737706,
20666669,native,40746196.094736844,
20665288,native,68281902.23287672,
20665662,native,59867432.384615384,
20666025,native,65209341.59016393,
20667847,native,90467410.82,
20664723,native,69861499.25925925,
20668444,native,64080431.03333333,
20667724,native,98505863.30434783,
20666680,native,80247200.77049181,
20665420,native,34081876.384,
20665484,native,88621121.98214285,
20663787,native,56605513.78571428,
20666740,native,46607430.58,
20664443,native,85786096.75714286,
20667748,native,52791480.65116279,
20666202,native,51111337.244186044,
20664682,native,65574786.984848484,
20666141,native,79376771.61538461,
20666097,native,63586030.653333336,
20668393,native,101093712.75471698,
20664782,native,70424958.69333333,
20665082,native,123043080.18,
20665546,native,33549935.13235294,
20664572,native,53791039.28099173,
20667163,native,45854871.0,
20664912,native,54382252.988235295,
20668258,native,70630697.29577465,
20666711,native,82247843.6,
20666732,native,76759549.94366197,
20664538,native,39571348.08888889,
20667467,native,74299144.29333334,
20667808,native,142684377.6875,
20663845,native,77889021.79245283,
20664256,native,87825354.10909091,
20665464,native,53409636.14705882,
20668639,native,96876541.0,
20665374,native,88815569.28767124,
20666577,native,60410604.93181818,
20667912,native,77143606.55555555,
20667444,native,44794714.50735294,
20664349,native,48618046.0862069,
20668347,native,145853679.0526316,
20666776,native,57806147.828947365,
20666670,native,97778844.05263157,
20665289,native,54281541.4625,
20665827,native,94708198.47540984,
20666412,native,69845573.58974358,
20663412,native,58985944.34090909,
20668445,native,54698459.30263158,
20664724,native,97891020.56603773,
20665663,native,115264125.66,
20667749,native,70177616.18867925,
20665485,native,51741197.23863637,
20664444,native,70418276.0,
20666681,native,58601240.31818182,
20663952,native,108117415.13636364,
20667725,native,73353730.0140845,
20667848,native,90077936.45454545,
20664683,native,65060534.18965517,
20666026,native,81656869.57333334,
20665083,native,73967140.46,
20668259,native,89672172.42105263,
20664783,native,39739928.17699115,
20668394,native,61497652.68,
20666741,native,55018496.6952381,
20663788,native,62643074.530612245,
20666142,native,72543677.9264706,
20666098,native,48286068.53043478,
20665547,native,86936640.39655173,
20664539,native,78939829.03773585,
20664913,native,78525969.7,
20664573,native,62228260.27710843,
20667468,native,77023234.14545454,
20664257,native,52034567.75342466,
20666203,native,141231075.24390244,
20666712,native,52068597.284210525,
20663846,native,44324295.09,
20667164,native,87492803.55384615,
20665375,native,70739396.11428571,
20667809,native,38492302.431372546,
20666733,native,88396384.34285714,
20667445,native,97575861.57777777,
20665421,native,128656612.31428571,
20666578,native,74108329.1764706,
20666777,native,65452748.55555555,
20668446,native,49864361.0,
20668640,native,57847959.33050848,
20664350,native,56180989.83157895,
20666413,native,31681470.748148147,
20665828,native,53498872.48235294,
20665465,native,101672818.88157895,
20667913,native,124310371.94339623,
20668348,native,93061391.70769231,
20664725,native,79731057.86,
20665084,native,46444527.666666664,
20667849,native,27098401.692307692,
20663413,native,48463728.45454545,
20665290,native,186771093.27272728,
20664445,native,56223888.85333333,
20663953,native,56511104.86666667,
20665486,native,77437534.49090908,
20666671,native,82982729.96296297,
20667750,native,60975045.5,
20668395,native,56099465.571428575,
20668260,native,77725881.89285715,
20664914,native,41825862.85185185,
20666027,native,99853998.86792453,
20664574,native,40439016.38636363,
20666742,native,102878067.92682926,
20664684,native,70413284.09638554,
20666143,native,70072070.4,
20666713,native,73355323.27083333,
20667469,native,33677293.728,
20666682,native,53409635.81300813,
20664540,native,83096255.03921568,
20663789,native,47081949.381355934,
20667726,native,63451390.6460177,
20666099,native,68047938.97333333,
20664784,native,84078499.18309858,
20663847,native,93841951.14583333,
20665664,native,69773226.26724137,
20664258,native,63354151.93406593,
20667165,native,30591528.081967212,
20666204,native,58001904.396039605,
20667810,native,99513014.58823529,
20665422,native,68187603.69014084,
20665548,native,64539122.24324324,
20666579,native,50251296.635416664,
20665376,native,64633779.46511628,
20668641,native,4969225.629330254,
20664351,native,57480501.88235294,
20667446,native,70688691.71084337,
20665829,native,74188363.44117647,
20666778,native,83232433.64,
20668349,native,10352220.227659574,
20667914,native,55867225.255555555,
20665466,native,62573333.152941175,
20664726,native,53921633.21052632,
20667751,native,61024180.78787879,
20668447,native,80160589.84705882,
20666734,native,90458520.78494623,
20666414,native,109431767.81666666,
20665291,native,76803006.11764705,
20665487,native,56561721.87777778,
20663414,native,76148027.9,
20663954,native,54804396.8,
20665085,native,49776698.73043478,
20664446,native,55756166.541666664,
20666672,native,56038487.270833336,
20666683,native,58232114.14285714,
20667850,native,107099813.83928572,
20664575,native,23993669.004975125,
20666028,native,43255636.686956525,
20666743,native,45422856.91818182,
20664915,native,66179319.91025641,
20666100,native,16507674.093617022,
20666714,native,64385235.179487176,
20666144,native,53318868.64285714,
20668261,native,62547824.98,
20663790,native,58629985.4125,
20668396,native,44118069.12258065,
20667727,native,59916007.777777776,
20664541,native,25521264.339366514,
20665423,native,70740556.86046511,
20663848,native,39777210.657142855,
20667166,native,72842718.8235294,
20664685,native,68835598.80555555,
20667470,native,87343464.83529411,
20664352,native,77205199.01724137,
20664785,native,105500829.06557377,
20665665,native,72770736.68817204,
20665377,native,43797314.17117117,
20664259,native,73979341.89411765,
20667811,native,101756661.32075472,
20665830,native,60993559.88888889,
20666205,native,41881239.61309524,
20667915,native,56191067.473684214,
20666580,native,11226395.969155844,
20668642,native,167958542.1142857,
20667447,native,74859636.3255814,
20663955,native,85468084.77777778,
20665549,native,112455196.8,
20666779,native,86765719.47692308,
20665467,native,55305912.526315786,
20668350,native,166383093.06666666,
20665086,native,25647717.904494382,
20665488,native,49485645.30693069,
20666684,native,121929254.0,
20663415,native,63760277.71052632,
20664727,native,66658741.26744186,
20667752,native,51041931.18018018,
20664916,native,46888574.81395349,
20665292,native,61549745.51612903,
20664447,native,93330146.60344827,
20668448,native,61447739.08,
20666029,native,64701729.544117644,
20666735,native,74495901.2875,
20664576,native,74522193.44262294,
20667851,native,71354587.975,
20666145,native,35583884.165413536,
20666673,native,5010286.181605612,
20666101,native,94274891.88679245,
20666415,native,71192371.0,
20668397,native,89462841.46666667,
20663791,native,101248980.21568628,
20667728,native,74829725.65079366,
20664542,native,91866643.23529412,
20668262,native,62196871.0,
20663849,native,100708030.91428572,
20665424,native,60723785.01204819,
20666715,native,25195761.64634146,
20664353,native,63646055.88,
20666744,native,96168417.54929577,
20665831,native,42519729.24,
20664686,native,74482321.56666666,
20667167,native,120770060.1388889,
20665378,native,81001508.25490196,
20664786,native,72990310.32894737,
20667916,native,53696032.26923077,
20665666,native,72020584.88235295,
20667812,native,90568502.77272727,
20664260,native,91584059.29230769,
20665087,native,83844763.9245283,
20666685,native,53773574.6125,
20666206,native,89868216.31428571,
20668643,native,184549992.35714287,
20665293,native,32294595.544715445,
20665468,native,51196815.58,
20663956,native,108681122.6,
20667471,native,87928606.16129032,
20665550,native,102697480.35849057,
20666581,native,108353936.0,
20664728,native,88004209.74545455,
20664448,native,33452830.355072465,
20667448,native,55862892.22608696,
20665489,native,51954119.836363636,
20668351,native,97751500.04918033,
20664577,native,32291665.3,
20666146,native,36847647.62711865,
20666030,native,47871803.862068966,
20663416,native,77297968.6923077,
20668449,native,43417555.0,
20664917,native,44881594.114503816,
20667753,native,38539187.93333333,
20666780,native,77158345.36263736,
20667729,native,83365990.2826087,
20663792,native,81126623.0,
20667168,native,39241150.26027397,
20666674,native,78955945.52380952,
20666716,native,56146935.81428572,
20668398,native,43825595.594827585,
20666416,native,94099708.01785715,
20663850,native,63321196.69863014,
20666102,native,73195242.55263157,
20667757,native,81441882.84444444,
20666745,native,87325595.58490565,
20668263,native,66136155.686746985,
20666736,native,81374841.08602151,
20664543,native,46698257.70676692,
20665425,native,63359883.78021978,
20664787,native,68737542.34482759,
20667852,native,91220502.88636364,
20664354,native,66200217.95,
20665379,native,52704652.03603604,
20667813,native,67257409.11764705,
20667917,native,48351965.489795916,
20665832,native,73430784.89247312,
20664261,native,70259911.76923077,
20665667,native,74834847.11428571,
20666207,native,61745461.0,
20666582,native,68965780.43636364,
20668644,native,79310539.17857143,
20665469,native,83233511.5625,
20666686,native,92065959.54,
20668352,native,26819652.246376812,
20664729,native,75917770.76785715,
20667472,native,72756057.86666666,
20664449,native,51401763.822222225,
20665551,native,28829096.71891892,
20665490,native,19382249.346774194,
20667754,native,38000060.8362069,
20667449,native,106276305.125,
20665294,native,80746236.29487179,
20664918,native,66120239.77142857,
20666147,native,63314223.938271604,
20663957,native,21146328.3003096,
20668450,native,105793824.19565217,
20665088,native,100924771.72857143,
20663417,native,41368500.26717557,
20666781,native,65800222.75308642,
20664578,native,54751757.12962963,
20666675,native,84759505.53333333,
20665426,native,28210193.259541985,
20666031,native,97405830.36065574,
20666717,native,73328988.42857143,
20668399,native,37565124.027027026,
20667169,native,8125479.47922078,
20667730,native,74489035.55681819,
20663851,native,107291747.35294117,
20666737,native,105933113.375,
20666103,native,68387437.05882353,
20666746,native,84770835.96825397,
20666417,native,110379424.52830188,
20665380,native,72789904.43396227,
20667814,native,39979103.9047619,
20664788,native,61528505.52054795,
20663793,native,67484409.98181818,
20664544,native,60250048.63333333,
20667853,native,81024202.9137931,
20667758,native,67606680.10377358,
20668264,native,59236700.876106195,
20667918,native,73111685.04761904,
20665668,native,48510525.83,
20664262,native,76187456.64705883,
20664730,native,55893950.28767123,
20664355,native,78535039.25555556,
20668645,native,5536796.663451233,
20666687,native,27218808.156565655,
20665552,native,62419740.77272727,
20666583,native,35594979.469879515,
20668451,native,67626129.94,
20667473,native,32379022.370165747,
20665470,native,92872168.61538461,
20665833,native,95931664.60493827,
20665089,native,23717593.71276596,
20668353,native,118233790.0,
20664450,native,143743944.02439025,
20665491,native,97224240.47058824,
20665427,native,33324620.78301887,
20666208,native,83753080.27777778,
20663958,native,102778162.05,
20667450,native,53904314.43809524,
20664919,native,66296338.85,
20667755,native,48234749.872,
20664579,native,48638005.20792079,
20665295,native,75730333.51282051,
20667731,native,60440015.61904762,
20663418,native,73120368.57534246,
20666148,native,51773022.381355934,
20666032,native,61521706.475,
20665507,native,58323424.69863014,
20666418,native,52786148.72857143,
20667170,native,100636634.125,
20664789,native,64429487.35,
20663794,native,48894067.666666664,
20667815,native,125615351.57575758,
20668400,native,136005393.225,
20664545,native,67272385.34666666,
20663852,native,59387582.37837838,
20667919,native,48556917.40594059,
20665381,native,24267551.252964426,
20668265,native,50746259.55,
20666782,native,90853118.81395349,
20666747,native,62971408.96296296,
20666718,native,76220230.91,
20667854,native,74673007.15384616,
20666104,native,112788654.43333334,
20664356,native,25359423.38410596,
20665669,native,111685718.6388889,
20667759,native,35819533.07602339,
20666676,native,105725136.175,
20664731,native,73594382.80882353,
20664263,native,51084502.836363636,
20665553,native,52261848.069767445,
20668354,native,40240723.61627907,
20667474,native,58475753.84210526,
20668646,native,102788156.3018868,
20666688,native,48718771.53636364,
20665834,native,65250343.5,
20665471,native,95424222.01886792,
20664580,native,37817758.75471698,
20666209,native,77179519.3,
20668452,native,42638286.02758621,
20663959,native,64405823.22666667,
20667451,native,52536994.770833336,
20665296,native,75685431.78787878,
20665428,native,109940769.26,
20667756,native,77259138.88235295,
20666584,native,211509869.04347825,
20665508,native,83015751.34545454,
20663795,native,36986136.74285714,
20663419,native,91500477.30909091,
20666149,native,129008862.52777778,
20666419,native,65523535.19736842,
20665492,native,65455434.21,
20664451,native,50465374.664122134,
20665090,native,157226763.325,
20666033,native,86882470.6724138,
20667732,native,29773972.076923076,
20665384,native,29913307.732824426,
20664920,native,78536124.10843374,
20667171,native,63518909.604395606,
20664790,native,46434163.45038168,
20667816,native,54356610.60377359,
20666105,native,80145581.24444444,
20663853,native,87072955.2,
20668401,native,80546334.84507042,
20666719,native,40413955.481132075,
20664357,native,116165525.975,
20668266,native,92885321.68333334,
20666748,native,64365523.04705882,
20667920,native,103519951.27272727,
20664264,native,68718981.49206349,
20667855,native,40668159.838709675,
20664732,native,82700918.08333333,
20665670,native,58883993.138613865,
20668355,native,67458888.77049181,
20665382,native,140307414.4888889,
20666783,native,84050308.1882353,
20666210,native,46061273.53333333,
20665835,native,74217318.98412699,
20666677,native,71555220.1632653,
20667760,native,83860916.4659091,
20666585,native,41065922.01282051,
20665429,native,54468750.03333333,
20666689,native,143190025.83333334,
20667452,native,70438759.43333334,
20665554,native,16921116.924390245,
20667475,native,48808125.1015625,
20668647,native,29368531.223255813,
20665472,native,94803607.71666667,
20668453,native,71867564.0,
20663420,native,46696634.333333336,
20665509,native,45569312.21875,
20663960,native,53767430.48,
20663890,native,98520056.5,
20667733,native,93512199.92682926,
20664581,native,83411912.52054794,
20666420,native,68876928.62121212,
20666150,native,63471821.35,
20665493,native,94334430.50980392,
20664791,native,61384103.928571425,
20666034,native,53770796.1,
20664452,native,62070606.71764706,
20665091,native,57250952.94318182,
20665385,native,64790036.375,
20665297,native,52275992.00769231,
20667817,native,56316608.81333333,
20666106,native,65035922.29230769,
20663796,native,84218873.02469136,
20667172,native,136017064.36956522,
20664921,native,65589940.396039605,
20668402,native,74236738.63380282,
20663854,native,80957534.9264706,
20666749,native,36861019.43609022,
20668267,native,88075123.3478261,
20664265,native,59882069.62857143,
20664733,native,64447225.808823526,
20664358,native,78717294.51428571,
20668356,native,101473411.79166667,
20666720,native,123212456.73214285,
20665671,native,75027633.52054794,
20665383,native,112911800.96,
20665836,native,71633407.74242425,
20666211,native,78203472.97058824,
20666690,native,42350052.76699029,
20667761,native,49093660.43877551,
20666678,native,115946634.36842105,
20666586,native,53180211.80645161,
20667921,native,61239814.01652893,
20664828,native,31469094.681034483,
20667856,native,154886405.0,
20666784,native,99097328.50793651,
20665430,native,92535390.85245901,
20665555,native,63120512.61728395,
20667476,native,60628635.50588235,
20663961,native,63374810.39726027,
20665510,native,57392578.54117647,
20664792,native,60316566.28787879,
20663891,native,74878420.38095239,
20665519,native,85823206.86764705,
20668648,native,92693341.16666667,
20666421,native,84575425.875,
20666151,native,1979619.0702702703,
20663421,native,90053824.83606558,
20664582,native,41920675.98373984,
20665473,native,71582467.56790124,
20666035,native,5780031.319327731,
20665092,native,42182958.62264151,
20668454,native,129917621.11627907,
20665494,native,10479184.25258799,
20666691,native,86119725.94642857,
20665386,native,20921621.01363636,
20667818,native,65005295.25,
20666107,native,78469106.09523809,
20663797,native,51176814.80681818,
20665298,native,52405753.02,
20664922,native,63730062.04615384,
20668403,native,78981212.5,
20668062,native,86522507.63636364,
20667173,native,36348558.903030306,
20664734,native,84671163.35849057,
20668268,native,27100037.27314815,
20663855,native,78731893.8,
20664266,native,63735933.344444446,
20664359,native,55192907.82857143,
20665672,native,52647179.6344086,
20666721,native,42438425.096296296,
20668357,native,22779323.286821704,
20667857,native,46118261.08139535,
20665431,native,120941268.0,
20666468,native,66709001.83018868,
20667922,native,71959057.06666666,
20665837,native,122308341.48837209,
20666785,native,60914225.81428572,
20663962,native,59696267.5890411,
20667477,native,12366.588210996662,
20664829,native,93715459.85714285,
20666587,native,79415389.76712328,
20667762,native,69993245.11827958,
20665511,native,71637253.12676056,
20666212,native,70348922.69791667,
20663892,native,69863119.23529412,
20666152,native,91278809.875,
20665556,native,94822459.01818182,
20668455,native,53485775.55555555,
20668649,native,62410382.625,
20663422,native,50589816.729166664,
20664583,native,51240808.65,
20665093,native,96732141.0,
20665520,native,63422784.729411766,
20666422,native,6072694.094827586,
20665495,native,128551086.91428572,
20665299,native,78111615.31111111,
20668531,native,84138142.95555556,
20665474,native,91306086.15,
20666036,native,122971708.39534883,
20666692,native,72438905.45070423,
20664804,native,58834168.942028984,
20665387,native,125143587.25,
20664793,native,107734945.9,
20667819,native,54073296.24752475,
20666108,native,82534464.29508197,
20663798,native,70504676.50704226,
20664923,native,55374672.59090909,
20668063,native,42325186.96,
20668404,native,16283402.814285714,
20667174,native,34185157.115384616,
20665673,native,38868106.302083336,
20664735,native,70865376.93150684,
20668358,native,57622569.653333336,
20664360,native,79731214.4090909,
20667923,native,25727564.872222222,
20666469,native,58641462.325,
20664830,native,43762273.176470585,
20667858,native,61612800.39759036,
20664267,native,88909351.55384615,
20666786,native,53539067.5375,
20663856,native,81566958.73076923,
20666722,native,80261729.15151516,
20665432,native,48257960.83495145,
20665512,native,69314506.70833333,
20668269,native,77493863.91111112,
20663963,native,49337166.54455446,
20666213,native,109707029.075,
20666423,native,97493605.84848484,
20666588,native,58307621.25882353,
20668650,native,107533600.8,
20667763,native,73651476.29230769,
20666109,native,8153921.904907975,
20663893,native,90656988.18867925,
20668456,native,65579696.94520548,
20665521,native,44508715.15789474,
20665557,native,81699466.31666666,
20666037,native,37875859.68333333,
20666153,native,149934830.2777778,
20668532,native,70266574.66176471,
20663423,native,56777024.833333336,
20665094,native,74821851.88571429,
20665475,native,28898441.988439307,
20667478,native,114415723.39583333,
20664584,native,93832304.76190476,
20663799,native,59158102.84615385,
20665838,native,108576496.43589744,
20664805,native,116676566.5625,
20665388,native,67583430.775,
20666693,native,94401808.6557377,
20665496,native,152287411.93023255,
20664794,native,99988763.4137931,
20664924,native,65204232.53333333,
20665300,native,119126321.49090908,
20667820,native,143485641.35,
20665674,native,97588860.25581396,
20664736,native,23895537.512820512,
20668064,native,151989305.53658536,
20668405,native,172405419.96666667,
20668359,native,68671452.56338029,
20663857,native,100990044.93023255,
20666723,native,86938114.74,
20667859,native,32679139.60958904,
20667924,native,48438677.36111111,
20666470,native,46534237.666666664,
20664361,native,129792322.375,
20664831,native,58806044.22105263,
20666787,native,36160518.07594936,
20667175,native,91272263.05128205,
20666154,native,42877143.75714286,
20668270,native,113749262.0,
20663964,native,43759743.35652174,
20665513,native,42493495.633587785,
20668651,native,64447633.89705882,
20666589,native,2945499.897647807,
20666424,native,67856821.12698413,
20664268,native,45205474.9020979,
20668533,native,58436794.79365079,
20665558,native,78903792.48275863,
20667764,native,123753934.85,
20664585,native,23184698.15,
20665522,native,106410792.64444445,
20668457,native,54598075.427083336,
20667479,native,60533950.75384615,
20666110,native,125760989.625,
20663894,native,87162916.17460318,
20665433,native,70274203.33018868,
20663424,native,61206486.526315786,
20666214,native,54519183.36936937,
20666038,native,85198114.45,
20665839,native,71979474.75471698,
20665095,native,35848590.14,
20664806,native,55572947.881578945,
20663800,native,48835338.958333336,
20665476,native,122329099.7173913,
20666694,native,51092245.84615385,
20664795,native,42470781.83050848,
20664925,native,73539694.09230769,
20667821,native,92399167.875,
20665497,native,80627649.23529412,
20665389,native,70127578.50602409,
20665301,native,65745107.75268817,
20668065,native,49132705.86046512,
20668406,native,73736339.69642857,
20664737,native,63310205.069767445,
20666724,native,37119113.96396396,
20665675,native,78393946.24691358,
20668271,native,54326459.88888889,
20668360,native,69407771.0120482,
20667860,native,64792448.9875,
20663965,native,48084948.90322581,
20666425,native,2508224.458642327,
20663858,native,91074958.64615385,
20667176,native,53236267.35483871,
20666471,native,60830083.29032258,
20664362,native,76269997.61333333,
20668652,native,29899304.47849462,
20664832,native,58991892.17821782,
20665514,native,61526592.49462365,
20664586,native,35914017.3515625,
20667765,native,66956251.873239435,
20665523,native,77535859.23333333,
20667925,native,92921325.34666666,
20666155,native,58948443.358490564,
20668534,native,63185095.62650602,
20663425,native,73371036.8275862,
20668458,native,61413332.98717949,
20666590,native,140042382.31428573,
20666111,native,64131490.175,
20666788,native,82686174.03703703,
20665559,native,66520301.36046512,
20666039,native,90882575.97916667,
20664807,native,55825297.60526316,
20665096,native,42708505.0462963,
20665434,native,54853488.96,
20664269,native,59517090.734513275,
20663895,native,108695141.7,
20664796,native,93507503.25,
20663801,native,76511629.9,
20665840,native,56220907.88118812,
20667480,native,77650943.83529411,
20666215,native,66487323.11578947,
20666695,native,72214277.24657534,
20665498,native,48910476.69387755,
20664926,native,72236242.66197184,
20668407,native,95904331.93548387,
20665477,native,79786811.23684211,
20667488,native,63440332.77108434,
20665302,native,67572685.67142858,
20667822,native,97680758.8,
20666725,native,90470149.18604651,
20664738,native,30641470.490066227,
20665676,native,58883419.0,
20668066,native,126093085.93023255,
20668272,native,89129074.56603773,
20666472,native,55140441.83561644,
20668361,native,51846308.43157895,
20667177,native,79744254.21428572,
20663859,native,89074217.92156863,
20668653,native,65106418.69090909,
20667926,native,48893066.602564104,
20666789,native,42439651.538461536,
20666426,native,84394090.77777778,
20667766,native,52109263.084337346,
20665524,native,45229844.23076923,
20667861,native,67207410.8877551,
20664833,native,90147609.05660377,
20664587,native,120145570.33333333,
20663426,native,59865942.97333334,
20665435,native,76185210.80392157,
20666156,native,91522268.7735849,
20665560,native,51376038.34065934,
20663966,native,100584242.33333333,
20664363,native,41890135.37888199,
20665097,native,86240505.47272727,
20663896,native,68640395.79411764,
20666112,native,75786589.53521127,
20664808,native,52737997.5,
20668459,native,74004968.54320988,
20664270,native,58733724.25882353,
20666216,native,45628785.28571428,
20663802,native,47437936.504854366,
20665515,native,77186372.3882353,
20664797,native,87540698.1904762,
20667481,native,47942546.37142857,
20666040,native,79485305.5,
20668408,native,46490866.28571428,
20665478,native,45307397.895833336,
20664927,native,49256027.31182796,
20668535,native,77384438.86407767,
20666696,native,71446431.4,
20666591,native,88820245.22727273,
20665499,native,58351678.469387755,
20664739,native,101026294.35,
20665303,native,132736940.25,
20667823,native,57432289.25,
20667489,native,69817149.56790124,
20665841,native,135697809.64150944,
20667178,native,33901602.93684211,
20668067,native,50369590.0,
20668362,native,68800886.56666666,
20668273,native,89409952.82608695,
20665677,native,72346138.5375,
20663860,native,59893246.428571425,
20666427,native,49140808.49333333,
20666473,native,107019003.91304348,
20664588,native,42051322.666666664,
20668654,native,32836391.443037976,
20665098,native,50099803.803030305,
20667862,native,115539810.325,
20665561,native,10796808.70742358,
20663427,native,54156799.603960395,
20664809,native,90368521.3255814,
20666790,native,44064840.47586207,
20664834,native,72784252.51282051,
20665525,native,71435212.29545455,
20668460,native,66777084.67213115,
20664364,native,129988043.02857143,
20663803,native,63439166.614285715,
20666217,native,85006056.98181818,
20665436,native,34992649.58522727,
20667927,native,97759172.38666667,
20667767,native,101846315.47692308,
20667482,native,40368084.30909091,
20666157,native,55293504.27826087,
20666113,native,58407353.208333336,
20666041,native,84574584.4,
20666592,native,52539777.78571428,
20668409,native,49050636.86021505,
20663897,native,52547280.766666666,
20665479,native,110730166.56097561,
20665516,native,66763881.32941177,
20664928,native,93647095.52083333,
20664798,native,61948391.97674418,
20663967,native,83936697.77108434,
20667490,native,73751594.57777777,
20665500,native,68481286.27586207,
20666697,native,81759674.2909091,
20668536,native,86579053.42857143,
20664271,native,75076740.78947368,
20668068,native,57110952.36363637,
20665304,native,76879481.44444445,
20664740,native,85228966.8888889,
20665842,native,73614589.6923077,
20667824,native,82879581.0909091,
20665678,native,67789531.90140845,
20663861,native,56327551.564705886,
20668274,native,58889403.04395604,
20666474,native,48500539.305263154,
20666428,native,97595583.9375,
20668363,native,58933429.33980583,
20664589,native,48207653.36936937,
20668655,native,49427041.40952381,
20667179,native,122064155.80327868,
20663428,native,70771932.87272727,
20664835,native,66159291.32786885,
20667863,native,25298078.2,
20666116,native,62781781.696428575,
20663804,native,48404400.406976745,
20665099,native,82626709.38028169,
20666158,native,46930288.964705884,
20668461,native,65045776.75,
20666218,native,24437226.21025641,
20667928,native,22855237.93023256,
20666791,native,86375190.52459016,
20664929,native,60904505.54545455,
20665501,native,57355744.73846154,
20666593,native,65235015.058823526,
20668069,native,27143609.509433962,
20667491,native,64131778.14285714,
20668410,native,86121181.58181818,
20667768,native,48556766.87826087,
20665480,native,56271420.22093023,
20667483,native,121205099.75555556,
20663968,native,74441146.1904762,
20666114,native,62020782.38888889,
20664365,native,81594375.22222222,
20665517,native,46708967.675925925,
20665526,native,130908097.96078432,
20665562,native,161197025.60465115,
20663898,native,116732759.95,
20666042,native,69965173.9125,
20665843,native,41753730.692307696,
20668537,native,50942330.73,
20664810,native,92727308.25,
20665305,native,39277346.845454544,
20664272,native,73457417.76470588,
20666698,native,71399140.8,
20664741,native,29800502.841530055,
20664799,native,87822658.2962963,
20666475,native,68559001.5,
20663862,native,57499640.409638554,
20667825,native,40337313.13043478,
20667180,native,41856857.30136986,
20668275,native,42411878.69105691,
20665679,native,98861392.22413793,
20666429,native,66042984.67901234,
20668656,native,130126899.28571428,
20666117,native,8029698.298449612,
20668364,native,72761408.45054945,
20664836,native,69689093.8,
20666159,native,80967284.18867925,
20663429,native,92657457.3442623,
20663805,native,86173481.85714285,
20665100,native,69132913.09333333,
20666792,native,30879459.826666668,
20668462,native,61628738.253012046,
20664590,native,83030841.40697674,
20663899,native,41152264.06593407,
20663969,native,25288226.278787877,
20667769,native,49484571.88172043,
20665563,native,39616598.1,
20664366,native,65083209.157142855,
20666115,native,70318330.39705883,
20667484,native,44761893.554545455,
20665481,native,55042917.84615385,
20665527,native,52846817.96666667,
20668411,native,64764620.6875,
20665502,native,70996219.39506173,
20665518,native,29062079.005681816,
20666043,native,55719608.60227273,
20664811,native,56860498.81428572,
20667929,native,98698821.26153846,
20668070,native,99544472.26229508,
20664930,native,66633734.684210524,
20667864,native,126785310.03174603,
20667492,native,103571769.85714285,
20664273,native,67279676.26470588,
20668538,native,111125162.82608695,
20666219,native,111924297.23529412,
20665844,native,46291371.94067796,
20666594,native,65517821.07272727,
20665306,native,61640208.190476194,
20666699,native,46689737.65384615,
20664800,native,90500597.53448276,
20666476,native,60402371.12222222,
20664742,native,101531273.48214285,
20663863,native,101139902.26415095,
20668276,native,95416406.0754717,
20668365,native,4325605.262210797,
20667826,native,162919072.36363637,
20665680,native,36505603.132867135,
20666118,native,106456695.42857143,
20668657,native,50264489.45555556,
20667181,native,80412599.42666666,
20666430,native,71392778.3974359,
20666793,native,81980762.48888889,
20664837,native,87272030.48333333,
20664591,native,39964565.57272727,
20666160,native,36861113.074324325,
20664757,native,22077046.37878788,
20663970,native,114219236.23684211,
20663430,native,80787233.64102565,
20665101,native,111322104.0909091,
20663900,native,65184146.823529415,
20668071,native,59210696.10606061,
20663806,native,34166734.197044335,
20668463,native,51046877.4,
20664812,native,46764262.35789473,
20664931,native,80442528.76,
20667770,native,70222256.65432099,
20664367,native,62885482.18518519,
20666595,native,33278753.08108108,
20666220,native,52998410.802816905,
20665528,native,43520273.85123967,
20665503,native,72932348.72839506,
20667930,native,102490410.05660377,
20665564,native,92425005.45714286,
20668539,native,54932526.59090909,
20664274,native,69657877.75903614,
20667493,native,84211443.0735294,
20667485,native,56867140.65873016,
20667865,native,95165117.3076923,
20668412,native,131399753.43396227,
20666700,native,61078929.08571429,
20665307,native,34753272.80916031,
20664968,native,54773727.3203125,
20665482,native,123770082.44827586,
20666044,native,99080345.93333334,
20665845,native,144962005.85365853,
20664743,native,65204153.0,
20664801,native,76585155.28571428,
20668366,native,79092118.39215687,
20667827,native,78122119.35384615,
20666477,native,115235267.62,
20666431,native,62145112.87671233,
20667182,native,108786279.26829268,
20668658,native,55960469.155555554,
20663864,native,66759648.70967742,
20666119,native,49301004.833333336,
20665681,native,103564298.625,
20666161,native,54962234.01470588,
20668277,native,72818399.01052631,
20664758,native,80599100.46666667,
20666794,native,39061223.413333334,
20663971,native,59373327.85333333,
20664838,native,45515012.88429752,
20665529,native,54887578.26027397,
20665504,native,39237363.775,
20665102,native,60762951.84615385,
20663807,native,100323148.46511628,
20668464,native,106229125.53658536,
20664592,native,59091299.5754717,
20664813,native,59920009.69879518,
20667771,native,65802832.93333333,
20663431,native,26765230.23636364,
20664969,native,50617639.78688525,
20665565,native,27437231.666666668,
20664932,native,54401833.03883495,
20667931,native,79497853.52727273,
20664368,native,57283679.81,
20666045,native,42863939.21333333,
20667486,native,74913471.96363637,
20668413,native,67663271.90163934,
20663901,native,90362030.17333333,
20666596,native,83286883.62820514,
20667866,native,38044801.211864404,
20668540,native,93806236.96363637,
20666701,native,97114828.52,
20664744,native,49379063.13636363,
20667494,native,102770829.2745098,
20668072,native,27950715.174061432,
20665308,native,107637910.98,
20665483,native,51580111.56481481,
20666221,native,28910577.92619926,
20664802,native,75627991.2,
20664275,native,58149949.423728816,
20668425,native,71926670.33333333,
20665846,native,92618371.1076923,
20666120,native,42656000.71428572,
20668367,native,105284199.69090909,
20667183,native,51377442.57,
20666162,native,53398377.27710843,
20666432,native,74399731.49315068,
20668659,native,71025837.09333333,
20663865,native,27245162.282926828,
20668278,native,41587476.175925925,
20665682,native,85968350.36619718,
20665505,native,54935208.666666664,
20664814,native,48820873.71232877,
20668465,native,94698683.82926829,
20663432,native,70711635.22916667,
20666795,native,92929534.45,
20666128,native,71819230.63492064,
20666478,native,73530156.88181818,
20664839,native,79632193.6,
20667932,native,56797895.603174604,
20663808,native,45818433.053097345,
20664759,native,97102492.77777778,
20663972,native,107981202.94545455,
20664933,native,42625844.21505377,
20665103,native,92243039.82142857,
20667867,native,73445288.9736842,
20665566,native,76349877.2,
20664970,native,125261027.89130434,
20667487,native,85395676.43636364,
20664369,native,113280393.9375,
20665530,native,91655750.5,
20667495,native,75154060.33962265,
20667772,native,68581255.55,
20668414,native,83304936.27692308,
20666121,native,81813495.52777778,
20668541,native,17769719.79464286,
20666046,native,59249809.83783784,
20664745,native,84396875.6557377,
20668073,native,101167084.02,
20666609,native,37836973.08148148,
20664803,native,99453335.93478261,
20666702,native,30592182.569506727,
20663902,native,107888147.6969697,
20665309,native,211383081.03846154,
20668279,native,49566567.16,
20664276,native,32977886.108433735,
20666597,native,77043796.4,
20666222,native,115215677.79310344,
20666163,native,8697867.18111455,
20668426,native,88030201.34285714,
20666433,native,78272915.04285714,
20668660,native,72290467.07894737,
20668368,native,83967181.54666667,
20665847,native,61500388.82727273,
20666796,native,70260885.05882353,
20667184,native,44431525.67808219,
20663973,native,20339712.286516853,
20664815,native,69126779.95588236,
20667933,native,39812833.96116505,
20666129,native,69369296.26984127,
20664840,native,54570095.475,
20665683,native,97492521.58181818,
20667868,native,44500137.53333333,
20664760,native,76111684.93650794,
20663433,native,83153355.48484848,
20664934,native,115182618.69767442,
20663866,native,101926267.06578948,
20665506,native,84996211.76,
20665567,native,77018523.70769231,
20668466,native,84675910.26315789,
20666479,native,69767021.6875,
20664971,native,40544500.61386139,
20663809,native,107124133.56363636,
20665104,native,55723077.12962963,
20666122,native,35880047.35714286,
20664746,native,32537753.17073171,
20667496,native,62153613.56790123,
20663913,native,69809909.825,
20668415,native,86974935.48333333,
20667773,native,90093472.65151516,
20666610,native,62117514.11111111,
20665310,native,4910517.5070588235,
20664370,native,60441277.018018015,
20667775,native,26917129.64258555,
20665319,native,98310485.31372549,
20666047,native,7741391.773022049,
20668280,native,116682567.8888889,
20668542,native,114775142.47826087,
20668074,native,93789403.12307692,
20668369,native,74961666.94117647,
20666130,native,79136243.02173913,
20665684,native,34413014.35454545,
20664277,native,108794360.86666666,
20668661,native,76700430.1,
20666598,native,61162630.722222224,
20664761,native,66733516.5,
20666164,native,106919825.01960784,
20666797,native,41190227.265625,
20667934,native,29199574.43452381,
20665015,native,89422205.9625,
20666434,native,61316209.21,
20663903,native,128188304.46551724,
20663974,native,98770507.33962265,
20666223,native,114761814.50819673,
20664935,native,73223714.58823529,
20663867,native,43091499.84615385,
20668427,native,97052886.9,
20665848,native,42615589.04635762,
20667185,native,99587316.8852459,
20664841,native,52362275.13513514,
20666480,native,58408346.37037037,
20664816,native,93177923.43421052,
20664972,native,70669104.52054794,
20666123,native,46850645.58139535,
20667869,native,85054217.84210527,
20668467,native,87795975.79411764,
20665568,native,57941061.50943396,
20665105,native,10033222.302083334,
20663434,native,121410338.5,
20664382,native,79898778.125,
20667776,native,115784898.13333334,
20668416,native,44559441.47169811,
20668543,native,68811708.96666667,
20663810,native,58437543.728,
20667774,native,54489327.96842105,
20666611,native,52033712.81052632,
20664747,native,120170782.96078432,
20667497,native,69768781.37362637,
20668370,native,72167093.69090909,
20665320,native,68655579.22222222,
20663914,native,100169848.27941176,
20668075,native,62176334.807228915,
20666048,native,114301778.41304348,
20668281,native,88388125.53846154,
20665311,native,144469708.45652175,
20664371,native,58388691.048780486,
20663975,native,90988349.41860466,
20665685,native,14040830.158031087,
20668662,native,87595835.55357143,
20666599,native,67935585.64788732,
20665849,native,53495672.38356164,
20667935,native,65963974.16438356,
20667186,native,54566025.84507042,
20664278,native,103631186.18181819,
20666798,native,87843239.46666667,
20666131,native,75728443.7654321,
20664842,native,86670831.04166667,
20666165,native,66225333.94444445,
20663904,native,79680261.9,
20664762,native,63786310.91,
20666435,native,62148565.82653061,
20664817,native,53580983.44736842,
20664936,native,70110406.02352941,
20663868,native,100732957.43636364,
20665016,native,54815562.58677686,
20666224,native,61275602.12037037,
20666481,native,82587734.38461539,
20668428,native,68445946.2755102,
20667870,native,70185517.33333333,
20664973,native,59022545.63333333,
20665569,native,64441654.51428571,
20664383,native,80170044.56603773,
20665106,native,117516930.29268293,
20666124,native,88841179.02941176,
20668544,native,63919219.26153846,
20663435,native,64362432.0,
20666612,native,96916260.79069768,
20668468,native,35851677.93193717,
20664748,native,81405594.66666667,
20668431,native,136949437.0,
20667777,native,67841084.98947369,
20663811,native,28758168.425925925,
20668282,native,46645136.50943396,
20668371,native,75651289.51282051,
20667498,native,84719674.5890411,
20668076,native,61691110.15384615,
20664279,native,12935875.138339922,
20664372,native,25641583.022099447,
20665312,native,112884783.55,
20668663,native,38652796.90740741,
20663915,native,143231891.19512194,
20665686,native,117316823.06060606,
20665321,native,91824296.50684932,
20663976,native,57677897.5882353,
20665850,native,95125890.0,
20666049,native,107480939.34920634,
20664937,native,36855304.989795916,
20666166,native,62927382.3,
20667187,native,30563673.1160221,
20666799,native,40563021.47692308,
20668417,native,146057195.58730158,
20664818,native,59554949.538461536,
20667936,native,65547382.81318682,
20666132,native,27640240.442857143,
20666600,native,76149845.6627907,
20665570,native,87318157.80434783,
20664763,native,104401437.32075472,
20666436,native,39263774.06382979,
20667871,native,93598752.08333333,
20664843,native,121199713.625,
20663869,native,73595468.05555555,
20665107,native,72351073.4090909,
20666482,native,57016050.675675675,
20668429,native,51628455.56,
20663905,native,82221294.04210526,
20664974,native,124199762.54347827,
20668469,native,103058402.84210527,
20666125,native,67851028.76923077,
20664749,native,21682348.03846154,
20665017,native,79051303.3960396,
20668545,native,62009901.74489796,
20666613,native,57176022.64,
20666225,native,81468155.02970298,
20663436,native,64618980.739583336,
20664384,native,142256812.08888888,
20663916,native,56411462.43333333,
20667778,native,44083321.52380952,
20663812,native,52469899.83962264,
20668664,native,34790164.06153846,
20664373,native,75867487.01587301,
20665687,native,46217328.30107527,
20664280,native,78041482.72307692,
20665851,native,38006060.61320755,
20667499,native,102701527.8235294,
20668372,native,78011870.04285714,
20665322,native,94763705.8478261,
20663977,native,49709020.98,
20668077,native,22022515.21785714,
20666050,native,79933482.2586207,
20665313,native,30942136.106796116,
20668432,native,69450834.13274336,
20667937,native,67281400.21311475,
20666601,native,70990386.58490565,
20668283,native,79328175.24175824,
20668418,native,105260677.17073171,
20666133,native,105450260.63157895,
20665571,native,69324055.21538462,
20664819,native,103839936.97916667,
20666167,native,24521357.65503876,
20667188,native,89044013.80882353,
20666800,native,80807916.6025641,
20664938,native,8979478.338630807,
20667872,native,64695718.8313253,
20664844,native,30809977.876404494,
20666437,native,134910837.15,
20664764,native,82275466.02816902,
20668470,native,78333725.16,
20663870,native,102747966.8235294,
20663906,native,66583328.14285714,
20664975,native,57084342.57647059,
20664750,native,102045299.31111111,
20666126,native,61122660.36666667,
20666483,native,81035674.08,
20664385,native,82939347.33333333,
20665018,native,71122580.78666666,
20665108,native,78195666.97674419,
20668546,native,85694759.48484848,
20666226,native,76185251.77142857,
20668430,native,125479615.46428572,
20663813,native,85994099.82608695,
20663437,native,50309739.66101695,
20665323,native,35817291.347457625,
20666602,native,62925319.333333336,
20664751,native,58359278.7631579,
20665314,native,37838270.530612245,
20668433,native,30983432.816,
20666051,native,58639669.92424242,
20666614,native,71365626.87096775,
20665852,native,57587383.68817204,
20663917,native,74148773.71428572,
20667779,native,71864061.17582418,
20664374,native,99865886.98113208,
20666134,native,10042244.95212766,
20663978,native,46895055.06666667,
20668665,native,98897637.2,
20668373,native,67692921.90322581,
20667938,native,55489532.5,
20665688,native,81944068.55555555,
20664281,native,117705186.41071428,
20668284,native,72756147.69736843,
20668078,native,139314585.13043478,
20666168,native,53659264.564705886,
20668419,native,122277167.8478261,
20664765,native,45496333.525,
20665572,native,132359461.5263158,
20666801,native,27690921.21111111,
20664820,native,66449173.32530121,
20667189,native,80841754.95384616,
20667873,native,69788203.36986302,
20663871,native,67568000.06896552,
20664939,native,131922994.57894737,
20666127,native,68913774.0,
20666484,native,50877122.04918033,
20664976,native,55038104.3373494,
20666438,native,9729647.737847222,
20664845,native,96353064.60294117,
20663907,native,89399156.60294117,
20665109,native,73307082.57142857,
20664752,native,30159314.300813008,
20664386,native,25954857.266990293,
20668434,native,85365145.73170732,
20664754,native,49730933.54081633,
20663918,native,38263766.06666667,
20664376,native,62362863.15,
20665019,native,72572192.53846154,
20668547,native,46453557.10619469,
20665315,native,97508195.84444444,
20664375,native,56928060.92424242,
20665324,native,82479539.4137931,
20668471,native,93004471.1744186,
20663438,native,82808070.42857143,
20663814,native,80229289.48571429,
20665853,native,91315154.64583333,
20666227,native,67752911.8,
20666603,native,56503991.75510204,
20666615,native,71526401.34666666,
20666052,native,63482890.53409091,
20663979,native,121479134.2,
20668285,native,25599034.40410959,
20667780,native,77272739.70588236,
20665573,native,21095254.21686747,
20665689,native,113199861.8372093,
20668666,native,43529162.383458644,
20664282,native,72995608.90410958,
20666802,native,65726306.051724136,
20666169,native,58687960.5,
20666135,native,91226242.50704226,
20666439,native,11787931.418181818,
20668374,native,88148890.10958904,
20667190,native,69960953.8923077,
20667939,native,101901068.23529412,
20668420,native,59178984.239583336,
20664821,native,52196026.60204082,
20667874,native,81678019.0,
20664977,native,55607861.2625,
20664940,native,15118568.040920716,
20665110,native,75546840.9,
20664766,native,76679198.12871288,
20668079,native,111720109.46575342,
20664753,native,79409171.5471698,
20663872,native,68896638.05940594,
20664394,native,77502081.75555556,
20666228,native,57347159.763636366,
20666616,native,2880324.294005709,
20663919,native,86220066.38,
20666485,native,73313317.5049505,
20668548,native,68851445.96969697,
20665316,native,94819797.4,
20663908,native,64561919.69892473,
20664846,native,64706776.53,
20668435,native,119166564.58695652,
20664755,native,96785824.78571428,
20664377,native,63726258.53488372,
20663439,native,53251111.6,
20663815,native,49533347.510204084,
20665020,native,27100517.009389672,
20666604,native,122056774.58333333,
20665325,native,74658746.79452054,
20668472,native,65027655.23255814,
20664387,native,87396674.5125,
20664379,native,75479285.22093023,
20668667,native,110430638.39473684,
20666053,native,66912747.94186047,
20668286,native,133225778.6,
20665854,native,28970755.37280702,
20665574,native,77904982.01587301,
20664283,native,55055519.4939759,
20666136,native,84552828.36,
20668156,native,51025869.477477476,
20663980,native,53135368.55,
20665690,native,76527618.69736843,
20667191,native,26519562.865497075,
20666440,native,122546031.48780487,
20668375,native,62308318.15384615,
20666803,native,136505359.93333334,
20668421,native,66090277.41025641,
20668578,native,79341869.84482759,
20667940,native,66157946.493827164,
20664822,native,53820366.177083336,
20666170,native,78318035.55913979,
20664767,native,59488834.87692308,
20664978,native,57415987.56,
20665111,native,70185712.66666667,
20668080,native,28074916.903225806,
20668203,native,28657388.8,
20664941,native,139820620.30555555,
20666229,native,45191182.302083336,
20665317,native,49182991.29487179,
20663920,native,61305657.633802816,
20663909,native,92988337.48888889,
20664756,native,49431746.093023255,
20666617,native,146285356.7857143,
20663873,native,84254326.6,
20668549,native,90559912.62295082,
20665326,native,68774715.62295082,
20664378,native,48200727.15841584,
20664847,native,59688772.68604651,
20666605,native,83726916.76363637,
20666486,native,69812460.06976745,
20663440,native,60232247.61627907,
20664395,native,48111435.653333336,
20664388,native,81399171.15517241,
20664380,native,75772566.61904761,
20668436,native,88402347.53424658,
20666054,native,87308877.14285715,
20665855,native,181922539.5,
20663816,native,74667338.70408164,
20668473,native,64709211.141509436,
20665575,native,94976424.94545455,
20666137,native,148802931.6969697,
20665021,native,162455820.3255814,
20668157,native,80572618.2112676,
20668287,native,57862955.91818182,
20665691,native,89198821.96226415,
20663981,native,68570338.6744186,
20664823,native,73425978.74509804,
20668668,native,72734216.91836734,
20668422,native,64527042.692307696,
20667941,native,51526415.53488372,
20666441,native,98860717.5490196,
20668081,native,58339794.803571425,
20668376,native,85335239.83636364,
20664284,native,114837219.05172414,
20667192,native,66587648.86363637,
20668579,native,44764440.60344828,
20666171,native,44511836.31818182,
20666804,native,98483839.78333333,
20665112,native,43593184.73728813,
20668179,native,70274738.16,
20665318,native,10887195.45940171,
20668204,native,82941085.375,
20664942,native,82223849.55737706,
20663874,native,56524423.06060606,
20666618,native,75473331.75471698,
20666230,native,72029957.46153846,
20664979,native,41577479.77575757,
20664768,native,82008862.30588235,
20668550,native,42415288.571428575,
20663910,native,60045104.70454545,
20666487,native,25184183.96470588,
20663921,native,83314899.71232876,
20663925,native,78266899.36666666,
20666606,native,3685553.8279816513,
20665327,native,35107061.92405064,
20663441,native,81772122.58461538,
20663911,native,65417103.40845071,
20668288,native,61989560.791666664,
20666055,native,42674245.60869565,
20664848,native,84854910.0875,
20668158,native,41082427.526315786,
20664381,native,59320367.45918367,
20665856,native,58284780.744186044,
20663817,native,57803888.506172836,
20665022,native,57598180.7631579,
20664396,native,91297942.57333334,
20663982,native,76580714.81132075,
20664824,native,56703998.56338028,
20665576,native,84556385.27692308,
20664389,native,78230150.91860466,
20668377,native,36046319.0990991,
20666805,native,32978859.653465346,
20664285,native,98599469.97674419,
20668669,native,89248963.63636364,
20666442,native,70556605.19117647,
20665692,native,59429060.697916664,
20668580,native,67109632.73239437,
20668474,native,34986744.622727275,
20668423,native,57010349.371681415,
20667942,native,59078826.49090909,
20666138,native,70968652.89380531,
20665113,native,75695496.70769231,
20668082,native,109913014.46153846,
20668180,native,142019428.82857144,
20667193,native,105441766.09230769,
20668205,native,103423933.15686275,
20666231,native,83806895.16981132,
20668484,native,61635165.65909091,
20664943,native,53853935.45544554,
20668551,native,74824798.30357143,
20666139,native,54755293.44871795,
20666172,native,127643110.125,
20663875,native,66257433.77647059,
20666619,native,99871992.0,
20666488,native,112242075.28888889,
20663926,native,83340771.86666666,
20664769,native,57136916.59223301,
20664849,native,44149675.20481928,
20664980,native,113863323.22413793,
20665328,native,101376548.94339623,
20666607,native,129427822.77777778,
20663922,native,101450816.51515152,
20663442,native,13362192.934210526,
20663818,native,56006666.41975309,
20664825,native,39421215.65765766,
20666056,native,116982513.19565217,
20668159,native,128450939.10526316,
20664397,native,76549772.95454545,
20665577,native,36960295.63846154,
20668670,native,57415008.28947368,
20664390,native,50046875.320754714,
20664286,native,74144709.72131148,
20665857,native,48907334.43609022,
20663983,native,73472759.1625,
20665693,native,83869354.55357143,
20668289,native,109598030.35714285,
20666443,native,110188530.52173913,
20667943,native,51034413.78947368,
20663912,native,87395214.29032259,
20668378,native,76577895.30120482,
20663931,native,52281405.80821918,
20665114,native,87921812.23913044,
20668581,native,40250238.698529415,
20665023,native,56584425.08571429,
20663876,native,49648766.015873015,
20666232,native,50497315.90361446,
20668552,native,88337391.84,
20668424,native,65625153.20879121,
20668485,native,93370548.29166667,
20666173,native,54058103.755813956,
20668083,native,26593408.44949495,
20666444,native,64073214.82191781,
20668181,native,58835545.34065934,
20664944,native,87777266.16071428,
20668206,native,73512894.5,
20666806,native,82597950.08,
20666489,native,33366277.04964539,
20668475,native,127201095.37931034,
20663927,native,78324086.81538461,
20666620,native,74632950.68,
20664770,native,72169593.77142857,
20663923,native,64342407.13846154,
20664850,native,35843139.63576159,
20667194,native,104907065.98571429,
20664981,native,69818440.81578948,
20663819,native,35639333.70247934,
20665858,native,70971657.81395349,
20664826,native,32015552.682119206,
20666608,native,78132986.40789473,
20665329,native,70188501.43181819,
20665578,native,43182345.06086957,
20666057,native,77101438.95714286,
20668160,native,65454100.723684214,
20663443,native,102211505.65517241,
20668671,native,54646936.279569894,
20668296,native,62744537.233333334,
20664398,native,46556302.35714286,
20665024,native,31962825.936,
20668290,native,91321357.28301887,
20668582,native,94518005.75,
20668182,native,89078519.39393939,
20663984,native,58933969.981481485,
20665115,native,74177461.0,
20664391,native,73435310.58241758,
20663934,native,25125125.85483871,
20663877,native,59356042.5,
20667944,native,58416704.82727273,
20668486,native,39738274.833333336,
20663932,native,82147973.16666667,
20666174,native,78984033.2413793,
20664287,native,89650638.89534883,
20668379,native,51579790.96183206,
20668207,native,55623371.0875,
20668084,native,101744366.43902439,
20666807,native,141753013.60714287,
20665694,native,73324657.67326732,
20666233,native,49810310.69918699,
20668553,native,94856390.2909091,
20666445,native,104236543.1,
20663924,native,65192138.36363637,
20664945,native,60787965.258064516,
20664771,native,75329314.0862069,
20666490,native,77347275.22535211,
20663928,native,52570059.481481485,
20664982,native,40386266.141666666,
20663820,native,82544174.34545454,
20665330,native,61026231.40909091,
20667195,native,51413654.352380954,
20664851,native,78080264.87323944,
20668476,native,82790931.91566265,
20668161,native,92387800.53658536,
20668319,native,3735780.3003773587,
20666621,native,56060960.456,
20665859,native,92338374.65454546,
20665579,native,69717971.02857143,
20668672,native,61925220.91428571,
20663444,native,59049084.89156626,
20665025,native,63040662.38333333,
20666058,native,38405916.134751774,
20668291,native,60340406.941176474,
20664827,native,94889537.09230769,
20668297,native,39642488.53174603,
20668183,native,50409892.98591549,
20665116,native,47369262.270588234,
20664399,native,73092675.02666667,
20664392,native,51659008.8625,
20663985,native,63768084.63953488,
20666808,native,8636762.075247524,
20668583,native,71818471.33333333,
20668208,native,80001715.36363636,
20663878,native,40218639.44274809,
20668554,native,72939306.29411764,
20668085,native,63561694.223684214,
20663935,native,114580916.64444445,
20666175,native,86101866.37704918,
20667945,native,82709812.61428571,
20663933,native,108529560.89090909,
20664288,native,43619071.234042555,
20664946,native,60095303.34117647,
20668487,native,75663830.47058824,
20668380,native,96691570.85294117,
20667196,native,59831237.885245904,
20665695,native,79841549.69411765,
20668307,native,52371873.76521739,
20666446,native,65770645.48387097,
20663929,native,99001565.63043478,
20663821,native,68905966.0735294,
20668477,native,64287962.92307692,
20666234,native,95299258.41025642,
20664983,native,107863285.64444445,
20666491,native,30918867.33488372,
20664852,native,56550902.65909091,
20665331,native,55196650.89473684,
20663445,native,28381687.13043478,
20664772,native,77462163.29032259,
20666622,native,90888308.14583333,
20665580,native,57671788.6875,
20668673,native,93778349.41509435,
20665860,native,58134626.958333336,
20666456,native,32771708.837837838,
20664400,native,64206860.98275862,
20665026,native,80969482.22222222,
20666059,native,123392734.8,
20668162,native,26518512.91954023,
20665117,native,17527534.19661017,
20664393,native,41794757.57936508,
20668584,native,51218698.6375,
20668292,native,95130238.04225352,
20668298,native,87972506.07894737,
20668209,native,64976411.32,
20668184,native,112489729.36507936,
20663936,native,50369883.53763441,
20663986,native,101813410.04,
20666176,native,57948782.884615384,
20668320,native,210867248.90243903,
20668555,native,69657683.92957747,
20667946,native,79114040.75471698,
20663879,native,104157826.01886792,
20666809,native,122443785.37777779,
20666447,native,49936595.36764706,
20664947,native,108734414.11627907,
20668086,native,2208615.060205094,
20666235,native,69937004.63333334,
20664289,native,114470968.67924528,
20668381,native,44778208.152,
20668308,native,95437022.43636364,
20668488,native,141338961.69767442,
20665332,native,58288529.20547945,
20666623,native,70260622.20754717,
20665696,native,100760537.8275862,
20663930,native,82886643.35294117,
20667197,native,82584562.89333333,
20663822,native,67774363.7654321,
20668478,native,65469040.97647059,
20664773,native,50031284.41052631,
20668674,native,74739660.2745098,
20663446,native,55838095.817204304,
20665581,native,29621122.8625,
20664984,native,88338476.93846154,
20666492,native,138618745.37142858,
20666060,native,33375867.570247933,
20664853,native,83486580.50666666,
20668481,native,55612753.78461538,
20665027,native,98856047.63043478,
20664401,native,45200192.61788618,
20665861,native,46641198.015384614,
20668293,native,36158550.93965517,
20666457,native,9102661.05442177,
20668585,native,116298601.02439025,
20668163,native,160379186.66666666,
20666448,native,57861181.14285714,
20668321,native,72742636.1904762,
20666177,native,78997945.2586207,
20668185,native,31973145.493975904,
20668556,native,85751173.7090909,
20668167,native,105253326.68888889,
20663880,native,61897462.41428571,
20668210,native,116087532.64444445,
20668087,native,88111546.6,
20668299,native,62783720.96703297,
20665118,native,104423793.58823529,
20664948,native,64135719.04615384,
20664290,native,39535565.197674416,
20663987,native,65098357.27368421,
20666624,native,48842887.48571429,
20668309,native,73975380.28571428,
20666810,native,108921036.65,
20668382,native,116841710.94736843,
20665333,native,118187709.08571428,
20668489,native,42060650.233333334,
20663823,native,82214913.34545454,
20664774,native,37140164.86440678,
20668601,native,79044577.86885247,
20666236,native,61220150.78125,
20667947,native,35179316.6375,
20664985,native,24473769.922651935,
20667198,native,45860452.7107438,
20664854,native,56894849.25714286,
20665582,native,104103392.02173913,
20665028,native,66788699.20689655,
20664402,native,47900518.98717949,
20663447,native,64435469.15116279,
20665697,native,90170676.20547946,
20668294,native,50501542.52112676,
20668482,native,44830561.50925926,
20666061,native,102382040.03773585,
20668479,native,135949099.08333334,
20666493,native,92234259.03030303,
20668675,native,74828718.53846154,
20665862,native,121275538.81395349,
20668322,native,25487735.883838385,
20668186,native,70712411.43661971,
20668586,native,43903846.39189189,
20668164,native,61370229.84158416,
20666449,native,100969861.65,
20666458,native,117313504.64285715,
20665119,native,44044298.923728816,
20664949,native,86991572.625,
20668557,native,116155158.02083333,
20668168,native,61831833.88172043,
20664291,native,57452774.421686746,
20668088,native,76353476.17105263,
20666178,native,73274526.71111111,
20667199,native,5460505.570075758,
20663881,native,95327407.08823529,
20668211,native,80168256.63855422,
20663988,native,12965796.129032258,
20665334,native,88455857.0,
20668300,native,47825710.42666667,
20666237,native,36283969.584070794,
20668310,native,62602568.03333333,
20663824,native,69493142.46031746,
20666625,native,25346782.101960786,
20668602,native,72799062.56060606,
20668490,native,55345764.49504951,
20665029,native,49767855.5125,
20666494,native,40791582.69736842,
20668383,native,69841136.18181819,
20664986,native,110073407.48837209,
20664775,native,73765077.2,
20665698,native,61947572.14666667,
20668295,native,104832918.48780487,
20667948,native,171008622.67741936,
20666811,native,89439917.02352941,
20666062,native,95014592.8235294,
20664855,native,75438757.21686748,
20668483,native,97971124.66037735,
20665863,native,26927874.278145697,
20668480,native,94644575.16071428,
20668676,native,91052421.0909091,
20663448,native,70702933.0989011,
20665583,native,66578084.64814815,
20664403,native,79177154.02150537,
20666459,native,76621052.49056605,
20668323,native,51520054.104761906,
20666179,native,59619021.18965517,
20668165,native,76145644.9090909,
20664950,native,64591993.788732395,
20666450,native,67089362.28,
20668187,native,57211984.333333336,
20668491,native,6788706.676240209,
20664292,native,64687208.85333333,
20665120,native,62222649.75824176,
20668212,native,76246420.01666667,
20663882,native,108052959.69767442,
20668587,native,124603598.22916667,
20668169,native,104200454.70491803,
20664987,native,53455310.515151516,
20666238,native,79483000.96666667,
20668311,native,48299591.79591837,
20668301,native,132174468.65789473,
20665335,native,94453430.59016393,
20668089,native,80977704.93181819,
20668558,native,82269453.34065934,
20666812,native,71299571.09302326,
20666495,native,31498676.53548387,
20663989,native,128668657.32,
20666063,native,55207339.63076923,
20666626,native,108520701.33962265,
20668166,native,32355254.786206897,
20667949,native,53346917.12048193,
20663825,native,64005449.320754714,
20668384,native,55330783.19811321,
20668677,native,43134043.64705882,
20664776,native,70431041.82666667,
20667200,native,174192312.23913044,
20664856,native,41210935.4,
20665030,native,68877862.88,
20668313,native,86144948.81034483,
20668603,native,100704393.21333334,
20665864,native,65822252.69879518,
20665584,native,33946208.06428572,
20664404,native,72778982.44262294,
20665699,native,84303416.1882353,
20666180,native,49230726.7125,
20663449,native,117133911.52083333,
20666281,native,120820499.2,
20668324,native,75016007.0,
20666451,native,77691799.76363637,
20664951,native,79788816.94339623,
20666460,native,71498196.6,
20668188,native,49720339.37362637,
20664293,native,51116927.54216868,
20663883,native,53881440.96052632,
20668492,native,105598112.02222222,
20668226,native,50289050.53982301,
20668213,native,56454684.15,
20665336,native,23410638.82142857,
20665121,native,126583021.3478261,
20668302,native,94331384.56862745,
20668559,native,71427353.48484848,
20668312,native,68087618.15,
20668588,native,80039092.53333333,
20668090,native,79992663.31147541,
20664988,native,80102813.77464789,
20668566,native,66534122.85714286,
20668170,native,51807139.62608696,
20666239,native,42962796.77622378,
20663826,native,55094286.45205479,
20666496,native,87550602.60714285,
20663990,native,59455614.0625,
20666627,native,92031169.32,
20666064,native,37606229.64900662,
20665031,native,59677037.91428571,
20668678,native,51733950.625,
20668385,native,85652034.3442623,
20667201,native,42967029.84615385,
20666813,native,61935213.55855856,
20664777,native,65653924.19318182,
20668314,native,74134579.76923077,
20666282,native,32068621.927272726,
20667950,native,63718932.647619046,
20664952,native,53398856.63333333,
20664857,native,106440885.83636364,
20666181,native,121786868.06451613,
20666452,native,59906262.54098361,
20668189,native,49328734.89333333,
20665585,native,122337136.53488372,
20668325,native,27167749.130681816,
20664405,native,80082173.01369864,
20668493,native,58203181.14754099,
20663450,native,72796888.15384616,
20665865,native,108975584.14754099,
20668604,native,73962177.29166667,
20664294,native,50551364.38679245,
20663884,native,67657098.48192771,
20666461,native,51771111.15625,
20668238,native,45918730.21333333,
20665700,native,44429750.53888889,
20668227,native,70338589.25,
20663991,native,43088887.75,
20665337,native,115528637.86842105,
20666240,native,58542970.06349207,
20668560,native,51177848.96590909,
20665122,native,51325399.346534654,
20668214,native,83741243.87654321,
20666497,native,77890051.66,
20665032,native,30135888.585365854,
20668679,native,81649435.37777779,
20668091,native,76135460.96,
20667202,native,95297346.6969697,
20668303,native,121798118.98,
20668589,native,83732235.90140845,
20668315,native,41576222.746987954,
20663827,native,75618025.6849315,
20668567,native,78907354.50666666,
20664989,native,51339106.08264463,
20664778,native,69357164.9,
20668386,native,73890043.8,
20666453,native,26632923.369863015,
20666628,native,58253992.64545455,
20664953,native,51088765.14444444,
20666283,native,76741565.63076924,
20664858,native,92347104.125,
20668171,native,88916946.96666667,
20666814,native,60728286.36734694,
20666065,native,61306651.6173913,
20667951,native,96631167.7090909,
20668190,native,115626910.2195122,
20668572,native,69700157.96969697,
20665586,native,77570742.16176471,
20665866,native,53473727.65116279,
20666182,native,74976333.0,
20664295,native,57913944.77272727,
20668326,native,98259347.34482759,
20663451,native,49408349.98058253,
20668494,native,78763234.64383562,
20663885,native,14967327.0,
20665701,native,71468590.9,
20668605,native,85964360.84285714,
20666241,native,47405944.64772727,
20663992,native,53906590.62650602,
20665123,native,65137878.21311475,
20668239,native,6308233.662778367,
20668228,native,71326139.09876543,
20665338,native,75786033.2,
20666462,native,74650441.05128205,
20668590,native,21866968.86885246,
20668092,native,6569075.4300911855,
20668215,native,24539685.30516432,
20666498,native,109493236.26829268,
20668304,native,60144029.308823526,
20665033,native,89883858.66666667,
20663828,native,60647184.64383562,
20668568,native,26183421.555555556,
20668561,native,93770375.74285714,
20664990,native,79977534.60344827,
20666629,native,119394727.11538461,
20668680,native,52817359.42477876,
20666454,native,47611197.43157895,
20668172,native,46430954.986666664,
20664859,native,48053744.32954545,
20668387,native,74908600.78787878,
20667203,native,60424942.39090909,
20667952,native,63729483.95081967,
20668316,native,76048586.30588235,
20664779,native,82178242.88,
20663452,native,34139201.43157895,
20666183,native,56583656.058823526,
20668327,native,48939081.91428571,
20666066,native,77374006.04411764,
20668191,native,56346289.82857143,
20666815,native,82181497.1369863,
20665867,native,59439854.875,
20666284,native,80658183.61363636,
20664954,native,57556107.671875,
20665587,native,72155017.0,
20664296,native,53356053.39805825,
20668573,native,132769210.54347827,
20665702,native,75559899.84482759,
20668495,native,59859883.61363637,
20666242,native,29779313.019230768,
20668606,native,65807512.95714286,
20668229,native,67121707.07042253,
20665339,native,96213568.44,
20666463,native,55139157.21176471,
20663993,native,69046805.74074075,
20668240,native,142623978.05714285,
20665124,native,28231039.082568806,
20668305,native,46440990.83168317,
20666630,native,34862629.416,
20663886,native,138753717.41379312,
20668093,native,121697655.29166667,
20668216,native,55467574.80555555,
20664780,native,39035126.92941176,
20668569,native,89602698.9090909,
20668591,native,158696327.86842105,
20667204,native,61868392.55,
20665034,native,116945447.83333333,
20668562,native,134420259.19444445,
20666499,native,50596110.80451128,
20663453,native,69081076.71698113,
20663829,native,66494732.010416664,
20668388,native,18142732.955172412,
20664991,native,48393184.641221374,
20667953,native,49399429.92,
20666184,native,64153755.54545455,
20664860,native,53588871.74774775,
20668173,native,74005652.56470588,
20668681,native,91212990.72,
20668317,native,83829576.63380282,
20668328,native,69902221.28205128,
20666455,native,163620118.25581396,
20666816,native,44385095.04504505,
20666285,native,87415466.91071428,
20668192,native,63580372.92045455,
20665588,native,24547923.16113744,
20664955,native,95780026.39622642,
20668574,native,121058586.26315789,
20665868,native,48710863.384,
20668496,native,95526653.43396227,
20668607,native,90500762.75471698,
20664297,native,52351111.516949154,
20665125,native,91406716.45714286,
20665703,native,35457554.50289018,
20666067,native,81050168.2815534,
20668306,native,43167383.39795918,
20666243,native,119546315.32,
20666464,native,55932610.49473684,
20663994,native,89754646.96551724,
20668230,native,83466753.95588236,
20666631,native,42313453.981481485,
20668217,native,60098225.2739726,
20668094,native,105282293.02325581,
20668241,native,105143158.41176471,
20667954,native,31342841.19417476,
20663887,native,113924142.075,
20665035,native,61384843.91428571,
20668232,native,91990736.28888889,
20663454,native,45889904.244444445,
20665340,native,26209220.25172414,
20668592,native,121644237.95,
20667205,native,45586817.16101695,
20664992,native,48732577.75,
20668570,native,80001196.21428572,
20668563,native,57363377.68,
20664861,native,66971608.96428572,
20663830,native,92233196.94,
20666185,native,57358454.21794872,
20666500,native,92230666.06896552,
20668329,native,15668176.55925926,
20666817,native,40157805.23863637,
20665038,native,82890516.22916667,
20668682,native,49168483.3362069,
20668174,native,50725719.04132231,
20668389,native,202585928.84848484,
20665869,native,68566885.01785715,
20668575,native,50837753.822222225,
20665126,native,54238260.96825397,
20668497,native,46720092.15789474,
20664298,native,48933331.23529412,
20668318,native,69678061.2,
20664956,native,62500796.36470588,
20666286,native,75752314.53947368,
20668608,native,76898698.98412699,
20663995,native,55415444.89230769,
20668193,native,77569422.31325302,
20665589,native,126855071.26,
20665704,native,96164575.52830188,
20665036,native,22649850.81954887,
20668242,native,39767597.239583336,
20666068,native,84561386.65079366,
20668218,native,57750498.02816901,
20668231,native,76754915.96923077,
20666465,native,82645757.76923077,
20667206,native,47880413.06849315,
20668095,native,86541346.0,
20668233,native,10742142.91048035,
20663888,native,45922754.2962963,
20666186,native,6396514.0414593695,
20668197,native,65408967.26956522,
20664993,native,87463274.96078432,
20663455,native,56176823.1,
20668593,native,41539937.34146342,
20663831,native,60133196.34939759,
20666632,native,112968042.71666667,
20668564,native,138200622.45454547,
20668571,native,52151997.58095238,
20667955,native,60941804.72727273,
20664862,native,47002389.29230769,
20666244,native,67191013.18045112,
20668683,native,43300234.010416664,
20666501,native,48922426.21538462,
20665039,native,55153847.511627905,
20665341,native,135125059.66666666,
20666818,native,146432755.5,
20665127,native,45276334.47674418,
20667218,native,79817975.92727272,
20668175,native,110721245.91111112,
20668498,native,87569932.375,
20665590,native,62719704.88235294,
20668609,native,57186426.49295775,
20666257,native,78757389.0909091,
20668576,native,45352245.344827585,
20665870,native,60016554.510204084,
20666287,native,83398690.43103448,
20668330,native,160236579.5111111,
20664957,native,84280534.86363636,
20666466,native,57350651.63934426,
20666069,native,71027322.58181818,
20668194,native,87309781.06557377,
20668219,native,42402180.53125,
20668200,native,85522308.32608695,
20665705,native,60900968.697674416,
20668243,native,49614650.01980198,
20665037,native,50457311.95283019,
20667207,native,51061677.25,
20663996,native,17792402.19722222,
20668613,native,46716564.81818182,
20668198,native,62285818.06349207,
20666633,native,10072695.474093264,
20663456,native,55390644.538461536,
20664299,native,104177047.39534883,
20668096,native,4382522.854295532,
20667956,native,90386256.48,
20664994,native,74128303.1971831,
20663832,native,45118669.159292035,
20666245,native,64657624.81666667,
20668234,native,139015406.54347825,
20663889,native,60269384.783783786,
20664863,native,48848869.8,
20668594,native,112557113.78,
20667219,native,75626553.58333333,
20668577,native,154537076.82857144,
20668565,native,80787545.30263157,
20665040,native,38505106.34074074,
20666502,native,4648.387631925063,
20666258,native,48391689.14444444,
20668499,native,47521879.2,
20665128,native,94289630.86666666,
20665342,native,41158810.34,
20668684,native,61273063.018518515,
20666288,native,44202822.72277228,
20667265,native,58435652.266666666,
20665591,native,66759105.4625,
20666819,native,58708345.10909091,
20668176,native,82545251.9859155,
20665871,native,71295083.14666666,
20664958,native,76813543.38095239,
20668610,native,9606851.596036585,
20665706,native,61468660.54545455,
20668201,native,41428426.68571428,
20668220,native,44851849.97029703,
20668331,native,29045815.527093597,
20667208,native,49126607.65625,
20668195,native,17034664.773413897,
20666467,native,83732802.6764706,
20663457,native,66961137.362068966,
20668199,native,93612120.25,
20668244,native,111110987.13207547,
20666634,native,150427096.9642857,
20664031,native,106299795.35714285,
20663997,native,144324958.5526316,
20663833,native,64139061.16,
20666246,native,57993976.333333336,
20668097,native,105826401.97142857,
20664995,native,56459258.042253524,
20666070,native,25015540.405940592,
20664300,native,45030245.175925925,
20668177,native,36811312.51724138,
20664864,native,69815597.44827586,
20667957,native,73224902.9589041,
20668614,native,70227986.09433962,
20667220,native,62091177.988372095,
20668235,native,98275127.0862069,
20665050,native,63937403.897435896,
20665129,native,49650716.84210526,
20666289,native,73736174.73333333,
20668595,native,78056131.91780822,
20668337,native,87357294.98412699,
20665041,native,59180033.08791209,
20666503,native,84568891.07843137,
20666259,native,111007303.7,
20668500,native,78677628.09859155,
20669000,native,96095583.44444445,
20665592,native,46850647.31896552,
20668685,native,105278485.0,
20667266,native,100788458.78571428,
20667212,native,80306654.47619048,
20667209,native,103842403.18421052,
20668611,native,157706524.825,
20668221,native,134812593.41935483,
20664959,native,55030052.43809524,
20665872,native,144689191.0,
20665707,native,119657472.39583333,
20663834,native,60176701.92424242,
20668196,native,72326195.3974359,
20666820,native,117742195.06153846,
20664032,native,40499262.801724136,
20668247,native,95301364.28333333,
20668245,native,74033779.91176471,
20666071,native,65228025.65079365,
20664865,native,44542719.409638554,
20668332,native,114368783.25,
20663998,native,70309522.67142858,
20668202,native,73047926.13333334,
20668615,native,22656914.476190478,
20663458,native,97196290.0909091,
20664996,native,41187301.36029412,
20664301,native,76951230.85294117,
20668098,native,54448234.15238095,
20666635,native,135886997.6862745,
20668178,native,40300714.450980395,
20665130,native,61808057.48529412,
20667958,native,69022166.38554217,
20668236,native,64680379.526315786,
20665042,native,73605335.47169812,
20668507,native,108174253.70512821,
20666247,native,109433403.77142857,
20666290,native,47277646.99099099,
20668501,native,39258748.89108911,
20666260,native,21211992.309734512,
20668338,native,54693665.145833336,
20668596,native,53805343.51485149,
20665593,native,4986459.306100218,
20665051,native,73770605.71578947,
20667221,native,48270585.176470585,
20666504,native,155539965.9722222,
20665873,native,19029618.128755365,
20668686,native,30249901.13114754,
20664960,native,23410151.185,
20669001,native,69922016.48888889,
20667213,native,73500352.5890411,
20665003,native,54909021.653333336,
20667210,native,54440331.39622641,
20667267,native,49678580.6,
20668222,native,64224612.68131868,
20664033,native,39696857.19130435,
20666515,native,7616196.017452007,
20666821,native,77738219.1147541,
20668333,native,52803061.89772727,
20665708,native,66141010.63333333,
20663999,native,57294622.79518072,
20668616,native,67582198.31666666,
20663835,native,31148733.33004926,
20668612,native,115293027.4,
20668246,native,8362377.365329513,
20663459,native,64502643.01470588,
20664302,native,65778292.22727273,
20664866,native,88605426.23333333,
20668248,native,75292688.1375,
20666072,native,54859925.77876106,
20668519,native,82029122.57142857,
20668237,native,51586693.28915662,
20666636,native,96093220.26,
20664997,native,93536620.2,
20665131,native,83748790.98275863,
20668099,native,118972180.1764706,
20666291,native,62139820.23287671,
20668339,native,49045271.54216868,
20667959,native,34915827.17721519,
20665043,native,72731028.48717949,
20666261,native,58444021.15909091,
20668597,native,34268234.312056735,
20666248,native,74758362.53521127,
20668502,native,164163012.12903225,
20668508,native,86552495.7,
20667222,native,59352375.473684214,
20665052,native,67854440.93827161,
20668223,native,38159427.02040816,
20666505,native,60078251.22448979,
20668687,native,113830832.06976745,
20667268,native,64974288.38235294,
20669002,native,79257449.63076924,
20665594,native,132901406.3,
20665874,native,968156.983478522,
20664034,native,26100564.94897959,
20664961,native,92869737.43076923,
20667211,native,36706415.45454545,
20665056,native,29726605.0,
20663836,native,91558082.6,
20668334,native,133810044.91428572,
20665004,native,53058256.528,
20663460,native,21246182.961038962,
20664303,native,90268352.96,
20667214,native,89724520.7,
20666822,native,43671075.17730497,
20665709,native,88570529.54545455,
20664000,native,73802642.5375,
20664867,native,56023692.428571425,
20668812,native,46268404.175,
20668249,native,136043467.62857142,
20665132,native,93123139.65853658,
20666516,native,144671761.37777779,
20668617,native,92923153.88235295,
20667960,native,48531269.98717949,
20664998,native,45733301.485436894,
20668525,native,266810156.08,
20668503,native,22327346.717948716,
20666637,native,68816339.28235294,
20666292,native,58704476.27906977,
20668520,native,26892587.35193133,
20666249,native,15448034.155172413,
20668100,native,66321215.9375,
20665044,native,53549295.31111111,
20666073,native,67179276.00909092,
20668509,native,44456464.85714286,
20668598,native,11442632.875,
20668340,native,93641952.62121212,
20666506,native,79303327.85,
20665053,native,69422776.13157895,
20666262,native,114499513.2,
20667223,native,109907912.72131148,
20668335,native,35641395.42,
20669003,native,63970848.82716049,
20668224,native,85304609.24242425,
20667269,native,105741058.83018868,
20664962,native,59298768.12790698,
20664304,native,59139464.573529415,
20666517,native,54965049.16071428,
20665875,native,141586584.34146342,
20664868,native,78893562.14545454,
20664001,native,74056155.9137931,
20663837,native,92610310.21311475,
20665710,native,9123530.322641509,
20665595,native,77436666.92941177,
20663461,native,105188709.60465117,
20667215,native,31855855.675,
20666823,native,116550112.05555555,
20668688,native,74792530.47524753,
20665057,native,98129476.63934426,
20669187,native,64871571.67142857,
20664999,native,45756745.36263736,
20664035,native,112768945.66666667,
20665005,native,76913685.20930232,
20668618,native,82571671.86885247,
20668504,native,60810923.97142857,
20667961,native,114442451.86046511,
20665133,native,122541223.76086956,
20666074,native,65327352.40983607,
20666328,native,136665006.10344827,
20668526,native,42777248.43801653,
20666293,native,77253736.2,
20668813,native,75312252.5049505,
20666638,native,89237674.76666667,
20668521,native,135436989.225,
20668599,native,130270641.28571428,
20668101,native,94946103.33333333,
20665045,native,53247619.22123894,
20668341,native,85547288.18571429,
20667224,native,72981926.43636364,
20666507,native,50942576.448,
20666250,native,127816787.81818181,
20668225,native,46276389.62376238,
20665054,native,55312087.67961165,
20668510,native,104686327.18421052,
20666263,native,88626857.50819673,
20669004,native,52229706.00943396,
20668689,native,60037602.55,
20665876,native,106812732.36842105,
20664963,native,66162085.84,
20666518,native,40067902.753968254,
20668336,native,122938256.84444444,
20664002,native,39143795.625,
20663838,native,95525131.14583333,
20665006,native,4308404.832191781,
20664036,native,58897370.14705882,
20667270,native,96329432.25396825,
20664869,native,60736033.62222222,
20665596,native,81689582.44615385,
20666075,native,17959233.276595745,
20669188,native,74973920.83823529,
20664305,native,75333357.22352941,
20666824,native,81166720.04761904,
20666329,native,27382407.1300813,
20665000,native,69299242.72857143,
20665058,native,3417052.4368932038,
20665134,native,77183097.86,
20667216,native,145105117.42857143,
20668505,native,95008331.8125,
20667962,native,44850869.893203884,
20663462,native,96231932.16666667,
20666294,native,41336040.01111111,
20666639,native,56449256.16,
20665711,native,154716300.84444445,
20668527,native,58327553.615384616,
20668522,native,70926577.31666666,
20668814,native,79547792.70769231,
20668619,native,34576762.27184466,
20665046,native,65866939.2375,
20668600,native,90307930.22222222,
20664007,native,79744431.5490196,
20668102,native,76964530.0120482,
20668342,native,60312789.41935484,
20667225,native,104259501.5490196,
20666251,native,100081767.16,
20665055,native,52912734.57,
20669005,native,89827786.15686275,
20666264,native,75163979.98461539,
20666519,native,80472694.05882353,
20664964,native,61228401.807692304,
20668690,native,61271217.01234568,
20665597,native,41982900.88636363,
20664306,native,61257462.0754717,
20666330,native,86645687.6111111,
20664870,native,53901465.525641024,
20664037,native,60642551.2631579,
20666508,native,102815544.90410958,
20666076,native,76214173.7,
20668506,native,28882822.74657534,
20666295,native,34760944.32727273,
20665877,native,76785965.81927711,
20665135,native,43213100.074074075,
20663839,native,49911016.43965517,
20667217,native,77551599.07142857,
20664003,native,118247635.88,
20667271,native,80346844.53030303,
20668511,native,93808310.0625,
20665059,native,146036757.22857141,
20665007,native,121211011.13725491,
20667963,native,45740029.408,
20668815,native,61413735.38095238,
20666825,native,86687688.71794872,
20668528,native,84222119.5471698,
20669189,native,73897724.46315789,
20668523,native,32520394.335664336,
20663463,native,57994324.17117117,
20666640,native,94949177.95,
20665001,native,121208504.5409836,
20664008,native,59305360.33846154,
20665712,native,148992005.29268292,
20668620,native,43747840.64444444,
20665047,native,82822630.16981132,
20664965,native,62818228.96428572,
20668103,native,49615833.94594595,
20667968,native,42583349.145038165,
20666331,native,66399663.163636364,
20666937,native,111043493.98113208,
20666252,native,50127542.33663366,
20666520,native,22745227.717592593,
20667226,native,71522816.2125,
20666265,native,70976902.09859155,
20665598,native,49753875.29,
20666269,native,48846313.54117647,
20669006,native,84867459.49315068,
20666254,native,58349833.693333335,
20666509,native,101209291.3125,
20668906,native,59183750.448275864,
20664871,native,50637515.123893805,
20665060,native,52572558.38356164,
20665136,native,95291571.64,
20664004,native,45901872.89814815,
20664307,native,49597002.651851855,
20663840,native,79042191.75409836,
20667272,native,60093574.45882353,
20666296,native,67088414.425,
20665008,native,24229540.376344085,
20668512,native,82057103.26229508,
20668691,native,84827384.0120482,
20666077,native,83285553.8219178,
20665002,native,51773329.75,
20669190,native,107902815.92105263,
20667964,native,77543158.0140845,
20664038,native,78587618.59405941,
20663464,native,65957133.7260274,
20668816,native,131190338.07317074,
20665878,native,88803669.72289157,
20666641,native,82867621.03921568,
20666826,native,107387792.22950819,
20668529,native,64235776.524271846,
20668524,native,104669855.49180327,
20665048,native,73804497.53521127,
20668621,native,111575054.19565217,
20664009,native,77191877.84931506,
20665713,native,67312596.28571428,
20664966,native,22228323.48636364,
20666521,native,38031607.117117114,
20666253,native,114389038.26829268,
20667227,native,57408886.34939759,
20666266,native,67221645.95588236,
20666938,native,75859093.13636364,
20666270,native,57791880.98765432,
20665599,native,52177705.68867925,
20666510,native,38503000.512,
20666255,native,91190509.23529412,
20665137,native,60725412.02816901,
20666332,native,45028578.721518986,
20669007,native,27018266.078703705,
20665061,native,53271511.46315789,
20668104,native,120097817.22950819,
20664005,native,94497123.72,
20668907,native,61186190.666666664,
20664308,native,81109907.20634921,
20668692,native,61581765.5125,
20668513,native,102920418.7735849,
20665009,native,98121701.625,
20668817,native,58581848.07575758,
20666827,native,39743403.333333336,
20665879,native,48908475.54545455,
20667273,native,67630634.02150537,
20666078,native,50020535.568,
20669191,native,76664876.15714286,
20667969,native,82356259.4224138,
20663841,native,93594977.5,
20664872,native,79726925.68421052,
20664039,native,77047144.91176471,
20663465,native,92491132.7090909,
20666297,native,41438859.35519125,
20667965,native,49260037.75423729,
20666642,native,39247409.55862069,
20668530,native,98478750.83333333,
20664873,native,75043426.43076923,
20665714,native,53228362.37894737,
20669281,native,48684471.72527473,
20666267,native,90861956.62790698,
20664967,native,140632411.42857143,
20664010,native,36230635.11666667,
20668622,native,90083810.69736843,
20666522,native,120413394.14583333,
20666271,native,43747904.36440678,
20664309,native,33385953.981132075,
20667228,native,53534377.36666667,
20665049,native,45226972.09139785,
20668693,native,72142746.05882353,
20665138,native,84584978.01818182,
20666511,native,88277635.875,
20666333,native,116401331.65789473,
20665600,native,130917809.25,
20666256,native,36704445.53642384,
20664006,native,83325759.06666666,
20669008,native,92579733.76785715,
20668908,native,92307980.09433962,
20666828,native,65276979.48214286,
20668105,native,62265202.60227273,
20666939,native,75652696.8446602,
20668514,native,59750222.13333333,
20665010,native,91482682.3,
20663842,native,83843064.8490566,
20669192,native,66442813.823529415,
20668818,native,55866063.041666664,
20667970,native,86358993.03773585,
20667274,native,120516085.41463415,
20665880,native,143949036.89473686,
20663466,native,78302806.24242425,
20666275,native,83630505.78431372,
20666643,native,35925080.38356164,
20666079,native,107073812.21428572,
20664040,native,65964621.87777778,
20666298,native,70237948.68235295,
20666512,native,77785377.36144578,
20667966,native,7148294.167906483,
20666268,native,80839848.14545454,
20664874,native,14325850.579676675,
20666272,native,28085966.140495867,
20665715,native,70169117.8235294,
20665139,native,47605909.27941176,
20669282,native,114405978.3,
20665601,native,61034806.19672131,
20666523,native,50315310.40625,
20668623,native,24710549.936170213,
20668909,native,17695544.532019705,
20668859,native,80462093.39534883,
20668515,native,55233473.44262295,
20667229,native,105360408.4375,
20666334,native,21718551.219607845,
20668819,native,25644280.786764707,
20665011,native,37437776.867256634,
20664310,native,70690069.96470588,
20669193,native,67995215.49019608,
20668835,native,82466178.66666667,
20668823,native,46232849.61061947,
20664011,native,108546210.9859155,
20668106,native,50913179.554455444,
20669009,native,64316566.23255814,
20668694,native,86160550.36986302,
20668882,native,89861988.6521739,
20667275,native,68837072.05454545,
20666940,native,97925339.48275863,
20666829,native,84410886.3150685,
20669093,native,102850610.35714285,
20664041,native,75082887.41509435,
20667971,native,40858498.16891892,
20666080,native,52903249.23655914,
20666299,native,70028788.4137931,
20666276,native,88055811.24590164,
20666513,native,82154253.43636364,
20665881,native,89521632.12307692,
20666644,native,58318677.89,
20666514,native,79808796.85,
20663467,native,62219051.504065044,
20665716,native,105848874.25,
20667241,native,81293366.25,
20669283,native,44973131.445544556,
20668860,native,101801223.58333333,
20667967,native,140892029.86956522,
20665140,native,61342019.469387755,
20668910,native,52608243.65,
20666273,native,137045302.12,
20666524,native,52202422.37068965,
20665602,native,49688566.328125,
20668624,native,75064085.28,
20668836,native,38862651.126126125,
20669194,native,55696998.5,
20668695,native,101048696.04878049,
20669010,native,61731683.428571425,
20665012,native,44776648.48695652,
20666335,native,100670421.21568628,
20664012,native,112049120.8,
20668107,native,84954428.50909092,
20664311,native,64230599.34883721,
20667230,native,70309393.85555555,
20667276,native,31886569.852564104,
20668883,native,32848792.71875,
20668516,native,86014116.23684211,
20668820,native,57305446.03636364,
20668824,native,119554241.36,
20667972,native,102980897.1388889,
20666830,native,66434767.376344085,
20666941,native,70869239.18888889,
20665613,native,42482092.92,
20664042,native,62146379.89247312,
20669094,native,106880335.92727272,
20666645,native,106208057.0,
20666081,native,116623116.81132075,
20665882,native,83514641.71428572,
20667242,native,59328800.09859155,
20666300,native,80598514.3409091,
20666277,native,98769180.8,
20665717,native,83678453.87692308,
20665607,native,9497296.35663338,
20669284,native,144327888.7,
20665604,native,71738985.45454545,
20668015,native,58268892.98795181,
20664013,native,50773189.47945205,
20668861,native,31976838.833333332,
20668870,native,98023058.8478261,
20666274,native,53039030.65625,
20665141,native,48618896.05691057,
20669195,native,57184042.86046512,
20669011,native,22106055.951923076,
20666525,native,44683794.734375,
20668696,native,80739547.01639344,
20668821,native,29987001.659574468,
20668837,native,104058409.375,
20666087,native,112933857.05,
20668108,native,59814814.177777775,
20665013,native,26249991.240740743,
20665603,native,35518679.8051282,
20668884,native,134106387.25,
20668825,native,65016131.89333333,
20668517,native,83122930.46031746,
20668911,native,129475134.14545454,
20666336,native,57035454.973451324,
20666831,native,59762716.41538461,
20667973,native,54463424.04395604,
20667231,native,67212865.28421053,
20667277,native,112201929.68965517,
20666942,native,124605685.05,
20666082,native,48971924.52222222,
20669095,native,88940542.21666667,
20664043,native,59865313.33663366,
20665614,native,51141560.86153846,
20665718,native,45191898.6,
20666301,native,92117170.5,
20666278,native,59080105.50769231,
20666646,native,62401105.17346939,
20665605,native,64785968.071428575,
20665608,native,17958438.716049384,
20669285,native,64984408.73529412,
20667243,native,105470804.33333333,
20665883,native,68236355.58,
20668862,native,66545955.73770492,
20664014,native,84675148.0,
20668838,native,53377314.63333333,
20668016,native,159564844.21212122,
20668697,native,35742132.1171875,
20665610,native,93301748.42105263,
20665142,native,35981684.496932514,
20666088,native,36872774.88970588,
20668518,native,44736303.733333334,
20666526,native,71766250.6,
20669328,native,84421513.01282051,
20667232,native,70849638.76470588,
20669196,native,72781097.02272727,
20668109,native,93720675.16071428,
20668871,native,66102781.41904762,
20669012,native,101359897.6984127,
20668822,native,142286573.81578946,
20666337,native,65941917.50704225,
20665014,native,67603895.93827161,
20668826,native,58695436.10227273,
20666832,native,69237652.87692308,
20667974,native,67029891.62857143,
20668912,native,91512437.70689656,
20667278,native,92518149.91304348,
20668885,native,84210051.46478873,
20666943,native,63177666.770833336,
20669096,native,77791481.02816902,
20665606,native,81141665.18867925,
20666647,native,31553267.352564104,
20665615,native,102550709.85714285,
20664015,native,65051847.58571429,
20666302,native,63429382.02040816,
20668863,native,92479437.60416667,
20666279,native,55220404.2265625,
20668017,native,47721248.32631579,
20666083,native,74557353.1574074,
20668698,native,84182270.3478261,
20664044,native,107101174.38356164,
20665609,native,99390204.16393442,
20665719,native,56649078.34558824,
20667244,native,97847588.29230769,
20666538,native,18509684.092105262,
20668110,native,40772050.37362637,
20668839,native,80456699.26666667,
20669286,native,78224034.86813186,
20665884,native,102304870.0909091,
20666527,native,108210544.04878049,
20669329,native,66786291.2,
20668872,native,89647015.04166667,
20668886,native,73939707.28888889,
20669197,native,59196546.46666667,
20668913,native,91910446.10869566,
20666833,native,4263432.410236221,
20667975,native,71505071.0410959,
20667991,native,128273973.3902439,
20667279,native,74406994.04615384,
20665611,native,156301865.45652175,
20665143,native,138925129.35416666,
20668827,native,92801207.93442623,
20666338,native,84487648.34210527,
20667233,native,53538686.93984962,
20666089,native,136179275.13114753,
20668847,native,98153643.88461539,
20668829,native,28992812.88095238,
20669013,native,126186049.09230769,
20668864,native,95650009.60869566,
20668699,native,34793050.155172415,
20666303,native,20253058.066666666,
20668018,native,62087644.68181818,
20667245,native,47007816.774647884,
20666944,native,10167997.849259758,
20664045,native,41935024.97142857,
20668840,native,54273422.18333333,
20669097,native,58456360.75,
20665616,native,90120718.27941176,
20665720,native,96207851.75,
20666280,native,5471580.601412714,
20666648,native,71255656.25,
20664016,native,108328927.69642857,
20668111,native,66332828.36923077,
20669287,native,56958779.94871795,
20666539,native,85515593.47272727,
20666084,native,56914583.82857143,
20665765,native,70146955.25555556,
20668887,native,50613256.29032258,
20665885,native,35078045.491228074,
20668914,native,64113230.57746479,
20669198,native,83519178.0,
20667992,native,3035391.2165517244,
20668873,native,59122281.770833336,
20666528,native,93151474.47540984,
20669330,native,90360021.87878788,
20667280,native,80355275.80327868,
20667976,native,73444047.6849315,
20666834,native,1712783.4536363636,
20668848,native,60814279.59016393,
20665144,native,101928341.60377358,
20668828,native,40696635.89130435,
20665612,native,94358925.78688525,
20666090,native,81253276.81034483,
20667234,native,113770882.80392157,
20666339,native,68024143.84946236,
20666945,native,121722255.06666666,
20668019,native,117871625.05555555,
20668830,native,124934588.26829268,
20667246,native,116906698.7804878,
20666304,native,64885537.807228915,
20669014,native,113724990.01886792,
20668841,native,62992700.06410257,
20665617,native,46525569.981481485,
20668865,native,60209631.875,
20665619,native,62119204.346666664,
20664046,native,54035637.83809524,
20669098,native,112565257.47826087,
20668700,native,138049006.74418604,
20666085,native,50723198.64772727,
20665766,native,41334579.07,
20666649,native,98517045.5625,
20666540,native,91814524.18,
20665721,native,61348911.733333334,
20669288,native,73161654.525,
20664017,native,48415063.266666666,
20666529,native,36102651.26153846,
20668888,native,85531851.92424242,
20668112,native,86397953.49397591,
20668915,native,93688947.18867925,
20665886,native,36040477.55421687,
20668874,native,68866304.16049382,
20669331,native,90308359.23214285,
20667281,native,88848876.98181818,
20667993,native,127337183.46511628,
20669199,native,11812258.946462715,
20668876,native,66068366.5862069,
20667235,native,43009469.72,
20667977,native,77894197.63013698,
20668849,native,77844115.15873016,
20665145,native,67477335.92307693,
20666340,native,110859931.05714285,
20666091,native,85464736.21311475,
20666835,native,149279946.41860464,
20666946,native,92609658.64150943,
20665618,native,14075995.542124541,
20668020,native,88029409.70689656,
20664047,native,51624549.32876712,
20668831,native,74778517.07042253,
20665156,native,135987445.6792453,
20667247,native,65444862.29333334,
20668842,native,71477457.30882353,
20669015,native,67621500.36,
20666305,native,133826454.7,
20666650,native,58590755.756410256,
20668866,native,92120033.70689656,
20666541,native,74191871.26666667,
20666086,native,59150183.42045455,
20665767,native,51649045.84761905,
20665620,native,76806565.05,
20669099,native,75383222.16049382,
20668875,native,40769916.12820513,
20669289,native,51934453.24489796,
20668113,native,37828848.442477874,
20668701,native,107244644.75,
20664018,native,55029729.52,
20665722,native,89320023.35294117,
20668889,native,101460447.2264151,
20667994,native,22890826.39800995,
20669200,native,105828720.625,
20668916,native,73635132.49315068,
20668877,native,106886435.18604651,
20667236,native,50532449.229166664,
20665887,native,109291506.13043478,
20666530,native,101046210.81666666,
20665146,native,74260984.92156863,
20668850,native,104641994.64444445,
20669332,native,63800836.3,
20667978,native,91016684.37704918,
20666092,native,60185512.434210524,
20666341,native,36704465.59509202,
20664048,native,52134424.434210524,
20667282,native,69658162.25454545,
20668832,native,46827864.45054945,
20665157,native,49672684.1,
20668021,native,64315313.058823526,
20668843,native,55199434.571428575,
20666836,native,88309839.86842105,
20669046,native,69521103.20930232,
20666542,native,60451649.39705882,
20667248,native,105468229.36,
20666651,native,73519338.26984127,
20665768,native,29053080.12142857,
20666947,native,76369445.0,
20665622,native,62345364.05479452,
20666316,native,39932305.85436893,
20669016,native,75155382.4691358,
20668702,native,17605654.253521126,
20669100,native,81384389.09836066,
20668867,native,100440821.18032786,
20665621,native,69078162.15384616,
20666306,native,49321721.44755245,
20669290,native,56933917.0,
20668917,native,45955198.277777776,
20667237,native,63510154.63934426,
20664019,native,56524475.01111111,
20669201,native,76542383.35,
20668114,native,79117266.51315789,
20668890,native,65696285.78205128,
20667995,native,123892673.26315789,
20665147,native,51747695.53409091,
20668851,native,68452552.46031746,
20665723,native,53627193.75925926,
20669333,native,75916174.98,
20668878,native,79962400.94117647,
20666531,native,76359828.26666667,
20668833,native,67496972.2826087,
20665888,native,97087526.18309858,
20664049,native,65848107.115384616,
20667979,native,100486800.79365079,
20667283,native,95987254.30909091,
20665623,native,47491267.29333334,
20669047,native,76322226.10714285,
20666948,native,38027665.02857143,
20666342,native,97900218.04545455,
20665158,native,94414107.16666667,
20668022,native,134011504.625,
20666837,native,89854092.07142857,
20665769,native,97080181.06,
20668703,native,90707619.23529412,
20668844,native,101407359.72413793,
20667249,native,32173731.181818184,
20666543,native,87610764.03076923,
20666317,native,53456406.53409091,
20666652,native,55180672.07619048,
20665788,native,41338826.895238094,
20666307,native,51402757.06666667,
20669017,native,125288188.30232558,
20669101,native,72492278.93939394,
20668115,native,43301037.524752475,
20668891,native,28491418.37647059,
20668852,native,35805283.47457627,
20665724,native,61996645.34848485,
20669291,native,61628209.32967033,
20668868,native,99003464.73770492,
20668918,native,68619510.83132531,
20669334,native,72078515.06349206,
20664020,native,57270583.58252427,
20667238,native,75956633.50588235,
20667996,native,84658035.59154929,
20669202,native,81335966.81111111,
20665148,native,79482151.79518072,
20668834,native,92366521.6,
20666532,native,93558218.04545455,
20665889,native,41227946.28461538,
20668879,native,121614406.63793103,
20667980,native,66953562.666666664,
20665159,native,36490611.3220339,
20666544,native,41267363.93684211,
20668704,native,87878083.95652173,
20669048,native,152666031.0,
20665770,native,38981468.10743801,
20668023,native,64881023.42666667,
20665624,native,23399393.207407407,
20666949,native,130226605.2195122,
20667284,native,91133548.56338029,
20666343,native,63849799.18888889,
20666653,native,50673400.739583336,
20666838,native,50300362.30909091,
20666318,native,75283924.49206349,
20669018,native,90954567.85416667,
20669102,native,70673929.35384615,
20664050,native,96637290.05813953,
20667250,native,93400899.14754099,
20666308,native,85411839.15384616,
20668116,native,55950594.87179487,
20669292,native,64730620.08196721,
20665789,native,57793357.54716981,
20668845,native,105592934.1904762,
20668919,native,59838985.197183095,
20668869,native,56223437.18681318,
20667997,native,4305276.639018691,
20668853,native,103358468.16,
20665725,native,81790833.10958904,
20667239,native,80471656.61666666,
20669335,native,69942640.4,
20668892,native,53009211.67938931,
20665149,native,73632334.36923076,
20665890,native,99938887.77777778,
20664021,native,110585178.52459016,
20667981,native,2842642.214912281,
20669203,native,102811266.60714285,
20667288,native,84672408.66176471,
20666533,native,73480538.12,
20665771,native,60022025.50819672,
20668880,native,106782943.07272728,
20665160,native,72735889.15384616,
20666310,native,66981961.12698413,
20666839,native,43382361.46236559,
20666309,native,47730766.09090909,
20669103,native,8792296.425806452,
20666545,native,55408096.58,
20669049,native,80888212.63636364,
20666319,native,125263155.8888889,
20664051,native,58470489.803030305,
20669019,native,55413855.4375,
20665790,native,49767534.44705883,
20666344,native,102823652.78571428,
20668024,native,52947287.336,
20667285,native,72725148.11764705,
20666950,native,55303827.861788616,
20668705,native,79382369.94318181,
20668117,native,48751717.194690265,
20668920,native,51655399.010204084,
20666654,native,73849189.22916667,
20669293,native,57539080.55555555,
20668846,native,96064756.38461539,
20668854,native,80917544.98461539,
20669336,native,3886303.3643858205,
20667998,native,148599512.4857143,
20667251,native,129280810.94642857,
20667031,native,89399410.02857143,
20665726,native,67793006.72941177,
20668893,native,105596546.82926829,
20667240,native,150878918.7368421,
20664022,native,31623174.16551724,
20665150,native,63105839.30864198,
20667982,native,58376833.18518519,
20665772,native,59009677.02941176,
20665891,native,92155135.67213115,
20666840,native,63170810.74242424,
20666534,native,86614828.67692308,
20667289,native,86715898.04615384,
20669204,native,24063510.516014233,
20665161,native,135149888.97142857,
20669104,native,80658828.9137931,
20666320,native,58168542.733333334,
20666311,native,70600539.60493827,
20668881,native,128202258.12,
20669020,native,82064672.96078432,
20666546,native,64645152.61445783,
20669050,native,33205368.90909091,
20664052,native,64334659.6626506,
20667286,native,68552935.04615384,
20666655,native,58297069.916666664,
20666951,native,41095655.1300813,
20666345,native,52623671.583333336,
20668921,native,56072704.5,
20668118,native,68984880.7625,
20668855,native,116377244.44444445,
20665791,native,86012891.64102565,
20665906,native,81957363.76,
20669337,native,132470168.74193548,
20667252,native,82099490.25454545,
20668025,native,103208374.45714286,
20667032,native,72968088.80327868,
20668706,native,53898056.97945205,
20669294,native,81384732.83132531,
20664023,native,53303125.96875,
20665162,native,49612206.358490564,
20665727,native,92310818.55737706,
20665151,native,69292450.07042253,
20665892,native,113777133.5,
20667999,native,65783513.49504951,
20667983,native,32105820.52631579,
20665773,native,84357238.29577465,
20668894,native,118908756.98333333,
20666312,native,57709235.50793651,
20666841,native,50714463.97169811,
20669105,native,56898393.94871795,
20666321,native,115276291.5263158,
20667287,native,28922001.05263158,
20664053,native,22648033.342541438,
20666547,native,62939965.37142857,
20667290,native,26400790.681274902,
20666535,native,61721544.27272727,
20669021,native,8846642.712749615,
20665792,native,44284515.5375,
20666346,native,78741303.56896552,
20669205,native,126440370.2909091,
20668922,native,37131147.4351145,
20666952,native,81423777.06349206,
20667253,native,65887706.233333334,
20669051,native,102632319.47058824,
20665907,native,67096771.76056338,
20669338,native,74661742.4,
20668119,native,87302893.71428572,
20669295,native,48322313.07954545,
20668856,native,81137252.20547946,
20668707,native,106200679.91304348,
20664024,native,65796257.378787875,
20668026,native,60153708.510204084,
20665163,native,63535315.45333333,
20667033,native,94048625.31818181,
20668000,native,44954197.53333333,
20665152,native,57606442.0,
20665728,native,77515174.24285714,
20668895,native,70669520.94642857,
20665774,native,50393431.43157895,
20669106,native,56600195.44444445,
20666313,native,74821669.73015873,
20667984,native,66403604.2625,
20666322,native,72152520.06060606,
20665893,native,54180525.55371901,
20666548,native,37077850.053097345,
20667291,native,71067473.8,
20666347,native,29570644.624,
20664054,native,94090948.71428572,
20664078,native,75181181.08974358,
20665793,native,39992815.36036036,
20666536,native,72420949.39436619,
20669052,native,71920864.92682926,
20668923,native,61331095.666666664,
20666842,native,117933356.0,
20669206,native,71093829.33846153,
20666953,native,49809605.75221239,
20665908,native,71931616.38095239,
20669339,native,9798468.039560439,
20669022,native,116076137.65454546,
20669296,native,61812563.18032787,
20668708,native,41989576.129411764,
20667254,native,29338297.295918368,
20668120,native,64916668.19736842,
20664025,native,36093043.64347826,
20668857,native,77684066.0,
20668896,native,52514421.81967213,
20667034,native,43775056.666666664,
20665164,native,56020877.27472527,
20665894,native,45838795.8,
20667985,native,42909977.64516129,
20665775,native,68138459.5076923,
20665153,native,127452868.6744186,
20668027,native,81244548.1764706,
20666314,native,69568822.65714286,
20666323,native,46393796.126213595,
20665729,native,50100264.57936508,
20667292,native,66885571.20634921,
20669107,native,62860067.75,
20668001,native,167732595.6956522,
20668924,native,48656478.4875,
20664079,native,38726969.92561983,
20666549,native,84667223.02816902,
20666348,native,192240270.1153846,
20664055,native,35140844.62352941,
20669053,native,62149433.14117647,
20666537,native,94342375.125,
20665909,native,81754920.35416667,
20666843,native,99307340.81818181,
20665794,native,105273195.53571428,
20669297,native,44072497.395604394,
20666954,native,80663897.82142857,
20669023,native,76112074.63636364,
20669207,native,89683035.8235294,
20669340,native,103584254.86666666,
20667255,native,124247793.48571429,
20668121,native,45639630.32173913,
20668858,native,66263441.76712329,
20668897,native,73039706.8235294,
20665165,native,35122707.92682927,
20667035,native,84363795.80327868,
20664026,native,87935657.63380282,
20668709,native,73524026.57,
20667986,native,127378449.5,
20665895,native,115066058.1764706,
20665776,native,72575438.93333334,
20666315,native,44781047.53719008,
20668028,native,271855.0174246469,
20666324,native,57574885.01098901,
20665154,native,75574967.12820514,
20665730,native,85727399.4137931,
20669108,native,81047529.07575758,
20668002,native,35523479.822222225,
20667293,native,70861651.575,
20668925,native,154601972.7419355,
20666349,native,53744665.35164835,
20665910,native,73593220.2264151,
20664080,native,114687148.35416667,
20664056,native,54761724.15384615,
20666351,native,52771065.3125,
20667256,native,64747250.431372546,
20666844,native,32115884.524096385,
20665795,native,97094720.86792453,
20666955,native,97571378.0625,
20669341,native,101433489.02222222,
20669208,native,76188236.78688525,
20669054,native,50400937.05343512,
20669024,native,61039234.10843374,
20666550,native,39451733.89119171,
20665166,native,24492710.025,
20668038,native,39340064.45454545,
20668122,native,110270307.31707317,
20669298,native,85203210.5,
20668898,native,110304079.56,
20664027,native,66351007.474358976,
20665896,native,54531866.906666666,
20668926,native,6666876.988095238,
20666325,native,79766754.86956522,
20667036,native,104829356.22950819,
20667987,native,71922681.59016393,
20668710,native,75134847.06410256,
20665777,native,81930547.46969697,
20669109,native,101799893.8888889,
20668003,native,88819321.11764705,
20665155,native,27056999.24137931,
20668029,native,139192992.04651162,
20667294,native,75247101.21917808,
20665731,native,104663092.9137931,
20669342,native,40037862.381578945,
20666350,native,62280317.74074074,
20664057,native,103044246.675,
20666845,native,78373533.56,
20669025,native,43636190.8875,
20667257,native,86153516.13235295,
20665796,native,71263443.01333334,
20665167,native,92063089.20833333,
20669299,native,54295371.92307692,
20664081,native,51186985.98550725,
20669209,native,38288300.59440559,
20666352,native,33640381.0050505,
20665911,native,79510460.4375,
20669055,native,119117198.56521739,
20668039,native,74090700.30136986,
20668123,native,15125377.284507042,
20666551,native,81711322.35897435,
20664028,native,29636103.258278146,
20666956,native,34802496.013333336,
20668711,native,44302814.71764706,
20668899,native,30652450.994285714,
20666326,native,28583712.921686746,
20667037,native,33283157.15862069,
20668004,native,64463109.018181816,
20668927,native,138938547.87878788,
20669304,native,120495207.8,
20665778,native,68099240.86764705,
20668030,native,32368098.62962963,
20667988,native,60469734.27826087,
20665732,native,125658928.22857143,
20665897,native,118374179.85714285,
20669110,native,79152663.80722892,
20669343,native,75367732.35714285,
20669026,native,73621259.11666666,
20666846,native,72523468.46153846,
20667295,native,97812825.16393442,
20669300,native,51652565.126760565,
20669056,native,13853939.848739496,
20666353,native,109046007.83333333,
20665797,native,97870479.875,
20664082,native,53755117.22352941,
20667258,native,56207470.1,
20665168,native,82843699.43103448,
20669210,native,38986821.6328125,
20665912,native,57223601.75308642,
20664058,native,91797050.87951808,
20666552,native,67923533.75757575,
20668712,native,67545669.12857144,
20668124,native,110718459.01886792,
20668900,native,69988761.75,
20667038,native,87351567.15555556,
20664029,native,99711440.2745098,
20665779,native,36955291.722222224,
20668040,native,102118142.04285714,
20666327,native,101851992.03076923,
20668928,native,116345013.39215687,
20668031,native,166143864.06060606,
20669305,native,113940302.96226415,
20668005,native,127002679.66666667,
20669027,native,51138987.256410256,
20666957,native,158313249.4509804,
20669344,native,55826657.733333334,
20665733,native,65003488.58139535,
20667989,native,73370299.77777778,
20665798,native,48417741.086419754,
20667296,native,49105333.30612245,
20664083,native,68391830.63793103,
20665898,native,123476088.75471698,
20669301,native,50066079.81818182,
20667259,native,109375548.675,
20666354,native,29655358.44848485,
20665169,native,45040272.31632653,
20666847,native,101757872.35,
20666553,native,39151057.95698924,
20665913,native,58814133.03614458,
20669111,native,56771567.20979021,
20669211,native,44477461.205882356,
20668125,native,67921927.20689656,
20669057,native,111462298.57575758,
20664059,native,58666532.28571428,
20668041,native,18640672.282828283,
20667039,native,58049460.41860465,
20668901,native,84708516.64615385,
20664030,native,111075440.25490196,
20665780,native,121236783.08,
20668713,native,118428178.86206897,
20666984,native,71169905.34210527,
20668006,native,54325682.0989011,
20668032,native,59593601.461538464,
20668929,native,49693007.077586204,
20667990,native,44699177.7368421,
20665734,native,43403236.961904764,
20669028,native,69684215.3076923,
20669306,native,25812413.292372882,
20667297,native,35367418.89256199,
20666958,native,87708753.23076923,
20665914,native,31922349.04,
20665170,native,70808192.81034483,
20669302,native,70331256.38461539,
20666848,native,77515795.03571428,
20669345,native,81634767.90697674,
20664084,native,74036497.26027398,
20667260,native,83600505.71212122,
20664060,native,68457332.79245283,
20669112,native,77351347.94545455,
20665799,native,31200950.436440676,
20666355,native,64513755.40594059,
20666554,native,57810807.86111111,
20668126,native,108313106.67391305,
20669058,native,73427227.25,
20669212,native,112986167.66666667,
20668902,native,83753786.19565217,
20665899,native,70007823.87068966,
20667040,native,33959893.96363636,
20668042,native,131241746.51111111,
20668035,native,26333334.56451613,
20668714,native,88023096.22222222,
20665781,native,65078816.18666667,
20669351,native,34620110.495238096,
20668033,native,38081382.45217391,
20669029,native,27605617.563636363,
20665171,native,48567386.384615384,
20668930,native,81625461.68253969,
20669307,native,87951710.47169812,
20666985,native,119269186.66666667,
20669303,native,78665838.92,
20668007,native,60193977.07920792,
20667298,native,102974291.14583333,
20669346,native,62856116.72727273,
20666849,native,56231599.906976745,
20666959,native,55407676.44761905,
20664085,native,41574432.37962963,
20665915,native,92413070.68253969,
20669059,native,84390001.48571429,
20667261,native,73697025.61428571,
20665735,native,89098445.75555556,
20665800,native,77989953.3235294,
20666555,native,5898038.44092827,
20666356,native,100208187.88679245,
20668903,native,116615441.86842105,
20668043,native,56731562.47945205,
20664061,native,104603706.50793651,
20669113,native,86718922.94666667,
20667041,native,58509874.0875,
20669213,native,105582721.22,
20668127,native,94451108.8030303,
20665900,native,54706994.55238095,
20665172,native,18854726.34090909,
20668715,native,151275498.6969697,
20665782,native,58081485.32098766,
20668034,native,108552503.02777778,
20668036,native,100993093.7586207,
20668931,native,74022793.32727273,
20666986,native,86319680.63043478,
20669030,native,81708757.78688525,
20667299,native,71522361.79310344,
20664101,native,45915780.3877551,
20669347,native,62687426.984848484,
20669352,native,138511295.5,
20669308,native,64845928.83516484,
20666850,native,79357214.75757575,
20666960,native,105583738.5625,
20668008,native,111022992.69642857,
20665916,native,100191981.92727272,
20667262,native,52101301.88172043,
20664086,native,130311158.8478261,
20669060,native,72298644.92307693,
20666357,native,38865108.67346939,
20665801,native,60984215.64383562,
20665736,native,103857649.13207547,
20668904,native,3468012.6038167938,
20669114,native,83002473.6226415,
20665901,native,29357148.98529412,
20666556,native,102663369.2,
20668044,native,67159590.87179486,
20664062,native,69801949.50666666,
20669214,native,45649085.460869566,
20668128,native,69660184.52112676,
20668932,native,78370475.97777778,
20667042,native,115706032.48,
20669353,native,53718341.0,
20665783,native,53210628.067961164,
20668037,native,72579359.16666667,
20668716,native,52790357.04424779,
20665173,native,101480834.09523809,
20669031,native,66224485.37349398,
20669309,native,61853792.76,
20667300,native,126420990.28888889,
20666987,native,86770726.55882353,
20669348,native,125130279.85416667,
20664087,native,38827379.77142857,
20664102,native,60558921.59166667,
20666961,native,82125542.10606061,
20667263,native,79981302.18181819,
20668009,native,46251671.876106195,
20665917,native,63866562.24691358,
20666358,native,63272478.28571428,
20669115,native,36804565.520833336,
20666851,native,54171950.35714286,
20664063,native,65323068.34848485,
20668905,native,135169383.78947368,
20669061,native,101042658.89393939,
20665802,native,22801897.450847458,
20668045,native,44108605.76190476,
20665737,native,44375004.307228915,
20665784,native,82551801.15686275,
20668129,native,35097431.7368421,
20665902,native,170908652.3611111,
20669215,native,111441551.76363637,
20666557,native,111787961.25,
20668933,native,94595346.67692308,
20669234,native,77364078.35294117,
20669354,native,48203409.29230769,
20667043,native,85291062.60493827,
20668717,native,47829461.91538461,
20669032,native,43971371.66101695,
20666962,native,47740815.97260274,
20669349,native,69016141.75384615,
20665174,native,61487432.20388349,
20668010,native,40242463.715789475,
20667301,native,8661798.686186187,
20664088,native,89362389.24528302,
20669310,native,67593228.70967741,
20666988,native,116294790.375,
20664064,native,57675170.571428575,
20665918,native,29269570.135135137,
20664103,native,29933531.14084507,
20669116,native,122868306.7826087,
20667264,native,139685862.8372093,
20669062,native,25833650.820224717,
20666359,native,108266530.2,
20665903,native,50832326.15873016,
20665785,native,61701048.777777776,
20666852,native,143937816.86956522,
20666558,native,86527648.47916667,
20668046,native,63165217.64516129,
20668130,native,100245603.5,
20665803,native,118757334.77049181,
20669235,native,59939953.06024096,
20669033,native,103075590.72222222,
20669216,native,79661590.03703703,
20665738,native,107164339.0,
20668934,native,61040718.47619048,
20669355,native,114914347.04,
20669350,native,30564044.532163743,
20668718,native,158597652.08571428,
20667044,native,67826100.1098901,
20668011,native,96920907.82,
20666989,native,57022137.48,
20665175,native,36344562.40645161,
20664089,native,62640354.025,
20667302,native,130453915.57894737,
20666963,native,117759093.32,
20665919,native,57262462.95890411,
20669311,native,79367744.72857143,
20669222,native,66282730.08571429,
20664104,native,17613792.176848873,
20669117,native,57915040.174418606,
20666360,native,55907052.583333336,
20664065,native,79136107.76923077,
20666853,native,59734337.01136363,
20669063,native,11731306.24909091,
20665904,native,60517174.74757282,
20665804,native,26640262.993333332,
20665786,native,52892643.26086956,
20668131,native,39907818.777777776,
20666559,native,79215179.50684932,
20668047,native,87613324.83076923,
20669034,native,74151486.83333333,
20669236,native,52812024.14285714,
20667045,native,71524380.98360656,
20665739,native,40433722.67391305,
20666990,native,83821879.95833333,
20668012,native,40894555.4,
20664090,native,57243969.92,
20665176,native,44607699.25242718,
20665920,native,79984098.2,
20668935,native,96098941.73770492,
20669217,native,85709956.08974358,
20669356,native,83808858.28571428,
20666964,native,59777064.62962963,
20667303,native,75138663.44117647,
20668719,native,125431973.79166667,
20669312,native,69414847.61643836,
20664105,native,114005698.28947368,
20669223,native,97214691.91803278,
20666361,native,26109957.342105262,
20666560,native,43053891.27472527,
20669118,native,68944315.38541667,
20668048,native,27954544.30882353,
20664066,native,61511353.79207921,
20669035,native,62531403.71428572,
20669237,native,70868571.29411764,
20665905,native,58759799.05376344,
20665787,native,60506801.655555554,
20669064,native,107837400.7586207,
20665805,native,117553032.73214285,
20665177,native,87954847.68292683,
20665921,native,49071544.75,
20668132,native,114870756.96551724,
20667304,native,79460170.02222222,
20666854,native,164030747.6111111,
20666991,native,122716874.8478261,
20664091,native,134121267.4,
20668936,native,70822048.2763158,
20669218,native,96374769.58928572,
20669357,native,67439851.35526316,
20667046,native,48225887.36764706,
20668720,native,87392602.53448276,
20665740,native,109230714.65079366,
20669313,native,80850794.06896552,
20668013,native,171979185.7317073,
20669224,native,41225788.49473684,
20666965,native,69515922.20952381,
20666362,native,83872566.57142857,
20668049,native,59822193.30588235,
20669119,native,49066242.666666664,
20664067,native,39531986.07971015,
20669036,native,68473744.44871795,
20665203,native,45365669.603960395,
20666561,native,57886888.50943396,
20664106,native,115999263.57746479,
20668133,native,48351441.430232555,
20665806,native,72460405.3015873,
20669238,native,91602857.67123288,
20664092,native,24896096.345588237,
20667305,native,58386906.078947365,
20669219,native,89939393.17391305,
20666855,native,66572005.7625,
20666992,native,135477123.8857143,
20665922,native,73759912.98901099,
20668937,native,42794921.23966942,
20665741,native,62410853.71428572,
20667047,native,128034848.26315789,
20669314,native,68749934.77941176,
20669065,native,172306981.24444443,
20669225,native,80218835.76,
20665178,native,74473146.53773585,
20668014,native,71999965.26470588,
20668721,native,72479501.71052632,
20669358,native,83724583.90666667,
20668050,native,68957516.61818182,
20669037,native,42540944.67961165,
20666966,native,63907853.06363636,
20666363,native,62567747.81081081,
20664068,native,91384421.6724138,
20669120,native,64742423.48421053,
20665204,native,74878987.08219178,
20664107,native,43148366.654867254,
20669239,native,132233612.66666667,
20664093,native,107875757.11627907,
20665807,native,80347227.12307692,
20666856,native,56481656.464788735,
20668134,native,65874526.979166664,
20669220,native,31589354.513513513,
20667306,native,76304358.19753087,
20665742,native,60741981.5375,
20665923,native,82942397.55737706,
20669226,native,51754770.31395349,
20666993,native,74290702.73076923,
20668938,native,107492701.54,
20667048,native,76746595.61643836,
20669359,native,65054693.39705882,
20669228,native,107256618.11764705,
20665179,native,69458817.5,
20668722,native,64998423.34117647,
20669315,native,83920170.5,
20668051,native,64715256.09589041,
20669066,native,81044681.2688172,
20666967,native,73262023.24657534,
20669038,native,32560840.51912568,
20664069,native,22103086.574561402,
20669240,native,68911465.4590164,
20666364,native,81544078.60493827,
20668135,native,30146120.57246377,
20664094,native,65100209.04938272,
20665205,native,87947256.22535211,
20669121,native,88023952.28169014,
20665808,native,7229320.050868486,
20664108,native,116760538.48275863,
20665743,native,68910520.52380952,
20667307,native,63377567.01282051,
20666857,native,56328850.481132075,
20669221,native,120138143.17777778,
20665924,native,50145230.83495145,
20669227,native,96159573.09803921,
20668939,native,70532726.85294117,
20669360,native,50109613.55813953,
20669229,native,59103154.52941176,
20666994,native,65128653.64705882,
20667049,native,41740520.62837838,
20668723,native,91196079.26785715,
20668052,native,48969652.715789475,
20669316,native,73312679.3,
20665180,native,74979323.55555555,
20669067,native,104505615.38,
20664070,native,31842389.36875,
20666968,native,9796530.345699832,
20669039,native,78805606.30136986,
20668136,native,102032795.53658536,
20664095,native,64615635.17142857,
20665810,native,80903486.3611111,
20665809,native,129664505.6969697,
20669122,native,93786406.06896552,
20665206,native,74783260.82051282,
20667308,native,113125973.63414635,
20669241,native,73816277.7755102,
20665744,native,60113693.7125,
20666365,native,90383838.53333333,
20669230,native,75986910.07843137,
20664109,native,64017310.62962963,
20666858,native,52484209.05,
20665925,native,90529438.05882353,
20668724,native,37854218.37864078,
20668940,native,117291100.48888889,
20669361,native,76771274.25,
20666995,native,128365470.81578948,
20668053,native,70206732.9,
20667050,native,70934918.72289157,
20665181,native,71594951.50819673,
20669317,native,70696357.21428572,
20669068,native,6875662.877862595,
20666969,native,97746097.93333334,
20664096,native,58610137.225,
20664113,native,80501205.5,
20667309,native,66391754.928571425,
20669231,native,53671582.01408451,
20664071,native,184801536.6111111,
20669123,native,51921085.582417585,
20669040,native,78445119.48235294,
20664110,native,24916006.82722513,
20666366,native,85319745.89285715,
20668137,native,53942104.62962963,
20665811,native,52960981.944,
20669242,native,87638011.18461539,
20666859,native,116534140.125,
20665745,native,96640151.37704918,
20665926,native,101639496.73584905,
20666996,native,70532576.40983607,
20668941,native,24693854.14285714,
20665207,native,62180142.15652174,
20665182,native,60590286.366197184,
20668054,native,58882013.525641024,
20668725,native,113951662.375,
20669069,native,116750265.4,
20669362,native,103911035.47887324,
20667051,native,133512666.46341464,
20669318,native,125011294.6,
20666970,native,74403065.6923077,
20664097,native,76155172.85294117,
20664072,native,71675489.20634921,
20669232,native,45815750.6036036,
20668138,native,47765916.847058825,
20669243,native,51436306.243589744,
20669124,native,89828100.90566038,
20665927,native,45240396.481481485,
20669041,native,13680739.145780051,
20667310,native,77868979.07692307,
20664111,native,106176836.76086956,
20665746,native,77409454.4262295,
20666367,native,9265435.089665653,
20664114,native,40877558.167567566,
20666997,native,33313907.62,
20666860,native,87058193.76190476,
20668942,native,86277391.18181819,
20665208,native,74087529.37704918,
20669319,native,71109669.52083333,
20669070,native,51621699.376344085,
20668726,native,56174895.395833336,
20665183,native,61735927.12631579,
20667052,native,74250062.42857143,
20668055,native,57778748.7264151,
20669363,native,100858866.7090909,
20664098,native,44662432.46226415,
20668139,native,5276023.393181819,
20664073,native,76188384.67692308,
20669244,native,53169498.93333333,
20665928,native,65288298.7368421,
20669233,native,79540763.98529412,
20667311,native,57137126.85882353,
20664115,native,44787914.78823529,
20669042,native,116446063.575,
20664112,native,70740547.05333333,
20666861,native,48619738.22580645,
20668943,native,74426067.07142857,
20666368,native,124373573.83333333,
20665747,native,64460730.88372093,
20669125,native,56567697.49586777,
20666971,native,104455196.5925926,
20666998,native,145746971.57142857,
20665209,native,53712343.68181818,
20668056,native,79051680.64285715,
20667053,native,68717104.68253969,
20668727,native,120552514.62790698,
20669364,native,55157493.84090909,
20665184,native,108283691.03921568,
20669071,native,24768648.593639575,
20669320,native,83496611.06122449,
20664099,native,124854578.78947368,
20669245,native,78731747.26153846,
20665929,native,73632391.86764705,
20669043,native,95764121.02222222,
20664075,native,65139483.461538464,
20668140,native,104479524.43103448,
20664074,native,82782302.50602409,
20666369,native,39159925.16101695,
20668944,native,39665816.81538462,
20669126,native,86531938.43396227,
20666862,native,75860050.76712328,
20664116,native,12649626.778409092,
20666972,native,76805348.07575758,
20665210,native,119767692.37209302,
20668057,native,97840333.26829268,
20665748,native,56481931.57936508,
20667054,native,42628641.70689655,
20669365,native,15095818.467532467,
20668728,native,54992311.948979594,
20669072,native,94652098.26086956,
20666999,native,42695879.011049725,
20665185,native,77910181.84848484,
20669321,native,70012857.96,
20669246,native,92328386.04,
20668765,native,128229068.42307693,
20665930,native,60073065.94505495,
20664076,native,109687553.04347827,
20666370,native,77159402.19642857,
20669127,native,28926068.2,
20669044,native,62484029.60215054,
20668141,native,120113317.24444444,
20664117,native,71780737.16393442,
20664100,native,68945937.06956522,
20668945,native,98556734.2,
20666973,native,92877106.64150943,
20665211,native,83659736.25,
20668058,native,49237660.23,
20666863,native,62270261.73469388,
20665749,native,57583179.161290325,
20669366,native,92371644.48275863,
20667055,native,125072295.17391305,
20668729,native,88968072.62068966,
20667000,native,72088253.75641026,
20669322,native,84623420.1875,
20669073,native,56748379.443396226,
20665186,native,63859399.461538464,
20666978,native,109863534.41509435,
20666371,native,51851669.11764706,
20664077,native,53272448.51428571,
20665931,native,31509501.468965515,
20669045,native,43531873.49504951,
20669128,native,108096317.70731707,
20668766,native,78841105.58666667,
20669247,native,37530558.151351355,
20668059,native,65737574.803921565,
20668142,native,61244183.715789475,
20664118,native,76313986.72,
20668946,native,77766809.32307692,
20666974,native,80815655.10294117,
20665212,native,70166493.31325302,
20669367,native,83894943.54166667,
20665750,native,92637082.5,
20668730,native,59274502.0,
20666864,native,11021384.2176,
20667001,native,101810447.42857143,
20667056,native,85628218.63333334,
20666979,native,78500949.40845071,
20666975,native,78526367.3,
20669323,native,75940392.3625,
20665932,native,56649743.053333335,
20665187,native,81242415.12820514,
20669074,native,71073819.03,
20669129,native,78450476.16393442,
20666372,native,69554523.95555556,
20669248,native,101839842.1627907,
20668060,native,40313915.8362069,
20668767,native,102665935.6226415,
20668144,native,52135950.2,
20668143,native,131733691.82222222,
20664119,native,136689436.75609756,
20668947,native,128899079.55555555,
20665751,native,52877982.29545455,
20667002,native,89394490.68888889,
20669368,native,49029820.53043478,
20667057,native,79158144.17857143,
20666865,native,190487298.95238096,
20665213,native,90902807.93421052,
20668731,native,69113303.7,
20666980,native,40142576.48421053,
20665933,native,75515993.71698113,
20669324,native,64088831.39705882,
20666976,native,130599584.92105263,
20665188,native,105391979.06976745,
20666373,native,31094446.4765625,
20669075,native,84427389.89655173,
20669249,native,79582741.42857143,
20668768,native,59052416.53333333,
20669130,native,99946182.49090908,
20665191,native,37536907.67,
20668061,native,52064468.94214876,
20668145,native,56378566.56435644,
20667058,native,51936808.197183095,
20664120,native,75576207.6764706,
20665752,native,72460269.30136986,
20666866,native,79512553.33928572,
20667003,native,44960461.73282443,
20668948,native,95356801.16666667,
20665214,native,72772715.93650794,
20668732,native,102645550.23913044,
20666981,native,83801609.82,
20669369,native,145309690.475,
20666374,native,84467802.52941176,
20665934,native,81108266.29577465,
20665189,native,49969746.37623762,
20669250,native,63592823.163934425,
20669076,native,91836275.10416667,
20666977,native,69284473.8375,
20669325,native,104520826.66176471,
20669131,native,72143565.07894737,
20668769,native,104438429.92063493,
20667059,native,62400477.873239435,
20665192,native,70574897.6235294,
20667078,native,68402089.4,
20668146,native,23507884.54347826,
20665753,native,55813152.115384616,
20664121,native,89749636.96551724,
20667004,native,84506242.64150943,
20668949,native,46344462.20952381,
20668733,native,54600381.78409091,
20665215,native,24662196.056872036,
20666982,native,66692695.16,
20666867,native,48927037.75384615,
20669370,native,79336401.0862069,
20665190,native,49404393.733333334,
20667007,native,32038613.492063493,
20669251,native,53603532.89,
20664122,native,50659855.96031746,
20669077,native,58451599.17346939,
20667060,native,85543552.95121951,
20665935,native,139271343.92727274,
20668770,native,61575980.64473684,
20669326,native,127970255.66037735,
20669132,native,88720800.02941176,
20665193,native,73638375.83823529,
20667079,native,104371688.38,
20668147,native,87708285.16981132,
20667005,native,87916692.88235295,
20665216,native,89536939.58695652,
20669371,native,8253559.573359073,
20666983,native,66126193.04545455,
20668734,native,55114467.802325584,
20665754,native,47584897.72592592,
20668950,native,96453063.83333333,
20666868,native,112293846.58139534,
20667008,native,61037663.549295776,
20669078,native,66473850.70689655,
20667061,native,38320545.62857143,
20664123,native,11205568.496153846,
20665936,native,35607109.16521739,
20669252,native,113738450.0,
20668771,native,75442530.18965517,
20669327,native,89018063.60416667,
20668148,native,67744568.77049181,
20669133,native,52394212.8372093,
20667080,native,116243152.30232558,
20667006,native,51558211.5890411,
20665194,native,25687905.388888888,
20665217,native,77196839.8852459,
20665755,native,63228804.53424658,
20666869,native,51988123.29487179,
20668951,native,55297800.571428575,
20668735,native,101282841.72413793,
20669372,native,87375431.875,
20667009,native,85630626.21212122,
20669079,native,90541520.42,
20665937,native,80899239.2173913,
20668741,native,73249020.65853658,
20668772,native,44498738.116504855,
20667062,native,98099192.71666667,
20667066,native,54542993.25352113,
20669253,native,44874687.278195485,
20669134,native,56469480.86666667,
20665195,native,100869027.53488372,
20665218,native,61714839.4,
20664124,native,115860877.8,
20668149,native,19706945.010928962,
20668736,native,56470534.42424242,
20667081,native,66992329.28828829,
20669373,native,11718763.15,
20666870,native,113546197.54,
20669080,native,17781679.58095238,
20665756,native,93829202.6,
20668952,native,79670122.92957747,
20667010,native,39270813.99300699,
20667063,native,65779183.68181818,
20667067,native,52246356.775,
20668742,native,85112616.78571428,
20668773,native,107984220.71428572,
20665938,native,84004376.93406594,
20669135,native,39928643.23529412,
20668150,native,91729760.37209302,
20665219,native,88446250.91071428,
20669254,native,60191193.62162162,
20667082,native,35290805.02586207,
20665196,native,86299176.7,
20668737,native,79023109.28,
20666871,native,29764016.846153848,
20665757,native,66324572.58947369,
20668953,native,44646545.25714286,
20669081,native,103140136.6031746,
20669374,native,160931112.375,
20667011,native,121810364.39534883,
20667064,native,87173664.96721311,
20669136,native,60934290.32857143,
20667068,native,96877860.9137931,
20665220,native,42450024.88235294,
20668743,native,66627902.93406593,
20668774,native,116998797.8,
20665939,native,24226266.68510638,
20668151,native,65629979.43835616,
20669255,native,52473501.072289154,
20666872,native,6961075.980802792,
20665197,native,110016042.97777778,
20668738,native,38211487.5035461,
20667083,native,108689283.5076923,
20668954,native,66942329.95384616,
20665758,native,69259186.72058824,
20667069,native,3248676.482722513,
20669082,native,80696456.32876712,
20669257,native,94542535.33333333,
20667012,native,106405872.70833333,
20667065,native,88390710.41666667,
20669256,native,65662145.960784316,
20668775,native,49981318.51764706,
20668744,native,91141172.83636364,
20668152,native,39283900.3015873,
20669137,native,81106032.56,
20665940,native,135016778.58333334,
20665221,native,67202005.05555555,
20668739,native,67316053.05357143,
20665198,native,86426502.66666667,
20665759,native,39941680.06593407,
20666873,native,134284807.04444444,
20667084,native,59805637.65625,
20668955,native,77949505.10526316,
20667070,native,94241417.04545455,
20667013,native,60392748.04,
20669083,native,80610272.93827161,
20668976,native,144068506.27272728,
20668776,native,69322745.89705883,
20669258,native,56682441.21487603,
20668745,native,126471467.8611111,
20669138,native,76396598.37704918,
20665941,native,66402272.38356164,
20668153,native,95018303.0,
20665222,native,98399767.51785715,
20668740,native,45436589.09009009,
20665199,native,75017904.59016393,
20665760,native,76793128.73529412,
20667085,native,55661889.8630137,
20666874,native,135656721.8292683,
20668777,native,57845757.88888889,
20668956,native,59766240.91,
20668977,native,78013862.25490196,
20667071,native,93525220.98,
20667014,native,98655407.4528302,
20669259,native,70074895.13333334,
20669084,native,72736730.64705883,
20665942,native,56988472.322222225,
20665223,native,59940634.89705882,
20668154,native,67045629.15068493,
20668746,native,6258510.106666666,
20665761,native,60596382.696428575,
20665200,native,1483201.4540843565,
20669139,native,69081905.58558558,
20667086,native,37382523.9924812,
20668778,native,38178193.04716981,
20668957,native,49269288.32653061,
20667015,native,42712548.876190476,
20668978,native,62637155.6626506,
20667072,native,62849493.36470588,
20665943,native,56296878.191176474,
20665224,native,77437368.86,
20666875,native,58467328.64661654,
20669085,native,68224843.56164384,
20669260,native,75902080.78082192,
20668747,native,113760036.71428572,
20669140,native,42077682.358024694,
20665762,native,30916357.636363637,
20668155,native,73812427.02409638,
20667087,native,86632246.05660377,
20665201,native,103537350.48214285,
20668779,native,136238874.03030303,
20669086,native,28990072.183333334,
20667016,native,48372308.29661017,
20667073,native,72735654.45,
20668958,native,78719446.0909091,
20669261,native,54104636.36363637,
20668979,native,107791480.96666667,
20665944,native,95726249.96551724,
20666876,native,93112511.2586207,
20665225,native,49997278.65873016,
20669141,native,40182610.03703704,
20665763,native,86905066.18032786,
20665202,native,61478239.84126984,
20668748,native,84630992.27160494,
20667088,native,85538462.33333333,
20668780,native,66358481.725,
20667074,native,24973050.157575756,
20667017,native,121033916.92105263,
20665945,native,68141959.5,
20668980,native,25535730.0,
20669087,native,98066853.8923077,
20666877,native,120292865.47222222,
20665226,native,52925924.820512824,
20665764,native,56100232.58571429,
20668959,native,66745868.582417585,
20669262,native,27192599.057017542,
20668749,native,63550005.327586204,
20667089,native,71062017.58571428,
20669142,native,140300622.0,
20668781,native,63938710.455882356,
20667075,native,164583257.4642857,
20665946,native,121819468.30555555,
20665227,native,60659701.95890411,
20666878,native,43702386.734513275,
20667018,native,106005744.62068966,
20668981,native,144813251.0652174,
20669088,native,50603919.223076925,
20668960,native,57836793.48514851,
20669263,native,77331655.22535211,
20668750,native,25611906.37378641,
20668782,native,54081181.50819672,
20667090,native,100771520.90476191,
20669143,native,76016073.37037037,
20665947,native,43887848.052083336,
20667076,native,72956149.96969697,
20667019,native,44264952.641975306,
20666879,native,38823234.19083969,
20668982,native,60132748.85714286,
20669089,native,74701536.66037735,
20669264,native,18262441.15,
20668783,native,43706214.68,
20668961,native,77962951.10294117,
20665228,native,99139978.1875,
20668751,native,111291393.5,
20667091,native,95593917.01785715,
20669144,native,57921776.0,
20665948,native,54425558.55789474,
20667020,native,108002016.53488372,
20666880,native,74723965.61666666,
20668983,native,59934200.320512824,
20669090,native,91894032.22916667,
20667077,native,59300142.85217391,
20668784,native,68699602.78082192,
20669265,native,125550390.32075472,
20668962,native,121048378.09302326,
20668752,native,51545728.38823529,
20665229,native,79484429.67605634,
20667092,native,35586941.34,
20669145,native,22474255.313636363,
20668964,native,75107528.91780822,
20665949,native,42422347.80508474,
20666890,native,96276836.28947368,
20668984,native,26272165.91411043,
20666881,native,110695324.02325581,
20667021,native,81588070.5,
20668785,native,81486294.0,
20669091,native,89959101.75714286,
20668963,native,124429947.62857144,
20669266,native,23511605.13761468,
20665230,native,47238457.2037037,
20667093,native,60343716.40740741,
20668753,native,28935992.165137615,
20668965,native,53927009.59259259,
20667022,native,42596420.87209302,
20665950,native,101674149.35416667,
20668786,native,53230837.8630137,
20666882,native,68419329.725,
20668985,native,57890721.708737865,
20669146,native,77662926.21875,
20666891,native,123847287.44642857,
20669092,native,96092045.13207547,
20669267,native,90968630.73584905,
20668754,native,50078069.7875,
20665231,native,65310258.421052635,
20667094,native,89113243.54545455,
20668966,native,74577061.34285714,
20667023,native,87262416.72727273,
20666883,native,29211803.72463768,
20665951,native,87630945.07692307,
20668787,native,54503173.161290325,
20669147,native,90809741.9,
20668986,native,25515934.390697673,
20666892,native,43822218.855932206,
20668755,native,50476967.28235294,
20665232,native,56856554.8,
20669268,native,65847060.53125,
20667024,native,69253000.95833333,
20667095,native,58303353.010526314,
20668967,native,49034833.8313253,
20669148,native,80223620.62222221,
20666884,native,105960830.75555556,
20665952,native,105061392.14583333,
20668788,native,89423975.0,
20668987,native,61273191.011764705,
20666893,native,57666347.244444445,
20668756,native,162418488.1388889,
20667025,native,38035620.37288135,
20669269,native,81538922.55384615,
20668968,native,53682825.253012046,
20667096,native,72383698.56164384,
20665233,native,58776469.45217391,
20665953,native,39441018.6,
20669149,native,68608745.32857142,
20668789,native,26374875.56441718,
20666885,native,6947281.096194503,
20668757,native,49921578.88235294,
20666894,native,61857886.723684214,
20668988,native,135566397.8888889,
20667026,native,76117999.85454546,
20668969,native,81589827.5735294,
20669270,native,56310554.942857146,
20667097,native,64326268.97530864,
20665954,native,3441582.8539419086,
20669150,native,89297820.43636364,
20665234,native,63608877.61261261,
20668790,native,101477890.18,
20666886,native,126900219.05714285,
20666895,native,87362826.98412699,
20668758,native,102202061.125,
20667027,native,54836949.45205479,
20668989,native,72642342.48837209,
20669271,native,64728282.26923077,
20668970,native,32465874.50273224,
20665955,native,135777790.4390244,
20667098,native,96729574.03278689,
20669151,native,97365647.1764706,
20668791,native,52778313.421686746,
20666887,native,64178577.71232877,
20665235,native,86233412.94366197,
20666896,native,73075115.98214285,
20668759,native,43963722.018867925,
20668990,native,80597970.74,
20667028,native,55940153.923728816,
20667099,native,42442219.7875,
20669272,native,47137100.36792453,
20665956,native,81346623.37254901,
20669152,native,56709062.45454545,
20668971,native,112825484.22222222,
20668792,native,53155669.45205479,
20666888,native,11521721.425,
20665236,native,71916536.22,
20666897,native,65473309.058823526,
20668760,native,80711674.42857143,
20667029,native,77278243.89130434,
20668991,native,94729268.3275862,
20667100,native,112485928.86956522,
20669273,native,67587255.08,
20665957,native,71190696.94666667,
20669153,native,65173507.222222224,
20668972,native,71821357.9859155,
20668793,native,52388134.43478261,
20666898,native,61407586.18965517,
20666889,native,112069708.16071428,
20665237,native,51817287.24137931,
20668761,native,41396560.392592594,
20668992,native,57606352.803030305,
20665238,native,62745521.50925926,
20667030,native,93740637.6,
20669274,native,25956408.0,
20667101,native,42187935.274336286,
20668973,native,74541364.0,
20665958,native,63389473.815789476,
20668794,native,76474945.32786885,
20669154,native,83308327.55714285,
20666899,native,73985226.61363636,
20668762,native,51470315.209876545,
20665239,native,62477143.01204819,
20668993,native,99980650.98360656,
20669275,native,143559058.37142858,
20665959,native,70263827.70491803,
20669155,native,68969992.55555555,
20668974,native,35886076.92810457,
20667102,native,129214838.54166667,
20666900,native,42623155.07954545,
20668795,native,76066151.98684211,
20668763,native,48060875.78095238,
20665240,native,36670508.75862069,
20668994,native,60823418.14444444,
20669276,native,42809071.197530866,
20665960,native,109602377.94736843,
20667103,native,65204577.692307696,
20669156,native,55967831.486725666,
20668975,native,61767317.56435644,
20668764,native,41154843.0,
20666901,native,103659759.7735849,
20668796,native,100812982.91780822,
20665241,native,119477754.075,
20665961,native,32916798.3,
20669277,native,53480593.99115044,
20668995,native,11457687.36923077,
20667104,native,98103376.97826087,
20669157,native,62496119.58571429,
20666902,native,98948600.92857143,
20666913,native,90354269.13333334,
20665242,native,78603995.10958904,
20668797,native,73861539.92307693,
20668996,native,118307855.16129032,
20665962,native,84858577.03076923,
20669278,native,57621698.336842105,
20669158,native,67370396.28947368,
20667105,native,114552610.1509434,
20666903,native,61333476.90361446,
20666914,native,36219448.35151515,
20665963,native,5642522.452205882,
20665243,native,57221987.216981135,
20668997,native,29336454.282828283,
20669279,native,83542809.3,
20668798,native,110309310.16923077,
20667106,native,26989692.337078653,
20666904,native,70653028.19672132,
20669159,native,77667570.5,
20666915,native,8411161.16777042,
20665964,native,102330313.13333334,
20665244,native,71416361.85365854,
20668799,native,36777821.26923077,
20669280,native,52707455.905660376,
20668998,native,92679253.32051282,
20667107,native,111923115.21568628,
20666905,native,82755529.6724138,
20669160,native,106389771.58536585,
20666916,native,132413391.02857143,
20665965,native,11429945.615550756,
20668800,native,81977046.0,
20665245,native,57260877.784,
20667108,native,74187443.06557377,
20668999,native,47690164.168141596,
20666906,native,49396164.43877551,
20669161,native,82877337.12698413,
20665966,native,80765775.08333333,
20666917,native,93729941.18965517,
20668801,native,94127823.9245283,
20665246,native,65338851.98901099,
20667109,native,68380203.54411764,
20669162,native,48665390.26,
20665967,native,113572842.06521739,
20666907,native,168846700.46341464,
20666918,native,68884526.56578948,
20666910,native,79140245.25490196,
20668802,native,49832128.67346939,
20667110,native,76839077.41176471,
20665247,native,105978090.98275863,
20669163,native,75299428.89090909,
20666919,native,66108566.53968254,
20665968,native,42052486.74615385,
20666908,native,45951024.86231884,
20668803,native,63812275.23076923,
20666911,native,68855362.10227273,
20667111,native,73155279.84615384,
20665248,native,99452650.68,
20669164,native,81659838.03030303,
20666920,native,84165071.43478261,
20665969,native,114252585.075,
20666909,native,119393275.29032259,
20668804,native,107158121.4,
20667112,native,79978114.21212122,
20666912,native,91534353.15384616,
20665249,native,63332506.296703294,
20666921,native,67117713.87931034,
20669165,native,64283131.69014084,
20667113,native,11336625.659836065,
20665970,native,49167691.10843374,
20668805,native,83567943.61904761,
20666925,native,94831718.43103448,
20666922,native,71095526.90410958,
20665971,native,67842013.18032786,
20669166,native,79701082.27142857,
20667114,native,66591145.55294117,
20668806,native,97535228.23913044,
20666926,native,43917640.827586204,
20669167,native,77401137.76363637,
20666923,native,92162752.40983607,
20665972,native,82690869.6025641,
20667115,native,182389746.70967743,
20668807,native,31213070.103703704,
20667116,native,85084137.83333333,
20666924,native,88236547.81538461,
20665973,native,48799427.63809524,
20666927,native,127042174.20634921,
20668808,native,61502449.01136363,
20669168,native,43360461.34146342,
20667117,native,36284388.62711865,
20668809,native,84551040.57777777,
20665974,native,47771773.666666664,
20666928,native,62360099.78947368,
20669169,native,113307817.65,
20667118,native,82907788.81818181,
20668810,native,86921435.5,
20665975,native,69778336.39285715,
20666929,native,84045248.09523809,
20669170,native,81509831.55737706,
20668811,native,72908491.66666667,
20665976,native,32107089.108695652,
20667119,native,75814266.58974358,
20669171,native,44779952.81690141,
20666930,native,102010093.82142857,
20667120,native,58283962.63888889,
20669172,native,76411823.67901234,
20666931,native,76403435.4137931,
20665977,native,145421112.4642857,
20669173,native,45253799.88888889,
20666932,native,54489038.98901099,
20667121,native,100424747.08219178,
20665978,native,129921696.75,
20666934,native,72350615.70422535,
20669174,native,82328324.54285714,
20667122,native,62172249.85294118,
20665979,native,36341192.29245283,
20666933,native,102888772.4520548,
20666935,native,71479273.87619048,
20669175,native,52280985.58461539,
20667123,native,18710486.87280702,
20665980,native,128020733.31818181,
20666936,native,46955388.802325584,
20667124,native,103037922.6724138,
20669176,native,83980178.35849057,
20665981,native,42335022.333333336,
20669177,native,72703953.26785715,
20665982,native,68183075.57142857,
20669178,native,59900632.69411765,
20665983,native,94019123.84848484,
20665984,native,56661803.14666667,
20669179,native,39148412.99,
20665985,native,100618609.90697674,
20669180,native,159498247.06976745,
20665986,native,142219959.81538463,
20669181,native,69415563.42342342,
20665987,native,34292819.104,
20669182,native,93618964.14545454,
20665994,native,54696397.95384616,
20665988,native,52242911.5882353,
20669183,native,100081599.32727273,
20665995,native,39839412.19491526,
20665989,native,77398828.06153846,
20669184,native,68320804.32307692,
20669185,native,47201538.67045455,
20665996,native,62758684.07,
20665990,native,120610311.18867925,
20669186,native,108623157.6,
20665991,native,65524937.42,
20665997,native,147739582.95,
20665998,native,44857795.89705882,
20665992,native,55141207.050847456,
20665999,native,87546424.95,
20665993,native,118230994.95,
20664687,aot,18278379.44891641,
20665250,aot,52225802.577586204,
20665970,aot,42249632.941176474,gas-used mismatch for 0xbc85ace39d214b61f711b50ebdc3cc94219d37d60c613daae090d517ea22acc4: expected 393724 found 98981
20665976,aot,26651422.426086955,
20663375,aot,36508074.469945356,
20665917,aot,47698942.09756097,
20665953,aot,34497315.5,
20665973,aot,32490570.47111111,gas-used mismatch for 0xe51e47f1e5b63d68b929455f2c356d0565f2f7c8324bc9b6f37eac92974f1063: expected 551010 found 349034
20665964,aot,94105585.35294117,gas-used mismatch for 0x5205f7a656af37e8276e415e657e239bd572e369d47e4ad8e9fa16d26fd400f7: expected 986972 found 734754
20665437,aot,79180708.5483871,
20663632,aot,53390024.69178082,
20664968,aot,29728990.304347824,
20664312,aot,48274255.44705883,gas-used mismatch for 0x440dc305e1750902a841cedf5e63aa427ce51aac52bf14620edbe2a0ac503160: expected 383198 found 323478
20665974,aot,44615798.125,gas-used mismatch for 0x099e58351f4485351f9b069856e4513cf8eeb7380946eef8ce14caaf3b13f3a2: expected 276359 found 209795
20665062,aot,41802695.43835616,
20663644,aot,76572379.86458333,
20665861,aot,42580799.92227979,
20665929,aot,75189435.05263157,
20665958,aot,68328207.45454545,
20665354,aot,59395579.969387755,
20663656,aot,69378510.21666667,
20665812,aot,65880329.18181818,
20665859,aot,117040466.275,
20666375,aot,52250247.67021277,
20665864,aot,99127483.47826087,gas-used mismatch for 0xc97387c593d6f68e194469e18017c7fd05845eae56ffe6b308dd59359a802fee: expected 196213 found 81750
20665366,aot,84286870.58139534,
20663609,aot,99310596.36363636,
20664125,aot,59901115.62931035,
20663620,aot,83252934.89130434,
20666000,aot,106620154.82,
20665296,aot,68868585.39534883,
20663468,aot,98602632.08695652,
20665882,aot,88200074.6557377,
20665870,aot,56419046.30136986,
20663750,aot,85974313.76363637,gas-used mismatch for 0xe3a85a50c6924c4ba53cd94e5ccb99c10ed552e99e681395000ac0c80db2f446: expected 393712 found 98969
20665390,aot,64782702.27659574,gas-used mismatch for 0x5bbaba884177d75bfe0cc09672ebf24f38ef1bacbcaf753ccdc60d2c5b21c46e: expected 381090 found 344756
20665343,aot,85988872.4,
20665955,aot,131715906.8,
20666187,aot,141024079.64,
20666093,aot,102819540.02222222,
20664500,aot,83655342.55339806,
20665906,aot,100287988.02222222,
20665348,aot,65279899.85714286,
20663562,aot,56013603.19018405,
20664875,aot,121144647.05555555,
20665911,aot,103149751.75824176,
20665625,aot,117366740.08695652,
20663376,aot,44323531.957746476,
20665971,aot,92878095.91208792,
20665954,aot,2977308.6484230054,
20665965,aot,8927784.718309859,
20664688,aot,124236330.88571429,
20665251,aot,66908493.98529412,gas-used mismatch for 0x1caca59f202e4b5167098f1aa748be06227e38bd0e65d69d9e277484ed123214: expected 535553 found 95880
20665360,aot,54678808.54794521,
20665438,aot,88759112.52,
20665977,aot,87303821.13846155,gas-used mismatch for 0x6a1d5722c4ab6d2cb5c566981021d4033df2374368f0dbfd561252e71422c3dc: expected 1345299 found 489403
20663633,aot,40721412.08264463,
20663638,aot,71846277.53488372,
20665930,aot,48248284.927710846,
20665860,aot,60773629.833333336,
20665918,aot,35110862.92021277,
20664969,aot,57009468.67346939,
20665355,aot,40948788.194690265,gas-used mismatch for 0x32860a86fb3c695c6ad050775e45690d956720384f032db73c5e5614e3514e63: expected 305438 found 95868
20663657,aot,42783113.769911505,gas-used mismatch for 0x784566c2c0b93a516dc79bb57c8c23357c83a6a11d37e2b801748ccc0c5d71aa: expected 315917 found 145261
20665063,aot,11817332.24361949,
20665959,aot,99622972.22916667,
20665975,aot,103821158.4509804,gas-used mismatch for 0x45c0d39655beee000d5c1c903fbe435720475b6ad443fb756caeaa2317c17606: expected 775352 found 801968
20665344,aot,35348177.475728154,
20666376,aot,65041599.16,
20663469,aot,43646607.49056604,
20665862,aot,107255947.82,gas-used mismatch for 0xf9ca56f0466b3db125762b0d483328de14a8aa246a816428ff5f38bf3fe66ece: expected 491963 found 312040
20663645,aot,99579732.53571428,gas-used mismatch for 0x2ad4f8302e3f62ba477409388b14ef166e9e85c74935ef7ebd244bcc7b06b0b9: expected 395289 found 95880
20665297,aot,48522695.614583336,
20663610,aot,52072100.65591398,
20665813,aot,52055255.56435644,gas-used mismatch for 0xf887b20d79c44d36fc121868da4a44e864eff85aa44c126e62ed5b61cd9f3bd9: expected 323570 found 95868
20663751,aot,68510815.08196722,
20665883,aot,60960177.52112676,
20664313,aot,79138051.525,
20665865,aot,101432311.22,
20666188,aot,83793974.58823529,gas-used mismatch for 0xb56460b9155931d123ae0ac962972cbd97bae1daa31b64f23e895b4e267f02f9: expected 381956 found 326504
20665367,aot,55544000.20792079,
20663621,aot,77558763.36,
20665912,aot,63613376.63076923,
20666001,aot,50362065.45454545,gas-used mismatch for 0xd3e6dda6f506d87bc04706e830371969b0bf5ec3e27e4a5e6b22d5ea77cf9735: expected 1202885 found 516145
20665871,aot,79740457.73239437,
