id,run_type,exe_time,err
20831500,native,50944935.34939759,
20830491,native,36789066.048780486,
20830095,native,45176349.62,
20830104,native,39576476.72413793,
20833057,native,58848241.85897436,
20830375,native,39387667.73553719,
20830101,native,34790547.73913044,
20830503,native,32549779.972972974,
20833234,native,34022774.92307692,
20830506,native,35460631.68148148,
20833187,native,30248802.27607362,
20830093,native,32079543.522875816,
20833069,native,34899715.06382979,
20830512,native,35707047.76086956,
20833046,native,36476134.11029412,
20833081,native,30471190.47878788,
20830140,native,49501577.510204084,
20830105,native,32185494.632258065,
20830187,native,53972462.98888889,
20833328,native,48798026.32673267,
20834500,native,54090364.333333336,
20830099,native,38766322.40625,
20830515,native,35158126.53146853,
20830750,native,32051328.69620253,
20830098,native,35906010.821428575,
20833075,native,41964439.0,
20830000,native,45127869.372727275,
20830110,native,39559618.796875,
20833281,native,43595367.86956522,
20831125,native,32770463.262820512,
20830509,native,60613258.95061728,
20830421,native,36948696.10144927,
20833750,native,30766019.65882353,
20830479,native,36453867.09219858,
20833072,native,53794302.15789474,
20830562,native,51149059.010204084,
20830107,native,36687920.787234046,
20830497,native,30968197.081871346,
20833070,native,34717361.60130719,
20833375,native,36703230.21379311,
20830507,native,72175106.88732395,
20833093,native,69912038.53424658,
20833000,native,52357464.92079208,
20830116,native,14537394.641221374,
20830094,native,37597033.15862069,
20830468,native,79139199.0,
20830504,native,44318853.2,
20831501,native,33476055.418439716,
20830492,native,45097292.83809524,
20830128,native,25869044.64044944,
20833235,native,17380897.241758242,
20830376,native,9034009.547134936,
20830096,native,37930278.82442748,
20833058,native,37113818.618320614,
20833082,native,51579236.29545455,
20830751,native,21179769.681818184,
20830102,native,34719433.411347516,
20830163,native,33445898.393333334,
20833329,native,33880506.07801419,
20830516,native,37036870.390625,
20833188,native,15706763.975077882,
20830106,native,51434007.35164835,
20830188,native,33609017.089655176,
20833468,native,33446969.766666666,
20833562,native,61294997.40740741,
20834501,native,37366277.885496184,
20830111,native,31347363.658064514,
20833001,native,25223853.309392266,
20830513,native,47847225.485436894,
20830100,native,33175437.533333335,
20830510,native,20967347.961702127,
20833282,native,46407038.63809524,
20830141,native,39851827.992,
20830001,native,41595521.87288135,
20830134,native,43979736.28828829,
20831126,native,40171414.448,
20830480,native,34359646.020979024,
20830108,native,47560482.96039604,
20833076,native,32748391.60897436,
20833376,native,31269041.467948716,
20833751,native,67446172.24657534,
20833047,native,32022622.151515152,
20830508,native,13341149.325333333,
20833071,native,37633860.00763359,
20830422,native,32001651.4,
20830485,native,45310499.89655172,
20833094,native,38509495.57936508,
20830469,native,18054954.208955225,
20833656,native,48865718.948979594,
20830505,native,26916578.883333333,
20830498,native,64087012.625,
20830117,native,62065090.775,
20833073,native,68405886.8,
20830563,native,68345977.225,
20830493,native,31143570.26875,
20831502,native,31565638.23529412,
20833059,native,30629558.441717792,
20833469,native,40558565.58260869,
20833210,native,51710464.50537635,
20830129,native,38135797.23571429,
20830097,native,44595829.09565217,
20830164,native,45743393.0,
20833236,native,69080398.72,
20833703,native,45854447.820754714,
20830499,native,26440721.44117647,
20833002,native,32437601.2875817,
20830377,native,59655161.197674416,
20830189,native,31299205.975460123,
20834502,native,44754337.78761062,
20830481,native,28931021.276470587,
20833563,native,29309698.676136363,
20830002,native,37686375.330827065,
20830511,native,38576414.13740458,
20830514,native,36418050.821428575,
20830135,native,30103826.88095238,
20833283,native,32663880.743589744,
20833083,native,75113851.11428571,
20833657,native,36925904.3515625,
20833330,native,58668622.90909091,
20830109,native,31229369.02484472,
20830423,native,42188759.686956525,
20830752,native,71295168.8630137,
20833077,native,36366279.20714286,
20833752,native,31744697.775,
20833377,native,40916910.128,
20833078,native,32241301.09493671,
20831127,native,40936665.9765625,
20833095,native,46377814.083333336,
20830517,native,59837811.79120879,
20830486,native,32687890.916666668,
20833048,native,44592939.85217391,
20830103,native,52073281.13888889,
20833189,native,52563009.48571429,
20830142,native,39680386.57971015,
20833063,native,42559350.925,
20830112,native,36640990.24516129,
20833074,native,33260048.403846152,
20830564,native,27802145.091891892,
20830470,native,88271232.81034483,
20830118,native,38176963.104575165,
20830494,native,26673239.103825137,
20833060,native,57842023.44871795,
20831503,native,49332413.447916664,
20833470,native,47895340.77227723,
20833704,native,33604980.16551724,
20830378,native,33771758.54545455,
20833211,native,30800317.68452381,
20830165,native,41720272.881355934,
20833237,native,51630916.30107527,
20830190,native,28224355.414772727,
20830500,native,37382839.14285714,
20833079,native,58745176.152941175,
20833658,native,30113957.260869566,
20833351,native,33349453.29054054,
20830130,native,35269837.13333333,
20833284,native,30535701.43558282,
20833003,native,50156175.37755102,
20834503,native,60268879.55,
20830753,native,39592641.166666664,
20831128,native,42155135.20909091,
20833564,native,45569799.018181816,
20830136,native,56912524.32954545,
20830003,native,45436551.763636366,
20830424,native,38904990.125,
20833331,native,41177687.6446281,
20833084,native,48227560.495238096,
20830482,native,47303844.36111111,
20830518,native,28567234.70760234,
20833679,native,34964900.59589041,
20830483,native,56744680.94444445,
20833257,native,34520948.73571429,
20830143,native,36774053.56153846,
20833190,native,45891141.13207547,
20833304,native,60742793.192771085,
20833066,native,45755614.39090909,
20833378,native,52380030.89795918,
20833064,native,37201667.64444444,
20833753,native,40797541.33846154,
20830487,native,54635607.24731183,
20833096,native,42626309.91056911,
20833049,native,38177456.97101449,
20830151,native,38995393.2890625,
20830113,native,52014142.9,
20830471,native,45784291.722222224,
20830119,native,35229755.25,
20830565,native,75973462.08571428,
20830495,native,34453708.066176474,
20833061,native,36864658.755555555,
20831504,native,36249933.60144927,
20830166,native,31571880.1369863,
20833471,native,44184614.79090909,
20830379,native,27146762.146067414,
20833705,native,45240340.342857145,
20830501,native,25633206.98924731,
20830191,native,54383046.81395349,
20833332,native,46063500.1122449,
20833352,native,44478370.81481481,
20833659,native,30774508.551282052,
20831129,native,32961864.58219178,
20833238,native,30427617.272727273,
20833565,native,31698312.366013072,
20830137,native,37318835.7890625,
20833212,native,43976709.344827585,
20833080,native,50051799.29591837,
20833285,native,44898905.554545455,
20830004,native,34031735.41958042,
20833085,native,32164938.74,
20833004,native,50002723.15,
20830425,native,32347530.581699345,
20830131,native,33842251.013071895,
20830754,native,44247074.18965517,
20830281,native,50818761.22448979,
20833258,native,30194641.563636363,
20834504,native,41798676.42276423,
20833680,native,45859774.5,
20830519,native,35807896.17730497,
20833379,native,44573206.23809524,
20833305,native,21718971.49122807,
20833065,native,14179082.923076924,
20830144,native,38500160.86259542,
20833067,native,47715469.45631068,
20833050,native,36134197.19259259,
20830484,native,45766309.07826087,
20833097,native,41189841.291666664,
20833191,native,38438980.61481482,
20830488,native,32243310.737179488,
20833754,native,43943093.45217391,
20830114,native,7383787.5375375375,
20830152,native,43152672.443478264,
20830472,native,45744148.94444445,
20830120,native,40660101.722222224,
20830566,native,31428763.963636365,
20830496,native,33720899.73426574,
20831505,native,33224949.91503268,
20833062,native,43430419.02542373,
20830138,native,28795489.42857143,
20830167,native,18965764.36013986,
20830132,native,38819060.817391306,
20830380,native,37077344.5,
20833086,native,45230816.39622641,
20830005,native,25250675.794871796,
20833333,native,47145199.79245283,
20833353,native,10594448.890466532,
20831130,native,22907345.637168143,
20833660,native,38506031.631578945,
20830502,native,39020733.22058824,
20833706,native,47954703.882882886,
20833239,native,34088893.06535948,
20833213,native,28561055.071823206,
20830426,native,31428626.751552794,
20833472,native,65614412.70930233,
20830145,native,33467719.397435896,
20833005,native,32852011.85897436,
20833380,native,36364747.503703706,
20833286,native,44077075.81355932,
20833566,native,62675872.32530121,
20834505,native,41174281.69918699,
20833051,native,42948462.763636366,
20830282,native,59568672.26744186,
20830755,native,53634387.694736846,
20830133,native,27209480.30054645,
20830489,native,30818307.77124183,
20830192,native,32351289.25,
20830520,native,23228054.275555555,
20833681,native,36307490.737931035,
20833259,native,49073882.76415094,
20833245,native,36308099.54285714,
20833306,native,74145561.94117647,
20833068,native,39471119.01481482,
20833755,native,31749571.88198758,
20833192,native,61128788.67058823,
20833098,native,43207532.44715447,
20833269,native,47024965.050847456,
20830473,native,35167318.14383562,
20830115,native,63014849.10843374,
20830153,native,52039139.8019802,
20830121,native,40482037.86776859,
20830567,native,40485105.65,
20835250,native,46456362.263636366,
20833275,native,35370688.2481203,
20831506,native,29187634.529761903,
20833661,native,71057024.1147541,
20833087,native,10741304.29694323,
20830139,native,34747452.758865245,
20830381,native,58885445.084337346,
20833334,native,14888676.958208956,
20833707,native,23282270.03846154,
20830168,native,16478590.287974684,
20834506,native,30434023.467948716,
20833214,native,30600506.69090909,
20833515,native,38982673.76153846,
20830756,native,32744636.00689655,
20833240,native,35205511.655172415,
20833473,native,34215006.32413793,
20833287,native,31209304.949367087,
20831131,native,73973328.63636364,
20830283,native,48278741.64356436,
20830234,native,64412730.25,
20830427,native,42641783.5338983,
20833006,native,57780507.77906977,
20833052,native,32058041.224358976,
20830146,native,44645472.69565217,
20833354,native,66059259.93589743,
20830193,native,34203348.79310345,
20833381,native,42841296.30833333,
20833567,native,44532365.67826087,
20833682,native,17067968.290429045,
20833756,native,65822989.48529412,
20833260,native,43136333.90434783,
20833246,native,28506362.335227273,
20830490,native,38758151.86666667,
20830006,native,48259969.78761062,
20833316,native,31714039.044303797,
20830521,native,73702235.64705883,
20830476,native,54808330.375,
20833307,native,33662617.24,
20833193,native,41948283.0,
20833270,native,37688556.27941176,
20830122,native,41823188.765765764,
20833099,native,38414501.19580419,
20830474,native,44141818.21666667,
20830154,native,55193929.593406595,
20833310,native,42673846.24793389,
20830568,native,34611313.72666667,
20835251,native,45241846.12037037,
20833276,native,35725942.62222222,
20833662,native,32285435.5472973,
20831507,native,36770414.74814815,
20830382,native,18004361.672727272,
20833335,native,30645173.50310559,
20833215,native,35638041.68888889,
20831132,native,37127497.65079365,
20833538,native,76654921.41538462,
20834507,native,46695893.83962264,
20833474,native,29928678.378881987,
20833708,native,62663245.775,
20833088,native,73449215.45588236,
20830169,native,71669675.72857143,
20833241,native,35841649.67391305,
20833288,native,58765700.56626506,
20833007,native,36558789.57037037,
20833355,native,40615416.75,
20830757,native,37666274.074074075,
20830235,native,40289842.44628099,
20830428,native,32898112.14379085,
20833382,native,55235539.569767445,
20833053,native,47926296.62857143,
20830194,native,31549121.151898734,
20830284,native,44742942.26956522,
20833757,native,35150696.333333336,
20830147,native,43927396.15652174,
20833516,native,40603150.02290076,
20833683,native,44910117.74074074,
20830328,native,31028181.68125,
20833308,native,14992696.353846153,
20833568,native,29659940.88,
20830007,native,34665304.15862069,
20833261,native,38821672.23076923,
20830477,native,30354875.854545455,
20833194,native,29022779.252941176,
20833317,native,51230118.93877551,
20833247,native,52291572.13,
20833100,native,36650876.81746032,
20833271,native,30308727.854545455,
20830522,native,64041439.12345679,
20830123,native,43449801.415254235,
20833311,native,46603490.5462963,
20830475,native,44202730.43478261,
20830155,native,52402449.31632653,
20830569,native,28083975.292134833,
20835252,native,20436185.662601627,
20833277,native,37270680.27857143,
20830170,native,40716212.28703704,
20831508,native,56764798.67032967,
20833539,native,43548935.283018865,
20831133,native,41915892.73043478,
20833383,native,35446762.9765625,
20833242,native,39916747.12711865,
20830383,native,32158835.19642857,
20833216,native,37141763.26428571,
20830236,native,49144148.469387755,
20833089,native,42144597.95867769,
20833336,native,71957887.14285715,
20833008,native,36133721.75362319,
20833517,native,50711847.35164835,
20833663,native,55674175.50943396,
20830195,native,39292717.48,
20830429,native,45110408.26126126,
20833684,native,41756541.327586204,
20830285,native,41208775.53333333,
20833758,native,35402868.5035461,
20833289,native,51132229.300970875,
20833356,native,49500100.73584906,
20833709,native,40501602.11029412,
20830329,native,24984813.810945272,
20833475,native,60280828.47727273,
20834508,native,57774660.1875,
20830148,native,55273290.376344085,
20833054,native,43863935.90833333,
20830758,native,37385569.39310345,
20833262,native,38038463.48854962,
20833309,native,55619406.233333334,
20830008,native,45802801.423423424,
20833272,native,47605082.98,
20833101,native,36164621.376811594,
20833569,native,50498717.92,
20833248,native,38522623.633587785,
20833195,native,39388613.585185185,
20830478,native,34555900.474358976,
20830124,native,35208973.16312057,
20830156,native,11278289.684863523,
20830523,native,30111606.410714287,
20833318,native,34056994.82822086,
20833312,native,41280769.04310345,
20833363,native,55730543.13636363,
20830570,native,33334952.696551725,
20833278,native,31805554.292857144,
20835253,native,88272376.8,
20831509,native,34177042.77241379,
20830171,native,31093911.639751554,
20833540,native,34233135.172413796,
20831134,native,46069171.54954955,
20833685,native,35885174.296,
20833243,native,37537921.924812034,
20833337,native,32573004.572413795,
20833384,native,25356671.03448276,
20833217,native,48074589.01,
20833090,native,38804262.917293236,
20830430,native,27399891.306010928,
20833357,native,56367348.4117647,
20833518,native,33437429.80645161,
20830196,native,33368215.20261438,
20830330,native,30733955.633540373,
20833664,native,41643303.52,
20830237,native,59521271.35555556,
20833290,native,27769810.66129032,
20830149,native,34802622.53424658,
20833339,native,43693728.415929206,
20833476,native,50146143.97087379,
20833759,native,12570074.461716937,
20830286,native,44408993.333333336,
20830384,native,94740540.05357143,
20833263,native,30499769.82142857,
20834509,native,36219876.81506849,
20833196,native,39339416.641666666,
20833710,native,51863743.91262136,
20830759,native,48036213.68181818,
20833102,native,38584057.099236645,
20833273,native,31445959.90184049,
20833570,native,47485347.141509436,
20830009,native,32035560.963855423,
20833055,native,47190837.06086957,
20833319,native,27754377.005780347,
20833009,native,51238222.47457627,
20833249,native,42416835.73170732,
20830524,native,37156137.325925924,
20833364,native,31073050.620915033,
20830157,native,58854176.65909091,
20833726,native,52919897.071428575,
20830125,native,32605386.751552794,
20833313,native,37992882.15602837,
20830571,native,45959604.77876106,
20833279,native,37627927.072,
20833541,native,30297615.333333332,
20835254,native,43726458.333333336,
20830172,native,37630190.1984127,
20831510,native,57901049.4939759,
20831135,native,27466297.417142857,
20833338,native,50809584.677083336,
20833244,native,39907250.17886179,
20833686,native,31778738.74050633,
20833218,native,37441851.84210526,
20833519,native,50139168.197916664,
20833091,native,31050621.54375,
20830331,native,30367818.397515528,
20833358,native,41162864.31666667,
20830197,native,33773619.47972973,
20833291,native,32846507.653333332,
20833760,native,41798346.4,
20833665,native,29250849.286549706,
20833340,native,34152236.72027972,
20830238,native,29366207.08235294,
20834510,native,12251544.175,
20833571,native,51815687.1882353,
20833197,native,28859099.1686747,
20833477,native,34248898.089655176,
20833264,native,43762886.072072074,
20830150,native,25849187.465,
20830431,native,37798215.68965517,
20833385,native,85336814.14754099,
20830385,native,41084222.17073171,
20830760,native,36426061.333333336,
20830287,native,76007928.06153846,
20833711,native,52276861.5625,
20833103,native,39240956.396825396,
20833320,native,17536618.676156584,
20833274,native,34138679.58219178,
20833056,native,41557465.73043478,
20830010,native,34802788.573426574,
20830525,native,31706075.51333333,
20833010,native,33139510.673333332,
20833250,native,39830759.59375,
20833727,native,56392624.569767445,
20830126,native,31899091.903846152,
20830158,native,35173565.11888112,
20833365,native,31441057.00613497,
20833314,native,32786150.012903225,
20830572,native,43351112.47692308,
20833280,native,34206256.62142857,
20833542,native,23541363.112676058,
20835255,native,44998211.061946906,
20831511,native,57890112.1,
20831136,native,52798269.768421054,
20833092,native,15210525.226586103,
20833251,native,31469156.826086957,
20833687,native,44607587.69369369,
20833219,native,42075139.89655172,
20833359,native,30459055.348101266,
20830173,native,61478900.32631579,
20833292,native,30553631.148387097,
20830198,native,25428582.755102042,
20834125,native,56465076.78409091,
20833520,native,37001697.45390071,
20830332,native,38342374.11851852,
20830239,native,32162176.71612903,
20833478,native,46971381.76699029,
20833572,native,42069983.75862069,
20833761,native,37104500.97794118,
20830386,native,34282909.64285714,
20833341,native,30553911.20238095,
20830761,native,23792197.8,
20833198,native,37756588.16030534,
20833666,native,54433403.59139785,
20833315,native,47182277.647619046,
20830432,native,25120409.305,
20833667,native,26967280.95,
20833712,native,38670382.26190476,
20833386,native,26708521.65445026,
20834511,native,90708280.96226415,
20833104,native,44832946.68468469,
20830288,native,29449364.242774565,
20830526,native,25895590.036649216,
20830011,native,40757244.02479339,
20833265,native,47724647.336283185,
20833011,native,49736203.99,
20833321,native,64258990.307692304,
20830127,native,41531109.796460174,
20830159,native,36219877.32061069,
20833266,native,53829058.03157895,
20833728,native,34482901.93617021,
20833366,native,35746798.34558824,
20833714,native,34250393.45945946,
20834875,native,59371653.02352941,
20830573,native,42260236.99074074,
20833023,native,46462331.94782609,
20833543,native,74988488.94117647,
20835256,native,39358130.2734375,
20831137,native,30032683.69090909,
20831512,native,36719862.8115942,
20833252,native,33535544.97972973,
20833220,native,35015849.59440559,
20833298,native,26368508.92,
20833293,native,48661193.86734694,
20833479,native,30105149.581699345,
20833668,native,33137750.351145037,
20830174,native,12344475.508235294,
20833688,native,36914007.61333334,
20833762,native,44221725.50943396,
20830199,native,35297812.096551724,
20833360,native,45651922.31034483,
20833199,native,33405462.144827586,
20833342,native,51558885.15053763,
20834126,native,46669256.00909091,
20830433,native,24431957.975,
20830240,native,37699057.7368421,
20833521,native,14000907.417553192,
20830387,native,48970404.65048543,
20830333,native,33147722.582278483,
20833691,native,45143544.90909091,
20833105,native,34527950.135714285,
20830762,native,61147477.01234568,
20833573,native,27656385.244897958,
20830289,native,33180590.45945946,
20834512,native,47118072.34259259,
20833526,native,44883393.46666667,
20833387,native,35658457.32666667,
20830012,native,38930498.10687023,
20833012,native,36830025.623188406,
20830160,native,30102622.511764705,
20830527,native,48040722.17272727,
20833322,native,45200656.48695652,
20833715,native,36889249.39130435,
20833673,native,34367589.6,
20833267,native,31846133.56547619,
20833713,native,37399226.11612903,
20833367,native,37532107.05673759,
20830351,native,38603229.779310346,
20833729,native,45590106.87288135,
20834876,native,42849259.14285714,
20830574,native,35438474.9862069,
20833024,native,33229269.87671233,
20833544,native,34575691.37931035,
20835257,native,42357314.551724136,
20833689,native,50610032.2125,
20831513,native,45586053.87962963,
20833221,native,35585122.93571428,
20831138,native,49177127.216981135,
20833294,native,32079714.298013244,
20833299,native,53035478.34736842,
20833669,native,43151290.556521736,
20833692,native,44428767.76530612,
20830763,native,44543804.61290322,
20833361,native,26379024.6344086,
20833253,native,47432056.948275864,
20830175,native,53728899.0,
20833200,native,33686161.513333336,
20833480,native,55434692.631578945,
20830241,native,44562511.873873875,
20830334,native,27397636.85,
20833574,native,18770305.860465117,
20833763,native,43083785.64,
20834513,native,29786288.45341615,
20833522,native,62825731.1375,
20830200,native,30663712.08988764,
20830388,native,35705876.4109589,
20833343,native,54095402.28,
20834127,native,43465225.152,
20830290,native,37645913.42222222,
20833527,native,49647273.49,
20830013,native,33953889.993103445,
20830528,native,45243790.05940594,
20830161,native,32226590.086092714,
20833388,native,34564550.0,
20833323,native,40855312.25,
20830434,native,72450339.70666666,
20833254,native,35562945.70229007,
20833013,native,56821317.62222222,
20833368,native,40651187.63636363,
20833268,native,29627390.625,
20833730,native,13306498.440540541,
20833674,native,32479962.238709677,
20833716,native,44490843.73043478,
20830352,native,39884682.65853658,
20833106,native,61386702.46236559,
20834877,native,41547785.083333336,
20830575,native,37090862.54135338,
20833025,native,37954545.98529412,
20835258,native,35432099.11486486,
20831139,native,20096013.659574468,
20833545,native,33511243.165644173,
20831514,native,37225648.134751774,
20830181,native,40292233.49557522,
20833295,native,43599002.18103448,
20833481,native,37991026.720338985,
20833222,native,41122223.6875,
20833690,native,58406615.32258064,
20833693,native,44797146.53636364,
20830176,native,37771239.96946565,
20833670,native,45739046.75652174,
20833362,native,38696933.225563906,
20833300,native,38964066.92028985,
20830764,native,42829532.78861789,
20830242,native,44368361.4054054,
20830335,native,28991182.62857143,
20834128,native,45734441.54,
20833764,native,23462367.32093023,
20834514,native,46631747.3047619,
20833201,native,37164365.797202796,
20833344,native,29944137.266666666,
20833575,native,60343863.81927711,
20833523,native,39714886.2421875,
20830201,native,32805941.941935483,
20833528,native,63847899.22666667,
20830529,native,25000646.7960199,
20830389,native,39661243.16030534,
20830435,native,40975232.594827585,
20830291,native,43431965.70689655,
20833107,native,38878377.18018018,
20833369,native,21426050.773755655,
20830014,native,55077736.67032967,
20830162,native,43720547.309734516,
20833014,native,38032661.9140625,
20833324,native,42009464.09090909,
20833675,native,43199138.666666664,
20833389,native,56381776.615384616,
20830353,native,36322928.39849624,
20833491,native,11231712.696703296,
20833255,native,48166336.123809524,
20833731,native,46913278.6952381,
20833717,native,40339694.23577236,
20834878,native,35561899.63043478,
20830576,native,32903229.026490066,
20833026,native,45880815.20720721,
20833296,native,47891014.22448979,
20831140,native,58979295.38823529,
20833546,native,39074994.847328246,
20830182,native,12590025.140394088,
20831515,native,55663325.322222225,
20830765,native,44412345.84466019,
20835259,native,53486011.58095238,
20833223,native,35903759.85314685,
20833671,native,35232444.60992908,
20833482,native,47869689.699115045,
20833694,native,35340291.33986928,
20833301,native,35976492.365517244,
20830243,native,30698696.370588236,
20830177,native,17906707.328903653,
20834515,native,47821289.524271846,
20830937,native,52259114.8877551,
20833576,native,15688578.86163522,
20830336,native,21760555.255144034,
20833524,native,32930260.39215686,
20833345,native,25559655.67961165,
20830202,native,31225927.73809524,
20834129,native,31438854.188571427,
20833765,native,47732419.265486725,
20833202,native,43349708.736,
20830292,native,44508328.008695655,
20830530,native,46407471.2972973,
20833325,native,28287493.22159091,
20833015,native,35702138.055944055,
20830015,native,41140449.64,
20830436,native,16182163.397014925,
20833529,native,41042007.4887218,
20833108,native,46641316.82608695,
20833370,native,74965548.3,
20830354,native,35469651.03333333,
20830390,native,27412156.06635071,
20833732,native,45817932.36363637,
20833718,native,30136340.028571427,
20833390,native,50221597.33018868,
20834879,native,40637209.07079646,
20833256,native,38874531.418439716,
20833492,native,82374301.14285715,
20830577,native,39357087.67460317,
20833676,native,48587304.861788616,
20833027,native,43148241.07079646,
20833224,native,31782693.3,
20833547,native,33064336.866666667,
20831141,native,54814584.6,
20830183,native,36779244.11111111,gas-used mismatch for 0x36a7d3ca2901701b78b12a03800504b228c41581cefef2bb2abd5bf39ba89989: expected 127917 found 56972
20833297,native,54606315.24210526,
20831516,native,36035782.95,
20830766,native,38312251.6171875,
20835260,native,6016896.185053381,
20830178,native,43535878.23469388,
20830244,native,18807300.846153848,
20833695,native,41035997.858333334,
20833483,native,31573096.695652176,
20833672,native,58351825.52272727,
20834516,native,50402412.32653061,
20833525,native,34759422.04347826,
20833016,native,41611074.416666664,
20833302,native,60591471.37037037,
20830938,native,37783876.24264706,
20830337,native,60225933.915662654,
20833346,native,48911509.910891086,
20833577,native,71488567.92857143,
20830016,native,44436318.32380953,
20833530,native,39824890.75221239,
20830203,native,45036073.64864865,
20834130,native,46780550.481481485,
20833766,native,56869975.09090909,
20830531,native,54857893.516483516,
20830293,native,35838956.57446808,
20833326,native,26466562.204081632,
20830355,native,32352302.903448276,
20830391,native,51763530.03333333,
20833109,native,34447317.17123288,
20833733,native,36437614.624060154,
20833203,native,43832598.29268292,
20830437,native,65703996.35526316,
20833371,native,18206153.756183747,
20833391,native,34071850.37671233,
20833719,native,47883743.91428571,
20830339,native,39978470.504,
20833493,native,50707472.81632653,
20834880,native,54530143.346938774,
20830578,native,34520880.76027397,
20833677,native,74199606.23529412,
20833028,native,59709264.02325582,
20831142,native,16407829.15409836,
20833225,native,41944972.6504065,
20830767,native,47047913.14,
20830184,native,38551550.0,
20831517,native,33705722.3445946,
20830179,native,40188878.30578513,
20833548,native,59968438.26136363,
20834687,native,35335834.5472973,
20830245,native,78812687.6557377,
20835261,native,74913889.04545455,
20833017,native,50934028.61290322,
20834517,native,30163192.754601225,
20833303,native,31382534.013071895,
20833696,native,37256973.41428571,
20830338,native,41161326.98275862,
20830939,native,32710780.48,
20833484,native,47334276.09090909,
20833578,native,47380108.83,
20830204,native,40810698.948275864,
20833347,native,41097001.38983051,
20834131,native,36456896.723076925,
20830017,native,18544725.592592593,
20833767,native,23674567.82926829,
20835062,native,52639583.45631068,
20830294,native,16291128.282392027,
20833531,native,36769847.98529412,
20830532,native,50858567.68131868,
20830356,native,40446594.63333333,
20833734,native,16103186.88852459,
20833110,native,45552134.8,
20830392,native,44532103.097345136,
20833204,native,34824133.78321678,
20833327,native,70556658.28571428,
20830340,native,39215312.79310345,
20830438,native,58826464.79487179,
20833494,native,50673296.9,
20833720,native,60908194.2,
20833372,native,64198789.5,
20833392,native,44416400.96521739,
20834881,native,47218178.13592233,
20830579,native,47719429.65048543,
20833678,native,41748124.040650405,
20833029,native,41469266.46280992,
20831143,native,63490780.223684214,
20830185,native,28678398.219653178,
20833226,native,35974664.62758621,
20831518,native,71473459.01538461,
20830180,native,36812860.808823526,
20833549,native,41222431.70247934,
20830768,native,43181692.504065044,
20834688,native,49512721.07920792,
20833018,native,36120503.45925926,
20834312,native,47748518.051020406,
20835262,native,23568417.190697674,
20834518,native,49321209.88,
20830246,native,69177387.02739726,
20830205,native,16327484.204472844,
20833697,native,16721569.688888889,
20833579,native,36638056.4680851,
20834132,native,18863046.741697416,
20830940,native,53220960.1875,
20833485,native,64017344.1875,
20830444,native,18767397.62240664,
20835063,native,53176935.8,
20830357,native,56894750.6,
20830018,native,56025295.9,
20833768,native,41889105.256,
20833348,native,33370163.601226993,
20833111,native,39601909.959349595,
20830533,native,35391562.39189189,
20833532,native,50237388.18518519,
20830295,native,62395923.67469879,
20833735,native,54420081.395833336,
20833495,native,27299798.295081966,
20833205,native,40475568.8984375,
20830393,native,80974595.93846154,
20830341,native,29313603.44198895,
20830439,native,52361406.28,
20834882,native,54295744.44318182,
20833721,native,30708559.78787879,
20832250,native,58632718.44444445,
20833373,native,33812394.151898734,
20835156,native,47757792.72727273,
20833393,native,37299956.0,
20830580,native,33477029.836363636,
20833030,native,42733246.24778761,
20833227,native,14528170.704318937,
20830186,native,27383470.46111111,
20833550,native,48420979.315789476,
20831144,native,30833526.55757576,
20830769,native,34152836.81428572,
20831519,native,37540328.82962963,
20833937,native,27431847.557377048,
20833019,native,34871400.47857143,
20834519,native,30276269.03164557,
20834689,native,32944591.31875,
20830247,native,27729293.335227273,
20835263,native,56479072.63953488,
20834313,native,30082398.23391813,
20830941,native,30100207.149068322,
20830206,native,65782449.25333333,
20830358,native,31864910.14379085,
20833769,native,27579612.554285713,
20833486,native,41510388.46280992,
20830019,native,35279744.4680851,
20833698,native,56228752.02222222,
20834133,native,51483377.489795916,
20835064,native,33335485.562091503,
20833496,native,52123136.802325584,
20830534,native,10298422.292929294,
20833580,native,29672608.574468084,
20830445,native,81116187.73015873,
20833349,native,39965342.115384616,
20833112,native,33750795.6835443,
20830296,native,48529225.554455444,
20833206,native,32606074.69333333,
20830342,native,45983368.14,
20833736,native,48500783.11881188,
20833533,native,29334046.616666667,
20830394,native,36801715.17391305,
20834883,native,37846880.03053435,
20830440,native,32035461.81875,
20832251,native,29822899.725,
20833394,native,46614129.322916664,
20833722,native,51272947.31,
20833374,native,48981906.92079208,
20835157,native,37301781.765625,
20830581,native,71052773.60240965,
20833031,native,40945402.86029412,
20833723,native,42355349.80165289,
20833228,native,55174453.237623766,
20833551,native,44712235.084745765,
20830770,native,27628281.387434553,
20831145,native,35232407.94193549,
20833938,native,31282805.339285713,
20834690,native,51209897.02040816,
20830248,native,30007331.734939758,
20833020,native,31480880.58235294,
20831520,native,42979884.27407408,
20835264,native,36697649.489655174,
20833497,native,41536908.41,
20834520,native,47687213.44067796,
20830359,native,15608111.774193548,
20834314,native,53392545.047619045,
20830446,native,50442628.10989011,
20834134,native,48474796.99,
20833487,native,44001291.027027026,
20830343,native,9926680.200828157,
20833770,native,62446607.897435896,
20830395,native,65693412.704225354,
20830207,native,24314443.923076924,
20833737,native,29402407.938650306,
20830297,native,50381867.822916664,
20835065,native,40813386.484126985,
20830441,native,49889189.913978495,
20830020,native,39827140.885496184,
20833113,native,36760076.62962963,
20833350,native,30785066.120481927,
20833699,native,55572195.82795699,
20830942,native,62294211.26923077,
20833207,native,40604504.84920635,
20830535,native,52962355.677083336,
20833581,native,61262387.578313254,
20832252,native,53605909.93406593,
20833700,native,39235454.833333336,
20833534,native,46143815.77118644,
20830538,native,57984914.527472526,
20833395,native,41266695.364285715,
20835158,native,70612345.58974358,
20834884,native,56612231.01724138,
20830582,native,38056216.323076926,
20833724,native,39902236.144,
20833032,native,37018815.84246575,
20833552,native,46170722.49074074,
20831521,native,33003349.90780142,
20833939,native,38251525.72794118,
20833229,native,38810710.80136986,
20831146,native,35703885.9602649,
20830771,native,5218092.266976744,
20834691,native,31426090.152941175,
20833021,native,46155920.982300885,
20834135,native,32101080.39716312,
20830536,native,25876514.60126582,
20830208,native,63691819.59016393,
20830344,native,86324291.12,
20830249,native,44424627.65648855,
20835265,native,48952303.10185185,
20830447,native,34916082.93006993,
20833738,native,55429691.58024691,
20833771,native,34393825.83687943,
20830257,native,37523142.57723577,
20833582,native,44039183.89108911,
20830943,native,35587991.74074074,
20830021,native,34986065.08391608,
20830396,native,37847692.301470585,
20834315,native,52899901.166666664,
20830442,native,17262722.784313727,
20834521,native,55085899.63888889,
20833488,native,58191331.84210526,
20833208,native,39504358.47692308,
20832253,native,40801480.875,
20833114,native,45312715.56521739,
20833701,native,35865745.058823526,
20833498,native,68893017.47311828,
20830539,native,56265723.02739726,
20830360,native,63982081.104166664,
20833535,native,48205238.59405941,
20830298,native,36656932.693251535,
20835066,native,45316211.2,
20830456,native,85059224.04411764,
20833396,native,23534832.726829268,
20834885,native,44273030.13888889,
20830583,native,42654859.00909091,
20835159,native,39874495.97142857,
20833725,native,28665737.647058822,
20833033,native,53229260.65591398,
20833940,native,44586409.10891089,
20831522,native,34465479.76086956,
20830772,native,58048653.96052632,
20833553,native,40120415.722222224,
20831147,native,43804935.08695652,
20833230,native,46816659.3490566,
20834692,native,22302270.325791854,
20833022,native,29982306.629213482,
20830209,native,29902049.23121387,
20830345,native,31149252.279503107,
20830448,native,33481907.06756757,
20834136,native,45234155.5,
20830258,native,44529482.943396226,
20835266,native,39636452.70769231,
20830250,native,43151976.891666666,
20830537,native,62394996.48192771,
20833489,native,49782030.75824176,
20830540,native,38977544.35135135,
20833583,native,57026215.71111111,
20833772,native,44746597.266666666,
20830944,native,37759039.141843975,
20833209,native,28189350.646067414,
20833739,native,46773613.34166667,
20830443,native,52029301.8877551,
20833499,native,41353792.20689655,
20830397,native,47197339.31531531,
20833115,native,45339006.08181818,
20830022,native,39557990.74637681,
20833536,native,35234644.35460993,
20834316,native,68022810.1625,
20832254,native,17214457.99085366,
20830361,native,40067416.984615386,
20833702,native,47119257.123893805,
20835067,native,42733932.026086956,
20834522,native,35968403.66875,
20833397,native,64182917.243589744,
20830457,native,33849447.54193548,
20830299,native,54570355.41,
20834886,native,34423311.72847682,
20830584,native,41577142.664122134,
20835160,native,40548830.533834584,
20834031,native,37627971.20634921,
20833941,native,37120059.06504065,
20833034,native,36167702.41353384,
20831523,native,26967532.02808989,
20830773,native,28596513.44047619,
20833554,native,43014507.973913044,
20830346,native,47030811.697674416,
20833231,native,29303322.871165644,
20834693,native,40270560.36,
20830449,native,40880645.32727273,
20831148,native,33963090.873333335,
20830210,native,32007243.06081081,
20830259,native,31477192.737179488,
20833537,native,18169819.63003663,
20834137,native,36075006.7,
20835267,native,49482501.14285714,
20833490,native,46150843.0776699,
20830656,native,40186541.969924815,
20833773,native,36465514.79389313,
20833740,native,24175195.495,
20833398,native,45611830.275,
20833584,native,41690205.28099173,
20833116,native,44233659.056603774,
20830251,native,47959381.584070794,
20830945,native,45778983.36111111,
20833500,native,34916202.986013986,
20834317,native,15067899.0,
20830541,native,16839775.25225225,
20830462,native,16935062.951768488,
20830023,native,23699506.348837208,
20830398,native,31245624.638554215,
20833232,native,37789468.03759398,
20830703,native,43097800.224,
20832255,native,64484350.57534247,
20834523,native,36350767.06666667,
20833843,native,51191149.96,
20830362,native,37357741.780141845,
20834887,native,38794673.84259259,
20830300,native,42170328.016666666,
20835068,native,63395831.64705882,
20830458,native,21827490.51452282,
20830585,native,40022596.1,
20835161,native,43756971.09322034,
20830459,native,51766103.32673267,
20834032,native,54653933.795698926,
20833035,native,31600575.717791412,
20833942,native,65403752.97530864,
20833555,native,41698116.84,
20830774,native,71136222.30985916,
20830347,native,59208686.46666667,
20831524,native,92683554.45,
20834694,native,45135706.96460177,
20831149,native,34034451.35099338,
20830211,native,53149471.989473686,
20830450,native,57351699.593406595,
20833233,native,35588801.607407406,
20830260,native,18589962.00740741,
20830657,native,40441964.90243903,
20834138,native,49471382.46534654,
20835268,native,31186516.259036146,
20833774,native,37956939.276923075,
20830363,native,42475439.780487806,
20832256,native,41764863.54455446,
20833117,native,33184883.574324325,
20833040,native,34213378.44755245,
20833585,native,23709080.963636365,
20833399,native,42708254.18333333,
20830946,native,26738420.010471202,
20834318,native,53692146.07777778,
20830399,native,40025194.6446281,
20833501,native,42990639.81355932,
20830704,native,47114529.32,
20831875,native,80710488.33928572,
20830024,native,50851785.458333336,
20833741,native,68791803.01315789,
20830252,native,37368838.79310345,
20830463,native,70876778.21428572,
20830542,native,74791979.75757575,
20834524,native,38647166.37692308,
20833844,native,42467155.194690265,
20833744,native,53527325.36263736,
20830301,native,46766743.8877551,
20834888,native,47256405.11881188,
20830550,native,29107388.895953756,
20835069,native,43034374.391666666,
20830586,native,29531081.660714287,
20835162,native,52803171.46666667,gas-used mismatch for 0x0a619cb9d1536945600608a44e7135b789c81b4ccf15ab927ba22c68aeac84e4: expected 110817 found 56972
20830460,native,44404753.95454545,
20834033,native,38149240.6962963,
20833943,native,10562676.248447206,
20833036,native,25102985.432692308,
20830775,native,28333527.5359116,
20833556,native,40720303.64661654,
20830348,native,31734588.852760736,
20831525,native,27464851.196891192,
20831150,native,34940839.82191781,
20834695,native,79082449.34920634,
20833775,native,39968583.97457627,
20830451,native,51143872.2631579,
20834139,native,33278307.8375,
20835269,native,41050077.91269841,
20830658,native,57276167.52222222,
20830212,native,44990462.07936508,
20833118,native,42473738.801724136,
20831876,native,37962784.44,
20830947,native,23806421.014423076,
20833586,native,67705131.94285715,
20830364,native,40245437.71851852,
20832062,native,58177753.61,
20834319,native,36546364.155555554,
20830261,native,63886165.255555555,
20830025,native,35412724.37857143,
20830705,native,53868348.06451613,
20833400,native,24698706.88372093,
20832257,native,46300505.118644066,
20830543,native,35959638.44360902,
20833502,native,34188868.11612903,
20833845,native,35326652.051851854,
20833041,native,43817403.344,
20830400,native,46104031.87826087,
20833742,native,42220843.520325206,
20830253,native,34522276.49367089,
20833745,native,33696292.75,
20830464,native,47726203.06481481,
20830302,native,49316599.54,
20834889,native,51643095.32631579,
20835070,native,39149517.905172415,
20834525,native,49828743.90434783,
20830551,native,22539885.454545453,
20830587,native,63119677.69318182,
20835163,native,60617762.38372093,
20830461,native,41666867.96296296,
20834034,native,35857544.97709924,
20830776,native,34890325.08943089,
20833037,native,73653964.4923077,
20833944,native,65174489.12,
20834696,native,16095836.353571428,
20833557,native,46980069.60952381,
20833776,native,35095776.36585366,
20831526,native,37784328.7265625,
20830349,native,47964850.23300971,
20831151,native,32099608.19607843,
20830452,native,37892937.1640625,
20830213,native,38132449.861788616,
20830948,native,59000555.16,
20832063,native,42514450.175925925,
20830659,native,48239408.3,
20833119,native,42359880.53982301,
20834140,native,67249213.95774648,
20834320,native,13880854.008695653,
20832258,native,36440616.94214876,
20831877,native,36303358.9632353,
20835270,native,39122672.2265625,
20833587,native,41039057.475,
20830706,native,24372966.21674877,
20833401,native,54289232.64772727,
20830026,native,31938049.45098039,
20830544,native,40920943.8,
20833503,native,36567446.30534351,
20833746,native,13309794.905172413,
20833743,native,42755776.85454545,
20830262,native,70920065.5,
20833042,native,32045885.42384106,
20833846,native,39348145.928,
20830365,native,41418925.176923074,
20830401,native,60456140.85185185,
20835071,native,27566380.47398844,
20830254,native,26075940.737373736,
20830465,native,52583588.56842105,
20834526,native,56735723.8,
20830303,native,50989095.5,
20834890,native,48538412.31481481,
20830552,native,56695414.48863637,
20835164,native,28817348.12865497,
20830588,native,39653687.68888889,
20834968,native,38856561.72,
20834035,native,43122028.355932206,
20830777,native,44380306.8220339,
20833038,native,44931584.92920354,
20833945,native,39149483.984375,
20833558,native,30354852.15,
20830350,native,31691051.701863352,
20833777,native,65206412.44871795,
20831152,native,65063710.038461536,
20834697,native,64972056.88235294,
20833609,native,53253811.614583336,
20832064,native,30304376.54248366,
20830453,native,33280901.935897436,
20830214,native,20166102.316205535,
20831527,native,40858309.326241136,
20833402,native,752139.3704066634,
20830027,native,51398238.13953488,
20832259,native,39662920.708333336,
20830263,native,42327673.48514851,
20833588,native,8940895.854477612,
20830949,native,41545916.30578513,
20830660,native,56202045.90909091,
20835109,native,28199008.825,
20833120,native,45505392.85585585,
20834321,native,83509856.87931034,
20830545,native,42724796.9,
20835271,native,16021271.38095238,
20833847,native,50402912.81818182,
20834141,native,38463291.68888889,
20833504,native,48080667.81632653,
20831878,native,56419055.538461536,
20833747,native,58563221.868421055,
20833043,native,54254651.25,
20835072,native,44728556.21,
20830707,native,64096602.602564104,
20830366,native,39405766.984,
20834891,native,32566895.71875,
20830402,native,43436366.10344828,
20830466,native,54980859.15384615,
20830304,native,28810960.02484472,
20834527,native,33191206.90070922,
20830255,native,66129846.2739726,
20830553,native,29221208.852760736,
20831031,native,42591366.97692308,
20835165,native,59485720.96385542,
20830589,native,39307297.734375,
20834969,native,37385629.682926826,
20834036,native,59527073.44444445,
20830778,native,41366526.982300885,
20833946,native,31977092.90967742,
20833039,native,35010933.8,
20833559,native,53493714.74725275,
20833778,native,17575513.491467576,
20830609,native,33574712.72185431,
20831153,native,33337586.139072847,
20833610,native,24602179.48780488,
20831528,native,82816158.90566038,
20832065,native,30906188.850931678,
20834698,native,34703338.68918919,
20830950,native,33134134.91780822,
20833403,native,77656747.8,
20830467,native,15950697.311787073,
20830454,native,42765661.16528925,
20833589,native,45822498.32727273,
20834142,native,32625968.821192052,
20833121,native,52266308.8,
20832260,native,37641815.46428572,
20830215,native,57907463.72727273,
20835110,native,28841411.580110498,
20830661,native,34395373.16993464,
20830264,native,35913996.85333333,
20834322,native,63249084.333333336,
20833505,native,41028664.93495935,
20833848,native,37350936.43478261,
20833748,native,24537543.112195123,
20830546,native,30287997.29142857,
20830708,native,31318469.967741936,
20830367,native,35137330.1884058,
20830028,native,45027678.81746032,
20834892,native,57322506.61445783,
20833044,native,35120613.53333333,
20830403,native,18458465.12589928,
20831879,native,55307492.43157895,
20835073,native,55636259.60215054,
20835272,native,56646522.475728154,
20830305,native,39381425.60769231,
20834528,native,40948961.8984375,
20830256,native,60317715.755813956,
20830554,native,41704332.82926829,
20831032,native,38095340.97058824,
20835166,native,34725903.06206897,
20830590,native,42743548.55725191,
20834970,native,36658432.46376812,
20834037,native,44514796.4537037,
20833947,native,56859638.575,
20830779,native,45708364.333333336,
20830984,native,31798348.44370861,
20833560,native,55547503.3372093,
20833779,native,50262221.791666664,
20830610,native,37212768.59259259,
20833611,native,41957871.64655172,
20831154,native,64797853.19736842,
20832066,native,44324338.53043478,
20831529,native,33302332.967741936,
20834699,native,39345693.610687025,
20830951,native,28171920.36,
20832261,native,33445438.73188406,
20833404,native,38580506.44444445,
20833632,native,21520558.081545066,
20830662,native,38136077.00826446,
20830455,native,41673311.983333334,
20833590,native,43179304.8362069,
20830216,native,28900028.94797688,
20833122,native,53261436.05263158,
20830265,native,47549430.86666667,
20830547,native,44204962.04424779,
20833849,native,45817205.18518519,
20830368,native,41317139.20338983,
20830709,native,31747604.81875,
20833749,native,61461785.87654321,
20833045,native,36634762.49618321,
20835111,native,44125256.31666667,
20834893,native,44116142.40909091,
20834323,native,40689326.68461538,
20834143,native,60568724.55555555,
20830404,native,28424185.09090909,
20833506,native,52702496.06930693,
20830029,native,32093855.208588958,
20835074,native,33796775.60666667,
20831880,native,41716768.76,
20830306,native,32724052.417218544,
20834529,native,44083651.4245283,
20835273,native,64124255.384615384,
20835132,native,34090200.2739726,
20831033,native,27553612.92,
20830555,native,41062564.07692308,
20835167,native,61963988.675,
20830591,native,34418274.27152318,
20834971,native,47794222.63716814,
20834038,native,33448517.17419355,
20833948,native,40530916.192,
20830985,native,36090391.62068965,
20830780,native,41914602.015625,
20833561,native,12444330.53206651,
20830952,native,36788499.861788616,
20831155,native,40335881.46280992,
20830611,native,37414499.10714286,
20833612,native,45282692.21238938,
20833780,native,37916992.67832168,
20832067,native,12319732.10653753,
20835120,native,28795585.4625,
20831530,native,37925996.73529412,
20833123,native,47787296.64516129,
20834700,native,57904439.96590909,
20830369,native,36680199.53333333,
20834324,native,14805976.097972972,
20833405,native,52745270.729166664,
20832262,native,52954880.16842105,
20830663,native,23468338.461883407,
20833591,native,43821144.30434783,
20830217,native,33919143.472972974,
20833633,native,57751593.65934066,
20831078,native,34382664.178571425,
20833796,native,26410056.76344086,
20830548,native,49657242.6,
20833850,native,11648102.89090909,
20834144,native,25487189.56476684,
20835112,native,47375547.495145634,
20830266,native,34578201.74666667,
20834894,native,43203065.27826087,
20830710,native,36909368.96453901,
20830030,native,19600222.24505929,
20831881,native,30522363.416666668,
20830405,native,69580383.7,
20834530,native,38287958.184,
20830307,native,40307179.90909091,
20835075,native,56455380.875,
20833507,native,39596577.2481203,
20835133,native,29065924.73619632,
20835274,native,14498047.592485549,
20831034,native,50258929.44444445,
20830556,native,10796700.67948718,
20834593,native,23694280.699530516,
20835168,native,29430203.94642857,
20830592,native,56507206.631578945,
20834972,native,34623481.15384615,
20834039,native,57000071.37349398,
20833949,native,28319846.109289616,
20830986,native,41626006.9,
20833140,native,41482469.832,
20830781,native,53493622.811881185,
20831156,native,28310813.647727273,
20830953,native,73681013.85714285,
20833124,native,38463335.54237288,
20833781,native,51959792.208333336,
20830612,native,49211439.533980586,
20835121,native,24470126.804761905,
20831531,native,34197919.49315068,
20832263,native,36708450.18796992,
20833406,native,34950139.013986014,
20833851,native,83189860.12,
20834701,native,39919741.12307692,
20830370,native,43524293.583333336,
20832068,native,76277419.94285715,
20833613,native,53992692.4,
20830218,native,30867062.635294117,
20830664,native,67316340.07894737,
20833592,native,50792457.08737864,
20834325,native,35150292.95625,
20835113,native,44202288.03539823,
20830549,native,48216907.556603774,
20831079,native,46635039.49090909,
20834145,native,56127382.79545455,
20833634,native,48100779.654545456,
20830406,native,28339327.594444446,
20833797,native,48578284.44144144,
20830031,native,58118877.0,
20834895,native,51395513.67961165,
20830711,native,45229533.38983051,
20833508,native,35658700.755244754,
20834531,native,55624050.838709675,
20830308,native,43384110.78512397,
20830267,native,61947895.53409091,
20831882,native,34784090.98757764,
20835275,native,59044926.777777776,
20835134,native,49312709.774774775,
20835076,native,52570907.93396226,
20831035,native,36274873.0,
20830557,native,69612338.02739726,
20834594,native,59892863.09411765,
20830593,native,52739392.072916664,
20835169,native,66333099.275,
20833421,native,35487671.01428571,
20834973,native,53758969.615384616,
20834040,native,40547361.398373984,
20833950,native,44396749.504854366,
20830987,native,33239202.907284766,
20830954,native,29720714.44,
20833141,native,28088851.010928962,
20831157,native,45070103.42477876,
20830782,native,54363288.17346939,
20833782,native,37561878.348148145,
20831532,native,35744499.74468085,
20830613,native,35505990.88111888,
20832264,native,27681817.650273222,
20835122,native,63553419.25,
20833125,native,58249913.768421054,
20833407,native,34804759.43708609,
20833852,native,51091067.99009901,
20830371,native,39428601.89312977,
20832069,native,38133148.71428572,
20833614,native,31283415.842424244,
20833635,native,24175706.21212121,
20834702,native,46719624.25862069,
20834532,native,35359437.227642275,
20830407,native,28192286.970760234,
20831080,native,31258607.173913043,
20830665,native,45184048.49557522,
20835114,native,34568368.91216216,
20833593,native,40877443.03968254,
20830219,native,35578582.145695366,
20830268,native,24492455.70744681,
20831007,native,48068683.38181818,
20830032,native,41464149.27642276,
20833798,native,37650452.46099291,
20834896,native,33391097.883870967,
20834146,native,54140330.83495145,
20831883,native,38182794.183206104,
20834326,native,82167970.93846154,
20833509,native,50102866.722222224,
20835276,native,44663720.43103448,
20830309,native,34908287.398734175,
20835077,native,42827123.27586207,
20835135,native,43718257.79310345,
20831036,native,48990248.297029704,
20830712,native,54071345.7,
20830558,native,37420681.72463768,
20835170,native,47609414.40776699,
20830594,native,44511377.61016949,
20834595,native,54498646.89622641,
20833422,native,41168375.4765625,
20834974,native,38324394.79452055,
20834041,native,60705982.093333334,
20833951,native,27238251.49723757,
20830988,native,19864555.560150377,
20830955,native,45356303.68965517,
20831158,native,33965224.903448276,
20833142,native,54253181.27368421,
20830783,native,39801096.17557252,
20831533,native,29658108.01190476,
20833853,native,25383218.67027027,
20833783,native,41156166.08,
20835123,native,39824958.1171875,
20830614,native,47441542.96396396,
20830408,native,32789096.818181816,
20833126,native,45741397.345132746,
20833636,native,44424291.68468469,
20833408,native,41760579.0952381,
20832070,native,27447730.16580311,
20832265,native,54372573.02912621,
20834533,native,21215103.80912863,
20833615,native,53324416.64210527,
20830372,native,48638766.56363636,
20835115,native,55787842.93181818,
20830666,native,27270393.43548387,
20830220,native,29710771.54761905,
20831081,native,54722989.24210526,
20830269,native,51809502.56043956,
20831884,native,33763339.65,
20834897,native,50021156.24489796,
20831008,native,53467883.75824176,
20830310,native,41118713.71818182,
20834703,native,60192236.421052635,
20833799,native,39492978.5078125,
20834147,native,30653081.005882353,
20830033,native,22032987.420408163,
20833594,native,63288359.494505495,
20833510,native,38088127.64885496,
20834327,native,51412543.138613865,
20835136,native,26978848.583783783,
20835078,native,41906810.858333334,
20835277,native,52154271.45544554,
20830713,native,38350284.646153845,
20831037,native,38019224.0,
20830559,native,57049360.511627905,
20835171,native,46951039.56666667,
20830595,native,29251495.670807455,
20834975,native,36394228.54782609,
20834596,native,38229730.02290076,
20833423,native,42628696.72881356,
20834042,native,9203668.350943396,
20833952,native,62843736.32941177,
20831159,native,25928606.60714286,
20830956,native,28386167.23404255,
20830989,native,60675914.777777776,
20833143,native,44761014.52173913,
20830784,native,46293281.54054054,
20831534,native,51571336.052083336,
20833854,native,54523237.64835165,
20830409,native,28624087.674285714,
20835124,native,47316744.722222224,
20833409,native,40859832.47457627,
20833784,native,41832433.7421875,
20833127,native,54758318.720430106,
20835116,native,41703214.36440678,
20830615,native,49606868.556603774,
20833637,native,43684827.60169491,
20831885,native,43306419.0,
20831082,native,26608986.574468084,
20830373,native,34819017.06896552,
20833616,native,39386458.68461538,
20832266,native,19866725.365671642,
20830667,native,48285520.96116505,
20832071,native,37564406.8,
20830270,native,37543571.9375,
20834534,native,54172928.52040816,
20831009,native,38695144.5112782,
20830221,native,61454810.63736264,
20830311,native,19728949.19029851,
20833800,native,38796371.42748091,
20835079,native,37807152.2421875,
20835278,native,39677274.45689655,
20834148,native,45880251.11504425,
20834704,native,47054663.172413796,
20830034,native,53351690.0,
20834898,native,52732407.583333336,
20835137,native,52510861.375,
20834328,native,56785168.04545455,
20833511,native,61485352.12048193,
20830714,native,35232940.95890411,
20833595,native,38069096.72,
20831038,native,32234680.751552794,
20830560,native,54759521.23655914,
20835172,native,29703102.298136648,
20830596,native,32269746.833333332,
20834597,native,48230415.09,
20833424,native,28842048.889570553,
20834976,native,43716297.652173914,
20834043,native,56858246.2345679,
20833953,native,16324972.503333334,
20831160,native,43679030.61165048,
20830990,native,20683597.020833332,
20830957,native,39647668.376,
20833144,native,39311597.047619045,
20831535,native,16873306.07718121,
20830785,native,30458768.224242423,
20830410,native,27138091.606741574,
20833855,native,59314936.072289154,
20835125,native,43268424.17699115,
20833410,native,50593231.19387755,
20833785,native,47161198.952380955,
20833128,native,26927541.11827957,
20833638,native,40083796.72727273,
20831886,native,13020608.441253264,
20835117,native,29100190.647058822,
20830271,native,32102058.22972973,
20830616,native,35936321.717391305,
20830374,native,34252796.97260274,
20833617,native,52156474.4,
20834535,native,54519081.34883721,
20831083,native,27113046.59685864,
20832072,native,29733307.470588237,
20830668,native,40486933.824,
20832267,native,68888457.7260274,
20831010,native,46192097.87962963,
20830222,native,38234751.91851852,
20833801,native,37891029.674074076,
20835279,native,30346323.496969696,
20835080,native,43213271.60869565,
20834149,native,33726102.218543045,
20830035,native,53236334.34375,
20834705,native,33959470.784810126,
20830312,native,90002071.60344827,
20833512,native,35463801.137931034,
20834329,native,35605273.874125876,
20835138,native,43129762.4,
20834899,native,34968988.666666664,
20830715,native,53656471.87368421,
20833596,native,38079366.45652174,
20831039,native,43948067.25423729,
20830561,native,10529116.040733198,
20835173,native,38347480.05925926,
20830597,native,33692441.06451613,
20834598,native,38965859.941176474,
20834977,native,45824141.054545455,
20833425,native,56520970.720430106,
20834044,native,43310255.14049587,
20833954,native,57621993.488372095,
20831161,native,45987322.46956522,
20833145,native,42433136.324324325,
20830991,native,47354794.60952381,
20830958,native,26154498.195,
20830411,native,45094611.981132075,
20831536,native,75579700.63636364,
20833856,native,33079977.903846152,
20830786,native,42959775.624,
20830272,native,35342550.46923077,
20830669,native,21130657.19417476,
20835126,native,47725107.466019414,
20831887,native,51661777.32967033,
20833639,native,38722547.536,
20835118,native,24547183.704433497,
20833618,native,31664941.39869281,
20833411,native,47330769.423423424,
20833129,native,54744862.25274725,
20830617,native,29374297.0,
20831019,native,69908385.24285714,
20834536,native,30514632.239263803,
20832268,native,18338871.535849057,
20833786,native,41780954.6484375,
20832073,native,55008144.61111111,
20831084,native,74730288.69117647,
20830223,native,27679696.59627329,
20831011,native,55386181.11363637,
20833802,native,39049882.25203252,
20830313,native,48852513.777777776,
20834706,native,42335290.36363637,
20834150,native,44753143.74545454,
20830036,native,38443253.5,
20835081,native,43395826.47826087,
20835280,native,39727729.45185185,
20834900,native,28880588.58235294,
20833513,native,27134610.80107527,
20834330,native,38912615.6171875,
20835139,native,37616934.63703704,
20830716,native,30938836.044303797,
20833597,native,41149359.87804878,
20831040,native,60456532.85185185,
20830726,native,32720950.06756757,
20835174,native,8321.28190693295,
20830598,native,19392470.980620153,
20834599,native,31734639.178807948,
20834978,native,40518284.9,
20833426,native,27942324.591397848,
20834045,native,25555229.393782385,
20833955,native,36911350.6,
20831162,native,40692075.88888889,
20833146,native,28817562.474285714,
20830412,native,50632115.31111111,
20830992,native,35541160.04137931,
20831537,native,38343346.68461538,
20830959,native,60695863.72727273,
20833619,native,12688061.184210526,
20833857,native,37858071.152173914,
20833640,native,44115140.28318584,
20831888,native,41601879.45454545,
20830273,native,11109945.146391753,
20830787,native,42005413.552,
20835119,native,52810610.284210525,
20833130,native,37841913.11111111,
20833412,native,37988537.5882353,
20831020,native,36406598.84397163,
20835127,native,48709148.2972973,
20832269,native,42470721.76033058,
20834537,native,41682259.128,
20833787,native,48211891.79047619,
20830670,native,53372861.77551021,
20831085,native,32418348.557692308,
20832074,native,30411228.427745666,
20830618,native,57471541.76923077,
20830224,native,37616275.61594203,
20833803,native,45607761.554545455,
20830037,native,67213623.75714286,
20831012,native,44099165.5,
20834707,native,55456995.3,
20830314,native,37054923.418439716,
20835140,native,57995324.86419753,
20834151,native,57141043.69318182,
20835082,native,50371007.24,
20830717,native,40269076.10169491,
20834901,native,51583912.114583336,
20833514,native,77830060.52380952,
20834331,native,47160537.38888889,
20835281,native,38762443.68571428,
20833598,native,26309865.900523562,
20830727,native,58663210.65116279,
20831041,native,46829587.0,
20835175,native,64148519.276315786,
20830599,native,70800128.68181819,
20834600,native,45147260.557522126,
20834979,native,48189741.46236559,
20833427,native,34930985.40559441,
20834046,native,38657740.9453125,
20831163,native,38566967.104,
20833956,native,54262875.86734694,
20833147,native,43026051.279661015,
20830993,native,33367092.264900662,
20830413,native,35351184.93835616,
20830960,native,33678478.903448276,
20831538,native,39259383.21428572,
20833858,native,28609532.374269005,
20833641,native,33694352.81118881,
20833620,native,53778667.244444445,
20835128,native,40080415.78448276,
20831889,native,41798853.53333333,
20830788,native,48794666.811881185,
20833413,native,34571783.82978723,
20833131,native,35638617.16428571,
20831086,native,23983119.31632653,
20834538,native,41548858.81896552,
20830671,native,27000994.87978142,
20831021,native,33535836.012903225,
20832075,native,31403425.73548387,
20833788,native,45915719.663636364,
20832270,native,47501268.981132075,
20830274,native,76220794.10294117,
20830619,native,53330124.222222224,
20835625,native,76949085.1971831,
20830225,native,39156786.53435115,
20833804,native,28260240.722222224,
20830038,native,35905497.4680851,
20835141,native,25575156.564102564,
20834152,native,37817739.900763355,
20834708,native,31593548.042424243,
20830315,native,32925877.9,
20830718,native,29714296.94797688,
20835083,native,31475692.65030675,
20831013,native,35870478.823529415,
20833599,native,32735185.731034484,
20835437,native,25566391.55,
20834902,native,47952317.0,
20835282,native,35859362.27972028,
20834332,native,45078947.26724138,
20830728,native,35193119.87586207,
20831042,native,25471921.0,
20835176,native,48847960.481132075,
20830600,native,45272431.60176991,
20834601,native,40865765.47413793,
20834980,native,35269040.179310344,
20833428,native,39047655.129770994,
20834047,native,28139873.44864865,
20833957,native,27212284.531791907,
20831164,native,32612157.28275862,
20833148,native,27137646.006060608,
20830414,native,38800791.44,
20830994,native,53437386.64210527,
20830961,native,39990490.54545455,
20831539,native,36415651.73170732,
20833642,native,37825874.2265625,
20831890,native,33827009.39716312,
20835129,native,12672420.62371134,
20833859,native,42291129.85344828,
20830275,native,34772092.6875,
20830789,native,49843668.051020406,
20833414,native,39064648.312,
20830672,native,39989207.10743801,
20833621,native,46287196.58260869,
20830620,native,35332965.59398496,
20833132,native,54933872.43010753,
20833789,native,37102915.14285714,
20832271,native,42865179.61061947,
20832076,native,42470849.37931035,
20834539,native,52145434.67346939,
20831022,native,47720949.657142855,
20831087,native,67513550.57333334,
20835626,native,45919307.41509434,
20830039,native,44742028.79047619,
20830226,native,39166090.86923077,
20830316,native,36603578.5,
20835084,native,23060300.67298578,
20830719,native,52126816.50537635,
20834709,native,58311894.76470588,
20834153,native,42445054.232,
20831014,native,39511981.92063492,
20833805,native,53068901.43396226,
20833600,native,52705338.72631579,
20834903,native,55472929.31111111,
20835142,native,77058531.90769231,
20834333,native,18195197.32222222,
20835438,native,51696373.489795916,
20835283,native,41293174.8,
20831043,native,39236823.68,
20830729,native,34574114.82517482,
20835177,native,29298217.208333332,
20834602,native,65849328.8,
20830601,native,33152022.286666665,
20834981,native,34277208.66438356,
20834048,native,39895756.95652174,
20833429,native,44869804.18181818,
20833958,native,38193371.21428572,
20831165,native,25499454.809756096,
20833149,native,61639235.430232555,
20830415,native,45349971.76724138,
20830995,native,42609043.50833333,
20835130,native,59646752.71052632,
20831540,native,37822064.02173913,
20830962,native,56919646.32967033,
20831891,native,27735032.505376343,
20830276,native,33968312.38513514,
20833643,native,50783662.699029125,
20833860,native,39228379.7578125,
20833415,native,33606763.57931034,
20830790,native,26974779.215384614,
20832272,native,34848103.0472973,
20833133,native,23917210.03167421,
20831023,native,31509570.698717948,
20833622,native,40550742.114503816,
20830621,native,41420775.70634921,
20832077,native,27977782.65445026,
20830673,native,43420543.072,
20831088,native,43215476.53043478,
20833790,native,32355291.61904762,
20834540,native,37730125.70714286,
20830227,native,20783499.15254237,
20830317,native,21794927.631355934,
20830040,native,26771893.5,
20835627,native,45158373.674796745,
20830720,native,46046107.11111111,
20835085,native,61076920.44578313,
20835143,native,17091841.648275863,
20833601,native,37250013.766917296,
20834154,native,47599346.056603774,
20834710,native,42397963.73170732,
20833806,native,35169947.7260274,
20834904,native,57678604.43181818,
20831015,native,40558121.428571425,
20835439,native,40162764.46341463,
20834334,native,57602631.86363637,
20831044,native,32589932.0,
20835284,native,43714113.68141593,
20830730,native,44154677.96296296,
20835178,native,22283621.072115384,
20830602,native,52921475.655555554,
20834603,native,41944817.33898305,
20834982,native,52155133.8877551,
20834049,native,33046737.48,
20833430,native,190537.75834200485,
20833959,native,36491799.31851852,
20831166,native,39254992.375,
20833150,native,37009924.414814815,
20830996,native,24547816.56097561,
20831541,native,49102838.8019802,
20830416,native,35318699.2,
20831892,native,45289428.11818182,
20835131,native,51493748.42,
20830963,native,50884247.95,
20833644,native,36445060.178571425,
20833861,native,17905995.788395904,
20830277,native,57709287.93333333,
20830791,native,50082594.73,
20833416,native,46701359.25663717,
20832078,native,49328547.947916664,
20833134,native,41936022.8,
20832273,native,33103553.75,
20831024,native,31201425.52121212,
20834541,native,20692874.285714287,
20830622,native,40493518.344,
20830674,native,32683193.083870966,
20833623,native,52128473.8367347,
20831089,native,33735086.84313726,
20833791,native,36669232.86231884,
20835628,native,38366126.34074074,
20830041,native,44963559.29565217,
20830228,native,76575632.16901408,
20835086,native,49020506.574257426,
20830721,native,68372390.73333333,
20834155,native,54386379.384615384,
20833602,native,24475430.62857143,
20830318,native,67421171.3625,
20834905,native,36598261.38970588,
20831045,native,32108615.573333334,
20833807,native,36367148.314685315,
20834711,native,36853021.72340426,
20835144,native,66373701.179487176,
20835440,native,33093994.297468353,
20834335,native,43006535.00833333,
20835285,native,41943617.083333336,
20831016,native,35935352.70967742,
20830731,native,36464038.942857146,
20835179,native,57516865.09411765,
20834604,native,27160078.84574468,
20830603,native,40754492.40625,
20834983,native,43304402.02586207,
20834050,native,18211214.84879725,
20831167,native,42548473.17821782,
20833960,native,47354309.25225225,
20833431,native,102713574.78,
20833151,native,35144859.01449275,
20831542,native,42821260.371681415,
20830997,native,29805082.683333334,
20830417,native,48200539.64356436,
20833418,native,34145662.93103448,
20833645,native,30227240.260869566,
20830964,native,39098364.81746032,
20831893,native,55189124.87912088,
20833624,native,29624664.496774193,
20832079,native,31243656.57051282,
20830278,native,64621596.328947365,
20830792,native,50996648.97,
20833862,native,54788280.2,
20833792,native,25964032.87368421,
20831025,native,28081469.011235956,
20834542,native,57188521.807228915,
20832274,native,54397183.505494505,
20830675,native,45711827.79090909,
20830623,native,31660243.889570553,
20831090,native,57090741.70454545,
20833135,native,50849381.217821784,
20833417,native,48914992.25471698,
20830319,native,35165022.328125,
20831046,native,34544319.744,
20835629,native,21001359.925925925,
20830042,native,40708561.6,
20830229,native,21839646.186147187,
20835087,native,45126528.027027026,
20830722,native,48676494.443396226,
20834156,native,37675964.25,
20833808,native,44781473.836363636,
20835441,native,42628310.74774775,
20834336,native,37631339.53968254,
20834712,native,38958391.07692308,
20833603,native,72475749.54411764,
20835145,native,44840128.5945946,
20834906,native,36517972.344827585,
20831017,native,40487612.0,
20835286,native,27625196.104972377,
20830732,native,36613275.47407407,
20835180,native,36464870.262068965,
20834605,native,35038846.33103448,
20830604,native,32118608.493670885,
20834984,native,40319507.78333333,
20834051,native,44003788.2,
20831168,native,41559058.248,
20833961,native,38053060.122137405,
20833432,native,52686320.239583336,
20833152,native,45867736.666666664,
20830998,native,43588173.5462963,
20831543,native,36394542.74285714,
20831894,native,36465763.428571425,
20832080,native,54246738.83950617,
20833419,native,35453580.45205479,
20833646,native,46078092.13513514,
20830418,native,47153281.73275862,
20830965,native,33249105.10897436,
20830279,native,20035439.0513834,
20833625,native,49704580.3592233,
20831091,native,46262402.9,
20833793,native,41355422.69105691,
20832156,native,54530064.825581394,
20832275,native,41889536.25,
20830624,native,36630641.316176474,
20834543,native,64538981.62820513,
20830676,native,45656953.04545455,
20831047,native,34626496.76923077,
20830793,native,36286160.43333333,
20833136,native,29522804.28,
20833863,native,33370506.16374269,
20831026,native,51381471.25,
20830320,native,35496000.919117644,
20830230,native,32641181.192307692,
20834157,native,38471433.81355932,
20830043,native,34767569.65753425,
20835630,native,52607577.83157895,
20834907,native,36477715.21428572,
20833809,native,37749930.952380955,
20834337,native,52087630.55681818,
20834713,native,35022306.25185185,
20835088,native,46939545.02830189,
20835146,native,45839663.84466019,
20830723,native,37573673.162962966,
20835442,native,41012929.325,
20831018,native,43306262.28828829,
20833604,native,43445223.88495575,
20830733,native,31242954.534246575,
20835287,native,47999812.04716981,
20830605,native,32586644.393103447,
20835181,native,47166097.25714286,
20834606,native,69560290.29577465,
20834985,native,45970230.18181818,
20834052,native,75837735.4264706,
20831169,native,62250052.8,
20833433,native,9189863.448598132,
20833962,native,41238988.90243903,
20833153,native,36107666.57971015,
20830999,native,28538914.023809522,
20832081,native,23228285.84507042,
20833420,native,43137749.67256637,
20831895,native,53080928.572916664,
20831544,native,76037866.01515152,
20833626,native,34637825.45038168,
20830419,native,31552657.897435896,
20833647,native,39138237.952,
20830966,native,30688779.739130434,
20830280,native,40671239.896,
20832157,native,24440897.023255814,
20831092,native,30320639.410404623,
20830677,native,18878229.46641791,
20833794,native,41776854.25203252,
20830625,native,34048445.50675676,
20834544,native,37863809.59259259,
20832276,native,33903720.905063294,
20830794,native,37110907.75,
20831027,native,33605576.04,
20833137,native,45146251.895652175,
20833864,native,45617186.43362832,
20831048,native,58149285.93406593,
20835631,native,41490520.548672564,
20830321,native,35582260.52027027,
20830734,native,42104482.02040816,
20830044,native,44516780.12931035,
20835089,native,27538428.848314606,
20830231,native,41141396.75,
20833810,native,31648877.46987952,
20834158,native,42801027.515625,
20834908,native,56997017.593406595,
20835147,native,38214730.4117647,
20834338,native,35540835.54,
20834714,native,36559592.0070922,
20830724,native,21119954.027667984,
20835443,native,43226143.48760331,
20833605,native,51665434.1,
20833890,native,72438777.65753424,
20835288,native,56918480.96703297,
20830606,native,44793629.94594595,
20835182,native,44263589.708333336,
20834607,native,53493783.307692304,
20834986,native,35893367.648,
20834053,native,44634546.81632653,
20833963,native,21204294.44347826,
20831170,native,48393258.6,
20833154,native,53229199.60227273,
20833434,native,78996043.85714285,
20830420,native,38557992.041666664,
20831896,native,27534529.404371586,
20832082,native,56793126.31818182,
20831000,native,81077788.84126984,
20833627,native,40856198.09756097,
20833648,native,42303382.15652174,
20830725,native,63066687.375,
20831545,native,42517775.791666664,
20830967,native,46573456.485436894,
20835015,native,32800629.506756756,
20833795,native,40274117.09322034,
20831093,native,38885327.6984127,
20830626,native,40676941.43089431,
20834545,native,34650636.696551725,
20831028,native,24350244.335,
20832277,native,35335231.32867133,
20830795,native,34824249.496503495,
20832158,native,69470721.77464789,
20830678,native,64867756.5,
20833138,native,38060505.676691726,
20830232,native,45484311.09375,
20835632,native,43384661.669565216,
20831049,native,29138007.55191257,
20830322,native,38402895.45864662,
20830045,native,28895541.497076023,
20830735,native,48726292.504854366,
20833865,native,42840724.6640625,
20833811,native,45113905.83018868,
20835090,native,22894598.01376147,
20834909,native,31557750.134615384,
20834339,native,33226706.155405406,
20834159,native,45642572.731481485,
20833163,native,28248732.852272727,
20835148,native,42514081.6779661,
20835444,native,30357669.068322983,
20834715,native,52932311.26530612,
20833891,native,27262271.52840909,
20833606,native,70335644.8028169,
20835289,native,35505895.17021277,
20830607,native,36084339.7,
20835183,native,35416425.76428571,
20834608,native,50282349.13,
20834987,native,43545615.81355932,
20834054,native,51763012.98058253,
20833155,native,54372340.98863637,
20833964,native,40834090.904,
20831171,native,42051628.99206349,
20833435,native,34018432.16556291,
20833628,native,22481805.110091742,
20831897,native,56769792.27272727,
20831001,native,43974476.26956522,
20833444,native,17467313.4,
20832083,native,35840672.32167832,
20833649,native,41782305.495934956,
20831968,native,48931880.07,
20830968,native,37825099.3382353,
20831546,native,43999415.925,
20835016,native,54023214.23655914,
20830796,native,30159026.054054055,
20830843,native,56236995.95348837,
20831094,native,40452594.664,
20831029,native,27312527.247311827,
20834546,native,31226722.871165644,
20833139,native,43287040.81415929,
20832159,native,34075900.22972973,
20832278,native,49645918.20792079,
20830233,native,11677831.288416076,
20830679,native,42664526.53448276,
20831050,native,38590714.97619048,
20830627,native,17115726.374285713,
20835633,native,44395480.708333336,
20835149,native,36231599.4296875,
20833607,native,39410754.15652174,
20834716,native,46229421.78,
20833164,native,41787898.89380531,
20833866,native,44705156.38888889,
20830046,native,38240313.0,
20833812,native,25713733.979797978,
20830323,native,38056740.03759398,
20834910,native,48236467.23300971,
20835445,native,38836179.264,
20833892,native,44676305.87962963,
20834340,native,51660462.73469388,
20834160,native,30873059.035714287,
20835091,native,74250782.47692308,
20830736,native,57816066.10989011,
20835290,native,33498622.773049645,
20830608,native,44681814.486725666,
20835184,native,33188151.253333334,
20834609,native,40253765.40677966,
20834988,native,40756117.37190083,
20834055,native,54117642.741935484,
20833156,native,23796714.680751175,
20831172,native,34679710.5,
20833965,native,49978945.475247525,
20833436,native,11109451.077894736,
20833629,native,69333049.11267605,
20831898,native,35468907.41258741,
20831547,native,22131214.6875,
20833650,native,33527151.553333335,
20831002,native,44136780.39655172,
20831969,native,16197880.415873015,
20832084,native,50074365.11111111,
20833445,native,56449465.833333336,
20830797,native,47587339.52830189,
20830969,native,32071347.23809524,
20831095,native,39403174.907692306,
20830844,native,35167738.43333333,
20834547,native,24344754.791262135,
20835017,native,70013432.9625,
20831030,native,44230903.5,
20833878,native,45028099.840707965,
20832279,native,33506404.42384106,
20833884,native,47832725.320754714,
20832160,native,39278055.77037037,
20830680,native,34439443.78064516,
20831051,native,33108655.3125,
20833893,native,37252445.04,
20833608,native,36744972.84558824,
20835150,native,41045931.428571425,
20830628,native,55276496.29473684,
20835634,native,46107363.211864404,
20834717,native,37755741.10869565,
20834161,native,38986775.6504065,
20833813,native,22444345.16017316,
20830047,native,32554301.40625,
20830324,native,27868701.096774194,
20834341,native,33219718.091503266,
20835446,native,49703613.00970874,
20833165,native,49232323.70909091,
20835092,native,31214320.812121212,
20833867,native,48551065.48648649,
20834911,native,56007065.8367347,
20830737,native,36579110.46853147,
20835291,native,42408253.73043478,
20835185,native,10999397.793650793,
20833157,native,39824063.024,
20834610,native,35388469.68493151,
20834989,native,53704111.10526316,
20834056,native,31169610.148387097,
20831173,native,29039052.46590909,
20833966,native,32683744.622516558,
20831054,native,36611142.15172414,
20833630,native,30301519.27607362,
20831899,native,10768576.270967742,
20833437,native,66123781.21333333,
20831003,native,16337010.69607843,
20833651,native,35043530.342857145,
20831548,native,52015185.46875,
20833446,native,44162062.858490564,
20832085,native,36697013.266666666,
20831970,native,62490339.02469136,
20830970,native,33268725.761589404,
20830798,native,49659164.811881185,
20835018,native,26145433.286486488,
20831096,native,47160778.18095238,
20833879,native,29991808.11801242,
20834548,native,64858630.368421055,
20832015,native,30412770.8404908,
20833885,native,29650183.13253012,
20830681,native,41388793.168141596,
20832161,native,51642065.010204084,
20831052,native,23680356.78846154,
20834718,native,48331557.20454545,
20832280,native,40327496.95652174,
20830845,native,39260917.187096775,
20833894,native,43974464.18018018,
20830632,native,32353322.275641024,
20835635,native,58571401.63529412,
20830629,native,38249407.2556391,
20830048,native,48426176.902912624,
20834162,native,52438330.6875,
20835151,native,49459267.104761906,
20830325,native,35288145.6013986,
20833814,native,55132108.51111111,
20833868,native,34775847.426573426,
20833166,native,27133647.65591398,
20835447,native,35281051.84615385,
20834342,native,59734149.705882356,
20835093,native,56814227.52272727,
20834912,native,41545729.89430894,
20830738,native,47344042.663636364,
20835292,native,42469714.048780486,
20833158,native,34852410.58041958,
20835186,native,58112498.505494505,
20834611,native,45338265.008695655,
20834990,native,38664664.7443609,
20834057,native,54223939.883495145,
20833967,native,30905613.180722892,
20831174,native,49134905.06481481,
20831055,native,42517795.47933884,
20831549,native,48910372.94186047,
20833631,native,46554345.91428571,
20831900,native,53311886.48387097,
20833438,native,42812598.881355934,
20831971,native,31847044.6,
20833447,native,24446012.165853657,
20831004,native,52879811.364583336,
20833652,native,57029288.82954545,
20832086,native,35632163.22857143,
20830682,native,53904761.75,
20830971,native,31168853.2278481,
20833886,native,37401998.79310345,
20831097,native,42287644.577586204,
20835019,native,29629840.17857143,
20834549,native,40942072.69565217,
20830799,native,46786011.445454545,
20832016,native,38308963.390625,
20833880,native,45341786.95652174,
20832162,native,36145588.27407408,
20834719,native,39251129.38842975,
20834163,native,37664128.80188679,
20830846,native,42637121.38738739,
20832281,native,58224797.855421685,
20831053,native,33937657.7027027,
20833895,native,35894493.03546099,
20830633,native,67661804.75342466,
20830049,native,47820442.42718446,
20830326,native,34745243.333333336,
20835636,native,43920909.43103448,
20830630,native,36589368.39007092,
20835448,native,31368636.64102564,
20833869,native,49236931.396039605,
20833815,native,38259240.02290076,
20834343,native,58769040.96385542,
20833167,native,36490349.3006993,
20835152,native,47423852.62962963,
20834913,native,46369171.783018865,
20835094,native,42703422.84166667,
20830739,native,39468997.776923075,
20835187,native,40356111.094339624,
20835293,native,38171504.358778626,
20833159,native,32055483.0875,
20834612,native,49216311.32673267,
20834991,native,16296971.73421927,
20833968,native,59317523.69863014,
20834058,native,47804351.73786408,
20831056,native,24070601.507317074,
20831550,native,41103665.45,
20831175,native,51979285.39,
20832087,native,49742428.65934066,
20831921,native,60439784.23255814,
20831972,native,42201405.24166667,
20831005,native,33921553.49006622,
20833439,native,42861173.528,
20831901,native,47968835.371681415,
20834550,native,25793041.595628414,
20833653,native,48348974.175925925,
20830683,native,28000914.281767957,
20833448,native,49009966.0990991,
20831098,native,40771365.69105691,
20830972,native,43027593.483333334,
20833887,native,67942306.6,
20830800,native,34547438.986666664,
20835020,native,57877246.78947368,
20832017,native,33750434.136645965,
20833881,native,42318914.27642276,
20832282,native,43034721.522123896,
20832163,native,35511539.6013986,
20834164,native,42348851.84297521,
20834720,native,49961581.04950495,
20835449,native,45145573.18888889,
20830847,native,43039550.864,
20833882,native,26381827.099526066,
20833896,native,29717933.93142857,
20830050,native,58175539.08235294,
20830634,native,10218030.09708738,
20835637,native,41222172.968,
20833816,native,29372323.15340909,
20834344,native,43227793.79130435,
20833870,native,45107161.20869565,
20830631,native,42241550.222222224,
20830327,native,53637573.43877551,
20835153,native,53513065.47311828,
20833168,native,32917459.509202454,
20835294,native,38469891.86776859,
20834914,native,30510151.462857142,
20835095,native,40187642.48091603,
20830740,native,46113038.230088495,
20835188,native,38332694.558823526,
20833160,native,46845679.89380531,
20834613,native,45804466.69090909,
20834992,native,50212901.366336636,
20833969,native,34376762.85714286,
20834059,native,39266976.4,
20831176,native,40757006.690265484,
20832088,native,34787507.823529415,
20831551,native,52331849.770833336,
20831057,native,74203590.89393939,
20831922,native,49984948.83168317,
20831006,native,25239799.805128206,
20833440,native,39803921.30894309,
20831973,native,50883526.13265306,
20833654,native,22051184.674208146,
20830684,native,42999040.654867254,
20833449,native,28698671.736842107,
20831902,native,60765082.77108434,
20834551,native,35099523.17808219,
20831099,native,38117695.933823526,
20830973,native,50295363.25242718,
20833888,native,36102217.70629371,
20830801,native,37953289.45864662,
20834165,native,7002774.642519685,
20835021,native,35337538.455882356,
20832283,native,13153558.687671233,
20832164,native,28392504.307228915,
20832018,native,47696538.13207547,
20831312,native,28092652.911111113,
20834721,native,35744348.8,
20835450,native,33355676.622377623,
20830848,native,43130588.139130436,
20835638,native,34008583.01526718,
20833883,native,26082840.729591835,
20833817,native,30323222.60135135,
20830051,native,36275950.5367647,
20833897,native,46080018.881355934,
20835343,native,33411901.972027972,
20834345,native,38141414.8125,
20830635,native,73551423.38571429,
20833871,native,42473890.28448276,
20833872,native,35274317.19565217,
20835154,native,25315990.030612245,
20833169,native,37965030.40601504,
20835295,native,57198934.34883721,
20835096,native,39362881.547619045,
20834915,native,47479067.03773585,
20835189,native,28090739.0,
20830741,native,26960612.52631579,
20833161,native,29849655.32748538,
20834614,native,37836989.152173914,
20834993,native,58197218.375,
20833970,native,55630089.77647059,
20834060,native,44275038.02586207,
20831177,native,41870687.64,
20831552,native,44880228.2972973,
20832089,native,51809888.85,
20831923,native,21835405.541666668,
20835296,native,42070517.48760331,
20831974,native,37572317.89705882,
20831058,native,58290408.51111111,
20833441,native,50603987.69306931,
20833450,native,38071555.68888889,
20833889,native,29173652.298136648,
20830685,native,33690584.14193548,
20834552,native,56474180.74117647,
20835022,native,38438198.74576271,
20833655,native,65973771.65384615,
20831903,native,34013949.348101266,
20831100,native,52069911.741935484,
20830974,native,27991086.77840909,
20830802,native,36816361.953125,
20832165,native,40591455.585365854,
20832019,native,32491899.483443707,
20832284,native,54712334.67032967,
20831313,native,36319885.819548875,
20834722,native,27186323.589595377,
20834166,native,83311015.60655738,
20835639,native,40852090.00900901,
20835319,native,27484907.339285713,
20835451,native,51727929.97959184,
20830849,native,33323376.22972973,
20833818,native,24971884.18,
20830052,native,44327533.972222224,
20833873,native,39386655.415929206,
20833898,native,38521287.890625,
20834346,native,9976646.487951808,
20835344,native,55656387.51111111,
20830636,native,38615320.592307694,
20835155,native,32634014.90967742,
20833913,native,59236502.03488372,
20833170,native,26670218.8655914,
20835190,native,44481112.943396226,
20830742,native,43165653.62264151,
20831066,native,45148075.783783786,
20834916,native,42680056.12068965,
20835097,native,37767109.19148936,
20833162,native,28144662.073863637,
20834615,native,38181128.86776859,
20834994,native,51934564.75789474,
20833971,native,42172956.25663717,
20834061,native,43111751.347826086,
20831178,native,46546569.72815534,
20831553,native,22250136.770642202,
20832090,native,44525270.655172415,
20835297,native,17566697.792982455,
20831975,native,29564641.10714286,
20831059,native,27199586.663157895,
20831924,native,51259727.46,
20833442,native,47995066.106796116,
20831101,native,35625197.10638298,
20833451,native,57447801.54545455,
20835023,native,54535193.838709675,
20831904,native,41665502.479674794,
20830686,native,45179568.887931034,
20830803,native,30316510.36904762,
20833456,native,59894533.68235294,
20830975,native,47479404.277777776,
20832625,native,61790970.89156626,
20834553,native,37489338.68666667,
20832166,native,55715595.45054945,
20832020,native,37271677.38405797,
20832285,native,37042337.442028984,
20831314,native,26996600.049751244,
20835640,native,32089077.746835444,
20834723,native,42603752.304,
20834167,native,24080060.345132742,
20830850,native,32206830.297468353,
20830053,native,37274614.7109375,
20833819,native,35931409.205882356,
20830637,native,8872856.326492537,
20835320,native,77332587.11764705,
20835452,native,41164714.6962963,
20833899,native,24071889.194444444,
20834406,native,47901691.41,
20834347,native,56668451.84615385,
20835345,native,37529759.53623188,
20830743,native,25880045.765027322,
20833874,native,53057933.58490566,
20833914,native,29715951.584795322,
20835191,native,51490124.6122449,
20831067,native,48574477.657142855,
20834917,native,30714136.496969696,
20833171,native,39131649.266666666,
20835098,native,44541908.13513514,
20835203,native,49371105.73,
20834616,native,33823384.0,
20834995,native,18325511.97692308,
20833972,native,29146558.994623657,
20834062,native,38252414.265625,
20831179,native,27607452.747191012,
20832091,native,30962983.316129033,
20831554,native,50902787.00952381,
20831976,native,39360697.78461538,
20830687,native,39658849.54054054,
20831060,native,28914876.21387283,
20835298,native,69447854.64383562,
20833443,native,50523462.3877551,
20830976,native,33210897.66911765,
20831925,native,61689162.654320985,
20835024,native,13990928.027777778,
20831905,native,42784729.43965517,
20831102,native,36500657.673758864,
20830804,native,29006198.815028902,
20833452,native,56979171.38636363,
20832626,native,44206454.10810811,
20833457,native,31787708.74375,
20834554,native,34206102.2,
20832167,native,33168456.9527027,
20832286,native,6787301.930136986,
20832021,native,28980542.03468208,
20835641,native,31881019.333333332,
20831315,native,42732360.18103448,
20834724,native,42364305.904,
20833820,native,34540127.15172414,
20830851,native,39653245.365079366,
20830054,native,48837417.53773585,
20834168,native,80590609.70769231,
20835453,native,56247233.58139535,
20835321,native,33700543.81699347,
20834348,native,46550200.83495145,
20833900,native,43833090.16521739,
20834407,native,48791795.02970297,
20830638,native,79026319.06153846,
20833875,native,28791070.204678364,
20835346,native,31959267.79113924,
20835099,native,31038218.535714287,
20833915,native,44257331.79661017,
20830744,native,52711397.229166664,
20835192,native,39926490.5546875,
20834918,native,36146043.85714286,
20831068,native,43010733.46280992,
20833172,native,41757080.753968254,
20835204,native,39856207.03125,
20834617,native,31892880.53846154,
20834996,native,54399015.62105263,
20833973,native,39631791.722222224,
20834063,native,35690145.907142855,
20831180,native,45101271.21818182,
20832092,native,47601889.0,
20831977,native,38709580.90434783,
20830688,native,34064203.233082704,
20831555,native,45787443.60344828,
20831926,native,28238540.865497075,
20833458,native,13958983.751515152,
20835299,native,43131075.50862069,
20831061,native,57975295.95348837,
20830805,native,33326709.482269503,
20833925,native,34639984.472972974,
20830977,native,45489313.628318585,
20835025,native,72352989.9264706,
20831906,native,40258549.336,
20832627,native,48365635.80582524,
20833453,native,41830734.19166667,
20832168,native,30791405.82051282,
20832287,native,60659368.12820513,
20831103,native,38389850.152173914,
20834555,native,49078145.237623766,
20831316,native,29921459.01935484,
20832022,native,34022353.31724138,
20835642,native,57086543.45348837,
20830852,native,34302667.26428571,
20833821,native,40929599.23728813,
20834725,native,35589061.58041958,
20830055,native,16429814.076666666,
20834169,native,62325688.358024694,
20835322,native,28996005.394117646,
20830639,native,36701400.616,
20833901,native,46096568.123809524,
20835454,native,33446403.913907286,
20834349,native,36036999.99285714,
20833876,native,34698872.5319149,
20834408,native,35209892.14189189,
20830745,native,27845353.47513812,
20833916,native,36485485.6884058,
20835193,native,28359081.187134504,
20835100,native,42710206.80833333,
20835347,native,73765413.23529412,
20831069,native,31575406.924050633,
20833173,native,24056578.054187194,
20834919,native,45736788.0,
20835205,native,15436623.876923077,
20834618,native,41248240.42975207,
20834997,native,35205835.64827586,
20833974,native,23313832.40825688,
20834064,native,52646474.674418606,
20831181,native,57181669.02222222,
20832093,native,18744165.52142857,
20830689,native,32066592.03797468,
20831978,native,40375269.23809524,
20831556,native,30772713.482352942,
20831927,native,33469608.20261438,
20835300,native,39251674.23076923,
20831062,native,70048854.30985916,
20832169,native,66909122.1617647,
20833926,native,37812137.135714285,
20831907,native,27220005.027027026,
20833459,native,63060943.481481485,
20830978,native,36725480.217391305,
20830806,native,38463128.885714285,
20835026,native,43114200.88333333,
20832628,native,47325190.89189189,
20831104,native,34441378.527027026,
20834556,native,41234461.92682927,
20832023,native,41590792.75206611,
20831317,native,28068497.031914894,
20832288,native,34410241.341772154,
20833454,native,52758059.4368932,
20835643,native,57103381.38372093,
20830853,native,42452892.17699115,
20833822,native,35655901.52054795,
20834726,native,35332820.96575342,
20833902,native,45821699.30188679,
20835323,native,16497341.892156864,
20830640,native,52128925.322916664,
20835455,native,36293112.666666664,
20834350,native,52414967.817204304,
20830056,native,65390459.7125,
20834170,native,50824101.43809524,
20834409,native,55809910.71590909,
20833877,native,47098124.31428572,
20835194,native,43875914.047619045,
20830746,native,34433123.26086956,
20833917,native,48344374.64285714,
20835101,native,28814618.89473684,
20835348,native,31136064.522875816,
20831070,native,49256339.260416664,
20834920,native,36330867.09558824,
20833174,native,14971926.424501425,
20834619,native,32641087.196319018,
20835206,native,61520740.71084338,
20834998,native,38631206.72,
20833975,native,38736975.21666667,
20834065,native,40543846.82113821,
20831182,native,37688025.37692308,
20832094,native,57731614.569767445,
20830690,native,42312836.008,
20833927,native,21307143.54883721,
20831557,native,39778528.406504065,
20831928,native,38638036.0625,
20831979,native,47475398.548672564,
20830979,native,56876714.538461536,
20835301,native,59811094.81927711,
20832170,native,37825289.86259542,
20833460,native,28772209.520231213,
20831063,native,59360150.488372095,
20831908,native,41261842.23966942,
20830807,native,29800220.46857143,
20835027,native,52801959.62105263,
20831105,native,29606987.157894738,
20832629,native,38095592.766917296,
20834557,native,35417731.88652483,
20832024,native,37592653.45801527,
20832289,native,39015411.3984375,
20835644,native,39531169.87603306,
20833455,native,27016967.858638745,
20831318,native,30704161.699421965,
20830854,native,35780234.2,
20833823,native,37603232.63414634,
20834727,native,40802478.08730159,
20833903,native,40928778.43650793,
20834171,native,38798868.04132231,
20830641,native,48223953.475247525,
20835195,native,30707880.846625768,
20833918,native,32771727.71917808,
20834351,native,47434470.85185185,
20830747,native,32517686.794871796,
20834410,native,27862054.115789473,
20830057,native,43975222.141666666,
20831687,native,40659232.7421875,
20835456,native,71314403.80821918,
20835324,native,67429099.48192771,
20831071,native,40901262.09322034,
20835349,native,38150232.669172935,
20835102,native,95456784.23529412,
20834921,native,34119920.41780822,
20833175,native,65163341.223684214,
20835207,native,46117489.45045045,
20834620,native,51336651.95,
20834999,native,44773917.805309735,
20833976,native,38432341.76335878,
20834066,native,51344845.76,
20831183,native,15797101.085714286,
20830691,native,47217806.95698924,
20831980,native,32300321.97857143,
20831558,native,39165868.816,
20831929,native,40138704.11304348,
20833928,native,25575643.307317074,
20830980,native,38763153.4,
20832095,native,47178759.690265484,
20832171,native,60035023.15,
20835302,native,39512671.495934956,
20831064,native,36884375.40458015,
20831909,native,40700375.69166667,
20831106,native,39799979.053097345,
20833461,native,78474240.66666667,
20835028,native,46713947.78640777,
20830808,native,41822708.443478264,
20832630,native,37653751.578125,
20834558,native,43103904.82300885,
20832025,native,29043676.9,
20835103,native,24109732.270408165,
20835645,native,36906144.376811594,
20830855,native,35412249.692857146,
20831319,native,61573860.875,
20832290,native,57545781.92222222,
20833824,native,36325745.364285715,
20834728,native,29676238.035714287,
20834172,native,46709493.56603774,
20830642,native,41858031.00862069,
20830058,native,26521048.539772727,
20830748,native,35419303.4117647,
20834411,native,39134133.81818182,
20835331,native,18146901.794466402,
20835196,native,28296053.57303371,
20833919,native,28842201.85549133,
20831688,native,39920353.82644628,
20833904,native,58615652.406593405,
20831072,native,34685454.71631206,
20835457,native,40209439.00813008,
20835350,native,41469455.050847456,
20834352,native,56266810.91208791,
20835325,native,38918073.3671875,
20834922,native,56090833.75,
20833176,native,42200564.6036036,
20835208,native,46920126.768518515,
20834621,native,48205226.62037037,
20835000,native,49575747.97087379,
20833977,native,29745707.96531792,
20834067,native,48984554.67619047,
20831184,native,56142700.86813187,
20830692,native,35363505.23287671,
20831981,native,41356001.333333336,
20830981,native,28652035.52,
20832172,native,37360110.34351145,
20831559,native,79792130.98461539,
20831930,native,33498302.614906833,
20832096,native,41037814.72,
20831065,native,33852704.2875817,
20833462,native,31594853.5875,
20831910,native,52465795.802083336,
20835303,native,42458753.10569106,
20833929,native,77078481.06153846,
20834559,native,34658874.62237762,
20831107,native,38072349.27972028,
20835104,native,37277430.83846154,
20830809,native,43584080.67256637,
20832026,native,38580564.592307694,
20832631,native,36008628.08391608,
20835029,native,27475566.413612567,
20835646,native,34265714.013333336,
20831320,native,64606294.37179487,
20832291,native,35090946.56666667,
20833825,native,45745622.58181818,
20830856,native,37295199.64335664,
20834729,native,27742599.62295082,
20833920,native,13198517.42253521,
20834173,native,36537501.43609022,
20830749,native,31137198.621794872,
20830643,native,33566634.6554054,
20833905,native,32082431.32867133,
20830059,native,37013898.837037034,
20834412,native,25491617.454545453,
20831689,native,35465560.10294118,
20835197,native,66360584.5890411,
20835458,native,31669766.4625,
20835351,native,64445469.12,
20831073,native,31783616.944099378,
20835332,native,76299356.68181819,
20834353,native,39348223.11904762,
20835326,native,37268580.90225564,
20834923,native,34308955.348148145,
20833177,native,41009766.81355932,
20834622,native,47480915.15384615,
20835001,native,24254247.888349514,
20835209,native,24954761.398190044,
20834068,native,29538712.761290323,
20833978,native,68381900.7763158,
20831185,native,39334187.064,
20830693,native,43682567.96551724,
20831982,native,50723616.84,
20830982,native,32997750.606666666,
20832173,native,23748947.644549765,
20831931,native,59496325.74117647,
20831911,native,29149168.3625731,
20835003,native,70522401.38235295,
20831560,native,37258587.241134755,
20832097,native,41001297.136,
20833930,native,55518332.56043956,
20833463,native,40091719.83206107,
20830810,native,32519148.86754967,
20835105,native,40099473.99186992,
20832632,native,40144455.27272727,
20835304,native,39123917.33834586,
20834560,native,43590134.74576271,
20831108,native,30582099.35882353,
20835030,native,45196055.522522524,
20832027,native,62483648.061728396,
20835647,native,16825248.207920793,
20831321,native,33211597.6125,
20832292,native,33721546.606451616,
20833826,native,49495128.443396226,
20830857,native,47724986.77272727,
20833921,native,26722038.387434553,
20831944,native,47188621.23584906,
20834174,native,36605910.588652484,
20835333,native,25375979.693181816,
20830060,native,44981023.89655172,
20831690,native,34787091.4054054,
20830644,native,33650916.41875,
20833178,native,9871499.277272727,
20835198,native,41889277.325203255,
20834730,native,69214245.78205128,
20834413,native,35322150.63870968,
20831074,native,57219893.125,
20835327,native,51231631.17821782,
20835352,native,57133577.45555556,
20835459,native,56290662.51612903,
20833906,native,41204649.81506849,
20834354,native,37192315.37062937,
20834924,native,48553312.074074075,
20834623,native,40872429.576271184,
20834069,native,33558032.47552448,
20835210,native,50829137.01,
20833979,native,36107666.3828125,
20835002,native,71720756.98571429,
20831186,native,49714317.352380954,
20830694,native,37931095.008,
20832174,native,32637536.32,
20830983,native,36551809.2481203,
20831983,native,47641899.55555555,
20831932,native,32506895.274509802,
20831912,native,38661005.25,
20835004,native,31585919.83870968,
20831561,native,40322917.72357724,
20830811,native,30775765.608695652,
20835106,native,25544332.336787567,
20833464,native,40977520.55371901,
20832098,native,28487343.94535519,
20833931,native,34047342.76351351,
20834561,native,40642559.556521736,
20832633,native,30740938.791411042,
20835305,native,45069679.763636366,
20835031,native,42724234.76724138,
20831109,native,33877288.37748344,
20832028,native,37704820.3129771,
20835648,native,49216429.071428575,
20831322,native,30934598.375757575,
20830858,native,23491283.966824643,
20833827,native,52858822.395833336,
20831945,native,26047260.65425532,
20832293,native,38286771.48550725,
20834175,native,45829612.11320755,
20834731,native,7625913.238016529,
20830645,native,43125866.76699029,
20835334,native,54943198.593406595,
20835199,native,32748667.44137931,
20830061,native,35219599.25714286,
20833922,native,73313373.67605634,
20831691,native,35983030.06428572,
20834355,native,17874398.525490195,
20833907,native,27244968.054545455,
20833179,native,51000702.31,
20835353,native,37266180.35338346,
20835328,native,39591689.875,
20835460,native,34716077.64827586,
20834414,native,59237177.270588234,
20831075,native,28252972.978947368,
20834925,native,44077296.2892562,
20834624,native,40159715.953125,
20835211,native,36364436.152173914,
20835531,native,43181433.52586207,
20833980,native,46497757.68141593,
20834070,native,40658491.37692308,
20830695,native,39941033.6328125,
20831187,native,53922930.708333336,
20831406,native,49958083.03,
20832175,native,45142795.45045045,
20831984,native,42434042.952380955,
20831913,native,46692996.85585585,
20831933,native,45011265.02542373,
20835005,native,33594606.19354839,
20834562,native,39433786.28099173,
20833932,native,42449945.54782609,
20833465,native,53328443.13978495,
20835306,native,22625518.509174313,
20832099,native,34864472.5890411,
20835107,native,53366202.08421053,
20831562,native,37426828.05,
20830812,native,42707820.36585366,
20832634,native,39058783.97692308,
20835032,native,48009383.66019417,
20832029,native,34542852.56849315,
20831110,native,50763512.1,
20835649,native,57504866.42045455,
20832294,native,36298903.17460317,
20833828,native,38393040.12,
20830859,native,46152048.18867925,
20830646,native,41798133.87931035,
20831323,native,45908788.96551724,
20835200,native,36154045.36923077,
20835335,native,30822037.277419355,
20834176,native,42680195.576271184,
20831946,native,66878149.72,
20830062,native,43845050.89189189,
20831692,native,73410287.6,
20833923,native,42959406.75652174,
20831076,native,26919674.98192771,
20833908,native,40669687.05,
20834415,native,27249342.931818184,
20835354,native,27633656.125,
20835461,native,33139322.81756757,
20833180,native,39257058.58015267,
20835329,native,32783653.467948716,
20834732,native,89005722.5,
20834926,native,44072442.518867925,
20834356,native,78935617.34848484,
20834625,native,61329460.506172836,
20835212,native,45790681.24761905,
20835532,native,39216847.312,
20833981,native,50783413.708333336,
20834071,native,44867694.81981982,
20831188,native,29212276.450867053,
20832176,native,41563012.38842975,
20831407,native,41746602.61983471,
20830696,native,38956514.71428572,
20831914,native,10246679.73076923,
20833466,native,36244215.952380955,
20831985,native,31872029.769230768,
20831934,native,45894363.29090909,
20830813,native,37822835.5,
20835108,native,42258941.59130435,
20835307,native,54694116.81818182,
20832635,native,36902209.0942029,
20834563,native,19677071.061818182,
20833933,native,32771098.662576687,
20832030,native,17313012.06185567,
20835006,native,67187784.5875,
20831563,native,56338081.1978022,
20832100,native,61674195.73493976,
20835033,native,46736254.00909091,
20831111,native,47338680.93518519,
20835650,native,42304643.13223141,
20832295,native,44566932.60176991,
20833829,native,41469501.666666664,
20831324,native,60407234.28915662,
20830860,native,28331136.08163265,
20830647,native,38148908.551470585,
20835201,native,46174537.731481485,
20835336,native,51277780.64,
20834177,native,51985944.89,
20830063,native,33571448.34640523,
20831693,native,34116224.895424835,
20831947,native,57721658.65591398,
20831077,native,27508022.062827226,
20834416,native,41182448.28455284,
20833909,native,28363245.086486485,
20833181,native,49774807.07,
20833924,native,31518774.051136363,
20834927,native,39098881.5952381,
20834733,native,61697631.62962963,
20835355,native,55398106.05376344,
20835462,native,17359700.79754601,
20835330,native,47805667.55855856,
20834357,native,42076832.336,
20834626,native,29575843.5,
20835533,native,12812712.047091413,
20835213,native,37907024.264,
20833982,native,36405305.4117647,
20834072,native,33466353.74834437,
20832177,native,39500828.008695655,
20831189,native,36605845.25185185,
20831408,native,64194938.025641024,
20830697,native,11502684.273333333,
20833467,native,37781579.5,
20831915,native,69726922.38571429,
20832203,native,39420788.632,
20831935,native,44159782.24347826,
20833934,native,26022983.90526316,
20835007,native,36708508.625954196,
20830814,native,51376369.28571428,
20834564,native,49770697.56122449,
20832101,native,54767483.31764706,
20831564,native,48137150.61165048,
20832031,native,47920381.59223301,
20835308,native,56461534.71590909,
20832636,native,46154654.234234236,
20831986,native,51863959.65740741,
20835034,native,29271632.812865496,
20831112,native,43510030.12264151,
20832296,native,36379255.74814815,
20833830,native,35067081.141843975,
20835651,native,50389850.25,
20830861,native,30927415.696774192,
20831325,native,34711588.64335664,
20830648,native,37981965.664122134,
20835202,native,37291191.7368421,
20835337,native,50647231.82105263,
20833910,native,35722291.91869919,
20834178,native,39033634.34351145,
20830064,native,49189852.35643564,
20831948,native,40283851.1,
20834734,native,39521045.80909091,
20831694,native,40209369.93650793,
20834417,native,45823435.47169811,
20834781,native,37275398.79699248,
20834928,native,44564635.50943396,
20830819,native,42921567.905172415,
20833182,native,43286882.12931035,
20835356,native,46141264.925925925,
20835812,native,10766432.709129512,
20834358,native,43493960.18644068,
20835463,native,75471571.78787878,
20834627,native,34619697.04109589,
20835534,native,65747814.48,
20835214,native,52595284.47,
20833983,native,46139353.84955752,
20834073,native,48881499.072072074,
20832178,native,39880833.224,
20831190,native,43207434.29365079,
20831409,native,49690667.30188679,
20831593,native,48127028.13592233,
20830698,native,89486261.10714285,
20831936,native,47244540.00990099,
20832204,native,44616103.36036036,
20830815,native,30973320.931677017,
20835008,native,50308028.125,
20832102,native,29760677.284848485,
20833935,native,46012661.06363636,
20831916,native,62127200.95348837,
20834565,native,46773970.75238095,
20835035,native,41275012.217391305,
20831565,native,26618920.37368421,
20835309,native,37004114.926470585,
20831113,native,42505608.887931034,
20832032,native,56195531.571428575,
20831987,native,42328609.98347107,
20832637,native,62467962.725,
20832038,native,47881808.61445783,
20835652,native,35431430.23846154,
20832297,native,37114262.96946565,
20831326,native,17313312.855555557,
20830649,native,26828706.1875,
20830862,native,45693150.425742574,
20833831,native,47157353.07619048,
20835338,native,30952273.838509317,
20830065,native,35596933.007407404,
20831949,native,33027689.29452055,
20834179,native,37492816.146153845,
20833911,native,36278783.62758621,
20834782,native,17797544.704797048,
20834418,native,36996594.06870229,
20831695,native,57380164.13953488,
20834735,native,34720394.73972603,
20833183,native,33201685.906666666,
20834929,native,52140032.578947365,
20830820,native,34898473.33793104,
20835357,native,28600402.350877192,
20834359,native,35972395.81538462,
20835813,native,75651187.6,
20835464,native,38229733.684210524,
20834628,native,40247492.5859375,
20835535,native,50602185.76923077,
20835215,native,43951103.58181818,
20833984,native,33931036.86092715,
20834074,native,45078880.61111111,
20832179,native,28159729.361111112,
20831594,native,29322777.801242236,
20831191,native,22305129.07174888,
20831410,native,30685248.110429447,
20832205,native,32967551.74125874,
20832033,native,32640544.647058822,
20832103,native,35266448.36231884,
20830699,native,55459100.92222222,
20835009,native,38690625.9389313,
20833936,native,42848670.93913043,
20830816,native,34568266.74666667,
20831917,native,29175891.034285713,
20831566,native,34103964.73287671,
20831937,native,31790241.911764707,
20834566,native,37050865.23571429,
20832039,native,27575097.90340909,
20835310,native,39684460.90977444,
20831114,native,51732422.36734694,
20832638,native,32949410.139240507,
20835036,native,44288866.70634921,
20831988,native,45974387.27586207,
20832298,native,57511056.64705882,
20835653,native,41527207.312,
20830650,native,44255036.445454545,
20831327,native,51001626.56122449,
20830863,native,51490168.03,
20833832,native,43588345.6779661,
20830066,native,31590002.957575757,
20834783,native,25139317.52307692,
20834180,native,37684807.36956522,
20831950,native,41343784.3515625,
20833912,native,38815354.176923074,
20834736,native,39416026.333333336,
20835339,native,53793055.93,
20830821,native,30667335.803680982,
20834419,native,45772479.83050848,
20834930,native,35450612.41958042,
20833184,native,38650215.30075188,
20835358,native,46486716.64814815,
20831696,native,55356869.846938774,
20834360,native,37596442.48550725,
20835814,native,42024863.28099173,
20835465,native,13682240.942857143,
20834629,native,55770251.79545455,
20835216,native,27690602.043715846,
20835536,native,50816682.51351351,
20833985,native,54644803.35227273,
20834075,native,35635002.330827065,
20832180,native,21311971.438914027,
20831595,native,24194881.03482587,
20831411,native,35628467.837037034,
20831192,native,57317081.46590909,
20832206,native,43256581.00909091,
20832034,native,43199487.66086957,
20835010,native,44811435.97169811,
20830700,native,36537972.97101449,
20832104,native,32776217.651612904,
20834567,native,29447346.773006134,
20830817,native,32350172.761290323,
20831453,native,57197396.72093023,
20831567,native,24164863.95305164,
20831918,native,44383232.991304345,
20832040,native,51140750.9,
20831938,native,37393004.06666667,
20831115,native,33107362.12,
20832639,native,68936826.65714286,
20835037,native,14585959.991176471,
20835311,native,39090893.022556394,
20832299,native,37201023.96923077,
20831989,native,37378387.155555554,
20835654,native,35160882.11764706,
20830864,native,37748307.00833333,
20830651,native,36376171.191176474,
20831328,native,33320007.80666667,
20830067,native,45596721.95283019,
20833833,native,38320149.676691726,
20834181,native,37652187.375939846,
20831951,native,46270453.268518515,
20835359,native,22188732.07960199,
20835340,native,33314972.84768212,
20834737,native,41586313.88429752,
20834784,native,67465511.12,
20830822,native,38179905.078125,
20832226,native,45508763.104347825,
20833185,native,36369047.90441176,
20834931,native,20625016.237903226,
20834420,native,75603677.12307692,
20831697,native,38564776.7518797,
20834361,native,36158802.36956522,
20835815,native,50918343.45918367,
20834630,native,50693843.627272725,
20835466,native,79656686.63235295,
20835217,native,38522165.45038168,
20835537,native,41126104.19512195,
20833986,native,24269449.047393367,
20834076,native,37271230.46923077,
20832181,native,61148905.3373494,
20831193,native,42541144.5945946,
20831596,native,76251371.33802816,
20830701,native,30450433.237179488,
20831412,native,55549909.135416664,
20832207,native,38771189.266666666,
20835011,native,34509463.957446806,
20832035,native,38085210.538461536,
20834568,native,35936861.86764706,
20832041,native,34667498.984962404,
20831454,native,32700150.146853145,
20831939,native,50104742.02197802,
20832105,native,43941424.0,
20830818,native,60292562.75308642,
20831919,native,46909412.59223301,
20832640,native,32804684.951724138,
20831116,native,37619196.389312975,
20831568,native,74200028.19117647,
20835312,native,35015258.56521739,
20834182,native,21126241.82828283,
20832300,native,39073604.227642275,
20835038,native,69470137.66197184,
20830068,native,37043346.21666667,
20831329,native,46328059.66981132,
20835655,native,47989020.30693069,
20831990,native,42924667.25862069,
20830652,native,43419800.779661015,
20830865,native,43477469.13333333,
20834785,native,17647376.15769231,
20835341,native,41974884.769911505,
20833834,native,41542785.61788618,
20831952,native,35317651.18439716,
20834738,native,33626882.12162162,
20830823,native,31417256.62658228,
20832227,native,33720607.62162162,
20835360,native,63895030.666666664,
20833186,native,44107730.68141593,
20834932,native,51967875.8631579,
20831698,native,40271957.78512397,
20834421,native,35976563.365517244,
20834362,native,42775241.30894309,
20834631,native,9247155.05,
20835816,native,38027636.85714286,
20835467,native,44043249.64864865,
20835218,native,33521052.748251747,
20835538,native,34016020.50344828,
20833987,native,46802907.53636364,
20834077,native,58592235.46590909,
20832182,native,36545330.503496505,
20831194,native,13762281.865229111,
20831597,native,22037855.379166666,
20831413,native,31675533.46835443,
20835012,native,40306275.856,
20832036,native,48274687.2264151,
20832208,native,44306601.48275862,
20831455,native,32908394.987096775,
20830702,native,50300524.84259259,
20831920,native,13347287.370666666,
20832042,native,43566976.18181818,
20831940,native,42925341.23966942,
20832106,native,53344975.22448979,
20831117,native,26580615.923076924,
20834569,native,65088059.20481928,
20835718,native,33882259.5030303,
20831569,native,41814770.528,
20832641,native,45775525.91735537,
20835313,native,30099346.943181816,
20830069,native,31928883.993670885,
20831330,native,37726497.40441176,
20834183,native,71671970.72857143,
20835656,native,36707974.231884055,
20835039,native,37136768.09929078,
20830653,native,35679234.46099291,
20832301,native,48687192.663716815,
20834786,native,44113263.95689655,
20831991,native,36394574.8627451,
20835342,native,43393421.76521739,
20830866,native,37535024.39007092,
20831953,native,21716931.49361702,
20830824,native,38995545.55284553,
20833835,native,42743652.9338843,
20834739,native,67157656.67948718,
20832228,native,50717529.354166664,
20831956,native,50670318.385416664,
20834422,native,31953348.12,
20835361,native,45348658.22123894,
20834933,native,46669400.9,
20831699,native,44198374.556521736,
20834363,native,52768964.322222225,
20835817,native,34380564.22058824,
20834632,native,84373036.91803278,
20835219,native,37891029.2109375,
20835539,native,51110784.82795699,
20835468,native,49915526.73469388,
20833988,native,35488946.833333336,
20834078,native,31140769.870967742,
20832183,native,25925579.594871797,
20831195,native,37453703.85714286,
20835013,native,61932442.093333334,
20831456,native,19417750.18292683,
20831598,native,74249449.08823529,
20831414,native,36019615.48630137,
20832209,native,57930780.39534884,
20832043,native,33406605.70945946,
20831581,native,28004925.43888889,
20831941,native,43245563.83478261,
20832037,native,38447218.82962963,
20834570,native,48072686.145833336,
20832107,native,33915383.97350993,
20831570,native,30327075.3,
20834101,native,95769447.98113208,
20831118,native,33639850.53642384,
20835719,native,50493047.583333336,
20830070,native,38503540.347826086,
20832642,native,35234402.57971015,
20831331,native,56255371.744186044,
20835314,native,40294772.4117647,
20835040,native,40653069.09322034,
20834184,native,53403599.21111111,
20835657,native,18046654.285714287,
20830654,native,41138465.392,
20832302,native,44419418.73913044,
20834787,native,37626113.723076925,
20830867,native,39272975.666666664,
20831992,native,42359869.973913044,
20834640,native,30246695.086705204,
20830825,native,39495898.5,
20831954,native,67142396.89333333,
20833836,native,31401488.03164557,
20834740,native,37421117.47794118,
20831957,native,34524947.513333336,
20834423,native,54112409.895833336,
20832229,native,36913525.14666667,
20835362,native,58532791.02222222,
20834364,native,10280279.608333332,
20831700,native,40746256.21538462,
20834934,native,56678971.666666664,
20835818,native,43068749.21818182,
20835469,native,32846961.160305344,
20834633,native,42145990.08130081,
20835220,native,34514805.14383562,
20835540,native,46978533.71296296,
20834079,native,31436709.303030305,
20833989,native,39523577.216216214,
20832184,native,43933301.6,
20831196,native,32200395.97385621,
20835014,native,33033178.88811189,
20831599,native,37413685.390625,
20831415,native,48168626.11881188,
20832210,native,37397215.87692308,
20832044,native,36635929.631578945,
20831457,native,30480335.511764705,
20832191,native,42628658.769911505,
20834571,native,20289341.566666666,
20831942,native,50725977.571428575,
20831582,native,40597452.607407406,
20832643,native,34921440.97037037,
20830071,native,37830237.1328125,
20832108,native,35066982.97142857,
20831119,native,50936111.760416664,
20835720,native,53119426.90322581,
20834102,native,37280712.78947368,
20831332,native,32332970.589403972,
20831571,native,39908712.29007634,
20835041,native,34674385.63120567,
20835315,native,64091762.44871795,
20830655,native,33483901.44827586,
20834185,native,16352846.722741432,
20832303,native,34386851.27972028,
20831993,native,38913506.888,
20834788,native,46275449.56481481,
20830868,native,42037999.62711865,
20833837,native,33502827.070921987,
20835658,native,57022204.17045455,
20830826,native,27295289.087431695,
20831955,native,32508846.091503266,
20834641,native,39377656.608,
20831958,native,33642458.53900709,
20834741,native,50355571.32,
20835363,native,35533313.5234375,
20832230,native,37414337.5703125,
20834424,native,53753905.06593407,
20834365,native,47707302.641509436,
20831701,native,36564596.22463768,
20835819,native,43372647.072072074,
20834935,native,47242855.7,
20835470,native,32493699.65359477,
20835221,native,23419646.0521327,
20834634,native,53934909.58064516,
20835541,native,42130089.15,
20834080,native,51840838.177083336,
20833990,native,14291034.166666666,
20831197,native,40269706.1484375,
20832185,native,46674185.00900901,
20831458,native,72989224.16393442,
20835671,native,47431997.4,
20831600,native,37937358.19565217,
20832211,native,47907750.63888889,
20831416,native,48762260.263636366,
20832192,native,74010999.68571429,
20832045,native,31429701.433526013,
20834572,native,57440645.96666667,
20831943,native,39089249.0,
20832644,native,44131617.63063063,
20831583,native,39145882.26717557,
20832109,native,35293967.19310345,
20831120,native,35517013.13986014,
20830072,native,35247981.79310345,
20831572,native,57434063.530120485,
20831333,native,26989443.347368423,
20835721,native,58952441.28888889,
20834103,native,70851000.47945206,
20835042,native,56559977.6344086,
20834581,native,22084118.679653678,
20835316,native,45316303.573913045,
20834186,native,52954494.1875,
20832304,native,42449016.768,
20831994,native,46082731.263636366,
20834789,native,28991053.42777778,
20830869,native,27946627.295698926,
20833838,native,34701483.18666667,
20831359,native,33262565.871794872,
20830827,native,49241281.25,
20835659,native,60689392.08139535,
20834642,native,31074595.612716764,
20831959,native,35088918.65734266,
20834742,native,23436399.56880734,
20832231,native,33623128.966887414,
20835820,native,33631794.62962963,
20835364,native,55087428.817204304,
20834425,native,45751089.39823009,
20834366,native,73724231.42857143,
20831702,native,40027701.09917355,
20834936,native,42350789.41739131,
20834635,native,39503274.74545454,
20835471,native,49634635.84466019,
20835222,native,56950631.20481928,
20835542,native,43233967.26956522,
20834081,native,54411870.6875,
20833991,native,71532648.98571429,
20832186,native,31418101.955128204,
20831198,native,45193569.887931034,
20831459,native,33855146.45454545,
20831417,native,30137579.22875817,
20835672,native,41261845.34710744,
20831601,native,32229529.525316454,
20832212,native,33748915.46099291,
20832193,native,30265204.3125,
20834573,native,50769245.71111111,
20832046,native,46755855.0,
20834637,native,34027926.67832168,
20832645,native,33227082.086092714,
20831584,native,43025043.274336286,
20830073,native,48086720.138613865,
20831121,native,46909726.79047619,
20832110,native,39362486.2265625,
20834104,native,54132027.37647059,
20831573,native,48216732.40952381,
20831334,native,36728479.11594203,
20835722,native,37640544.526315786,
20835043,native,40856539.49586777,
20832305,native,52215344.45054945,
20835317,native,42601108.24166667,
20831995,native,37531086.71428572,
20834582,native,57715888.68131868,
20834187,native,61645010.35,
20834790,native,43172954.60176991,
20833839,native,45331496.13333333,
20830870,native,41327160.219512194,
20831360,native,51580502.913978495,
20830828,native,41416263.81666667,gas-used mismatch for 0xd689d41aca9cf25f7b637408851ac69fdf52f2f94f67c216787d1b7d324b1a03: expected 166901 found 113111
20835660,native,33798618.06666667,
20834643,native,44196102.06896552,
20832232,native,39894214.74166667,
20831960,native,51439418.732673265,
20835365,native,31866004.172185432,
20834743,native,51956413.38,
20835821,native,45148906.2,
20834426,native,13333724.66080402,
20834367,native,11799192.26146789,
20831703,native,29661878.851428572,
20834937,native,47443270.07079646,
20834636,native,42982696.083333336,
20835472,native,39623321.90977444,
20835223,native,63831479.8125,
20835543,native,34089717.64137931,
20834082,native,68330167.9736842,
20833992,native,43059098.333333336,
20831199,native,39982994.94782609,
20831418,native,49306253.20879121,
20831460,native,39451253.62809917,
20832187,native,52612340.77669903,
20835673,native,57680415.28395062,
20834574,native,33419672.542857144,
20831602,native,46516219.481132075,
20832194,native,60191793.37037037,
20832213,native,24993852.60096154,
20832047,native,47113901.683168314,
20834638,native,24954203.23036649,
20831585,native,32997015.114864863,
20831122,native,40417691.54237288,
20832111,native,41648709.15315315,
20830074,native,32107166.987179488,
20832646,native,43041859.415254235,
20834105,native,39519996.7398374,
20831335,native,31896201.19205298,
20831574,native,41143245.6328125,
20835723,native,39312702.92682927,
20835318,native,20799364.871559635,
20835044,native,41638007.87931035,
20833840,native,39636680.94782609,
20831996,native,51075421.010204084,
20834791,native,32475039.666666668,
20834188,native,32958919.248366013,
20830829,native,43240866.858490564,
20831361,native,29764141.141104296,
20832306,native,37321212.755244754,
20834583,native,66425179.828947365,
20830871,native,45004099.31858407,
20835661,native,31389975.192546584,
20832233,native,37927100.66165414,
20834744,native,42007176.57522124,
20831961,native,42634215.8362069,
20835822,native,32416453.172413792,
20835366,native,42222216.7107438,
20834644,native,36323921.04,
20834368,native,46886798.297029704,
20834427,native,73863682.73529412,
20834938,native,46004163.34,
20831704,native,53334979.208333336,
20834113,native,49810454.02105263,
20835473,native,37235967.01626016,
20835224,native,38022535.515873015,
20835544,native,46937361.20952381,
20834083,native,16397931.504761904,
20833993,native,42269477.484375,
20831200,native,54915133.31818182,
20831419,native,47079369.50909091,
20832188,native,35845947.692307696,
20834575,native,35661973.23076923,
20835674,native,53091435.45263158,
20831461,native,60338877.527472526,
20832195,native,37018758.37037037,
20831603,native,31865320.82142857,
20832048,native,11131293.91025641,
20834639,native,57520957.87912088,
20831586,native,44808599.36521739,
20832214,native,62361147.46590909,
20832647,native,39756395.5078125,
20832112,native,34484735.62820513,
20831123,native,45764180.5862069,
20834106,native,44114263.07964602,
20830075,native,38762393.441176474,
20831336,native,35622448.88356164,
20831575,native,14044749.162234042,
20835045,native,30068842.74269006,
20835724,native,58466601.36363637,
20834119,native,43732637.09756097,
20833841,native,55221447.296703294,
20830830,native,32872223.322580647,
20834792,native,41646134.05,
20830872,native,26800151.233333334,
20832307,native,43452904.20869565,
20835662,native,43491284.36363637,
20831362,native,53366248.135416664,
20834189,native,41151462.58015267,
20831997,native,53387423.81553398,
20834584,native,33054090.762820512,
20832234,native,37411669.296875,
20834645,native,33929875.37142857,
20835823,native,48694032.46875,
20831962,native,41586667.40833333,
20834745,native,37064814.51111111,
20834369,native,35395383.842857145,
20835367,native,60443561.11764706,
20834428,native,36108455.74074074,
20834939,native,30908793.42384106,
20831705,native,32567634.16438356,
20834114,native,35122417.875,
20835474,native,42133257.415929206,
20835225,native,36077818.55072464,
20835545,native,50664044.59375,
20833994,native,37908966.70229007,
20831201,native,23966162.696335077,
20834084,native,66078009.41025641,
20831420,native,46648536.86792453,
20831462,native,32214080.07352941,
20834576,native,34566753.717391305,
20832189,native,51270512.14285714,
20832196,native,45481904.5,
20835675,native,34977018.614379086,
20831604,native,76640149.57575758,
20832003,native,46980469.571428575,
20831124,native,50125056.40909091,
20832215,native,39722630.71544716,
20832049,native,63349724.83529412,
20832648,native,39303626.1328125,
20832113,native,33857843.91780822,
20831587,native,38732072.77037037,
20834107,native,36718685.8115942,
20830076,native,61650050.37037037,
20831337,native,36256785.27659574,
20835725,native,21669177.622881357,
20831576,native,66823779.5,
20833842,native,22182238.44888889,
20835046,native,38915959.225563906,
20834793,native,42686569.71296296,
20834120,native,70681525.52054794,
20830831,native,53181711.82417583,
20832308,native,35003075.25174825,
20835663,native,30428235.727272727,
20830873,native,55420773.161290325,
20831998,native,33527814.383561645,
20834585,native,19033797.92395437,
20831363,native,46120588.58181818,
20835824,native,50048433.44,
20832235,native,66793034.03947368,
20831963,native,37776678.20740741,
20834746,native,34205323.0,
20835368,native,32273799.193103448,
20834190,native,60145309.11111111,
20834646,native,52928362.67346939,
20834429,native,42982788.31034483,
20834370,native,43553373.43801653,
20831706,native,33899337.20666666,
20834940,native,60902681.244444445,
20834115,native,41026729.809523806,
20835475,native,19186508.06792453,
20835226,native,62461387.93975904,
20835546,native,44930897.90434783,
20833995,native,78790977.95238096,
20834085,native,30852676.699386504,
20831202,native,34310059.67721519,
20831421,native,19740719.853846155,
20834577,native,17391539.79310345,
20832190,native,30856152.236024845,
20831463,native,42646419.458333336,
20832197,native,40925438.248,
20835676,native,46730545.38613861,
20831605,native,45074395.43636364,
20831218,native,34792336.333333336,
20832050,native,21678348.433628317,
20832216,native,26736331.256544504,
20832649,native,38991874.944,
20832004,native,45860653.09565217,
20831588,native,53696525.03296703,
20832114,native,50393533.138613865,
20834108,native,38521870.368421055,
20830077,native,47079275.2264151,
20831338,native,34390055.75333333,
20832000,native,35551711.77205882,
20831577,native,38836476.246031746,
20834794,native,35544740.97872341,
20835047,native,30444709.11309524,
20830832,native,28347696.697142858,
20835726,native,75370332.86363636,
20832309,native,16757750.859060403,
20835664,native,50424377.72527473,
20834121,native,46012437.873873875,
20831364,native,14368924.217647059,
20831999,native,42056210.94067796,
20830874,native,37584537.08148148,
20834586,native,64420563.09210526,
20834191,native,42278255.654545456,
20835825,native,35256861.02836879,
20835369,native,19867125.56504065,
20831964,native,40945601.25833333,
20834747,native,39318346.552,
20832236,native,39994324.744,
20834647,native,27601458.890710384,
20834371,native,13556699.47107438,
20834430,native,44455246.26126126,
20831707,native,35734768.74125874,
20834116,native,28555901.62352941,
20834941,native,30923484.388235293,
20835227,native,19825262.248,
20835476,native,76194678.33333333,
20835547,native,56802102.483516484,
20833996,native,44630034.24324324,
20834086,native,44247099.551724136,
20831422,native,48189572.324074075,
20831265,native,44732977.11304348,
20831464,native,39143955.481481485,
20831203,native,39950698.086666666,
20834578,native,68514365.71052632,
20832198,native,35186010.68965517,
20831606,native,37823939.176923074,
20831219,native,47327799.20909091,
20832051,native,52552754.52040816,
20835677,native,42336326.9765625,
20832650,native,42853108.166666664,
20834109,native,47366496.61,
20832217,native,37949660.05673759,
20832005,native,42256706.41322314,
20834795,native,36550478.41441441,
20831589,native,45872510.14414415,
20832115,native,40233845.28571428,
20831339,native,41729461.09166667,
20832001,native,35534242.680851065,
20831578,native,25339813.68877551,
20830078,native,32759800.070588235,
20835665,native,38014462.18699187,
20835727,native,41565459.85344828,
20830875,native,17795048.12686567,
20830833,native,37107652.777777776,
20834122,native,34034865.89726027,
20832132,native,34062841.18493151,
20834192,native,17777741.560150377,
20832310,native,99236374.33333333,
20835048,native,60040842.9010989,
20834748,native,35812169.88888889,
20832237,native,35412440.15441176,
20831365,native,80332017.77272727,
20835826,native,59640107.56790123,
20831965,native,36681700.04444444,
20834587,native,5267031.517716535,
20834648,native,25314163.50777202,
20834431,native,38699351.64347826,
20835370,native,63094047.05128205,
20834372,native,83558032.2586207,
20831708,native,44901598.80909091,
20834117,native,42125012.81896552,
20834942,native,54790972.697674416,
20835228,native,59862986.755813956,
20835477,native,39141797.10687023,
20835548,native,82160132.39393939,
20833997,native,25852630.887804877,
20834087,native,45411507.62608696,
20831423,native,4769481.455083909,
20831266,native,21143273.481632654,
20831465,native,37785271.05384615,
20832199,native,38659731.484126985,
20831204,native,40546950.0,
20834579,native,38124686.774436094,
20831607,native,38272507.95555556,
20832006,native,36364246.47692308,
20832116,native,35173274.837037034,
20832052,native,49836633.45544554,
20831220,native,38417311.02222222,
20835678,native,54880454.428571425,
20834796,native,49539148.58947369,
20831590,native,41081793.2892562,
20834110,native,48018768.19811321,
20832218,native,46487504.805309735,
20830079,native,29626551.370860927,
20832651,native,42300682.43846154,
20832002,native,31781003.98013245,
20831340,native,42388084.915254235,
20831579,native,42306268.41322314,
20835728,native,46061108.18095238,
20835666,native,50808496.98058253,
20830834,native,30686856.151515152,
20832311,native,28910026.55357143,
20832133,native,48166689.16504855,
20830876,native,72076709.75714286,
20834588,native,75478495.14545454,
20834193,native,42693172.855932206,
20835049,native,29699520.620481927,
20834749,native,40951448.32173913,
20835827,native,33644299.928571425,
20834123,native,40585642.48091603,
20831366,native,27752869.943820223,
20831966,native,43322599.69565217,
20832238,native,50927132.09375,
20835371,native,43897884.5045045,
20834649,native,68854645.63380282,
20834373,native,30650061.861445785,
20834432,native,52030908.53,
20834118,native,44237923.72815534,
20831709,native,37688146.0882353,
20834943,native,49369675.61904762,
20835478,native,42924404.31666667,
20835229,native,45235246.24347826,
20833998,native,25240474.72195122,
20835549,native,43394128.43801653,
20834088,native,41911555.79338843,
20831424,native,76569087.55714285,
20831466,native,39659413.585185185,
20831205,native,27219195.231578946,
20831608,native,33375298.692810457,
20834797,native,40992048.60909091,
20832007,native,43133037.74137931,
20834580,native,50125054.22727273,
20831267,native,74157288.29487179,
20832200,native,53640565.60952381,
20832053,native,38022587.14074074,
20831221,native,39705236.0,
20835679,native,39018473.5037594,
20831341,native,26924367.011428572,
20832652,native,50820094.12244898,
20832117,native,42518222.2265625,
20832219,native,26141695.487179488,
20834111,native,38791960.06666667,
20831591,native,42432486.92063492,
20830080,native,44681345.93913043,
20832134,native,18105459.1375,
20835729,native,27481395.011363637,
20834124,native,44973738.08421053,
20835050,native,48296323.95294118,
20831580,native,46594854.533980586,
20834650,native,56283539.47619048,
20832437,native,38576149.346666664,
20835828,native,28770972.055900622,
20832312,native,43323560.82300885,
20830835,native,32864937.15625,
20835667,native,70392265.07142857,
20830877,native,37378083.3382353,
20834750,native,57131048.50588235,
20834194,native,70966588.36923076,
20835372,native,46320599.51578947,
20831367,native,33478773.473333333,
20831967,native,35159366.28671329,
20834433,native,42174069.76,
20834589,native,72088204.42666666,
20832239,native,46726344.36936937,
20834374,native,39439657.22608696,
20831592,native,32939370.609929077,
20831710,native,45797829.9537037,
20834944,native,34494165.81884058,
20835479,native,51841274.05263158,
20835230,native,40319196.547619045,
20835550,native,23900957.660098523,
20833999,native,53460875.98,
20834089,native,26864728.53731343,
20831425,native,37785031.80451128,
20832244,native,36826817.272,
20831206,native,30537225.805882353,
20831467,native,68878398.95774648,
20832054,native,35467298.875,
20832201,native,14035023.177777778,
20832008,native,34590515.45945946,
20834798,native,49109744.68571428,
20831268,native,41539144.472,
20830890,native,71387862.55555555,
20835730,native,44224940.663157895,
20835680,native,34162125.937062934,
20831609,native,89063294.68333334,
20831342,native,51855969.947916664,
20832220,native,56299077.155555554,
20830081,native,38204037.890625,
20834112,native,39147961.71428572,
20832653,native,35966581.0137931,
20832118,native,34084212.019354835,
20831222,native,33576367.3803681,
20832223,native,31435292.02,
20832135,native,67389439.04,
20834651,native,18071218.876811594,
20830836,native,29042168.406451613,
20835829,native,49150151.78947368,
20832438,native,38904655.448,
20832313,native,32192524.135135137,
20830878,native,29399003.4,
20835668,native,30889988.17948718,
20835051,native,34463134.54666667,
20834751,native,47203572.62,
20830913,native,74625024.95454545,
20834434,native,40236150.37931035,
20832812,native,68169700.34285714,
20834195,native,40877702.3,
20835373,native,53636247.114583336,
20831368,native,39002250.172932334,
20832240,native,35713086.426470585,
20834590,native,48962451.08737864,
20834375,native,50041742.12,
20834218,native,32281833.615384616,
20831711,native,13928321.882697947,
20834945,native,52812631.96703297,
20835480,native,26812534.111111112,
20835231,native,33359628.0,
20834090,native,42514544.2972973,
20835551,native,46548983.19090909,
20834000,native,50873469.70408163,
20832245,native,34106826.0,
20831426,native,40378138.80451128,
20831468,native,42558355.1637931,
20831269,native,17934370.916083917,
20832202,native,57326004.52941176,
20834799,native,43641735.69565217,
20831207,native,53760556.28571428,
20830891,native,35589116.55862069,
20835731,native,34906000.76027397,
20835681,native,44746031.5462963,
20830082,native,36921316.722222224,
20832055,native,46833538.396825396,
20832009,native,39973691.22962963,
20832221,native,40038269.11382114,
20832531,native,35817292.683823526,
20831343,native,25761992.984848484,
20831610,native,43174493.712,
20832654,native,31877059.515337422,
20832119,native,68885943.06666666,
20831223,native,44405081.053097345,
20834652,native,44529610.415929206,
20830879,native,31670639.52317881,
20832136,native,40669786.09375,
20832224,native,47272076.35652174,
20832439,native,40271082.21374046,
20834435,native,39345998.75221239,
20832314,native,38343154.90977444,
20835830,native,43793106.30833333,
20834752,native,15617296.092307692,
20835669,native,20714418.375,
20832241,native,29289388.42,
20830837,native,62561368.18518519,
20835052,native,47328080.58558559,
20830914,native,47791262.82178218,
20832813,native,4852251.82791587,
20834219,native,25962184.121387284,
20834196,native,52679227.375,
20831369,native,32932329.1375,
20835374,native,49463937.37735849,
20834376,native,34456916.12592593,
20834591,native,34065771.0,
20831712,native,47645314.952380955,
20834946,native,36825132.48854962,
20835481,native,70009828.13333334,
20835232,native,34744979.21428572,
20834091,native,35535527.06382979,
20834001,native,29879194.590643276,
20831427,native,30265552.15,
20832246,native,45891642.481132075,
20835552,native,62975070.41975309,
20831469,native,38635768.885496184,
20832056,native,33963267.73287671,
20834800,native,30102704.727272727,
20831208,native,56688738.89534884,
20830892,native,36595984.45185185,
20831344,native,26388621.856353592,
20831270,native,51440112.08163265,
20830083,native,35376520.865248226,
20835732,native,52195125.708333336,
20832222,native,42364322.81034483,
20835682,native,54216875.03225806,
20834382,native,31144815.398773007,
20832532,native,57165345.302325584,
20831611,native,43546546.95454545,
20832010,native,41762847.176,
20832120,native,45978324.49056604,
20831224,native,34171628.35664336,
20830880,native,36357872.77941176,
20832440,native,40397784.301724136,
20832655,native,61733333.03614458,
20832225,native,23768475.014423076,
20834653,native,69857384.33802816,
20832137,native,37624246.11029412,
20832315,native,34998918.09090909,
20834436,native,38420205.823076926,
20835831,native,51587704.010416664,
20834753,native,40209077.904,
20830838,native,37293841.729323305,
20832242,native,48664135.98058253,
20830915,native,41798492.15833333,
20835670,native,59729293.69879518,
20831370,native,49764677.4375,
20835375,native,37684010.640625,
20834197,native,36608494.9858156,
20835053,native,50857908.291262135,
20832814,native,74603147.95588236,
20834377,native,43633976.699115045,
20834220,native,62307576.54216868,
20834592,native,56459548.18181818,
20831713,native,31579661.33544304,
20834947,native,18992236.84501845,
20835482,native,32831313.20261438,
20835233,native,32074479.385135137,
20834002,native,50718863.739583336,
20832247,native,32706865.66891892,
20831428,native,34361813.16312057,
20834092,native,39117745.152173914,
20835553,native,35968311.177777775,
20831470,native,36352988.496503495,
20830893,native,37273612.323076926,
20835683,native,26549726.35955056,
20831345,native,59838554.686746985,
20832057,native,51712745.052083336,
20831209,native,34168758.95424837,
20830084,native,46534210.716981135,
20834801,native,56438440.46666667,
20835733,native,40632684.674796745,
20831640,native,70934451.68571429,
20831271,native,51394653.875,
20834383,native,45475410.81818182,
20832533,native,48658846.44761905,
20832011,native,30246734.44242424,
20832121,native,48513250.37864078,
20831612,native,41562083.08,
20830881,native,40522374.840707965,
20832441,native,13092841.72051282,
20834757,native,27291429.751381215,
20831225,native,63721662.29487179,
20834437,native,36616757.23076923,
20834654,native,51506825.06593407,
20832316,native,30591285.90184049,
20832656,native,40140268.49206349,
20832138,native,38794907.48854962,
20830839,native,37020570.83076923,
20835832,native,46511732.952380955,
20832243,native,31868322.89102564,
20831371,native,35655611.88888889,
20830916,native,43214525.56363636,
20832248,native,27461000.436170213,
20834754,native,72064274.52112676,
20835054,native,38488230.15789474,
20835376,native,50228357.99,
20834198,native,40154035.9921875,
20832578,native,21856842.937777776,
20832815,native,46634944.04504505,
20834378,native,39914911.603053436,
20834221,native,35053280.29333334,
20831714,native,33281338.76821192,
20835483,native,45748269.90909091,
20835234,native,36997016.823529415,
20834948,native,81087875.62857144,
20834003,native,44366090.796460174,
20834093,native,31991124.82,
20835554,native,51795573.68131868,
20834828,native,48663735.1980198,
20831429,native,28156746.054054055,
20831471,native,40741980.82644628,
20830894,native,35689102.59440559,
20830085,native,34239650.59589041,
20832058,native,37918853.45112782,
20831210,native,42093131.4214876,
20835684,native,36165928.36170213,
20832534,native,27910829.795454547,
20834802,native,25376538.463414636,
20831272,native,17913508.562068965,
20831613,native,26444897.460227273,
20834384,native,58621806.96511628,
20835734,native,43306734.198275864,
20831346,native,53238010.65,
20832122,native,24273364.826923076,
20832012,native,63993931.615384616,
20831641,native,70252250.36986302,
20834438,native,22973332.753488373,
20830882,native,62629442.375,
20834655,native,44432516.69090909,
20834758,native,57698798.270588234,
20832139,native,42997356.6,
20832317,native,38357969.40601504,
20830840,native,34534958.41216216,
20831226,native,38079082.16428571,
20835906,native,42234742.448275864,
20832657,native,49465908.18446602,
20832442,native,77881718.8923077,
20831372,native,31459640.607361965,
20834755,native,41145617.87826087,
20830917,native,36385536.79285714,
20834379,native,25404541.59090909,
20832249,native,35303779.75172414,
20835833,native,39415699.80419581,
20835377,native,44581732.518518515,
20832816,native,26229529.67204301,
20834222,native,38381404.60344828,
20834199,native,36981588.325925924,
20835055,native,19296700.507462688,
20832579,native,71962051.05714285,
20831715,native,52185571.18,
20835484,native,39018949.711864404,
20835235,native,45332854.7264151,
20834949,native,55768692.09090909,
20834094,native,34864840.77142857,
20834004,native,43590860.355932206,
20831430,native,46720634.876190476,
20835555,native,37686386.36879433,
20834829,native,50429955.93396226,
20830895,native,36868571.518518515,
20831472,native,34083959.05228758,
20830086,native,37688074.3046875,
20835685,native,34705064.18181818,
20832059,native,43201618.9826087,
20831211,native,39889180.81746032,
20831614,native,52678183.18947368,
20831273,native,51730014.083333336,
20832535,native,60472213.174418606,
20831347,native,28165372.398907103,
20834385,native,49656567.485436894,
20832123,native,37643084.45864662,
20832013,native,36118379.0,
20834439,native,54339788.755813956,
20834759,native,43758847.79279279,
20835735,native,53599567.0,
20831642,native,40018028.02380952,
20830883,native,45444190.64864865,
20834656,native,44532194.088495575,
20834803,native,73231903.04,
20830841,native,39157076.746031746,
20832318,native,41475101.66942149,
20831227,native,31838365.406451613,
20832140,native,48589304.481481485,
20835907,native,51746425.333333336,
20832443,native,36897439.88888889,
20832817,native,33267297.23664122,
20832658,native,37242875.23571429,
20831781,native,13104588.112021858,
20834380,native,68609446.0,
20830918,native,34382518.67123288,
20835378,native,30190108.896774195,
20831373,native,69098018.56,
20834200,native,58713770.125,
20834756,native,37914849.00684932,
20835834,native,48449028.358490564,
20834223,native,9332622.770343581,
20832580,native,27636363.505617976,
20835056,native,33148410.477124184,
20831716,native,12551271.81627907,
20835485,native,39930299.34375,
20835236,native,53939498.692307696,
20834950,native,61877101.64473684,
20835556,native,29679802.925465837,
20834005,native,41427012.333333336,
20834095,native,36610329.979020976,
20831431,native,73613046.0,
20831473,native,39327149.103174604,
20834830,native,49768706.54368932,
20830087,native,34975822.68571428,
20830896,native,37089581.81884058,
20832060,native,17376778.855123676,
20835686,native,39832004.48760331,
20831212,native,40262160.71544716,
20831615,native,7012471.284712482,
20834657,native,43168252.74257426,
20835736,native,36483894.45528455,
20831348,native,28987223.445086706,
20831274,native,33491614.9,
20832124,native,33827744.51428571,
20832014,native,33780130.57446808,
20834760,native,29882192.81875,
20832536,native,40259750.45038168,
20834440,native,45642795.6,
20831643,native,35778295.808823526,
20834386,native,37559827.81203008,
20830884,native,40682560.56097561,
20832444,native,16551958.826388888,
20831228,native,30585963.0625,
20830842,native,33344246.356164385,
20834804,native,34106477.45390071,
20832319,native,36641107.755555555,
20830919,native,32280412.19178082,
20832141,native,64795675.975,
20835908,native,40348380.56,
20834381,native,30505586.5375,
20832659,native,49399930.07619048,
20831782,native,48647800.62857143,
20831374,native,14932371.886153847,
20832818,native,40741598.7480916,
20835379,native,47930215.74,
20834201,native,34256858.55862069,
20831353,native,25258022.965,
20835835,native,41582153.59166667,
20834224,native,44916693.92173913,
20832581,native,35717747.13768116,
20835057,native,80480679.5409836,
20831717,native,52575799.17582417,
20835486,native,39838062.568,
20835237,native,50510973.76530612,
20834951,native,62787255.21686747,
20835557,native,29355844.75595238,
20831432,native,26890088.01612903,
20834096,native,48905352.43809524,
20834006,native,88641585.43103448,
20831474,native,39658694.84615385,
20834831,native,42454767.317073174,
20830088,native,41972922.97560976,
20835687,native,39635886.37692308,
20832061,native,55555869.10526316,
20831213,native,38696803.28888889,
20831349,native,35392687.09090909,
20831644,native,34043535.62237762,
20831275,native,26497015.646153845,
20830897,native,41299991.55725191,
20832343,native,39256102.5234375,
20832320,native,36280487.365079366,
20835737,native,40730216.030075185,
20831616,native,76710338.72058824,
20832125,native,34571608.104575165,
20832537,native,42187345.73170732,
20834658,native,67018765.086419754,
20834387,native,36415376.062937066,
20834761,native,43993984.76033058,
20832331,native,38099040.580882356,
20830885,native,56463538.04301076,
20832142,native,36452324.4,
20834805,native,55342412.04395604,
20834441,native,51879751.443396226,
20831229,native,47599958.6460177,
20835909,native,38208855.145038165,
20832445,native,60467960.22093023,
20830920,native,43161157.59322034,
20832126,native,36379279.4751773,
20831783,native,23569107.912844036,
20832819,native,62641801.21794872,
20835380,native,36393295.98571429,
20834202,native,35930508.903703704,
20832660,native,52148549.20408163,
20831354,native,21305294.974468086,
20835836,native,35067877.90070922,
20831375,native,62418277.91764706,
20832582,native,34430032.09219858,
20834225,native,42029196.64655172,
20835058,native,37531821.10526316,
20831718,native,31948449.27096774,
20835487,native,53624666.55294117,
20835238,native,29083542.900584795,
20834952,native,41120289.35772358,
20835558,native,37586550.52845529,
20831433,native,37104927.0,
20834097,native,34184858.067567565,
20834007,native,30513065.145454545,
20830089,native,35061424.60869565,
20834832,native,38643683.3359375,
20835688,native,37015063.71851852,
20835738,native,39982415.83962264,
20831475,native,38355950.8115942,
20831214,native,41570770.90082645,
20831350,native,48897459.71,
20832321,native,30194802.223602485,
20835859,native,44303823.018518515,
20832344,native,33828854.78082192,
20831617,native,29154714.779761903,
20831645,native,44936232.612068966,
20834659,native,43512197.23478261,
20830898,native,35272841.42384106,
20834388,native,51409903.83157895,
20831276,native,68648865.39726028,
20834762,native,44922426.972972974,
20832143,native,18253180.95925926,
20832538,native,45975442.68644068,
20832332,native,34783034.39310345,
20832601,native,81771257.8923077,
20835910,native,21472339.86147186,
20831230,native,40706053.31404959,
20834442,native,34716859.11888112,
20834806,native,42239375.58677686,
20832446,native,55999899.76470588,
20830886,native,56529056.03333333,
20832127,native,45009836.14545455,
20834203,native,43523995.675925925,
20830921,native,74312849.19117647,
20831784,native,47831222.17142857,
20832820,native,51884757.895833336,
20832661,native,42882462.80508474,
20835381,native,41656643.16260163,
20835837,native,36867138.6171875,
20834226,native,30203531.70886076,
20832583,native,37665771.358778626,
20831376,native,40237267.015873015,
20831355,native,61379014.20481928,
20835059,native,44076441.1,
20831719,native,32832415.225,
20835488,native,34270237.16216216,
20835239,native,50530481.690265484,
20834953,native,49698101.69444445,
20835559,native,48739033.71428572,
20831434,native,26665698.76,
20834098,native,44950185.50943396,
20834008,native,42997719.87037037,
20835739,native,49709767.336842105,
20835689,native,38787631.865079366,
20834833,native,24632181.33004926,
20835860,native,38550148.62931035,
20831618,native,28937877.757575758,
20831476,native,48394286.87128713,
20830090,native,35949228.72463768,
20831215,native,32588565.470588237,
20832322,native,40859346.11666667,
20831351,native,36873969.20740741,
20834660,native,31140384.993377484,
20830899,native,18463113.992248062,
20832345,native,39188131.12698413,
20834763,native,35804889.63909774,
20831277,native,28487201.608187135,
20831646,native,46863593.91509434,
20834389,native,40389476.31404959,
20832333,native,38629921.92063492,
20831231,native,28536609.14450867,
20832602,native,30145825.509090908,
20832539,native,45767906.15740741,
20834443,native,37574667.37037037,
20835911,native,35297596.979020976,
20834807,native,34620701.66438356,
20832447,native,38148670.88721804,
20832144,native,74118058.9859155,
20832128,native,30202849.452941176,
20835838,native,20747778.004347827,
20830922,native,33795557.15231788,
20834204,native,62804179.1125,
20830887,native,40967034.6875,
20831785,native,37350974.60869565,
20834227,native,51996071.95604396,
20832821,native,42270686.87804878,
20835382,native,31618429.765822783,
20831377,native,29698531.608433735,
20832584,native,38312764.792,
20832662,native,51370523.62376238,
20831356,native,57365621.71111111,
20835060,native,39448810.481481485,
20831720,native,49677243.49,
20835489,native,37112183.34074074,
20834954,native,54343003.58888889,
20835240,native,45203313.40869565,
20835560,native,53044072.03157895,
20831435,native,57059399.05494505,
20834099,native,36953968.76086956,
20834009,native,38805920.92142857,
20835690,native,38081033.28888889,
20830091,native,36898491.418439716,
20835740,native,41853689.703125,
20831216,native,31429600.55421687,
20831477,native,40414533.10526316,
20832346,native,30770058.703030303,
20831619,native,81333366.90476191,
20834661,native,33541116.78807947,
20831352,native,39563330.47328244,
20834834,native,68277502.05263157,
20831278,native,29712572.361445785,
20835861,native,53885052.366336636,
20830900,native,28790209.92972973,
20832323,native,45382770.63636363,
20834764,native,52972699.3125,
20830888,native,39364498.62857143,
20831647,native,53299400.34736842,
20834390,native,42826372.94166667,
20832334,native,38869242.9296875,
20832129,native,26651062.84659091,
20832603,native,50309528.21428572,
20832540,native,46428037.10185185,
20831232,native,36853326.25714286,
20830923,native,36301016.01526718,
20834228,native,53719037.62650602,
20834808,native,53060238.18681318,
20832145,native,44317679.81818182,
20832448,native,45984589.54954955,
20832585,native,43745154.12264151,
20832822,native,33145946.554054055,
20831786,native,39774199.624,
20835383,native,78607040.41071428,
20835912,native,74506611.48529412,
20831378,native,42279252.83050848,
20835839,native,59368583.27906977,
20834444,native,50785465.9,
20832663,native,49064396.59,
20834205,native,56144296.684210524,
20831357,native,29065525.78857143,
20835061,native,38166410.421875,
20831721,native,47745726.32673267,
20835490,native,41181499.86440678,
20834955,native,35623003.27142857,
20835241,native,44039709.56896552,
20835561,native,51264973.39,
20834100,native,36386481.93984962,
20831436,native,41686701.967479676,
20831217,native,74313904.3,
20834010,native,45430397.263636366,
20835691,native,55251402.13636363,
20831620,native,30431492.352564104,
20834835,native,14150897.450867051,
20830092,native,29172326.953757226,
20835741,native,48946482.96039604,
20831478,native,24072763.838095237,
20832347,native,37360547.2406015,
20831279,native,28289005.583333332,
20832324,native,25870400.512820512,
20830901,native,34683654.4109589,
20834816,native,52039188.93,
20835862,native,39960320.538461536,
20834662,native,46794861.159292035,
20834765,native,24890900.710900474,
20832335,native,30293726.279761903,
20830889,native,34814930.175675675,
20832130,native,66805045.46575342,
20832604,native,29860279.273809522,
20834391,native,28384028.966292135,
20831648,native,34859545.47058824,
20831233,native,36971553.294117644,
20832541,native,36436560.9929078,
20830924,native,15034765.060693642,
20832146,native,30492846.56626506,
20834229,native,27770973.827027027,
20832586,native,32787562.42,
20834809,native,42978982.2,
20835384,native,13218518.45144357,
20834445,native,34429693.97241379,
20831379,native,49675315.83,
20831787,native,44558253.47826087,
20832449,native,58031651.97802198,
20835913,native,39579210.69465649,
20835840,native,40559519.53174603,
20832664,native,32415525.897435896,
20832823,native,49728471.11111111,
20831358,native,26507019.906077348,
20834206,native,36332409.5248227,
20835882,native,36050279.885496184,
20831722,native,54243508.5625,
20835491,native,30797037.266666666,
20835242,native,36809783.67826087,
20834956,native,49335147.554455444,
20835562,native,36522547.71755725,
20831437,native,36664884.7443609,
20835507,native,51216430.416666664,
20835692,native,34905557.31428572,
20834011,native,43218634.99115044,
20831621,native,39429840.0546875,
20835870,native,85206493.5,
20831441,native,31023174.791411042,
20835742,native,36609682.865248226,
20832348,native,45460075.531531535,
20832542,native,32141090.99259259,
20831280,native,55139112.26373626,
20834836,native,57413807.755555555,
20835519,native,37521649.592,
20832325,native,66558768.013333336,
20834766,native,22420009.601809956,
20835863,native,17988542.71731449,
20831234,native,29580499.316455696,
20834817,native,39939490.464,
20832605,native,40466229.44628099,
20830902,native,51014402.23469388,
20832336,native,44795838.0,
20832131,native,47710035.9047619,
20834392,native,39161200.38095238,
20834663,native,42916237.1300813,
20831649,native,29005610.323699422,
20834446,native,33530330.911764707,
20832587,native,36620894.992592596,
20832147,native,61098227.530864194,
20830925,native,53615501.451612905,
20831380,native,18916797.418326695,
20834810,native,41091110.76859504,
20831479,native,75610855.75,
20835385,native,26027660.24736842,
20834230,native,49441364.96039604,
20831788,native,30955367.28846154,
20835841,native,37717312.526315786,
20835914,native,56342717.42222222,
20832824,native,46259917.277777776,
20832450,native,52456364.06,
20831241,native,34487339.314685315,
20834207,native,31502119.09032258,
20832665,native,40258448.032,
20835883,native,39384996.21428572,
20831723,native,43312293.62608696,
20835492,native,46410637.38938053,
20835243,native,71197753.53424658,
20834957,native,37933279.442028984,
20831438,native,41870397.415254235,
20835563,native,37404716.72463768,
20835508,native,40545274.6875,
20835693,native,34171605.79054054,
20835871,native,52155471.43010753,
20834012,native,55503147.51612903,
20831622,native,40970704.3359375,
20831442,native,34328377.04054054,
20832554,native,58572582.35526316,
20832543,native,35442136.14285714,
20832349,native,16059627.275541795,
20835520,native,36956467.43609022,
20835743,native,40133694.67460317,
20832326,native,35807817.428571425,
20830903,native,33180823.56081081,
20834231,native,11859097.586592179,
20832148,native,28317073.40372671,
20831235,native,35403126.65734266,
20835864,native,62696253.025,
20834818,native,38675578.76153846,
20832588,native,69458875.67692308,
20831650,native,38055523.832,
20832337,native,31462473.4,
20831281,native,65602882.938271604,
20834393,native,35092272.75342466,
20830926,native,29035781.30909091,
20834664,native,38824619.83206107,
20834447,native,33197177.19205298,
20832606,native,53890245.8367347,
20834837,native,77324044.32857142,
20831480,native,27861929.542857144,
20834767,native,62136664.28235294,
20835386,native,71468605.28787878,
20834811,native,32225507.522580646,
20832451,native,29299976.587096773,
20831789,native,52363182.989247315,
20832825,native,27958194.45882353,
20831381,native,73497626.25,
20835915,native,32181819.013513513,
20832666,native,31678463.833333332,
20834208,native,32571060.76470588,
20831242,native,37257215.29323308,
20835842,native,35190094.344370864,
20835884,native,49606776.766666666,
20831724,native,42013112.16,
20835493,native,39127199.323076926,
20835244,native,36730252.36231884,
20834958,native,41017182.34920635,
20831439,native,39434578.43801653,
20835509,native,37602038.57037037,
20835564,native,41795402.3015873,
20831623,native,10021641.975806452,
20831443,native,42651515.86486486,
20835872,native,63750077.41975309,
20832350,native,7678707.238390093,
20835694,native,37786698.92142857,
20834013,native,40648085.35714286,
20832544,native,34821657.47586207,
20835744,native,48616800.20388349,
20832327,native,35254098.986013986,
20835521,native,55420271.91111111,
20832555,native,52488443.49504951,
20830904,native,53555464.90625,
20831651,native,47902111.4368932,
20834819,native,39197113.71755725,
20832589,native,38258023.77205882,
20831236,native,45614918.313043475,
20834232,native,55767115.913978495,
20831282,native,29873509.57803468,
20832149,native,49081339.716981135,
20835865,native,49636463.266666666,
20832338,native,48061669.2037037,
20834838,native,36889045.47857143,
20830927,native,39041684.075187966,
20834394,native,60184545.69411765,
20834665,native,46833552.99090909,
20834768,native,30090435.941520467,
20832607,native,44096889.0,
20831481,native,54088376.92631579,
20832452,native,53871688.04395604,
20834448,native,30512364.68888889,
20832667,native,36970237.389312975,
20835387,native,43505766.20661157,
20834812,native,51310103.03,
20832826,native,51101672.25742574,
20831382,native,45347567.49557522,
20831790,native,36409266.01369863,
20831243,native,42050196.52,
20834209,native,41052336.546875,
20835885,native,40052399.26984127,
20835916,native,50713806.05555555,
20835843,native,58805717.73626374,
20835494,native,30925414.906832296,
20831725,native,37610346.8125,
20835245,native,34751132.70629371,
20834959,native,56878569.27710843,
20831440,native,37951781.1953125,
20835510,native,30895033.913333334,
20835873,native,43043955.35454545,
20835565,native,33248332.4125,
20831444,native,35203337.9929078,
20835695,native,39729603.0952381,
20834014,native,48906273.683168314,
20831624,native,61622163.44444445,
20832328,native,32959490.56081081,
20832545,native,50004786.08,
20832590,native,34009010.70289855,
20831237,native,8410203.295138888,
20835745,native,31907547.7625,
20832556,native,36496618.62962963,
20831652,native,20927683.217021275,
20832351,native,71620796.50684932,
20832339,native,27535636.776470587,
20834820,native,36521595.63909774,
20835522,native,38394952.0,
20830905,native,36603830.24264706,
20834233,native,21219161.44680851,
20831283,native,30881553.223602485,
20835866,native,21918892.228070177,
20834666,native,13181177.063829787,
20832150,native,37054993.0,
20830928,native,31356293.9125,
20831482,native,40806714.93220339,
20834839,native,42887656.698275864,
20831791,native,25017681.404624276,
20832608,native,26520801.205263156,
20834395,native,53960424.817204304,
20832453,native,43367051.775,
20831383,native,26518007.408602152,
20832827,native,31927432.348387096,
20834449,native,57785562.91860465,
20832668,native,37539158.18518519,
20834813,native,38179811.80152672,
20834769,native,32601469.7,
20835388,native,53521015.97849462,
20835886,native,40413452.71304348,
20831244,native,45161662.36111111,
20835917,native,36144415.34057971,
20834210,native,41948006.18333333,
20835844,native,40138516.464,
20831726,native,30779002.71917808,
20835495,native,49544969.30681818,
20835246,native,73107741.47058824,
20834960,native,38711815.03174603,
20832548,native,50009464.78095238,
20835511,native,41685781.83846154,
20835874,native,47962312.428571425,
20831445,native,31862203.96875,
20832557,native,49879294.0,
20834015,native,34116856.16556291,
20831625,native,33559417.176470585,
20832329,native,36182842.558823526,
20834821,native,40992235.0,
20835566,native,62077169.29545455,
20832352,native,66831833.114285715,
20835696,native,60149878.6626506,
20832591,native,35980022.39716312,
20835867,native,26754984.505681816,
20832546,native,36478994.11347517,
20834840,native,29707471.66013072,
20830906,native,31918404.187096775,
20832340,native,40843929.416,
20835523,native,43070947.88983051,
20831238,native,60004112.83529412,
20831483,native,30644096.829113923,
20831284,native,33812137.766666666,
20830929,native,38365915.83969466,
20831653,native,53036270.554455444,
20831792,native,28125351.943820223,
20835746,native,71316100.9589041,
20834396,native,44769090.23809524,
20832609,native,52143198.15384615,
20834667,native,73703481.1764706,
20834450,native,26620122.97752809,
20834234,native,70952930.34666666,
20832151,native,48166519.71171171,
20834770,native,20436330.09745763,
20831384,native,46014733.342857145,
20832454,native,41484593.68644068,
20832828,native,35235073.30496454,
20834814,native,11737312.421768708,
20835389,native,39436052.736,
20832669,native,44018303.887931034,
20834211,native,22070687.092592593,
20835887,native,39135931.872,
20835918,native,30355473.94578313,
20831245,native,43091923.15447155,
20835845,native,39776253.29661017,
20831727,native,35359515.948529415,
20835496,native,39445100.97560976,
20835247,native,37545158.2,
20834961,native,35735550.885714285,
20832549,native,19094512.638461538,
20835512,native,44481681.99137931,
20834016,native,51265154.27551021,
20832558,native,42169088.80487805,
20832353,native,36385340.47407407,
20834822,native,49527637.67326733,
20831446,native,35824198.81333333,
20835875,native,70683682.90789473,
20835567,native,27514155.267015707,
20835697,native,39781991.94615385,
20832547,native,45236408.8018018,
20832592,native,38169429.566176474,
20832330,native,69791435.57534246,
20831626,native,42902803.952,
20834841,native,40911861.18253968,
20830907,native,34499077.33783784,
20832341,native,45235819.407079645,
20835524,native,52648453.22448979,
20831239,native,57861185.569767445,
20832610,native,11034650.593548387,
20831285,native,36126816.45454545,
20831484,native,53716957.13265306,
20831793,native,35922687.307692304,
20835747,native,39884403.45801527,
20835868,native,53855090.54,
20832152,native,46121883.62037037,
20831654,native,35980193.08108108,
20831385,native,22487249.493333332,
20834397,native,68587372.32894737,
20830930,native,56143663.54736842,
20835390,native,32261324.068965517,
20834668,native,40627197.93129771,
20834451,native,43201780.166666664,
20832829,native,39829113.76153846,
20832455,native,48114204.824074075,
20834771,native,69185167.09333333,
20835919,native,35683910.566176474,
20834212,native,63146195.65384615,
20832670,native,54325029.666666664,
20834235,native,60989919.18681318,
20834815,native,60012418.83516484,
20835888,native,56863224.333333336,
20831246,native,14357526.781163435,
20835846,native,49624626.861386135,
20835497,native,17702630.346428573,
20831728,native,31897118.457831327,
20835248,native,67349876.90140845,
20834962,native,34184251.07586207,
20832550,native,49634427.0,
20835513,native,35022934.73509934,
20832354,native,27789964.071823206,
20832559,native,27834411.06010929,
20834017,native,40321515.816,
20831447,native,24012386.625,
20835698,native,17819393.272084806,
20835876,native,23554052.83255814,
20834823,native,46474964.445454545,
20832593,native,48692217.77669903,
20830908,native,40378209.824,
20835568,native,43807592.483050846,
20834842,native,41373429.42276423,
20831627,native,46191311.89090909,
20832342,native,34691824.76923077,
20834265,native,38363390.01428571,
20831286,native,44229474.13513514,
20832153,native,37896684.4047619,
20835525,native,49251696.41,
20835879,native,40960882.03125,
20831794,native,23683860.166666668,
20831485,native,47190843.00925926,
20835748,native,41558608.4661017,
20835391,native,47771680.07,
20834398,native,44106645.4537037,
20831655,native,29279184.452941176,
20831240,native,54448196.96842105,
20832830,native,37269804.1984127,
20830931,native,35061623.72142857,
20835869,native,45182992.5045045,
20834452,native,32380177.490066227,
20832611,native,62951030.25,
20834669,native,55156254.77108434,
20832456,native,30353250.55625,
20834772,native,26311473.324324325,
20834213,native,38462092.52892562,
20831386,native,60841087.302325584,
20831828,native,46597642.947916664,
20835889,native,35205646.753968254,
20834236,native,26830451.37837838,
20832671,native,43777631.00884956,
20835920,native,32812246.57142857,
20835847,native,33110211.55629139,
20831247,native,80333875.1076923,
20831729,native,14747134.85942492,
20835498,native,40539712.5,
20834963,native,18999896.304347824,
20835249,native,47817035.723809525,
20832551,native,43485735.06666667,
20835514,native,36990247.72463768,
20832355,native,16146661.289719626,
20831287,native,38137227.95689655,
20832560,native,35931692.84827586,
20831486,native,33134993.029411763,
20835569,native,32242846.33986928,
20834824,native,45942226.104761906,
20835880,native,39855193.47107438,
20834266,native,39708577.146341465,
20831634,native,43485394.088495575,
20832154,native,32520232.935897436,
20834018,native,44473666.6446281,
20834843,native,33544214.735099338,
20835749,native,28886012.064327486,
20831628,native,73930656.3015873,
20835699,native,58275369.98795181,
20832594,native,53304772.92631579,
20832457,native,48264479.875,
20835526,native,37813517.88888889,
20834399,native,39236569.024,
20834670,native,14033299.108333332,
20830909,native,40467520.54615384,
20834214,native,40997113.49565218,
20834019,native,49068873.23469388,
20831795,native,51377474.947916664,
20835392,native,45939425.405660376,
20831448,native,71135315.35714285,
20834453,native,40550008.779661015,
20831656,native,42804319.54310345,
20832612,native,30108316.86060606,
20830932,native,31171843.6,
20835877,native,33090643.13939394,
20834773,native,46612302.504761904,
20832484,native,47561271.23809524,
20831387,native,34044149.26712329,
20832831,native,52951032.583333336,
20832672,native,27220093.104046244,
20835890,native,31446847.121794872,
20831829,native,37855095.86923077,
20834237,native,41385966.45762712,
20835921,native,53141012.473684214,
20831248,native,37548365.24793389,
20835848,native,41671124.25423729,
20831730,native,53778074.71428572,
20835499,native,74294790.39705883,
20831253,native,71538384.4590164,
20834964,native,63971659.8,
20832552,native,35870481.63636363,
20831288,native,42772277.720338985,
20835515,native,52714836.62244898,
20835570,native,51824804.27368421,
20831629,native,34042792.071428575,
20831657,native,31591078.047945205,
20832356,native,80417027.52307692,
20831487,native,32177050.49404762,
20831635,native,19872319.302681994,
20832155,native,41694331.62601626,
20830934,native,33680136.07189543,
20835881,native,52317992.28571428,
20832613,native,51541397.01098901,
20835527,native,30409664.773809522,
20834844,native,39020167.917293236,
20834215,native,40034985.2265625,
20835700,native,56999111.93333333,
20834267,native,39435941.79389313,
20834020,native,36937736.48550725,
20834825,native,44028467.46280992,
20830933,native,32263055.878205128,
20834400,native,38967039.46923077,
20832595,native,31239338.48809524,
20830910,native,32977616.32051282,
20831830,native,32213301.61589404,
20832458,native,39175540.33834586,
20832485,native,39969465.4,
20831796,native,33951857.270967744,
20834671,native,53756906.6875,
20832561,native,44390130.592307694,
20835891,native,63368442.14666667,
20831388,native,40774379.68253968,
20835393,native,64878097.6625,
20834454,native,65905320.166666664,
20832832,native,32912287.93125,
20831449,native,49741371.83783784,
20835878,native,39572877.927536234,
20834774,native,38010448.10714286,
20835750,native,61567051.61363637,
20834238,native,33023503.33544304,
20832673,native,36364818.60666667,
20831249,native,30481639.03846154,
20831731,native,44829888.690265484,
20835922,native,47358896.666666664,
20835849,native,71537111.14084508,
20835500,native,50455272.854166664,
20831254,native,46107167.10185185,
20834965,native,44704625.96460177,
20832553,native,57321819.40952381,
20835516,native,35719025.96296296,
20831289,native,41097678.76422764,
20831630,native,22224969.142222222,
20835571,native,39337876.256,
20832357,native,43957150.16216216,
20831658,native,48162731.281553395,
20831831,native,35867131.37301587,
20832562,native,30017617.216216218,
20831488,native,39372989.1015625,
20834826,native,41861905.44067796,
20831663,native,50402150.53,
20831636,native,54746975.73626374,
20832614,native,37181974.022556394,
20830935,native,43008936.288135596,
20834021,native,41010713.40495868,
20835528,native,30159110.188235294,
20834288,native,45070895.20909091,
20835892,native,38767293.17073171,
20834845,native,35429073.88811189,
20834401,native,43280951.387931034,
20832596,native,42052586.541666664,
20832486,native,61293182.197530866,
20831851,native,42063259.19512195,
20834672,native,57212599.36046512,
20830911,native,48480241.98095238,
20831797,native,38294559.23664122,
20832459,native,34730245.24666667,
20834268,native,39854647.55725191,
20834455,native,11109408.866666667,
20835394,native,42601915.3826087,
20834216,native,70631359.57534246,
20832598,native,37420307.5648855,
20831450,native,39249178.7734375,
20835751,native,44412481.65740741,
20834775,native,37151854.3382353,
20832833,native,60224964.5060241,
20834239,native,51372379.0625,
20831389,native,53588542.01,
20835701,native,59225101.416666664,
20832674,native,49382681.35,
20831250,native,42546135.04347826,
20831732,native,32417358.104575165,
20835923,native,34186106.97241379,
20835850,native,63811488.807692304,
20835501,native,44749943.89473684,
20831255,native,30896213.618181817,
20834966,native,32691591.92903226,
20831290,native,34912692.4964539,
20832563,native,12061244.00968523,
20832718,native,43713268.568,
20835517,native,34932074.86451613,
20835572,native,38911926.99236641,
20831631,native,64641758.40740741,
20832358,native,34681681.64516129,
20834827,native,51625507.87777778,
20834289,native,28912475.80625,
20832615,native,38655118.075,
20831659,native,60400608.31818182,
20832487,native,41485804.99099099,
20834673,native,35329932.71111111,
20830912,native,22182761.504587155,
20831664,native,20675095.253061224,
20831637,native,41821825.45762712,
20832675,native,36627695.11570248,
20831832,native,66553329.60526316,
20835893,native,42221005.99137931,
20834846,native,30071420.803680982,
20832597,native,41759693.61016949,
20831852,native,38272719.6640625,
20831489,native,58305263.01234568,
20834269,native,40998722.78512397,
20831451,native,25390777.52631579,
20834776,native,36562216.75,
20832460,native,46714507.2,
20835395,native,38960896.03125,
20834240,native,40558600.22413793,
20830936,native,42683837.858333334,
20834402,native,60848399.5875,
20831798,native,43466610.55,
20834217,native,39390948.728,
20835702,native,32771159.33561644,
20832599,native,37838775.59541985,
20835752,native,47846889.291262135,
20832834,native,43719215.96460177,
20831390,native,38645323.57936508,
20835529,native,74746957.1969697,
20834456,native,52153794.0625,
20834022,native,44003612.6,
20831251,native,44253951.04424779,
20835924,native,39857981.12698413,
20835851,native,60967409.89473684,
20831733,native,41911350.625,
20835502,native,41543311.291666664,
20831256,native,36554900.74074074,
20834967,native,38009963.64285714,
20831291,native,69400590.57534246,
20831632,native,52465108.3372093,
20832719,native,34642720.716216214,gas-used mismatch for 0x4f5525932fa01cc73fc46a4f273fe286c0c04a33f9b05e35611ec500bb355e4c: expected 566181 found 509468
20832564,native,53914469.72631579,
20832600,native,11564664.14527845,
20835518,native,40906642.26984127,
20834290,native,26877631.591397848,
20835894,native,52873457.18604651,
20835573,native,37714170.22794118,
20832359,native,48974549.80555555,
20832616,native,35654572.89041096,
20831638,native,27906096.843243245,
20831833,native,24659424.8,
20834476,native,68416658.93421052,
20832461,native,36010764.11594203,
20831660,native,43571741.219512194,
20831853,native,25986197.685,
20832488,native,40292080.64444444,
20834270,native,44938612.2920354,
20831490,native,38712819.375939846,
20834674,native,57717127.428571425,
20831799,native,44909644.7027027,
20834403,native,39081885.96875,
20835765,native,34497556.26027397,
20831633,native,33239995.35333333,
20831665,native,69478423.0,
20834847,native,51233616.3592233,
20832676,native,42875773.640625,
20834777,native,45590498.938053094,
20835753,native,32862101.262820512,
20834778,native,61900535.058823526,
20831391,native,27646525.7027027,
20834241,native,31771958.31325301,
20835703,native,38856501.19259259,
20835530,native,41687175.22314049,
20832835,native,34843026.38,
20831452,native,44150623.81300813,
20835900,native,40691065.615384616,
20831252,native,15022085.743283583,
20834023,native,49389205.36,
20834457,native,49201487.05555555,
20835503,native,40645229.48,
20835396,native,59846232.15625,
20835852,native,43339504.027027026,
20831734,native,34760082.4964539,
20835925,native,63031557.90361446,
20834404,native,43777532.75221239,
20831257,native,52969150.71428572,
20831292,native,39860563.33884297,
20835897,native,39830872.97560976,
20832720,native,62881188.1,
20832565,native,16820903.8852459,
20832507,native,38779759.2519084,
20834291,native,57603260.253012046,
20831839,native,36463038.3037037,
20832617,native,33568730.3,
20835895,native,34181352.22758621,
20831639,native,27682144.9,
20835574,native,43643508.16521739,
20831834,native,37833068.092307694,
20831661,native,35097336.62857143,
20831666,native,31169263.477124184,
20834464,native,33423898.843971632,
20831854,native,52562352.68817204,
20831800,native,26590098.29255319,
20832360,native,45431847.720338985,
20834779,native,31130852.775,
20834271,native,36497161.76428571,
20832489,native,51722443.18,
20832906,native,41333933.19512195,
20834675,native,33047408.651612904,
20831392,native,21315574.665236052,
20834848,native,41258154.38333333,
20834477,native,44099571.825,
20832836,native,41583101.50862069,
20835766,native,35773111.62068965,
20831491,native,28122750.02631579,
20832462,native,38870655.0942029,
20835704,native,25185948.98,
20834242,native,48662541.93069307,
20831394,native,48637641.61320755,
20835754,native,41916758.92682927,
20831400,native,34580227.89726027,
20831675,native,38335402.74045801,
20835901,native,55711717.63636363,
20832765,native,35042095.35862069,
20832677,native,44168603.04958678,
20835504,native,33379480.868965518,
20834458,native,37907846.05343512,
20835397,native,15227.471420557253,
20834024,native,40762482.52941176,
20835853,native,21572946.05,
20831735,native,36430866.52592593,
20835926,native,34193526.854304634,
20834405,native,38028870.2962963,
20831258,native,34181484.54666667,
20831293,native,33126933.773333333,
20835896,native,45892452.571428575,
20832508,native,32845091.66896552,
20832721,native,33405954.01369863,
20831840,native,29641807.98773006,
20832618,native,39916450.4214876,
20834292,native,37347503.7593985,
20835898,native,52189189.82,
20834780,native,47900975.217821784,
20832572,native,33934311.625954196,
20832566,native,52283046.791666664,
20835575,native,57136862.34883721,
20834465,native,39569536.4214876,
20831662,native,44889149.481818184,
20831801,native,36260544.169117644,
20831667,native,50027293.6,
20831855,native,37707456.7443609,
20831676,native,47797581.17894737,
20831835,native,31326643.54761905,
20832361,native,38838126.45384616,
20832490,native,29815436.80357143,
20832837,native,32173135.50980392,
20834849,native,42028798.87826087,
20834243,native,15080621.329268293,
20834272,native,36772061.876811594,
20834676,native,47649212.0952381,
20834478,native,32679173.751633987,
20831492,native,33411259.52,
20835767,native,15633430.746951219,
20832907,native,69770434.08571428,
20832463,native,36501570.928571425,
20831395,native,40785876.64227642,
20835902,native,28728979.19653179,
20831393,native,62904667.084337346,
20835705,native,74283135.52941176,
20832678,native,39870613.65079365,
20831401,native,31400120.75151515,
20835755,native,41085203.87301587,
20832766,native,47385587.86792453,
20835505,native,42649584.6779661,
20834025,native,37051349.71428572,
20831736,native,43700152.91428571,
20834459,native,42825720.65853658,
20835854,native,54642066.417582415,
20835398,native,79976383.77777778,
20835927,native,35304332.49264706,
20831669,native,35664304.442857146,
20831259,native,37264267.60144927,
20831294,native,34210199.20945946,
20832788,native,45686135.96396396,
20832722,native,10646294.004056795,
20832619,native,54721972.8021978,
20832509,native,41670172.888,
20831841,native,25738043.68292683,
20832567,native,62900964.46052632,
20834293,native,42958216.26446281,
20832800,native,38083724.051851854,
20832622,native,35725890.3362069,
20835903,native,34402105.56910569,
20835899,native,41877101.048,
20832573,native,33649620.8516129,
20835576,native,39362669.20610687,
20834273,native,42170201.981481485,
20834466,native,31381662.345454544,
20834850,native,42535054.277777776,
20831757,native,10794480.348360656,
20831802,native,29810896.830409355,
20831668,native,45370321.53982301,
20832491,native,44862334.548672564,
20834677,native,47381004.28571428,
20832362,native,41337206.936,
20834479,native,36545617.56521739,
20831677,native,37688714.26428571,
20831836,native,35130731.7,
20832908,native,39712930.796875,
20831856,native,34510663.1392405,
20832464,native,40955622.928571425,
20831396,native,32708663.348101266,
20832679,native,32652172.02614379,
20831493,native,40823739.32824428,
20832767,native,39460106.34920635,
20832838,native,36337269.41935484,
20831402,native,37365447.4117647,
20831737,native,33163515.594405595,
20834026,native,54531561.98863637,
20834244,native,85196776.58730158,
20835768,native,61072167.2,
20835756,native,43567424.19008265,
20835506,native,48253506.647619046,
20834460,native,46347667.81481481,
20835706,native,54838994.020833336,
20835855,native,32596209.445945945,
20835399,native,42029888.22314049,
20835928,native,34237974.993103445,
20831670,native,31813427.248366013,
20831260,native,54369832.0,
20831295,native,32630373.925675675,
20832723,native,1896939.3084539224,
20832620,native,19480008.19767442,
20832789,native,52281155.33663366,
20832568,native,41771970.9661017,
20832623,native,35244648.07092199,
20834294,native,56627448.766666666,
20832801,native,28341119.46961326,
20832510,native,47706502.68518519,
20834851,native,43356269.300884955,
20834274,native,52991540.31182796,
20831758,native,59813554.723684214,
20835577,native,39417432.592,
20831842,native,58142283.582417585,
20835578,native,40782832.55555555,
20831803,native,28579570.121387284,
20834467,native,40776719.35714286,
20835904,native,48025057.71296296,
20832574,native,52637849.23300971,
20832569,native,30850006.072289158,
20832363,native,30152442.73809524,
20834678,native,38011776.28571428,
20831403,native,34189860.816176474,
20831837,native,49295691.61,
20832492,native,51560609.75728156,
20834480,native,53450854.135416664,
20831397,native,35053399.83916084,
20834245,native,23013393.424390245,
20831678,native,35999232.73972603,
20831494,native,30986029.55214724,
20831857,native,37604246.507246375,
20832909,native,73753417.48571429,
20832465,native,54858817.741935484,
20832768,native,26907696.219387755,
20832680,native,40137208.70676692,
20834027,native,40936126.15079365,
20832839,native,41443779.87692308,
20831738,native,30536897.988571428,
20834461,native,44094697.15044248,
20832806,native,30101911.32748538,
20835757,native,33856377.348101266,
20835769,native,47426374.972972974,
20835707,native,41820755.152542375,
20835856,native,56680763.244444445,
20835929,native,32846520.1986755,
20835400,native,74760425.29411764,
20831671,native,52225866.822916664,
20831261,native,41436107.30833333,
20832621,native,68102154.46969697,
20831296,native,59579802.74117647,
20832790,native,31310326.487341773,
20832624,native,17925724.77697842,
20834295,native,29870606.843373492,
20831300,native,36520255.46099291,
20832724,native,85793441.37931034,
20831843,native,44369719.74074074,
20834852,native,53070231.957894735,
20832519,native,39997553.61111111,
20832511,native,69330861.80821918,
20834468,native,37217587.59259259,
20831759,native,38080732.198529415,
20834275,native,41618694.23015873,
20835905,native,47916882.70476191,
20832802,native,50695228.00952381,
20831404,native,35399762.49264706,
20831804,native,45879329.699115045,
20832364,native,42105436.44067796,
20832493,native,11983109.588807786,
20835579,native,52406179.47,
20832575,native,37573308.13333333,
20831679,native,41549545.00862069,
20832570,native,47533672.16037736,
20831838,native,36070079.62857143,
20831398,native,47341419.23809524,
20834679,native,42018289.91869919,
20834481,native,33491467.735099338,
20832910,native,52162192.083333336,
20831858,native,34901798.06896552,
20831495,native,51903233.135416664,
20834246,native,56557152.65909091,
20832681,native,23908280.072115384,
20832466,native,36879712.40441176,
20834462,native,22305267.037037037,
20831739,native,40563033.43801653,
20834028,native,42369098.077586204,
20832769,native,69038860.67123288,
20832840,native,35862948.38356164,
20835758,native,38946739.884615384,
20835770,native,34544963.17123288,
20835708,native,38713603.17557252,
20835857,native,38460008.16793893,
20835930,native,51385619.0,
20832807,native,45685914.938053094,
20835401,native,38430283.19847328,
20831672,native,36808276.07971015,
20831262,native,48608686.37962963,
20831673,native,39915062.28571428,
20831297,native,49806909.77,
20831301,native,33168699.68794326,
20834296,native,14430247.315151514,
20831497,native,28133646.646067414,
20831844,native,38109558.93650793,
20832520,native,36060864.23076923,
20832512,native,27088811.533333335,
20832859,native,40332871.49152543,
20832791,native,51211528.34259259,
20832725,native,52706154.571428575,
20834276,native,29525870.635294117,
20831805,native,33918562.26712329,
20831405,native,30337467.296969697,
20831760,native,37985664.007407404,
20832803,native,52975116.042105265,
20832576,native,37915288.75384615,
20831399,native,25542395.09574468,
20835580,native,43031632.62608696,
20832494,native,69164900.52857143,
20832365,native,32522518.416666668,
20831680,native,35735189.18115942,
20834853,native,50519522.961904764,
20834469,native,53282369.86734694,
20832882,native,38724092.5546875,
20832571,native,33888336.63013699,
20834680,native,29014413.31764706,
20832467,native,29395178.43125,
20832682,native,20967747.8377193,
20832911,native,25839427.676923078,
20831496,native,55060975.83516484,
20834029,native,25626082.75263158,
20831859,native,32661844.051612902,
20831740,native,28393953.394285716,
20834482,native,30878483.94857143,
20834247,native,66727462.43835616,
20832770,native,41805531.03448276,
20835759,native,33878505.29370629,
20832841,native,35096869.27142857,
20834463,native,65751742.29487179,
20835771,native,40720896.55,
20835709,native,39317230.0078125,
20835858,native,41266891.720338985,
20832808,native,33439583.106382977,
20835931,native,50134594.74,
20835402,native,14885783.210526315,
20832741,native,34280521.307142854,
20831263,native,34857255.56428572,
20831298,native,13983183.8,
20831674,native,43097887.09166667,
20831498,native,26176125.900523562,
20831302,native,55379695.04395604,
20831845,native,42964350.96460177,
20834297,native,55864271.36263736,
20832521,native,50066824.3877551,
20832513,native,37108900.082706764,
20831806,native,33043419.743243244,
20832860,native,25018298.245192308,
20832792,native,32799239.725490198,
20834277,native,46470619.59259259,
20832694,native,35900484.03546099,
20831761,native,26593330.89473684,
20832804,native,41899879.698275864,
20832577,native,46973294.62962963,
20832894,native,31759254.832298137,
20835581,native,34540318.817567565,
20832366,native,20386890.482213438,
20831681,native,33337939.83006536,
20834470,native,44773488.481818184,
20832726,native,45193846.40833333,
20834854,native,41651962.6504065,
20832495,native,43978614.44628099,
20834681,native,49502314.66037736,
20832883,native,31444997.970760234,
20832468,native,44193790.0,
20832912,native,31457104.834355827,
20832888,native,26365041.93170732,
20832683,native,69233423.64,
20834248,native,34245682.35616438,
20831741,native,24939484.076190475,
20832771,native,37295833.87407407,
20835932,native,40045445.20754717,
20831860,native,50470188.57281554,
20832842,native,30333507.595238097,
20832472,native,33965905.15337423,
20835760,native,19663368.56766917,
20835772,native,63275017.3875,
20834483,native,52665353.51485149,
20834030,native,57116640.791666664,
20832809,native,22435562.11842105,
20835710,native,40886652.00813008,
20834253,native,47152193.54545455,
20835601,native,71836376.32394366,
20835403,native,64024623.97530864,
20832742,native,47566183.38181818,
20831264,native,62397745.49411765,
20831499,native,44239589.16831683,
20831846,native,30780716.84375,
20831299,native,48885897.938053094,
20831303,native,36075219.326241136,
20832522,native,58667491.409638554,
20834298,native,68570659.87323944,
20835953,native,48977225.5,
20832514,native,41912440.175,
20832861,native,42066944.95689655,
20832793,native,35325985.75177305,
20832695,native,39336011.14285714,
20834278,native,43475502.62608696,
20831762,native,35705605.687943265,
20831807,native,50503372.071428575,
20832805,native,46923977.25714286,
20832891,native,31935721.634615384,
20834471,native,39096433.219512194,
20832727,native,13525405.762569832,
20831682,native,28362703.261363637,
20832895,native,41422825.984126985,
20832884,native,32542782.10135135,
20834682,native,29075586.625730995,
20832469,native,24893145.233830847,
20835582,native,63561770.461538464,
20832367,native,74210785.60294117,
20832496,native,37805387.54961832,
20832913,native,33613511.53333333,
20835933,native,25236334.225806452,
20834249,native,39731329.768,
20834855,native,49493632.19417476,
20832684,native,50141447.98,
20832473,native,34784448.98529412,
20832889,native,70622784.91428572,
20831861,native,51728682.67741936,
20831742,native,41688407.00833333,
20832843,native,41231442.49152543,
20832772,native,50732761.31632653,
20835773,native,29209497.4566474,
20834254,native,52991636.78823529,
20832525,native,31041789.825,
20835761,native,68836749.36619718,
20832810,native,74922975.15151516,
20834484,native,33164132.717948716,
20835602,native,30019517.279503107,
20835711,native,56696204.92222222,
20835404,native,52473241.79591837,
20832743,native,44677666.88118812,
20832753,native,35002635.96923077,
20832885,native,42955383.137931034,
20831847,native,40848562.29752066,
20831745,native,40622483.18333333,
20831304,native,47397120.916666664,
20834299,native,35721550.801470585,
20832523,native,40020318.88095238,
20832515,native,30942205.56441718,
20835954,native,43049100.766666666,
20832696,native,15022436.387878789,
20832862,native,55168719.6,
20834279,native,36981100.86029412,
20832685,native,30432786.164285716,
20832892,native,52612021.88421053,
20831808,native,42944051.0338983,
20832794,native,38150474.5,
20832811,native,39394723.97692308,
20831683,native,45148357.42727273,
20834472,native,38887975.54615384,
20831763,native,33534352.575949367,
20832526,native,29006396.013986014,
20832497,native,39147799.528,
20831862,native,20960482.524886876,
20832914,native,37487321.984615386,
20832896,native,60413082.34939759,
20832776,native,31508845.92638037,
20834683,native,19758045.588461537,
20835583,native,49162541.66,
20832728,native,63643729.7625,
20832890,native,35647420.25362319,
20832470,native,52546777.3367347,
20832368,native,40494861.5,
20834856,native,51882136.71,
20832773,native,50293322.75268817,
20832474,native,57784107.55294117,
20834250,native,54114717.85555556,
20835934,native,53272355.571428575,
20835413,native,41539635.32743363,
20835762,native,43915944.68867925,
20834255,native,35412122.39285714,
20832844,native,43217536.652173914,
20835774,native,67758718.05479452,
20831743,native,41079129.421875,
20835603,native,33208827.364864863,
20834485,native,35741754.80419581,
20835712,native,46714979.972972974,
20832744,native,53006879.2962963,
20835405,native,32330776.173076924,
20832754,native,30009974.266666666,
20832886,native,54091062.48387097,
20831746,native,31683849.838509317,
20831848,native,49344961.85714286,
20831305,native,72575876.39436619,
20832795,native,43982177.82524272,
20832893,native,46613987.92079208,
20832524,native,34231501.647435896,
20832516,native,28361526.6344086,
20835955,native,34937505.653333336,
20832697,native,55337485.548387095,
20834280,native,38418171.74264706,
20831809,native,35220147.31724138,
20832915,native,42982382.938053094,
20832863,native,40124979.04347826,
20832897,native,13090739.565789474,
20832686,native,37897399.95,
20834473,native,68581874.20547946,
20834300,native,66750519.47727273,
20831684,native,59474694.89772727,
20832498,native,43078193.14876033,
20832471,native,56596077.375,
20834863,native,65540212.73076923,
20832777,native,34154701.28104575,
20831764,native,51230607.554455444,
20832729,native,48064714.47169811,
20832527,native,78726400.62121212,
20835584,native,8324570.615733737,
20831863,native,47173839.0173913,
20835407,native,42183100.07438017,
20834857,native,31619483.282051284,
20834251,native,32451428.8,
20832369,native,18356139.38162544,
20834684,native,61836754.941176474,
20834256,native,28652964.023121387,
20835935,native,45166994.25862069,
20835414,native,36056192.43262412,
20832845,native,33496274.581699345,
20832774,native,32905777.19018405,
20832475,native,51130098.04854369,
20835775,native,20755846.576,
20831744,native,30058647.602339182,
20835763,native,56839453.83157895,
20835604,native,33533390.341935486,
20834486,native,42441994.78512397,
20835713,native,29368858.136363637,
20835406,native,42843791.445454545,
20832745,native,34253543.841772154,
20832755,native,37553073.184,
20832887,native,20246635.926829267,
20831747,native,11590161.730941704,
20831849,native,34244787.66206896,
20831306,native,15879790.76875,
20832698,native,15701654.215686275,
20832501,native,40040878.479674794,
20832796,native,29190481.681818184,
20832517,native,37393860.36296296,
20835976,native,36196822.26573426,
20831810,native,37439211.328,
20835956,native,30758802.404907975,
20834474,native,35560966.11029412,
20832864,native,44943780.44444445,
20832687,native,30726061.919254657,
20832898,native,30895427.202531647,
20834281,native,25973090.363636363,
20831685,native,29516734.214285713,
20834864,native,28777598.461988304,
20832499,native,38715268.5390625,
20831864,native,22592385.317535546,
20832528,native,47455844.35643564,
20832775,native,42362518.928571425,
20832916,native,42607745.496,
20835408,native,3924971.625296443,
20832797,native,37755164.099236645,
20834301,native,38971874.74074074,
20831765,native,39485479.984615386,
20832370,native,81054962.14545454,
20832778,native,48830954.42718446,
20834858,native,43034677.477876104,
20832730,native,38751022.27480916,
20834685,native,39761107.39830509,
20835585,native,69972766.86764705,
20832846,native,34383262.52173913,
20835415,native,42507876.840707965,
20834252,native,36137418.244755246,
20832476,native,34935181.89510489,
20834257,native,63101751.85185185,
20835714,native,7551687.047933884,
20835764,native,50069816.24731183,
20835936,native,67576304.12676056,
20835776,native,12043007.14221219,
20834487,native,16063267.910769232,
20835605,native,43514952.85344828,
20832390,native,43466008.26446281,
20832847,native,26717133.9947644,
20832746,native,47216265.15740741,
20832756,native,41383581.02479339,
20834488,native,48655844.11320755,
20832502,native,29354028.55151515,
20831850,native,47248630.20909091,
20831748,native,66784995.88,
20834686,native,33005364.236486487,
20831811,native,28443742.647398844,
20832518,native,32578262.46451613,
20831307,native,70176721.56578948,
20834475,native,23068254.144186046,
20835957,native,52155541.260416664,
20832699,native,89051142.0862069,
20832688,native,41611589.47933884,
20835977,native,61340765.20481928,
20832865,native,31917722.662576687,
20834302,native,32988972.19858156,
20831686,native,40370472.07438017,
20834282,native,51958657.947916664,
20834865,native,30046238.048484847,
20832917,native,37117043.43076923,
20832500,native,35072003.18439716,
20834259,native,42151045.35652174,
20831865,native,84449084.5,
20835409,native,65235689.61764706,
20832529,native,57717196.86046512,
20832899,native,64251965.975,
20832779,native,24315336.575609755,
20834859,native,47393135.10891089,
20832731,native,39597419.82926829,
20835613,native,34563020.0,
20832371,native,35691472.8115942,
20835589,native,34385655.45454545,
20832798,native,47665166.40952381,
20832477,native,48747036.741935484,
20831766,native,36784304.06206897,
20834258,native,28873547.920245398,
20835586,native,43692750.274336286,
20835937,native,30884626.980392158,
20835416,native,42117310.41322314,
20835715,native,80224958.87272727,
20835941,native,48567514.41904762,
20834306,native,69285973.15492958,
20832478,native,35463412.41304348,
20835606,native,41122614.788135596,
20832848,native,59357035.65753425,
20835777,native,70544105.38235295,
20832391,native,51511445.36190476,
20832747,native,14659198.366666667,
20832757,native,48441234.03960396,
20834489,native,72066214.1780822,
20834494,native,40363124.56666667,
20832503,native,42981497.96694215,
20831749,native,52348047.0,
20831308,native,42758180.288135596,
20831812,native,57210428.1978022,
20834262,native,63280880.74074074,
20834263,native,34536218.18,
20831309,native,24639432.325,
20835958,native,42159179.32,
20835610,native,31335554.595092025,
20832866,native,39927207.6984127,
20834283,native,42364259.62931035,
20834866,native,44142984.782608695,
20832700,native,56286418.13978495,
20835607,native,39827706.95804196,
20831866,native,38278763.0075188,
20832918,native,37883414.4632353,
20835978,native,46774958.761061944,
20832689,native,40544004.47407407,
20832530,native,43893563.31355932,
20835410,native,46296096.26126126,
20834303,native,43159007.24390244,
20834860,native,32018392.60625,
20832900,native,47112186.37837838,
20834260,native,43932238.17073171,
20835590,native,41133871.232,
20832732,native,33301830.275,
20832780,native,67330447.15789473,
20832799,native,48850189.495238096,
20835587,native,64129660.421052635,
20835608,native,42497230.425,
20832372,native,50382684.77227723,
20835614,native,52125405.57281554,
20835611,native,45494992.31858407,
20832392,native,29896296.404411763,
20835938,native,46544583.67272727,
20831816,native,37671493.37301587,
20835417,native,38607771.54814815,
20831767,native,65618458.8375,
20835942,native,20782282.636,
20834307,native,35795358.25,
20835716,native,42086415.071428575,
20832479,native,44719821.54545455,
20832748,native,40680312.82178218,
20832849,native,42283210.50434782,
20835778,native,77728860.57575758,
20832758,native,29823523.693641618,
20834490,native,39965706.34710744,
20834495,native,43393409.5,
20835619,native,24078179.57070707,
20831750,native,51105513.197916664,
20831813,native,41026229.67768595,
20832706,native,41792632.83050848,
20831310,native,37034331.366412215,
20832867,native,35436276.2132353,
20832504,native,50086774.78095238,
20834264,native,36188281.54285714,
20832701,native,41098309.448275864,
20831814,native,48868895.78571428,
20835959,native,36281214.842857145,
20831815,native,26219449.889473684,
20834867,native,42355040.97413793,
20834284,native,40025657.71428572,
20832919,native,13935557.930294907,
20834861,native,15964887.07028754,
20832901,native,31219769.724358976,
20835979,native,32720025.006451614,
20835588,native,28803909.725714285,
20835591,native,37502738.809523806,
20834304,native,43248873.91304348,
20832733,native,38885011.296875,
20835411,native,52489234.50526316,
20831867,native,37814887.85517241,
20834261,native,43891704.12711865,
20835612,native,41468505.26086956,
20832781,native,40674827.38095238,
20832690,native,56925586.684210524,
20832373,native,38625691.99206349,
20835615,native,38189333.95384616,
20832903,native,64936793.0,
20835609,native,51559699.77551021,
20832393,native,39168904.28125,
20835595,native,43449173.275,
20831768,native,18818358.312030077,
20835418,native,57035786.988372095,
20832850,native,44206318.12037037,
20831817,native,30913971.31764706,
20835939,native,39146673.55639098,
20834308,native,33652578.98039216,
20832480,native,30370112.894117646,
20835943,native,63493432.59259259,
20835717,native,53691832.635416664,
20835779,native,38259333.624,
20832749,native,49245384.557522126,
20832759,native,52746110.96039604,
20834496,native,35370635.93984962,
20834491,native,46242799.15238095,
20835947,native,32472985.466216218,gas-used mismatch for 0xd1bd1ac31c0ecca23343ec551ba67919464299a8aa5c4def7deceebc8c58ed94: expected 110817 found 56972
20832702,native,9537388.761616161,
20831311,native,36228460.58646616,
20832868,native,38359986.780487806,
20831751,native,32999480.344594594,
20832902,native,34964321.26428571,
20835412,native,32431021.43076923,
20835620,native,41488450.99166667,
20832707,native,36729547.572463766,
20834285,native,35751253.316176474,
20832953,native,36975234.17037037,
20835980,native,12499460.06393862,
20835960,native,49796675.54,
20834492,native,38380777.0952381,
20832481,native,46738932.30909091,
20831868,native,47752136.96875,
20832782,native,30467395.8627451,
20832505,native,57041803.38709678,
20835592,native,36280115.00735294,
20832920,native,51746438.125,
20835425,native,42076598.333333336,
20834862,native,60690588.44444445,
20832482,native,31911678.178807948,
20832691,native,32315828.166666668,
20834868,native,45887888.48648649,
20835593,native,30512141.208588958,
20834305,native,30384302.131428573,
20835616,native,36112201.2962963,
20835419,native,33334352.034246575,
20832904,native,43202453.49557522,
20832734,native,39716765.70769231,
20835596,native,39856376.65289256,
20832394,native,34812566.51748252,
20832851,native,12817463.677165354,
20834309,native,27830686.807017542,
20831769,native,43768189.801724136,
20832374,native,48870485.268518515,
20831818,native,38088547.23076923,
20831822,native,48018571.32380953,
20832785,native,36235281.63970588,
20835940,native,40855786.552,
20835944,native,50751382.822916664,
20831775,native,37490909.06015038,
20835780,native,33333290.411764707,
20832750,native,41973031.99186992,
20832760,native,33505142.054054055,
20834497,native,15624940.03939394,
20835950,native,44819876.76521739,
20831752,native,55096630.87096774,
20835621,native,60496978.243589744,
20835948,native,52096873.702970296,
20832708,native,48435570.37623762,
20831772,native,39354523.51908397,
20832703,native,56225961.91578947,
20832712,native,49762374.123809524,
20832869,native,54168668.346938774,
20832870,native,58013198.472527474,
20834493,native,37572126.23846154,
20832954,native,21601503.18292683,
20835961,native,23745912.26363636,
20831869,native,39331703.396946564,
20834286,native,54658443.85263158,
20832921,native,38970756.5859375,
20835426,native,23731942.810185187,
20832783,native,40490887.9609375,
20835981,native,49558651.1981982,
20832506,native,53649408.68367347,
20831872,native,53133087.145833336,
20832692,native,27958693.23655914,
20832483,native,40176243.5546875,
20835420,native,35276507.24827586,
20832905,native,13870676.871313673,
20834869,native,49355817.50943396,
20831770,native,43112834.75,
20831778,native,46121280.68468469,
20835597,native,28244506.22777778,
20835617,native,47729448.5462963,
20835594,native,48732496.061946906,
20832704,native,52334405.5945946,
20832735,native,54265791.802083336,
20831754,native,29233619.67204301,
20832395,native,44229596.584745765,
20832375,native,37234693.89705882,
20834310,native,35692909.19178082,
20831819,native,27611628.302702703,
20832852,native,74371480.25714286,
20831823,native,38700693.45112782,
20831776,native,29509048.312883437,
20832786,native,53949969.86021505,
20831771,native,35164105.68493151,
20832751,native,15127501.857638888,
20835945,native,54420720.53125,
20835781,native,35029257.82666667,
20832761,native,30991908.896774195,
20834498,native,58760054.89156626,
20835951,native,42687637.18918919,
20835622,native,25521976.385,
20831753,native,61513808.481481485,
20831773,native,36930947.992592596,
20832713,native,38865460.06349207,
20835952,native,16813551.35409836,
20832709,native,54762215.78494623,
20835949,native,36237182.827586204,
20835962,native,27851515.5,
20832871,native,28867664.755555555,
20831820,native,38277048.83969466,
20834499,native,39701910.984375,
20832955,native,64871617.75,
20832873,native,40748315.03478261,
20834287,native,31840772.251533743,
20832922,native,51402764.83,
20834870,native,40559164.17355372,
20831873,native,30718629.30952381,
20832784,native,40978839.65648855,
20835982,native,46493479.97272728,
20831870,native,51995591.11,
20835598,native,34611874.67832168,
20832976,native,51804705.495145634,
20835421,native,45564460.60909091,
20832693,native,76279837.66153847,
20832736,native,29856711.01190476,
20832876,native,37709299.65248227,
20835618,native,53079241.447916664,
20832376,native,29058040.535714287,
20831755,native,27409081.837837838,
20832396,native,41676781.19834711,
20832705,native,38933634.08461539,
20831777,native,38864731.23703704,
20835623,native,64288035.70512821,
20831779,native,47945323.81081081,
20835427,native,77500665.39393939,
20832853,native,12875112.811704835,
20834311,native,36663485.319148935,
20831780,native,25775785.285,
20835988,native,47980453.17272727,
20832874,native,38060839.31851852,
20835946,native,40070340.952,
20831824,native,35392819.89102564,
20832752,native,86350046.48333333,
20832787,native,61794397.0,
20835782,native,17323579.375,
20832762,native,55818064.15625,
20831774,native,25616210.23036649,
20831821,native,22520370.047368422,
20835985,native,43889811.60869565,
20832763,native,33060659.83216783,
20832715,native,35140927.85106383,
20835624,native,15279074.900302114,
20832710,native,41910639.59322034,
20832714,native,62807598.825,
20835599,native,28822050.691428572,
20832716,native,31832048.083333332,
20832872,native,35275701.347826086,
20834872,native,38953713.76335878,
20835963,native,57255141.60465116,
20831871,native,42631695.96116505,
20832956,native,44761993.09090909,
20832717,native,38138354.832,
20831874,native,4850483.23326572,
20831825,native,34835617.14685315,
20834871,native,43205920.761061944,
20832711,native,33720821.64539007,
20835983,native,38335558.5703125,
20832923,native,31725104.80625,
20835422,native,32228263.46357616,
20835994,native,39504083.825,
20832977,native,35144227.91489362,
20831756,native,38325881.50769231,
20832377,native,36444767.73529412,
20832737,native,32630082.761589404,
20832964,native,47249517.24761905,
20832877,native,29936900.07142857,
20832879,native,38362161.24,
20832397,native,31837874.993589744,
20835964,native,51124868.91836735,
20832929,native,46117282.56190476,
20832413,native,36862637.691176474,
20832878,native,29776993.409356724,
20835428,native,48428367.72815534,
20835989,native,41732520.88695652,
20832875,native,54237624.68888889,
20834873,native,45220245.423423424,
20832854,native,69754288.63380282,
20832970,native,60229302.4,
20832425,native,37886838.53435115,
20832401,native,48528038.708737865,
20832880,native,42308271.23809524,
20834874,native,57286055.233333334,
20835783,native,76893782.26153846,
20832958,native,39890408.99090909,
20832881,native,62399391.10843374,
20832764,native,29736146.909638554,
20835986,native,37772192.1617647,
20832738,native,51519641.114285715,
20832973,native,13453214.435261708,
20832967,native,45829071.86363637,
20831826,native,31232959.493243244,
20832856,native,39946302.6984127,
20832965,native,48767033.141509436,
20835600,native,32359058.5,
20835984,native,32555022.04117647,
20832739,native,33274939.225806452,
20835987,native,38700300.18115942,
20832398,native,30178819.206060607,
20835423,native,40013921.32539683,
20832957,native,50200814.190476194,
20832857,native,49377858.104761906,
20832961,native,37741522.6484375,
20832378,native,40751104.076271184,
20835431,native,75374424.70769231,
20832971,native,45908968.39534884,
20832978,native,37108168.69924812,
20835995,native,34681847.54109589,
20835424,native,54482338.473684214,
20832399,native,53186329.95698924,
20835991,native,38722998.24264706,
20835992,native,42102814.27642276,
20835429,native,31640322.85882353,
20831827,native,38063815.5,
20832924,native,39280398.155555554,
20832414,native,29291480.35714286,
20832740,native,38022313.32824428,
20832858,native,74413963.11267605,
20832974,native,46845554.56603774,
20835990,native,37320462.64661654,
20832930,native,38926404.294117644,
20835965,native,36533065.28965517,
20835970,native,73077077.46478873,
20835993,native,35627033.85185185,
20835967,native,22843989.072727274,
20832855,native,36801984.9632353,
20832959,native,30694883.830409355,
20832426,native,34513502.386206895,
20832402,native,20167196.81069959,
20835434,native,50273708.182795696,
20832431,native,21693615.049327355,
20832400,native,30503221.71153846,
20835784,native,34497672.03448276,
20832384,native,34504966.32867133,
20832428,native,32941312.562091503,
20832962,native,9976734.447105788,
20832968,native,53746924.916666664,
20835435,native,42671413.516666666,
20835968,native,68118845.19736843,
20832427,native,43438050.6,
20835430,native,18071375.590106007,
20832434,native,35963101.17482518,
20832941,native,29760427.68,
20835997,native,35374854.31724138,
20835973,native,38410402.17557252,
20832966,native,32562952.545454547,
20835436,native,42984944.34710744,
20832387,native,55177905.91836735,
20832419,native,43808977.330434784,
20832381,native,46103515.17699115,
20832379,native,29720145.458333332,
20835432,native,36068332.678571425,
20832433,native,32742132.11764706,
20832422,native,43258715.2,
20832979,native,41604589.08943089,
20832432,native,87112320.29508197,
20835996,native,51092697.73469388,
20835433,native,45714756.3,
20832960,native,47659553.00925926,
20832429,native,43142420.71666667,
20832385,native,36432100.625954196,
20832415,native,52141199.78571428,
20832421,native,43432628.03539823,
20832420,native,34340180.93464052,
20832963,native,56333682.0989011,
20832925,native,47000792.18584071,
20832931,native,40625671.39669421,
20832972,native,58016348.37894737,
20832975,native,62799472.253012046,
20832423,native,16744621.578431373,
20835966,native,94550541.27272727,
20835788,native,46793886.62264151,
20835971,native,36425609.02027027,
20832435,native,49578425.358490564,
20832969,native,41797810.98373984,
20832407,native,59135215.88372093,
20832436,native,34297602.22,
20832403,native,72843142.74647887,
20835972,native,40284988.421052635,
20835974,native,40085172.64444444,
20835785,native,40179970.01481482,
20835786,native,50020859.29473684,
20835800,native,35231461.353846155,
20832430,native,39508520.39230769,
20832388,native,16048561.051446944,
20835806,native,44534099.96460177,
20832416,native,46095110.36111111,
20835969,native,36468043.12142857,
20835794,native,23869024.014285713,
20832380,native,42153558.746031746,
20835998,native,31741343.352564104,
20835787,native,18632787.248148147,
20832404,native,36497581.68148148,
20832942,native,37101566.67391305,
20832405,native,35180810.35,
20835809,native,57150735.47777778,
20832389,native,73701693.38571429,
20832988,native,35873076.82608695,
20835811,native,38196850.3382353,
20832417,native,46885545.10810811,
20832980,native,43750680.33913043,
20832944,native,25135280.41836735,
20835810,native,57894915.88636363,
20832386,native,37721508.358778626,
20832948,native,36165606.02962963,
20832382,native,36409992.55483871,
20835999,native,52789065.927083336,
20835803,native,46105976.03603604,
20835801,native,47266998.425925925,
20832950,native,42109387.56779661,
20832926,native,45440651.51724138,
20832932,native,43021629.301724136,
20832947,native,41747666.6984127,
20832945,native,53286841.67741936,
20832943,native,44175305.22608696,
20835802,native,37950087.74074074,
20835791,native,51710060.75728156,
20832927,native,48828378.5631068,
20832408,native,25494003.887179486,
20832424,native,65939262.093333334,
20835790,native,35013904.533783786,
20832982,native,38931926.29230769,
20835789,native,46707815.21551724,
20832406,native,37293860.3,
20835792,native,40714322.14285714,
20835975,native,47904620.762376234,
20832949,native,49167544.31428572,
20832981,native,44920466.603174604,
20832383,native,54808477.406593405,
20832410,native,60919373.946666665,
20835804,native,30895978.693251535,
20832418,native,47136160.32653061,
20832411,native,37066184.58730159,
20832412,native,31636110.524137933,
20832946,native,44942391.77142857,
20835797,native,37769566.52,
20835807,native,33772295.80405405,
20835796,native,42085833.8,
20832951,native,31348869.751633987,
20835795,native,54376933.222222224,
20835793,native,41271989.41441441,
20832935,native,52239597.1,
20832933,native,41509923.06603774,
20832409,native,42762348.09009009,
20832928,native,28932335.58235294,
20832952,native,40862906.68141593,
20832938,native,45834266.7264151,
20832989,native,35146097.46428572,
20832985,native,26954806.78409091,
20832936,native,40803087.443478264,
20832937,native,26262459.983146068,
20832934,native,34584901.84057971,gas-used mismatch for 0xf537a37867cc38723110e828d4d79c1753d87819018cdb95fd750883104c54fc: expected 139931 found 86119
20832997,native,45812977.96039604,
20832939,native,56923784.25333333,
20832995,native,31580510.537931036,
20832987,native,35882934.640625,
20835799,native,34045315.08888889,
20832990,native,39408114.4137931,
20832991,native,44220969.16,
20832983,native,57419740.8,
20835798,native,33396907.79452055,
20832996,native,31877563.782608695,
20835805,native,38680274.1,
20832986,native,39568682.78861789,
20832992,native,31027901.195804197,
20832993,native,12121854.681034483,
20832984,native,37698431.06779661,
20835808,native,19273706.1125,
20832998,native,33050486.170212764,
20832940,native,32898436.824,
20832999,native,38798215.3220339,
20832994,native,70532252.84848484,
20831734,aot,34024115.183206104,
20831640,aot,56801350.074074075,
20832343,aot,39012701.406504065,
20830104,aot,41530097.796460174,
20834125,aot,57861675.1686747,gas-used mismatch for 0xa2cff21328dbfbe69bd3c7e97baa788dfa8f22769daf3dd83fc6bb6771062f15: expected 340140 found 156316
20831898,aot,37242681.67175572,
20831851,aot,42189124.68644068,
20830140,aot,50468188.625,
20830128,aot,23348463.427272726,
20830096,aot,38954390.15384615,
20831781,aot,13346144.910669975,
20830105,aot,31797911.260869566,
20831968,aot,49212509.732673265,
20831523,aot,25934184.723809525,
20830375,aot,38956382.0,
20830116,aot,13477646.355555555,
20830093,aot,31948037.624242425,
20830107,aot,35186868.84827586,
20831616,aot,73036750.01470588,gas-used mismatch for 0x0d5d5787c957d719bdb3a18ec13de131c1c3badb75633f06f5b865fb22608d58: expected 213079 found 144528
20831687,aot,41107697.7,gas-used mismatch for 0xb8493f11858df11158159a309037b085cacf211273ee96df33d30515c4917e47: expected 264637 found 242635
20831622,aot,40313667.67175572,
20831921,aot,62670888.4125,
20830468,aot,75588050.98360656,
20830122,aot,42872543.41322314,
20832156,aot,55148614.451612905,
20830750,aot,33537238.03164557,
20830095,aot,40758417.172932334,gas-used mismatch for 0x271bfb543b838ffb6d4b1282c6c8c4d71e8f8e81c7236e7a3008aae27ca36064: expected 481938 found 95928
20831546,aot,43828307.317073174,
20832062,aot,50274855.02912621,
20830098,aot,36554150.04054054,
20830187,aot,55174974.4,
20831628,aot,77464247.45454545,
20832250,aot,59390524.78888889,
20830000,aot,45461062.448275864,
20831828,aot,50880979.43518519,
20831804,aot,48849515.81081081,
20830562,aot,52052384.79207921,
20832437,aot,36075060.12903226,
20832296,aot,37961516.131034486,
20830110,aot,40784253.705882356,
20831875,aot,80037438.76923077,
20830094,aot,36077537.44516129,
20834500,aot,60872976.43333333,
20833750,aot,34201096.85294118,
20831500,aot,55972395.297029704,
20831593,aot,51877117.627272725,
20833000,aot,52715642.03703704,
20832625,aot,68631841.54545455,
20831735,aot,34323238.4822695,
20831899,aot,10893808.410672855,
20833937,aot,25491080.059139784,
20830469,aot,17184941.85769231,
20832344,aot,33085245.573333334,
20831641,aot,68638804.64788732,
20831852,aot,37630427.04580153,gas-used mismatch for 0x4783b0c376d3ba83bd9d64ad729fd3ec1d0f523b18e3317ef28c0f9b4de469db: expected 280212 found 190439
20831617,aot,31115180.95945946,
20834126,aot,44076729.5945946,
20830097,aot,43467706.35185185,
20830376,aot,9093337.260787992,
20831782,aot,44741858.1509434,
20830106,aot,49182584.458333336,gas-used mismatch for 0x3a08e45872fc5cc89c725d3ea590f8845297ea9feedea998d23aabbb17cec089: expected 198398 found 82074
20831757,aot,10238986.947698744,
20830141,aot,37456084.022556394,
20832251,aot,28666740.248447206,
20830111,aot,29012951.393548388,
20831922,aot,46638073.574257426,
20831623,aot,10083670.681632653,
20830188,aot,31916054.239726026,
20830099,aot,34789485.233082704,
20832157,aot,23450485.933333334,
20831969,aot,15659787.23364486,
20831125,aot,31499791.437908497,gas-used mismatch for 0xcd644eda4f9196a18dd6c2106411e27ef03955cdd8cb22401f433d8f6c5fbfb4: expected 410539 found 296810
20830129,aot,34524353.5862069,
20832297,aot,35128162.86259542,
20831547,aot,21432639.796460178,
20831876,aot,37511421.008,gas-used mismatch for 0xf9ab89b12ad6000a81b1c3a51d35b868ed092679767af96f8ac8540dfea7beac: expected 223599 found 144559
20831829,aot,35915567.45384616,
20830751,aot,22213607.32,
20830108,aot,44341302.50909091,
20831688,aot,38624377.546875,
20831629,aot,32560859.42384106,gas-used mismatch for 0xdac2c37dab1c88522b4efd6018d67f08f6a42bdc5d698880b253f5287c6f1362: expected 279904 found 245513
20832063,aot,40189170.227642275,
20832531,aot,31055738.437908497,
20830117,aot,57492079.47058824,
20830001,aot,42960179.983050846,gas-used mismatch for 0xe0bf6448cf12ce0a3af22a0e8c6e93a60e4f468ee2e0172094b8a7056da65789: expected 264589 found 242587
20830123,aot,41381974.20661157,
20832438,aot,37612608.57251909,
20834501,aot,36186351.47328244,
20831805,aot,32363155.741935484,
20833001,aot,23388051.12195122,
20831524,aot,75105501.21538462,
20833751,aot,62560448.46666667,
20831501,aot,33583766.69934641,
20831594,aot,28186299.53888889,
20830563,aot,61656095.98795181,gas-used mismatch for 0xeb3b215444eb028d0b7d623a9e948d7e6c59adf6aec3d713ca31aca45aba0d0a: expected 297098 found 275961
20832626,aot,42332983.99152543,
20831736,aot,36510868.86231884,
20833938,aot,29660980.80357143,
20831900,aot,52355673.12244898,
20830100,aot,33093379.11029412,
20831853,aot,25674334.295566503,
20832345,aot,38055045.07971015,
20832298,aot,52064943.1627907,
20834127,aot,39498604.54198473,gas-used mismatch for 0xb68db064d7fe5489c62a813bd4180d078351f5da73c65c8ff8b8ed13dd24a2cf: expected 250497 found 197493
20831618,aot,28122034.021276597,gas-used mismatch for 0x5be8f8f3b1c9d3f6cbaf417644452e9fc50ed42bf4f7d33741cf060dfe1d772f: expected 620318 found 401774
20831642,aot,39472157.78947368,
20831663,aot,49429820.08163265,
20831630,aot,21913451.59090909,
20830163,aot,31400755.75949367,
20830130,aot,31074892.827814568,
20831548,aot,50146427.70526316,
20831783,aot,22577931.18025751,
20831923,aot,20820477.24481328,
20833002,aot,29419825.066225167,
20830377,aot,57211210.02469136,
20832158,aot,71025120.21917808,gas-used mismatch for 0xca79a0153ea2c4936f783b9eaee47018224089e5f57c6255c1524aaf024a88ff: expected 362303 found 132687
20830112,aot,31679029.53846154,
20831830,aot,32413927.42580645,
20831877,aot,34659414.83561644,
20830189,aot,29576562.31764706,
20831758,aot,56036161.89772727,gas-used mismatch for 0xd853ecffa8ddc34691aeaa0d555d20adaf9277f4ea33455f4b02a9afdb330641: expected 435763 found 95868
20830142,aot,36042294.85106383,
20830118,aot,31379006.35483871,
20831689,aot,34618248.4,
20834502,aot,42682439.35454545,
20832064,aot,28515296.646067414,
20832532,aot,56863352.31764706,
20830109,aot,32560035.692307692,
20831970,aot,59454166.32098766,
20830124,aot,32155511.1986755,
20830470,aot,85479978.3773585,
20832439,aot,37076727.21538462,
20831126,aot,39612117.876811594,gas-used mismatch for 0x6dc2054c7c7f1e6f713b375f1bd41f92b9eb2b5c8abc69faa905af90e9fbd5e0: expected 410539 found 296810
20831806,aot,31233552.993589744,
20830564,aot,26591120.11797753,
20831624,aot,59645945.98795181,
20831525,aot,25972755.518134713,
20832252,aot,47582782.53097345,
20830002,aot,36243988.95714286,
20833752,aot,31421373.73548387,
20831595,aot,23348791.34123223,
20830752,aot,65857390.7368421,
20831502,aot,30411779.57738095,
20832627,aot,46912291.12871287,
20831737,aot,32793385.18064516,
20833939,aot,34123077.653333336,gas-used mismatch for 0x52aa411e9a7aa7ed007a00020ab1bf8d201dbbfef35dd4946a52e64d925c0eee: expected 349705 found 219931
20832346,aot,29352893.48,
20831878,aot,48781632.833333336,
20831643,aot,34150254.96575342,
20831971,aot,30594790.307692308,
20830101,aot,34414851.94701987,
20831664,aot,19825594.421875,gas-used mismatch for 0xe440597a7b32c48cdf283d31d3d33b2fc9c647fcff39a2f7ff75961a1a777bf1: expected 337347 found 95916
20831619,aot,69923398.14084508,
20831901,aot,44513448.78448276,
20832299,aot,36284228.303448275,
20831924,aot,46764699.72815534,
20831854,aot,52252433.41584159,
20830164,aot,42231846.88333333,
20830131,aot,30763102.108433735,
20830190,aot,27445376.52808989,
20831549,aot,47768968.41509434,gas-used mismatch for 0x1d1d54364cd8bc7857bfdee1af2b45c3e0f80e04f7ede77263e3bd12a8a687c5: expected 223709 found 144559
20831831,aot,36943813.419117644,gas-used mismatch for 0x214e25dbce8cda3ef269a58daae20bb2365089c3e3306e0df53222df2b79ef75: expected 287478 found 202788
20834128,aot,43725180.3553719,
20831631,aot,64285062.493827164,
20830113,aot,46672915.73584906,
20830119,aot,33827471.529801324,
20830378,aot,34356049.18064516,
20832533,aot,45982835.14545455,
20830120,aot,36101731.32608695,
20830125,aot,29507571.605882354,
20832159,aot,34909173.0,
20831784,aot,49628318.0462963,
20832440,aot,40110181.79365079,
20830143,aot,37909397.4,
20831127,aot,36531519.057142854,gas-used mismatch for 0xa277f18893d10997a335f6401c8966b0d687897895ddf7de3b330856de74c6f9: expected 410539 found 296810
20831690,aot,32979255.379746836,
20831625,aot,32055900.39873418,
20830003,aot,42445713.56779661,
20831526,aot,36062855.29370629,
20832065,aot,31905953.38095238,
20830471,aot,44764394.20869565,
20833753,aot,36649161.54609929,
20831759,aot,38957202.42142857,
20831807,aot,48965376.952380955,
20830753,aot,39123147.352,
20831503,aot,47659281.15841584,
20831596,aot,69946060.18571429,
20834503,aot,58667822.89772727,
20833003,aot,51319141.216981135,
20832253,aot,37695241.39007092,
20830565,aot,73754170.85915492,
20832628,aot,44363424.49557522,
20831738,aot,26130036.824468084,
20833940,aot,40700468.71304348,
20831855,aot,37507311.00833333,
20831632,aot,47787480.83516484,gas-used mismatch for 0x3ea4d3332eaa2f13bae2cf30411c1dbf1456492a47e7af9500f3b20ac45f699a: expected 476903 found 95928
20831620,aot,29382136.80120482,
20832300,aot,36218395.27480916,gas-used mismatch for 0xad8cad2db3cabdd5248b8e883310951398dc9cc4cd61516b4d3dc48b6f8d8afb: expected 799163 found 446552
20832347,aot,36011206.99264706,
20831665,aot,64582694.38666666,gas-used mismatch for 0x8028d0314710c2b3edb32d408d9d655668d216bac6cc8590426e1a45efef19a8: expected 674197 found 471900
20830102,aot,33035523.80666667,
20831879,aot,51870156.11827957,
20831644,aot,33057111.326797385,
20834129,aot,27972004.029239766,gas-used mismatch for 0xeadcfb1a00ad227dfeee35cc6aeda689d24a05afd8a0dc0abaf58d5ce7267afc: expected 633642 found 299607
20830165,aot,39657825.967479676,
20831902,aot,55734984.46590909,gas-used mismatch for 0x5fad0927396f5a9a0a470e51c4b913f8f8faae89a856954a2010366a19bc4842: expected 322791 found 95868
20834504,aot,37208933.20720721,
20830114,aot,7330127.230534351,
20832160,aot,36745796.29268292,
20831550,aot,40614925.72357724,
20830379,aot,26121434.779005524,
20832441,aot,11487126.845783133,gas-used mismatch for 0x3e0df4ba59aabf3a7fa5a644139fa5a6b85f9413ea781d9a5da83641cc6b9f74: expected 386587 found 95880
20830132,aot,36387366.02127659,
20832534,aot,25540001.510638297,
20830191,aot,52276855.684210524,
20831972,aot,44630741.7107438,
20830144,aot,35442647.83206107,
20831832,aot,60332878.54216868,
20830121,aot,38917816.92063492,
20831925,aot,62889504.084337346,
20831785,aot,34764648.418439716,
20830126,aot,29363675.90588235,
20831626,aot,39444052.520325206,gas-used mismatch for 0x9f03ce279171d39cab364fd1b0d8cdedff34465f8dd48a8e1be500e65113a75a: expected 252789 found 209807
20830004,aot,31979034.470588237,
20831128,aot,41239260.83739837,gas-used mismatch for 0xf72972cc59c2a3e48486793f7fb48f258fce4c479dfa9272e644c0a96c30ffb0: expected 610265 found 296810
20831760,aot,36903676.02307692,
20831691,aot,35432135.20567376,
20832254,aot,15601330.241269842,
20830472,aot,46739117.16981132,gas-used mismatch for 0x1c53c31dc1c1ee9ab572d740b18c8c54d8cc9f0a155dadc41f2aa382dcbfdb1a: expected 262840 found 245549
20831527,aot,35619180.042553194,
20832066,aot,42112285.50833333,
20833004,aot,47658441.932038836,
20831808,aot,41263721.601626016,
20833754,aot,41783551.04237288,
20831504,aot,34448518.38,gas-used mismatch for 0x8beb8421e62561f61eac46d0297282824a65969308bf833ad8e01c24e6635e04: expected 300000 found 266911
20831597,aot,22307785.506437767,
20830754,aot,43161872.94214876,
20830937,aot,51477379.41584159,
20832629,aot,37812362.578125,
20830566,aot,32174638.36196319,
20833941,aot,34899405.5,gas-used mismatch for 0x1575f47537a33c5260a86acba92900cf8d8764124375b00ec766c984cae1757d: expected 935099 found 884498
20831739,aot,40741171.47107438,
20831645,aot,41159950.69369369,
20832301,aot,43518978.428571425,
20831633,aot,31930371.522580646,
20831666,aot,27905357.474285714,gas-used mismatch for 0x7b2ecbb5f0657e4fa260dcc866e2f094343e87a46b8f40950aec1c006d10598d: expected 763229 found 329787
20832348,aot,41383760.20689655,
20831621,aot,36927851.496296294,
20831856,aot,32106410.050632913,
20831880,aot,38395566.640625,gas-used mismatch for 0x18b6293fdf969ee389c8863a5112da161c8e5de7e4ea888cfdb1d0ef2d11c0e3: expected 317778 found 95940
20830166,aot,29607095.715151515,
20831903,aot,30286192.919254657,
20830145,aot,30220720.48366013,gas-used mismatch for 0x5df4a1ed4bdedc2328a70f16410ee7c376fb3a050b6aa06ced5f12c74eeb49de: expected 407943 found 95880
20834130,aot,45779541.75,gas-used mismatch for 0x5e354f630ad0a0d8b2c7d6d653c187fa5aa7a49cf914909ef5b55019eb002bcf: expected 227998 found 189044
20834505,aot,39772010.87603306,
20830192,aot,26518293.320441987,gas-used mismatch for 0x05a3927c72ab124a6e1cf335ade627dbace147dd4a80530b693cf6c629adb6d3: expected 360151 found 317150
20831551,aot,50182119.07368421,
20830133,aot,25618253.48924731,
20831761,aot,26825998.222891565,
20832161,aot,49731996.10891089,
20830115,aot,55947574.32954545,
20830380,aot,36257884.691176474,
20832535,aot,53816117.32967033,
20831833,aot,22607159.64351852,
20830103,aot,45943515.51351351,
20831973,aot,48104767.83168317,
20831786,aot,37154134.31538462,
20831926,aot,26464902.67027027,
20832442,aot,69117754.25714286,
20830005,aot,22289522.253393665,
20831627,aot,44106061.973451324,
20831129,aot,29235275.429411765,gas-used mismatch for 0x1600a35ac241b1284d8e49d8c523b1eb3170135e1811f6db9ce3f9a0b8b42105: expected 610265 found 296810
20830127,aot,39944342.67460317,
20831692,aot,62549153.974358976,
20832067,aot,12472188.11,
20830473,aot,32823593.086092714,
20833005,aot,31610427.025806453,
20833755,aot,30919355.411392406,
20831809,aot,33444719.945945945,
20830938,aot,36166306.64705882,
20832630,aot,36151076.19847328,
20830755,aot,51913240.91578947,
20831505,aot,34080708.52317881,
20831710,aot,47637444.76521739,
20832255,aot,62538165.69879518,
20831598,aot,61610331.615384616,
20831528,aot,82304370.61904761,gas-used mismatch for 0x92babbe281fffd23d95cada66f6e3dd10dcb8801247a66a3a90422d6daff7818: expected 1029861 found 731117
20830567,aot,49066923.56363636,gas-used mismatch for 0x19d6433901747886e7b5aa4bdd27369b98cf7af8d5439134256bc1cc48327149: expected 282674 found 49274
20833942,aot,59590874.31395349,
20831740,aot,27105137.39893617,
20831646,aot,41741416.12195122,
20831857,aot,35864305.60294118,
20831634,aot,42152107.18699187,
20831881,aot,29711933.064705882,
20834506,aot,29921156.403614458,
20832302,aot,43285690.58677686,
20830167,aot,17094235.48837209,
20831974,aot,35146769.461538464,
20830146,aot,42008837.666666664,
20832443,aot,36528430.704,
20831787,aot,43136260.02830189,
20831722,aot,51317051.76,
20832349,aot,16580673.736842105,
20831667,aot,51193761.43564356,
20831904,aot,41164442.20634921,
20834131,aot,36121288.49285714,
20830137,aot,36382395.0942029,
20830193,aot,34278285.32903226,
20832536,aot,37689479.68888889,
20833756,aot,64622341.9047619,
20831792,aot,26235745.484693877,
20831834,aot,37283701.0882353,
20831927,aot,32660259.781456955,
20831762,aot,35656796.02027027,
20831552,aot,44289539.06666667,
20830381,aot,58137701.29545455,
20832162,aot,37745429.25,
20830134,aot,45139996.49586777,
20830006,aot,43052198.19130435,gas-used mismatch for 0x6b615da6e7e80e52a3debe3a193335be6aab08fd48e8ac5de7ba323de875da9a: expected 190000 found 81798
20830474,aot,40330883.56198347,gas-used mismatch for 0x3ccd5edfd31d1a775636fd78c43a8ac0cbf64957c3f665ab2cadb8ea80a9a41c: expected 391675 found 95880
20831693,aot,33130738.445945945,
20831839,aot,35476476.81118881,
20830939,aot,29570457.9625,
20830756,aot,31673796.546666667,
20833006,aot,58252136.62352941,
20831130,aot,22380844.92436975,gas-used mismatch for 0xc8911f85ff8cfa886563836f224f8744d6d3e7c791054816a7fcad6392969e0f: expected 610265 found 296810
20831810,aot,35994381.34042553,
20832068,aot,67610502.43835616,gas-used mismatch for 0xbdce8a1385a79c1ccc64ec4e32ed7dea3545048ec36f92b5c31ef9d5b3195d8e: expected 333669 found 95880
20831711,aot,14030658.095774649,
20832256,aot,37489976.907692306,
20832631,aot,34202528.033783786,
20831599,aot,37518382.27941176,
20831863,aot,51510104.39090909,
20831529,aot,30992221.300613496,
20831506,aot,31960553.107954547,
20830568,aot,32404510.81935484,
20831741,aot,22659447.418719213,
20833943,aot,10544767.135983264,
20831858,aot,34038507.089655176,
20831635,aot,18708696.759398498,
20830382,aot,17200964.446153846,
20830168,aot,15813558.64375,
20834507,aot,46121282.09259259,
20831647,aot,50638824.689320385,
20831975,aot,28644261.988571428,
20832444,aot,16158279.977635782,
20832350,aot,7554073.228826151,
20831668,aot,45445412.731481485,
20831788,aot,28688088.84090909,
20831723,aot,41596054.583333336,
20831882,aot,31876141.73619632,
20830147,aot,43129638.355932206,
20832303,aot,35643392.172413796,
20831905,aot,39751752.712,
20834132,aot,18107255.291814946,
20832163,aot,33420915.24657534,
20831763,aot,28808562.022857144,gas-used mismatch for 0x73e0aa811fde295cafc3c0c569db3435e4ee14464b7356b08354fbf85834c488: expected 266951 found 219661
20830194,aot,30127342.696969695,
20831553,aot,21423302.830508474,gas-used mismatch for 0x39bbdeefd45a5159c19504cc8fe4454f5f697791e3ec89c0c6906781d826ac02: expected 258367 found 168369
20831835,aot,29813797.02352941,
20830138,aot,27935881.45945946,
20832537,aot,40965489.832,
20830007,aot,32049472.217948716,gas-used mismatch for 0x8bf3914ef377fcb0454ac17f61315c372e1d51b98fb0da01947e8a5cf63a065c: expected 360139 found 317138
20830135,aot,28210057.045454547,
20831928,aot,37736251.73913044,
20833757,aot,35571925.92,
20831694,aot,37154233.22463768,
20830757,aot,36545814.89855073,
20830940,aot,50861760.23,
20831131,aot,67141307.4,gas-used mismatch for 0xdc09ab78332bf4533f64e38f9ea87dd684a10fa209aab68718d23988636760a3: expected 610265 found 296810
20833007,aot,33187395.96153846,gas-used mismatch for 0xe3a785f5300f34e2b26b80b5585e26c82c8b08da15c25f412c1eb8c52808b9de: expected 1405920 found 213572
20831840,aot,30238731.005555555,
20832632,aot,38331454.16153846,gas-used mismatch for 0x83da14822514b2119d4b5f2aadc3a3e2456331d4dbb809c7e9108cadbedc1c95: expected 1059465 found 871316
20832257,aot,40109112.296,
20832069,aot,34731419.4054054,
20830475,aot,39887100.86029412,
20831507,aot,36298996.59504132,
20831811,aot,28696466.383783784,
20831793,aot,42384841.55072464,
20831712,aot,45646634.333333336,
20831600,aot,35626373.5319149,
20831864,aot,21631074.887445886,gas-used mismatch for 0xacf4cf9fec3d48201fb4630ce12aaeb552519a237872382f57ddaf153491ce12: expected 345532 found 95880
20831530,aot,35885268.212765954,gas-used mismatch for 0x5385c793eddfc6b8936b5018d6d5a6f621c51b9825620d3776c1da64869aa777: expected 373479 found 266911
20830569,aot,28057151.17679558,
20831742,aot,40039352.104,
20833944,aot,62414767.44736842,
20831976,aot,36697711.93495935,
20831859,aot,31583365.378205128,
20831636,aot,52990103.548387095,
20831648,aot,32015840.967948716,
20830383,aot,29705612.76785714,
20834508,aot,50733605.02040816,
20832164,aot,28717242.397515528,
20831789,aot,50264540.908163264,
20832538,aot,43902711.873786405,
20831883,aot,35209251.80141844,
20830195,aot,38161589.8220339,
20830148,aot,51351545.64210527,
20832304,aot,36962639.97777778,
20831724,aot,38532105.23846154,
20832445,aot,56925559.44318182,
20831669,aot,37805897.42028985,
20831906,aot,38636160.52307692,
20830139,aot,31107291.596153848,
20831764,aot,48275313.21359223,gas-used mismatch for 0xad78502905b204323340a2cd728cf6a4b687b9b8793c3cdc498d36356006fda8: expected 430892 found 95868
20831554,aot,46195938.31132075,
20831836,aot,34744156.66438356,
20830169,aot,62329150.144578315,
20830136,aot,56285054.61445783,
20830008,aot,43861900.973451324,
20833758,aot,35096400.90780142,
20834133,aot,53310640.09,
20832633,aot,29795441.993589744,
20832351,aot,71965931.36,
20831695,aot,53753775.32258064,
20831713,aot,30174734.205298014,
20831929,aot,40892800.43076923,
20831132,aot,35234789.70921986,gas-used mismatch for 0xa96d57e2d6e3dec9b05a1c06f0a3d2bd5026b3e3ba36cfbbf596e70d1fc5d0ca: expected 610265 found 296810
20833008,aot,34551292.91489362,
20831841,aot,24585097.044334974,
20830758,aot,35823677.303448275,
20831794,aot,22836928.837209303,
20830941,aot,30475705.61403509,
20831531,aot,32618570.822695035,
20832070,aot,24897220.375,
20832258,aot,35401629.364285715,
20831508,aot,53831506.06451613,gas-used mismatch for 0x1e9ce24a13b72819ab8dd49acb313ce7538283026d8e17b2b604b37c78446afb: expected 199544 found 81646
20831601,aot,30363066.217391305,
20831812,aot,53433669.62105263,gas-used mismatch for 0xb262735b15879d6600efa874afde78b9b58a35096632cfe558e955e66e3d3bb0: expected 378781 found 217402
20830476,aot,47425162.71296296,
20830570,aot,31190323.70625,gas-used mismatch for 0xea48ddcb868835a0e73ee0adf53ecd0c4a090206ef09e5d9c6df3602d59b412d: expected 282674 found 49274
20831865,aot,87750182.15,
20831743,aot,37543685.282608695,
20833945,aot,39146150.41353384,
20831977,aot,36764484.73426574,
20831649,aot,28287284.303867403,gas-used mismatch for 0x50331a6ab1465095ec7f26b91a77d974599b5d26cd61b14e37453b9b0dc2ebbd: expected 265238 found 81810
20831637,aot,42115108.27272727,
20832634,aot,37643266.097345136,
20834509,aot,33361970.580645163,
20832539,aot,44122056.669565216,
20830196,aot,32211072.056962024,
20830149,aot,32879094.025641024,
20831790,aot,34061102.60784314,
20831860,aot,51666021.37142857,gas-used mismatch for 0xe77f8ab4dd98c1ea8cc9dc819f3a416acab5ab6bbf3f8c00275cbbbdaf801585: expected 509564 found 401425
20831725,aot,35932576.28965517,gas-used mismatch for 0x91172a8d728215a224bed6faba2e5749aefd0fc9b9b5e0cdad3c9fc416cf4bd7: expected 221544 found 144559
20831884,aot,32769198.770186335,
20831907,aot,26365103.734693877,
20832305,aot,50234310.310679615,
20831765,aot,38777118.152671754,
20831816,aot,37594992.35,gas-used mismatch for 0x63b9182e565164e33445abd7d878f8e7d442a7344beecb9d321e78f74b0b4de9: expected 223587 found 144547
20831670,aot,32079822.72392638,
20830515,aot,33239351.37419355,gas-used mismatch for 0x57b3181938b3990fe787d5607cf0c1216e2e8ad47c5e0d026d6562b75d73d424: expected 861997 found 378263
20831532,aot,35141838.25203252,
20830384,aot,91994107.56363636,
20832165,aot,43647602.961538464,
20830170,aot,38497509.481203005,
20833759,aot,12196432.855791962,
20834134,aot,45301690.92920354,
20831133,aot,40516002.27272727,gas-used mismatch for 0x35aa20b3fe7e9dd4cadf895120538f0ec0e3db046aed1193b49e7a4abbb54c80: expected 610265 found 296810
20832446,aot,60870096.461538464,
20833009,aot,40767269.84297521,
20832352,aot,64896585.461538464,
20831696,aot,49230229.68,
20831837,aot,52160048.3490566,
20830759,aot,46364256.9537037,gas-used mismatch for 0x35873d4c3182bb15bf612dee903987f604392a65d8883c346578e7b317f48c67: expected 279904 found 245513
20831714,aot,32472560.683544304,
20831602,aot,45656753.723809525,
20830009,aot,32608608.42261905,
20831930,aot,33014491.260869566,
20831509,aot,32971589.23529412,
20832071,aot,35663371.85106383,
20831795,aot,49371073.16504855,
20831842,aot,54307637.086021505,
20830477,aot,29899685.44047619,
20832259,aot,38354855.77941176,
20831813,aot,39373964.776923075,gas-used mismatch for 0x0ba00c5e7ade2b8ea82fe96d389ea003e65c5d918689285af2e277e939df9e06: expected 281940 found 98993
20831555,aot,50962330.391666666,
20830942,aot,57940674.5,gas-used mismatch for 0x79002020093c292eba3fd2d00652de54489840768ff17ba51a58bd141f0afd51: expected 354195 found 95892
20830571,aot,43679076.31034483,
20831866,aot,38851129.755244754,
20831744,aot,28359849.25730994,
20833946,aot,29583682.63125,gas-used mismatch for 0x41d35d0a7842f3c223796483ee89438bda7abee367422e5de89cfd29aea062e3: expected 204516 found 82074
20831978,aot,36509724.984375,
20831638,aot,26338491.984455958,gas-used mismatch for 0xa955b3c0b4e0dc542ce25087436212af4a3126f4d4fdd5c5d52542d40d7de12f: expected 366043 found 306374
20834510,aot,12423410.688564477,
20830197,aot,32879432.743243244,
20831885,aot,40981465.265486725,
20831650,aot,40102945.9453125,
20830150,aot,23928801.252380952,
20831791,aot,24299522.375,
20831726,aot,29176939.971098267,
20831861,aot,50684820.56122449,
20831766,aot,35600829.48571429,
20830385,aot,40018867.68595041,
20831817,aot,29984773.916666668,
20831533,aot,28406265.392045453,
20832635,aot,40135156.67391305,
20830516,aot,36499823.30434783,
20832306,aot,34099200.18543047,
20832540,aot,48101272.443478264,gas-used mismatch for 0x32f6caf483fad1bd1c08675ce528452bd8eb4ed027292550e0c24616485959e6: expected 651251 found 369986
20834135,aot,29495343.493975904,
20831671,aot,50870273.969387755,
20832166,aot,55005210.88172043,
20831908,aot,44785203.61983471,
20833010,aot,30912577.765822783,
20830171,aot,31822479.848484848,
20831134,aot,45180888.26724138,gas-used mismatch for 0xad193b9f3726f132efc5c4b7e83796b69f98367ad497468793e2e04566554bb5: expected 610253 found 296798
20831697,aot,35682926.86956522,
20832447,aot,36379903.241134755,
20833760,aot,41941322.264,
20831603,aot,29383967.811764706,
20831715,aot,48758748.71287129,gas-used mismatch for 0xcbb559e5892a4f4ddca238306b40f061c7ae0422936cc05cca2d48301c765eba: expected 332530 found 95880
20831510,aot,57491094.37209302,
20831931,aot,58015138.964705884,
20832072,aot,28355938.77222222,gas-used mismatch for 0xcfcc49d992f14bab344e9745d0a10d3c658f499a5e1dfbf0b969554478f1c9cf: expected 470406 found 95880
20830010,aot,33717042.88235294,
20832353,aot,36376235.69178082,gas-used mismatch for 0x89c5611a454f9426ef961ab7e903f242cb41c94f25cc905e4679ff34b90c40f8: expected 196320 found 81750
20831838,aot,35843862.54109589,gas-used mismatch for 0xdf195ff0f80411787f1c4f2f856e09f0ac549fa72ab6796e0c8f681fb29dd87f: expected 759769 found 404157
20830760,aot,36297664.91216216,
20832260,aot,35841259.42553192,
20831843,aot,43230823.80833333,
20830478,aot,31794357.578313254,
20831796,aot,33422095.963190183,
20831814,aot,47330754.93518519,
20830943,aot,31167754.94578313,gas-used mismatch for 0x618b3fef0e5642c1daf7c337ca8b27ab7b58bf6985edf06ee9b0351fde11c8e6: expected 192983 found 82074
20830572,aot,38367401.13740458,
20831556,aot,31347815.64285714,
20831867,aot,35042814.67132867,
20831745,aot,39264057.68,
20831979,aot,41839106.6460177,gas-used mismatch for 0x08b31b19585d1927da1a673e691ae65dd2f83aa5f7a0f8b8072b9223884f05bc: expected 1293178 found 1080436
20833947,aot,53565345.94623656,
20831886,aot,12808755.939698493,
20831862,aot,19864796.248,gas-used mismatch for 0x34b94b8bda1915ebce948ca20e59912724bf89ffcf47bab599406b8c510ef199: expected 344785 found 99005
20831639,aot,27492170.046632126,
20830151,aot,37196527.25,
20831651,aot,48225844.60952381,
20834511,aot,88559006.0,gas-used mismatch for 0x42ef7c4e211489040446184a83961ad1afa543340c1121bf5edb12cdff866a21: expected 510965 found 95880
20831727,aot,34701339.655172415,
20830843,aot,53098106.54736842,
20834136,aot,44333829.106796116,
20830198,aot,26880438.185,gas-used mismatch for 0xf2b9f254f5f608df91057c6ae3d0dfb43c73b2abfeac645c68885480064bd76d: expected 266963 found 219673
20832636,aot,43299730.11504425,gas-used mismatch for 0xced61e6e3000d7bec15720d1455282a65c20090ea4470cddcfd55486f78871e1: expected 218946 found 144547
20830386,aot,32440361.529411763,
20830517,aot,54337380.161290325,gas-used mismatch for 0xd168dc7f0b2c9dc182e5dd4b533142cc1c36ba4269444415968bf131aeb4531a: expected 851098 found 387580
20832541,aot,34841051.64137931,
20831716,aot,11967964.94936709,
20831767,aot,62276760.95061728,
20831818,aot,39050845.48888889,
20832307,aot,41256874.24166667,
20831672,aot,34841489.94520548,
20832354,aot,25472548.35911602,
20831909,aot,40470344.352,
20830172,aot,35693869.03571428,
20833011,aot,44897363.654867254,gas-used mismatch for 0xcac5e5f8e85a14cd904fa7f15577f756a1047f0a97531df83480d21dbad0796f: expected 2418230 found 1239952
20832167,aot,33017128.71612903,
20831604,aot,64508853.35616438,
20831698,aot,37832734.27536232,gas-used mismatch for 0x0da237302f93df78eaac0483884109d23d8e41051ad0b4d8c8967f657acb6958: expected 402123 found 95916
20831135,aot,28886951.672131147,gas-used mismatch for 0x292ac840ea01f46f03633a9aba75bf29752fe85a211760c3af0d221669dcf029: expected 610265 found 296810
20832448,aot,44730319.59130435,gas-used mismatch for 0x71c5b138f33a1158b7e320b401e3ffde5b85eb318b7e81271f3b4abffc9435f9: expected 366055 found 306386
20833761,aot,35669908.06206897,gas-used mismatch for 0x9834a4516181f6a51d6acae7a90e18bc5505ca7a795546fe470d3e5f499d9513: expected 206199 found 81798
20831534,aot,56434684.64285714,
20832812,aot,63628128.602564104,
20830011,aot,37385231.96183206,
20831932,aot,31719548.662576687,
20831511,aot,51029048.65,
20830761,aot,23919246.247619048,
20832261,aot,31549652.375,
20831844,aot,37139927.955882356,
20830479,aot,33290024.193103448,
20831797,aot,36307520.76296296,
20830944,aot,32982964.641891893,
20830573,aot,39233443.14285714,
20832073,aot,52954761.95,
20831815,aot,25590043.762626264,
20831557,aot,41736429.353846155,
20831868,aot,42511158.00884956,
20831746,aot,30304251.58857143,gas-used mismatch for 0x653c8fbfc22011a3f4abb429936ca0013d2ae5dd79d802db772b4cd6c22b0599: expected 344785 found 99005
20831980,aot,32595871.42236025,
20833948,aot,38238329.067669176,
20831728,aot,29005124.64285714,
20831887,aot,51210950.051020406,
20831652,aot,22202023.33766234,
20834512,aot,45663510.41441441,
20834312,aot,48354363.71296296,
20830152,aot,43161091.618644066,
20830199,aot,34890460.608391605,
20832355,aot,15574603.062091503,
20830421,aot,36930360.5035461,
20830844,aot,33561188.05228758,
20831819,aot,26282802.951612905,gas-used mismatch for 0x7caa898e18d8df87aa83ae93a0cb8e70d3207052c85c20f2f8f35a64768aab63: expected 344785 found 99005
20832308,aot,31966053.63576159,
20834137,aot,34741939.222972974,gas-used mismatch for 0x843d0a52374c72cc1728a997f0b4fd77c453637a826322913928e12ccb8862f3: expected 324110 found 95880
20830387,aot,46344346.0462963,
20831768,aot,18513790.483394835,
20832168,aot,30000116.74375,
20830518,aot,29528722.537572253,
20832542,aot,29217983.565714285,
20830762,aot,57431426.98630137,gas-used mismatch for 0x70bc7c5a0d535e51937264683ebc3b115e743b9c6a5128c367f91e1282716fdd: expected 252826 found 238266
20832637,aot,62337273.469879515,
20830173,aot,47912076.17346939,
20833012,aot,36204347.10869565,
20831136,aot,48806325.10204082,gas-used mismatch for 0x66fd91cfc629ca81a8aa9a407738c1c6543c9df261febe4a939d16bb00752367: expected 610265 found 296810
20831699,aot,44245055.99090909,
20831673,aot,41796799.34375,
20831717,aot,54835792.84375,
20831910,aot,51418013.24,
20831605,aot,42446164.90082645,
20832813,aot,4566018.490375802,
20831535,aot,17472649.166666668,
20832449,aot,54571014.3655914,
20832109,aot,33484271.977099236,
20830012,aot,37821189.666666664,
20833762,aot,42642798.973913044,gas-used mismatch for 0x61b4310384fdaa6fc0876856c6a3ea7803b070bbf0a50f206ecfb56c5dd4b7a3: expected 322791 found 95868
20830945,aot,43385235.24074074,
20831512,aot,35381768.56028369,
20830480,aot,32463846.907284766,
20831798,aot,40171937.98347107,
20831845,aot,40770009.22314049,
20832074,aot,28531814.423529413,
20830574,aot,31985942.07051282,gas-used mismatch for 0xfbd28deb185bf784f73f16efad799ea16099c642a1f6dedeec74fb55f72c5799: expected 287345 found 49274
20831933,aot,43073115.858333334,
20832262,aot,49237518.05940594,
20831558,aot,38962504.00884956,
20831869,aot,36087501.39097744,gas-used mismatch for 0x5c2a2aa84164b83ebeee0f82d8851d945af917055071b6b8f7528dbb9e0b477d: expected 521766 found 401425
20831747,aot,11071579.346067416,
20831981,aot,38384913.36153846,
20833949,aot,26751655.27368421,
20831729,aot,15338042.839009289,
20831888,aot,39058640.9921875,
20832309,aot,16200920.903536977,
20830200,aot,26517922.440414507,gas-used mismatch for 0xc945bcb9ef1b6d8df8e8b1a4e3f4d6cbda4269b9e61f12a190a62774b8b4ebc2: expected 221532 found 144547
20834313,aot,29481288.274285715,gas-used mismatch for 0xadf237ff85cc061be329df77f5cdded6d53b897bb7a0dcf8012fa37e594fc31c: expected 262888 found 245597
20833013,aot,53093571.21590909,gas-used mismatch for 0x06be6cf4c09c960c95d077151bd65a44b2a1d2acf3c417fcb3f63d1274261088: expected 369487 found 95880
20831653,aot,47806156.679245286,
20831820,aot,37034420.67391305,gas-used mismatch for 0x7dac02cdf51016b2db5321aa2950f35723806d488faf5780dad599f1a3094b50: expected 408273 found 95868
20830845,aot,32002331.5875,
20834513,aot,31166872.14285714,
20830422,aot,30361662.42261905,
20830388,aot,34582817.07586207,
20834138,aot,47285479.68181818,gas-used mismatch for 0xe6ddcdea37f46f9725636307b099b188aec0f61dd04fd6537d823f46daa683cc: expected 392111 found 222294
20831769,aot,41739427.36363637,
20830763,aot,43474102.92920354,
20832356,aot,79978817.65151516,gas-used mismatch for 0x58e7ce36a5ed06f0af8b432010dde5b573824897bb5fa9224b503ebec1c0880a: expected 611700 found 305615
20830174,aot,12140568.03286385,
20830153,aot,44115227.55833333,
20832543,aot,35574719.33793104,
20830519,aot,35425144.97333334,gas-used mismatch for 0xe16769952656c476b6a23f4e733387ab3cabe4af74aef91570a0f83658965ff4: expected 829358 found 386348
20832169,aot,60177040.870588236,
20831137,aot,29028248.366666667,gas-used mismatch for 0xff3d6517dd1ac94b165ccb186181483c08ccb37dd14c07a2f6d4a8a05e05f52b: expected 610265 found 296810
20832075,aot,29761775.677419353,
20832450,aot,50083700.22,
20831718,aot,31343375.147239264,
20831606,aot,36090853.49285714,
20831674,aot,42497352.00833333,
20832638,aot,32895216.391566265,
20832110,aot,39690256.79365079,
20831911,aot,29486670.183333334,
20830946,aot,25156190.51010101,
20830481,aot,27414012.34054054,
20831700,aot,38505065.442028984,
20831513,aot,45998514.04504505,
20833763,aot,40726945.3,
20831799,aot,41440536.85950413,
20831846,aot,30905073.43859649,
20832263,aot,34778463.93918919,gas-used mismatch for 0x9649bd4d7a5ddfbba0f4b91881eb3c6cef6c53a05180680b866a5b8ba7752161: expected 447685 found 95880
20830013,aot,35650464.06962025,
20830575,aot,37504305.5248227,
20831536,aot,77196720.89041096,gas-used mismatch for 0x24a76bb29259bd3e19ee8643d6a5988393b3ac466557111fa960d19be4be2f1a: expected 207597 found 138336
20832814,aot,74281107.06849316,
20831934,aot,46713733.4137931,
20831559,aot,63249549.2,
20831870,aot,51570862.69,
20831748,aot,64696174.166666664,
20831982,aot,50587249.089108914,
20833950,aot,43488896.14655172,
20831730,aot,49593892.97959184,
20831654,aot,33737051.81560284,gas-used mismatch for 0x1d04dc97650526867ab39ac1d4c9d8c289d94a1fe3cab96b7eb7d734837afa65: expected 248919 found 192210
20830423,aot,39343129.85344828,
20834314,aot,45513605.39814815,gas-used mismatch for 0x0510c6b16d7394435dc1cd2ef0f149da1b45d96f1f962f9af32a4097955b0370: expected 322235 found 274424
20831821,aot,21936815.142222222,
20831889,aot,41150278.41322314,
20830482,aot,43626616.61363637,
20833014,aot,35704367.865248226,gas-used mismatch for 0x3a6213fa8028208821f6428bf7e04fcf59093609b27b54fac493e6dd19dc5056: expected 213091 found 144540
20830201,aot,31090092.381818183,
20830846,aot,41311727.88617886,
20832310,aot,98309047.96,
20832170,aot,36631278.61904762,
20831770,aot,40901936.04958678,
20832357,aot,42957311.50862069,gas-used mismatch for 0x6c97cddfc0cdb1532624a6ba1c1e5255a023268bd0a62af3984d76be8bd0898e: expected 275288 found 243127
20830764,aot,39732350.488,
20834139,aot,30524250.2,
20834514,aot,43172569.16521739,
20830389,aot,36936110.69565217,
20830520,aot,23185292.66511628,
20830175,aot,51028785.75,
20832544,aot,34984426.993377484,
20832451,aot,27793175.1,
20832639,aot,65791325.68493151,
20831912,aot,37067564.24427481,
20831675,aot,37966628.44615385,
20832111,aot,40081391.7398374,
20833764,aot,20978878.441558443,
20831607,aot,34338930.472972974,
20830154,aot,49940428.883495145,
20830947,aot,22721266.918181818,
20831800,aot,24932991.540816326,
20832076,aot,43950634.62931035,
20831847,aot,40519242.867256634,gas-used mismatch for 0xc160f83f82b6296c149fd07695d974f1cb08ab3c5c6d97a1655dce77d691c763: expected 260274 found 211278
20831701,aot,35549919.55555555,
20831514,aot,32989256.32,gas-used mismatch for 0x7046798aa10cafdaffa4f680198afc0c3ef2ffd210ef649bc5e4e78cab725e53: expected 331118 found 94851
20831138,aot,48994829.18918919,gas-used mismatch for 0x2ddda6efb4cc9507e8a02ad667755dab890ec92879fef446852c6c208f847a3a: expected 610265 found 296810
20831537,aot,34421653.85106383,gas-used mismatch for 0xb5a2ec6b7843559766b0ce1f298aa84af2f9a756a67f39afdfd1aac78cae51f0: expected 850782 found 341766
20831719,aot,33297953.779141106,
20832264,aot,26027013.6,
20830014,aot,52998824.06593407,
20832815,aot,42696343.46551724,
20830576,aot,32415155.26451613,gas-used mismatch for 0xf15e608dd893f11a43a36c4a5a8f0494d99a99472528167d5e11e55cb4f002e8: expected 344785 found 99005
20831871,aot,40005321.18018018,
20831560,aot,33663486.777027026,
20831935,aot,42052048.475,
20833951,aot,27345496.36904762,gas-used mismatch for 0x1957dd36d74b9d6027ecc4fd0606a4408dce0b391f89f3c481769bf72a7017a6: expected 189099 found 81798
20831749,aot,52922222.97087379,gas-used mismatch for 0xa2e32e91bac8f6221eb4b3f980b0bebe7c044ffe6303f925e78eb01857f448ee: expected 209352 found 82074
20831983,aot,46465718.61818182,
20831655,aot,28576076.217647057,gas-used mismatch for 0x3a6776bac26611018ddd916002cd2bc4353cac7f2d57bebcaf7f200b45a942bc: expected 243308 found 189697
20830765,aot,42247327.56603774,gas-used mismatch for 0xd03b541eabd4ba64cfe9d8d1088329b4170a151166363fa022d45d5c2079be7d: expected 772848 found 861668
20831731,aot,42753746.72727273,
20830424,aot,38069133.26923077,
20831890,aot,34180828.50684932,
20834315,aot,45376370.333333336,
20830483,aot,46712478.405660376,
20832311,aot,27166985.65,
20832358,aot,30948806.38125,
20831771,aot,33064829.886666667,
20830847,aot,39630173.744,
20830155,aot,49336750.13953488,
20830202,aot,29587629.32947977,
20833015,aot,34622824.27027027,
20834140,aot,61514993.28205128,
20831822,aot,49059190.20754717,
20830390,aot,23818282.328703705,
20832171,aot,61774533.65882353,
20831515,aot,49927625.483516484,gas-used mismatch for 0x9ee04e82afc592765dfbf659715d13730c9ef44e7c19ee30065a5dc8d29a85c2: expected 1257219 found 213974
20831913,aot,43990250.37735849,
20834515,aot,47587725.15315315,
20831139,aot,19430700.419753086,gas-used mismatch for 0x554dd36bd52b81e56aefcdb32fdc84227dbee88249a288462f78f39df2fb3493: expected 610265 found 296810
20832545,aot,48268791.46534654,
20830521,aot,73915690.64788732,gas-used mismatch for 0x8034d077db05ec5726e6e9678ff6b6b18c9599cf6e8c3cadce1dc51fe815af28: expected 678334 found 386219
20832640,aot,33180613.813333333,
20832816,aot,25170561.347058825,
20832077,aot,26668272.411111113,
20832452,aot,51106630.791666664,
20833765,aot,45713819.04716981,
20830176,aot,36636105.55,
20831801,aot,35481033.2867647,
20832112,aot,31328438.14375,
20831676,aot,46350014.777777776,
20831848,aot,46319268.79047619,
20831608,aot,32975016.858064517,
20831702,aot,38454182.19083969,
20830948,aot,53630453.03225806,
20832265,aot,50188824.368421055,
20831538,aot,38160850.8015873,
20831720,aot,45750694.504761904,
20830015,aot,37369532.14285714,
20830577,aot,37274539.78518519,gas-used mismatch for 0xceb858875960916486b8c4eceecdfc907fde963b378d3af5c05c6334cbe17b15: expected 297098 found 275961
20831561,aot,39928339.68965517,
20831872,aot,48581697.96039604,
20831936,aot,46230336.324074075,
20831750,aot,49963809.25510204,
20833952,aot,58201302.62790698,
20831984,aot,39990182.428571425,
20831891,aot,28103056.94047619,
20831656,aot,42385027.146341465,
20830766,aot,37556544.48550725,
20830425,aot,31612530.96153846,
20831732,aot,33247449.65625,
20830156,aot,11530013.861678004,
20832312,aot,37237213.39130435,gas-used mismatch for 0x5ab3d7c75486e4998732fe46feb8831f56f7af8d922932c83a9dbf8d64bfc4b1: expected 944932 found 267967
20834316,aot,61896625.10843374,
20832546,aot,33756786.48571429,
20834141,aot,34202889.758169934,gas-used mismatch for 0x5bd1365e53fab6293a50bef5e437b5052f563c5a16aa28c9693730101982187d: expected 762766 found 423916
20832359,aot,47056491.74336283,gas-used mismatch for 0x2d98c86592a699c2f124ab50f34f09478c0e0941dbf27bc60f2d4c8374947f8a: expected 189964 found 81762
20833016,aot,41459312.624,
20830391,aot,43575076.43965517,gas-used mismatch for 0x28a03067e2990c1b73c742ef05736ed1c35e80d061cf31369f96d40e0d41ae2c: expected 5484179 found 2276841
20831772,aot,37339277.426573426,
20832266,aot,16167944.607773852,
20830484,aot,43460554.76984127,
20831914,aot,10596399.297959184,
20830177,aot,15440477.518404908,
20831849,aot,35111117.698529415,
20831823,aot,38313730.03623188,
20830203,aot,45188715.86440678,
20832172,aot,36980290.93617021,
20831140,aot,57670891.43333333,gas-used mismatch for 0xb8eaa7efed8317f937787f05d8265f371f638f896cf7c1e75e869b628123c645: expected 610265 found 296810
20834516,aot,51723435.85,gas-used mismatch for 0x918d572113c816d6fd5686b7ae55c573d701d8c7a7ba9b7571301d583e94396b: expected 428285 found 121272
20832113,aot,33351259.16891892,
20830949,aot,41107994.93965517,gas-used mismatch for 0x15e058e441abbe9a6be8e0de813baec9d1801505ccf647960c62c8f989bf7253: expected 252789 found 209807
20832453,aot,41725557.71544716,
20831516,aot,35166304.98675497,
20830848,aot,47229237.9,
20831802,aot,29475626.01111111,
20832817,aot,34213289.367741935,
20831609,aot,82485349.5737705,
20832641,aot,40559234.60150376,gas-used mismatch for 0x8f7b50f320050a884dbd46f8cc0b85254e1002e859551ad7ffc6c0230aaef486: expected 244622 found 195210
20833766,aot,57736905.28571428,
20832078,aot,50155420.74528302,
20830522,aot,58642469.10227273,
20831677,aot,38257260.10638298,
20831703,aot,28294424.688172042,
20830016,aot,44734084.972222224,
20831539,aot,38801326.71111111,
20830578,aot,32648143.8,
20831721,aot,50656731.09090909,
20831562,aot,35493227.317567565,
20831937,aot,29235906.59090909,
20831873,aot,30198801.59090909,gas-used mismatch for 0xf101eb1be7d613cbc172be77f611ebc29c9c720e8874306e2486a596b8d92f26: expected 654473 found 377883
20831751,aot,31065744.7125,gas-used mismatch for 0x3d7d58513db5c82af237dc945a8d29de27cb51179e6444ae65229411f5010f58: expected 369789 found 181735
20833953,aot,16022819.212418301,
20830178,aot,41153535.258064516,
20831985,aot,30857112.95180723,
20831892,aot,44172641.324324325,
20831657,aot,29602814.982352942,
20830426,aot,29751834.41566265,
20830767,aot,45452164.38738739,
20832313,aot,28417450.76,gas-used mismatch for 0x0a9d9b31d5b19af95b907658078ee5f949ea0cb6af0a0e954312ce829250a4dc: expected 603651 found 411992
20831733,aot,39480645.484375,
20831773,aot,35925396.51145038,
20834317,aot,15607914.436923077,
20832547,aot,42676856.43965517,
20834142,aot,29680357.472727273,
20830485,aot,41697651.68468469,
20831824,aot,30550031.13291139,
20832360,aot,40334888.83739837,
20830392,aot,43014986.817391306,
20830157,aot,52402812.510416664,
20834517,aot,28448953.584795322,
20832173,aot,22846497.282407407,
20833017,aot,44369667.9826087,
20830204,aot,36724003.22962963,
20831850,aot,43546155.17391305,
20832818,aot,37920003.44,
20832114,aot,44696363.018018015,
20830950,aot,30796359.645962734,
20832642,aot,32884748.37062937,
20832454,aot,37661812.624060154,
20831915,aot,65870188.14666667,
20831517,aot,31605250.43125,
20831803,aot,26581913.215053763,
20830017,aot,17366765.97463768,
20832079,aot,29782444.17791411,
20831678,aot,32888273.133333333,gas-used mismatch for 0x29c8eb333733a726d827e27dec7bb100bf8ee11810241682bbe9e22e992173dc: expected 324110 found 95880
20830523,aot,26742773.107526883,
20832267,aot,67348811.34615384,
20831610,aot,39066197.77099237,gas-used mismatch for 0x6fe8de2ae1c15df1b72a8e623081a2519ca4da7ffaa6bedd9f8c822d6fc726f8: expected 304114 found 234878
20830849,aot,33550475.32051282,
20831704,aot,50359221.957894735,
20833767,aot,23749266.181818184,
20831540,aot,32836952.466216218,
20830579,aot,44795936.82882883,gas-used mismatch for 0x09524741cd33ab7d4bad73e0c0ffc6f43a139977c494f0c1625dfc9ff0576c57: expected 360127 found 317126
20831141,aot,51761533.09009009,gas-used mismatch for 0x132a7d7b2ec322727cfe147e965fd1febdd2c2299966da4533d5f0aa024ff90d: expected 4164050 found 1799645
20831874,aot,4633765.989949749,
20831938,aot,35427804.29323308,
20831563,aot,51635844.3655914,gas-used mismatch for 0x9cd1629cbff997fb08b8b2454c586aa1495867fcf289082e05b5664deafa1113: expected 372916 found 95868
20830444,aot,18716295.623616237,
20833954,aot,54416698.91860465,
20831752,aot,53275053.23469388,gas-used mismatch for 0xf87819879c5296f7b01ebc04a43f049099e3f719954219e9f588aadcfb6588fd: expected 363151 found 95880
20831986,aot,45770762.05555555,
20831893,aot,52295945.06451613,
20831774,aot,25652384.078651685,
20830179,aot,38960617.0882353,
20830796,aot,28919902.44642857,
20830427,aot,41480635.50847457,
20830486,aot,30274262.16,
20830768,aot,39369044.10769231,
20831658,aot,49973783.33018868,
20832314,aot,36452624.85616438,
20831825,aot,33565126.23287671,
20834143,aot,50448052.48514851,gas-used mismatch for 0xb4c922c8423091d856cfbd2df384d0e53f2258a25a6cd6eff816fb2f3dc18fb2: expected 370435 found 206017
20834318,aot,51294472.20792079,
20832548,aot,47043526.32727273,
20832643,aot,34803494.27480916,
20830158,aot,33757593.167832166,
20832174,aot,31555958.933774833,
20832361,aot,39008261.74637681,
20831541,aot,47712149.21505377,gas-used mismatch for 0x3571cc9d544c2fb501843bd40f7bea1e734ff008d5744cd341f18639433ff528: expected 262840 found 245549
20832115,aot,37869585.15625,
20831566,aot,33043757.234482758,
20832268,aot,17700873.73090909,
20834518,aot,47613482.47959184,
20832080,aot,52954173.97727273,
20830951,aot,27278890.394444443,
20831569,aot,40178342.07438017,
20831916,aot,56121369.697674416,
20830205,aot,15920924.925696595,
20830393,aot,73199685.67692308,
20831611,aot,41893623.27027027,
20830850,aot,29237428.73006135,
20833018,aot,35675489.755244754,
20833768,aot,40696090.64655172,
20830524,aot,35376540.885714285,
20832819,aot,58856779.73255814,
20830018,aot,52614822.28571428,
20831518,aot,68347641.92857143,
20831939,aot,47695515.04081633,gas-used mismatch for 0xfd57795e7fd721e3da4d56350423b492d9d8301dfc4324d727e261a9135e5966: expected 195275 found 77357
20830580,aot,30301223.0,
20831754,aot,25942352.069148935,
20831142,aot,14435785.47398844,gas-used mismatch for 0x0da9cca99b7906d0b81a8019c21195f9e7198714b47127d6f37cd7f87e66c081: expected 610265 found 296810
20832455,aot,47869162.10185185,
20831705,aot,32254385.33548387,
20831679,aot,42606950.71900827,
20831564,aot,50178024.20792079,
20830445,aot,71301899.98484848,gas-used mismatch for 0x7870ad7df15296ab194711e8a3b84a1ae84370ff05d507b45aceb5e56157d093: expected 262768 found 245477
20833955,aot,36158723.95714286,
20831753,aot,59092680.12790698,
20831987,aot,39785943.646153845,
20831775,aot,38144781.307142854,gas-used mismatch for 0xd87f8ad0e231254ccd92f918bb7285b400f17206605a3aaf3291be0ad1e9c2dd: expected 264673 found 242671
20830797,aot,46443298.18918919,
20830769,aot,34391918.50344828,
20830180,aot,35004829.586666666,
20830428,aot,33768736.4,
20831894,aot,38287535.80689655,
20834319,aot,34996645.62962963,gas-used mismatch for 0xaf7f70a27d1e4a6f6f6a3901dda0b460c0b504ce6c6e1f75173b08fab59e13ae: expected 306998 found 95868
20831659,aot,59629079.11627907,
20834144,aot,24778153.785365853,
20832315,aot,33287606.45751634,
20830487,aot,49497129.59047619,
20831826,aot,29692688.144444443,
20832549,aot,19081364.02197802,
20832362,aot,40502079.391666666,
20832269,aot,39118898.032,
20831542,aot,43889331.95495495,gas-used mismatch for 0x167a615c3b6a8d8e4d699254c08948cbce1f9170075c000814d4dac42eba43c9: expected 262888 found 245597
20831917,aot,28451421.169590645,
20832175,aot,44184039.77586207,
20832116,aot,35297273.69863014,gas-used mismatch for 0xeb04e8c6bddedefa271531d695a6d60ea390e516054eae21500769a641f5f0bd: expected 234029 found 53791
20830952,aot,36147253.219858155,
20831519,aot,37944326.18181818,
20834519,aot,28800047.376404494,
20831567,aot,23973565.37614679,
20830159,aot,34331446.025641024,
20831570,aot,30307577.23121387,gas-used mismatch for 0x1c4573bfe16ad813032e360d6027cc058fd44013c8bbc60f5840237dc3b11d36: expected 756565 found 402776
20831612,aot,38964898.81538462,
20832081,aot,23829988.26244344,
20833019,aot,33088098.30967742,
20830394,aot,37563152.81560284,
20833769,aot,27159117.612565447,
20832644,aot,45707836.21138211,
20831680,aot,34452235.68275862,
20831755,aot,26014926.232323233,
20830525,aot,30704676.9122807,
20830206,aot,63859192.69135802,
20832820,aot,53221553.010416664,
20830019,aot,34643592.35333333,
20831565,aot,26598743.5,
20830581,aot,61762693.92941176,gas-used mismatch for 0x527b4fa53e032124e720fe41b1d24159c28f5777fa08f72d356e71a7e82c131a: expected 297086 found 275949
20831940,aot,42193048.896,
20831706,aot,34039058.69934641,
20832456,aot,32708269.153374232,
20830851,aot,40496388.36296296,
20831143,aot,63833074.75294118,gas-used mismatch for 0x513d1f23715e896b6cdf8a4a90d9b12b76f89fb2fb83692ad66abfedf9055a21: expected 610265 found 296810
20830446,aot,50380349.190476194,
20832132,aot,32634697.973509934,gas-used mismatch for 0x1d06d62b9684af979d6b32b915e59bd2bab957cfe20f04337a7c6e0935ec9c2c: expected 324098 found 95868
20831988,aot,40681967.592920355,
20833956,aot,50122108.89,
20834320,aot,13442306.585915493,
20831776,aot,28110593.187845305,
20830770,aot,25626630.79292929,
20830181,aot,35215595.54482759,
20834145,aot,53892623.71764706,
20832316,aot,28955858.404761903,
20830429,aot,43296522.061946906,
20831895,aot,51527831.45918367,
20832363,aot,28733984.788819876,
20831520,aot,36203864.18333333,
20831660,aot,43058598.708333336,
20830798,aot,49821304.324074075,
20830488,aot,31634371.913043477,
20831827,aot,37588455.0075188,
20832270,aot,45841647.5462963,
20830160,aot,28782423.806060605,
20832550,aot,49290078.17142857,
20831918,aot,42496833.65,gas-used mismatch for 0xe5aea07fd847b9facbc8989f704cb36794969e6b2fd42ab7683647035401d471: expected 367840 found 95880
20832176,aot,41645595.56198347,
20832117,aot,38087190.24427481,
20831568,aot,59279556.0,
20831543,aot,37375303.83571429,
20831613,aot,25519002.656565655,
20834520,aot,40960465.264,
20831571,aot,38795816.218045115,
20832082,aot,54924428.461538464,
20830207,aot,21575033.88,
20831681,aot,33997592.51048951,
20832821,aot,39396439.96694215,
20833020,aot,28440253.805555556,
20831756,aot,38051767.63076923,
20830526,aot,25120546.71,
20830819,aot,38638436.780487806,
20831144,aot,28028509.99404762,gas-used mismatch for 0xb4c6e608408dedd630257618a5740bd74eb63b9102c5ef4dd3ce9b6ebe145306: expected 610265 found 296810
20830953,aot,65552817.192307696,
20832645,aot,32690116.660256412,
20830395,aot,57671408.28409091,
20831707,aot,32287404.417218544,
20830582,aot,33795423.37671233,
20830020,aot,36437414.35714286,
20831941,aot,42905387.66101695,gas-used mismatch for 0xbe821f3bd08f5bbb2e7aa676585bd7c35ab18188dd1dadf8f32c4503ec5c03c3: expected 365011 found 95928
20832457,aot,47999491.80188679,
20833770,aot,56900160.53684211,
20830852,aot,33896523.966887414,
20830447,aot,30022906.305882353,
20832133,aot,46300910.0,gas-used mismatch for 0xa55a5573bfff138a9e74bbefa4bd97b1fd8251cd6fb1ff6dbf00b56fedf9f374: expected 305691 found 95868
20831989,aot,37765922.18796992,
20830771,aot,4163458.217353199,
20831777,aot,39224600.40833333,
20833957,aot,27782392.69680851,
20830184,aot,34306889.246031746,gas-used mismatch for 0xfd1f370d7268be300b5708f315765396ccc2e37a96b0ae06075a1e908a390b0d: expected 306998 found 95868
20831521,aot,28417391.256410256,
20832317,aot,36716699.0625,
20830430,aot,26548758.583333332,
20834321,aot,76800115.41666667,
20830182,aot,12571384.756962026,
20832364,aot,43445646.51351351,
20831896,aot,25973232.27894737,
20834146,aot,48759258.98,
20830489,aot,28610936.10714286,
20831661,aot,35275876.78985507,
20832177,aot,38353633.301724136,
20830799,aot,43041107.00862069,
20832551,aot,42997689.38938053,
20832118,aot,31333943.897435896,
20832906,aot,40653636.983050846,
20832271,aot,41789407.05932204,
20830161,aot,30860998.733333334,
20832083,aot,35219171.666666664,
20831614,aot,53259926.6,
20831919,aot,44113313.30434783,
20832458,aot,36843710.2,
20832822,aot,30937029.57419355,
20831682,aot,29591064.18128655,
20830527,aot,42480101.61818182,
20832859,aot,39892402.384,gas-used mismatch for 0x30e9a10fe32e00b12159e6de48cb94b31d279053842c2cbade877970d649033e: expected 264517 found 242515
20830954,aot,28344323.0,
20833021,aot,39169879.828125,
20832646,aot,40990631.5338983,
20831544,aot,71893999.32394366,
20831145,aot,32318487.865384616,gas-used mismatch for 0xd8d06f74564fa209f0379338f321632c727c2465155bacd50e4f7015adbf312a: expected 610265 found 296810
20830021,aot,30505708.26993865,
20833771,aot,31325458.85333333,
20834521,aot,44489417.22881356,
20830583,aot,40477427.40625,gas-used mismatch for 0x60041d189e1c7a820b1e3f33c78f4a70fe4097e8d535877fb89382aeb039b796: expected 355198 found 48963
20830820,aot,33577002.62091503,
20831708,aot,43036481.344827585,
20831572,aot,58050313.571428575,
20830396,aot,31689288.81875,
20831942,aot,49369035.84158416,
20830208,aot,58293048.722222224,
20830853,aot,41777862.624,
20830448,aot,33882406.57333333,
20832134,aot,17969849.37542662,
20830185,aot,27325745.154696133,
20831990,aot,40045295.67938931,gas-used mismatch for 0x4025cb77b15ebb9d81141ca57f15b095e99ace87cd611d6f346a6f5935696cb5: expected 344785 found 99005
20833958,aot,35101001.72413793,
20831522,aot,35282151.88652483,
20832318,aot,40768289.547619045,
20831778,aot,45960596.573913045,
20830183,aot,33630012.03267974,gas-used mismatch for 0x36a7d3ca2901701b78b12a03800504b228c41581cefef2bb2abd5bf39ba89989: expected 127917 found 56972
20832365,aot,32198666.993670885,gas-used mismatch for 0xbdc92b148d18ab78f7fc41d4921f9a58b119e6de15b00d8db758da36e557ed71: expected 298247 found 130047
20830431,aot,34675119.176470585,
20834322,aot,64555780.96296296,
20834147,aot,31703878.060606062,
20831897,aot,55420206.41052631,
20830490,aot,35615479.37062937,
20830772,aot,56811008.51485149,
20830800,aot,32329649.846153848,gas-used mismatch for 0xfcc497561dd5e261488c13b621c214f6d0ea43193ab03108222c58626e15ba5f: expected 252934 found 238374
20832178,aot,39216013.7593985,
20831662,aot,43545646.38211382,
20832860,aot,23302220.646464646,
20832459,aot,33165803.814569537,
20832552,aot,35544810.05960265,gas-used mismatch for 0x2707ddd496136068d31d5707d35473bea28c9977cebc00ccf203ebfbc9350521: expected 366007 found 306338
20831683,aot,45389218.75471698,gas-used mismatch for 0xa0afbaa198a5e325715b2e06b84cdf810086de72172cd36bd97ac07f94633d52: expected 209415 found 82074
20831615,aot,7274780.44214876,
20831920,aot,12933679.620947631,
20830162,aot,41727821.90082645,
20832084,aot,48192327.30555555,
20832823,aot,45691686.30909091,
20832907,aot,69950038.12328768,
20833022,aot,27405321.73480663,
20832119,aot,71460576.63157895,
20830821,aot,28577190.93452381,
20832272,aot,35995159.283870965,
20831146,aot,31740935.738562092,
20831545,aot,41353268.52542373,gas-used mismatch for 0x8049be798da8e17f3695f0e7ae1e1b64778313c77ce437d73ae17ea05980203c: expected 251491 found 209807
20832647,aot,36870695.36764706,
20830397,aot,42566575.41818182,
20830955,aot,41856483.76859504,
20834522,aot,30196853.67261905,
20831573,aot,46824054.13333333,
20830209,aot,28727124.684848484,
20830022,aot,35770176.94482759,gas-used mismatch for 0x982bda28354bbc4caf53edcb5abfb1b98a13312b2b0d8eb4ba084b3a76b4c4e4: expected 189976 found 81774
20833772,aot,41002835.134920634,
20830528,aot,46376847.13043478,
20831709,aot,36546700.879432626,gas-used mismatch for 0x8b5fafc845734662b557499b35c74a91382464fc1387b88a700aa43ec2e89a65: expected 209352 found 82074
20830584,aot,38426007.91111111,
20831943,aot,37053524.325925924,
20830449,aot,41146708.59322034,
20830854,aot,35648488.97202797,
20831991,aot,31915094.357615896,
20830186,aot,26962610.136125654,
20832135,aot,63461948.8375,
20833959,aot,35441078.87857143,
20831031,aot,36432528.152173914,
20832319,aot,34705705.141843975,
20830801,aot,35116483.88888889,
20832718,aot,39716225.015873015,
20831779,aot,44266419.0,
20834323,aot,37151067.183206104,
20830491,aot,35246154.14074074,
20832366,aot,21226206.30487805,
20834148,aot,41600581.30508474,gas-used mismatch for 0xbd3ccaff2f5272157101044f87a293c99086a6f45cace69b688430f04e4bcb58: expected 352909 found 95868
20832273,aot,31289814.45751634,
20830432,aot,24511367.859223302,
20832179,aot,26314919.62631579,
20832085,aot,35762039.1640625,
20831780,aot,22604329.213953488,gas-used mismatch for 0x7ed004dcee0a15ab6c75d99ca69e879d2f26576b8457670c8dfedbfba7220bc8: expected 344785 found 99005
20830984,aot,30320168.81547619,
20832460,aot,44911310.99074074,
20832861,aot,41022937.925,
20830773,aot,28548432.569148935,
20830784,aot,42686526.0862069,gas-used mismatch for 0x5150e4596291f3b61cc061689076bca72353cdf6efbac69d03c077de41196d1d: expected 266939 found 219649
20832331,aot,34376489.8115942,
20832908,aot,38462528.171875,
20831684,aot,57701554.52941176,
20832553,aot,43872214.51304348,
20832671,aot,42838379.220338985,
20832120,aot,43565848.95652174,
20831147,aot,38663518.12307692,gas-used mismatch for 0x948d583a94bd9384857f184c3f7c770042f77836749548d3173d5eb1b1355e8a: expected 847100 found 926566
20833023,aot,41436904.825,
20830778,aot,39047076.690476194,
20834523,aot,35028060.123188406,
20830210,aot,28368853.335294116,
20830822,aot,37450893.93984962,
20830398,aot,29485388.795321636,
20830956,aot,27350201.876344085,
20830529,aot,23850523.470873788,
20831944,aot,45721038.08571429,
20832648,aot,37484270.580882356,
20832824,aot,48875208.554545455,
20831574,aot,39088781.2421875,
20833773,aot,33874522.73648649,
20831312,aot,27511046.318918917,
20830023,aot,22790604.92,
20830585,aot,37773713.8,
20830855,aot,34998642.325925924,
20830450,aot,53680594.32258064,
20831992,aot,39141262.36,
20832578,aot,21003811.513157893,
20832367,aot,72544478.58333333,
20833960,aot,43159744.12037037,
20835250,aot,45448881.16504855,
20832136,aot,38260251.57723577,
20831032,aot,36013512.30827068,
20834149,aot,32018391.225165565,
20830492,aot,40066307.75,gas-used mismatch for 0xb34467d6a5a1a0e022289742405d73c0ae49d7fe5acd2bf255ef5a9be8d7355f: expected 266939 found 219649
20832719,aot,33784665.777027026,gas-used mismatch for 0x4f5525932fa01cc73fc46a4f273fe286c0c04a33f9b05e35611ec500bb355e4c: expected 566181 found 509468
20832461,aot,33998611.80451128,
20834324,aot,14184576.303030303,gas-used mismatch for 0xccb03efa6c280a53a17efa64005c4da9e34638283e8acf40b163fb2a1c0b7da5: expected 442089 found 251999
20830985,aot,33416272.485507246,
20830802,aot,36472039.066176474,
20832180,aot,20993221.411764707,
20830433,aot,25339376.79292929,
20832320,aot,35706803.04964539,
20832274,aot,53426450.1368421,
20832862,aot,47913107.64356436,
20832086,aot,36112145.74125874,
20833843,aot,48201215.291262135,
20832332,aot,33063532.19333333,
20830823,aot,28689917.060606062,
20831685,aot,30068558.94642857,
20831148,aot,31808171.39102564,gas-used mismatch for 0x263f72f2042612bfe042f497175ed65432472fd38ddcc30b16d6770c75845744: expected 477071 found 296787
20832909,aot,71975411.58571428,
20830774,aot,61565950.3625,
20832554,aot,56525781.43333333,
20830785,aot,31335413.6,
20832121,aot,45177222.41818182,
20833024,aot,32760852.092715234,
20834524,aot,36977318.578947365,
20830957,aot,38562101.736,
20830024,aot,44977607.89108911,gas-used mismatch for 0x21775492c6b192f89f76935dd6ba925b8b324a0ae383c1d072579d1e3fd2cb1c: expected 189988 found 81786
20832825,aot,25864095.05235602,
20831945,aot,26206800.81865285,
20830399,aot,35175047.365517244,gas-used mismatch for 0xd74aeb8528cd4447afe256b7fe311b496bde1cba0b2b4cc81defb1cd62ab9158: expected 726681 found 206448
20830779,aot,43725019.43220339,
20830530,aot,45670383.774774775,
20832649,aot,37277980.98529412,
20832672,aot,30449271.718232043,
20833774,aot,34912944.35,gas-used mismatch for 0x3e489e548ebbf00096cf34d2ffd9ebf6832c00c01cda44578173db5e360b16e0: expected 368925 found 99005
20830211,aot,51763848.13,
20831313,aot,35921388.41428571,
20830586,aot,27960601.684210528,
20831575,aot,14039038.680965148,
20830856,aot,33639153.153333336,
20830451,aot,49300853.19387755,
20831993,aot,39002635.29770993,
20833961,aot,35951478.97777778,gas-used mismatch for 0xfbedfc67ecea936de134c34d09bfbfe8fbb8aab39bd979559e85fce258b25380: expected 1278901 found 1038741
20832462,aot,35681662.16153846,
20832368,aot,35687313.18881119,
20835251,aot,38867288.4765625,
20831033,aot,27757968.416216217,
20832579,aot,70393864.3150685,
20834150,aot,43221880.20869565,
20834325,aot,32152028.64556962,
20832321,aot,29135258.59649123,
20830986,aot,40734984.68253968,
20830803,aot,29425848.352272727,
20832181,aot,60160985.39759036,
20832863,aot,35572031.52857143,
20832137,aot,39343836.571428575,
20832720,aot,64452369.56790123,
20830493,aot,33922399.43636364,
20832275,aot,41691780.70634921,
20831686,aot,38730889.3015873,
20832087,aot,48223276.277777776,
20832333,aot,38074328.073529415,
20830434,aot,65049108.48717949,
20831149,aot,32736332.53797468,gas-used mismatch for 0x71ed2fd95532742c5dd59698873515ade019e280100e41deb269b2def21d2f28: expected 474256 found 296787
20830531,aot,54841089.593023255,gas-used mismatch for 0xd0a002613d72ba1a00090a71bee5f6a900e868163c93e9a1c0aa1ad11657d236: expected 254920 found 210709
20830775,aot,28138518.338888887,
20833844,aot,42619060.1984127,
20833025,aot,35880156.01449275,
20830958,aot,24571861.023809522,
20832122,aot,25156199.666666668,
20832910,aot,56998763.92473118,
20830824,aot,41554481.05925926,gas-used mismatch for 0xa32ca3030b96a757cd6343f00a518abfccc0e9be11b265190d83da894cd53826: expected 956662 found 1024937
20832555,aot,50069007.9047619,
20832673,aot,33584202.806666665,
20830786,aot,41823620.63846154,
20832826,aot,49776622.2,
20834525,aot,44010899.00833333,
20832650,aot,43251322.916666664,
20830780,aot,39110959.368421055,
20830025,aot,34475049.37974683,gas-used mismatch for 0x78970116e3e327c95e0b561e6c2077b0cd6246e31e0cd3597af7dc699ab8b919: expected 295106 found 95916
20830212,aot,37299548.801470585,
20833775,aot,38965129.721804515,
20831946,aot,68572696.01333334,
20830400,aot,41089167.28888889,
20831314,aot,26924658.5,
20830587,aot,56799920.37362637,
20831576,aot,62829578.590361446,
20830857,aot,45285462.62162162,
20830452,aot,36460813.333333336,
20831994,aot,42394575.916666664,
20832369,aot,17508159.926739927,gas-used mismatch for 0x7e8078b34e2d302dce1d6d59da118ff4c5e6dcaa921c89f4c9ee302075eb57e3: expected 189976 found 81774
20833962,aot,38104603.57936508,
20835252,aot,19256797.673306774,
20832463,aot,36825695.73571429,
20832580,aot,26557533.086021505,
20830987,aot,31704271.993377484,
20832276,aot,30445028.38,
20832182,aot,35817911.25362319,
20834151,aot,55399178.47311828,gas-used mismatch for 0xe6e63c43fdad51b839ce571f157aceb4f442fd7ebf939ad0572ad51afd91b5a0: expected 391716 found 95880
20832322,aot,41603853.25203252,
20831034,aot,49799725.68,
20832864,aot,46052953.25925926,gas-used mismatch for 0x7d54427d39b0f69ee8279113c6c5935c390754e05267a9811f199ac6b62da1a4: expected 358537 found 95928
20832138,aot,36488199.38235294,
20830804,aot,29350659.741573032,
20831150,aot,32608091.25874126,gas-used mismatch for 0x2eeaf50d3ce37cab744a14dab8d80889240684d575968682d144a7dbbfe451fd: expected 385268 found 95868
20832721,aot,32814864.01986755,
20834326,aot,74636027.29411764,
20830494,aot,25255955.44390244,
20832334,aot,36934740.872180454,
20833375,aot,34795324.89041096,
20830776,aot,34156252.89864865,
20830435,aot,38190404.89705882,
20832088,aot,37212314.07586207,
20830959,aot,58061327.71084338,gas-used mismatch for 0x3bf1e3cf5e7f2c78e8f405937137718ccca485269dbb90bbd46431b07766e01e: expected 264055 found 215866
20833845,aot,34531414.432432435,
20832911,aot,25110129.635,
20832123,aot,36816211.0,
20833026,aot,44182871.43103448,
20833776,aot,32742616.234482758,
20832674,aot,48195147.37142857,
20830825,aot,39310362.223076925,
20832556,aot,36260378.79310345,
20832651,aot,38876765.80152672,
20832827,aot,33144927.475,gas-used mismatch for 0x8b1b9925b950b2fbb824c172f726820a741ed76db9e1bac477efcace2d4ed624: expected 272444 found 240408
20830532,aot,50545523.05555555,
20830787,aot,41123480.0703125,
20830213,aot,37838651.492753625,
20834526,aot,53521014.50526316,
20830588,aot,36756783.301470585,gas-used mismatch for 0x13174ca1bf3674543658c2c09eb5e0d9c227eba07f3c793720ed231d7ecddd9f: expected 355174 found 48939
20830781,aot,48646386.527777776,
20830026,aot,33572198.025,
20831947,aot,52868903.18947368,
20830858,aot,24034375.770642202,
20831577,aot,38702453.93984962,
20830401,aot,58255815.51111111,
20831315,aot,42468567.166666664,
20830453,aot,31083901.81764706,
20832464,aot,37550478.904,
20831995,aot,34180461.70212766,
20832370,aot,75906340.36507936,
20833963,aot,21111427.404,
20832581,aot,36661434.544117644,
20832912,aot,30684495.7265625,
20830988,aot,18457996.5,
20834152,aot,36090994.45864662,
20832277,aot,33589323.70547945,
20832323,aot,40470105.53719008,
20832722,aot,10513842.896774193,
20832183,aot,26233905.37894737,
20835253,aot,88760776.31666666,
20831151,aot,29769728.30909091,gas-used mismatch for 0x1baa5bd7567c96034e981e340a07a70e6c2aa673066e698cb2470fc16236294c: expected 475834 found 296787
20832865,aot,28343532.274285715,
20830805,aot,32402362.013245035,
20834327,aot,46799634.43396226,gas-used mismatch for 0x3d3975105cac44d69662be9e40e5efbf5b3d414c9d20308cb80094bf7cdd638f: expected 405054 found 95856
20832139,aot,41911130.59504132,
20831035,aot,37112192.92413793,
20833376,aot,30818981.509202454,
20830436,aot,14943641.205438066,
20830495,aot,36066711.80141844,
20832335,aot,30732261.40588235,
20830777,aot,39533852.67460317,
20830960,aot,33087656.907284766,gas-used mismatch for 0x479d508e9f963b84f246d1ae74aad133c184a0bd4c161fb5a3e4f4179f2b4c0a: expected 277874 found 49274
20830826,aot,26324578.174863387,
20833027,aot,40283276.16528925,
20832124,aot,31988871.897435896,
20832675,aot,33706444.79054054,gas-used mismatch for 0x291c14e2dce697098f88558315f6767fc3b85d2f64f1d36a200e2239775da03d: expected 797307 found 341764
20833846,aot,38378804.51145038,
20834527,aot,35038711.99230769,
20833777,aot,55207659.703296706,
20832089,aot,53667213.02970297,gas-used mismatch for 0xedc11b27981474327566ea967a7de472f6b75d46757ccd779ef7a1cf34db38df: expected 387021 found 267407
20830533,aot,32082056.993589744,
20832652,aot,41937659.55833333,
20832828,aot,34544433.36666667,
20830214,aot,18437700.782918148,
20830788,aot,44551236.55855856,
20830589,aot,39742178.984126985,
20831948,aot,39831117.832,
20830402,aot,40537383.99152543,
20830782,aot,47614897.41509434,
20830027,aot,50143558.73786408,gas-used mismatch for 0xd14da99bbbdbea0b9a28a8cbbc1459bcdd019fd992538e2abef97a0cc14e6df5: expected 364256 found 95868
20831578,aot,24549435.118226603,
20831316,aot,28276757.47398844,
20830859,aot,46269974.820754714,
20832557,aot,53802095.91428571,
20830454,aot,41078477.65853658,
20832371,aot,35387723.02941176,
20831996,aot,49089997.86407767,
20832723,aot,1699320.7881092292,
20832582,aot,33272896.46153846,
20833964,aot,39901332.5,
20832913,aot,34212485.31333333,
20832465,aot,55588408.45918367,
20834153,aot,38873144.323076926,
20831152,aot,64077669.65789474,
20832184,aot,43641433.018018015,
20832324,aot,25692860.285,
20832866,aot,37322709.77205882,gas-used mismatch for 0x3fdd7e31d24d0e59079a4dfb897a32b1690db4db09a212bef82b563400b16504: expected 842538 found 179669
20835254,aot,43343062.539130434,
20832278,aot,45830289.49557522,
20830806,aot,35986152.97202797,gas-used mismatch for 0xf456c5db06659169cd0a8268670f762c0845e5b3183214980788a2fba3370052: expected 269926 found 238266
20831036,aot,45401526.83168317,
20830989,aot,56360565.376344085,
20832140,aot,42800520.26724138,gas-used mismatch for 0x0da15f0e8d4c388bdfba1d6e5d25bb35f69836212515b05d00d21a006f781cdc: expected 1853410 found 1148958
20830961,aot,39932011.28181818,
20830496,aot,29345402.588957056,
20834328,aot,55073115.07526882,gas-used mismatch for 0xf72b4b912a7bee0a06da874748de42fb169f05256c4dafe7d44d77190ddeaaaa: expected 363968 found 95880
20832336,aot,44119598.45217391,gas-used mismatch for 0x2739b86b61ebb8d88ae6400f4716fe09905fe759e18684a791e11a2c77be5017: expected 189988 found 81786
20830827,aot,47977572.18446602,
20832676,aot,37009449.585185185,gas-used mismatch for 0x8a3280def05aaa4187a382d579fca09985d00a78afd14a8f0816aa9ea0da7683: expected 944914 found 200754
20830437,aot,63801612.679487176,gas-used mismatch for 0xfcc596452a09f9652700ad8c5e72877c729e318437ae18fefb81d47075b12c67: expected 411239 found 95880
20831949,aot,32384740.72932331,
20833847,aot,48766707.75510204,
20832125,aot,32794613.160256412,
20834031,aot,38386289.592857145,
20830028,aot,39438622.39090909,
20832653,aot,33550077.815602835,
20833778,aot,17338478.743243244,
20833377,aot,43935767.109375,
20832090,aot,42884471.70434783,
20834528,aot,39412833.28571428,
20830860,aot,24899367.111111112,
20833028,aot,61001437.09090909,
20830534,aot,10868883.51234568,
20830403,aot,17798333.665467627,
20830590,aot,38618878.06349207,
20832829,aot,37810549.977443606,
20831579,aot,40372711.29310345,
20830789,aot,47649742.504854366,
20830215,aot,55300142.75824176,
20831317,aot,27337895.920212764,
20830783,aot,38365701.24264706,
20830455,aot,41695653.34375,
20832558,aot,39815028.547619045,
20831997,aot,51752702.177777775,
20832372,aot,47858692.39622641,
20832914,aot,36279702.942028984,
20832724,aot,79780662.44444445,gas-used mismatch for 0x6d32bdfa4b55a9e92591a35d29cfda8aa2ee570a335d02040a7ebc15535067ba: expected 904666 found 594792
20832583,aot,35555919.33793104,gas-used mismatch for 0x0b6fc83305ce173c91789cbcff2a8894ec1b4d29b258047e12443860e9119a9e: expected 365995 found 306326
20830990,aot,22023480.564220183,
20832466,aot,36574757.25714286,
20832185,aot,41554678.15,
20833965,aot,50054382.98,
20832279,aot,30957160.4875,
20832867,aot,34385418.97241379,
20831153,aot,32426071.16875,gas-used mismatch for 0x4dff852c24287aac30c9cd7ec1b468c9fd669e690102ddcf7559f63d7d01cb92: expected 407941 found 98981
20832325,aot,62465654.98765432,
20834154,aot,45735463.117117114,
20832141,aot,59756563.425,gas-used mismatch for 0xb20dd7619c213e874c00c39648ee8e402d5c8960b956009e5f3b7bb91f7549e5: expected 344773 found 98993
20830807,aot,27869807.867403314,
20831037,aot,31670712.70886076,
20835255,aot,44404296.68141593,
20830497,aot,28376845.505617976,
20830962,aot,53854539.895833336,gas-used mismatch for 0x9d2fa44a74bc8e8bcb81123353dccceec884428dab327d30db3d6e647bc810d8: expected 389398 found 48963
20834329,aot,37386792.135714285,
20831950,aot,40029777.73553719,
20830828,aot,39484822.94615385,gas-used mismatch for 0xd689d41aca9cf25f7b637408851ac69fdf52f2f94f67c216787d1b7d324b1a03: expected 166901 found 113111
20832337,aot,30794775.393939395,
20833848,aot,36871947.25362319,
20832677,aot,40476821.89312977,gas-used mismatch for 0x3696c2cc6ca0d78a4026d58882894d2812dd6de9673b89140ca3911ff7d63f17: expected 337347 found 95916
20833029,aot,40214642.52066116,gas-used mismatch for 0x645732cd58ac5952b4b1720bc8eeb246cd6102b12063c0d4f62359e3e7e3d3a4: expected 1600366 found 1729413
20830438,aot,55604968.89247312,
20830029,aot,30655083.30952381,
20833378,aot,49567119.01980198,
20832126,aot,36471335.20979021,
20834032,aot,55857796.483516484,
20833779,aot,50086821.45,
20832654,aot,31129879.923529413,
20831318,aot,29518060.477419354,
20832091,aot,31485913.86904762,
20830861,aot,31315289.612121213,gas-used mismatch for 0x040aaeffa111af2b49f4e2fceb02efcc7d5aff2e77c285e999931dfcbb0c2d95: expected 218958 found 144559
20830535,aot,51341899.48421053,
20830404,aot,28012611.83870968,
20834529,aot,42833162.74380165,
20830591,aot,33519315.212903228,
20830790,aot,25783698.333333332,
20832830,aot,37486552.97101449,
20832694,aot,34593562.39041096,
20830216,aot,28909127.122222222,
20832559,aot,27267970.72251309,
20831580,aot,47320084.26956522,
20830456,aot,51598328.445544556,
20831998,aot,33213118.320610687,
20832373,aot,35629576.44444445,gas-used mismatch for 0x79d0a999fc15db0db758c3ca66020770f9882d714c0cc357a935ed236ae5e380: expected 611700 found 305615
20832915,aot,41511815.03539823,gas-used mismatch for 0x4e16b0fc355f50c685ce7cd997bb23de4202153591ec504672f529c9cce51e22: expected 345812 found 204336
20832725,aot,50099978.96774194,gas-used mismatch for 0x8e3ef3432533c8266052a808042ab0df93205896e31c45783d970fbd716571d5: expected 254126 found 238292
20832467,aot,28343783.175438598,
20833966,aot,32500102.243243244,
20830991,aot,45373981.95283019,
20832868,aot,35310445.876811594,
20832186,aot,30449105.699386504,
20832142,aot,35406360.705882356,
20832584,aot,37149686.81203008,
20835256,aot,36653620.666666664,gas-used mismatch for 0x00954e01fc456a66a4ac1b6aacbbe8098e23ece31eed5a7cfd225fab7d143c41: expected 365983 found 306314
20831038,aot,30920373.08125,
20832280,aot,35566264.70629371,
20832326,aot,36460900.99285714,
20834155,aot,53857694.28571428,
20830808,aot,39495604.93650793,
20831951,aot,45099649.733333334,gas-used mismatch for 0x0e9eca7c849f353a3a3c02a8f7f3fea93410f3c4eaabe5eb08515910d684a121: expected 258236 found 243175
20831154,aot,62216635.32941177,
20833030,aot,41303877.29245283,
20830829,aot,41252676.669565216,
20830498,aot,53093581.82,
20830963,aot,49358450.82857143,
20830439,aot,51521224.1,
20830030,aot,18965656.639215685,
20832678,aot,38903601.344,
20833780,aot,33768651.698529415,
20834330,aot,38831981.11851852,
20834033,aot,35744384.585185185,
20832338,aot,48815413.04545455,gas-used mismatch for 0x1ff44ee9ed0d140da3fe0ad27f23bff1786ee71431178072037aff60b8951fe9: expected 431190 found 95928
20833849,aot,43646605.2,
20832092,aot,46539712.66981132,
20833379,aot,42942077.00847457,
20830862,aot,41939077.55,
20834530,aot,35995492.222222224,
20832127,aot,45806981.04347826,
20830536,aot,21578787.982978724,
20831319,aot,60463233.97530864,
20832655,aot,63486953.98795181,gas-used mismatch for 0x84e9101259b34cef1fb19ac1c94b9c03bfce87b57f1d7316e14b4c670a88a927: expected 265155 found 245512
20830592,aot,54213744.49473684,gas-used mismatch for 0xccbb6682fb9bacdd6335037f92b2a3b7cf530e087158aa92c06f208a02be6989: expected 384535 found 292198
20832831,aot,50317732.16,gas-used mismatch for 0x74f9741f1930dc9ad142d8045e59ce8bc49dc858fb6e8fbb03c6ef70c023ff1b: expected 891837 found 776131
20832560,aot,33775695.72463768,
20830405,aot,65709861.5,
20830791,aot,48403762.20388349,
20831581,aot,27196453.314285714,
20830217,aot,33042343.0,
20832695,aot,37909183.43846154,
20830457,aot,31133552.50931677,
20831999,aot,40635488.78861789,
20832916,aot,39352925.094827585,
20831155,aot,40545511.239583336,
20832374,aot,43774548.65833333,gas-used mismatch for 0xfa06e876ca1a776758dee332d27200224e2bd806989ad759db4e9382a6ae57d4: expected 344761 found 98981
20832585,aot,42166813.75862069,gas-used mismatch for 0x808d75eedd069e3b892d86ea104958709ea8ba9e20ab6d4408bb8887d4b8aa3e: expected 900339 found 648674
20832143,aot,18014967.886446886,
20832468,aot,42640653.666666664,
20830992,aot,33789234.14,
20832187,aot,43025049.36440678,
20832869,aot,50776433.25742574,gas-used mismatch for 0x9bd09a969bdadb0fafcd03752bbe44b3cde5aa2ecac6d6a4231168a5a555ff1f: expected 1340152 found 943617
20831952,aot,35128524.68461538,
20832726,aot,45700654.24390244,gas-used mismatch for 0xe531934c5b31906a3d300ca6b06ad239dfbc56c41ae26eb814a809a068771c65: expected 204569 found 53812
20835257,aot,40713059.3902439,
20831039,aot,43407804.51724138,
20833967,aot,30711286.6,
20832327,aot,34056531.24,
20830809,aot,41614738.29752066,
20832281,aot,57547171.36666667,
20830499,aot,24556681.866995074,
20833031,aot,34128100.66,
20834156,aot,39405593.63768116,
20830830,aot,32185281.63190184,
20830440,aot,31553198.544303797,
20832679,aot,30965447.672727272,
20830964,aot,39290706.684210524,gas-used mismatch for 0x3e53c12c1e6b0d2b6d3db032b75a853178131c8b10e001504b58d6c9de16d625: expected 269285 found 214813
20832128,aot,28544646.57763975,
20833781,aot,52997545.75,
20833850,aot,11400034.88261851,
20834331,aot,46626506.72072072,
20834034,aot,36163389.872340426,
20832339,aot,26783101.584210526,
20830031,aot,56577371.65909091,
20833380,aot,36940982.36764706,
20832093,aot,18140781.240282685,
20830863,aot,50129197.39795918,
20830218,aot,29036801.029761903,
20831320,aot,64189307.75308642,gas-used mismatch for 0xa40e1ddfd9ac078de02f0ea8d7f048f55f5b69064908fd193c8edd6ee9796fc7: expected 380631 found 211809
20832832,aot,31208220.049689442,
20832656,aot,37876740.526315786,
20834531,aot,56517947.548387095,
20830406,aot,28842625.585227273,
20832696,aot,14810907.438438438,
20830593,aot,49175901.58252427,
20831582,aot,36251227.13986014,
20832561,aot,39976558.23076923,
20830458,aot,19859734.21513944,
20830792,aot,50599498.333333336,
20830537,aot,58681663.43333333,
20832000,aot,34202071.66428571,
20832917,aot,35731258.43478261,
20831156,aot,27465124.17777778,
20832375,aot,34772880.7739726,
20832469,aot,23908095.921182267,
20832586,aot,31665117.202531647,
20830993,aot,33658354.30322581,
20831953,aot,22100836.457983192,
20832188,aot,34218937.895424835,
20832727,aot,13361599.08080808,
20830810,aot,31633754.557692308,
20833968,aot,61411594.313253015,
20832328,aot,32829008.474358976,
20832144,aot,72107597.26666667,
20833032,aot,32658115.8630137,
20832870,aot,50023870.36111111,
20835258,aot,36225153.067567565,
20830500,aot,34838105.28082192,gas-used mismatch for 0x0d5404e5eaa563cc578f32c967ed7da4d0fd40e3ae11c709fe5b0ab691a4cfc0: expected 429978 found 315258
20831040,aot,61505117.11627907,
20832282,aot,39752523.30827068,
20834157,aot,37443254.95714286,
20834035,aot,42019577.18584071,
20830965,aot,32497664.187096775,
20830831,aot,49443593.114285715,
20830441,aot,43643580.09166667,
20833381,aot,41774752.301724136,
20833782,aot,33776426.02,
20832129,aot,26573333.585,
20830864,aot,36853104.872180454,
20832340,aot,39348147.40601504,
20834332,aot,42602595.60330579,
20830032,aot,40385719.7890625,
20832680,aot,41038346.755555555,
20833851,aot,82275617.3968254,
20834532,aot,35930210.23076923,gas-used mismatch for 0x1848bb96e9e59d5bf0a5f6320bd1d917ccd405471f68920fdc9b423dc7013c5e: expected 366103 found 306434
20831321,aot,31902895.165644173,
20830407,aot,27264589.319148935,
20832562,aot,29735939.55151515,
20831583,aot,37629033.092307694,
20830219,aot,33512386.506410256,
20832094,aot,60915282.37777778,
20832833,aot,60964915.38823529,
20832657,aot,49798862.39047619,
20830594,aot,41468900.88095238,
20832697,aot,56531848.6122449,gas-used mismatch for 0xe65f71bfe38e9b304a2cce0567e0d63cd4a154be397380587bd89c2d25881e36: expected 1932195 found 1377709
20830538,aot,52597713.24752475,gas-used mismatch for 0xf05237419fb792cdb25eb41be5e57fbabc50f46fb4cdd29c6b36371d745bf445: expected 1104859 found 635431
20830459,aot,50625306.5754717,
20830793,aot,33545217.66455696,
20832001,aot,33832955.383458644,
20832918,aot,37764165.78947368,
20832587,aot,35222300.82608695,gas-used mismatch for 0x2a10dc601510c9fe3552e193abc78d71019f3f923a51f3915ae154e81f6f08ab: expected 217250 found 164308
20832376,aot,27081149.760638297,gas-used mismatch for 0x0b3d943ad139da7ef1432e538d0248a3d71a7146c1f05c6084abaf35d7ce0695: expected 204516 found 82074
20832470,aot,49453897.96039604,
20831157,aot,43467305.7518797,gas-used mismatch for 0x34472ac8e737416f218b74871302edab388211fbbdd41d76e3cc69674e7f9666: expected 447268 found 95892
20832189,aot,52677792.182795696,
20830811,aot,29575698.164705884,
20831954,aot,59691900.578313254,gas-used mismatch for 0x21f24fbb667a5b04fecdc1b812e699b1fbc7b21c670266ccfdec77ea9f53bc65: expected 344785 found 99005
20832329,aot,35125455.666666664,
20832728,aot,60853865.40740741,
20833969,aot,35166915.11643836,
20832283,aot,12838742.597435897,
20834036,aot,53507775.48192771,
20830501,aot,25254038.464646466,
20832145,aot,42956724.86666667,
20830994,aot,53084951.03960396,
20831041,aot,41670734.20689655,
20833033,aot,50304166.603960395,
20835259,aot,47856334.9537037,
20830442,aot,14782987.897280967,gas-used mismatch for 0x2ef9c52f59819ba1052940085c38c06cabb472b87c63b279ff7cc1e2125d8d38: expected 252859 found 238206
20832871,aot,29676431.6344086,
20830832,aot,27072262.2,
20830966,aot,28471309.52601156,
20834158,aot,39108368.8828125,
20831584,aot,41884999.82,
20833382,aot,50136878.1632653,
20834333,aot,18747985.71264368,gas-used mismatch for 0x071e0913166131d98d3382d50e7d6ef31453fbcf41857b3ce92eb41b86b911c4: expected 255427 found 238379
20833783,aot,34690195.64383562,
20830033,aot,19763489.219123505,
20832130,aot,58834185.89156626,
20832341,aot,43860240.069565214,
20832563,aot,12081388.484536082,
20830865,aot,39787066.78571428,
20830408,aot,30464888.56521739,
20832681,aot,24984523.57819905,
20834533,aot,19108012.83773585,
20831322,aot,31190251.576687116,
20832834,aot,42575284.15044248,
20833852,aot,48529022.45714286,
20830220,aot,29551221.081871346,
20830595,aot,27928812.52222222,gas-used mismatch for 0xbaf5a719eb0b351913995a83635ed6ec48baace7a9bba444853c88b9253c6bba: expected 331298 found 48963
20832658,aot,34961132.14482759,
20832095,aot,42033968.80991735,
20832698,aot,15643915.30981595,
20830794,aot,35440404.89361702,
20830460,aot,41864842.17886179,
20830539,aot,51217974.114583336,
20832002,aot,31279767.695652176,
20832919,aot,13175913.631168831,
20832588,aot,70964508.21333334,
20832377,aot,37457850.30496454,
20831158,aot,34146372.83783784,
20832190,aot,29796674.53939394,
20832471,aot,51690119.44,gas-used mismatch for 0x7ce584c8a3512ff8736a0c57a16a01fca014b0536422420b8c2849cc2156c8b9: expected 189988 found 81786
20831955,aot,32744379.896774195,
20830812,aot,40040016.2,
20833970,aot,51609282.15789474,gas-used mismatch for 0x96f2f92298bf8b12fb110d2c772453810f2a4e68003be8ab86650d38a6b3faf6: expected 432071 found 95880
20834037,aot,42761882.882882886,
20835260,aot,5393400.269662921,
20832330,aot,66021549.40789474,
20832872,aot,34410519.52592593,
20830502,aot,35713428.22142857,
20830443,aot,47886648.9,gas-used mismatch for 0x6b2c05ab65d5fb8b42becbbdbfac76acbff952638812f9a4dee5e97e9cbd00ce: expected 262876 found 245585
20832284,aot,51018244.051020406,
20830995,aot,42774677.5,
20832729,aot,48534258.49090909,
20833034,aot,35064719.56551724,
20831042,aot,25102526.81042654,
20832146,aot,32983213.963190183,
20831585,aot,31670963.866666667,
20834334,aot,55143254.67045455,gas-used mismatch for 0x5509c358f663be6b94975bd3c515dafe48efc065134a1d9d1d66e7102a7f7b8f: expected 255271 found 238223
20830833,aot,37884679.830882356,
20830034,aot,46833660.989583336,gas-used mismatch for 0xe2eedca76ebea0735acaf98ed8ea24da9772c61daf2e6739cf62f1b1f9af6a4d: expected 264079 found 215890
20834159,aot,44496509.9009009,gas-used mismatch for 0x45fa90a6c36c79f78349b8879287ba11d91e22038a0e3a3c263dfedf3ca79840: expected 316393 found 213001
20830967,aot,44512323.53636364,
20832131,aot,46047682.4,
20833383,aot,34384554.60273973,
20833784,aot,37861294.81538462,
20834534,aot,47957402.02105263,gas-used mismatch for 0xfc7eb57c84d1fc9016c6c3127bc1bffbf8827ffe9b6cdf25aecaccf769f5add6: expected 324098 found 95868
20832342,aot,34357187.055944055,
20832682,aot,20925861.008474577,
20830409,aot,27973289.76966292,
20830866,aot,36354815.314685315,
20831323,aot,42879780.088495575,
20832659,aot,45880550.8019802,
20832835,aot,33000932.437086094,
20830596,aot,29299760.910714287,
20833853,aot,25831951.024630543,
20830221,aot,54506161.461538464,
20832564,aot,55160773.969387755,
20832096,aot,38941592.71875,
20830540,aot,37394620.072,
20830795,aot,33509938.74657534,
20830461,aot,41218795.291666664,
20832699,aot,78297595.55384615,
20832003,aot,46217493.43518519,
20832920,aot,50657037.05555555,
20831159,aot,24293195.570731707,
20832378,aot,40117840.93076923,
20832472,aot,30232003.694117647,
20832191,aot,38961413.816793896,
20832589,aot,36705597.99324324,
20832730,aot,37899824.44628099,
20831956,aot,47145846.885714285,
20834038,aot,33403900.33112583,
20832484,aot,45867434.62162162,gas-used mismatch for 0x7c6395009380627ab0ee46cf705b29dcc1b0ba13f430431c56e29bc9e828fe08: expected 189988 found 81786
20830813,aot,37238826.44055944,
20832873,aot,38857946.533834584,
20833035,aot,30361116.421686746,
20835261,aot,80547760.08196722,
20830996,aot,24629478.65238095,
20830503,aot,33566931.82692308,
20832285,aot,36311305.21232877,
20830035,aot,50665754.5,gas-used mismatch for 0x1e4f5706c3c8b9a69ad89d41d16cb60f5df05236b4045a492b6e4f619ce8c819: expected 189976 found 81774
20830834,aot,30374709.39759036,
20833384,aot,24052315.81067961,
20831586,aot,42568296.98373984,gas-used mismatch for 0xb80e4edf14d33e5726026fc1c3a87871b70d1ef68846ac9e92ceeeb8a10ca55d: expected 525147 found 98969
20832147,aot,63725148.81481481,
20830509,aot,58909805.73863637,
20834078,aot,31330802.5398773,
20833971,aot,46746730.428571425,
20834160,aot,29918937.622857142,
20834335,aot,42187932.27642276,
20830816,aot,34004720.705882356,
20831043,aot,42013475.4,
20834535,aot,52760942.68367347,
20830968,aot,38920130.76086956,
20832683,aot,66696035.94736842,
20830410,aot,26905153.124352332,
20832660,aot,49133995.93069307,gas-used mismatch for 0xca5d1e10dcad516995a88a2cbde4c387e94e7686da8dbcb21b92c6f4e984e40e: expected 269273 found 214801
20832836,aot,39538752.1015625,
20833854,aot,50901901.85714286,gas-used mismatch for 0xf66813e128701aae5057ede0d2e2b344a17dd652f9c341b3bc01c2867112c4cf: expected 272408 found 240450
20831324,aot,59295693.85227273,
20830597,aot,32129213.0625,gas-used mismatch for 0x2b26b534434ee7a8210462a7763eebf121393576ca1c1a972e37b1742fc2619d: expected 251685 found 209807
20830867,aot,39917659.781954885,
20832097,aot,38372492.961538464,
20833785,aot,52318391.14545455,
20830222,aot,36614736.411347516,
20832565,aot,17086497.31935484,
20830541,aot,14778961.016997168,
20830462,aot,15199938.844117647,
20830656,aot,35678990.687943265,
20832700,aot,51786984.57,
20832004,aot,38443741.676923074,
20832921,aot,35724574.282608695,
20831160,aot,37793700.9389313,
20832379,aot,29396989.515151516,
20831957,aot,32355376.301369864,
20830510,aot,19769341.78817734,
20832192,aot,69201300.38028169,
20832590,aot,32543783.4,
20832473,aot,31587305.53125,
20832731,aot,36554062.333333336,gas-used mismatch for 0xe49e39892bd8e490ef48f62e6b792c362fc6d664c3a45201dc1be987e3a49fac: expected 379669 found 95868
20830036,aot,36915195.73553719,
20832485,aot,37994114.641221374,
20830814,aot,48976513.63,
20835262,aot,22311683.746606335,
20832286,aot,6938017.057142857,
20832874,aot,36298273.73758865,
20833036,aot,23465810.45412844,
20834039,aot,55842207.684210524,gas-used mismatch for 0x4b7aba8d32b1d0f87168f29dfb0a255617e42ffad2e0e9d5dfc24443361db7f9: expected 365575 found 95880
20830835,aot,29283664.29411765,
20831587,aot,36372098.927536234,gas-used mismatch for 0xf06dfc9dfbbc1942fdd697acbf0fcb3800a3c7b89af94129e75339a8c78a7e59: expected 269572 found 216284
20830997,aot,30471242.668571427,
20834079,aot,29658910.48809524,
20830504,aot,40828307.21428572,
20834161,aot,36572212.57777778,
20832148,aot,28284336.36216216,
20830969,aot,28212480.82080925,
20833972,aot,25370341.414634146,
20833385,aot,79814230.13114753,
20834336,aot,37497621.78571428,
20834536,aot,29984107.70520231,
20832684,aot,48283312.75238095,gas-used mismatch for 0xa298be90d65152c4a507cdefb809e604efc6903e37a6a7ac1ece06e412205cca: expected 205304 found 81750
20832098,aot,26738870.47398844,
20830411,aot,42621320.347457625,
20832837,aot,31580118.253164556,
20830817,aot,33505452.525,
20832661,aot,39207096.06153846,
20831325,aot,31940732.432258066,
20831044,aot,33550738.963190183,
20830598,aot,19582176.362264153,
20833786,aot,39468470.9338843,
20833855,aot,60977256.8313253,
20830223,aot,27199645.109289616,
20832566,aot,50266716.19387755,
20830868,aot,43533791.336,
20830542,aot,69164576.53424658,gas-used mismatch for 0xd06415e09db4a5b2d780894f225621174570c1c9f005787dec2dedddda8abfd9: expected 262864 found 245573
20830657,aot,36643689.96946565,
20832701,aot,38674473.140625,
20830463,aot,68553586.60526316,
20832005,aot,38773651.96923077,
20832922,aot,50680894.0776699,gas-used mismatch for 0x7df2c6465967ef682263ae777d8b329f8d4bf0687d145ae77fc579e9f35506de: expected 374786 found 442651
20831161,aot,42221029.422413796,gas-used mismatch for 0x39de543028b362b9801903b520c05870a9d5f7cec37c6b352eda7664acecf5ac: expected 196320 found 81750
20830511,aot,41030593.61016949,gas-used mismatch for 0xddae926f6e4395730ac91af62620a2dd323fd81fc166922300f5426132c269fc: expected 2039162 found 1425981
20831958,aot,32707106.26,
20832732,aot,30865067.6,
20832474,aot,56186449.64772727,
20832591,aot,34087277.44,
20832193,aot,29910376.699421965,
20830815,aot,28914808.47647059,
20832486,aot,56945073.36046512,
20830037,aot,67364008.96,
20832875,aot,52586903.38888889,
20832287,aot,57294827.45882353,
20834040,aot,39705840.2,
20832380,aot,44766482.07633588,
20830505,aot,26519910.97191011,
20830836,aot,27507771.907103825,
20835263,aot,53234300.17204301,gas-used mismatch for 0x3607efe190b14dbe1fd1371882112b40b7b31d7fc5f6739318636ef9c2980450: expected 274926 found 238184
20831588,aot,42268731.28448276,
20834080,aot,51406541.041666664,
20834162,aot,50665936.510204084,
20830998,aot,42083132.14876033,
20832149,aot,46201287.06603774,
20833973,aot,37886457.19847328,
20833037,aot,69393256.3150685,
20833386,aot,26309821.824468084,
20832685,aot,28715993.842105262,
20830970,aot,34297221.668874174,
20832838,aot,31040971.423076924,
20834337,aot,52391631.979166664,
20831326,aot,17392000.136842106,
20834537,aot,40646685.99186992,
20832099,aot,35081086.11034483,
20830412,aot,50053408.32,
20832662,aot,46697464.16037736,
20833787,aot,48597385.1632653,
20833856,aot,29889842.07878788,
20831045,aot,28608496.42857143,
20830224,aot,36158729.68115942,
20830869,aot,26415515.55135135,
20832702,aot,9722909.225596529,
20830818,aot,59387327.55555555,
20832567,aot,60665325.5882353,
20830543,aot,34580593.85616438,
20830599,aot,70667999.57746479,
20830658,aot,54996125.692307696,
20830464,aot,42704178.711864404,
20832006,aot,34452610.86986301,gas-used mismatch for 0x3aeadd9fb73eeecceb8861ef74a9c8c6382e5e583d9d5f3469f0478d6b0f5ea0: expected 487494 found 95868
20832923,aot,30313265.950310558,gas-used mismatch for 0xb0a0aa2d4ae8d0d80a2452edb97b4ea76500deba32e662ec0cebca69c25f80a2: expected 317547 found 280498
20831162,aot,40414637.456,
20830512,aot,36936983.314685315,
20831959,aot,34400512.05228758,
20832733,aot,37736155.45,
20832953,aot,37334447.98550725,
20832487,aot,41271116.07317073,
20832876,aot,34517306.33103448,gas-used mismatch for 0x69bd32ac0948b2f63f9b19934790dbdd96fa64784e7ba70f9995e31f87510820: expected 373280 found 95892
20832475,aot,49160072.80555555,
20832592,aot,37297817.062937066,
20830038,aot,34435400.93918919,
20832288,aot,31972481.7278481,
20834163,aot,37657125.36585366,
20830506,aot,33991988.44,
20830999,aot,29533790.602484472,
20832194,aot,60912680.8,
20832381,aot,46534955.43362832,
20835264,aot,32933751.411392406,
20834041,aot,59734068.64772727,
20831589,aot,44071955.6637931,
20834081,aot,51414567.583333336,
20830837,aot,63762738.91764706,gas-used mismatch for 0x1c30dcbba7a767f8dd74af773d6c36b7024ecfc35b4ddac3ec7ba270e5367c2b: expected 198114 found 81646
20833974,aot,23290151.782222223,
20832150,aot,36994928.19858156,gas-used mismatch for 0x8b29d701072b60b2694cbe5edbda55c8c1de60baac6b18d618db904272d8be4b: expected 385175 found 317174
20830971,aot,31780440.012820512,
20832686,aot,34390625.79054054,
20833038,aot,42417360.48760331,
20832839,aot,39826586.3671875,
20834338,aot,34482469.48648649,gas-used mismatch for 0x3d76f3e93d0fa5639fae0a01d44c880ece045cc56c8c7d428c4abdba34962648: expected 305966 found 95868
20833387,aot,33432135.675,gas-used mismatch for 0xad7fa410035c7260383b272ba363761428270337712c8386037b5c83f74da660: expected 333932 found 98981
20830413,aot,34198351.993377484,gas-used mismatch for 0xe93bc4956d83a6d5dc8c48572b4a11af739a724b5d25eda4a4e4370cd78651d8: expected 266939 found 219649
20831327,aot,49624422.23809524,
20833857,aot,36157128.68115942,
20830225,aot,38811607.784,
20834538,aot,42478747.50793651,
20830870,aot,39683578.406504065,
20832663,aot,46313352.008695655,
20833788,aot,46095763.89655172,
20831046,aot,34328106.94771242,
20833984,aot,32547425.961290322,
20832100,aot,66351282.69879518,
20832568,aot,41366592.72727273,gas-used mismatch for 0x71c074c14c5e36124fd5c31a58885ac77ae7e501513a47c84122410fc37b9de3: expected 208441 found 144528
20830544,aot,38752759.734375,
20830465,aot,48507534.85555556,
20832703,aot,54940149.14285714,
20830600,aot,44139381.12931035,
20830659,aot,48518051.5631068,
20832007,aot,40011180.384,
20832924,aot,38694914.8984375,
20831163,aot,37681149.89705882,
20832734,aot,36904844.392,
20832954,aot,20665399.65,
20832476,aot,33440457.23776224,
20832877,aot,28764455.485549133,
20832593,aot,45965502.8490566,
20832289,aot,37765900.3125,
20831960,aot,47594254.42727273,
20830507,aot,67253042.77464789,gas-used mismatch for 0x8b0c1baac149cca1c3efa32ef49462528255be491031d8530cec9e1da302dc57: expected 324110 found 95880
20832488,aot,38488812.6617647,
20830513,aot,45884772.90082645,gas-used mismatch for 0x4fbc01eb01a5181050217a34001ed06365e32168fe17094b3e285239de35c2d0: expected 1039722 found 756108
20834164,aot,40589366.13559322,
20830039,aot,43366307.387931034,
20832195,aot,34048321.951724134,
20832382,aot,31607593.974358976,
20834042,aot,9439442.861804223,
20830838,aot,35394809.44927536,gas-used mismatch for 0xcc19f8ec473bfae3d38761d20b2b2d5cf30849209a5740cd353e57cd2404ce13: expected 306998 found 95868
20831590,aot,39354763.608,
20832151,aot,41500907.66101695,
20833975,aot,37622365.466165416,gas-used mismatch for 0xe00bdef7ff6cd8a5234fbad1ecba723dd5aa6418b2f32e5e234411ac58153335: expected 753659 found 344167
20831047,aot,32005332.7578125,
20834082,aot,55344955.68131868,
20833039,aot,34492960.07692308,
20835265,aot,42818839.108333334,
20831000,aot,74359210.23529412,
20834339,aot,33825601.979020976,
20834539,aot,49929055.14117647,
20830972,aot,40734691.14876033,
20832687,aot,30921124.412121214,
20832840,aot,33762462.946666665,
20830414,aot,38001419.877862595,
20833858,aot,28357044.517045453,
20833388,aot,36031322.12837838,
20831328,aot,33747382.431372546,
20830226,aot,37459418.22962963,
20830871,aot,42624841.612068966,
20832664,aot,30785555.327272728,
20833985,aot,51464130.229166664,gas-used mismatch for 0x57accadbb4d87a38dc556d72c33f5dae1fdd0f8f605629c3e50d5f5f9df88f9e: expected 218958 found 144559
20833789,aot,36210903.67132867,
20832101,aot,53668127.01111111,
20832569,aot,28703139.59659091,gas-used mismatch for 0x57b07f53398ae04f0d01daf741745e5e3c85a0504191b4348bc3e2e67685ee17: expected 366019 found 306350
20830545,aot,40445017.60769231,
20832704,aot,45586097.72072072,
20830601,aot,33371918.525641024,gas-used mismatch for 0x19aa7ac898a08313d39f02f7dd94f9fa2a164d1d072fc91679965ee749ea6181: expected 262864 found 245573
20830466,aot,51838660.27,gas-used mismatch for 0x621e19b8522e3fdc71e3bbb7bdc5ef9409c742bf381afffa9e957de68a06eb83: expected 385725 found 325983
20830660,aot,52149962.36734694,
20832925,aot,43685582.18644068,
20832008,aot,34757416.01242236,
20831164,aot,32221180.26451613,
20832878,aot,27490628.90340909,
20832477,aot,43626279.03478261,
20830508,aot,13396974.632876713,
20832955,aot,62194198.2875,
20832735,aot,55094369.65625,gas-used mismatch for 0x110ba9ee5d5516ebc410596fc7aefe8844fe2f3c53ff14d0a43c0f00f43e7397: expected 264067 found 215878
20834165,aot,6076117.330263158,
20832594,aot,52415797.46875,
20830040,aot,23069785.44878049,gas-used mismatch for 0x29166a7189bbf5e65f9286f1da5e7810aa0bef4f35f8df52e6977acd024f2d8b: expected 855368 found 382347
20830514,aot,34242893.15384615,gas-used mismatch for 0xc3a970fc62b82796fe3fc909b3218b2ee1dbb5526d1f9c8058140981df9708f6: expected 781357 found 311240
20834043,aot,53367166.91111111,gas-used mismatch for 0x412e23113ea5d7581c936153387de71c996baab7dc2ed820e90876dd580990c7: expected 197960 found 82074
20831961,aot,41555719.416666664,
20832196,aot,45321029.236363634,
20832290,aot,51767214.448979594,
20830839,aot,35246568.05,
20832489,aot,50728968.1980198,
20834083,aot,15733568.863636363,
20833976,aot,36796143.92307692,
20832383,aot,51487782.083333336,
20835266,aot,38612063.56097561,
20832841,aot,35424423.32,
20832152,aot,44777875.94594595,
20831591,aot,37820157.172932334,
20833040,aot,30668035.850931678,
20831048,aot,47095043.61904762,
20831001,aot,43190036.8,
20834540,aot,35809728.652173914,
20834340,aot,48439664.116504855,
20833859,aot,39043127.41322314,gas-used mismatch for 0xd29b521c2e1525afda540cc819722fe7fba1c9ecbd98effb9d2bfd314ba748e6: expected 1055629 found 131646
20830973,aot,41850508.06666667,
20832688,aot,40418198.777777776,
20830227,aot,20682314.943722945,
20831329,aot,46300067.88679245,
20830872,aot,25098382.03626943,
20830415,aot,44365924.5862069,
20832665,aot,38829408.6015625,
20833986,aot,23861665.65714286,
20833389,aot,55204647.21052632,
20832102,aot,28867498.05357143,
20833790,aot,29610273.894117646,
20832570,aot,45666195.88679245,
20830546,aot,27937715.488235295,
20832705,aot,40164514.084745765,
20830467,aot,16646451.277966103,
20830661,aot,31975484.722580645,
20830602,aot,53421934.56435644,
20832009,aot,35035519.92198581,
20832926,aot,42221214.54237288,
20831165,aot,23372078.771276597,
20832478,aot,35122317.84246575,
20832956,aot,43645787.29565217,
20832572,aot,35194203.23287671,
20832736,aot,29565428.47398844,
20832879,aot,36164370.36423841,
20832595,aot,30059183.0,
20830041,aot,39675589.78571428,
20832197,aot,36459372.26470588,
20832490,aot,28882484.194117647,
20832842,aot,29170281.963855423,
20834541,aot,20584132.773755655,gas-used mismatch for 0xa18c59f25e1dadeaefb0fd10fbe6b5427dbb0d9bf1541547b5c71c6e5bbec52a: expected 366043 found 306374
20833977,aot,28177302.90857143,
20831962,aot,39342121.8359375,gas-used mismatch for 0x2a8f9e16ff5ad8de8f46223f8566df6f32f845680637de2ddf8ae08d066395c9: expected 282674 found 49274
20830840,aot,33951803.76027397,
20834044,aot,37013065.4057971,
20832153,aot,38810050.428571425,gas-used mismatch for 0xe5c5e93e96630a72cb5aa752500accde6e1e9d7b59b04ece6d660ae62815c041: expected 317995 found 95904
20832291,aot,32408343.25766871,gas-used mismatch for 0x8828b97c06abc3dc2990cb3c926f99acca6909a4d707380ef5f8390958905587: expected 305703 found 95880
20832384,aot,34034952.37086093,
20831592,aot,30555548.355828222,
20834166,aot,81155507.6923077,
20831049,aot,27302109.30054645,
20834084,aot,61297489.0,
20834341,aot,33183845.32450331,
20833041,aot,38760863.183206104,
20832601,aot,79444462.42424242,
20833860,aot,36956228.580882356,
20830974,aot,25959669.39285714,
20835267,aot,53994702.77551021,
20832689,aot,38172441.853846155,
20831330,aot,36377734.51449275,
20831002,aot,45075425.425,
20830873,aot,52476723.75789474,
20833987,aot,45414359.53773585,
20830228,aot,66149064.24,
20830416,aot,33683947.966887414,gas-used mismatch for 0x4261b063755ef70c9712eb943629edaa6cc3bb4030dde0190657b5619479c65f: expected 363601 found 95868
20832571,aot,32295063.30666667,
20833791,aot,35802945.36956522,
20832103,aot,32752901.04375,
20832666,aot,32092588.04819277,
20830547,aot,42672843.51724138,
20833390,aot,48881277.114285715,
20832706,aot,41393951.87603306,
20832293,aot,33611974.62328767,
20830603,aot,38384500.28695652,
20830662,aot,39034787.84166667,
20831166,aot,38550184.34351145,
20832927,aot,52868908.38834952,
20832010,aot,41619005.927536234,gas-used mismatch for 0x1448ac1fa143b2157ee9e5a77dd79041fcdfa7b4fe2c78210df1e523254b7e81: expected 206188 found 82050
20832573,aot,30813480.0794702,
20832880,aot,37995041.8,gas-used mismatch for 0x6ecca796802153438b4efb167ab1ae63e2db99929d83e719cf27ec06dc2bb4b7: expected 2045563 found 2317373
20832737,aot,30550254.941935483,
20832479,aot,43644071.04545455,
20830042,aot,37187377.71755725,gas-used mismatch for 0xdfe1286424ebcb72f6eca1a66c7bba55789c9891d2bb571f69fce6dbbf43f369: expected 189976 found 81774
20832957,aot,45369980.24324324,
20832596,aot,38686339.76923077,
20832198,aot,32832660.594594594,
20832491,aot,43509189.24778761,
20834045,aot,24746304.572139304,
20831963,aot,35482393.89855073,
20832843,aot,40291858.048,
20834007,aot,29513227.576687116,
20832292,aot,32508140.16993464,
20834542,aot,55749037.03296703,
20831050,aot,38420737.333333336,
20834167,aot,20823249.423868313,
20830841,aot,39809020.17557252,
20833978,aot,62110396.14814815,
20832385,aot,32788415.85897436,gas-used mismatch for 0xef176d4b3e2292d4b03235187328d3db5beee3de4fbfcedd9bcb93ff849032fe: expected 189976 found 81774
20834085,aot,29520481.6,
20832602,aot,29038724.57738095,
20832154,aot,34641610.81935484,
20833042,aot,31300958.05625,
20835268,aot,28467061.276470587,
20834342,aot,56220642.1,gas-used mismatch for 0x387a85be2b2e1f6c90e28c87102af27f702cde2d750f96c44c58300af72467d8: expected 1168218 found 629115
20833861,aot,16857333.583333332,
20831003,aot,16480912.158620689,
20830975,aot,44513458.81415929,
20832690,aot,51393938.08163265,
20831331,aot,56011251.44444445,
20833988,aot,34595120.21917808,
20830229,aot,21439252.297872342,
20830417,aot,49037343.6,
20833792,aot,27463457.9,gas-used mismatch for 0xc03edf5a834be4e4b6c2775b77d0a915c6ea8e10c0e1370d7964e917eceeb10a: expected 266915 found 219625
20830874,aot,37385614.90780142,
20830418,aot,40725029.733333334,
20832104,aot,32107408.5125,
20833391,aot,33314467.065359477,
20832667,aot,37850093.89130435,
20830548,aot,49023353.50943396,
20832707,aot,34465290.01986755,
20832294,aot,37040840.93617021,
20830663,aot,22837056.770642202,
20830604,aot,33614043.45751634,
20832011,aot,29801493.30967742,
20832928,aot,29894216.319277108,
20831167,aot,42171155.0338983,
20832881,aot,60726302.10666667,gas-used mismatch for 0x4f18f631f286d4708d596b15ca1634ab9db816ae0f9b38b990c7fca99bcc21aa: expected 335473 found 95880
20832480,aot,28055139.15882353,gas-used mismatch for 0x3cb7e493919ccee26b8abf50550f22ceffaa3155b896bd5a217d5848bbe815d6: expected 889185 found 776131
20832574,aot,48885173.58490566,
20832738,aot,48778327.26415094,gas-used mismatch for 0xe7cac2dd9221afb44a6f4f3793001910010e4fbcb30079ac633b213ed5e8dc99: expected 266915 found 219625
20830043,aot,33210694.593333334,gas-used mismatch for 0xb92e0dc6e35ead1eda97bb937f40ff4caf382a461ac8dc956058682beb668e2e: expected 189964 found 81762
20832597,aot,42770864.5,
20832958,aot,40197538.09375,
20832155,aot,40583799.58558559,
20833979,aot,33954253.13768116,
20832199,aot,40593985.30534351,gas-used mismatch for 0xee6f03ab7113355741682852f78e60f674d4076959d077f6d2cced3af1638f64: expected 430892 found 95868
20832492,aot,51525836.33009709,gas-used mismatch for 0xbde35dfbdbbe0d50694124b62473ebbf5a8d12b48511ea3c1ee908e6342766a7: expected 612779 found 487823
20831964,aot,38666649.20634921,
20832386,aot,37445037.27480916,
20830842,aot,32025950.025806453,
20831051,aot,31203389.76875,
20832844,aot,41654218.125,
20834008,aot,42719163.220338985,
20834168,aot,67023143.4868421,gas-used mismatch for 0xa2a2870e6fa6dd293220f8ce4ef4a096599755d7a05d43774b282b5f48b07c2b: expected 4572172 found 897214
20834046,aot,39461255.39230769,
20834086,aot,42726410.52173913,
20832603,aot,46154932.20909091,gas-used mismatch for 0xcc4cd59850365f7fbaf80c6841f348dc9caf7abe7d1f8aec36ee5a7121c7c709: expected 450646 found 95880
20833562,aot,62653585.88235294,gas-used mismatch for 0xd1662266b8dc7a62bbb40b0cde94b289f5a642c665d0d3d53c79957f6d8b10b9: expected 385115 found 317114
20834543,aot,63626580.0125,
20835269,aot,37987198.04511278,
20834343,aot,57999180.28409091,gas-used mismatch for 0xfe55eddedbf2a72805e127ce85870fd8a4f6311ee61ded51d08e30d7e5a43326: expected 342201 found 98981
20831332,aot,31308163.54901961,
20830976,aot,33611098.54966887,
20831004,aot,51293578.541666664,
20833043,aot,56267586.29032258,
20833862,aot,54022810.74736842,
20830875,aot,17119173.0942029,
20830230,aot,29037692.162650604,
20833793,aot,39314654.5785124,
20832691,aot,34081074.71794872,
20830419,aot,30417790.925465837,
20833989,aot,33518932.357615896,
20834054,aot,47940309.54716981,gas-used mismatch for 0xc69c26236d27c775a09673d0bda6b045952dd04e7c87a3c051a1a83558a5a07b: expected 476910 found 95868
20832105,aot,40086370.92,
20833392,aot,41888259.82608695,
20832668,aot,38946028.546875,gas-used mismatch for 0xa23b5a0e3c5edecceaf3f819a6bf6589dc0c856c620b9674e5e5053bb4f96ce5: expected 188391 found 82074
20830605,aot,31974410.29452055,
20830549,aot,46084943.65740741,
20832295,aot,41186492.38983051,
20832708,aot,47832529.03703704,
20830664,aot,66167725.820512824,
20831168,aot,41297279.168,
20832012,aot,60784484.325581394,
20832929,aot,46538765.35454545,
20832882,aot,36651600.29710145,
20832481,aot,45346689.516949154,
20832575,aot,38235750.66165414,
20830044,aot,42565825.38983051,
20832739,aot,31356151.818181816,
20832493,aot,12058044.025974026,
20832598,aot,38297926.36090226,
20832959,aot,30955084.8969697,
20832015,aot,30097466.950920247,
20832200,aot,46243681.61111111,
20831965,aot,35723921.75714286,
20833980,aot,45156851.3362069,
20831052,aot,23156932.39351852,
20834047,aot,26394460.47027027,
20831005,aot,32279085.723404255,
20832387,aot,51354443.425742574,gas-used mismatch for 0x37c5d71bb88590230eab13a7e11cfe2f4c8b4182530dee7c0b525bb05e51c9e2: expected 611700 found 305615
20833563,aot,28728397.34117647,
20832604,aot,31181663.51552795,
20834087,aot,41614521.96666667,
20834009,aot,37757552.36231884,
20835270,aot,36966741.64661654,
20831333,aot,23682813.08737864,
20834544,aot,36155456.07971015,
20830890,aot,62783299.63529412,
20833044,aot,33870589.76027397,
20832845,aot,34206028.77639752,
20833794,aot,39871337.83471075,gas-used mismatch for 0x5f561ea0893dc4e1e76898a826c69c27c5275242a5002ac0d6af89a92c9bbc6f: expected 345532 found 95880
20834344,aot,36519790.927536234,
20830231,aot,39177482.85950413,
20833863,aot,30630757.86956522,
20832692,aot,26070098.397849463,
20834169,aot,66298553.96385542,
20833990,aot,13124873.483028721,gas-used mismatch for 0xe5794797a197b76148211d3d2578276e3a264f5d3267c61f5240abb347437915: expected 305633 found 95928
20830420,aot,38454776.8046875,
20830977,aot,47009898.895652175,
20830876,aot,74241857.95714286,
20834055,aot,52532858.64516129,
20833393,aot,33067632.462068964,
20832669,aot,38024548.538461536,gas-used mismatch for 0xc3a7bb14dc857ad30fcd29c3d4f0fc337d9f85e7dfe0f168fd24394b5b81dd9e: expected 1880109 found 1100207
20832106,aot,50952728.96875,
20830556,aot,10893632.281318681,
20830550,aot,27847012.04494382,
20830606,aot,41384917.415254235,
20832709,aot,51875231.60215054,
20830665,aot,44107977.47826087,
20832883,aot,27464693.833333332,
20832930,aot,35013346.64137931,
20831169,aot,60447478.927710846,
20832013,aot,37386117.57857143,
20832576,aot,36682740.29230769,
20832482,aot,30408912.503030304,
20830045,aot,27771699.87845304,
20832740,aot,34720634.696551725,
20832960,aot,45029793.10810811,gas-used mismatch for 0x9e796f8c06f9a4ee29fc49efa36b38e124a1976a19065e08632027903cdb4397: expected 345532 found 95880
20832494,aot,62258778.12345679,
20832016,aot,38637249.120300755,
20832201,aot,14314504.598290598,
20834048,aot,39923965.487804875,
20832599,aot,41449528.421052635,
20831006,aot,26216297.209424082,
20831334,aot,37866751.216,
20833564,aot,46046234.4245283,gas-used mismatch for 0x122c3daf749c44a8fd411e1ac5db1871ac3aad47402aadb3329b1e6fe47ceedb: expected 345532 found 95880
20831966,aot,43585760.925,
20832605,aot,41562645.26271187,
20832388,aot,15671981.048338369,
20831053,aot,32785217.192546584,
20835271,aot,15516761.867692309,
20830891,aot,32227351.397350993,
20834088,aot,36305343.37142857,gas-used mismatch for 0xe0fdcee8e1a0123d6e98e22212b95259608e5440da84eae2bd81ffbfd889ed5a: expected 634776 found 95892
20834010,aot,43006610.949152544,
20832693,aot,66268895.22857143,
20833981,aot,56748502.72448979,
20830232,aot,45833057.35185185,
20834345,aot,38864420.99206349,
20832846,aot,36393007.9929078,
20833045,aot,36507018.37588652,
20834406,aot,44229832.716981135,
20833864,aot,43200010.85344828,
20833991,aot,70332216.43939394,
20830877,aot,34277292.5882353,
20834170,aot,48733292.81553398,
20833795,aot,40247841.01481482,
20832670,aot,49334621.37362637,
20834545,aot,39106311.344827585,
20834056,aot,30909379.784810126,
20830978,aot,37950164.25,
20833394,aot,46098811.820754714,gas-used mismatch for 0x6541af11c5175b2e45a57e21450d73351d59ce0cfc54671278f67db4806be8b2: expected 324361 found 95856
20832107,aot,31130702.784810126,
20830607,aot,34970877.18439716,
20832710,aot,43385053.03703704,
20830551,aot,21557689.826086957,
20830557,aot,69697721.23287672,
20830666,aot,25838468.646464646,gas-used mismatch for 0x850f21fad4e930a7a8a8ef80f02e884c24964d38c74870047449e79e343da6c8: expected 434797 found 226829
20832014,aot,34272442.9,
20832884,aot,32354412.556962024,
20832931,aot,40100614.128,
20831170,aot,49376331.10909091,gas-used mismatch for 0xbb4c6d656004fb713d7719767b4f8217ecc24c24447c1e0eb9157a75554412a4: expected 333932 found 98981
20832741,aot,32340087.537931036,
20830046,aot,37947775.28455284,
20832577,aot,49319561.86792453,
20834089,aot,24148290.73006135,
20832961,aot,36487486.46376812,
20832495,aot,41586121.94444445,
20832202,aot,56617196.722222224,gas-used mismatch for 0xd312a59e1cae3e0137f0eac3dfb187c7d8094e4f6d65ed13c5ef3c649af6acb2: expected 218958 found 144559
20832483,aot,43189940.34586466,
20831007,aot,41961351.619469024,
20832600,aot,11790094.894252874,
20834049,aot,34839976.93103448,
20833982,aot,36947472.488,gas-used mismatch for 0xbce21f11fe86e1925c9b4a376da0cee7f1a4eda7195fa455785c49757bd98eb2: expected 266723 found 238403
20832606,aot,51123984.715789475,
20831054,aot,31918225.612903226,
20831967,aot,33796908.48,
20832017,aot,33302902.775757577,
20830892,aot,38586720.9453125,
20832389,aot,60433254.975903615,gas-used mismatch for 0x569bd589471c10258fd9e4440a89b18f4acf7a4f73d2c00caa07d53192c3897d: expected 344761 found 98981
20833992,aot,42635872.17475728,
20833565,aot,34551856.56666667,
20835272,aot,46056100.425925925,
20833395,aot,36067445.477876104,
20834011,aot,43476981.051724136,
20830233,aot,12675997.37659033,
20834546,aot,30375204.7,
20832847,aot,23276104.302752294,
20834346,aot,10479035.775757575,
20834407,aot,47465242.893203884,
20834171,aot,37882065.20634921,
20830878,aot,27951120.32222222,
20833046,aot,36384617.342857145,
20833796,aot,26117954.560209423,
20831335,aot,37541667.09677419,
20833819,aot,35160734.83916084,gas-used mismatch for 0xebe0c8137ef6ba6ce7471a19088c223b50150326a77a0989b9a8927eda79202a: expected 554486 found 284772
20832108,aot,34293105.437037036,
20834057,aot,49882731.33663366,gas-used mismatch for 0x095baff61e2692d8dc16058a6ef7b8629d5521fa88c315eb6139a1b87f8f54c2: expected 992935 found 499121
20830608,aot,43067545.11320755,
20830979,aot,54772073.68604651,
20833865,aot,41195139.127819546,
20830913,aot,72553783.02739726,
20830552,aot,54931539.144578315,
20832711,aot,34978853.18666667,
20830558,aot,37857704.34586466,
20830667,aot,46338426.91428571,gas-used mismatch for 0xba51a8ca43425fe892babd2a3de5bc4d6dc9ad37f958a5f33842642c9e2177ff: expected 279940 found 245549
20832885,aot,43495970.775,
20833890,aot,71942812.69014084,
20831171,aot,40281893.44444445,
20834218,aot,30891606.0794702,
20832932,aot,47318889.65,
20832742,aot,45099172.663716815,
20832962,aot,10244540.44720497,
20834090,aot,41628045.37398374,
20831008,aot,50174634.741935484,gas-used mismatch for 0xdc487d6cf3f6513e96db40eb68d516592d63ca5b01c7b6ba2cabeaaf966e50a7: expected 448345 found 95904
20830047,aot,37410179.27814569,
20832496,aot,36864566.2962963,
20834050,aot,17060105.968531467,
20833993,aot,38502192.54545455,
20832607,aot,43331772.68181818,
20832038,aot,45620936.796460174,
20834051,aot,43271818.69565217,
20833983,aot,44690220.9,
20830893,aot,35910096.35507246,gas-used mismatch for 0xc3356a02f0eca45b8a3a9a02a0cb71eaa34e189c4a363a381576e8c81feb8878: expected 279916 found 245525
20832203,aot,43008442.72357724,
20831055,aot,40669654.184,
20833047,aot,28932753.794871796,
20834012,aot,53167800.95698924,gas-used mismatch for 0x9a925869b94f225b30aaf38f9cb406beb6f977151e510ec4ffa148a5ac0b09e5: expected 255380 found 240522
20834547,aot,22358799.226244345,
20832390,aot,41236656.56198347,
20834347,aot,53941215.54545455,gas-used mismatch for 0x9c28acbc637e95d9a81749693f3591a2aed13e875e556fda9fb95442c06cc346: expected 404790 found 95892
20830879,aot,29237759.5,
20830281,aot,53840706.67346939,
20832018,aot,47441971.87962963,
20832848,aot,57858053.43373494,gas-used mismatch for 0xcf4b18e5aa1b648ed6ee254c58f3598e37f12598787c9e52a8c4a2e3df39fa0c: expected 282674 found 49274
20833396,aot,23844984.73023256,
20834408,aot,34162043.89855073,
20833566,aot,68322474.10958904,
20834172,aot,47041989.475247525,
20832050,aot,21256597.619469028,
20835273,aot,61434587.1686747,
20831336,aot,36053523.669172935,
20833820,aot,34312760.307142854,
20830234,aot,61888764.88888889,
20833797,aot,44536376.13513514,
20830980,aot,36005012.66153846,
20834058,aot,48239863.28571428,
20830609,aot,31872111.352941178,
20830914,aot,44996797.342857145,
20830553,aot,28781033.23125,
20833866,aot,47923468.96296296,
20832712,aot,48249173.81,gas-used mismatch for 0x7721a365d83077b98015b9f37c74b3bab659d58899c815365c8be07a7dd20e22: expected 274344 found 221898
20830559,aot,54593214.98888889,
20830668,aot,38599555.46875,
20832886,aot,51623511.31868132,
20834219,aot,25411169.12755102,
20833891,aot,26763686.94148936,
20831172,aot,35780271.461538464,
20832933,aot,44940905.68141593,
20832743,aot,42741024.175,
20832963,aot,59770882.10465116,gas-used mismatch for 0x7236dc30277f4b0fc011cba6baa0de05e13a2853060e966d4815930f38e92da4: expected 258200 found 243139
20834091,aot,32751610.051282052,gas-used mismatch for 0xc58fdaf9387992e3fd82525cc4f2e1b1d0e39916a78c6a8e113950965130147f: expected 905752 found 477312
20830048,aot,46759777.96226415,
20832497,aot,37930441.13333333,
20832026,aot,37884373.270676695,
20833994,aot,37331651.294117644,gas-used mismatch for 0x821d70c68d4f5622cf9085be6adce4d2172bb2ec681627c143d834c7887127b5: expected 269959 found 238206
20834052,aot,74907059.39393939,gas-used mismatch for 0xdd76ffb12845daad2831d5464f7eb1195913672474a0d51cba204739e541d22a: expected 186217 found 81726
20832039,aot,27132154.547872342,
20831009,aot,40451965.63909774,
20830894,aot,34875402.28275862,gas-used mismatch for 0xc55231d3906a1e5b2f392cfeae7fd109b597e53d68f8177f3877c894b600891e: expected 262924 found 245633
20831056,aot,23894030.417061612,
20833656,aot,47240674.895238094,
20832608,aot,29694919.005524863,
20830880,aot,36694793.48888889,
20834013,aot,39419621.90625,
20832391,aot,45695838.18181818,
20834548,aot,64376345.48717949,gas-used mismatch for 0x0ca9fd971d0b959ea211f7f1dc232af9f0cd15619eaea03bf4b5063474000d46: expected 196284 found 81750
20832849,aot,40673646.432,
20834409,aot,58669869.511627905,
20830282,aot,50071038.32038835,gas-used mismatch for 0x8e7b28cef7c3ded7d3a55ca38b804de45614d3be7977880b7cbcade553dc3424: expected 8390663 found 3163859
20833048,aot,46925353.333333336,
20832019,aot,31571879.054545455,
20834348,aot,45528290.930434786,gas-used mismatch for 0x7116ea783e9588221ae3eb213d304c134025c20063472f3b3b5f0cdcbc04da69: expected 311108 found 95880
20833397,aot,58635611.65116279,gas-used mismatch for 0x8337a027c3df2e587e54db2b4a3517fbb505e25c553082db5e4565c34df4294a: expected 277737 found 238121
20835274,aot,14186669.154269973,
20831337,aot,35436090.202797204,
20833567,aot,42086563.84166667,
20832204,aot,46944507.73275862,
20832051,aot,51574391.69,
20833798,aot,35202826.0,
20834173,aot,39170520.88148148,
20833821,aot,40892136.12698413,
20830235,aot,40263464.46031746,
20834059,aot,37506009.70676692,
20830610,aot,36319444.219858155,
20830915,aot,41214499.34375,
20830981,aot,31180102.138888888,
20833867,aot,44602640.594827585,gas-used mismatch for 0x1e957ca2bdb334023ab68a435ba77e7cb6d336e812494ddaf9d081784a718928: expected 289629 found 247765
20830554,aot,42592845.328,
20832713,aot,40744371.398373984,
20830669,aot,22152156.376190476,
20830560,aot,51027002.07920792,gas-used mismatch for 0xe9c5d7c1e32aa2e83b2ceb8f458ccf6002b1b8ff5ba5027fb1373111e16078d5: expected 379669 found 95868
20832887,aot,20768746.44,
20831173,aot,27321812.092896175,
20833892,aot,46536328.1981982,
20832934,aot,35842340.7443609,gas-used mismatch for 0xf537a37867cc38723110e828d4d79c1753d87819018cdb95fd750883104c54fc: expected 139931 found 86119
20832744,aot,52115650.29591837,
20834092,aot,35643403.68571428,
20832964,aot,46469063.518867925,
20834220,aot,67329090.04819277,
20832040,aot,49146660.666666664,
20832498,aot,41689092.219512194,
20834174,aot,35432074.855932206,
20830895,aot,35096555.442857146,
20830049,aot,47967715.2,
20832027,aot,60023344.27906977,
20831010,aot,43693468.95652174,
20834053,aot,44003496.041666664,gas-used mismatch for 0x1d843fd9aab8f4a68443f7b46c0c531d30fe73389d36f90cb90aeda3715474ad: expected 1205004 found 1015794
20833657,aot,33795442.218543045,gas-used mismatch for 0x1c247384af248047e900d7e06f43bb2cb8235403881d712be348b2d3c68f36ff: expected 286840 found 247574
20832609,aot,50567686.13265306,gas-used mismatch for 0x82569e25fa3ea4350bc8ef60e80108860c85d5ef6ad789c914329dee08aaa179: expected 200958 found 81750
20833995,aot,73658514.67142858,gas-used mismatch for 0x673cc05910e8d555a52a0c4214d8cab21687e9ec570b76900a0de4edfabe4cd7: expected 209352 found 82074
20832392,aot,29548665.647058822,
20832020,aot,35859096.42962963,
20834014,aot,46144112.7037037,
20830881,aot,38551069.705882356,gas-used mismatch for 0x86454461557dcbd9bbf1cc1ce1658098dc25916b4b24b90fac7f6db41429098b: expected 451736 found 95892
20834410,aot,26172371.78238342,
20832850,aot,42560065.02542373,
20833049,aot,34399015.220689654,
20831338,aot,31572159.551282052,
20830283,aot,47707069.73584906,
20830611,aot,34088774.19259259,gas-used mismatch for 0xd7908ec7cdfbda569222264a2ef4f3b86c0a677fbe7c1feb46d31b8468a29cd6: expected 237217 found 203284
20832205,aot,31445207.46202532,
20834549,aot,41261577.0,
20831057,aot,70697856.18571429,gas-used mismatch for 0x8ac5ecad262259b845bfa8a0ff100eeecbe883753da39ac33d50e57fa37b0c49: expected 264457 found 242455
20833398,aot,44737748.04424779,
20833568,aot,27792658.021857925,
20833822,aot,31361582.84375,
20834349,aot,37006080.80689655,
20835275,aot,55665791.01098901,
20832052,aot,47173540.00925926,
20834060,aot,43919383.077586204,
20830236,aot,48380896.641509436,
20830916,aot,39624453.992,
20830982,aot,31483280.225806452,
20833799,aot,40074078.02857143,
20833868,aot,34354508.67123288,
20830555,aot,37305232.54814815,gas-used mismatch for 0xdf8a7e1e34aba8f90019e19a1888eca6d3fc5bc62d5e8fe993377b5333f97e7d: expected 262888 found 245597
20832714,aot,61469657.90123457,
20830561,aot,9859044.920529801,
20830670,aot,49687314.44,gas-used mismatch for 0x666e2e9cd6f3af067bcdea7da00df04d13cb276dd513c1829d694585e1906677: expected 264079 found 215890
20832888,aot,24479388.079812206,
20831174,aot,47234330.40776699,
20833893,aot,36397476.07971015,
20832935,aot,54150753.720430106,
20834093,aot,31653347.490322582,
20832745,aot,31810319.503030304,
20832965,aot,44226393.1779661,
20834221,aot,32841540.84177215,
20834015,aot,36286058.31404959,
20832041,aot,34495129.08,
20834265,aot,34737466.0,
20832028,aot,35227985.821428575,gas-used mismatch for 0x3e5c1c0844e5a0a12ba89d2b5c1683af4bffaa42299f4a4fd6c68639784e4754: expected 484929 found 95868
20832499,aot,38547803.43076923,
20834175,aot,45884852.51351351,
20830896,aot,34792072.87586207,
20830050,aot,52822316.69387755,
20832610,aot,11264355.959139785,
20832393,aot,39368425.5952381,
20835276,aot,42525986.861386135,
20832851,aot,13060580.50391645,
20831011,aot,55803799.82795699,gas-used mismatch for 0xf5277dbd45f8211290151dbe56ed135c4537125d350a1ff7418f888c982027aa: expected 324714 found 95880
20832021,aot,29698213.12716763,
20830882,aot,63583591.64102564,
20833996,aot,42659760.6097561,
20834550,aot,24871381.53030303,
20831058,aot,53207199.68817204,gas-used mismatch for 0xae06c3f2772fa43403200a1a4a5d7e3acbb0824fb43887fc24047fe3bfcfcac2: expected 495612 found 95916
20833800,aot,37235008.31896552,
20833050,aot,35972430.22377622,
20830237,aot,53854293.45783132,
20833658,aot,31112198.466666665,
20833869,aot,46445268.15053763,gas-used mismatch for 0x6020a94623bab5f754ec7050e764adf76fe5a6a96b1b4f278b21e24d793bd195: expected 345520 found 95868
20833823,aot,36666573.007246375,
20831339,aot,41858673.828125,
20832053,aot,34329689.531034485,
20834411,aot,41585879.76335878,
20833399,aot,40333637.4296875,
20830284,aot,45782191.847457625,
20830612,aot,46776764.26126126,
20833569,aot,48551309.3490566,gas-used mismatch for 0x2915d46f33f90d3c473c36759e3b6aaf212fc001c018c5bdcdaa18f79a3bc2df: expected 354166 found 95940
20834061,aot,41984858.75,
20834350,aot,53604463.87368421,gas-used mismatch for 0xb823c0510f96dc946559f68980e8704bc577376faad016ab7481fbffecfa027e: expected 198345 found 82074
20830917,aot,33811069.86013986,
20832715,aot,34147646.904,
20832206,aot,47782301.88983051,
20830983,aot,36448236.34265734,
20834875,aot,55992113.02222222,
20830671,aot,28050172.64893617,
20834066,aot,52235089.190476194,
20831175,aot,48593300.514563106,
20833894,aot,42907313.47413793,gas-used mismatch for 0x78caaa89a452b0f0f3b55fb8e0885fee8f05e88283d8073c10ad9b3aacbd2c53: expected 189099 found 81798
20832889,aot,70818497.78666666,
20834094,aot,34392522.303448275,
20832936,aot,43760333.11016949,
20832746,aot,43830414.026086956,
20832966,aot,30514808.84117647,
20834016,aot,49153409.16504855,
20834266,aot,38629825.625,
20832500,aot,33029156.1192053,
20834222,aot,39390495.47407407,
20832042,aot,42471716.73553719,
20832029,aot,33792732.948387094,
20830897,aot,37181914.073529415,
20832394,aot,34027556.12,gas-used mismatch for 0x821fa2ade5a04e84b85bc043df25bb1aca436eacba98e2e01cd52757a255fe8e: expected 189976 found 81774
20830051,aot,35017220.55479452,
20834176,aot,43591683.56666667,
20835277,aot,43441309.02542373,
20833997,aot,24393907.71359223,
20832852,aot,60758115.26506024,
20834551,aot,34307611.60689655,
20832022,aot,32558294.432258066,
20831059,aot,26501885.025641024,
20831012,aot,42349992.146341465,
20833801,aot,37664987.073529415,
20833051,aot,39763641.87692308,
20830238,aot,29842415.2,
20833570,aot,44448900.63888889,gas-used mismatch for 0x414d11d6bc62e80193631a99ab71377d51dcdbd880340d3661d29bb2f3e479bf: expected 1442400 found 753562
20832054,aot,34675223.93150685,
20831340,aot,41963194.733333334,
20833870,aot,42247594.43089431,gas-used mismatch for 0x0410cfe8ec2c7f36532109b73076f4f8bfb7694f257b7c6c63a7f9460b35da92: expected 1117101 found 842869
20832611,aot,64475038.578313254,
20834412,aot,26469849.046632126,
20833824,aot,35417746.25517242,
20834062,aot,43045916.053097345,
20833400,aot,22478027.730434783,
20832716,aot,28843293.554285713,gas-used mismatch for 0x0534c9d1e44446df3d8c004afd9e79134f85e07e23d1b2b5a9d3914de768c2c1: expected 347168 found 95880
20830613,aot,33594721.49019608,
20833659,aot,32145292.833333332,
20830285,aot,42837306.13333333,
20830883,aot,52398858.39090909,
20830918,aot,33571791.711538464,
20832207,aot,35709058.09219858,
20834351,aot,44674073.779661015,
20834194,aot,76205862.25757575,gas-used mismatch for 0xd58d6c98b5cbbe4de28db36410c579dcfebfb6be3bed5538de250ea70e881ab2: expected 370799 found 205952
20834876,aot,39379292.30827068,
20830672,aot,40619292.95867769,
20834067,aot,49074072.96,
20831176,aot,39590796.1015625,
20833895,aot,33607957.74172185,
20832937,aot,25598901.824468084,
20834095,aot,33685486.9527027,
20832890,aot,37128332.36986301,
20832747,aot,13384088.454068242,
20834017,aot,39005535.728,
20832967,aot,45488290.513274334,
20832043,aot,32487788.74050633,gas-used mismatch for 0x0ec0bb518036dcf27a7fec3bc5fb18258a9cb11750c2d0f9e87aef91a7648f20: expected 344785 found 99005
20832501,aot,38589274.65384615,
20834267,aot,38026068.60150376,
20830898,aot,31535661.316455696,
20834223,aot,9828424.23655914,
20832853,aot,12443654.309045225,
20833998,aot,22997879.78139535,
20832030,aot,18656352.503496505,
20835278,aot,35992304.36764706,
20831341,aot,25373488.82320442,
20834177,aot,51672000.85263158,
20830052,aot,41982912.541666664,
20831060,aot,27814043.074285716,
20834413,aot,32533943.04964539,
20833802,aot,37400143.24427481,gas-used mismatch for 0x9a718050551c503c215f98f3c332fa36657cbff4722ae1b049e65ef40cb66293: expected 280610 found 238396
20832023,aot,39563934.27480916,
20830239,aot,30675816.943037976,
20834552,aot,56016568.97802198,
20832395,aot,44746033.07438017,
20833052,aot,31277025.06875,
20831013,aot,33207930.92156863,
20834063,aot,34366841.25714286,
20830884,aot,38367984.25619835,
20832055,aot,35362065.82857143,
20833825,aot,42463497.72173913,
20830614,aot,38859130.02479339,
20830919,aot,31208870.67549669,
20833571,aot,51594005.25263158,
20832717,aot,36140190.231884055,
20832612,aot,29367374.554913294,
20833401,aot,51712598.8367347,gas-used mismatch for 0x74e0ee4bbe089838ecb728e46d16736468fdcda56ba1bd26a9598928733f37be: expected 759937 found 419447
20830286,aot,41413261.458333336,
20832208,aot,41800979.90434783,
20833660,aot,37095911.244444445,gas-used mismatch for 0x1b8af40ce3fa0a7300f0a0a6f4fc7190bdd9745cf1f6b710b3e15e77f71d5838: expected 279856 found 245465
20833871,aot,44581351.95762712,
20834195,aot,36625835.89230769,
20834352,aot,53878337.43010753,gas-used mismatch for 0x5059dd6902655b23332570def5eb044813f32d1f09464e1dce14ffbad1f70120: expected 255296 found 240438
20834877,aot,41252644.833333336,
20834068,aot,29234828.823863637,
20830673,aot,39901062.4453125,
20831177,aot,38670901.09375,gas-used mismatch for 0xd03f77f0ca2ee9dd63397ef11edf366b914007ffb8b5f63d2a3a50dbe431ab26: expected 344749 found 98969
20834096,aot,46364848.74528302,
20833896,aot,29101147.224043716,
20832938,aot,47953137.19090909,
20832891,aot,32544242.797468353,
20834018,aot,42540278.9137931,
20832748,aot,38592265.48091603,
20832968,aot,51529931.52040816,gas-used mismatch for 0xb3ea49bcda816f155f4245e4fd79f4753203166564a969b9bcd2d7777e223f6f: expected 365719 found 306050
20831061,aot,54833295.82666667,
20832044,aot,35742203.43478261,
20832502,aot,29628200.76190476,
20834268,aot,37001468.80740741,gas-used mismatch for 0xeb183aef63c211af8c0857bade8f0a29c0d74ad413c520c0bbd53f9b8ae636c7: expected 328432 found 95880
20830899,aot,17968498.300724637,
20833999,aot,48816434.17,gas-used mismatch for 0x7404039c3b719b155266db1c26404cd2a34adff1057aa59f8a437489ef566684: expected 252871 found 238218
20832031,aot,46146889.089108914,
20830053,aot,34949468.666666664,
20830240,aot,37872679.264,gas-used mismatch for 0x9fc52c689a29c01a9523d40ade13f1e6b726d6fe9f633afc71ba7c8fbacde1f5: expected 262816 found 245525
20835279,aot,28814862.517045453,
20832024,aot,35690368.278195485,
20832854,aot,66680136.38666666,gas-used mismatch for 0xa243bbfac88aee6350a33bfd49e42701e71d55fea7e9ef7beb39d9312c6fdb2b: expected 1338107 found 596664
20834553,aot,36449255.723076925,
20831342,aot,48561641.08737864,
20834224,aot,47065402.0,
20834178,aot,37856557.97777778,gas-used mismatch for 0x6e62bb6f1baeda3702d2c3302e96fa3a3188ef018f700a8611c0c52a21a034e3: expected 380480 found 224231
20832396,aot,41304401.551724136,
20833803,aot,43785613.088495575,
20834064,aot,50417119.10204082,gas-used mismatch for 0x3336ac855430fd2cdcd1587f630ee3fdabbd790389aec9c65de45706c38ccae0: expected 407331 found 95868
20833572,aot,39806674.475,
20831014,aot,37904657.7480916,gas-used mismatch for 0x2eafafc76c66c54b630597a8597872d6ffc4d41066ac1becad713ce5ad8fc4c2: expected 324110 found 95880
20833402,aot,734252.9927448609,
20833053,aot,40522445.233333334,
20830885,aot,52407731.479166664,gas-used mismatch for 0xa8ea60a5c253f71b1e112e6bbb0df142776f218bf9e41f1f21678049ed0e40e8: expected 266723 found 238403
20834414,aot,56814562.2,
20830920,aot,45189098.873873875,
20833826,aot,47715860.79245283,
20830615,aot,45474206.18918919,
20834353,aot,41775905.61904762,
20832056,aot,31521349.952941176,
20830925,aot,51034331.87912088,
20832613,aot,52032306.55681818,
20833872,aot,34591866.673758864,
20833661,aot,66701390.0,gas-used mismatch for 0xb85f55bbfff14dc1f7a45fe01a6074b79f8ab8058a8fd8fc07fe81d94ab26384: expected 345544 found 95892
20832209,aot,57779691.50588235,
20834196,aot,51259140.15,gas-used mismatch for 0xe12f2ca2307e81dca263b8383db75c399c401ff08d74e1163ee7d9841c4051a9: expected 345532 found 95880
20830287,aot,69368221.0140845,
20834878,aot,34908464.14285714,
20830674,aot,31818703.21153846,
20834069,aot,33888258.17088608,
20833897,aot,39584961.51724138,gas-used mismatch for 0x47c3b0172721b939bf4699de87898392fdeadf020f74619362fa7571441160e2: expected 348475 found 95880
20834097,aot,33014370.871794872,
20831178,aot,47970492.236363634,
20832939,aot,62770905.28395062,
20834019,aot,50978875.495145634,
20832045,aot,27923345.57222222,gas-used mismatch for 0x9667853bdf53b90f9ee81f83f0bc804c21e84a5bdfb6de99f6d7cc80aa67a971: expected 203736 found 77693
20832749,aot,42924801.08130081,
20832892,aot,54503867.98,
20832969,aot,41601703.1328125,
20834269,aot,39584558.78625954,gas-used mismatch for 0xd1fa42c7578cd035f1149a90373052ba5e37c63bc146c0fbc5238380d39a9f9a: expected 443178 found 95868
20832032,aot,57370089.375,gas-used mismatch for 0x9a75eeccc681bdb81da25d1d527b8e646e92f705c0d0e053e4e373d571ebc307: expected 324098 found 95868
20830900,aot,27556908.642105263,
20831062,aot,74427280.38028169,
20834000,aot,47290539.69444445,
20832503,aot,44303206.376,
20830054,aot,43564761.460869566,
20832025,aot,29430730.434285715,
20833804,aot,28321525.05202312,
20832397,aot,31164082.300613496,gas-used mismatch for 0x8152b330705a1bb74f585b4abef6914f885416154da52c71204c8f4e2d729f52: expected 263188 found 213781
20835280,aot,36041830.55862069,
20832855,aot,36637124.503496505,
20831343,aot,25501934.932038836,
20830241,aot,44593335.2,
20834179,aot,38769916.29323308,
20834065,aot,40423602.547619045,
20834554,aot,37940511.33571429,
20831015,aot,37531092.64705882,
20833054,aot,40627467.536,
20833573,aot,26422943.935323384,
20834225,aot,43217667.57936508,
20833827,aot,53402119.14736842,
20834415,aot,27273563.7539267,
20830616,aot,35383721.692307696,
20830926,aot,27777506.35359116,
20833403,aot,76077241.0735294,
20834354,aot,35832117.54545455,
20830921,aot,75740515.63380282,gas-used mismatch for 0x8a55b922b3a7381fb8c3dcb2b6f033312a6be5d40a717abb2e280c8c7ed4ec65: expected 424332 found 226841
20832614,aot,39199671.374045804,
20833662,aot,32148103.512820512,
20834197,aot,35487562.36296296,
20830886,aot,61316406.05376344,
20832057,aot,51095012.86,
20830288,aot,29163514.45238095,
20832210,aot,38093538.925925925,
20833873,aot,40384255.28148148,
20834879,aot,39188585.28461538,
20830675,aot,44679263.44444445,gas-used mismatch for 0xfc66c9668c191f1d494db17b7e99f69aca88d7e7938a10636ad22e4156ca7775: expected 279916 found 245525
20834070,aot,38296278.936,gas-used mismatch for 0x6aaca832ee55c2638a4785679ff4c309e8f6981ed0b6b11de3d84a40c7c5b13c: expected 189099 found 81798
20833898,aot,38152520.21538462,gas-used mismatch for 0xac3c2980f4a7089507d475f544333998a5108227507470084156c7dc1c5d08c5: expected 286864 found 247598
20831179,aot,27917048.91011236,
20834098,aot,43934653.867256634,
20832940,aot,38801186.67175572,
20834020,aot,35540951.35714286,
20832970,aot,58251206.175,
20832750,aot,39900297.0,
20832046,aot,46255057.89090909,
20834270,aot,43747562.21238938,
20832033,aot,31147438.183544304,
20831016,aot,31815136.154411763,
20830901,aot,32504305.59602649,
20832893,aot,47255378.88181818,
20831063,aot,57017695.744186044,
20834001,aot,28342050.7,gas-used mismatch for 0xd68831ca9be2952c1b3c695085ace782b3e48d54bb713989a3beb6b37be6b22e: expected 272444 found 240486
20830055,aot,16420563.413114754,
20832047,aot,45744645.41509434,
20832398,aot,28507531.582857143,
20832504,aot,45628644.61261261,
20831344,aot,25540227.116161615,
20835281,aot,34408507.34246575,gas-used mismatch for 0x036f13f0e96c0eefaf445f34ae934f8cab9be762423aa39088cd3e0513c1ff57: expected 544017 found 424634
20834180,aot,37947452.53435115,
20832856,aot,39480136.92063492,
20833574,aot,18336310.89925373,
20830242,aot,42388421.49586777,
20834555,aot,48102774.873786405,
20833805,aot,46928159.35454545,
20834226,aot,27672695.0,gas-used mismatch for 0x7576e1e8a1b83fa1e7595480eb45051fb200b011f69423fb2c671eec3507e36e: expected 379787 found 208596
20833828,aot,36533459.63235294,
20834416,aot,38483513.58461539,
20833055,aot,43746460.827586204,
20833404,aot,36327713.666666664,gas-used mismatch for 0x662deec04366e8dfdff3cd832e0605c9cb2743466a2d23cb9a0bec7e3778c355: expected 277881 found 238265
20830922,aot,31545582.20945946,
20835625,aot,68345631.63013698,
20834355,aot,17237609.23508772,
20832615,aot,36749425.646153845,
20830617,aot,27328696.85483871,
20830927,aot,36680079.652173914,
20830289,aot,32213529.81935484,
20833663,aot,46534109.824074075,
20830887,aot,42415699.416666664,
20834198,aot,37938415.323529415,
20832211,aot,45434078.69369369,
20832058,aot,40308962.24637681,
20833874,aot,49877198.4368932,
20834880,aot,53669551.15625,
20830676,aot,46013861.731481485,gas-used mismatch for 0x8f6d5356a0d51db09730d59cd6cb9349f7dc70409ad0560851bfe81da4dd56c0: expected 264079 found 215890
20834071,aot,44198616.550847456,
20833899,aot,22318874.60663507,
20831180,aot,44897680.679245286,
20834099,aot,36417505.80434783,
20832941,aot,28843573.381818183,
20831017,aot,38128546.92920354,
20832751,aot,15082204.335384615,
20831064,aot,36673059.33057851,
20834021,aot,40322816.416,
20832971,aot,44734541.28828829,
20832059,aot,41922375.265486725,
20832894,aot,29642547.66060606,gas-used mismatch for 0xaba207f19a0144134431ac9d7625b3d5dc25de59a426e4561fd686acb80379fd: expected 623750 found 347011
20832034,aot,42088163.9137931,
20834271,aot,34365517.48275862,
20830902,aot,48561899.97,
20832048,aot,10769616.813043479,gas-used mismatch for 0x7b9ebac8dc421ff996248275b1755dbc6cc78bcfbce5520245a109708bdcc0de: expected 266927 found 219637
20832399,aot,49609344.071428575,gas-used mismatch for 0x115a58bce312193ae00b8aa0483dab4d36fc38dab5e12f8ab924c88515b3787d: expected 611712 found 305627
20832505,aot,50744287.31868132,
20835282,aot,34610636.86764706,
20832857,aot,49417965.87368421,
20834181,aot,37534848.953125,
20831345,aot,57544344.67058823,
20830056,aot,58027844.51764706,
20830923,aot,32774995.801369864,
20834556,aot,40436381.84552845,
20833575,aot,57704942.24705882,
20834002,aot,50710286.02912621,
20834417,aot,40937537.20325203,gas-used mismatch for 0x0858b1efbcfffb184b72df80e4b8dab6c573a3ccd8dcf9798510d3f430812691: expected 213201 found 144540
20833829,aot,39685407.984126985,
20834227,aot,52474116.46875,
20833056,aot,38577815.671875,
20830243,aot,30800301.263157893,
20833405,aot,49346194.47,
20832616,aot,34183737.60810811,
20830928,aot,30190476.80120482,
20835626,aot,46227522.95495495,
20833806,aot,35031796.04575163,
20834356,aot,71773551.14285715,
20834199,aot,35534155.85714286,
20830618,aot,55422316.406593405,
20830290,aot,35900240.26241135,
20830888,aot,37550805.518796995,
20833664,aot,39419941.24,gas-used mismatch for 0xcb5263d82e1464778848a86a357e4c3ec3615904397a18f34df85db190f97de5: expected 264673 found 242671
20832212,aot,34693371.6,
20833875,aot,27615868.85549133,
20835437,aot,25942325.730569948,
20834881,aot,45538613.93518519,
20830677,aot,18997166.9,
20834072,aot,31127242.3125,
20833900,aot,43478621.833333336,
20831181,aot,57222995.92222222,gas-used mismatch for 0x8b2126036d8f929afaa872504ce22e6efc78bbedc1d8b29b0da0b996b2115184: expected 344761 found 98981
20832942,aot,34608277.755244754,
20834100,aot,40810227.09558824,
20832060,aot,17441451.28275862,
20831018,aot,44587635.45,
20832972,aot,48603559.62857143,
20834022,aot,40085086.515384614,
20832895,aot,39901339.58015267,
20832035,aot,38535283.39849624,
20830903,aot,32224352.673202615,
20831065,aot,36098146.78431372,
20834272,aot,37341507.50714286,gas-used mismatch for 0x9d099e7839d39945661374a9c75121d40c2cc923aff75214f921b2b94b2648d9: expected 442728 found 95880
20834182,aot,22121238.90350877,
20833576,aot,15471181.89108911,
20832400,aot,30340980.61403509,
20832752,aot,86852574.04761904,
20832858,aot,71762157.26760563,
20832506,aot,51343770.03960396,
20835283,aot,41899740.52845529,
20832049,aot,58957796.04444444,
20830924,aot,14087708.19398907,
20830057,aot,42209152.219512194,
20834003,aot,42654628.56034483,
20833830,aot,34409014.00699301,
20831346,aot,48662068.93518519,gas-used mismatch for 0x75dd1b865c419267b876685441bbf5713e1208c6a9116cfd8961888bce680733: expected 679625 found 401441
20830244,aot,18511918.833333332,
20833057,aot,60005973.21686747,
20834557,aot,35858095.74324324,
20834418,aot,36457310.62068965,
20834228,aot,54470539.3125,
20830929,aot,35612652.81118881,
20835627,aot,40642573.016,
20833406,aot,34538847.03267974,
20832617,aot,33927572.80379747,
20834882,aot,51689338.01428571,
20830619,aot,52098888.8631579,
20833807,aot,37214722.34246575,gas-used mismatch for 0x6888b8b3f366816cc7232b03e1e1d024748ebc5d3e4a2e5182aa3cc7396dd93e: expected 333338 found 186261
20834357,aot,38587742.481481485,
20830291,aot,41677802.291666664,
20830889,aot,33864146.78431372,gas-used mismatch for 0x7f0b7930c356eafbdde08ac47923e69c2bbe2419efb06f9487c2fe59d3ef714d: expected 262828 found 245537
20834200,aot,58348069.54545455,
20833665,aot,28763332.5359116,
20832213,aot,23667765.55399061,
20833876,aot,35081160.93918919,
20835438,aot,49964908.838709675,
20830678,aot,62816319.631578945,gas-used mismatch for 0x1f7a3832326823b47f7502b4dc4101eeacbf077b98f7fc8d6c00916422d77a6f: expected 628783 found 95868
20834073,aot,44877957.04504505,
20833901,aot,44266624.831858404,
20832943,aot,40733785.37962963,gas-used mismatch for 0xcd7b3be73a80c6eae86e24af15a4affe9096120c9312df99a806713824400b0e: expected 1544010 found 1079274
20831182,aot,36510203.02797203,
20834101,aot,91100997.6,
20835812,aot,10241321.84883721,
20831019,aot,57257994.02272727,
20832973,aot,12026881.444444444,
20832896,aot,57589355.435294114,
20834273,aot,36934039.79389313,gas-used mismatch for 0xe0c585ec47b755834e1846299d7ef18bbe1c7e1725dcf8c76a6eb37fc61bfa44: expected 844159 found 338416
20831066,aot,44393412.769911505,
20832036,aot,44645011.10909091,
20834023,aot,47514074.28703704,
20832061,aot,55791981.520833336,
20830904,aot,51558964.530612245,
20835284,aot,41140036.769911505,
20832507,aot,37657208.71875,
20834004,aot,40410532.24390244,
20831025,aot,26016973.702127658,
20832401,aot,48261684.481481485,
20834183,aot,67649144.59154929,
20832753,aot,34960404.406666666,
20831347,aot,26886732.6,
20830245,aot,76975241.6557377,gas-used mismatch for 0xe3138f69c808bab9da7cba51c11493cb351f720e0ee57fb324ef63aef86c4ef9: expected 830040 found 614250
20833831,aot,45427083.95454545,
20834206,aot,34302446.30463576,
20834883,aot,37183040.424,gas-used mismatch for 0x83042c485c84883b50f6de606365de6048501cc93a2f38d4d3821839c566864d: expected 262876 found 245585
20833577,aot,73186528.63013698,
20834229,aot,26826447.57222222,
20833058,aot,36136465.06428572,
20834558,aot,37821399.35,gas-used mismatch for 0x68f3d410246d3788124ac33f866d8dc282beb7196d20a75af0a9120e7da81811: expected 1118457 found 395088
20830930,aot,51660295.322916664,
20830058,aot,27742657.81,
20832618,aot,38603598.2890625,gas-used mismatch for 0x952d7446ef36d52a013e54efa8fc06ce96b0fd76feea5579d46cb05eda360009: expected 210140 found 81750
20833808,aot,46342394.33,
20835628,aot,37056076.2867647,
20833407,aot,32137266.658385094,
20834419,aot,42077062.03174603,
20830292,aot,43484277.82608695,
20834288,aot,45491737.1,
20830620,aot,34562680.0794702,
20833666,aot,50341425.45918367,gas-used mismatch for 0x210cae28801e3cfca182cadc349bdd09907d04137efd2f2041dbac8d030d5347: expected 277893 found 238277
20834358,aot,42219442.032,
20832214,aot,56136580.56989247,
20833877,aot,46722334.30188679,
20835439,aot,37854981.52592593,
20830679,aot,41577770.26829268,
20834201,aot,39462028.81699347,
20834074,aot,47202724.14159292,gas-used mismatch for 0x2a69bd2d709c4221269540c05c3831f432af57e7e0fb5fead712159045797047: expected 389369 found 95880
20833902,aot,45959508.06363636,
20832944,aot,26218169.24878049,
20831183,aot,15062927.212025316,
20832897,aot,12508614.553424658,
20835813,aot,70633507.4090909,gas-used mismatch for 0x6163a60c6a7583c8c96727eacd6dc96b65a0070e6d20341878f26a7ff26290aa: expected 1085970 found 1157103
20835285,aot,39756109.43518519,
20834102,aot,35994789.56153846,
20834274,aot,49987561.885416664,
20830905,aot,40139201.53448276,
20831020,aot,33646687.75342466,
20832508,aot,32085821.8630137,
20832974,aot,45541959.0,
20834024,aot,38885567.65384615,
20835062,aot,45677208.16981132,
20831067,aot,45364168.873873875,
20834005,aot,39391550.112,
20832037,aot,39489780.955882356,
20831026,aot,45998798.85454545,gas-used mismatch for 0x3b03f5e47f74748df785cb71540e313ed0517035d74700e78e7b8a2a063c9b5c: expected 262828 found 245537
20832754,aot,28983402.59649123,
20831348,aot,27777106.327777777,
20833578,aot,45009348.475728154,gas-used mismatch for 0x0cf11ec17413bd9e417a4ec9a6f315fe7691b05a11bd18528e67722b7b2f2e8f: expected 386599 found 95892
20834184,aot,52722729.44210526,
20833832,aot,38804883.515625,gas-used mismatch for 0x951670840d26993b1086cebba29508d248b4b19f8b0fc71eaa7a01972f79d309: expected 522602 found 95880
20834230,aot,47350022.61,
20832402,aot,22273769.9375,
20833059,aot,29881293.866666667,
20834884,aot,37985558.847328246,
20834207,aot,33307212.730769232,
20830059,aot,34888378.97826087,
20830246,aot,67014410.733333334,
20834559,aot,33927300.82876712,
20830931,aot,34015037.6369863,
20833809,aot,39231905.0,
20835629,aot,21750520.039130434,
20832619,aot,51633483.10204082,
20833408,aot,36651838.81481481,
20834420,aot,69089420.2112676,
20833667,aot,26513395.96685083,
20834289,aot,29296857.69047619,
20830621,aot,37953429.05384615,
20830293,aot,34296108.17123288,
20834359,aot,33871566.51369863,gas-used mismatch for 0x8251b076c883f5112101535b2f1923952f28d9e88928bb6591a8a115a22ef736: expected 715755 found 338678
20833878,aot,38899368.6171875,gas-used mismatch for 0x72ce18d8be2b8ee9c6c8e279387d4884dcceec4722eb4f8a6f800000b2db671e: expected 1249284 found 137071
20832215,aot,39055027.8984375,
20835440,aot,30059016.916666668,
20834202,aot,33852214.1369863,
20830680,aot,32843638.670967743,
20834075,aot,33857672.099236645,
20831184,aot,52887665.38888889,
20833903,aot,43379884.656,
20832945,aot,52776884.76530612,
20832898,aot,30833459.92261905,
20835286,aot,26807853.94736842,
20835814,aot,41390330.5546875,
20834275,aot,38237517.683823526,gas-used mismatch for 0x9ca8b0b7a51818bf95a24df9ce65b500924370f3a88ed3ba4e5ddc2c0cae79fe: expected 352573 found 95880
20832947,aot,38862003.37931035,
20834103,aot,69099860.28947368,gas-used mismatch for 0x9a4a7d694f79ab1e86a11bc1eaae8d637d7b720c8304ef74cf84f1764e37aa10: expected 364256 found 95868
20831068,aot,40007453.896,
20831027,aot,31249265.111111112,
20832509,aot,40241526.96946565,
20831021,aot,32885208.595092025,
20834025,aot,36758981.879432626,
20832755,aot,37365170.71538462,
20830906,aot,32202788.364705883,
20832975,aot,58685199.98901099,
20831349,aot,33753610.373333335,
20834006,aot,81120268.2,gas-used mismatch for 0x0e73e0539d7c5a9cb59ebb17f61846f9223fdb840f62e2b23b2cdbf29483c71c: expected 255356 found 240498
20834185,aot,15671664.097560976,
20835063,aot,49301702.22123894,
20833833,aot,36732363.14893617,
20832403,aot,62799553.975903615,gas-used mismatch for 0x4bb44b2bd58d7556a5fa656d5148b9d580a085ee1d343671fac805db942c42ba: expected 345532 found 95880
20833060,aot,58049747.36470588,
20834885,aot,38017466.61764706,
20833579,aot,36860669.86666667,
20830060,aot,42511973.55371901,
20830932,aot,31001498.180722892,
20834231,aot,13214901.992907802,
20833409,aot,39788230.36363637,
20830247,aot,28191935.4,
20834560,aot,42082254.6,
20835630,aot,51711998.24271844,gas-used mismatch for 0x39dcae655e728f07c3dd64f344f22ae47e19f933b182745c30ae28a4e1915ca1: expected 652637 found 358891
20833810,aot,30381878.245714284,
20832620,aot,19422110.05970149,
20834421,aot,33419945.741935484,
20834360,aot,36266234.992753625,
20834290,aot,27013556.123076923,
20830294,aot,16671112.215625,
20833879,aot,29712794.64375,gas-used mismatch for 0x087627ddd58c0f0c8828600c5790e7a599fdcb46d06aad694e05ab9b8c03ea6e: expected 271238 found 238304
20830622,aot,41136178.0234375,
20834208,aot,35674937.530120485,
20833668,aot,33904722.69090909,gas-used mismatch for 0x81caebdb8fbc411952968c3b9353f8331aa47603a5123a398d614d2c7e8e1450: expected 286840 found 247574
20832216,aot,25300113.27894737,
20834076,aot,33741383.396946564,
20830681,aot,40923296.973913044,gas-used mismatch for 0x08aa116bb8da53bb0112accbdd88eda6f69c3c5a977ad8786ae57e8271a0f77d: expected 307022 found 95892
20835441,aot,42812778.50862069,
20834203,aot,41701858.26271187,
20831185,aot,39702580.82539683,
20832946,aot,46459755.54285714,
20833904,aot,55011913.60215054,
20835815,aot,48455058.22772277,gas-used mismatch for 0xa2f3a98b7e552794d69ec127e095a8bad960cd4cfc2b7b68a98989f76dd5d012: expected 969882 found 1060670
20834276,aot,28671784.57738095,
20835287,aot,44262666.666666664,
20832948,aot,36307169.837037034,
20832899,aot,57926939.82417583,gas-used mismatch for 0xd37809ba9152d178f65788258d44c9d65a9db5727fe9b3b3bae6e1ebefe0e1c8: expected 1217026 found 271746
20831069,aot,29613643.535714287,
20834104,aot,51860550.625,
20832510,aot,43927150.9,
20832976,aot,45144621.03773585,
20834026,aot,50079075.89795918,gas-used mismatch for 0xc2a0d2b63727ff627f43d460d3ac1ff64536f1a0423a061167a44110e338b9ab: expected 263498 found 238384
20830907,aot,32943310.870967742,
20832756,aot,40041970.984,
20831350,aot,47967576.73786408,gas-used mismatch for 0xc7893996bd38f9b0e541973531fb2ac091b23201e4a88104f0addfdbe50fd1db: expected 200966 found 81750
20831022,aot,46703012.14159292,
20833884,aot,44123079.95495495,gas-used mismatch for 0x5cb83c953779b1f0f1e38c779bfe7235f3dd4698ecd60506f933369baa5ebedf: expected 352341 found 194154
20831028,aot,26204871.214285713,
20834186,aot,47771188.12871287,
20833834,aot,37340091.774436094,gas-used mismatch for 0xd317b82c44cdddb9ae9f56b13582995622f0170744d4c28f692d84ae2164ee44: expected 485402 found 250809
20833811,aot,45004522.583333336,
20830061,aot,33805171.51470588,
20833061,aot,33356481.88275862,
20833580,aot,26306027.795698926,
20832404,aot,36370126.45714286,
20835064,aot,32604832.74375,
20834886,aot,32489386.238709677,
20834561,aot,39344804.33057851,
20830933,aot,30918910.832298137,
20833410,aot,49599862.702970296,gas-used mismatch for 0xe37558df083c1266c8fe49bd0b3f81d819f33ef0d4e6245e81ce205cd512bd3c: expected 877472 found 735637
20834232,aot,53728092.48421053,
20835631,aot,43140643.87603306,gas-used mismatch for 0x2e18b48c2cf6afccba6040a4c7de8aeb5aa9e49bb99ce5ef6bba4df1025fa717: expected 218875 found 183898
20830248,aot,29317726.22162162,
20834209,aot,38883433.69105691,gas-used mismatch for 0x208560aafa9d4102a744d0289c9ac361c8fdcc0730217e260a5b912a4562a7f7: expected 272408 found 240450
20834361,aot,34620011.50684932,
20833880,aot,41476183.99152543,
20834422,aot,31121775.07738095,
20830623,aot,29188018.05263158,
20832621,aot,66454282.51282051,
20832217,aot,35025071.52447552,
20833669,aot,43568216.118644066,gas-used mismatch for 0x8a1cbc4d9dd4bda11dd17d6947b81ed336110b6c225503335d7433cbedc2adb1: expected 294933 found 238217
20834291,aot,57079595.817204304,gas-used mismatch for 0x840c054e2b4c9f4e4d6651b5ca6136d3c874c3dbc6edeea6438e768c4cf60f1b: expected 263569 found 201653
20830682,aot,52843207.55681818,
20830295,aot,57933265.96590909,
20834077,aot,55387302.49,gas-used mismatch for 0x707eef5c16a7e8d931c6a811ee043e37f24a2fb9d66a53be010beb8a1fc90862: expected 322791 found 95868
20834204,aot,64739337.358024694,gas-used mismatch for 0x81f6a273bd9b231628cc938b8fa0ef3f78fa8143bfde4fc8be012a0008e4d9d5: expected 346868 found 95880
20835442,aot,41191788.59375,
20831186,aot,44512220.0,
20830328,aot,29971423.69879518,
20833905,aot,33023958.455128204,
20831070,aot,48886886.56989247,
20835816,aot,35632633.823529415,
20834027,aot,40375461.36283186,
20834277,aot,44479844.19090909,gas-used mismatch for 0xc26b6352febf0b12a8f7483e831fd44a0c72e3d02014c7c39326efc021410240: expected 277857 found 238241
20835288,aot,51028398.45263158,
20832900,aot,43435236.577586204,gas-used mismatch for 0xeeb45ece893cc999e20b2797894e5e87b591e73243e48f8d1704ffbb9123ded9: expected 1069858 found 271698
20834105,aot,39383291.484126985,gas-used mismatch for 0xacbd613aef42e77bcf0d6186f44fdd01c3fc9460883a86954077d4b0a260cafa: expected 253632 found 238385
20832949,aot,47144249.29245283,
20831029,aot,25828771.033707865,gas-used mismatch for 0x7582a13710efc10a11bb19f753529cfcd1db06cb88b63ab1592b69385c46fe4e: expected 453050 found 409563
20832977,aot,35671807.06428572,
20832511,aot,60576908.21686747,
20832757,aot,47496271.067961164,
20833885,aot,28760317.588235293,
20830908,aot,39696056.91269841,
20831351,aot,38015387.57037037,
20831023,aot,29708340.933333334,
20832405,aot,35271377.15789474,
20834187,aot,58626812.072289154,
20833812,aot,25897477.21989529,
20833062,aot,44343286.85585585,
20830934,aot,32311661.072847683,
20830062,aot,42412840.90833333,
20833581,aot,55609013.10752688,
20834887,aot,37765971.47101449,
20835065,aot,40329872.18461538,
20833411,aot,41693560.83898305,
20834562,aot,38445272.808823526,
20834210,aot,38626894.70634921,gas-used mismatch for 0x2f1d2ebceeae814fbdce18d6a2740ddd7b3f2681afe077be7e9e728ca8931434: expected 562079 found 95880
20834233,aot,21364982.245762713,
20833835,aot,44011247.11111111,
20835632,aot,40083394.05555555,gas-used mismatch for 0x6547742243a54c6afd09151af089c5ea5a298c7d351714f5ce240e448323d01a: expected 1188527 found 990151
20830249,aot,35632550.86956522,
20833881,aot,39990630.632,gas-used mismatch for 0xe831bf4df3accd6b08f69530768cfe9e67cc172c9c1c8806ab09e3b9c2be49ea: expected 332729 found 185959
20832622,aot,33217491.426666666,
20834423,aot,49993897.5,
20834362,aot,38705078.80152672,gas-used mismatch for 0xaa4b1fd51d6dabc51e80ddafb72a42fe03ef088410b3fb8df08d711027f0429c: expected 305703 found 95880
20832218,aot,40448030.63636363,
20830624,aot,34930302.93150685,
20830683,aot,26817522.849462364,gas-used mismatch for 0x9db92c0d4d1bd5c4b8d5a51a6cfffbc89af438cc36240fd2c8168cfb9f2b4c07: expected 437535 found 377131
20833670,aot,44327126.618644066,
20830296,aot,47867019.93,
20834292,aot,37963621.12857143,
20834205,aot,49023983.13265306,
20834300,aot,59301609.61176471,
20835443,aot,41228718.368,gas-used mismatch for 0x0947f19f198117ad1d601f8d0acf974caa31e94199dc25b0270349a79bc28b39: expected 375476 found 95892
20831187,aot,51235388.24,
20830329,aot,24255939.78403756,
20835817,aot,33458173.14893617,
20833906,aot,33429949.13986014,
20835289,aot,34359633.72519084,
20831030,aot,41053748.154545456,
20834106,aot,42454879.93396226,
20832901,aot,30857390.051612902,
20832758,aot,28384983.26875,
20832950,aot,38776235.32,
20831071,aot,42486639.28455284,
20834278,aot,44387464.39655172,
20834028,aot,41208671.944,
20832978,aot,35746080.614285715,
20832512,aot,26054129.839378238,
20831024,aot,28769372.44047619,
20833813,aot,20999286.25217391,
20833886,aot,37565508.87407407,
20834188,aot,32091186.633333333,
20830935,aot,41642151.051724136,gas-used mismatch for 0xfc8b7377d8aad2954fc9998489533152ba79653429f9c81558a0bcbf8005703e: expected 289079 found 255038
20830909,aot,40829472.48091603,gas-used mismatch for 0x555bdddd8f0a44cddaf53a1dee26394891d309da876789ead5348cd48ef40e44: expected 453003 found 409516
20832406,aot,33941325.716216214,
20831352,aot,40668911.625954196,gas-used mismatch for 0x4101dd8518a0d3fb49ba9f071dd952b2f8f45a3d23acf3986f4dd13a45afb2cf: expected 266675 found 238355
20830063,aot,32184191.875816993,
20834234,aot,67870875.83076923,
20834563,aot,18491440.813432835,gas-used mismatch for 0x02b8e5ecf0ee3061e026bebd586bfc7a249d2cd97cc31a9fb172dc6d350c81fd: expected 286038 found 238405
20834211,aot,21859622.49557522,
20833582,aot,41491219.347826086,
20833836,aot,30607612.2875,gas-used mismatch for 0x1e9b17d88aecde8d7264d42e71bbf60c545a0f9fecd5648d1e7bd99eb1b00bb3: expected 241337 found 194166
20833063,aot,44859049.76859504,
20835066,aot,35874084.17142857,
20832623,aot,34035804.162962966,
20834888,aot,46270708.9537037,gas-used mismatch for 0x29ba5467e2c4f20502928f7ba973cbc3c3e02c54640246c5e277f4995b390428: expected 367840 found 95880
20830250,aot,42715517.95652174,
20834424,aot,53936767.87951807,
20833882,aot,23641782.091346152,
20835633,aot,43061696.48695652,
20832219,aot,23586173.770731706,
20830684,aot,41399063.93693694,
20830625,aot,33329533.04137931,
20833412,aot,40837835.433823526,
20834363,aot,51749947.5625,
20833671,aot,32808136.413333334,
20830297,aot,49469498.92,
20834293,aot,40358795.84166667,
20835444,aot,31284642.79310345,
20833837,aot,34778974.867132865,gas-used mismatch for 0x38925e55b89d7a30a82f238aa29e742cac312216ce23c5f4789cb9834e5baa1b: expected 269545 found 216272
20834301,aot,35818484.433823526,
20834382,aot,30380323.386206895,
20831188,aot,30301306.20224719,
20830330,aot,30097760.74698795,
20835818,aot,40044353.03333333,
20835290,aot,32428267.273333333,
20833907,aot,27079958.569148935,
20834107,aot,36465755.492753625,
20832902,aot,34450028.70344827,
20832951,aot,31775371.721518986,
20832759,aot,49968733.22,
20834029,aot,26092840.232323233,
20834279,aot,36729012.92142857,
20831072,aot,35740071.12162162,gas-used mismatch for 0x0c686e7bbe83cd6a82c01972a3a1e1e932bfb05834045047c286685670483938: expected 270799 found 216284
20832513,aot,35032150.31724138,
20834189,aot,35420559.030075185,
20830936,aot,39254005.56923077,
20832413,aot,35441202.68571428,
20832979,aot,42780025.265625,
20830910,aot,32149303.871794872,
20833887,aot,67826037.68421052,
20832407,aot,58672272.3373494,
20831353,aot,23980114.824390244,
20833814,aot,56206310.472527474,
20830064,aot,48805290.87,gas-used mismatch for 0x51d438b0242629bb9bc1bfae3bb9f6627235e24819e56335c31276b01ccba491: expected 408202 found 286891
20834235,aot,53009076.67346939,gas-used mismatch for 0x52481fdca8b59b774152e5879f5b43827060913b814f2d90993ac164a82011bd: expected 841468 found 338416
20832624,aot,18416732.745247148,
20830251,aot,43180656.62162162,
20834687,aot,34061719.64900662,
20833064,aot,37470877.544117644,
20833883,aot,25343653.354679804,
20834564,aot,49634847.2,
20834212,aot,60999437.97647059,
20834425,aot,44292127.16101695,
20833413,aot,32904437.089655172,gas-used mismatch for 0xa549974a9eee6e7ceff19c3f1abd2f603da4528c32eb694624b902b8cf603d90: expected 324098 found 95868
20835067,aot,41936614.984375,
20834889,aot,49871013.876190476,
20832220,aot,54952596.55789474,
20830626,aot,39718130.94615385,
20830685,aot,32261748.779141106,
20833583,aot,57105900.62244898,
20835634,aot,41813501.92,
20834364,aot,10538882.97,
20834294,aot,51308234.571428575,gas-used mismatch for 0x2936a484915f41d50aee30598cf20eb491ccbcfd6e65cc375c4d001bb2745784: expected 224413 found 111780
20833672,aot,58547771.63736264,gas-used mismatch for 0xe345b8056b4dece0abaf97d559847727619ee616cb94a3401c362e79fde851ab: expected 386599 found 95892
20830298,aot,30818942.181818184,
20833838,aot,34146394.780141845,
20834302,aot,33732823.11258278,
20835445,aot,41957725.398373984,
20834383,aot,43690278.38181818,gas-used mismatch for 0x08010db3dd899d96d82722fb6578431afc7ec858c56f23258c02313f98e724c8: expected 699946 found 515120
20833908,aot,39573210.48695652,
20830331,aot,28524538.936416186,
20831189,aot,36155174.92028985,
20832903,aot,60301646.69014084,
20834108,aot,36343995.38970588,
20835819,aot,44494167.92173913,
20835291,aot,40771439.414634146,
20834280,aot,37030940.31355932,
20832952,aot,43699886.14545455,
20832760,aot,33192174.854304634,
20832514,aot,39138419.047619045,
20834030,aot,50468096.09,
20832414,aot,28575386.811428573,
20831073,aot,32648383.82822086,
20834370,aot,40767001.66115703,
20832408,aot,23539727.375,gas-used mismatch for 0x7137dd3cddb01ee8d9915e8673837a6d7e16835de1c381129ba03cfa3660f06a: expected 324098 found 95868
20831354,aot,19939805.451612905,
20834190,aot,53145168.231578946,
20833888,aot,30892178.94375,gas-used mismatch for 0xf4490ac3bfc64954fc3cd55ae41a7ce3d8d4d0b0d52659642ba4bf04d360b6c9: expected 1092515 found 227643
20832980,aot,42456379.35344828,
20830065,aot,34035734.06896552,
20833815,aot,38157759.948529415,
20830911,aot,46519763.89380531,gas-used mismatch for 0xdf7e99db7bcac6f601f407035a6080fb95fc1040bed009ec0ba8f9222e31513c: expected 1126014 found 471478
20834236,aot,27484228.032786883,
20832519,aot,41862297.78333333,
20830252,aot,33225580.274509802,
20833065,aot,14540781.249291785,
20834213,aot,38553043.42307692,gas-used mismatch for 0xec84be5d5a11727b9b2ed9a95356b44d68a4f1d5283ceadbd0c5fc9c261a27df: expected 254643 found 192210
20834688,aot,47009013.92380952,
20834426,aot,13078301.540682415,
20834890,aot,42382519.763636366,
20833584,aot,39607168.801724136,
20832221,aot,35600241.39130435,gas-used mismatch for 0x7954c9b68bdb0e05a0cfe1781d03b0bbab060049563a83bdb2e19e1e5fc591ee: expected 379172 found 134270
20835068,aot,53891056.58139535,
20835635,aot,57525203.15662651,
20833609,aot,46201165.55555555,
20830627,aot,14248258.05915493,
20834565,aot,47264325.423423424,
20833414,aot,39744570.776923075,
20830686,aot,42718638.672413796,
20834365,aot,46537486.62037037,
20834295,aot,29598262.08433735,
20833673,aot,31044234.84516129,
20830299,aot,46124528.16037736,
20833839,aot,45077737.33050848,
20834303,aot,43113546.04132231,
20835446,aot,49142925.883495145,
20834384,aot,56768238.04301076,gas-used mismatch for 0x0d0222020533bb6d4003d75990ff126106c91d847c6750aa8ff2fdefe3fa2e89: expected 885638 found 640925
20830332,aot,34366918.89189189,
20833909,aot,27618635.43243243,
20831190,aot,39345123.48091603,gas-used mismatch for 0x3d838f13e44e97c9fe5e6b28edf5c660417719a5db3585b2fa207ec80929e524: expected 344299 found 98981
20832904,aot,46014458.699115045,
20835820,aot,31116333.43030303,
20834109,aot,48858884.485436894,
20835292,aot,39997588.96875,
20834281,aot,26813277.884210527,
20830703,aot,37502654.4057971,gas-used mismatch for 0xffb6a84d335844300ecdb6b6c306d5440071d8488ee00ca69b74634e1e7c2099: expected 2586617 found 2295624
20832761,aot,30602115.294871796,
20830066,aot,30521150.32191781,gas-used mismatch for 0xbe48e5c9da5749e9c03ef260ba32cf34ddff3c5ffd8a5268a075bdfcfdbb5c9f: expected 502909 found 418506
20832515,aot,29771258.269005846,
20834593,aot,21841248.52118644,
20834371,aot,13442690.718085106,
20832415,aot,52057266.958333336,
20832409,aot,42127340.175,gas-used mismatch for 0xcf32554a899f090a37c048cdfd7ec99c5cded9e2967958d50b9d74aa3f24b461: expected 547997 found 306229
20833889,aot,28488971.874285713,
20834191,aot,41038835.53658537,gas-used mismatch for 0xc00f8984cad9f2f6ec2dc63cc65368e5a65f018d688b3ede1c7e31d85ce88400: expected 262864 found 245573
20831074,aot,54859622.68131868,
20831355,aot,60678904.105882354,
20833816,aot,27713696.32596685,
20833066,aot,43752934.19417476,gas-used mismatch for 0x9d0fba2f1f1c48c85351ac9fd50970bd680aa276401c49e2c824ead6844f4def: expected 191472 found 81738
20830912,aot,23243076.064814813,
20834237,aot,39949734.032520324,
20832981,aot,41232157.56923077,
20834689,aot,30742316.582781456,
20832520,aot,36562964.0,
20832222,aot,41437607.72072072,
20834214,aot,40747280.041666664,
20833585,aot,22689617.800947867,
20834566,aot,35096208.389312975,
20835069,aot,39993974.84955752,
20835636,aot,41638252.522123896,
20834296,aot,14566441.863636363,
20834891,aot,172784.6465389785,transaction validation error: lack of funds (125133122346846844) for max fee (129090107605621418)
20834427,aot,73339770.87878788,
20830253,aot,33755430.08387097,
20830628,aot,52710472.744186044,
20833610,aot,24398458.77669903,gas-used mismatch for 0xa84268e14fa08bf943c6815a4e484c1b3aa9ceaa686aa2c14db9f5aad3e2be76: expected 360109 found 222318
20833674,aot,32330945.67647059,
20830687,aot,39894071.83739837,
20833415,aot,31911466.14375,
20834366,aot,71425330.25,
20830300,aot,39947466.74796748,
20833840,aot,39451731.512,
20834304,aot,43332978.51304348,
20835447,aot,35390905.468965515,
20834385,aot,46772419.33018868,gas-used mismatch for 0x9aa0444ca361f8862215b5f2c89141d03edd4219abc795133446a3c320e54b03: expected 372916 found 95868
20831191,aot,22269258.523809522,
20833910,aot,33285642.91891892,
20830333,aot,30696140.181818184,
20832905,aot,13520205.514044944,
20834110,aot,45856921.24752475,
20835293,aot,36253610.42962963,
20835821,aot,41340823.583333336,gas-used mismatch for 0x83123fa198e581b3590796ed8240d4c57a4d4ae00f14324918e68419fcfcb71a: expected 681649 found 319915
20834282,aot,48734993.0,
20830704,aot,46157852.123893805,
20832516,aot,25968032.235602096,
20832762,aot,52918523.633663364,
20830067,aot,46549906.81132075,
20832416,aot,41478958.915254235,gas-used mismatch for 0x811d2e7ed5a9247218164d7326f00de9c3ef68796f27cd584d463185cd1dcec6: expected 366007 found 306338
20834238,aot,31874118.644927535,
20834241,aot,28893956.730994154,
20834594,aot,54410451.60215054,gas-used mismatch for 0x5ee3eaf25ff37dc65453632a343f4c85aa600fc959acb548432d5438b7ca626e: expected 329228 found 95868
20834192,aot,17521397.496527776,
20832411,aot,36594285.18181818,
20831075,aot,26475104.34358974,
20832410,aot,60724664.54117647,
20834372,aot,79904040.4923077,
20833817,aot,30243527.99404762,
20831356,aot,55225299.593406595,
20832982,aot,36925060.073529415,
20834215,aot,41381974.024,
20833067,aot,45847217.28181818,
20832223,aot,31150473.00613497,
20834428,aot,36124457.348148145,gas-used mismatch for 0x5bdb419868d40fa7cabd9695acdd1214acb888bdd8465cbc5d2f785bcc6e753d: expected 279021 found 238219
20832521,aot,49162165.13333333,
20835637,aot,40096128.593495935,
20834690,aot,48116530.24074074,
20834567,aot,31406788.458333332,
20835070,aot,37591915.442857146,
20833586,aot,64592571.025,gas-used mismatch for 0x48fe81e5dfc92ca161c920e1460a1c159e21e137ff995f9f254319fc28621fdc: expected 240041 found 198009
20830254,aot,21238595.26122449,
20830629,aot,37072463.97142857,gas-used mismatch for 0x3cd242fa204e1a83bcfb054edf7eea1a837b17adccf14c1a9518bab710a909de: expected 306725 found 252808
20833611,aot,42283674.10743801,
20834367,aot,11657422.069879519,gas-used mismatch for 0x717951511d154e61059c0ff49d79643b9b987f186f099272b4ac6e640e293993: expected 266951 found 219661
20834297,aot,55259489.913978495,
20834892,aot,56453132.05376344,
20830688,aot,35268392.78767123,
20833675,aot,43300826.984126985,
20833416,aot,45450588.35652174,
20833841,aot,49420366.0776699,gas-used mismatch for 0xd59cbf94e0aa3a51e2a892b0b31597e636985de0e34c92429283e95cc7d147fa: expected 209209 found 51536
20834305,aot,28503002.93452381,
20830301,aot,45630893.652173914,
20835448,aot,31796214.430463575,
20834386,aot,35318476.70289855,
20833187,aot,28978974.416666668,
20831192,aot,54109403.91208791,
20835294,aot,35733786.21428572,gas-used mismatch for 0x7b1e376466025d0af9acdde8032cb38312fa1f4c4f0f28dfcc7f8bbf5d8a5521: expected 297575 found 208655
20830334,aot,27072406.779569894,
20833911,aot,34432525.39189189,
20834283,aot,39310198.86666667,
20830705,aot,48588715.08,gas-used mismatch for 0xce506dbd9f18b499d833abe0403dc707e892f666c94ccac7ef4baef813c724d7: expected 2202668 found 2213383
20832763,aot,31090947.05882353,
20832517,aot,34529851.123188406,
20835822,aot,31896775.42580645,
20834111,aot,34428533.79310345,
20830068,aot,33592683.34265734,
20832417,aot,39637574.6,
20834239,aot,48014904.41747573,
20834595,aot,49661024.78125,
20831076,aot,26123693.164772727,
20834193,aot,39353364.91869919,
20832412,aot,33466976.30821918,
20834242,aot,45383476.32727273,
20833818,aot,23090720.288990825,gas-used mismatch for 0x6f5907963486e6b7846e982ed4e3370771b53cd1111f836a19d54147be179dfa: expected 228823 found 183900
20831357,aot,27075219.856353592,
20834394,aot,55871924.62790698,
20832224,aot,41732211.04424779,
20834373,aot,28979275.213483147,
20832983,aot,61271980.88888889,
20833068,aot,36987615.64492754,
20835638,aot,33204336.726027396,
20834691,aot,27437132.647727273,
20834568,aot,35021297.183823526,
20832522,aot,55515153.666666664,
20834216,aot,72066792.26027398,
20830689,aot,32002805.723404255,gas-used mismatch for 0x81982d58db76a9c89e8145e2b5c24f1779257879e93223061fbb0d971bf42f48: expected 434797 found 226829
20833676,aot,39456411.44444445,
20830630,aot,33526219.910344828,
20834429,aot,44845265.44067796,
20835071,aot,26377820.769230768,
20830255,aot,64732784.9,
20833612,aot,41065213.55371901,
20834368,aot,46143506.027777776,
20834893,aot,41328736.14876033,
20834298,aot,64518278.58974359,
20833587,aot,41681735.02307692,
20833417,aot,47425020.67326733,
20833842,aot,21379698.233766235,
20834306,aot,66701816.2739726,
20830302,aot,46673514.90740741,
20835449,aot,42967312.71551724,
20834387,aot,34839090.04794521,
20833188,aot,16182578.315151514,gas-used mismatch for 0x1b2730f7d4de6a3a162f4902de64d3bb2688c14791d853b8f2deca89c03a2430: expected 368911 found 222306
20831193,aot,45086505.5,
20830335,aot,27814515.920212764,
20833912,aot,42991579.66115703,
20835295,aot,56083975.78947368,
20834112,aot,37794745.552,
20830706,aot,24385903.033333335,
20832518,aot,30451134.0,
20830069,aot,30430159.92261905,
20834284,aot,42394731.03125,
20832764,aot,30666592.102272727,
20834240,aot,39590388.85123967,
20831077,aot,26273921.10880829,
20835823,aot,52928909.39622641,
20834285,aot,35735198.53146853,
20832418,aot,55015425.466019414,
20833597,aot,38347127.872180454,
20834596,aot,38292559.41428571,
20831358,aot,26266527.408163264,
20834243,aot,15548623.971428571,
20832225,aot,23970516.372093022,
20834395,aot,53723494.32631579,
20831078,aot,35165283.086666666,
20835639,aot,39811929.448,
20832984,aot,42251701.34166667,
20834374,aot,41335108.4375,
20833069,aot,34535579.71034483,
20834692,aot,21902505.830508474,
20832523,aot,38467338.091603056,
20830690,aot,39390371.73015873,gas-used mismatch for 0xa1a0c4d7ba581bdef554f698600db7aa7c5ca3c764d9dc5ea79a0295b1b4b42b: expected 262852 found 245561
20834299,aot,34808605.032,
20834217,aot,41099345.46341463,
20830631,aot,39650449.62601626,
20834569,aot,61468934.941176474,gas-used mismatch for 0x83036c26758f324ca0b18b1ffc457be1c7e23b7da9a698b1c880a9def4a487d4: expected 452987 found 222319
20834430,aot,43368800.139130436,
20833588,aot,9044234.055449331,
20830256,aot,59410328.55421687,
20835072,aot,42559786.13333333,
20833613,aot,44880594.018181816,
20834369,aot,34232909.73287671,
20833677,aot,74745341.25714286,
20834894,aot,43739665.67256637,
20833418,aot,31757838.955128204,gas-used mismatch for 0x8f8ed44d5949887669f61755ecd9a405bc32dd6f2b5fdf5447f2d3065473388c: expected 324361 found 95856
20833468,aot,32753402.77124183,gas-used mismatch for 0xea8bb6fd2a78fd4c438a87fc9efb201bf23eb666194e7857cfb8933b65032842: expected 257838 found 238196
20834307,aot,35403149.93650793,
20835450,aot,31947630.79738562,
20830303,aot,46799395.876190476,
20834388,aot,48636394.56190476,gas-used mismatch for 0x5e55a03514e56013d5b7057dbfc395b4cab1705672af75bd375be9912e63936e: expected 437495 found 234015
20830707,aot,59030918.184210524,
20830336,aot,20801550.102040816,
20833189,aot,46449315.30909091,
20831194,aot,13148850.287841192,
20835296,aot,41012301.46031746,
20834376,aot,32261955.45695364,
20830070,aot,34494711.15753425,
20833913,aot,58533978.92307692,gas-used mismatch for 0x47b8fd54f4913d79318e14af68d60e13a2efa5bd20b4b2128c6a435ecdc6f85d: expected 368925 found 99005
20834921,aot,34235281.67123288,gas-used mismatch for 0x23de2738305cf3bca2080dcf83c90bf3e49cb16117bbbd66987dcba2b01592a2: expected 266951 found 219661
20834113,aot,50136610.52727272,
20831406,aot,48892382.0776699,
20832765,aot,36307913.54966887,
20834968,aot,41052875.82962963,
20835824,aot,49671544.594339624,
20833598,aot,25956592.75,
20834597,aot,46696950.027777776,
20834286,aot,52388667.65,
20831359,aot,31925656.754601225,
20834396,aot,43512318.380530976,
20832419,aot,47293179.991304345,
20831079,aot,46819778.32727273,
20832985,aot,28242873.405555554,
20830691,aot,44427319.03603604,gas-used mismatch for 0x24741b66756b3b0c613ff57aaba35266e9316b2fe5118dfa85862ab39b3954b7: expected 583378 found 327812
20832226,aot,44871279.82608695,
20830632,aot,33239382.033783782,
20835640,aot,32936022.621118013,
20831101,aot,33479536.655405406,gas-used mismatch for 0x792980f1ad76eeb64a9b10cd79c2a42eb0f9a213e13fefced9e69e3e187b4a1f: expected 474310 found 296787
20834375,aot,44839711.12173913,
20833070,aot,33294452.411392406,
20832524,aot,33041927.85625,
20834244,aot,80261875.13235295,
20834693,aot,39533039.766917296,
20834119,aot,40264703.152671754,
20834570,aot,48247251.48571429,
20834431,aot,37011958.93571428,
20833419,aot,36419211.78625954,gas-used mismatch for 0x98890599c4d951db36c47b6d42ff2ffc1454a48f5d80dbd0bcc3b33f84c183ce: expected 263474 found 238360
20833589,aot,44269213.06034483,
20830257,aot,34681926.27333333,
20834895,aot,49985497.20408163,
20833614,aot,30714024.228070177,
20833703,aot,45231612.0862069,
20835073,aot,54357429.9375,
20833678,aot,42607452.246031746,
20834308,aot,32597768.432624113,
20833469,aot,38052333.95488722,gas-used mismatch for 0x5bebc13e5cd67e39c8ea21c364f3f49edb29b39eac9df70da8b700ee229346fd: expected 264055 found 215866
20835451,aot,50046103.39805825,
20830304,aot,28528199.890710384,
20834389,aot,40303344.634920634,
20831195,aot,35837683.8984375,gas-used mismatch for 0xb8c22cd57170fa43e47e36c192bfdbfbc2746af96eac3d22f5a96b7ae614f923: expected 289103 found 255062
20833190,aot,43617828.41747573,
20830337,aot,57504997.77647059,
20835297,aot,17459177.969072163,
20830708,aot,32430292.843930636,
20834377,aot,42427516.5785124,gas-used mismatch for 0xa9f6967c8e540f51d1dbdd029a4451bee54866b792292bfa4e5335ef3a2f2de7: expected 440015 found 234025
20834114,aot,33376492.337837838,gas-used mismatch for 0xbad1d1b617de2c0e053effedd1ca3dcbbc49a5ed022aa987214b631186ee66ba: expected 199918 found 82062
20830071,aot,36178328.40559441,
20834922,aot,55151506.93333333,
20834598,aot,36119157.776,
20831407,aot,39806248.94444445,
20833914,aot,31196694.926136363,
20835825,aot,33627987.73287671,
20832227,aot,31165892.471428573,
20834969,aot,35093101.45205479,
20832766,aot,47425318.627272725,
20834287,aot,27074806.513513513,gas-used mismatch for 0xfee3625483c48864724fe27e080430f1fc0b99fe59e215031b92b5db5e42e3d0: expected 350662 found 95880
20831080,aot,30264059.922580644,
20833599,aot,31876438.803680982,
20832420,aot,30316076.46060606,
20835641,aot,31704918.769230768,
20831360,aot,48112667.66019417,
20834397,aot,62760913.01234568,
20833420,aot,41141765.31428572,
20830692,aot,34985475.9109589,
20834379,aot,24109175.601941746,
20834245,aot,22344697.45,
20831102,aot,32490887.980392158,gas-used mismatch for 0xefc1c0fb0ab85180cf82853a1413ea40da5be78850040fbea9c3145796813bb6: expected 474310 found 296787
20833071,aot,37140009.16030534,
20832525,aot,29061857.01734104,gas-used mismatch for 0xe5e189383b9bbc4aa9a70610b8552e31864db8c56b5f8d1ade302e4439557c89: expected 198398 found 82074
20834694,aot,41293595.583333336,
20834571,aot,19579238.30980392,
20834120,aot,58213547.28235294,
20832986,aot,43590831.43089431,
20830633,aot,63114546.78205128,gas-used mismatch for 0x2404645e347d147852bc24f264cd003d4f0448e56fbec593433300f52406bead: expected 906075 found 756195
20833590,aot,43363022.077586204,gas-used mismatch for 0xc6eef7ae5589bb4f3eb05398fec3c154344c94673dd7459945587a63c4ac8d90: expected 264055 found 215866
20830258,aot,39287011.0859375,
20833704,aot,31616666.423076924,
20835074,aot,32680234.682119206,
20833679,aot,30957202.65625,
20834896,aot,34781022.732026145,
20833615,aot,52817367.072916664,
20834432,aot,48664913.15315315,
20833470,aot,46160075.68518519,
20834309,aot,27690554.39790576,
20830305,aot,37396981.959349595,
20835452,aot,37269731.46666667,
20831196,aot,32121092.654545456,
20834390,aot,43775704.78861789,gas-used mismatch for 0x6aae50ddadb734bc95238efa59d9a1cdc9ca7cf737f9be841d80867c33151581: expected 357005 found 295469
20830338,aot,40067276.67460317,
20835298,aot,63115481.08974359,gas-used mismatch for 0x8b1a2550a8b143c97faaff8e90ef2504daa7fbec98871d0b3d4c759de1d55bfd: expected 385274 found 195643
20830709,aot,30548250.066666666,gas-used mismatch for 0x1455fafbfa80b266987ed7f0f0c9cabbc77207c31b6756c018611b0c9f68ae5a: expected 344761 found 98981
20834378,aot,35572462.212765954,gas-used mismatch for 0x184341307fbcb9c2d1e43faa0455c594f07347b570d01fa6cfd1a6e5d5793e56: expected 1065753 found 963204
20831081,aot,51338832.3,
20834923,aot,36380304.58695652,
20833191,aot,38215122.911392406,
20831408,aot,64078591.833333336,
20834599,aot,31635464.0125,
20834115,aot,40473867.01526718,
20834970,aot,34541706.37142857,
20833915,aot,43840603.23478261,
20832228,aot,49308843.69306931,
20833591,aot,41112902.076271184,
20835826,aot,57392918.34090909,gas-used mismatch for 0x29a0a8ea872260f54315afab22032d35aae40884d1b3b9451eaaf7acf47914bf: expected 683119 found 287575
20832767,aot,38797997.4296875,
20830072,aot,38312396.06,
20831361,aot,29723488.333333332,
20832526,aot,27944989.87134503,gas-used mismatch for 0x4b3704733165b8771059230db366b8fbf02bded63e8cc7b0d43910f8429452e4: expected 806449 found 538846
20834398,aot,39652041.89256199,
20834121,aot,41027714.68103448,
20830634,aot,10084932.7375,
20832421,aot,42972470.516949154,
20833444,aot,16195144.23024055,
20831103,aot,34625334.19580419,gas-used mismatch for 0x3035f8868c69df826db7bbe73a19e92de736d960ed4f6c81dd7a2a360079f3ad: expected 474310 found 296787
20833600,aot,52625116.364583336,
20834695,aot,75431431.15873016,
20833421,aot,33355273.91891892,
20835642,aot,56181333.255813956,
20832987,aot,37920893.66923077,
20833072,aot,53040125.720430106,
20834572,aot,55757343.593023255,
20830693,aot,46461272.31531531,gas-used mismatch for 0x47c3de160287013a237f899a035cf79f54ac83afa7327f3a38e4f3c89476027c: expected 264067 found 215878
20830259,aot,29601635.457831327,
20834380,aot,67938772.8630137,
20834246,aot,62147817.192771085,
20834433,aot,41436035.22727273,
20833616,aot,36068745.77099237,
20833705,aot,48896640.99056604,
20835075,aot,53980970.571428575,
20834897,aot,48454362.23809524,
20833680,aot,46070566.36036036,
20834310,aot,34013920.76712329,
20833471,aot,42816327.069565214,
20830306,aot,31793173.967741936,
20835453,aot,55638669.77894737,gas-used mismatch for 0xf6480fc0bab7cc9c28a3e1a84b1f8d9ff811a4d00932c51dba9b9de137b1438a: expected 344225 found 95880
20831197,aot,37132161.5,
20834391,aot,28312969.066298343,
20835299,aot,39465832.3984375,
20830710,aot,33959878.18181818,
20830339,aot,38399883.0,
20831082,aot,26364881.590673573,
20833192,aot,61020863.93975904,
20834924,aot,46321212.774774775,
20832988,aot,36462141.74509804,
20834116,aot,28559971.817679558,
20835827,aot,32592075.326797385,gas-used mismatch for 0x07759c537102006a8cf3c4c3f7221b45eecde6cf60040653c387b19166136aea: expected 1017744 found 1074225
20832768,aot,27877149.757225435,
20831409,aot,43930087.175,
20833916,aot,36328454.34042553,
20833592,aot,50210087.05,gas-used mismatch for 0xd5a6cfa10ccabf3d499849b6b3919dbdee8f8c0c280bcd6a8f7edbb7dd839ddb: expected 345544 found 95892
20834971,aot,45629377.47826087,
20832229,aot,34226403.84768212,
20834600,aot,45950397.6779661,
20831362,aot,51724041.92079208,
20832527,aot,75140293.74285714,gas-used mismatch for 0x058f8cb58fb3ae1ed3b4cf285acf09b1eaecf80d2228a562aacec51fb9b4114b: expected 1633495 found 684756
20832422,aot,44040807.94782609,
20834122,aot,33949288.913333334,
20833422,aot,39274844.92063492,
20833601,aot,35871261.24285714,
20834399,aot,37277178.33571429,
20834696,aot,15478153.185074627,gas-used mismatch for 0x25bbdd0eea2f44e5c8c54956cd9c345dbf0d557a221dc005b61033421861bae2: expected 324098 found 95868
20831104,aot,32401967.00613497,gas-used mismatch for 0x2921647c416332c6dbe9bc0b890dd8bacdca2296370022a3ceec7119eb5284a1: expected 474310 found 296787
20830635,aot,69046870.4,
20833445,aot,54447471.67368421,
20830073,aot,54865300.925925925,
20834573,aot,50032308.93069307,
20834434,aot,40682952.833333336,
20830694,aot,36755478.15,
20835643,aot,56988949.06593407,
20830260,aot,17973611.42611684,
20833073,aot,58895523.65591398,
20834640,aot,31521951.422222223,
20833617,aot,51922378.03,
20834381,aot,31349742.10982659,
20833706,aot,45448875.27027027,
20835076,aot,45805726.00884956,
20834247,aot,62073317.57954545,
20834898,aot,46960953.82608695,
20833472,aot,59819803.08139535,
20833681,aot,39045987.006896555,
20834311,aot,37517268.27586207,
20830307,aot,38929053.22137404,
20835454,aot,33907504.69934641,
20834392,aot,35569765.70212766,
20831198,aot,42936758.22413793,
20830340,aot,37596945.73809524,
20830711,aot,41762694.53333333,
20835300,aot,42645346.03968254,
20831083,aot,27253654.094240837,
20834925,aot,39861754.62601626,
20834117,aot,40713893.50862069,
20834601,aot,38843313.15652174,
20833193,aot,41756615.368,
20831410,aot,30874926.225,
20833917,aot,46591490.74074074,gas-used mismatch for 0x3873c07eb739bd93a2c6126db54df90aead78a99b8540b921d03fe1ab02ad3d4: expected 347550 found 204479
20834972,aot,32155266.238410596,
20835828,aot,27661025.26775956,
20831105,aot,27998107.27972028,gas-used mismatch for 0x3b90ad43e02b17f1b3cc9917f3f6d73723ad8eed1a5e1ffffdb4d5548d314cac: expected 474310 found 296787
20832769,aot,64254209.25,gas-used mismatch for 0x6128c29b08b077e904ddfb0c906dc30063edd6223660daee32a76a9f6e519397: expected 365743 found 306074
20832230,aot,35405122.75362319,
20833593,aot,38529473.29770993,
20832989,aot,39028490.86956522,
20831363,aot,45613693.84259259,
20833602,aot,23326527.87378641,
20832423,aot,17498563.535714287,
20834123,aot,36324543.705882356,gas-used mismatch for 0x27764fa73ce947ffefb161a4f6e1b61add069cf53edc7c3b49ec20467745e186: expected 270150 found 238145
20833423,aot,40286552.09090909,
20832528,aot,47283245.49056604,
20834400,aot,34499952.36170213,
20833446,aot,43802036.78181818,
20834697,aot,52471095.02040816,gas-used mismatch for 0x026e57d8d4801b0dd4aee5a394663ad1d2398a295a7f8d9be721cc95382885ad: expected 443202 found 95892
20830636,aot,36381154.4057971,
20835644,aot,38509342.008,
20830074,aot,31701069.65030675,
20834574,aot,32233475.575,
20830261,aot,53278057.56989247,
20833074,aot,31759123.506410256,
20833618,aot,29683396.74117647,
20834435,aot,39908819.308823526,gas-used mismatch for 0x20cffbdf95319e83c49cd2f7e34cad28cffd661e5c6bf42142d36bb01d682ca1: expected 324757 found 95868
20834641,aot,38440193.06870229,
20833707,aot,21851451.6460177,
20833594,aot,53480630.59139785,
20830695,aot,40336056.64492754,
20834248,aot,32746034.673076924,gas-used mismatch for 0x6ebe6b6c0988eb713c27236019b7450ab6c3b1a837fc9d38583f269bd58534cf: expected 363968 found 95880
20834899,aot,32158355.4,
20835077,aot,41171586.4453125,gas-used mismatch for 0x2d02e6ca5a96bac256fa26b3f166dd23ece97a769d3c19e916adecaf5cf3117e: expected 649125 found 264907
20833473,aot,31443565.788819876,
20833682,aot,16903680.051612902,
20834403,aot,37450889.60294118,
20830308,aot,42138409.8671875,
20835455,aot,37000797.22377622,
20834393,aot,32529808.576923076,
20831199,aot,39209075.5,gas-used mismatch for 0x6d0956c604ab9f86e4baf2584dcfa0b93f14bf781965122efa1b2c7839b1ccef: expected 344761 found 98981
20830712,aot,46969302.81818182,
20830341,aot,30587347.516853932,
20833194,aot,27984007.776470587,
20834118,aot,41357387.8,gas-used mismatch for 0xd58634f438312794a3fad142f8d07961fa4ac46addae8f2b31acc750ed194f33: expected 659945 found 509014
20835301,aot,59291193.8117647,
20833918,aot,31732393.55172414,
20834926,aot,43027336.416666664,gas-used mismatch for 0xdbe7de3cfc536231378ca4f63a6de0a1abd246b7328bd3164eaca7d52a57da2a: expected 264601 found 242599
20831084,aot,74293489.41176471,
20834602,aot,61047783.86419753,
20831411,aot,34880864.680851065,
20831106,aot,39061288.046875,gas-used mismatch for 0x76444c4581c21a720017ce5f5842f1fcaeddb986c6a7107473f489384442b4b8: expected 474310 found 296787
20831364,aot,14474294.585365854,
20832770,aot,42179736.92920354,
20835829,aot,47398060.425742574,
20832990,aot,43243713.81415929,
20834973,aot,50523283.10204082,gas-used mismatch for 0xe937f6baec99a46ff9d7472254df86e89f7e36826e1bc362fb27fd2ee17a377d: expected 385992 found 134270
20832231,aot,34815162.827586204,
20833424,aot,27369149.505681816,
20833447,aot,24324940.563157894,
20834124,aot,42466654.725663714,
20832425,aot,36668102.47794118,
20832529,aot,55154869.461538464,
20832424,aot,57347651.13953488,
20835645,aot,34153481.35714286,gas-used mismatch for 0x0731733fd9ca3e96850612e94614ceafe0d95ab474bd8a2dc14ef12eb92e933d: expected 229146 found 95880
20833603,aot,69795432.39436619,
20834401,aot,46656469.13559322,
20834575,aot,33352621.68243243,
20830075,aot,35062697.957446806,
20833075,aot,41157204.64655172,
20833619,aot,12859519.748051949,
20834698,aot,35571523.98648649,
20833595,aot,31757221.658064514,
20834642,aot,27772792.153005466,
20830637,aot,10014318.959649123,
20833708,aot,60029002.654320985,
20834436,aot,39860114.41538461,
20830696,aot,36392026.844444446,gas-used mismatch for 0x4e1e960caca221101ee9ab5ee229f2b569103b678951e8914613231e157ef529: expected 279952 found 245561
20834249,aot,38740017.616,
20834900,aot,28405141.62857143,
20830262,aot,65979976.55,
20835078,aot,36983762.941176474,
20833474,aot,29264019.82738095,
20834404,aot,40430700.325203255,
20830309,aot,29503325.509677418,
20833683,aot,42250229.075,
20835456,aot,67849981.57534246,
20831200,aot,46421330.72815534,
20834453,aot,40585394.5703125,
20833195,aot,33700507.93333333,gas-used mismatch for 0xc4d8a30a6fcad244bbc94ed930fe41ea57a7f5b9d32b32874eec76e67565a4e9: expected 324110 found 95880
20834927,aot,39084395.071428575,
20830713,aot,38623084.0882353,
20831453,aot,53101516.47,gas-used mismatch for 0xd18e77c284287cd2bfd632745461ab31b4e6afb4f2bb5074e724b9cc6dadfe65: expected 416366 found 267040
20831085,aot,32272244.53846154,
20835302,aot,40371802.70229007,
20834603,aot,41427622.81746032,gas-used mismatch for 0xc40aefff0a57df009b8d92bf4e477a1485b962a7beb059749cde94da7944dc49: expected 364403 found 205324
20833919,aot,30534073.84269663,
20830342,aot,49140268.64864865,
20831412,aot,45803161.345132746,
20832771,aot,35401203.333333336,
20835830,aot,38507050.5112782,gas-used mismatch for 0x343208d8d411a8476256d40794bf1cadfb8d7b4bfa1bf1db1794a4701a4b2370: expected 2029928 found 1888958
20831107,aot,39628040.12142857,
20833448,aot,44346201.477876104,
20832426,aot,33097378.16993464,
20832232,aot,39223509.36153846,
20835646,aot,33080235.01369863,
20832991,aot,51695640.82857143,
20834663,aot,40802315.43801653,
20832530,aot,43232649.0,
20831365,aot,75282459.57142857,gas-used mismatch for 0xb1af42c5f1929b68c96ad599f3fb48c578025617f3340ab1a3273643ab7e69d9: expected 456256 found 95916
20830726,aot,33539314.813664597,
20834974,aot,38074530.14383562,
20833425,aot,57575778.54736842,
20830076,aot,59034383.1,gas-used mismatch for 0x1bc311053fe0de3a61d1a69cad757870b8519819e16e8d2fcb0a469b7cb7fa0a: expected 189976 found 81774
20833076,aot,30300774.066666666,
20834576,aot,35065126.220689654,
20833604,aot,42801158.46280992,
20830697,aot,11243686.208715597,
20834643,aot,42107917.83898305,
20834699,aot,37936495.28985507,
20833620,aot,54055682.2,
20834437,aot,36080625.62857143,
20834402,aot,65771979.333333336,
20833596,aot,36353283.02068966,
20834250,aot,49509054.66990291,
20830638,aot,75245403.0909091,
20830263,aot,40220729.46341463,
20835079,aot,35230536.53623188,
20833475,aot,56587209.20930233,gas-used mismatch for 0xb20a1fd2f9f64f3a8e9f7aa81f129050ae9a6263eab25a3dbd9adfcef4254982: expected 443178 found 95868
20834901,aot,52424802.73,
20834405,aot,35932358.8962963,
20830310,aot,34405417.879432626,
20833709,aot,40789006.21678322,
20833684,aot,40736790.141666666,
20835457,aot,41308006.861788616,
20831201,aot,23413158.00485437,
20834454,aot,60762513.855421685,
20833196,aot,36302903.45112782,
20833920,aot,12580339.164420485,
20834604,aot,25506102.063829787,gas-used mismatch for 0xe9d7c865e6700b103dbcbd4c0b7ca84c229bfc10c847318509e8b73187f77ade: expected 788773 found 519459
20834928,aot,42462935.13559322,
20831086,aot,22968597.61085973,
20831454,aot,35255852.49315068,
20831413,aot,29779499.560240965,
20830343,aot,9571957.954285715,
20835303,aot,41019149.744,
20830714,aot,36245741.38,
20832772,aot,46563196.79090909,
20835831,aot,50001052.71287129,gas-used mismatch for 0xff003ad653375f6e347fba66f58ac222a74e2ba43fbb3fb9a6f9370a6557b814: expected 324110 found 95880
20831108,aot,28952233.966666665,
20833449,aot,28937470.65340909,
20835647,aot,16205751.263665594,
20831366,aot,27154775.43646409,
20834651,aot,17229659.068965517,gas-used mismatch for 0x827dde9696493e4143d3891bf9c8c9dd84de396105fcc1d3af17e9d093117d74: expected 327125 found 95880
20832427,aot,43102194.983050846,
20832233,aot,36950682.592857145,
20833426,aot,26452493.546961326,
20832992,aot,34459180.47972973,
20834664,aot,38478791.76296296,
20834975,aot,36024502.448275864,
20834577,aot,17463014.32862191,
20830727,aot,58698944.31111111,
20833605,aot,48675193.40594059,gas-used mismatch for 0x157723e16465c086a558d25533224e7c11280b6026fc2126b6f69bb74d6ca306: expected 345532 found 95880
20833077,aot,36577352.673758864,
20830077,aot,42818971.94166667,
20833621,aot,40565745.00826446,
20834644,aot,32105306.316455696,
20834700,aot,55691047.516483516,
20834657,aot,40333995.777777776,
20834438,aot,22768720.773333333,
20830698,aot,93911097.48275863,gas-used mismatch for 0x10e939087174be6d052cdd9ca4d0c67251c967b2296552ead805d68cfcd5e106: expected 312573 found 234714
20834251,aot,31787632.596153848,
20830264,aot,32765779.07096774,gas-used mismatch for 0x73d376d6bc6f91ad2d67f347936a0e1370fa6f92b56ca00b26030077d5cbe579: expected 329228 found 95868
20833476,aot,48003966.10377359,
20832238,aot,53679946.291666664,
20835080,aot,40139502.34920635,
20833710,aot,50005954.135416664,gas-used mismatch for 0xcb25267f3e2036621a9aad17ff2aba795c1c46f250c5a35b925d9c7feb5cf0bc: expected 294981 found 238265
20830639,aot,37021971.910344824,
20831113,aot,41392114.3015873,gas-used mismatch for 0x9af6ac57ddf8fa55d3816ecfd9e2a9f4cbe49f23953922d6318f3bcd17bd4344: expected 474212 found 296775
20830311,aot,18145904.05862069,
20834902,aot,49092180.69811321,
20833685,aot,33656106.26,
20835458,aot,30159998.79761905,gas-used mismatch for 0xa1d02ea26865118f8c27ea5e2fa37b19f191f6b6f74dbeb10dca47bb468c79fd: expected 780040 found 440180
20831202,aot,31262695.91891892,
20834455,aot,10895915.276643991,
20833197,aot,27661451.228070177,
20831414,aot,35244378.88235294,
20831455,aot,32032494.437086094,
20830715,aot,44862250.83018868,gas-used mismatch for 0x6f72f7271bde37e6e7b051ce05c0567dbfccebb6ccd4d42f8f8230264ef6806d: expected 1577266 found 160971
20834929,aot,53060475.733333334,
20833921,aot,24830757.005,
20834605,aot,36033014.1617647,
20831087,aot,63743394.4868421,gas-used mismatch for 0x67523a5a87221ec1ad10e82df1f6e8cb3be65b3f109d566ae236e77b58f1ad2d: expected 623426 found 527324
20835304,aot,37246322.518518515,
20833427,aot,34571149.634920634,gas-used mismatch for 0x9230f61133d3c8599439960bd32366e68eca7da65683de9026ed23a08c818164: expected 295005 found 238289
20831109,aot,32810160.186666667,
20830344,aot,77484888.84126984,
20835832,aot,44092214.347826086,
20832428,aot,32148895.777027026,
20831367,aot,32046534.849673204,
20833450,aot,36829127.28244275,
20832993,aot,14286860.429411765,
20832234,aot,35141020.39705882,
20832773,aot,55560930.34375,
20835648,aot,46157722.76415094,
20834652,aot,43157571.13043478,
20834665,aot,46532478.41441441,
20834976,aot,39749102.38095238,
20833622,aot,36371434.80451128,gas-used mismatch for 0x89712d6d678e3c0937a1495c371f81bc188afcf006e76c9561715d2d9c9203f4: expected 386599 found 95892
20834578,aot,59344909.52325582,gas-used mismatch for 0xd4049b1b9b6dd6583f1f7cda92ca32f8b70010c463f504d88a000a6bd9818578: expected 484597 found 95880
20830078,aot,26969145.215053763,
20833078,aot,31174085.937888198,
20830728,aot,35082513.78431372,gas-used mismatch for 0x9e8d108719d1c94b9da089e9d8118f86f3a35191613c08bc183b31e4b9ab82c2: expected 301135 found 207977
20834645,aot,33782418.11333334,gas-used mismatch for 0xfa990a7113e4479c741969f1e97c7cccad12e755b56f121e3b3fd5d58ebe16bc: expected 286026 found 238393
20833606,aot,70143972.47945206,
20833711,aot,51425240.1627907,
20834439,aot,51825080.610526316,
20830640,aot,49894165.34065934,gas-used mismatch for 0xc13a5edabad3a125868bc3ffbf35e9b508768d2b09810c82e5f594d084c8830a: expected 539270 found 300751
20834658,aot,60793501.62352941,
20834701,aot,38478541.08888889,
20830265,aot,43274717.182608694,
20834252,aot,35173785.00699301,
20833477,aot,33417603.106666666,
20830699,aot,54169475.55789474,
20833686,aot,29411523.356643356,
20832239,aot,42418340.13333333,
20835081,aot,41769347.31746032,gas-used mismatch for 0x5444bd33701ec3efdf42e5eec7e879d09aa89d32fabdb20fe6d949fcaf831919: expected 288983 found 254942
20831114,aot,47749634.33980583,gas-used mismatch for 0x934e22cd35141b0cf842e68aa92e6f7e1f9b8be595d08b0ef929cd162cb26249: expected 474224 found 296787
20834903,aot,53481872.086021505,gas-used mismatch for 0x2b941d7d9c98d7c1fa2b7c1d7bd9e0adb4debb9cff240ef42e0b663d36d31ef2: expected 418277 found 225854
20830312,aot,82944612.91803278,
20835459,aot,52841119.56842105,
20831203,aot,32456526.506410256,
20834456,aot,51365835.54081633,
20830716,aot,30877245.757575758,
20831415,aot,48583515.47169811,
20831456,aot,20196490.103846155,
20831088,aot,42462091.72881356,
20833428,aot,37628288.94656488,gas-used mismatch for 0x6ad15fd6693624758d3a3a667261896c65a419df4ec27292f9921a3b3a43f04f: expected 368901 found 98981
20833198,aot,39343459.99285714,
20834930,aot,36032662.7,
20834606,aot,64972467.256410256,
20835305,aot,47172015.225225225,
20831368,aot,36844073.44360902,
20833922,aot,69706473.26315789,
20831110,aot,50430960.02857143,gas-used mismatch for 0x92076d9a69d1d5c22f795a61d4472bf1af894103b23cb0fdae625986407b8511: expected 477026 found 296787
20835833,aot,36032388.15753425,
20832429,aot,40885974.1015625,gas-used mismatch for 0x2e1b59450f6a8f9082bc89ff55758b0f930e857ad31356f755835d14ead7ab73: expected 398597 found 95904
20830345,aot,31593288.694117647,
20832774,aot,31097332.5,
20835649,aot,52174103.729166664,
20832235,aot,64832507.14666667,
20834666,aot,13525418.416438356,
20832994,aot,76501528.0909091,gas-used mismatch for 0x2f2ac3187d3cc5922bd60aca576b1a6c4ed983c6b4081864dc4b2c52e6ab63a8: expected 231642 found 228515
20834653,aot,68128571.71052632,
20833451,aot,60422329.31395349,
20834977,aot,46718092.175925925,
20834646,aot,51677500.71111111,
20833623,aot,49657636.19,
20830079,aot,28232488.75,
20830729,aot,32184027.417218544,gas-used mismatch for 0x34f311f0c5c004d4cd3f3d216e41ad07a9d9857ff4be3b0cac5ab62578c172ad: expected 279061 found 98969
20834579,aot,35912179.15,
20833079,aot,57305069.71764706,
20830266,aot,29492889.705128204,
20834253,aot,44743108.06,
20833607,aot,38845753.73282443,gas-used mismatch for 0x5ebbddafa4d5c9bb6be9e5104fb5c463a428c8c5ae58f311a4484cfdd3c04545: expected 191195 found 158237
20833712,aot,38686344.94656488,
20834440,aot,45267582.21238938,
20831115,aot,31212037.666666668,gas-used mismatch for 0x23a4f225df226e966a7980f142a28b00a60b689a50ef24782b665ef37c7c5dc2: expected 474224 found 296787
20830641,aot,45998734.583333336,gas-used mismatch for 0xb61efdf28f73de1755465977dee4bfa752c1e1e224621608a32ea402cc1b6a55: expected 266188 found 213781
20833687,aot,43545939.30630631,
20834702,aot,42720317.539130434,
20830700,aot,35992988.63970588,
20832240,aot,33253517.763513513,
20834659,aot,43260882.5,
20833478,aot,47871074.69444445,
20835082,aot,44565358.95495495,gas-used mismatch for 0xe1d6e6228ca1151368f7851c4165a874de3c5fdffa49c9ad766af7c6800e7327: expected 771239 found 436296
20834904,aot,53231689.255555555,
20830313,aot,48070720.51485149,
20835460,aot,33389621.762962963,gas-used mismatch for 0xc1b9a55d3975585d5bc23ccca59e06dcbc69bef116da9b9e244707b2f3de7d81: expected 308694 found 91798
20831204,aot,39096611.26717557,gas-used mismatch for 0xb807d0a59b3b86a6729ec05aab3a92005e947688bf9fb62f8c1fcb201a1284f3: expected 344761 found 98981
20834457,aot,45144418.30909091,
20830717,aot,39160163.7107438,
20831089,aot,32161850.790849674,
20831369,aot,30616660.565517243,
20831416,aot,45046863.35135135,
20831457,aot,27818329.732954547,
20833199,aot,31064761.923076924,
20833429,aot,40861501.64,gas-used mismatch for 0x5ac02e59d7d3ba810b8331f97c58fa375199e6018060c95577cb2056f1e574e5: expected 724986 found 310941
20835306,aot,22592210.245454546,
20833923,aot,39919657.54545455,gas-used mismatch for 0xdc897d7a4c5e3c3b7772c6800eb23f0d00e865e03aeabfc530fdbe76cf51dca0: expected 447005 found 276900
20834607,aot,50128990.83168317,
20834931,aot,22326866.028571427,
20835650,aot,40499534.29268292,
20832430,aot,38576046.977443606,
20832236,aot,37186610.8115942,
20831111,aot,46560863.336363636,gas-used mismatch for 0x81da2e1e656f54e61289438fd3bd7c95310453ae5124ae50004ca9180d57d50e: expected 474212 found 296775
20830346,aot,42773667.608333334,
20835834,aot,48960431.443396226,
20833452,aot,61040111.37349398,gas-used mismatch for 0xc0099b4959d2cc5c1b8451fb4a133e41e240b211d7f0a9114ce9c0e1b85557bf: expected 252738 found 238108
20832775,aot,44759878.26829268,
20834654,aot,47713618.79245283,
20833624,aot,28386372.893258426,
20834647,aot,26110337.34715026,
20830730,aot,42791343.03539823,
20834667,aot,76305352.95588236,
20830080,aot,40595595.552,
20832995,aot,36167482.77124183,
20833080,aot,48280918.10891089,
20834580,aot,45172547.669565216,
20833608,aot,34386933.26027397,
20834254,aot,49886594.02970297,
20830701,aot,30053350.057692308,
20834978,aot,41737577.05343512,
20831116,aot,35499082.83448276,gas-used mismatch for 0x7be989abcc7e4fbd4980d79eed917140d44e8989ea07aa246e551bd3b97c5186: expected 474224 found 296787
20830267,aot,57862269.59139785,
20832241,aot,27873316.92896175,
20834703,aot,49416333.67961165,
20833713,aot,35791585.766666666,
20833688,aot,34219802.11258278,
20835083,aot,29170956.11309524,
20834441,aot,47004976.981818184,
20830642,aot,40080738.1875,
20834660,aot,30689548.81871345,
20833479,aot,30461087.26470588,
20834905,aot,34548853.925675675,gas-used mismatch for 0x5a2248915885aa8334121cfa9d4fed6f1515b5d81976fe5087204764d84aef2e: expected 398655 found 128881
20830314,aot,34761007.61589404,
20835461,aot,36294612.49032258,
20831205,aot,24710154.715,
20834458,aot,36166257.794117644,
20830718,aot,28308162.63690476,
20833430,aot,173086.55438804204,"invalid touch count: expected all non-native, found 0.00%"
20831417,aot,29075296.398809522,
20831370,aot,46331156.02857143,
20833200,aot,31705298.575163398,
20831090,aot,53971521.46666667,
20831458,aot,68636734.21917808,
20833924,aot,28150867.828571428,
20835307,aot,51762391.95698924,
20832431,aot,22949484.40758294,
20834608,aot,46667550.074074075,gas-used mismatch for 0xcbdfb56f6a8b6e75b257666c7425ab2df80970a9a980ba044ec93e15a5ec58f4: expected 1122949 found 614718
20831112,aot,40957359.83050848,gas-used mismatch for 0x6d55d19422a9ed1d54c507777b90c523147c37a080ce3561163be793e0030577: expected 474224 found 296787
20834932,aot,49981789.177083336,
20830347,aot,44326690.85454545,gas-used mismatch for 0xea92648d95e28e3bd345b5c8097ce9a3bdfa666c2653a2c408d406652fafde77: expected 8438696 found 3214693
20832237,aot,35102270.326241136,
20835651,aot,50728415.37755102,
20835835,aot,43231216.54054054,
20834668,aot,36752083.72357724,
20830731,aot,36850549.34351145,
20834655,aot,42378435.88983051,gas-used mismatch for 0x36359ce149b702086918262b4f9c799ec017a547a1cefbf51084a849674da785: expected 695656 found 398487
20834648,aot,21389016.75107296,gas-used mismatch for 0x83db5766b9d5f4d27bc14858a1cc67ec8909cf459d545c4b304be59afa73c2eb: expected 215009 found 81786
20833625,aot,47371941.45631068,
20832776,aot,31899315.46875,
20833453,aot,39580852.28571428,
20830081,aot,33836585.11643836,
20832996,aot,36591658.0942029,
20833081,aot,29392513.247058824,
20834581,aot,22381988.63043478,
20834979,aot,46075124.10377359,
20834255,aot,33255971.682119206,
20830702,aot,45593516.574074075,gas-used mismatch for 0xf5d3bcf3727b98af6b88d66a4ec5d01208610058820a53f6ec17fcb43f61af63: expected 264055 found 215866
20833714,aot,30403213.947712418,
20832242,aot,47410311.902912624,
20830643,aot,31766864.82352941,
20833689,aot,52993418.197674416,
20835084,aot,20173332.82113821,gas-used mismatch for 0x3d6d73c863ee176424a5257b7f85e41d290580c75e4a0e8048e050637d21ed64: expected 442597 found 280836
20831429,aot,27321365.815,
20834442,aot,33256811.337837838,
20830268,aot,23344463.222222224,
20831117,aot,26225680.7979798,
20834704,aot,42101656.847457625,
20834661,aot,32135025.84768212,
20834906,aot,34131723.76027397,
20833480,aot,53042240.03296703,
20830315,aot,32856680.296969697,
20835462,aot,14380609.620289855,
20831206,aot,21315886.426666666,
20834459,aot,42640030.3015873,
20830719,aot,50596547.27722772,
20831459,aot,34355083.766917296,
20831371,aot,34582156.73103448,
20831418,aot,44562225.0862069,gas-used mismatch for 0x8ca2fd2ab67f02668dfbbab88d47a6942bf74f5ef8def0bca3cc2b4a6a6e26a0: expected 399738 found 95868
20831091,aot,44237537.6036036,
20833925,aot,32205893.83108108,
20833201,aot,34058500.359477125,
20834609,aot,40285798.19491526,gas-used mismatch for 0x84eeba0daaaeb16146cbb0fe4121fc40047408acb766728cba7791bce9db6eb6: expected 286002 found 238369
20833431,aot,99606696.66037735,
20833281,aot,41948685.81896552,
20835652,aot,34707066.89473684,
20830732,aot,35794336.37301587,
20834447,aot,32170566.993377484,
20832432,aot,72895232.81428571,gas-used mismatch for 0x9972cf8b00f6aa57de7499139732deba1285cdcf098019a303fe7a2746b73645: expected 329228 found 95868
20835308,aot,57704683.593406595,
20830348,aot,29958560.196629215,
20834656,aot,43134285.14414415,
20833626,aot,34047390.07092199,
20834933,aot,46390523.93103448,gas-used mismatch for 0x9a927d3d91fcad299f4ab8c3900c2a2fb9e444fdd6ff0c141e7c75630cf3ef92: expected 503357 found 418954
20834649,aot,66273067.68,gas-used mismatch for 0x97944824709234f272fdd0eebeec567c757fb100b5bb81fc8034c46369903b76: expected 2109115 found 1690077
20835836,aot,35644080.653333336,
20833082,aot,49707864.27368421,
20834669,aot,54086428.96774194,
20832777,aot,34641927.39189189,
20833454,aot,46091975.6,
20834980,aot,34519647.82978723,
20834582,aot,53553095.0,
20832997,aot,47618974.324074075,gas-used mismatch for 0x586f77a8c28f250c35262aae37151050c3444379a74d7dfad19d2457fc73fd38: expected 208453 found 144540
20832243,aot,30502751.232258063,
20834256,aot,28450962.02808989,
20830082,aot,39204301.83571429,
20831382,aot,43302065.27586207,
20833715,aot,35279942.36170213,
20830644,aot,31150486.5,
20831118,aot,33588346.9054054,gas-used mismatch for 0xf3429687c7949748d56b042041cca737cef9c8e66e5f0007c2a24d6e770e685d: expected 477039 found 296787
20833690,aot,52796644.31111111,
20834443,aot,38968222.0859375,
20831430,aot,46684816.81132075,
20834662,aot,42293931.62711865,gas-used mismatch for 0x03e08b266ef1d5ead5edc20f4fc8aa2d0211caa02ce87e8cfee4d2a1fc1f2622: expected 345532 found 95880
20835085,aot,57572790.15116279,gas-used mismatch for 0x533770064827325adb5c27ded6f19daef82a0d84fa5e456bb4a99c4534eadc51: expected 488974 found 95916
20834705,aot,32939678.774193548,
20830269,aot,48932071.93333333,gas-used mismatch for 0xcb723b6676e555c5ab5eb676c2007e34d69ed1baf0f2be50a7b91e740ec6db50: expected 262865 found 241114
20834907,aot,36531350.703125,
20833481,aot,37016078.641221374,
20830316,aot,35357405.06993007,
20835463,aot,72405323.86363636,
20831207,aot,44427050.88495575,gas-used mismatch for 0x544e092c98da2e9b0965ca1423cf879d6398c806cc3f9e7334d0ab93f163198b: expected 214576 found 144540
20834460,aot,44690765.765765764,gas-used mismatch for 0xfeaa9e8a6b16d0b9a8791b6c02145c44a7c8151a342d12b52732632f93151931: expected 630202 found 428907
20831419,aot,43680879.83809524,
20830720,aot,45985106.41441441,
20831372,aot,29999675.670588236,
20831460,aot,41148884.428571425,
20831092,aot,29223144.323863637,
20833926,aot,38031112.0367647,
20833202,aot,37903894.325925924,
20833282,aot,42159633.71681416,
20834610,aot,30060642.982352942,gas-used mismatch for 0x5f718ebb6d85528fdf01615ce8be63b9ba1c5f233ab33cd43185307b4f96b511: expected 857362 found 503817
20833432,aot,51109379.09,
20830733,aot,30776718.666666668,
20835653,aot,38372802.45925926,
20832433,aot,32732962.88607595,
20834448,aot,28040560.819148935,
20835309,aot,34465805.43918919,
20830349,aot,49013384.0,
20834934,aot,52803617.46875,gas-used mismatch for 0xb3646289a4950a6d69f0752d56fc5121d57a7179af0d0d729bec4f25b672f718: expected 243909 found 268398
20835837,aot,35463545.655172415,gas-used mismatch for 0xd3b3ca61312ed3301a5892f2eaae4ed37caecab51dcbd649b0c1c7de72204954: expected 282266 found 95940
20833093,aot,66412014.115384616,
20833455,aot,25418640.27363184,
20834981,aot,33210872.36423841,gas-used mismatch for 0x766675a7b0b1042e78bf4d479acb42c2cbaebee5f816d187a505eb9b83a4ebcf: expected 360127 found 317126
20832778,aot,49330568.895238094,
20834670,aot,14512606.027027028,
20832998,aot,36604523.27205882,
20833627,aot,44592718.1015625,
20833083,aot,70083730.81333333,
20834650,aot,54345518.31,
20831383,aot,29514452.33714286,
20832244,aot,34900992.406666666,
20834257,aot,57475046.05555555,gas-used mismatch for 0xd8c5a11dfa00c5ce2ebfe845cc4ac7850c781a942358abca149c61478136b1e8: expected 235608 found 111780
20833716,aot,44285658.85217391,
20830645,aot,46073634.309734516,gas-used mismatch for 0xbe06c8ef45f2476a8e22f212aa6417085be530fa2652dded711d0538f6f34549: expected 380701 found 95868
20832788,aot,47287800.71428572,
20830270,aot,36359414.89705882,
20831119,aot,48471392.50925926,gas-used mismatch for 0x77a79cc3e1035c883a9731e2eb32d1dea6b1d2b792ec7ae7f5f0406ad46c8f8a: expected 667984 found 508090
20833691,aot,41710727.585365854,
20834583,aot,67405175.2345679,
20830083,aot,38628744.93006993,
20834444,aot,47179331.3963964,
20831431,aot,70762683.28767124,
20834706,aot,41530223.52,
20834908,aot,53798823.94736842,
20835086,aot,46604707.69565217,
20833482,aot,47942856.47169811,
20830317,aot,21046459.008333333,
20835464,aot,38704662.45864662,
20831208,aot,54837650.27368421,
20834461,aot,42543779.68644068,
20831461,aot,50061148.60215054,
20831420,aot,48396030.93518519,
20831093,aot,37606098.884615384,gas-used mismatch for 0xc721d0ccc00444b0c9988f2b192fd7c842aaead2f34c751b06177b9d4ca9c8af: expected 1438922 found 1235884
20831373,aot,61124990.638554215,gas-used mismatch for 0x3b4b59611fa9fb84fcbf3d8213e2967329a5611eb3e3384d1bce3736d604b2bc: expected 345532 found 95880
20830721,aot,63588409.28205128,
20833927,aot,21024771.2394958,
20833203,aot,40020171.208,
20834611,aot,42488273.06034483,
20833283,aot,31001204.042944785,
20835654,aot,34444023.51048951,
20835310,aot,36894182.83846154,
20830350,aot,29054335.766871165,
20832434,aot,36097096.39007092,
20833433,aot,10104980.680373833,
20830734,aot,39325831.75384615,
20834449,aot,56764459.78888889,
20835838,aot,20860968.822033897,
20833094,aot,36689660.48091603,
20833456,aot,55671957.81395349,
20833438,aot,40283403.443478264,
20834935,aot,42803789.64227642,
20831432,aot,25555919.496932514,
20833084,aot,46888588.514563106,
20832999,aot,41744231.71900827,
20834671,aot,48385314.114285715,
20832779,aot,25473390.796296295,gas-used mismatch for 0x8f64a577d81743927c8b362a590e4dafe0963ccc5bef77630853b2fa9db70653: expected 365743 found 306074
20833717,aot,37818046.19083969,gas-used mismatch for 0xaf01c521ad51122567c6775ac5bbf728151c5077d8997ac4786b28931c67a249: expected 189099 found 81798
20834258,aot,28435452.448863637,
20832245,aot,32654268.725490198,
20834445,aot,32332668.285714287,
20834982,aot,51431097.44660194,
20833628,aot,22639339.35714286,
20830646,aot,41053821.5785124,gas-used mismatch for 0x5db096f426333612ea991f8d534ed63d7f145f0f10eda9856e3e257e1b47bd17: expected 567664 found 369610
20831384,aot,43593111.36283186,
20832789,aot,48750126.65048543,
20830271,aot,31983562.11392405,
20834584,aot,31024805.417177916,
20831120,aot,34616734.880794704,gas-used mismatch for 0x50032a37c5e802da2864d9d67f6c8b9213549b53490834a12bedaac55ae3674c: expected 474224 found 296787
20830084,aot,41112137.76033058,
20834909,aot,31460462.730769232,
20835087,aot,41378521.159292035,
20833483,aot,28922812.776397515,
20833692,aot,43636216.44067796,
20834707,aot,52240543.87,
20830318,aot,59782054.325581394,
20835465,aot,12887846.655555556,
20831209,aot,30600891.664596274,
20834462,aot,22256633.20642202,
20831462,aot,29618841.622857142,
20831374,aot,15385021.40797546,
20830722,aot,45864340.28703704,
20831094,aot,38380227.00763359,
20831421,aot,19094796.384892087,
20833204,aot,32788050.698630136,
20833284,aot,28936084.47647059,
20833928,aot,25376246.360189572,
20834259,aot,41758939.6626506,
20832435,aot,45028015.283018865,gas-used mismatch for 0xc4ca48f141bc8e4b76ea414978ea4ee7cc3ef02aaea5a28effe62ab5052f4696: expected 328196 found 95868
20830351,aot,34448050.16083916,
20834612,aot,50516274.73786408,
20834450,aot,26001867.860215053,
20835655,aot,48092291.10377359,
20833434,aot,70454995.9,
20835311,aot,38757916.19565217,
20830735,aot,48419519.54716981,
20833085,aot,32049325.426573426,
20835839,aot,58071059.6627907,gas-used mismatch for 0xac8a1830f8130315f356de774a9cdc799266eaf0d357c848d00e6bdec8acddc9: expected 792364 found 883148
20833095,aot,45065902.19090909,
20834936,aot,41372792.74576271,
20834708,aot,30112768.09090909,
20833457,aot,30530478.295180723,
20831433,aot,37522350.15789474,
20832436,aot,33123398.055172414,
20833439,aot,41385183.452380955,
20834446,aot,34357201.97241379,gas-used mismatch for 0x6de0cd3c13ef34cd0c71fc43e23802b917a0f97dc9969e866625f0006f8cca63: expected 200903 found 81750
20832246,aot,43249987.71681416,
20834585,aot,18374965.03187251,
20834672,aot,60632210.23529412,
20833629,aot,64935036.44736842,gas-used mismatch for 0xbc30bac0fb80ec6eec6fcba54d2a56d5150c359dab0dd3e52da91a40b171c394: expected 332518 found 95868
20831385,aot,22421329.21266968,
20834983,aot,40162046.79674797,gas-used mismatch for 0xbc219191c8a292ea47069e274743ffcf5c69acb13d11ec9c18601266cc390f4d: expected 391694 found 95880
20830085,aot,32103375.503496505,
20833718,aot,28854281.914772727,gas-used mismatch for 0x526fa3a91a6bc91fc9132d6a7a89f32978c7ff451405f7b12ffc65b6c473b481: expected 360097 found 222306
20831121,aot,44727973.22727273,gas-used mismatch for 0xa8f71e433e329c3b8fa0b0fb860cb327de113b5eaf78e89f3535d392f264dbf7: expected 262828 found 245537
20832790,aot,32754308.006756756,
20830272,aot,33726690.55944056,
20830647,aot,37762238.392592594,
20834910,aot,45995821.056603774,
20833484,aot,44525364.981981985,gas-used mismatch for 0xdb980fd4626c5c15207ef19ce6d4e0486143412137cc366597d0c31f1341ad25: expected 270809 found 216284
20833693,aot,40805615.31666667,gas-used mismatch for 0xcfa1e68d0d777e74866ede267b233a5de8004bb5f72adedf80c224391c8b6f81: expected 345532 found 95880
20835088,aot,42005913.198275864,
20832780,aot,69102828.44,
20830319,aot,35527560.758865245,
20835466,aot,81321629.37878788,
20831210,aot,39328983.536,
20834463,aot,61088454.39506173,
20831463,aot,40527611.3015873,
20830723,aot,34408994.862068966,
20831095,aot,37578918.733333334,gas-used mismatch for 0xe2cb3e64dbb940701795269ab6ce21543f697176b7e3c4c2f87762214168fc2a: expected 477125 found 296787
20831375,aot,55785824.26373626,
20831422,aot,45441344.163636364,
20833205,aot,38262374.47407407,
20833285,aot,42669083.09756097,
20834260,aot,41009771.047619045,
20834613,aot,42815787.59322034,gas-used mismatch for 0x1fe3f2ff696400709f4a9036ec21c16e94ce6db1027bdfc3fcf97a275c80e438: expected 824442 found 519471
20833929,aot,76609741.66176471,
20835656,aot,35599257.36363637,
20830352,aot,40488837.692307696,
20833441,aot,48459761.018181816,gas-used mismatch for 0x62d8377e2b5416afec2ad80fa0962cf4944f920b5681744d0749e249b32d30f1: expected 895098 found 627174
20834451,aot,40668001.365079366,gas-used mismatch for 0x2ac2c7915aacc3c771a35312aa7a0d3800f84c6b4cc40bdec13feb6a219617b0: expected 370106 found 205872
20835312,aot,36176633.007246375,
20833435,aot,31522841.042944785,
20833086,aot,37821188.007407404,
20834937,aot,43191861.0,gas-used mismatch for 0xd8a7fc3c9c5775ee2a57fa7af4b0a3488a878c158dc1064d782f370a72b53a86: expected 272456 found 240498
20831434,aot,26124051.115789473,
20835840,aot,41492464.12698413,
20833458,aot,13822150.028947368,
20833096,aot,38036798.86956522,
20833440,aot,38889504.304,
20833931,aot,33657150.32026144,
20834709,aot,58950592.333333336,
20830736,aot,60182608.80645161,
20832247,aot,31736570.892405063,gas-used mismatch for 0x37ffddaec96f51f4bbfb6b183421dfcbdc51e56b12b6425289cfdeb01edd95d3: expected 385281 found 95904
20834586,aot,63613663.28395062,gas-used mismatch for 0x810c67a3a7a6185e0bab8e626508dd76008f9ca2d5078349535c39c7b9940f10: expected 1531653 found 1075762
20833630,aot,30704047.78612717,
20830648,aot,37048174.36153846,
20831122,aot,37449521.2406015,gas-used mismatch for 0xe7526aa1f2fdb297b63b7d0026cda8c49dc8bf07e770b89021b35ba24567b7ba: expected 262852 found 245561
20830086,aot,37190864.864285715,
20831386,aot,56154749.08791209,
20833719,aot,46974431.45454545,
20834984,aot,39737059.421052635,
20830273,aot,10756040.989583334,
20832791,aot,42676544.99152543,
20834673,aot,38188828.244755246,
20835089,aot,24929613.10769231,
20830650,aot,45568588.03174603,gas-used mismatch for 0x6115db9960040cbcf2e0eedb58f482c1fa231534ad973afd1d46954eda2fdaf1: expected 549395 found 351703
20833694,aot,32848400.506410256,
20833485,aot,61864567.38271605,
20832781,aot,40764173.76190476,
20834911,aot,58434419.715789475,
20830320,aot,32883428.5472973,
20835467,aot,43526290.85714286,gas-used mismatch for 0x705057a83efc97795f0d029b7886fdc8ba493a00a1aef2070b300240ebd69ca7: expected 196260 found 81726
20831211,aot,40211698.872,
20834464,aot,32635438.083870966,
20830724,aot,19913421.601626016,
20831096,aot,46265775.99074074,gas-used mismatch for 0x30fbc4e48e63843770e47d649715771f1c884e2ee992563402e6213fadb98f70: expected 259686 found 194703
20831423,aot,4811592.447976879,
20831464,aot,36698043.13970588,
20833206,aot,31171690.12658228,
20831376,aot,41204737.568,
20834261,aot,40242551.15447155,
20834614,aot,35064994.64539007,gas-used mismatch for 0x1798713b7a7b8a78ef4f0fc311838eb06bab9b8f6d21a7bf39b692c55d3db291: expected 307010 found 95880
20833436,aot,9941975.962105263,
20833286,aot,40470889.504,
20835657,aot,16730895.28668942,
20833087,aot,10705635.46205357,
20835313,aot,27129104.20994475,
20834452,aot,32279415.790849674,
20833930,aot,52873515.572916664,
20830353,aot,33736276.50666667,
20835841,aot,36079246.62307692,
20833442,aot,45093850.75,
20834938,aot,44177336.666666664,
20831476,aot,45439819.1,
20834710,aot,37948431.4296875,
20831387,aot,33044623.949275363,
20833932,aot,42828056.72881356,
20832792,aot,31792842.510489512,
20832248,aot,24728645.083743844,
20833097,aot,42458257.144,
20830737,aot,34793622.50344828,
20834587,aot,4778383.381541389,
20831435,aot,55259480.87,
20831123,aot,40968660.333333336,gas-used mismatch for 0x86fb8a0b4d8696ed693a35bf48c89dfeab7cc833b302be37053f95136967ddd5: expected 410539 found 296810
20830649,aot,26303957.30319149,
20833459,aot,60064011.325581394,
20834985,aot,44145635.79090909,
20830087,aot,33717108.92,
20835090,aot,21465969.942477874,
20833631,aot,45150431.72727273,
20833720,aot,59382915.57647059,
20833486,aot,39664422.65625,gas-used mismatch for 0x516b4b93693293b327416213f29d869a5214c460946135b54f4c9f19e58c8ae8: expected 706050 found 287618
20834674,aot,54618225.489795916,
20833695,aot,41242541.20661157,
20832782,aot,29762681.409356724,
20830651,aot,36604537.433566436,
20830274,aot,69784312.77333333,gas-used mismatch for 0xa443ca181949a365bc913a4f76379bec6fb65655e4379280cf79e605838a016a: expected 329240 found 95880
20834912,aot,40551903.4140625,
20830321,aot,33497030.864516128,
20835468,aot,50572353.04854369,
20831212,aot,38304312.096296296,
20834465,aot,42273344.54545455,
20830725,aot,58636025.493827164,
20831424,aot,57505638.35227273,gas-used mismatch for 0xaa4ba9bd194cc3d25a2658543496d63c1a254a50239af86509ead9b939340843: expected 844268 found 338416
20831465,aot,36430125.63768116,
20831097,aot,41543285.23809524,gas-used mismatch for 0x94e681d99979a50311eef1e78462fce32f286a9b930207f27c775fed41fa82ae: expected 474298 found 296775
20831377,aot,28634871.03468208,
20834262,aot,58431775.44444445,gas-used mismatch for 0x05cf699878db028265205ece0e65fbaf82f289b71f823b5bd46b0c4d02252868: expected 526339 found 95868
20833207,aot,37616593.14705882,
20834615,aot,36381610.13768116,gas-used mismatch for 0x18122235a3c351a9e3d3a593782222aeb8a249f7406b2fad6458d7e45ace01a4: expected 429340 found 134270
20835314,aot,35240873.47058824,
20833287,aot,31269212.29090909,
20830354,aot,31435250.019607842,
20835658,aot,53472997.90322581,
20833088,aot,71213877.08823529,
20830653,aot,35385563.29710145,
20835842,aot,32525704.66,
20835718,aot,31865703.5625,
20833443,aot,49576298.77551021,gas-used mismatch for 0x9c43894ca640b2e0237bd39ceafbf6f459f242dae80c42ee28be609fe80ab09b: expected 380701 found 95868
20833437,aot,69416931.26027398,
20833933,aot,28628283.30379747,
20834939,aot,30383278.727272727,
20830738,aot,44619396.72815534,gas-used mismatch for 0x584798f40949e1e99d7d7ecc7f0ac0bec7d7622b9ae854ad71c0147ca1dff832: expected 1179149 found 1105090
20835765,aot,32552996.65942029,
20831477,aot,37054610.90625,
20834711,aot,34885955.333333336,
20831124,aot,47136638.14,gas-used mismatch for 0xe5cefb766915d80b618c0c4a617b215fd97fce28be152ad4afd8e1091acd1dba: expected 410539 found 296810
20832249,aot,35399515.51470588,
20833098,aot,35337643.75362319,gas-used mismatch for 0x6b3b26772625bd06234b5f1131b8ce62303bda00328064719a3bbb6149148d8e: expected 2024403 found 1236952
20831388,aot,38431715.921875,
20832793,aot,34620485.59440559,
20831436,aot,43675860.5045045,
20833460,aot,28325284.115606938,
20833632,aot,21228674.069565218,
20834986,aot,34824897.51048951,
20834588,aot,62299183.5625,gas-used mismatch for 0x1d9d582fcfe703c1a61c85b4c1b18b9cd6701294fec2c09616170b5317050743: expected 282674 found 49274
20830088,aot,40950907.81300813,
20833696,aot,32732279.65248227,
20833487,aot,41662368.81034483,gas-used mismatch for 0x9da5c86636072c05f2ec3c4e061c9677d17e7c4b2f84cd69fe4771aaa38e43c0: expected 592057 found 329775
20833721,aot,30866997.30120482,
20835091,aot,65590468.40789474,gas-used mismatch for 0xdc7417b5f19b82a12f4e04eab69275ff08f9d43b6cc9c85e4ba7667e2b87837a: expected 363625 found 95892
20832783,aot,36054275.25185185,
20830652,aot,41041134.67768595,
20834675,aot,31777092.036363635,
20830275,aot,35462310.48,
20834913,aot,45661440.5,
20830322,aot,37986221.38095238,
20835469,aot,34041730.93918919,
20831213,aot,36317544.01470588,
20834466,aot,29265814.92857143,
20831098,aot,39944782.0661157,gas-used mismatch for 0x6b15d732d90540f579ce31972e2a63045cef2061e08bf51fbec869815c13dc58: expected 474310 found 296787
20831426,aot,36901140.864285715,
20831466,aot,35832042.67142857,
20831378,aot,37152489.544117644,
20834263,aot,34270699.966216214,
20831425,aot,40526276.11029412,
20833089,aot,38369823.184,gas-used mismatch for 0xae569ba7af70c91bcd542272b2bdf63a12318ffd731ff408aa28a166d51bb041: expected 491033 found 95880
20830355,aot,29347146.78362573,
20835315,aot,60108704.95294118,
20834616,aot,34881669.50980392,
20833208,aot,43583637.54135338,
20833288,aot,59807488.22727273,
20835766,aot,33069335.825174823,
20831394,aot,45049576.699115045,
20834915,aot,45893922.117117114,gas-used mismatch for 0xd78f516483e897950fb10db1579d8cbe0683df2bb711d55887c3e81939cd4396: expected 612035 found 382313
20835843,aot,55828397.10989011,
20833099,aot,34646543.79699248,
20835719,aot,51532727.30693069,
20830654,aot,42327935.28571428,
20835659,aot,59512952.322222225,
20834940,aot,55523299.722222224,
20833934,aot,28708566.843243245,
20830739,aot,39199546.315789476,
20833234,aot,35108507.74125874,
20834712,aot,40008562.9609375,
20831478,aot,24442176.827272728,
20834681,aot,46583669.86486486,
20831437,aot,36148606.615384616,
20832794,aot,36629481.202797204,
20831389,aot,53680526.88,gas-used mismatch for 0x4e086ac503eb6e5790d9499b4c1005b6ce575ef72091f7c19d1c4208696d88f7: expected 196055 found 81738
20833633,aot,53766997.2631579,
20833461,aot,76431450.25,
20834987,aot,43675935.075,
20833697,aot,15787496.579268293,
20834589,aot,67095444.29487179,gas-used mismatch for 0xb472f0ff620af447fa17e0897cf723d0f6c12d1fc46a53b6c0c9b21b7cbede15: expected 871181 found 630616
20830089,aot,35589162.2260274,
20833722,aot,42960036.22881356,gas-used mismatch for 0x3618bd672d6e84ec0e9a4e4dd0ec978546f79978f858ed518b881cd466cd7bab: expected 2954418 found 435356
20835092,aot,29215343.815028902,
20833488,aot,50505173.83495145,
20834944,aot,32392359.367741935,
20832784,aot,37773387.75714286,
20834914,aot,28698420.590643276,
20834676,aot,46882987.88181818,
20830276,aot,32993123.37254902,
20830323,aot,34295714.65734266,gas-used mismatch for 0x2a24b1a9dac3f201b4a79a10fdc7995505fa044767c6f75fc1138d11e84b9aa5: expected 418909 found 98969
20835470,aot,33042286.973333333,
20831214,aot,40472487.69491526,
20834467,aot,38754037.234375,
20831099,aot,34594778.25,gas-used mismatch for 0xb34a8401f453850c4a36683512aee4c669d6bba3b7effbe48d4be24730f47eaa: expected 474310 found 296787
20831427,aot,29446841.2,
20834264,aot,36069793.0610687,gas-used mismatch for 0x429f0cb2ef9472a9864ad1c824c125617ce6fefd8422c4f743dd431fa8cc22f0: expected 199273 found 82074
20831379,aot,47060569.93396226,
20831467,aot,63567405.525641024,
20835741,aot,47602625.89622641,
20833090,aot,33977353.47586207,
20834941,aot,28102841.92903226,
20835316,aot,42278120.9661017,gas-used mismatch for 0x3ed65043bcd98f5a046a2532e9cfae3f5dd622000b1ce983bd2fcfa1e581c8da: expected 329228 found 95868
20834713,aot,33013878.944444444,
20830356,aot,40450945.304,
20835767,aot,15048778.520249221,
20833289,aot,48186340.64356436,
20834617,aot,31606835.030674845,gas-used mismatch for 0x08dd5f1cc10747e6fd4090fe223fbc6890127ed5951410c455e04217d97d643e: expected 285978 found 238345
20835660,aot,31541988.974193547,gas-used mismatch for 0x0ebd298c51a9fabd1d6ccb7d19d106d8100564ff5504226830209063a2e381f9: expected 312140 found 95880
20834916,aot,40601771.06504065,
20835844,aot,38870716.99230769,
20833209,aot,28005724.086021505,
20835720,aot,51816218.3125,
20833100,aot,35967844.36879433,
20830740,aot,43192755.468468465,
20833235,aot,17218736.986206897,
20831395,aot,41349780.16030534,
20833935,aot,46283040.50442478,gas-used mismatch for 0x653d2486a7232037a068e1bad74ecc59cbbdfcc5443957403828d68997cd4750: expected 204571 found 82074
20830655,aot,34109649.78205128,
20834682,aot,29417225.22159091,
20831438,aot,41230199.8,
20832795,aot,40057892.84920635,
20831479,aot,55176180.516483516,
20833462,aot,30181608.85542169,
20831390,aot,39516525.2519084,
20830090,aot,34334481.98550725,
20834988,aot,38564195.93076923,gas-used mismatch for 0xdfb7fb5600c16049bd9f0de65e73d3edede5559c274a2270079794651ab64bfc: expected 523053 found 95880
20833634,aot,45703142.71551724,gas-used mismatch for 0x8ef2ac310096c7e54219f05d8143d2685c05cd7e63cdc16912873d6c54b26fc3: expected 345532 found 95880
20833698,aot,52925005.233333334,
20834590,aot,47405594.11111111,
20833489,aot,48784927.69444445,gas-used mismatch for 0x7e0d7660f2d43de5334e32b4eae47b1ee6648b83829010e58d0130a752bd83e2: expected 365263 found 95868
20835093,aot,52472230.31632653,
20833723,aot,42060202.384615384,
20832785,aot,34917759.346666664,
20833210,aot,49097883.55339806,
20834945,aot,50753632.02857143,
20834677,aot,47627187.38938053,
20830277,aot,51650166.3367347,
20830324,aot,28020391.505555555,
20835471,aot,46838194.44144144,
20831215,aot,32058801.234177217,
20834468,aot,35691678.41304348,
20831100,aot,49396170.06,gas-used mismatch for 0xfc291c24ecd7fc0a34d809e4500a0b25c0b71f66ee67ff669ab2746567d26005: expected 474310 found 296787
20831468,aot,40762743.24793389,
20831380,aot,19142881.825925928,
20834956,aot,49043213.943396226,
20831428,aot,37404189.15862069,
20835742,aot,34059833.59589041,
20834942,aot,51584045.0,gas-used mismatch for 0x2206545b88cb1fb1e8bb323a1801b5fd00bc5262821cb5841f63aab2d7f095a4: expected 324122 found 95892
20833091,aot,30530614.01190476,
20834618,aot,38880918.79365079,gas-used mismatch for 0xf46a1fe0bfdba335b54aa0e7f24bd464f58eb75be461aae30b496720d4391ed1: expected 386587 found 95880
20835317,aot,42516515.52892562,
20830357,aot,52791355.82417583,
20833290,aot,28621524.605405405,gas-used mismatch for 0x2e4ff11a4f0d3ce4d37bad1b682a049863f5e6694992c5e14db296a935623dec: expected 272444 found 240486
20835845,aot,35552098.4057971,gas-used mismatch for 0x864647ac4bac759e538c3f2c0ab4385c51b0df4ed533b659a66dda8ceda64912: expected 779051 found 117020
20835661,aot,29256568.71686747,gas-used mismatch for 0xf82de57f0c8a882c560d5105b060f5af0e971f63b0680b1ae8a4c448607dd416: expected 379681 found 95880
20831396,aot,30894266.986754965,
20834714,aot,33634483.01369863,gas-used mismatch for 0x4f02c81a3d3a73559fd5662ee887b32888aa061f024c02cff837fb7d54f164dc: expected 227998 found 189044
20830741,aot,26728713.46236559,
20835768,aot,54067985.11111111,
20833101,aot,36261474.02222222,
20833236,aot,65796811.8630137,
20834917,aot,30994182.13939394,
20834683,aot,18645196.03529412,
20835721,aot,57189853.94318182,
20832800,aot,39225106.676923074,
20834989,aot,52398744.525,
20832796,aot,27343467.56069364,
20830363,aot,39841997.472,
20831480,aot,26985310.344444446,
20831439,aot,38624510.192307696,
20833936,aot,44420580.21487603,
20833463,aot,37460353.23703704,gas-used mismatch for 0x0266f6381d6b4f4e12cbf80422d66e5bfb280beb5452eeb49fc0b7f497c78cb2: expected 324110 found 95880
20831391,aot,26555137.617801048,
20830091,aot,34484899.11333334,
20833635,aot,24322832.376190476,
20833699,aot,49842163.31,gas-used mismatch for 0x40fa3312114703a766638dc84cdf09ee8e8cb0981ac52d6f9a83f5cf8124c1fd: expected 521191 found 427974
20834591,aot,32632429.265822783,
20833490,aot,44983805.16216216,gas-used mismatch for 0x14a316aeb1725ba422c35d88b2377e4c3a13d229aac46d6cc7cf925cd54a5c27: expected 344761 found 98981
20833211,aot,27338791.527777776,
20835094,aot,38662299.515384614,
20834678,aot,37630925.05785124,
20834946,aot,35668429.86956522,
20832786,aot,51236177.19,gas-used mismatch for 0x4cf01f3c79046ed3739f80398e8a64cdfe458b932698d34695d5b69dd224f642: expected 218946 found 144547
20833724,aot,36524028.65957447,
20830325,aot,34055123.76335878,
20830278,aot,63082472.641975306,
20831216,aot,30670886.56875,gas-used mismatch for 0x5190e6701de1213c06277b94e86022460753401e2dbbe596db3dfaab19c55523: expected 198823 found 82074
20835472,aot,37603248.816176474,
20830279,aot,19224456.391304348,
20834469,aot,53794715.63207547,
20834957,aot,37329891.625,
20831469,aot,41119937.20325203,
20832787,aot,56188160.53488372,
20831381,aot,73381139.73846154,gas-used mismatch for 0x2762e3da2d0712f347563c8dadb6aeafc6ef021e1a0924b8e55ad4c2220a2a3b: expected 1489672 found 207494
20835743,aot,39179699.44274809,
20834943,aot,46156590.73786408,
20833092,aot,15209735.041666666,
20834619,aot,30926893.18452381,
20835662,aot,43746427.083333336,
20833291,aot,31990573.765822783,
20830358,aot,32109469.56962025,
20833237,aot,51118972.177777775,
20835722,aot,39199635.0338983,
20832797,aot,38739098.05785124,
20833102,aot,40921400.704,
20834715,aot,50238610.16037736,gas-used mismatch for 0xccb1ed291a11e081b3747d484f0083b142b0a9bb29e47fe20f5ee3d44e8ec92e: expected 262816 found 245525
20835318,aot,23199411.898373984,
20835769,aot,43718960.881355934,
20832801,aot,28169799.97777778,gas-used mismatch for 0x60b85eff4daa764e76a0e0c7daddec6077837aa9ca76a54f23942b58279b470a: expected 389794 found 95916
20831397,aot,36875217.0472973,
20834684,aot,60673025.6626506,gas-used mismatch for 0xea9c0b0e81d468c29e3883ba7299667c44617066aca6f421d037053014534f09: expected 199490 found 81762
20830742,aot,43516819.04958678,
20834990,aot,39175540.03125,
20830364,aot,36443049.34265734,
20831440,aot,36648189.39849624,
20835846,aot,51415667.95454545,
20831481,aot,54585747.260416664,
20834918,aot,39650567.68965517,
20833464,aot,42791238.233333334,
20833491,aot,11312359.901913876,
20833700,aot,37575742.515873015,
20831392,aot,21863014.69387755,
20830280,aot,45043805.025,
20830092,aot,27834738.505376343,
20833644,aot,34893457.90625,
20833636,aot,44639807.387931034,
20833725,aot,26686651.838888887,gas-used mismatch for 0x1aff58814a251c072f3c64c0b0036dd15045db0bbcb73cbfd0a6162395dae7c8: expected 368925 found 99005
20830326,aot,33944065.48550725,
20833212,aot,42449610.967479676,
20834679,aot,40509867.84375,
20835095,aot,37505282.92907801,
20834592,aot,56269043.57,gas-used mismatch for 0xd310bf67c9fb9cced8c1d259376a4e037d9eadce27effcdbb7c852c5a4d60acd: expected 285990 found 238357
20834947,aot,20199075.269372694,
20835156,aot,53789501.117117114,
20831217,aot,64203139.74666667,
20835473,aot,41322714.084745765,
20834470,aot,44482182.358490564,
20835343,aot,33282306.54304636,
20834958,aot,39174877.70338983,
20835390,aot,33520388.695652176,
20831470,aot,34192761.96575342,
20835744,aot,44903142.21359223,gas-used mismatch for 0x3fe925f0d308862aed7befb692ec7c5ce98ad517a0de9078cd44e4c81b903310: expected 324098 found 95868
20835413,aot,40774588.68965517,
20830359,aot,15467605.106007067,
20833292,aot,31963391.17857143,gas-used mismatch for 0x9dd466ed6599b7fe730b815e42608a763e7c383874006b8c6c67f5a66f6ff3af: expected 575915 found 410808
20835671,aot,46424979.18584071,
20835319,aot,25917123.964285713,gas-used mismatch for 0x6917209a2147689bd46adacd0cea631766458bf518276539eaf5dc502920f7f4: expected 345520 found 95868
20833638,aot,38802133.917293236,
20834620,aot,50108378.44,gas-used mismatch for 0xe05fcdae8a975ae912b9d914f46a3efaef0344dac95eae1e683f1406f1ac9feb: expected 825748 found 519471
20834716,aot,45172874.45283019,gas-used mismatch for 0x747710b8010adce3f4198f2416e641d8681ce98063c3380196e3a465669712de: expected 255404 found 240546
20832802,aot,48751190.768421054,
20833238,aot,28945019.241573032,
20835663,aot,34822314.98709677,
20835723,aot,39754920.02307692,
20835770,aot,33162689.93243243,
20833103,aot,38439475.52307692,
20834991,aot,16854535.86138614,
20831441,aot,29274428.793939393,
20830743,aot,25648890.035,
20834685,aot,39718354.53076923,
20830365,aot,36941788.625,
20831398,aot,50465110.723809525,
20833465,aot,54071451.02272727,
20832798,aot,52430356.00925926,
20831488,aot,39829678.69421487,
20831482,aot,39757961.67175572,
20833701,aot,32475369.405228756,
20833645,aot,30018323.62658228,
20834919,aot,46918648.342857145,
20834680,aot,28789971.10967742,
20835847,aot,36716636.82,
20834920,aot,35262419.18881119,
20831393,aot,55702930.35164835,
20833637,aot,41299993.584,
20833726,aot,56523608.50537635,
20833213,aot,27395607.202127658,
20835366,aot,40659171.84552845,
20835096,aot,37089235.28985507,
20833492,aot,91181482.46551724,
20834948,aot,70659002.83561644,gas-used mismatch for 0x57936f4afd84a67ced8d996eced92eff920eccfbae97c48ad3b5121f35aeb1a3: expected 196308 found 81738
20830327,aot,56803134.92079208,
20835157,aot,36440638.9929078,
20831218,aot,34074101.93006993,
20835474,aot,42240078.832,
20834471,aot,41054155.925,
20835414,aot,34833551.61666667,
20835344,aot,55171134.155555554,
20835391,aot,50486947.30107527,
20831471,aot,43216546.61111111,
20835745,aot,31170422.90625,
20834959,aot,58144227.417582415,
20833639,aot,37108903.136,gas-used mismatch for 0x67c9d6be973add597348b24ce704185d11daae0c8b4db41a8a5cda25932433e9: expected 386587 found 95880
20835320,aot,73439739.06153846,gas-used mismatch for 0x2739021ee6cbebbb2629c977b2cd26e23a57ca1503460b9172e6833e3b2f8559: expected 560759 found 375019
20830360,aot,46420630.83157895,
20833293,aot,45672807.33980583,
20835771,aot,40447955.518181816,gas-used mismatch for 0x5338d70bda7408c407f81b4a2bdce133f230aba4893322b346b6b3666c89b292: expected 409267 found 95892
20835724,aot,55011291.9,
20835664,aot,48423197.40860215,
20834621,aot,45171712.7,gas-used mismatch for 0x3620c9af9d72071a54cdda0b71c042f1ae7998de48ece1d5f3c97de8a85093e0: expected 599556 found 438964
20833104,aot,44817292.10891089,
20832803,aot,50835703.908163264,
20835672,aot,42485461.15079365,
20834717,aot,37637286.44927536,
20831442,aot,34292124.55479452,
20833239,aot,37022944.16216216,
20830744,aot,52306456.0,
20834686,aot,31494731.576687116,
20831399,aot,25321710.64676617,
20832799,aot,45433729.33018868,gas-used mismatch for 0xe4eff95dd564f30653e27ce4c39ad0fc019e450f0063b6c5339cea89198bc0e1: expected 629779 found 95928
20835848,aot,37029045.050847456,
20833702,aot,37723305.676923074,gas-used mismatch for 0xd06f982eb63735856644e7c661cd03f215177525a37a1b22488230d34d3a1a26: expected 329240 found 95880
20834992,aot,51613001.18095238,
20833646,aot,44205028.175925925,
20831483,aot,30620452.970238097,
20835694,aot,35390461.26241135,
20833466,aot,37157185.38297872,
20830366,aot,38823361.12413793,
20831489,aot,55609465.6344086,
20833467,aot,37089356.876811594,
20833650,aot,33644738.60927153,
20835367,aot,55826494.97333334,gas-used mismatch for 0x16594919929484db6a69ef9629de4101c7fe0a24fd034f84c8f9c1ca91362549: expected 375464 found 95880
20833493,aot,48344207.72527473,gas-used mismatch for 0x854a76a51f928a6af77fa10d015923cc6f0f65a09e36975c686f3988b3670241: expected 344723 found 95892
20835665,aot,38674655.51428571,gas-used mismatch for 0x6633bf190eb18e0db08e5b1d2cd6f6493438963cee31af146d3dc8c9191dad30: expected 593617 found 95868
20835706,aot,51085709.32673267,
20833727,aot,55388254.08888889,gas-used mismatch for 0x2757e3806ffebf2b5c405440854173489610f4611cce61c5b4ef7f1b80c0f444: expected 266939 found 219649
20835097,aot,33488115.013513513,
20833214,aot,30467110.02222222,gas-used mismatch for 0x505c1cc62a1682b7dcdabb142b100006d76389938197d6ab90bc395808b91fb0: expected 782369 found 387683
20834949,aot,59371650.97777778,gas-used mismatch for 0x1034acfce4ebe09402fb5bfde8ba7225aeed0194c5c375f552a5622eb0f1715c: expected 230894 found 192839
20835700,aot,55505783.84375,gas-used mismatch for 0x94218f19299a465b0a0c33b167515d9b2238ec078c3165dd7c060c3d073105d8: expected 363968 found 95880
20831219,aot,43960338.47,
20835158,aot,57453582.94186047,
20835475,aot,19293866.68627451,
20835415,aot,45962449.02912621,
20834472,aot,37859134.64285714,
20835392,aot,43944526.6460177,gas-used mismatch for 0xe3152e3877056f4148c91846a4e65de99a4d1171348278186ea71c3b9eb918c1: expected 402123 found 95868
20835345,aot,42082732.46923077,
20834960,aot,37284640.32824428,
20831472,aot,35402046.47333334,
20835746,aot,67450690.43589744,
20833640,aot,40923987.096,
20835321,aot,33134212.175,
20830361,aot,39069430.56390978,
20833294,aot,30759617.847953215,
20834718,aot,46110940.03883495,gas-used mismatch for 0x4e28bdf1695ea5fd3b67f59495c030f2c1f11e429b9a8dc6af961e63e9b7fe40: expected 447268 found 95892
20835772,aot,65455102.72839506,
20833515,aot,39373889.218045115,
20834622,aot,48312259.083333336,
20831443,aot,38011074.376,gas-used mismatch for 0x55e3a5344064cc66acbb2b2c9b05589cbf083edf04f3945d0684a25194042ef7: expected 387151 found 267407
20833105,aot,35338781.266666666,
20832804,aot,43507625.766666666,
20835725,aot,23525800.432653062,
20835378,aot,29643843.086956523,
20830745,aot,26608647.076502733,
20833647,aot,38004503.53448276,
20835673,aot,58387313.722222224,
20831400,aot,33221467.520547945,
20835849,aot,69394612.57142857,
20835703,aot,36702359.428571425,
20831494,aot,29389665.96531792,
20833240,aot,39550373.8,
20833494,aot,50629396.847058825,
20831484,aot,52350659.49462365,
20835695,aot,40064492.56097561,
20830367,aot,33703725.81081081,
20832806,aot,30506907.391812865,
20834993,aot,61689980.52325582,
20831265,aot,42891558.04310345,
20831490,aot,38328763.71111111,
20833651,aot,33586104.241830066,gas-used mismatch for 0x76dc46eab3718d2737ea6f2641359fd83372567970791c3a47fad8f210ed82fa: expected 294849 found 238133
20835368,aot,32346265.877419356,
20835666,aot,48542035.466019414,
20835707,aot,41770050.675,
20833728,aot,34475045.91608392,
20833215,aot,36240863.97619048,
20835098,aot,43190334.90434783,
20835159,aot,32479731.59375,
20835701,aot,52215877.161290325,gas-used mismatch for 0xbcd59ad85e4618d7223ccb8d9cb0b6700b6f758d54fcc3dbb92498d03a44f57c: expected 843478 found 854001
20831220,aot,36624732.21428572,
20834950,aot,61292629.54320987,
20835476,aot,71101338.25714286,
20835416,aot,41118883.50833333,gas-used mismatch for 0xa80029c7c811260192c6df273a80a9091744b38f0ecd818055c84a9137df06fa: expected 363944 found 95856
20835393,aot,58970443.54216868,gas-used mismatch for 0xf8a4ee67f9c666fd6316438435d87c7e05da05c6e48fb50c49bd81e722ae5e26: expected 387584 found 95880
20834473,aot,64467986.346666664,gas-used mismatch for 0x5f27c49dd6285d6fe76597343aae2e0c23fe4726b28d565bd0a1e3e68c7f8e61: expected 252835 found 238182
20831473,aot,35119461.96183206,
20835346,aot,30873957.89759036,
20834961,aot,35052625.66896552,
20835747,aot,37713004.30827068,
20833641,aot,33104628.891891893,
20830362,aot,34759640.391608395,
20835322,aot,29778063.710227273,
20834719,aot,37977445.22900763,
20835773,aot,28225768.388888888,
20833516,aot,36927409.98529412,
20831444,aot,34587845.30136986,gas-used mismatch for 0x456d172d66085097f0cc4006c935d448cadacb74a85ef1a6ce02f6aa5c971e33: expected 204516 found 82074
20834623,aot,40268570.15079365,
20833295,aot,44496092.40833333,
20835704,aot,23633398.32631579,
20835850,aot,59633315.125,
20833106,aot,52508544.548387095,
20830746,aot,33422673.893333334,
20832805,aot,46144100.24074074,gas-used mismatch for 0x35427ae23334bf5f69b15c631b10b0f489fb98189c0c8249b32a311c3506b919: expected 362728 found 95868
20831401,aot,30330448.14457831,
20835379,aot,45593563.00900901,
20833648,aot,42172096.875,
20835674,aot,49998896.77227723,
20831485,aot,44184278.18518519,
20831495,aot,47553742.14851485,
20833495,aot,25309230.94,
20833241,aot,35470193.01369863,
20830368,aot,39337771.59504132,
20831266,aot,20910579.604166668,
20835696,aot,58268154.51111111,gas-used mismatch for 0x89f0d8e96335243a1c093342b08391f587a5be870687b3950bacec1dc3a5a9ec: expected 332530 found 95880
20835726,aot,80678302.09859155,gas-used mismatch for 0x4dca26281b783179032d156fab486cb27cb56486d3fb3f3771f68c959072b4e7: expected 350662 found 95880
20831491,aot,26823562.239361703,
20833652,aot,55764282.89534884,
20834994,aot,51865923.11,gas-used mismatch for 0xdb95898971844fb6f38f6fc56eaeaf4017feb0129489248c0960ecb7f95e7224: expected 1940833 found 1674929
20832807,aot,44809127.76724138,
20835369,aot,20679232.272727273,
20835667,aot,64712053.525,gas-used mismatch for 0xce8b9a657d8fdc9d23e168146150398f34cff9a6893441eb9c053cb31accc986: expected 1214861 found 1053477
20833216,aot,35148841.04285714,
20835099,aot,29422901.254545454,
20835708,aot,39048174.72794118,
20833729,aot,45195962.65,
20835702,aot,32266717.314102564,
20835160,aot,37969883.35507246,
20831221,aot,36141651.042553194,
20834951,aot,60127361.744186044,
20835477,aot,38928137.675,
20835417,aot,35692536.29007634,
20835394,aot,42889414.97272728,
20834474,aot,34579004.32191781,
20831474,aot,38940215.584745765,
20834962,aot,33683031.18881119,
20833642,aot,37608675.09375,
20835748,aot,43419876.99152543,
20835323,aot,16522926.43508772,
20835347,aot,74364995.0,
20830747,aot,30390499.810457516,gas-used mismatch for 0xe9c0ae0e7b5e24533527fca54b2e19d8cc88e81b4057e526063e9b1b5348e06d: expected 306998 found 95868
20834624,aot,37317092.703125,
20833653,aot,46526469.88181818,
20834720,aot,47948402.85714286,
20833517,aot,48015410.36190476,gas-used mismatch for 0xae43414e47a3db1d7aed4b74e95d3d909a6e5f7b0ba44ee7ea414d40df0e3fa3: expected 344749 found 98969
20835380,aot,35542021.31111111,
20835668,aot,29944557.457831327,
20831445,aot,31828237.35757576,
20835705,aot,71537820.69117647,
20833296,aot,46951857.345454544,
20835851,aot,59521169.072289154,
20833107,aot,37740180.86029412,
20831402,aot,34627482.66438356,
20835675,aot,33367349.826666668,
20831486,aot,31606523.93548387,
20833649,aot,39722361.66923077,
20835774,aot,75011596.23684211,
20831496,aot,49908668.72277228,
20833496,aot,52196370.84375,
20833242,aot,38218108.384615384,
20830369,aot,34091960.63513514,gas-used mismatch for 0x1eb4b50c17ee33c6174457b7a7981187f9cee13421807a519199f36fc5e5509a: expected 427985 found 95868
20831492,aot,31178002.337423313,gas-used mismatch for 0x4de2e3fb4e99b35a5b076ed5e957b60ac0494a814340be9ff799aba31d3c4652: expected 329240 found 95880
20835727,aot,39480455.734375,
20834995,aot,18835552.35447761,
20832808,aot,31879133.25,
20831267,aot,61585594.59259259,
20835788,aot,45995048.85585585,
20835697,aot,40837615.992592596,
20833140,aot,38400146.73282443,
20835370,aot,59089806.51764706,gas-used mismatch for 0xc2ceaa9e509a7f458f663c91ce3ea583cb5cf3ff09d151bf99ae0597c9f76a4d: expected 385268 found 95868
20835100,aot,40900236.125,gas-used mismatch for 0xe0abb8eea61fb18a98d0341ceaec166a192f25a0e59814697f22f078cd2c2183: expected 366043 found 306374
20833217,aot,45440550.018181816,
20833730,aot,13472385.323287671,
20835709,aot,37141470.270676695,
20831288,aot,40428653.875,
20831222,aot,29191484.099415205,
20835161,aot,42303441.72727273,
20834952,aot,40243917.11666667,
20835478,aot,39137455.38095238,
20835418,aot,55472525.505494505,
20835395,aot,38615119.02962963,
20834475,aot,22994100.739910316,
20831475,aot,36456920.90780142,
20834963,aot,20485685.008064516,
20835348,aot,31607244.633986928,
20833643,aot,49733513.231481485,
20830748,aot,32930582.06,gas-used mismatch for 0xb17c87dc331b0fad00cfb46f1de52d6210abb775366205b5cede7dc901db2235: expected 1209519 found 960940
20835749,aot,30089499.043243244,
20835775,aot,20318365.10096154,
20835324,aot,63050248.39506173,
20833654,aot,22025562.896103896,gas-used mismatch for 0x33889cf6f4d660a43f9afd9c65c87fbad52d8e3672f900c1bae6dacaf62529fa: expected 169057 found 92484
20835852,aot,38333765.93495935,gas-used mismatch for 0x90a4593e333304082b6dcb12ad5d8408e9d192c988137ec73e00dc58b0922cf5: expected 990133 found 939139
20834721,aot,36027792.02127659,
20833518,aot,32235120.846153848,
20831446,aot,32928222.834437087,
20834625,aot,60367173.04705882,
20835669,aot,21442664.379166666,
20831487,aot,30102043.57763975,
20831403,aot,33601709.21333333,
20834953,aot,46895296.69444445,
20835381,aot,42339247.2,
20833297,aot,53090348.864583336,
20833108,aot,42335986.95762712,gas-used mismatch for 0x912c9419d6e8cb7ae3a62b04cd21beb5682daea553f9621cd6cb1ed299602ddf: expected 522590 found 95868
20833497,aot,42408780.3963964,
20835676,aot,49685562.116504855,
20835712,aot,45854864.26956522,
20831497,aot,27998937.229508195,
20830370,aot,41763269.14655172,
20833243,aot,37172484.872180454,
20834996,aot,52918833.97674418,
20831493,aot,39199211.71875,
20832809,aot,22852262.28440367,
20835789,aot,41409835.0,gas-used mismatch for 0xf478a5117000a0fcd8e0553941bb920a6394648edd48c87e39fe1799478ee55c: expected 421654 found 95880
20831268,aot,38216031.26923077,
20835728,aot,45105256.008695655,
20833141,aot,26605156.91160221,
20835698,aot,17904800.639285713,
20835101,aot,27708445.795180723,
20835371,aot,43526209.13043478,gas-used mismatch for 0x1a33d49259a3633793d81eb643f0a49a2639bfd58ebec632e6eb9692514004bf: expected 391894 found 95868
20833218,aot,34960747.56428572,
20835710,aot,41473700.53968254,gas-used mismatch for 0xaff404bc02e2e32dfcc87fa825f7544a7059e8808fbdc637e311491e7436edb5: expected 397236 found 205236
20833731,aot,46681781.1,
20831289,aot,38949017.912,gas-used mismatch for 0xc6aaeaddaec920290bd1ca19cff3b4b39116a4e0e0ff026901cd480108d0a691: expected 262141 found 196417
20835162,aot,42830925.2037037,gas-used mismatch for 0x0a619cb9d1536945600608a44e7135b789c81b4ccf15ab927ba22c68aeac84e4: expected 110817 found 56972
20831223,aot,42080271.73275862,
20831276,aot,65125724.45333333,
20835419,aot,32669627.283783782,
20835479,aot,51321404.18518519,
20835396,aot,50931108.1368421,
20834476,aot,66069312.05128205,
20835729,aot,29374127.7,gas-used mismatch for 0x1a6150ad0bb03d4e9ee28904f023edc9f08999518065a5a51a95b4b405790963: expected 363968 found 95880
20834964,aot,62662154.927710846,gas-used mismatch for 0x51a8ba8aa23e9f7a00655c001e8896b72682ab71b5dddff314e8ba161e810c02: expected 490160 found 302070
20834722,aot,27168915.81875,
20835349,aot,38760549.76335878,
20835853,aot,21132887.604444444,gas-used mismatch for 0x0df35975b2d8ba865b661b44ede7e57969db2b9799f5f7261ccdb16ba38f34f8: expected 259096 found 242105
20830749,aot,31871043.59375,
20835015,aot,36983847.38297872,
20835776,aot,10649066.651260504,
20835325,aot,38625493.615384616,
20835750,aot,56631927.64444444,
20831447,aot,22825810.692307692,
20833519,aot,48839805.42718446,
20833257,aot,34033825.46666667,
20834626,aot,29776764.357954547,
20833109,aot,33503847.13245033,
20833298,aot,24392019.79047619,
20831404,aot,34065128.18543047,
20833655,aot,65325000.925925925,gas-used mismatch for 0xe9bd2c222a48d9270cf6596692ba14e117e88383a15d9eead192a20134d1f049: expected 500629 found 95880
20835670,aot,59504745.94318182,
20833498,aot,43993727.40869565,
20835382,aot,31955423.90797546,
20833244,aot,39755343.62809917,
20834954,aot,55540322.583333336,
20835713,aot,29025613.894444443,
20835677,aot,40800132.12307692,
20831498,aot,26273182.23902439,
20830371,aot,38094191.76428571,
20834997,aot,33697097.7739726,
20835790,aot,33722004.6013986,
20831241,aot,34826006.867132865,
20831499,aot,43989096.141666666,gas-used mismatch for 0x90b67a4ff7adaaa3f4420bc7504670cf509fc5ffee8d6b674c500aa0a0bd255a: expected 264067 found 215878
20835372,aot,44176504.265486725,gas-used mismatch for 0x6adfa0d872cfa33bb0f5877b85d3a45aa0d5f676be698b126f015d7465898f19: expected 392167 found 95892
20835699,aot,59864869.5060241,
20832810,aot,68830783.46153846,
20835102,aot,77535122.24242425,gas-used mismatch for 0x79f0c1a895d9414b6db37acfc1e50206ce8ed81a0ab68e0e4a951121aae398f0: expected 4930309 found 1582513
20831269,aot,18915834.045936394,
20833142,aot,52630321.32673267,
20833732,aot,45469108.07920792,
20835711,aot,55831744.94505495,gas-used mismatch for 0x281431b4c4254cee002fa71589b0f35fc2d55bec74ffc1737c97a747e7cf11a4: expected 345532 found 95880
20833219,aot,44348220.65873016,
20831290,aot,33866787.29801325,
20831224,aot,34137496.33108108,
20835163,aot,55614105.64210527,
20831277,aot,28182574.3125,
20835480,aot,28126768.10982659,
20835420,aot,33516382.58108108,
20835397,aot,14584.359486477579,
20834477,aot,43239494.14782609,
20835730,aot,41815497.33898305,
20834965,aot,43589522.76521739,
20835350,aot,39911258.15873016,gas-used mismatch for 0x77a99b45b75c10ddd2b74b04adb62a33b9635791e585b0325c0d3c5ad4b1daab: expected 437321 found 95880
20835854,aot,52680256.27368421,gas-used mismatch for 0xd43fea0ce61e1caac1d08421f98ad828bb8114c01891263f651f21d9147fb758: expected 366031 found 306362
20834723,aot,43040651.888,
20835384,aot,13438533.625954198,
20835016,aot,53106621.145833336,
20835326,aot,35249687.03546099,
20833520,aot,33541112.62162162,
20835777,aot,68426371.24657534,
20831448,aot,67997068.62666667,gas-used mismatch for 0xf134664c505a8ed4d8ff9065864eee9c96c4003587ee279d67aae2b096a2cd5c: expected 905020 found 974527
20835751,aot,44194214.539130434,
20834627,aot,32659830.794701986,
20833258,aot,29572478.351190478,
20831405,aot,29484319.111111112,
20833110,aot,43117823.50862069,
20835735,aot,50492202.645833336,
20833499,aot,40517862.232,
20833245,aot,34445894.33793104,
20833299,aot,51351126.89108911,
20834955,aot,34127445.37931035,
20835714,aot,7330018.913994169,gas-used mismatch for 0xe250f64fbf6e6d6d261478a65f496378d44a80f4f8e40afb890f1fd09707ff4d: expected 390125 found 237296
20835387,aot,41556642.53125,
20835383,aot,72917642.75,
20835678,aot,51504687.42,
20830372,aot,43901236.63478261,
20833503,aot,36040875.391608395,
20834998,aot,38422907.96240602,
20833163,aot,26400041.457142856,gas-used mismatch for 0xb9ee5b4c75434da53af20e88b94a01e8a22dec74a190ef12f0368a90e5e0b9f3: expected 213091 found 144540
20835103,aot,22940717.976303317,
20831242,aot,34558707.216216214,gas-used mismatch for 0x3b9b9c28c914030c02e5acaae9535413dc8155af6b9ee99912fa83c9048dd017: expected 389794 found 95916
20835401,aot,38383223.640625,
20835373,aot,49368183.51,
20835791,aot,44129554.327586204,
20832811,aot,36393988.04347826,
20831270,aot,51318540.69,
20833220,aot,33907565.25735294,
20833143,aot,43073810.905172415,
20833733,aot,36101952.60992908,
20835732,aot,49538299.510204084,
20831225,aot,55559877.061728396,
20831291,aot,67463146.10666667,
20835164,aot,27002160.666666668,gas-used mismatch for 0x78a6dc7156dd8e612efdb1fb599ae851998271478f2ba3e8319c9f4ec5758910: expected 266939 found 219649
20831278,aot,28463370.540983606,gas-used mismatch for 0x544ac77400f29b9c5c52e41dd92e53cc6f14ac2927d4f039303d5368fa57efd9: expected 247013 found 191409
20835421,aot,44959777.5862069,
20835481,aot,73445431.1923077,
20835398,aot,79967772.4923077,
20834478,aot,34943659.32258064,
20835731,aot,32686289.06962025,
20835855,aot,31498213.236024845,
20835385,aot,27198145.46961326,
20834966,aot,34583958.025,
20835351,aot,65045136.88888889,
20833521,aot,13545956.221333334,
20834724,aot,40186836.146153845,
20835327,aot,50020791.932038836,
20835778,aot,72491651.14285715,gas-used mismatch for 0xe20d3cff65722b22aba13519951b4e83bd4b4ed9511078f954227d790910a903: expected 282266 found 95940
20835388,aot,53860687.06410257,
20835017,aot,62827683.62650602,gas-used mismatch for 0x9e6a3628f145efe0131d3cb04a026440628e506cf3405d35bd0e828b87d6513c: expected 463014 found 95880
20834628,aot,38710089.6870229,
20833111,aot,37393370.294117644,
20831449,aot,47874886.08695652,
20835736,aot,35373843.27142857,
20833259,aot,45897684.017699115,
20833500,aot,34611460.08219178,
20833246,aot,27935773.422222223,
20835109,aot,27692631.79005525,
20833328,aot,52020440.38613861,
20835752,aot,49798571.55555555,
20833144,aot,41837528.8372093,
20833300,aot,35150154.12413793,
20835715,aot,78602309.81538461,gas-used mismatch for 0x9200df2c6c6eebbc4c0135e4113697f02e244ac327db33954170e5bc23582b7d: expected 363968 found 95880
20835716,aot,38775706.13076923,
20835679,aot,36217885.19565217,
20834999,aot,43194110.22123894,gas-used mismatch for 0xbb47c6641d5f17cc2d8ee8ea52e3fbf6ec4926b66470a2af3951873f1e1feb62: expected 447256 found 95880
20833504,aot,46350672.858490564,gas-used mismatch for 0x3d41336e8796537ae6f0f836aa1febe2dc802f6ff56debf73d64ac2e9b4270c7: expected 716887 found 171705
20830373,aot,32880108.03164557,
20831243,aot,40718799.40495868,gas-used mismatch for 0xc979a3d3048e0ad2b8e3f50c73ea730ab5e838bbdc56ecea9b19f502177d8298: expected 366043 found 306374
20835402,aot,14492386.097142857,
20833164,aot,40203288.79365079,
20835104,aot,35117044.65734266,
20831271,aot,49378553.7311828,
20835682,aot,52003922.0,
20833221,aot,33895557.957446806,
20835374,aot,45847475.845454544,
20835792,aot,38979801.984375,
20831226,aot,35837034.865079366,
20835733,aot,37566151.63076923,
20833734,aot,17697453.280528054,
20831292,aot,38158300.368,
20835165,aot,47671786.84158416,gas-used mismatch for 0xadeee92af33a766414425bd421a0ceddc0ee5c838fa35133e4d5fa7e54105afe: expected 587397 found 407991
20831279,aot,27051119.55135135,
20835482,aot,31548781.865248226,
20835422,aot,32882804.941935483,
20835399,aot,39908223.7398374,gas-used mismatch for 0xb3a3de182dab96004a294071931fbf9937908e9e92dbca4a5d0eb6ff780cc21d: expected 218922 found 144523
20834479,aot,36434532.25174825,
20835407,aot,41196936.25203252,
20835856,aot,53939857.55913979,
20834967,aot,36951409.84397163,
20835018,aot,26498129.452127658,
20834725,aot,35719004.83448276,
20834629,aot,53849864.87777778,
20833301,aot,34012541.419117644,
20835386,aot,71580547.21917808,
20835389,aot,37959548.71851852,
20833260,aot,43466440.81481481,
20835328,aot,40811378.265625,
20833329,aot,34154199.48571429,
20835779,aot,37630266.057142854,
20833112,aot,30967864.062111802,
20833522,aot,64458368.22891566,
20835352,aot,58723835.04301076,
20831450,aot,37097225.11764706,
20835737,aot,37764994.955882356,
20835110,aot,27756184.677595627,
20833145,aot,39430597.6328125,
20833501,aot,42879719.55,gas-used mismatch for 0xbe682d96eef8f25b6518b2ef7ecc3f621ed87d754fb1752c82a0188668a39f71: expected 279180 found 218787
20833247,aot,47282383.556603774,
20835753,aot,31166970.24848485,
20834488,aot,46334382.92035398,gas-used mismatch for 0x7951a78e4d87a5b607cc4dab316259a080679b668868936f1cfb92cdfdaba8b2: expected 813728 found 434134
20835717,aot,51581484.030612245,
20831244,aot,48268637.27722772,
20835680,aot,33555630.615384616,
20830374,aot,33198206.230769232,gas-used mismatch for 0xc370c04bdf8716ecb5fb9a9c0ab37c99df5dbda884b68b76c570a18224210c23: expected 252919 found 238266
20833165,aot,46514393.905660376,
20831272,aot,17071778.091525424,
20835000,aot,49748073.820754714,
20835105,aot,38325147.325925924,
20833505,aot,40958120.41984733,
20835403,aot,60380594.31764706,
20833222,aot,42300895.38333333,
20835683,aot,26646676.22885572,
20835375,aot,36653226.87142857,
20831227,aot,32685697.5125,
20835793,aot,41912501.601626016,
20833735,aot,50871115.633663364,gas-used mismatch for 0x7da43b832067b117e83e53a6e1dff24ac9edd0e9843f43158f53242ca9ef0924: expected 221866 found 82074
20835734,aot,40348096.65079365,
20831293,aot,33251371.673076924,
20835166,aot,32312900.68627451,
20831280,aot,50374634.469387755,gas-used mismatch for 0xbe39bbffa3178d8d3cfb687ff3d4999c12379df8e2810aac864a9b45217659fd: expected 322791 found 95868
20835483,aot,43128641.22857143,
20835423,aot,38603323.74380165,
20835400,aot,74479647.22857143,gas-used mismatch for 0xd920a54f27714c4519e0bc5755d92ab7d5133ef4d9df88d60b8435285014dde8: expected 818569 found 607081
20835408,aot,3122815.008026756,
20835857,aot,36348178.13533834,gas-used mismatch for 0xc9a67f5f00cd61fbf8d5dde0d6ec0374f00c5f7f91c1a003bf8e27b779f43d4c: expected 389440 found 95940
20834480,aot,50958517.19,gas-used mismatch for 0xe7d3fca9b1d8e4448385252b5c436e5fcc130eea165d18cbb256e45e2d2a5edd: expected 432439 found 226817
20835329,aot,31917015.124183007,gas-used mismatch for 0xe66530c3f97563db8e540596f3fcbf4232c9e97ac78936624b0292603571b46a: expected 360115 found 317114
20833261,aot,38202766.26190476,
20835019,aot,28271597.0,
20835738,aot,41267626.8046875,
20833113,aot,32525080.52317881,
20835780,aot,31254547.36708861,
20834726,aot,33162073.300653595,
20834781,aot,36555559.433823526,
20835331,aot,17497728.75085324,
20835353,aot,36057080.669117644,
20834630,aot,44907131.24778761,
20831451,aot,24829330.30348259,
20833502,aot,30204084.202531647,
20833330,aot,54040567.2688172,
20833302,aot,57705902.38372093,
20833523,aot,36937288.5035461,
20831300,aot,35301804.11347517,
20833248,aot,34760274.52413793,gas-used mismatch for 0xb195ffa4cd8330241e9a5dfd5ba763ee6f138454bcae1f7f96ca1dbcaa04e115: expected 328196 found 95868
20833146,aot,27325782.139784947,
20835111,aot,42193351.53719008,
20835754,aot,39482032.4765625,
20834494,aot,38958922.45528455,
20835410,aot,44404359.72815534,
20834489,aot,66616872.69736842,gas-used mismatch for 0x219a55ac3617a5508f9293c1d27768f71bff78b5edfc7b11aedc036a53517c0f: expected 392262 found 315246
20833506,aot,46255786.46315789,gas-used mismatch for 0x0f6073bad105476006628a54cbd35db4aa6eaa3248c8177619453daa4337eba7: expected 214576 found 144540
20833166,aot,25412181.538860105,
20831245,aot,39983692.103174604,
20835106,aot,26194968.216216218,
20835681,aot,42294766.3553719,
20831273,aot,47946040.92380952,gas-used mismatch for 0x0853efa31259067f9fbe8a8811f27ef20cea36d09b8d67fca2647d07e3776e3f: expected 1493869 found 207494
20835001,aot,24071222.804651164,
20835684,aot,34044071.234042555,
20833223,aot,33709925.50993378,
20835404,aot,53587094.9375,gas-used mismatch for 0x397774fc5a9eb3d34a780a4a43ea6f84873546af28d773d5d3b8bd14323abd8e: expected 765550 found 564119
20835376,aot,48146215.91262136,
20831228,aot,29795284.957575757,
20831294,aot,32904931.60283688,
20833736,aot,48285325.9009901,
20831229,aot,45100114.991304345,
20835794,aot,25723347.542857144,
20835167,aot,59460920.68604651,
20831281,aot,55932816.233333334,
20835484,aot,39948517.55555555,gas-used mismatch for 0x946b76e2c1b0dc5abbe898b569e4000196a69f3f89301ace5a20874a9e9281fa: expected 392262 found 315246
20835424,aot,56870060.24210526,gas-used mismatch for 0x178d48eec1a0f527c00aa6ffa78f17f1ec98902dbf6f8074fc017e3f6bafbbc8: expected 255368 found 240510
20835354,aot,28745606.35359116,
20835409,aot,62913488.469135806,
20834481,aot,36518136.580882356,gas-used mismatch for 0x367442c503584fb1ad07a54abab360e05c29a5829e44963a92994388cc8b9243: expected 230001 found 120872
20833262,aot,36369721.16528925,
20835858,aot,40620194.968,
20835020,aot,51273664.1978022,
20834782,aot,17345926.798561152,
20835330,aot,42907947.32173913,
20835739,aot,49185184.33663366,
20835781,aot,33478544.173333332,
20831452,aot,41038260.02542373,
20834727,aot,39826318.408,
20831301,aot,33500517.454545453,
20834631,aot,9950616.493177388,
20834828,aot,47457400.25471698,
20833114,aot,41022146.26984127,
20833524,aot,32030864.0397351,
20833249,aot,39718449.06666667,
20833331,aot,39313397.5952381,
20833147,aot,41335696.084745765,
20833116,aot,41706870.2601626,
20835755,aot,40271500.44166667,
20833303,aot,31873996.074534163,
20835112,aot,47364005.324074075,gas-used mismatch for 0xa5dc792e8b723be580b67af049d60583d14f13d38cd08bf5dcd290ed9824b213: expected 288968 found 203202
20834495,aot,41392347.04237288,
20831274,aot,33119667.69852941,
20834490,aot,38832688.31746032,
20835411,aot,49293744.67326733,gas-used mismatch for 0x94618051e937540d9bea4989841d3151c248788fd92bbd213cc7eacac35279fd: expected 425046 found 95868
20835685,aot,33426169.414814815,
20831246,aot,14015949.381766383,
20833507,aot,37365060.65925926,
20833167,aot,34819298.26896552,
20835332,aot,75946192.23943663,
20833115,aot,38134794.390625,
20835107,aot,49535996.989795916,
20835405,aot,30595382.873333335,gas-used mismatch for 0x619fe4a1a96facc1ceac0c9fa9dde0a252ab112f6d98726e8683afa3200e84d2: expected 322803 found 95880
20833224,aot,29137790.21637427,
20835002,aot,72002882.0,
20831253,aot,68996936.4109589,gas-used mismatch for 0x68d89a62236f974fa75a7fc471dad7c281fcb449cafe06e32950694861eecfac: expected 456256 found 95916
20831295,aot,31373663.557692308,
20835377,aot,46797955.895652175,gas-used mismatch for 0x8debcde2b80f67de5a05ec21ef5d29d26c400e21c1a027744ed35ab58fb4feed: expected 322728 found 95928
20833737,aot,28679608.460227273,
20831230,aot,39906070.4375,
20835795,aot,54065273.82417583,
20835168,aot,28661506.964285713,
20831282,aot,30944077.714285713,
20835425,aot,40804801.40740741,gas-used mismatch for 0xab4107aa6d28a907038f0f1ac7ad50325716f074762f38d6d5d122a9dcadb139: expected 192011 found 81726
20835485,aot,38065628.71428572,
20835355,aot,57078629.13953488,gas-used mismatch for 0xd5243725be9ef74e657dab174f1ff2922bac29828c30cfbcb2c065dd290f25ab: expected 1427970 found 1352237
20835859,aot,44390064.73873874,
20834482,aot,28291647.545945946,
20833263,aot,29673527.84,
20833538,aot,66859733.3125,
20834783,aot,24516613.71904762,
20835021,aot,34599020.95945946,
20835800,aot,35768496.944055945,
20835782,aot,17458660.3161512,
20834728,aot,28984971.26011561,
20833151,aot,34421787.32679739,
20833250,aot,38729548.18461538,
20833332,aot,44648462.840707965,
20831302,aot,54883371.46315789,
20834829,aot,46471792.84955752,gas-used mismatch for 0x2265611265f9ebfa3d96c7d339c52e3b2de1d24555410fa7f0dc16f856af6be0: expected 368925 found 99005
20833148,aot,26933584.554404143,
20835740,aot,42178938.13846154,
20834632,aot,76773030.87878788,
20833525,aot,35961060.533783786,
20835756,aot,40737793.38095238,
20833175,aot,65432054.525641024,
20834491,aot,45823643.28181818,
20834496,aot,35393738.533783786,
20831275,aot,27083182.67357513,
20835113,aot,43703564.736,
20835412,aot,33857934.8516129,
20833117,aot,34194651.21212121,
20833304,aot,63763213.91764706,
20833508,aot,34494340.89726027,
20835686,aot,37732878.89130435,
20831247,aot,76300081.44615385,gas-used mismatch for 0xc8a9c40f687a2cb3f052b75a96558dff03833738719c7dcfa5c097abb1c80f5c: expected 200953 found 81726
20833251,aot,30948192.272727273,
20833225,aot,39776113.415929206,
20835333,aot,24737183.755868543,
20833168,aot,31390340.84117647,
20835406,aot,42472565.53719008,gas-used mismatch for 0x5deda9b2f8ae49284536eac561a91b28bd3f4b57cc6b32ce9dbbf4ed418cc1e8: expected 587414 found 346236
20835108,aot,40307304.2734375,
20831285,aot,34237042.58695652,
20835003,aot,69739138.79452054,
20831254,aot,45560582.88495575,
20831231,aot,28311046.095238097,
20831296,aot,57538673.96703297,
20833738,aot,47729142.58252427,
20835796,aot,43399233.93913043,gas-used mismatch for 0xc89c69c95d93336987784b95611c4974340cd593040d3d019297c371e717fedd: expected 400540 found 95868
20835169,aot,57982099.83529412,
20831283,aot,29298071.224242423,
20835426,aot,23062635.060185187,
20835486,aot,38305124.8699187,
20835356,aot,44709970.127272725,
20833509,aot,44749447.04918033,
20834483,aot,46617643.018518515,
20833264,aot,40856807.45454545,
20835860,aot,37727245.19565217,
20833539,aot,40401723.355932206,
20835022,aot,36678227.63703704,
20835801,aot,43642298.80909091,
20834729,aot,26282523.583783783,
20834784,aot,62891808.20512821,
20835783,aot,72507369.57575758,gas-used mismatch for 0x69ebc6a9ade4c7cd2169bedca77a7d6f6b2f831838d4cd6e76fdee3670632dc5: expected 407232 found 226841
20831303,aot,33877321.46099291,gas-used mismatch for 0xef6a172333d392cac97efcfc7f224be1e808d00c81ca933f9b790167f2ca84e5: expected 266939 found 219649
20833254,aot,33849944.89655172,gas-used mismatch for 0x86a0ee28e54f0900ed5c14ba4c0560178fd53304e7b426d136eff679813dd05f: expected 236693 found 107974
20834830,aot,45115921.11320755,
20833152,aot,41909249.733333334,
20833333,aot,42140612.208333336,
20833149,aot,54333112.43956044,
20833526,aot,41085784.861788616,gas-used mismatch for 0x462729f48ac27868d8c3c635765e2731169d6afdbdfe08ef498ef4e32a037081: expected 341868 found 238387
20835757,aot,31465915.59375,
20833176,aot,38893348.2578125,
20834497,aot,14236576.102639297,
20835038,aot,65193315.34210526,
20834633,aot,39765386.3515625,
20834492,aot,36647300.14074074,
20833150,aot,34311284.83916084,
20831259,aot,33823451.39310345,
20835114,aot,33445780.01986755,
20833305,aot,21447632.08583691,
20833252,aot,31664788.8807947,
20833532,aot,44689256.04854369,
20831284,aot,31534838.555555556,gas-used mismatch for 0x7308efd3aa55029440002c31662926677309f3f3eab74980687080e9522e8e9d: expected 366019 found 306350
20833118,aot,37407766.7368421,
20831248,aot,35362984.83687943,
20833226,aot,33794873.51351351,
20835687,aot,38251727.37777778,
20833169,aot,36035494.36764706,
20835334,aot,53862448.989247315,
20834804,aot,34541480.821192056,
20831286,aot,38911237.45384616,
20831255,aot,30012582.17261905,
20835004,aot,31309888.206060607,
20835797,aot,38977711.038461536,gas-used mismatch for 0xd8626f486f8c8285ffcc15844cb523b60013859ed18d3d0664c3dd1c9d6eb02f: expected 1815961 found 1691465
20831232,aot,35667637.58041958,
20831297,aot,48266906.28703704,
20833739,aot,41772263.672,
20835170,aot,44467354.11666667,
20835427,aot,73551404.15714286,gas-used mismatch for 0x9414a982f205d0d9e5bf41b6c087e7d2e0e56db704c6da7e34dfa8dc79013b1c: expected 363968 found 95880
20835487,aot,52676004.989795916,
20835357,aot,28746501.77840909,
20833510,aot,33576400.44,
20833540,aot,31504307.960784312,gas-used mismatch for 0xc1f551d43f4108cbdc8816c44e60eb66fa0921bf865c328d5927e5b043ca0f20: expected 369475 found 95868
20833265,aot,40921266.38333333,
20834484,aot,31904065.202531647,
20834831,aot,39031455.94444445,
20835861,aot,47962376.04950495,
20835784,aot,32743070.93243243,gas-used mismatch for 0x856fed474667f7ba78004474eb2bccf64b72ebc8200a4656465de87e105e7dac: expected 441696 found 95880
20834785,aot,17274652.04895105,
20835802,aot,36785449.073529415,
20835023,aot,52216088.447916664,gas-used mismatch for 0x49b51c62028a6f08789cb18f92a8f431c27fd0a831ea9c704813d3e70e845e25: expected 1831809 found 1218426
20831304,aot,42079037.81896552,
20833527,aot,47862828.75789474,
20834730,aot,64644639.42666667,
20834498,aot,59772337.26923077,
20833334,aot,15255498.137195121,
20833255,aot,45683225.63809524,
20833177,aot,41095381.69491526,
20835758,aot,38546150.078125,
20835115,aot,50117732.08888889,gas-used mismatch for 0xf6f0ce377bca81f893776d2299ef721271205ff51db3a7ab8fe891c7a8689145: expected 324098 found 95868
20835050,aot,47217782.39047619,
20833153,aot,35285299.33561644,
20833529,aot,35988060.78518519,
20834634,aot,52365785.17894737,
20831260,aot,52025758.23655914,
20835039,aot,35525157.4964539,
20833253,aot,42219255.699115045,
20833119,aot,40333911.87288135,
20834493,aot,36132103.24137931,
20833227,aot,14119888.002915451,
20833533,aot,27320410.032258064,gas-used mismatch for 0xb0bb1e67cac21432c4cbd024f626a0f10500e7ffebec1307c8b519f49b18e3a3: expected 354166 found 95940
20833170,aot,26286504.36170213,
20835688,aot,37318105.74637681,
20831249,aot,30360352.95238095,
20835203,aot,46965956.12264151,gas-used mismatch for 0xc693fe45eced483f020fb0c1295ed9f75eab415eb0b475063c2582e3bf2b1599: expected 250924 found 196669
20833306,aot,70831629.22535211,
20835335,aot,28847457.87283237,
20834805,aot,54361899.87912088,
20831287,aot,37271010.566176474,
20835798,aot,33953704.38095238,
20831256,aot,35901860.75714286,
20835005,aot,31845812.1986755,
20831233,aot,36054872.308823526,
20831298,aot,14241418.17094017,
20833740,aot,23353029.943127964,
20835171,aot,39573801.488,
20835428,aot,49319584.40952381,gas-used mismatch for 0x268cc5eb7991e846e0f1d39a4fd74edab42634e3916ea0fa5ff442eec72e90c9: expected 262888 found 245597
20835488,aot,32866462.367741935,
20835358,aot,46719394.09009009,
20833541,aot,29568476.795180723,
20833266,aot,52151375.94,
20834832,aot,38378516.54135338,
20834485,aot,35011907.32258064,gas-used mismatch for 0x637a92a6e7d4531a178c40b1fe9a95747b7f24bcfd8d122737d0753762f686f6: expected 213134 found 144528
20835862,aot,38081531.29710145,gas-used mismatch for 0xd04f81b9c5a2f9f8de47078abd11f56cb11d3e701e4b1d060f7b70308fe73a3b: expected 383615 found 209411
20835024,aot,14072411.625344353,
20835803,aot,44619533.069565214,gas-used mismatch for 0x5d69f90be371b113538cfb947659dfd0fd808ca97652810b3335971952696ca7: expected 487494 found 95868
20835785,aot,36254064.71232877,gas-used mismatch for 0x964e4429691ad920910e5cea7aa7f5cabc25ca06f5cb9a222fd60f04485286bc: expected 370376 found 95880
20833511,aot,60456445.6344086,
20831305,aot,74935703.02941176,
20834731,aot,8098800.12044374,
20834786,aot,45214939.18103448,
20833528,aot,60953802.54117647,
20835116,aot,39161970.34920635,
20833178,aot,10173318.280392157,
20833154,aot,51910323.04301076,
20835759,aot,33108497.032258064,
20833256,aot,34187435.431372546,gas-used mismatch for 0x0d9c5f0ddc34cf89290879cff4c309472754920732af5c7d4391f0bd9d57f5e1: expected 681395 found 288027
20833534,aot,39070999.97520661,gas-used mismatch for 0xec61d4b3018524db5101e7a3496cbcfce1e6c13c82859152c90c67cfe805ac45: expected 266963 found 219673
20833530,aot,36809885.80434783,
20833335,aot,30960446.935294118,
20834499,aot,42621722.65384615,
20835040,aot,38326918.7518797,gas-used mismatch for 0x9bd552679073f8f41d1619e4f098caec0426024dce080e00451787fbc6b6f6aa: expected 287899 found 95892
20835051,aot,36177416.806666665,
20833172,aot,37567401.823529415,
20833228,aot,49294520.96039604,
20833120,aot,43191052.266666666,
20834635,aot,38728873.48550725,
20831261,aot,41562034.389312975,
20835689,aot,39849537.0,
20831250,aot,45336365.1,
20833171,aot,35247685.36986301,
20835204,aot,38942946.145038165,
20833307,aot,32744510.587096773,
20833269,aot,42616889.48648649,
20834806,aot,38429374.9296875,
20833550,aot,50030918.09565217,gas-used mismatch for 0x6a9dc690bf63fca624211ad01eb0c541570e1e0bc3463a333de4dd534707124b: expected 1420240 found 213023
20835336,aot,46365501.265486725,
20831257,aot,52089087.70526316,
20833741,aot,64707089.45205479,gas-used mismatch for 0x385194335fa9cf7243a09bf159f3efda59f2d5ca0de16e848e50abaf1e57e991: expected 629787 found 392900
20835799,aot,37918984.437037036,
20831234,aot,29272030.96531792,
20835006,aot,64178362.7,
20831299,aot,49119530.137931034,
20835172,aot,27870026.6,
20835429,aot,29100049.333333332,
20835489,aot,35031298.566433564,
20835359,aot,21242401.495762713,
20835863,aot,17919467.635294117,
20833542,aot,24355162.87962963,
20834833,aot,22839612.518348623,
20834486,aot,39338683.484126985,gas-used mismatch for 0x01cdf222ad07139e25d8a393e5e7d9270b8b683596b88e63701ba04fd9d308c3: expected 349630 found 95880
20833267,aot,29097773.29239766,
20835786,aot,47711817.62376238,gas-used mismatch for 0x44376f12ab4eb910de3441c1888785043a6f7e56d56c13d2dafc57ee2de9083c: expected 363968 found 95880
20831306,aot,15284963.354632588,
20835804,aot,30367933.295180723,
20833512,aot,30992722.300613496,
20835025,aot,70599714.12857144,
20835760,aot,19036586.17254902,
20834734,aot,35931423.36879433,
20834787,aot,37393920.6,
20835117,aot,28860934.61797753,
20833535,aot,42781067.594827585,gas-used mismatch for 0x972ac02c49e52dd61dd4cb8b7e24c8eb561cdc810175a9c1ff6d77d5e38538f9: expected 205691 found 81738
20833155,aot,52639881.083333336,
20834732,aot,85936600.53333333,
20833179,aot,48889665.237623766,
20833744,aot,53368764.67368421,
20833531,aot,37599917.64705882,
20833173,aot,23114181.055045873,
20835690,aot,36159473.78625954,
20835052,aot,45985536.216216214,
20831309,aot,25079840.27014218,
20831262,aot,46858922.81904762,
20833229,aot,32455250.64375,
20835041,aot,35695117.8013245,
20834636,aot,40497017.515625,
20833121,aot,49028687.2735849,
20833308,aot,15555821.678125,
20835337,aot,49954569.677777775,gas-used mismatch for 0x810068e8baee7e6a081d4ca8e8b12904797ebee7de6d4805c7bd430682639768: expected 361675 found 193743
20831251,aot,45964543.39814815,
20833336,aot,71128208.42666666,
20833181,aot,44975871.973913044,
20835205,aot,16590117.128125,
20833270,aot,37503510.79285714,
20831258,aot,32186968.56862745,
20833742,aot,39158144.448,gas-used mismatch for 0x0704d3e62c3f26a07c612f93526f71d654fbd171314ab48735ce0c221dfb839c: expected 494253 found 95880
20834807,aot,33054667.4601227,
20835007,aot,35469759.47794118,
20833316,aot,31286275.316770185,
20831235,aot,34596737.0945946,gas-used mismatch for 0x02e8bc9b6c02346043c797dcc2ec00408e1b808d923e2d1a706443c86ab262a7: expected 200966 found 81750
20833551,aot,42503578.912,
20833128,aot,26173198.956756756,
20835173,aot,37799862.6013986,
20835430,aot,17359153.484641638,
20835490,aot,40693355.362068966,
20835864,aot,59715607.13333333,
20835360,aot,62363510.1125,
20834487,aot,15330361.520900322,
20835787,aot,18537473.996153846,
20833268,aot,29649539.830303032,
20833543,aot,68622144.47142857,
20833513,aot,26922972.73480663,
20831307,aot,63701569.315789476,
20835805,aot,41260273.88983051,
20835026,aot,42832098.57522124,
20834834,aot,65856833.34210526,
20834788,aot,45461779.554455444,
20834735,aot,33250118.848275863,
20833536,aot,34765396.45390071,
20833156,aot,22981715.981042653,
20835338,aot,30255260.81884058,
20833174,aot,14327224.117117116,
20835118,aot,23087463.454545453,
20833745,aot,31275292.083333332,
20835906,aot,39175263.487804875,gas-used mismatch for 0x2d33bd001ed1b7393bf4f04401fd49793050fa1af87cc4c34a6689f352f46bbf: expected 371863 found 99005
20831263,aot,31325862.326666668,
20834733,aot,57686785.48863637,gas-used mismatch for 0x4aeccf1eb0eb32e925d3dabf86fae2affff9d4d4f5f2d6a6b9bbfdc5f367858b: expected 437469 found 95892
20833180,aot,35548504.04195804,
20835761,aot,70215230.7887324,
20835691,aot,52871511.51612903,
20831310,aot,36340742.507246375,
20835053,aot,46987653.666666664,
20833230,aot,44090089.3539823,
20833182,aot,39839451.9338843,
20831252,aot,14894966.23235294,
20833337,aot,31927803.593548387,
20833309,aot,53344773.161290325,
20833122,aot,48936936.25242718,
20834637,aot,36596102.64137931,
20835042,aot,55932112.48387097,
20835008,aot,47649116.233333334,
20833271,aot,29091159.53529412,
20833317,aot,48483977.1632653,gas-used mismatch for 0x23b4a7c52a00228907500db362c0b1ca9948572233147197f1d695828cfc1880: expected 368901 found 98981
20834808,aot,51323658.63,
20835206,aot,59320941.75294118,
20833157,aot,39980629.37692308,
20833552,aot,41733676.04237288,
20833743,aot,42740953.88,
20831236,aot,41405660.223076925,
20833129,aot,52241983.448979594,
20835174,aot,7684.028583213997,
20835491,aot,30404335.590361446,
20835431,aot,72968861.73529412,gas-used mismatch for 0x908d337d324a68678400776a5f976257790ed77a2dda48f5a15ec08b8dfdf70d: expected 379172 found 134270
20835361,aot,42883602.06896552,
20835865,aot,48515735.08181818,gas-used mismatch for 0xa2ae015fda62f2ef4fbfc3864a9838df86da2647ba594469868dd68533345ccb: expected 393474 found 214829
20835009,aot,38200530.389312975,
20833544,aot,34071056.61589404,
20831264,aot,61733670.41975309,
20834835,aot,14498440.511904761,
20835806,aot,42886604.175,gas-used mismatch for 0x4f60eb93f2567573da68ee8042ea33c4846d21e8ad12264f2d3fcc9be5d665ec: expected 360151 found 317150
20833160,aot,44383697.686956525,
20831308,aot,41409835.56,
20833514,aot,73181326.49295774,gas-used mismatch for 0x41d67a9705938f067388b952f89a7c35a7961b575fd955b4f025c77e7a3809f9: expected 369033 found 95940
20834736,aot,37379003.52205882,gas-used mismatch for 0x1f2f86acfbbb2d35cbead48ae06d49ba5865f6a73b84e4b4d3d69d53d5208c41: expected 711768 found 432421
20834638,aot,24328791.699481864,
20833537,aot,17428569.93220339,
20834789,aot,29539880.72972973,
20835531,aot,41448729.95867769,
20833746,aot,12779429.756410256,
20835953,aot,44225939.432432435,
20835027,aot,58286736.54081633,
20835762,aot,43458951.53636364,gas-used mismatch for 0xb483e3789958a3ae739f6d2774c56da1429b2b92701075b97712352bcfa54b7f: expected 196272 found 81738
20835339,aot,50671941.893203884,
20835907,aot,51646593.21,
20833556,aot,36823229.37857143,
20835692,aot,32595855.55483871,
20833183,aot,31394797.165562913,
20835119,aot,54819025.38,
20835056,aot,34458767.68987342,
20831311,aot,35490160.365517244,
20835043,aot,40574416.04424779,
20835044,aot,40376449.46666667,
20833338,aot,52187814.41935484,
20833134,aot,39158428.48760331,
20835054,aot,36884655.45390071,
20833231,aot,28330914.58918919,
20833310,aot,40259084.488,
20833123,aot,42983449.04237288,
20833161,aot,29550847.03468208,gas-used mismatch for 0x114572e7908a6e232c04c299cacef67011cbe31cb8d6094f31032d2d7b309659: expected 307010 found 95880
20834809,aot,41239041.82608695,
20833272,aot,45346853.8,
20833318,aot,33367276.34,
20835207,aot,43639610.22123894,
20833553,aot,37124572.66165414,
20833158,aot,33525918.566666666,
20833554,aot,40372109.172413796,
20831237,aot,9066971.109540636,
20833130,aot,36198044.93984962,
20835175,aot,59510832.12048193,
20835492,aot,44629800.52040816,
20835432,aot,36549501.54285714,
20835866,aot,21344856.584415585,
20835010,aot,42709721.74774775,
20833545,aot,30936359.080745343,
20835362,aot,56963187.55913979,
20835807,aot,33306257.84931507,
20834836,aot,55611374.822222225,gas-used mismatch for 0xb85aa7fdad1282ea1dbca50a4ac31eacd3f054fa7de7f1d6aabddd223293a787: expected 223599 found 144559
20834639,aot,53878874.63333333,
20833184,aot,36043028.01481482,
20833547,aot,32780052.6,
20833747,aot,58679677.56818182,
20835055,aot,17966817.93639576,
20834737,aot,40101852.76190476,
20835434,aot,46555800.60185185,gas-used mismatch for 0xda4ba2805473c67be633a17e863524175235f37f23584bcb440c6b81fe78f9c4: expected 370470 found 208619
20835532,aot,37893138.28571428,gas-used mismatch for 0xd7a243bc478f24984548f4ef72c6b4aeef75300b9fcc755430f0e61f913bde22: expected 589663 found 368815
20834790,aot,40103890.752,
20835120,aot,27377770.030674845,
20835763,aot,52583517.48888889,gas-used mismatch for 0xba517f80e1c2cebdb458963804572c23b0b50d94bf0f0fb0acda7f745d90afe1: expected 1269266 found 1038401
20835340,aot,33309308.965753425,
20835028,aot,44830412.54545455,
20834792,aot,43235115.1,
20833557,aot,45306656.876190476,
20835693,aot,31863583.52317881,gas-used mismatch for 0x96e46d11f27e149531b5b8cd1f6b1dd9c1083b090d4366b41e54c95c3189bcc4: expected 312140 found 95880
20835954,aot,41227721.166666664,
20835908,aot,38606532.1796875,
20835045,aot,28810555.01754386,
20833232,aot,35330568.125,
20835809,aot,55371143.296703294,
20833546,aot,39281117.52173913,gas-used mismatch for 0x605879c58e8a8f738b08c630af8a88cd04ed6567a4e3d9b26c69471629a382cb: expected 386599 found 95892
20833185,aot,35693878.64189189,
20833339,aot,43234427.66942149,
20833313,aot,38238011.47058824,
20833162,aot,29285003.154761903,
20833311,aot,46226976.13513514,
20835057,aot,80848675.1076923,
20833135,aot,49851010.21359223,
20834810,aot,40501027.96031746,
20835012,aot,38542550.495934956,
20833319,aot,27636804.043715846,
20833124,aot,38496709.907142855,
20833273,aot,31807762.296969697,
20833159,aot,30035266.24117647,
20833555,aot,34795264.12837838,gas-used mismatch for 0x6ba718629d7e8ffc545d0f40f177dab875aba76c649c60782d9a09a1b0467133: expected 1378294 found 403891
20835208,aot,45918976.88983051,
20833131,aot,34507938.48630137,
20831238,aot,58179575.60227273,
20835176,aot,45103859.9826087,
20835493,aot,37807785.4,
20835433,aot,44794370.10810811,
20835867,aot,26267162.762162164,
20835363,aot,33703683.09022556,
20835011,aot,34184822.166666664,
20835808,aot,20793838.225108225,
20835132,aot,34200680.80689655,
20835810,aot,54897277.527472526,gas-used mismatch for 0x4220236829e3aa879321710d5160f6587693614a11088ffd934624ebaa1b5cb4: expected 206867 found 174969
20833548,aot,50938073.979166664,gas-used mismatch for 0xcd6f40c2d2d76b1fe4b00370cfc51f9e8e18f2526fbf2b83d7352b434c92ebe7: expected 715306 found 338690
20834837,aot,65390126.85897436,gas-used mismatch for 0xd7c1b52d9cb90ede432f8be8d3e6d7406eb26c7d7a8e93b688dca87e5e26d416: expected 576972 found 346236
20833748,aot,22712258.47685185,
20835144,aot,64726951.315789476,
20834738,aot,32814799.213333335,
20835059,aot,42024657.862068966,
20835121,aot,24725893.552238807,
20834791,aot,31231145.52173913,gas-used mismatch for 0xa38198901f9953bf98eb03448ea94acb85536f44b71ba84014781ea70499fdc2: expected 266675 found 238355
20833558,aot,28308871.55357143,
20835533,aot,13124527.163682865,
20835435,aot,40242144.936,
20835029,aot,27016123.795698926,
20833137,aot,42197244.23275862,
20835341,aot,43419949.50413223,gas-used mismatch for 0xa947dbdcbdc264fbb54c53941cd4fcf1fa7af3109e5ec8892bf0be507c12bb8d: expected 1058976 found 884255
20835764,aot,50026318.33009709,
20834793,aot,43116137.61016949,
20835955,aot,34030989.08783784,
20835909,aot,36800791.35555556,
20833186,aot,40711151.67826087,
20833312,aot,40040796.62809917,
20834851,aot,42296170.426086955,
20835046,aot,38823266.63703704,
20833340,aot,32024670.666666668,
20833314,aot,31626534.16455696,
20833136,aot,27944096.801104974,
20833132,aot,49404125.38,
20833233,aot,36044525.52317881,gas-used mismatch for 0xe9e3f9e7199f196145c49c2c449c5e817e16002811213574dd3ff8e0506a90a1: expected 685797 found 357557
20834811,aot,31534976.357615896,
20835013,aot,56812219.525,
20835058,aot,35119852.97931034,
20835976,aot,35643643.60992908,
20833320,aot,17867817.122377623,
20835436,aot,41032633.644067794,
20833138,aot,34587369.986013986,
20833125,aot,52626954.927083336,
20833274,aot,33531003.908496734,
20835209,aot,22042906.74883721,gas-used mismatch for 0xeee97994c5f8d767ebc00d7f8fc7391d2a56b85933eba0a6381b432b5ed3141d: expected 255320 found 240462
20831239,aot,53924820.53488372,
20835032,aot,47611908.04950495,
20835177,aot,28530718.76875,
20835494,aot,30961258.13664596,
20834816,aot,48296344.74528302,
20835364,aot,52122163.12,
20834863,aot,64833483.78205128,
20835868,aot,53103409.07920792,
20833322,aot,42019499.317073174,
20835133,aot,27843445.425531916,
20833549,aot,39361311.781954885,gas-used mismatch for 0xed9afc868427c66c68f12028212056c9bea7fb66552fa63578d611158bfacada: expected 391685 found 95880
20834838,aot,37501021.48529412,
20835145,aot,43517487.45217391,
20835811,aot,37749798.43448276,
20833749,aot,61232814.61445783,
20835122,aot,61588452.5,gas-used mismatch for 0x437e907a5f039d4a2cefc44fc587c9ecac412a6f4c21823344b119070a23fa19: expected 726174 found 322018
20834739,aot,64779554.756410256,
20833559,aot,55219309.703296706,gas-used mismatch for 0xd1b4d71af989db05ec7ed6d5c00067fda19afbdaf3035a40a368a1fc86fd63ab: expected 789351 found 528767
20835929,aot,32649697.544303797,
20835342,aot,40576479.45,gas-used mismatch for 0x0fdb99926a849f88dc2a790790a6c10c5189f5fc028f43fa34cdea8114c31da6: expected 943826 found 362052
20835060,aot,37884223.02797203,gas-used mismatch for 0x9e7c10b194dc7da740199e3bb9cee9f5c5be53e5dca197dd6b2e2eb0e5b76e7c: expected 689777 found 567563
20835179,aot,55037064.15789474,gas-used mismatch for 0x00c2cb0b7ee8a0e04ffcc3d877d1c82f7cf337082c0982b181d8bebcee7c9fc2: expected 380713 found 95880
20835534,aot,60501515.894117646,gas-used mismatch for 0x68260947fc7c3051392085e8053c254023cc7d06e4e853ff8b1b6a2481bca503: expected 467186 found 263454
20833315,aot,41675416.276923075,
20835030,aot,44810115.20689655,
20835178,aot,20463374.373076923,
20834794,aot,36104130.44520548,
20835910,aot,21991101.37394958,
20835956,aot,32383144.16374269,gas-used mismatch for 0x0940313cacdc3beca3d52a56f433c50087d82906e409d2cdac4f5666254da66e: expected 330131 found 95892
20835882,aot,35971111.10344828,gas-used mismatch for 0x16f2ed8448d98082082f711921c8d0188ee4eac1e9bb9971ad88439bd1765214: expected 876571 found 670491
20833133,aot,22531151.605504587,
20834852,aot,52410436.90625,
20835047,aot,30204954.03508772,
20833341,aot,30061695.2,
20835964,aot,50724200.58947369,
20835014,aot,30874906.29113924,
20835977,aot,61008598.30120482,gas-used mismatch for 0x003e8d0ec81ae2462d4e3b0ae5dd172da0a0d297282b45b2e7ae85444c725045: expected 883425 found 946834
20835226,aot,61003905.240963854,
20834869,aot,47035926.70909091,
20833560,aot,59921420.692307696,
20834812,aot,51650796.79,
20833139,aot,43589634.40909091,
20835210,aot,50305598.24210526,
20835138,aot,46413547.9,gas-used mismatch for 0xd4de3223ee502ec11dc667c0ea62232b8d5be71aca32adfbfebc3af460f8d6a3: expected 201108 found 81738
20833321,aot,63007221.166666664,
20833126,aot,41183657.375,
20833275,aot,34566659.85517241,
20835135,aot,44198726.36440678,
20835033,aot,44952121.87755102,
20831240,aot,52053355.30107527,
20835214,aot,50045333.0990099,
20835495,aot,47702094.554455444,gas-used mismatch for 0x13b5748b082f00edafc78ee7fd599d950f2c37a59e57bf1c8f896a51beae2311: expected 1049972 found 714918
20834817,aot,43011081.44444445,
20835365,aot,29992197.689873416,
20834864,aot,29045416.072289158,
20835869,aot,41359780.80869565,
20833323,aot,39203252.952380955,
20835134,aot,44585697.831858404,
20835035,aot,39153078.333333336,
20834839,aot,42031468.25423729,
20835146,aot,46183753.04716981,
20835031,aot,40574267.56198347,
20834845,aot,35258585.16083916,
20835123,aot,38279489.67938931,
20834740,aot,36649195.36231884,
20835894,aot,51013964.604166664,
20835180,aot,32838760.026666667,gas-used mismatch for 0x6e8cba7cc8ede728330511d59882fac2e827423c0754733f230cc348f260f631: expected 577461 found 383560
20835970,aot,69045448.42253521,gas-used mismatch for 0xc535a22d7803bcd677a6a8cc327c831cd53988ba068aa3783b7a15b3d96b4bdc: expected 392492 found 95880
20835973,aot,35436967.60714286,
20835930,aot,50845861.43564356,
20834813,aot,36612461.48550725,gas-used mismatch for 0xf275d77a8beb1176a336c91c461c54137974eea4a800051ac6e5090c73c94601: expected 324086 found 95856
20835535,aot,48819241.78095238,gas-used mismatch for 0x282de22470d64c197f8fd009ac1c264769c9558ca36c7f64a551c12c061762de: expected 366031 found 306362
20834795,aot,34668249.31724138,gas-used mismatch for 0x880cf82066dc7700dcc2c8e1bdf0e08d92a339a7048d678789476ed4e017b033: expected 189087 found 81786
20835061,aot,40693876.93846154,
20834842,aot,41480298.99186992,
20835957,aot,50331347.89795918,
20835911,aot,34694050.72185431,
20834840,aot,29098554.49404762,gas-used mismatch for 0x519d127fad5564dac58972af1d4dfc556a69ddbdd53cffdbdb6184f24a9a8e54: expected 208453 found 144540
20835965,aot,34166328.76,
20835941,aot,45109152.42718446,gas-used mismatch for 0xb340feec684ac5bf375c246352d15d36f6367fe0df6c7137716683faabe2d450: expected 344225 found 95880
20834822,aot,48462154.85454545,gas-used mismatch for 0xb656aa49506c50b61ba5113348653c4698f9b483f1c48aabf4d190119c5e1252: expected 533818 found 282045
20835883,aot,42735738.67175572,
20833561,aot,12120837.627403846,
20835578,aot,39693418.3553719,
20835048,aot,50188306.21904762,gas-used mismatch for 0xf28f08257019cfdb8370fd1086cde5a8aae160994b8215849d03eeafff96c374: expected 463014 found 95880
20835227,aot,19303379.762962963,
20834870,aot,39169263.330827065,
20834853,aot,47697708.669565216,
20833342,aot,50595960.675925925,
20835978,aot,43789137.825,
20835211,aot,34900827.39864865,
20835136,aot,26204929.968085106,
20835888,aot,53688613.3367347,
20833127,aot,52277292.07368421,
20833276,aot,34522809.07333333,
20835139,aot,38119639.02836879,
20835034,aot,28683255.244444445,
20835885,aot,39495138.3984375,
20835215,aot,44543163.522522524,
20835496,aot,40674554.38095238,
20834818,aot,37660051.396946564,
20835967,aot,21968431.676056337,
20834865,aot,28036657.4,
20835870,aot,78737366.90163934,gas-used mismatch for 0x08ac09db32a485c32fcdb81b0b944cd173e8735a1f1e7788183ba82e2597b8b1: expected 528112 found 98969
20833324,aot,40483647.59504132,gas-used mismatch for 0x0caa112806f26856aab89e6d63f49f674851d0b7c1586e9b410197bc2dd605cd: expected 262620 found 213781
20835886,aot,38940911.69105691,
20835238,aot,27711355.696629215,
20835141,aot,24784997.668393783,
20834846,aot,29441134.832298137,
20835036,aot,39656746.584,
20835147,aot,35129339.442028984,
20835124,aot,42190443.666666664,
20834741,aot,49195717.06,gas-used mismatch for 0xde5277539262b453b6667cf5135651f0c6cbbe8302e2a26a30f719fd977cfded: expected 264685 found 242683
20835895,aot,33235590.87837838,
20835971,aot,33694824.45945946,
20835181,aot,44031325.6637931,
20835931,aot,44583767.873873875,gas-used mismatch for 0x2ee9840eb4685a9bf5574c49d425ad677c206b7dc33361f06a6f0a7b45bf608f: expected 265166 found 95940
20835974,aot,37451980.64705882,
20835536,aot,41597965.875,gas-used mismatch for 0x9d7db37852b0176d795156e707ceacbd4e7a9120267028c23d8469f9cc5cd102: expected 344225 found 95880
20834814,aot,11621361.484444445,
20834796,aot,48735052.55,
20834843,aot,33273786.96688742,
20835958,aot,40002134.81746032,
20835884,aot,48517065.18681318,
20835966,aot,89085907.39622642,
20834841,aot,40369735.61983471,
20834815,aot,55141013.15789474,
20834823,aot,44616386.83783784,gas-used mismatch for 0xfd3489a61698b44e4abd8ea47ffbd562d7dd09240dbd16569b21424d4f51d237: expected 366031 found 306362
20835140,aot,55722945.266666666,
20835912,aot,73366644.57746479,gas-used mismatch for 0x265977ed15b1c9b68e71c7572a32d58e03c2bac098dc953ced2fc2cf832d1664: expected 407296 found 280017
20834854,aot,40133762.10344828,
20835049,aot,28528263.59649123,
20835942,aot,20778018.612648223,
20834819,aot,36673351.02857143,gas-used mismatch for 0xa035669a5503874a1a61e04a23e97378f7af48c742e5b2fa49f3e9cc6715a56f: expected 1068447 found 509739
20835137,aot,51017953.430232555,
20833343,aot,48486036.40594059,
20834872,aot,36244603.44715447,
20835579,aot,47962837.99029126,
20834873,aot,44667019.27551021,gas-used mismatch for 0xba39cc286b97515bd0b3cba83a1245fd417e3e3d6b8d0b7934920a448d23ef49: expected 324373 found 95868
20833277,aot,34980919.91304348,
20835212,aot,45026220.123893805,
20834871,aot,44031948.94166667,
20835979,aot,33068337.8875,
20835889,aot,37084271.34558824,
20835228,aot,59592826.53409091,
20835554,aot,51253927.03960396,
20835216,aot,27052375.157894738,
20835497,aot,16696895.853820598,
20835244,aot,35544075.89510489,
20835968,aot,64259517.95180723,
20834866,aot,44425312.720338985,gas-used mismatch for 0x9e62c2335d949a036f8185ab2ba30408ec45c1c31bdc62f7d635341be8da6ff6: expected 213091 found 144540
20835037,aot,14588142.291525424,
20835871,aot,50069680.552083336,
20833325,aot,27724314.349726778,
20835887,aot,37918192.62857143,gas-used mismatch for 0xc30278f6d4135e1bc101e6f2c108d6df0da74ec992f5a17460653b35b3be2394: expected 400920 found 95880
20835239,aot,43187605.347457625,
20834847,aot,47567037.45283019,gas-used mismatch for 0x2456ddffc9f3c695741b5f57de92cc58c38fe10fb1e3c37b7e77d217cece2eaa: expected 426090 found 95880
20835125,aot,42802431.652542375,
20835142,aot,75354551.96969697,
20834742,aot,22979900.63111111,
20835896,aot,45926253.06481481,
20835148,aot,45456069.138211384,
20835972,aot,38589064.165413536,gas-used mismatch for 0x4595939bd54824ec029258defe697b564554ccf807f1349f3bb31f94fcd57ea9: expected 201120 found 81750
20835917,aot,35434054.37777778,
20835182,aot,42186641.55833333,
20835975,aot,47223596.45283019,
20835932,aot,37017233.37857143,
20834820,aot,34016077.666666664,
20835542,aot,40599702.92682927,
20835537,aot,40669344.03053435,
20835959,aot,36029260.58741259,
20835913,aot,38561508.94308943,
20835241,aot,42174094.19491526,
20834844,aot,38731338.41353384,
20834825,aot,41073009.238938056,
20835601,aot,69547409.47058824,
20834797,aot,42201679.43846154,
20835580,aot,41189842.48648649,
20834824,aot,44609233.4054054,
20834757,aot,26495380.46236559,
20835242,aot,35785165.29370629,
20834855,aot,48263195.54285714,
20835943,aot,60107942.95061728,
20835539,aot,49567443.364583336,
20833344,aot,27253127.419889502,
20834798,aot,44404384.344827585,gas-used mismatch for 0x5fca254c54d29258c110bdfbae1e806e946ba3ab53bc54a3e499babdf5a09263: expected 1106587 found 387570
20835890,aot,30143452.69333333,
20835876,aot,23219402.705,
20835980,aot,12463200.05511811,
20834874,aot,54952227.26744186,
20835555,aot,35561407.823076926,
20835229,aot,41315846.96551724,
20833278,aot,30704433.024096385,
20835213,aot,37723565.13846154,
20835498,aot,38369121.00833333,gas-used mismatch for 0x7a8ebd1d99771036d14bcfe445bb7a36f2e5dc710a9464bdec3ee8d824a49b62: expected 398926 found 95928
20835217,aot,37706405.37037037,
20835245,aot,32374216.977941178,
20835969,aot,33598450.834586464,
20834867,aot,41602105.45045045,
20835872,aot,60305753.83529412,
20833326,aot,24516526.320197046,
20835988,aot,47248219.03703704,
20835240,aot,42355341.43362832,
20835994,aot,38894844.32061069,
20834848,aot,41365084.359375,
20835143,aot,17120872.66229508,
20834743,aot,50008145.8367347,
20835126,aot,47065565.24545454,
20835897,aot,40183957.21374046,
20835997,aot,34910080.04054054,
20835918,aot,29335354.398876406,
20835543,aot,35062553.333333336,
20834821,aot,39044988.9140625,gas-used mismatch for 0x7288984444e7d471ee56315f1834e29f4bab6d6a891a63e11a254a4158d4b747: expected 262828 found 245537
20835183,aot,38279350.52898551,gas-used mismatch for 0x3f520b55da0e78e2aaa5d443c711f294cc568c4f365c646632cbd6d2781750a8: expected 158794 found 139208
20835149,aot,37189245.067567565,
20834857,aot,31103590.66455696,
20835129,aot,12730609.774683544,
20834826,aot,39762767.452380955,gas-used mismatch for 0xe324d5f143105f4213a712eeb8abb8ce08e188464f3c19140283d844d885853b: expected 1975395 found 1679609
20835933,aot,26449753.866995074,
20835879,aot,40793133.86923077,
20835960,aot,48438121.81904762,gas-used mismatch for 0x9887093cf3a760b76d9b22e595960880dec5a23e6e4e1e92380cea03e69748b3: expected 267077 found 242575
20835914,aot,56061374.28409091,
20835538,aot,36528328.97350993,
20835243,aot,67867629.3,
20834758,aot,56622352.95454545,
20835581,aot,33064359.70886076,
20834860,aot,31644256.151515152,
20833345,aot,24947679.738916256,
20835556,aot,29493701.46875,
20835540,aot,46585339.126126125,gas-used mismatch for 0xd8be763c3e748031b25cf8f09bf9443b5e4a746538d24214db70341cef06ada7: expected 566507 found 368815
20835891,aot,60689658.86419753,gas-used mismatch for 0x43c25aea97a77b9532ab90c69deb77981a3a5c595916da6343a19d87c88e1e65: expected 590652 found 346236
20835602,aot,32494430.033707865,
20834799,aot,42423832.219512194,
20835944,aot,53571835.53,gas-used mismatch for 0xa79e545b16a7dc4ec9a4692d91e2cabe0b505f643e00bd810c7715588acf2945: expected 1453767 found 662716
20834856,aot,49895253.69090909,
20835877,aot,29166478.394444443,
20835548,aot,75787122.62857144,
20835541,aot,42129710.959349595,
20835230,aot,38318360.28571428,
20835981,aot,45607286.47826087,
20833351,aot,32897840.265822783,
20833279,aot,40078812.114285715,
20835218,aot,34093217.39869281,
20835499,aot,71494298.18309858,
20835246,aot,76275243.26760563,
20835220,aot,33010247.655172415,
20834868,aot,43249193.782608695,
20835989,aot,40350332.05932204,
20835873,aot,40890409.855932206,
20833327,aot,67364821.84507042,
20833348,aot,29898043.727272727,
20835995,aot,33181975.472972974,
20834849,aot,41130418.97413793,
20834827,aot,50186407.43809524,gas-used mismatch for 0x68f07f2d82497582430cb85724373f98db0b4e217dae66fc41ad6e9c881d3640: expected 310328 found 98981
20835127,aot,45993856.80909091,
20834744,aot,42274428.68595041,
20835898,aot,46918334.96226415,gas-used mismatch for 0xe81ca15382d52975056f23f32a60ecbaf254fa677144fae409945c975d52bcc1: expected 324373 found 95868
20835919,aot,33192100.891891893,
20835916,aot,43395825.75510204,gas-used mismatch for 0xea3d781528e93093997d1f0afd90b963a63782b20a171531e2afaf2eb071293a: expected 208441 found 144528
20835934,aot,51941226.88372093,gas-used mismatch for 0x67156bd3822e79e365199e118a5196e7b42986ee1191e7413e3d838f2a7a3c84: expected 631354 found 481196
20835998,aot,31438672.708074532,
20835184,aot,31229290.88607595,
20835150,aot,36054263.44927536,gas-used mismatch for 0xc593d989f66a37b7fdd59a59c48c2e41df05e8935f9f45658e284f2c664c02ec: expected 344255 found 235537
20835613,aot,32329532.633986928,
20835915,aot,29355106.03726708,
20835191,aot,47818207.27184466,gas-used mismatch for 0x25bace9287dc51b74a35785082f406dc41478df36ce7ff6370c5f121637a1800: expected 577449 found 383548
20835544,aot,45289766.07272727,
20835880,aot,39950080.1984127,
20834858,aot,43589851.77586207,
20835961,aot,22743846.38938053,
20834759,aot,43164454.06306306,
20835130,aot,56566053.06666667,
20835892,aot,39660477.70689655,
20834802,aot,23521017.31707317,
20833346,aot,47340119.733333334,
20835557,aot,28382685.98265896,
20834801,aot,51450101.17894737,
20834861,aot,17086279.506451614,
20835582,aot,60088078.45783132,
20834800,aot,30627441.35757576,
20835945,aot,49372823.41584159,gas-used mismatch for 0x793ae62c06fb932f78773a43382a6ca263065dfebb974781c808e95c89ac970f: expected 426090 found 95880
20833347,aot,37784277.84615385,gas-used mismatch for 0x763b73b5b75646d0fe51067fa20f4c9151eaaaef1106a11a42cec1bb7928b3da: expected 324373 found 95868
20835603,aot,32720737.46835443,
20835878,aot,37561378.80434783,
20835231,aot,32178626.314102564,
20835982,aot,43602496.92920354,
20833352,aot,42918616.274336286,
20835549,aot,41937534.8015873,
20835947,aot,36323496.320512824,gas-used mismatch for 0xd1bd1ac31c0ecca23343ec551ba67919464299a8aa5c4def7deceebc8c58ed94: expected 110817 found 56972
20833280,aot,32213799.871794872,
20835219,aot,38311759.02307692,
20835500,aot,48407385.29245283,
20835247,aot,37232266.63829787,
20835996,aot,46567523.85185185,
20835221,aot,25375766.298642535,gas-used mismatch for 0xbf2acbe0b4def7a16537b8b2a438f583dcfe40b729c5d73413191fb4dd132a22: expected 401103 found 95880
20835990,aot,35604695.83916084,
20835874,aot,47208866.027027026,
20833349,aot,37301794.36029412,
20834850,aot,40231555.04,
20835900,aot,37328512.03816794,
20835151,aot,46271238.041666664,
20835920,aot,30135805.7278481,
20835128,aot,38163232.16793893,
20835899,aot,38857961.515625,gas-used mismatch for 0x5eca10bd4a0d379907c5032080f9c05d7393c83d8ac61b3c003d31fe618f6c07: expected 255344 found 240486
20835935,aot,40024263.45528455,
20834803,aot,67165074.53947368,
20835185,aot,11171333.65,
20834745,aot,36628770.847826086,
20834862,aot,59579297.144578315,
20834859,aot,45385022.50909091,
20835614,aot,49485738.633663364,
20835999,aot,50788200.846938774,
20835881,aot,49396405.571428575,
20835192,aot,36786446.93129771,
20835962,aot,27827913.236024845,
20835248,aot,65411435.12820513,gas-used mismatch for 0x3c425a005554591e32dc6174f7774f5c04c9262d4d2d313efb0918802b835317: expected 292033 found 98969
20835946,aot,38467724.62068965,
20834769,aot,27849859.416666668,
20835545,aot,49035446.33,
20835131,aot,48172049.8877551,
20835963,aot,54566953.27906977,
20835558,aot,35835034.74264706,
20835249,aot,47017472.723809525,
20834760,aot,29111086.3625731,
20833363,aot,52689414.08791209,
20835893,aot,41749226.74166667,
20835985,aot,41364745.10569106,
20833350,aot,28401621.0,
20835551,aot,42492538.89655172,
20835604,aot,33413376.019607842,
20835923,aot,34578195.94326241,
20835232,aot,33566952.47552448,
20835583,aot,48616388.02830189,
20833353,aot,10347744.18410042,
20835550,aot,22568015.115740743,
20835983,aot,38687701.38518518,
20835948,aot,48493205.84158416,
20834763,aot,34063824.84246575,
20835188,aot,35043308.18115942,
20835501,aot,44996998.79245283,
20835938,aot,43972618.83018868,
20833369,aot,21510129.85652174,
20835222,aot,54856070.6626506,
20835875,aot,65455645.28,
20835991,aot,37691784.0,gas-used mismatch for 0x56e7428ebbd06320bbff0656715a7eaf9bcac968b619bac27c65dc39f73605e1: expected 264625 found 242623
20835926,aot,31747758.25949367,
20835901,aot,52488679.87912088,
20835939,aot,38186608.08148148,
20835607,aot,33208169.98013245,gas-used mismatch for 0x6f5a871f28ffc8bea3852ba9869f254e5747a65ccb272ec057dce3c6e07ba509: expected 373584 found 95880
20834746,aot,32641339.5472973,
20835936,aot,63761796.413333334,
20835921,aot,50401388.762376234,
20835189,aot,27885030.846994534,
20835615,aot,39659344.08130081,
20835152,aot,45730723.9826087,
20835589,aot,34928257.807692304,gas-used mismatch for 0x871621956ca9ae4ab7ac1de41b625e611c2c89578625d244306c523c4d3c8f5c: expected 1323253 found 1108217
20834775,aot,35601409.89041096,
20835193,aot,28054329.07103825,
20835186,aot,55893458.64516129,gas-used mismatch for 0x51fb669bfb3f46e937f858dea8227a07c9300aa85a10efadbbec7726511201c9: expected 263216 found 213771
20835610,aot,28581481.295454547,gas-used mismatch for 0x80ef7779927f04c6b314a504a96522fa2a0b0848c4e1581c2453679dd8eec492: expected 255368 found 240510
20835153,aot,55967953.094736844,
20835223,aot,61798975.92941176,gas-used mismatch for 0x812392800b0833ef78dae2774a154e791daefad4b501109c7faadd1cc83d43db: expected 264613 found 242611
20835507,aot,53209498.86,
20835546,aot,42584676.3,gas-used mismatch for 0x959d4246b0ce723ae141fba0b3d2aa9e0e3477f8035d4c639f22423af5378cbf: expected 493976 found 273277
20835940,aot,40466426.99173554,
20835233,aot,30939526.066666666,gas-used mismatch for 0x83757efb32472959e93dc4b12915b96caf9faf7bd70d3c249c53002476a1aed2: expected 194507 found 81750
20835566,aot,57554606.192771085,
20834770,aot,20114942.03448276,gas-used mismatch for 0xc8d88a593b18cf828e95a6ac737b31f4e2e520a2112a2c5a81ce85c5fc3f8730: expected 609354 found 329829
20835547,aot,56880864.23863637,
20835560,aot,47283366.61818182,gas-used mismatch for 0xd010764bddcc4d1d631db560d3b455a1cde9f3055ef465b8ed7ea128329c4810: expected 302258 found 95868
20833364,aot,30783610.226993866,
20834761,aot,40279225.00769231,gas-used mismatch for 0xe5fc96e8316f7245618028be605523cfded594674bd61f76e0b30683a65886a6: expected 286062 found 238429
20835559,aot,49143275.10377359,
20835595,aot,38955299.82442748,
20835584,aot,7484149.373873874,
20834751,aot,47390483.31034483,
20835986,aot,37064439.44680851,
20835504,aot,32771990.775,
20835605,aot,44164505.118644066,
20835924,aot,40296555.59541985,
20835552,aot,64137260.47058824,
20833354,aot,63311366.0625,
20835984,aot,28627647.638888888,
20835949,aot,38464831.11764706,
20834754,aot,71696923.09210527,
20834764,aot,52230209.71428572,
20835572,aot,38466936.68571428,gas-used mismatch for 0x60a4141756c32db586979d9d70cc227f8cfc4829f25ef5b7f51bdaebea12f539: expected 445941 found 347091
20835502,aot,42358177.34710744,gas-used mismatch for 0xdacb6114bd81752f8d1781cf8e381a4a14f701051179c12b62dda796b67cddd9: expected 545910 found 486207
20835606,aot,42656046.89655172,
20833370,aot,65999724.26027397,gas-used mismatch for 0xe15441a29dc8a24271d94f4d567758bfa35ca7f5589e28d963929fbdef32cccb: expected 2120992 found 314578
20835619,aot,23700083.364102565,
20835224,aot,36081160.87692308,
20835902,aot,27988725.728323698,
20835927,aot,36686487.85507246,
20835992,aot,40943369.02439024,
20835225,aot,35270378.88652483,gas-used mismatch for 0x64309aef7db9da4aaef7832062cb4a9e0e89e9d13d9bc001bfa75a71d3a9a316: expected 262888 found 245597
20834747,aot,38547692.904,
20835922,aot,38868851.21487603,
20835616,aot,34352401.79020979,
20835608,aot,41680708.48,
20834762,aot,42331385.79661017,gas-used mismatch for 0x2908de7cf8ce29b51680c68fa8364617ccae905a6d529fe1d1699db9b582dc1c: expected 437457 found 95880
20835937,aot,31123698.12352941,
20835590,aot,39114761.265625,
20835154,aot,25988581.021621622,
20835194,aot,42288559.973913044,
20835190,aot,46530059.769911505,
20835611,aot,43608860.54054054,
20834752,aot,14515580.474474475,
20835187,aot,38047909.907692306,
20834755,aot,40831161.146341465,
20835508,aot,37914068.21538462,
20834776,aot,37313989.385714285,
20835234,aot,36662818.93478261,
20835567,aot,25774732.235897437,gas-used mismatch for 0xe3c100470966a3253f03d4057100ca0140119b23081df8b5204a357c6b9f8932: expected 308586 found 95868
20835197,aot,63419835.2125,
20835563,aot,36912739.592307694,
20833365,aot,29114705.16184971,gas-used mismatch for 0xc96a7848452bfef0eae2618768d07909f2772daa9cecf4c887066c7765b384c2: expected 324110 found 95880
20835596,aot,39006748.30578513,
20834771,aot,66341113.09210526,gas-used mismatch for 0x447dc8f6f51b35673bdc6971c34ccca127a8627a17be62e0ba6b4d6f413538ba: expected 530209 found 279704
20835987,aot,35832071.85714286,
20835561,aot,49444649.14851485,
20834753,aot,41472502.64655172,
20835586,aot,43829298.26271187,
20835950,aot,43819010.45283019,
20835505,aot,40364443.98373984,
20834756,aot,35104565.20689655,
20835553,aot,33000847.344594594,
20835585,aot,67257077.68421052,
20833355,aot,39520773.333333336,
20834766,aot,22090920.74782609,
20835925,aot,60427581.69411765,
20835598,aot,34345748.25874126,
20834765,aot,23404040.288990825,
20835592,aot,35630129.9054054,
20835503,aot,38392304.65873016,
20835573,aot,35367705.99324324,
20835575,aot,59366781.45454545,
20833371,aot,18431380.918149468,gas-used mismatch for 0x269bf2e24a7972847d3dfbf4824ca6264e3821b87d3c50fcf26b8296f9b5e841: expected 251509 found 209807
20835506,aot,44277672.79310345,gas-used mismatch for 0xb115b10ba1a9fc51117445b43f57ad7b4e092fff7e973d608dee30f41a5ea8b3: expected 1083268 found 597593
20835620,aot,44650498.5952381,
20835903,aot,32581223.78807947,
20835993,aot,35017781.76428571,
20835599,aot,28485016.14044944,gas-used mismatch for 0x0a5fa8f097d5b22a3a8e8f06f65201cf75b897266b1016f8c9be4b396ed368e8: expected 410496 found 252423
20835928,aot,33320883.451612905,gas-used mismatch for 0xd81ea1f095c497c472afc276f84937e7959355edb371cebe0f7a011fd6cbbace: expected 427032 found 95880
20834772,aot,26542838.94857143,
20834748,aot,34607803.692857146,gas-used mismatch for 0x856c548399afa19e6f818c6a977d8ad8700f981ea32d2563cd59882beb927c7c: expected 262840 found 245549
20835612,aot,39324190.37864078,
20835576,aot,37168881.416,
20835155,aot,30395001.993670885,
20835609,aot,51248621.10891089,gas-used mismatch for 0x94f7ba4f20ed5ea4624bf6c8754e8c827c81ea07c664fb8dcf710b6d53b85a49: expected 432949 found 95868
20835564,aot,38017507.032,gas-used mismatch for 0xda578aac2601a27cfbbf94ce5c42f601f3a4583172bdbd36bae6158b3234c67d: expected 1043107 found 1116913
20835577,aot,37094228.2631579,
20835195,aot,29123427.59411765,
20835617,aot,47991447.7,
20833366,aot,35008536.78082192,
20835509,aot,35293842.21538462,
20834773,aot,44597687.77876106,
20835591,aot,39271529.507246375,
20835597,aot,26579690.82142857,
20835600,aot,30822004.786666665,
20834777,aot,41816298.94594595,
20835569,aot,29936180.79054054,gas-used mismatch for 0x39843f4cfa24f0312d1789c7dfd8704951d0a187892b18cd83cef6b6eb217098: expected 356484 found 95880
20835198,aot,40105488.784,gas-used mismatch for 0xe3f3578ca9f71b6139ff2211ccd6348ec81fb761f3403db61190d430fab38a1b: expected 201085 found 81714
20835562,aot,35014644.2481203,
20835196,aot,27427869.636363637,
20835568,aot,41351518.858333334,
20835951,aot,42268720.47413793,
20835235,aot,46302383.531531535,
20835519,aot,34725150.330882356,gas-used mismatch for 0x3b1c6228514906a3651ddfd9bb44c3b91774feed39b47f1d9bcc9e4d889050e2: expected 324385 found 95880
20833357,aot,55854579.97777778,
20835565,aot,29478109.20588235,
20834774,aot,36010170.12857143,
20835587,aot,58121584.152941175,
20835525,aot,48261464.366336636,
20835236,aot,51154454.291666664,
20833356,aot,47575405.067961164,
20835593,aot,29497810.58235294,
20835618,aot,49769563.376344085,
20834767,aot,56873477.593023255,
20835570,aot,51692308.51807229,
20834749,aot,39133028.234375,
20835622,aot,26505879.03902439,
20835952,aot,16474624.179401994,
20835574,aot,41971367.275,gas-used mismatch for 0x57e2eb979bdeb4321cba646deb1691e69f48a3df49cdd493c735aae9aa9fe5fc: expected 196320 found 81750
20834750,aot,54209379.92045455,
20833372,aot,62119481.75308642,
20835623,aot,62474401.481481485,
20835621,aot,56542320.430232555,
20835588,aot,28491142.877777778,
20835510,aot,31141241.16875,gas-used mismatch for 0x460802d74f067c985316884447a6bcb23ab9bb603f71ffd6910a13d456ca5193: expected 255248 found 240390
20835513,aot,33686502.48366013,
20835904,aot,46412811.6460177,
20835237,aot,46854794.905660376,gas-used mismatch for 0xee7f9082cf5813ce5a36958695d3b04c7f9fe6d0e2a07fe18af697acbad07490: expected 355515 found 121801
20835511,aot,38673232.396825396,
20835516,aot,34956527.615384616,
20834778,aot,57491790.361445785,
20833373,aot,28809799.86309524,
20835571,aot,39026908.44715447,
20835517,aot,31767246.685897436,
20835514,aot,35371992.91780822,
20835624,aot,13833318.013774104,
20835522,aot,37171801.075187966,
20833367,aot,35033538.26086956,gas-used mismatch for 0x49e23e20692e5f627610da8a645e1b0750cf6285f58591753503e0c3cfaf1105: expected 275240 found 243079
20835202,aot,34484668.37588652,
20835201,aot,40853724.68965517,
20835520,aot,32104555.513513513,
20835199,aot,27234142.479532164,gas-used mismatch for 0x5942ef56a043ce8d3543a22a0e2b010eb91ba0aec190a7d47ef7b58dcc5551f8: expected 728582 found 411128
20835528,aot,26980114.67261905,
20835594,aot,38496411.17355372,
20835200,aot,33523825.130136985,
20834768,aot,25814864.77142857,
20835512,aot,41345606.30508474,
20833360,aot,37222264.22881356,
20833374,aot,45911185.038095236,
20835518,aot,33754219.4453125,gas-used mismatch for 0xecff599293d85b58f05998a4922cfcb22258a6e3b83824e53cc1de966560dd2f: expected 1155858 found 1255164
20835524,aot,46723446.10227273,
20833358,aot,35364304.904,
20835523,aot,38463664.048,gas-used mismatch for 0x28ef8a9b668f285ef57d2624d5f2dff8fe0cc04ce269fde5e1c147cba020fed0: expected 988395 found 634569
20834779,aot,27890149.052941177,
20835527,aot,26150302.673202615,
20833359,aot,24862011.39759036,
20835529,aot,68049187.11428571,gas-used mismatch for 0xbc7c0d381091afcce76481e0c6e577db5e51c24bcb1a73bd41027fbdcb8a20cf: expected 833444 found 449736
20833361,aot,20974330.23880597,
20835526,aot,29260411.90780142,
20835530,aot,37730590.54545455,
20835521,aot,41965762.0989011,
20833362,aot,32169987.17037037,
20833368,aot,32237017.1300813,
20835515,aot,37769997.11,
20835905,aot,33310803.64864865,
20834780,aot,28628638.117117118,
