id,run_type,exe_time,err
20665812,aot,40042620.989795916,
20665261,aot,41672242.0,
20665085,aot,52050142.83098592,
20668625,aot,60229284.09210526,
20668062,aot,66971588.114583336,gas-used mismatch for 0xe6d57d53400e2a640657a21d30b521c0f06fda6b3a7606783d2e45bee4865d7d: expected 394729 found 189163
20667875,aot,51665951.981132075,
20668250,aot,25358842.044354837,
20666473,aot,95554409.68421052,
20665109,aot,57828302.123893805,gas-used mismatch for 0x1f6942c2705fa1491188a82dbd9266576865ee93a0af7188b2cb3b65eed72d25: expected 430772 found 95892
20663562,aot,31381082.331606217,
20666515,aot,7666759.0178173715,
20666843,aot,95798228.23913044,
20664968,aot,31828971.14893617,
20663585,aot,34835409.32984293,
20666398,aot,55956134.14876033,gas-used mismatch for 0xbf1cba12219a42095ae08348485ee47174e4796bf2ddc69cecb3c0173001f0c7: expected 603134 found 456723
20666491,aot,23089866.089700997,
20663656,aot,53445901.057142854,
20666656,aot,64973966.8,
20663750,aot,61220912.77647059,gas-used mismatch for 0xe3a85a50c6924c4ba53cd94e5ccb99c10ed552e99e681395000ac0c80db2f446: expected 393712 found 98969
20665296,aot,59304311.4,
20667125,aot,102869069.0,
20665062,aot,31196315.510822512,
20666468,aot,64212177.44761905,gas-used mismatch for 0xe77f0fc7162d75926840b0de09d2649293b6423e93ced108d084ba9b04cbc775: expected 263166 found 213759
20666421,aot,75140260.30612245,gas-used mismatch for 0xab818a3d3a3b6f13079678c261224e98f8857cb05e4b34f4c34b6c63916d10da: expected 532273 found 422858
20667968,aot,37315591.956756756,
20666526,aot,61939955.67768595,gas-used mismatch for 0x1c3f67628cf741761577318209fb0a42ecc3e36a54db07e13b43f83bb7ab74b5: expected 337732 found 95892
20666750,aot,44907647.27659574,
20665343,aot,81477650.84848484,
20666479,aot,74213658.58730158,
20666000,aot,69165341.91764706,
20666937,aot,80885416.9090909,
20663597,aot,59685138.2,
20665250,aot,63341242.947916664,
20669000,aot,74889140.20547946,
20663609,aot,93346072.91071428,
20665531,aot,33714341.9375,
20666375,aot,50972562.61486486,
20664921,aot,50483258.556291394,
20665156,aot,106066024.42105263,gas-used mismatch for 0x5a336f73f8d842fcaaef1c7d94bbf96bc6e55aa4a747d6ac6288ff623bfe29be: expected 365047 found 95880
20666538,aot,22549313.383597884,
20664125,aot,38501913.55399061,
20665437,aot,89567924.98275863,
20665273,aot,86330130.62637363,
20666562,aot,75155922.01282051,
20663375,aot,47245369.422619045,
20664875,aot,134242241.875,
20666609,aot,52951309.06666667,
20665625,aot,106365046.26666667,
20665813,aot,48890115.78888889,gas-used mismatch for 0xf887b20d79c44d36fc121868da4a44e864eff85aa44c126e62ed5b61cd9f3bd9: expected 323570 found 95868
20666422,aot,3503245.8886198546,
20664969,aot,42902708.267326735,
20666474,aot,35236996.34351145,
20667126,aot,71941147.76,
20666844,aot,27517295.84117647,gas-used mismatch for 0x42d8a208f02a33d8ca0cab14fc3dfac8ca6afed18a5758bfdf67217394061853: expected 204516 found 82074
20667876,aot,55362674.38372093,
20663563,aot,49243039.83516484,
20666492,aot,77889437.3018868,
20668063,aot,37219664.837037034,
20666751,aot,64752380.65,
20666376,aot,41833680.81481481,
20668626,aot,26996288.482587066,
20666399,aot,22020082.201754387,
20663751,aot,55733606.759036146,
20666001,aot,43371244.574257426,gas-used mismatch for 0xd3e6dda6f506d87bc04706e830371969b0bf5ec3e27e4a5e6b22d5ea77cf9735: expected 1202885 found 516145
20666516,aot,136441926.70731708,gas-used mismatch for 0x0e342d3eec6aebfffac18a607bd2c8fecb58738d4f6fe701b8b1c61d11bfc0c7: expected 541997 found 284739
20665262,aot,66585499.39805825,
20665086,aot,30855615.296116505,
20663598,aot,40026290.82300885,
20665110,aot,88664429.07692307,
20665157,aot,49798902.12790698,
20663376,aot,38326943.67,
20665532,aot,53120433.15116279,gas-used mismatch for 0xfdf5f1ab6278d31dc758cbd85d8ad96896f99d0e3b852efcc68a4a7661ad3836: expected 360163 found 317162
20666657,aot,58746507.083333336,
20663610,aot,45296696.85436893,
20665297,aot,39648776.68493151,
20664922,aot,63175263.802816905,
20665251,aot,66090249.315789476,gas-used mismatch for 0x1caca59f202e4b5167098f1aa748be06227e38bd0e65d69d9e277484ed123214: expected 535553 found 95880
20666469,aot,46539903.95041322,
20669001,aot,53807917.25263158,
20668251,aot,59585611.027027026,gas-used mismatch for 0x6fb541da464e10f5f9f002d2d72f0a4241349de7fb3bc4ae5efe35b6b5b5e0e0: expected 297839 found 208816
20666938,aot,68051006.66666667,gas-used mismatch for 0x44d8869574ddbaecb67625e2a157f35b0358b0613ae0ebf9a97f6b256d39c9e6: expected 986922 found 494122
20666563,aot,53147796.09638554,
20666539,aot,49788081.46666667,gas-used mismatch for 0xc3830cf988569c051df4edfeab13ec31abfff59f538beea281e12d623645bfaf: expected 580205 found 324803
20664126,aot,64954252.31506849,
20666527,aot,95582784.91071428,
20666480,aot,42880479.9057971,
20663586,aot,110541391.83333333,gas-used mismatch for 0x793b2dc7ae3340ce604d3bf06ed43b3f737a5b97b39d397ef6b3f04affe26e5e: expected 306482 found 95880
20665344,aot,44973438.66891892,
20665063,aot,10160920.112244898,
20666610,aot,59762068.76923077,
20664876,aot,62729128.2625,
20665274,aot,101685972.9090909,
20667969,aot,56737280.6097561,
20665438,aot,91081845.86363636,
20663657,aot,44291003.45714286,gas-used mismatch for 0x784566c2c0b93a516dc79bb57c8c23357c83a6a11d37e2b801748ccc0c5d71aa: expected 315917 found 145261
20665626,aot,46104415.358333334,
20665814,aot,48728265.89795918,
20666400,aot,76133549.66666667,gas-used mismatch for 0x7de6889aca12e1a127d03d85e7f836c71034ce3ae009076fac22a0eaf4d3c1e5: expected 1074022 found 679144
20663564,aot,43424248.44,
20666475,aot,47468515.12871287,
20663377,aot,22659292.36708861,
20667877,aot,50502654.25,
20666517,aot,58546720.60606061,
20666377,aot,78565481.0,
20666752,aot,71578742.10606061,
20665252,aot,45466045.32098766,gas-used mismatch for 0xf4537902465ce538b90259ff65caec1c8f224d34497af52ac5d32003248dd994: expected 266963 found 219673
20668064,aot,68762478.56164384,
20666423,aot,98215688.61904761,
20667127,aot,51503626.80555555,
20666845,aot,70252094.21794872,
20664970,aot,86778624.37878788,
20665111,aot,49363024.08888889,
20665087,aot,75201231.68965517,
20664923,aot,49012844.37362637,
20663752,aot,50589427.20909091,
20666528,aot,56004737.21333333,gas-used mismatch for 0x3da72513657c7629b3922614546f83e3d9a5ec56c014bce0260a44a5068b9a36: expected 209352 found 82074
20665298,aot,45020047.75238095,
20666939,aot,65034712.72058824,
20665533,aot,49089808.85148515,
20666481,aot,84983179.42,
20666470,aot,49517359.37755102,
20668627,aot,100853094.68852459,gas-used mismatch for 0x081c1c71fee18081596bfe7c66e72c13f11dc5c21500567379845c6e1936ef92: expected 1446487 found 651242
20666002,aot,100167223.86885247,gas-used mismatch for 0xb8e33ad6c93f7f4da10eaa514b06072127bf19d54240dcf011d99319268cff4f: expected 1775846 found 919693
20666658,aot,77582629.12307692,
20665064,aot,91409309.21052632,
20665263,aot,54270662.17142857,
20663599,aot,71254424.65,gas-used mismatch for 0xca76b0de593bea32dc4e7e5c9dd993ec107a134b6ced66361f97f072f530c648: expected 247912 found 191663
20663587,aot,43847628.99099099,
20665158,aot,78617678.50704226,
20666493,aot,97924037.81428571,
20668252,aot,99494056.83928572,
20665345,aot,61980668.986666664,
20667970,aot,65999645.03076923,gas-used mismatch for 0x83602a15d68650c8da993c30760e31572fabbcf5eee1cd3e4a19ecdedfda6526: expected 460980 found 273775
20666564,aot,65217982.91111111,
20669002,aot,82504470.04225352,
20666540,aot,58420448.12871287,
20664127,aot,78191512.09210527,
20665439,aot,71974779.66666667,
20663611,aot,58045737.855932206,
20664877,aot,53403213.21,
20666611,aot,48372617.29365079,
20665627,aot,114464875.97777778,
20665275,aot,109986995.98039216,
20663658,aot,79898949.0375,
20665815,aot,29539884.352331605,
20666518,aot,27707071.17037037,
20666753,aot,33382999.65625,
20663565,aot,73161871.66666667,
20668065,aot,27497433.036809817,
20667878,aot,77218416.61538461,
20666659,aot,34780027.989795916,
20666846,aot,59683114.57692308,
20666378,aot,69270718.74666667,
20665088,aot,68322519.32307692,gas-used mismatch for 0x48d02c980cfdf772570b7a772865c2da0c5e3ad13e3c64638366e9bdd83be1eb: expected 1931592 found 1625640
20666401,aot,60919744.97029703,gas-used mismatch for 0x171a9a074a2423049d959b29c093ee352877511b0932a661937d2f99eba8949b: expected 264661 found 242659
20666940,aot,85196231.1875,
20666424,aot,69340431.88,
20665253,aot,61383992.505494505,gas-used mismatch for 0xe5e3c6794c79f8076081f27dd369ab31c95a7bd7e67ebc49f5f91eef737f9b6c: expected 360115 found 317114
20666482,aot,35931112.520325206,
20667128,aot,38416654.73103448,gas-used mismatch for 0xa859fabb51fa66f7cdf05bec105060308fd81c00b008fe37217177c7bde2b61e: expected 626269 found 444200
20666529,aot,33352748.535714287,
20666476,aot,65046721.82795699,
20663753,aot,48074206.514563106,
20665159,aot,30104341.296296295,
20666471,aot,42699359.54285714,
20663588,aot,41572659.12871287,
20665065,aot,62753433.71428572,gas-used mismatch for 0x186f7803e2b459fc12afdb69a0e148ff13fab5f86fc06c49b7c2da261c92b8a2: expected 430026 found 315306
20663378,aot,114125783.46551724,gas-used mismatch for 0x5c91f9fb42c5ae28cffc3cdb34c4a79a3c2a341369a33d544a1a828b04b7ad39: expected 370177 found 95880
20665264,aot,25525378.836734693,
20664924,aot,40541188.08783784,
20666494,aot,47905985.33980583,
20668253,aot,52664082.43010753,
20663600,aot,43764568.853658535,
20665346,aot,45818616.37391304,gas-used mismatch for 0x548640e1eb9206e4ab382e0f4f75652705a1ac8a983faf3a21bdbe1c2019a19b: expected 305438 found 95868
20666541,aot,85592780.51785715,
20665112,aot,57891629.62698413,
20666003,aot,60490802.047619045,
20666612,aot,87786764.19565217,gas-used mismatch for 0x31d1d0cf664543dd47381f404804d68d47f1ad85f9d5580ac7314b006c50f23f: expected 843212 found 338416
20664971,aot,47528198.50632911,
20666565,aot,132695340.65789473,
20667971,aot,32622360.062857144,
20668628,aot,73592253.31325302,
20665299,aot,90752544.7763158,
20664878,aot,45170752.64347826,
20669003,aot,77412774.8974359,
20665628,aot,17732911.44966443,
20664128,aot,72928269.93406594,
20665440,aot,46629614.758865245,
20663612,aot,57897543.407079645,
20663659,aot,66244053.26923077,
20665276,aot,45886639.8515625,
20665534,aot,67437620.09774436,gas-used mismatch for 0x9b2127642ca3c30b806475ff9c84eecda8567492b5fc414f31db3b3b90dc4e54: expected 196055 found 81738
20665816,aot,106519627.68421052,
20667879,aot,52631522.276923075,
20666402,aot,19658470.910256412,
20666660,aot,64280223.957746476,
20663566,aot,55064278.5,
20666530,aot,61354001.907692306,
20666379,aot,32232393.5035461,
20666519,aot,63692474.66336634,
20667129,aot,92497702.5625,gas-used mismatch for 0xd0ac08746b4dc791021e772376435049b4ec081006ad17f945e89d45b2f0e45d: expected 469020 found 329980
20665254,aot,26199293.92896175,
20666495,aot,28909095.50862069,
20666754,aot,32032875.37948718,
20666847,aot,72676208.16438356,
20665089,aot,18690488.697916668,
20666941,aot,54604232.23655914,
20668066,aot,79936093.70666666,
20665160,aot,52550561.655555554,
20666483,aot,42225271.928,gas-used mismatch for 0xb724e759a6a9ca9cb824c7f5b5ce11fa6884ceae862ea48312d7f6212333d143: expected 1394039 found 461934
20663754,aot,42191813.79365079,
20666472,aot,60523546.94505495,
20666542,aot,38416768.90740741,gas-used mismatch for 0xb34f4ed57f8cb51e34096c7bb75b00fddad8c8c1e791b62bd7663c4588cc957e: expected 216122 found 82074
20663379,aot,62449876.02222222,
20664925,aot,57176695.56818182,
20665113,aot,59796959.73972603,
20665300,aot,66013969.06557377,
20666477,aot,87802446.25714286,
20668254,aot,61692154.4625,
20664972,aot,40897215.28703704,gas-used mismatch for 0x22e2d2433957803cb160e762d533f2ff6975c70aec4e14ba4935b9e6698c6bb4: expected 390652 found 322649
20665347,aot,39295976.222222224,
20665265,aot,83806159.61764705,
20668629,aot,76564930.3,
20663589,aot,71072361.91397849,
20665066,aot,66920103.04,
20666613,aot,62912447.6,gas-used mismatch for 0x54522eeabc0699aefcd241a30d0d50e3072881d2547cb94617d86e2e84b315a8: expected 246446 found 207292
20666566,aot,35495295.02857143,
20663613,aot,25921401.55319149,gas-used mismatch for 0x1bb9be1dd259380415d3441371c28be61824e21daa657eb09ef759130344a049: expected 223587 found 144547
20666425,aot,2741141.2620357634,
20664879,aot,60815438.641975306,
20667972,aot,75074188.1369863,gas-used mismatch for 0x3959d077215eb463da447d7551feac1f84db2da562ec06e52e1c6565fb2f5a97: expected 394803 found 189153
20665441,aot,79006047.32,
20664129,aot,43467004.466019414,
20663601,aot,73839403.61363636,
20666004,aot,58263727.37735849,gas-used mismatch for 0x638f8aa95f2649fea12f786b25c32b5c150541f77e313ecb946afed0961d3a25: expected 266927 found 219637
20669004,aot,54651336.31481481,
20665277,aot,90104842.23913044,
20663660,aot,39040687.641666666,
20665629,aot,54899743.782178216,
20665535,aot,50533838.34408602,
20666403,aot,102753810.8,gas-used mismatch for 0x63dfc9d264cebb800891acfc444c2d8884576f325c15fb61a95803ff401cce6e: expected 522999 found 411285
20667880,aot,68397246.04411764,gas-used mismatch for 0x0ee0de28754571bd52db4bcc2bc4dbe836e87ee6b87ee28bec562d1baacdc172: expected 675980 found 585847
20666380,aot,49726614.84126984,
20666531,aot,64272441.47619048,
20665817,aot,58340279.123809524,
20666496,aot,71078092.68627451,
20665161,aot,76951478.24,
20667130,aot,6520777.168704157,
20663567,aot,48788851.26086956,
20666543,aot,64405781.2,
20666661,aot,83460668.23287672,
20666520,aot,27471801.08095238,
20665090,aot,125005719.65,
20666942,aot,95551216.76785715,
20665255,aot,78020182.1971831,
20666484,aot,63065279.469135806,
20663380,aot,51288798.10843374,
20666426,aot,71141889.0,gas-used mismatch for 0x1b834800d3e516c4356bbcdd0510b42effdaf0ee6b6acf684cb32762141c0b2d: expected 252012 found 206902
20666755,aot,83600256.81690142,
20665390,aot,51727050.93877551,
20665442,aot,18330411.51633987,
20663755,aot,60950589.52325582,
20666848,aot,52089129.12173913,
20666614,aot,46903800.85,
20665114,aot,87336779.56862745,
20668067,aot,43420501.63829787,
20666478,aot,70554278.36923076,
20663590,aot,75535863.81132075,
20665067,aot,75167817.36363636,gas-used mismatch for 0x0ae1ac2b7b0ad71f662ec19afd396deff39cb9d60e134a16a3587a92a38f4de0: expected 264055 found 215866
20665301,aot,40298478.68461538,
20668255,aot,27344236.68159204,
20666567,aot,60678342.525,gas-used mismatch for 0xdd91da2dfa1959c32e29396c41e8a71ab2b6953de2e64b5d5d06043f6eb736c9: expected 282674 found 49274
20665278,aot,37512839.13592233,gas-used mismatch for 0xe29702fe33db22782d04dc49585be71333ae36b0736ffb88840220cb261a1344: expected 223709 found 144559
20664926,aot,47383608.59398496,
20668630,aot,60110095.43333333,
20664973,aot,55958282.45283019,
20663602,aot,58028697.4868421,
20666005,aot,81043085.07936507,gas-used mismatch for 0xb45f4295dc7797e9a3f1cba2730d0a9dc53a64b032eba95f563f9b7d46c48816: expected 450117 found 95880
20664880,aot,45946897.53658537,
20663614,aot,101869041.5,
20665348,aot,49220777.80141844,
20664130,aot,59260126.6344086,
20665266,aot,52147413.71111111,
20665630,aot,74871965.70588236,gas-used mismatch for 0x09f7d3428de24d72f5c00ba36ace864ef4feb3aba1e5ad9abea342d970c698ca: expected 350122 found 95868
20667973,aot,53824045.371681415,
20665536,aot,42090086.64285714,
20663661,aot,75615986.14473684,
20669005,aot,72841189.59036145,
20667881,aot,48750277.56603774,
20666404,aot,86260178.66666667,
20666381,aot,54844009.1632653,
20666532,aot,61767198.28,gas-used mismatch for 0x9164cccc564adbf57c4a4d87b49e313b077c0a95b298e63042890207c353e247: expected 862947 found 679264
20666544,aot,31954608.025,
20666662,aot,38602032.03960396,
20665818,aot,76745162.67605634,gas-used mismatch for 0x3a4be0c66beeb288869024a28cad6036f4f3517ebe8a46db74944b93c4518197: expected 245400 found 208763
20663568,aot,28242013.509677418,
20666521,aot,45149215.416666664,
20666497,aot,66299248.03614458,
20665115,aot,58424898.475409836,gas-used mismatch for 0xa3ff1ec70f3ddc6032dc207ce2cd44d4fc85d6d78d94ba24c20f8aa81e56e065: expected 261695 found 212288
20668068,aot,39405808.36734694,
20665162,aot,77056947.11842105,
20665091,aot,45491928.27826087,
20668256,aot,60336720.08,
20666943,aot,48925929.18867925,
20663591,aot,48479237.81818182,
20667131,aot,44826815.47407407,
20666485,aot,68520660.41025642,
20665443,aot,101432384.68,
20666890,aot,78689378.21311475,
20666756,aot,80741662.15384616,
20663603,aot,50500968.057142854,
20663381,aot,78758437.38028169,
20666849,aot,52023660.81481481,
20665391,aot,52443796.46296296,
20665256,aot,54052375.557522126,
20663756,aot,56857506.62376238,
20665068,aot,53730913.425742574,
20668631,aot,35540486.18333333,
20666006,aot,2691852.787218045,
20665279,aot,80709816.4137931,
20666615,aot,66669675.270833336,
20666568,aot,58323349.071428575,
20663615,aot,36898285.03333333,
20666427,aot,74139363.54081632,
20665349,aot,59147406.425,
20664927,aot,50294538.61016949,
20665302,aot,63037187.981818184,
20665631,aot,65938297.295774646,gas-used mismatch for 0xf38961bf5ea25b3213238f6cc0f6e6085c1a3688a50579d0bb429c54a1af0baf: expected 336670 found 98969
20667974,aot,50519626.57777778,
20664974,aot,100048047.49206349,
20665537,aot,57655460.8,
20664131,aot,42626302.89864865,
20667882,aot,49356446.46666667,
20665267,aot,57524926.925925925,
20664881,aot,62655279.333333336,
20663662,aot,22360451.984790873,
20669006,aot,72111850.075,gas-used mismatch for 0x6e07a65ff6a6129fd4df39cd95316b3cca0bbfecacb7ba02030877db10f511e3: expected 1194643 found 664692
20666533,aot,53803304.938271604,
20666382,aot,75661388.22857143,
20665819,aot,49821479.52222222,
20665092,aot,23111066.71895425,gas-used mismatch for 0xe82d5cc8d37f3da5595497854a4d3f6f8328cb54e4d8c1d64fcc80cb2aa40170: expected 350134 found 95880
20666405,aot,58657076.39047619,gas-used mismatch for 0xe3c3edb9e55f18b24877f07091751898f9d3b9e236c3f89aff0490d265bc026f: expected 1063990 found 437837
20665116,aot,34092687.2109375,
20666944,aot,4942196.782608695,
20665163,aot,62397998.14285714,
20668069,aot,25869881.28,gas-used mismatch for 0x0e64beef7334eed9fd05787b0c959e96bc4dd011c40a9632cf704c0edff73b49: expected 394819 found 189163
20663757,aot,46896262.256410256,
20665069,aot,22103509.311764706,
20665444,aot,61862530.02816901,
20666663,aot,51745525.19548872,gas-used mismatch for 0x20841ae09d3a3b6e8f74c75fdba0b41268c02a8c47ad44db1bd2f2002eeea4b8: expected 302931 found 211137
20666850,aot,86090812.53333333,
20666486,aot,69120795.9,gas-used mismatch for 0xdc871e9e0436657895d2a31e35ea6caeac0958c0206e7c3ac16673f32b04eca8: expected 299697 found 211068
20666891,aot,76958414.1724138,
20665392,aot,43950378.96842105,
20663592,aot,48103626.59090909,
20666498,aot,90537642.75342466,
20666616,aot,2412693.7568781585,
20663382,aot,28107068.56451613,
20666522,aot,104670159.15151516,
20666545,aot,61577309.5859375,
20667132,aot,125173758.0,
20665257,aot,54445458.81052632,
20665280,aot,54139322.823529415,
20668632,aot,119101166.09756097,
20666569,aot,74970690.20689656,
20663569,aot,107642029.15789473,
20668257,aot,6855369.740913327,
20666757,aot,57847498.04424779,
20665632,aot,3077398.6229180545,
20664928,aot,92859736.95652173,
20665350,aot,36847065.155555554,
20663604,aot,59262126.766666666,gas-used mismatch for 0x300f7a366a6aac9584eaeb64040a5931c96de27e5f77148e00a5c747b171411b: expected 375162 found 315246
20666007,aot,94218840.12307692,
20664132,aot,40526267.53333333,gas-used mismatch for 0x266a0412628d42a955a420f1d9aa3d48bb099c41c078bc8a399cc931b3afa9bb: expected 375126 found 315210
20665303,aot,118478998.65,
20663616,aot,70282991.67058824,
20664975,aot,49061005.76,
20664882,aot,50457255.125,
20665538,aot,55156083.253012046,
20666428,aot,84455304.71794872,
20667975,aot,74001367.41975309,gas-used mismatch for 0xd988db5fc93ee23cede2604c84eba2d1015c239fb08eb8f27281ec80a3b098ef: expected 394707 found 189141
20663663,aot,60338887.13636363,
20665268,aot,43429142.05405405,
20667883,aot,31505218.289017342,
20666534,aot,80884935.1147541,
20666383,aot,27541195.765027322,
20668070,aot,75043851.66666667,gas-used mismatch for 0x3a5cf41a40fe66391ed05a99b3390bbb7daa9e4817dd03ded8d26887810d5540: expected 550712 found 381575
20665164,aot,54765403.30263158,
20666406,aot,26739210.705263156,
20669007,aot,26911590.14176245,
20665393,aot,56859771.083333336,
20665820,aot,45217253.51428571,
20665117,aot,16268152.4738292,
20666945,aot,92706505.18461539,gas-used mismatch for 0x7fe32088e83a39cd34e2b57f41aa0a869fbc094b9c579878bba5811bb541d8bd: expected 1556993 found 818843
20666487,aot,19969015.36521739,
20666851,aot,46398877.18,
20665093,aot,81667071.60493827,gas-used mismatch for 0x16e856e24a2a949defcd60146d8f76341a6ada8871d192c61112d81c4324fe0d: expected 366043 found 306374
20665445,aot,51789414.279569894,
20666499,aot,37860156.36036036,
20666664,aot,71915527.53521127,gas-used mismatch for 0xc664ea438f9f903af9593f3532bf8883a56f65181e13e7d07bade2fa8165f4dd: expected 285990 found 238357
20663383,aot,78023911.5,
20666523,aot,46977236.0625,gas-used mismatch for 0xc7bebedfc5e55b2a26f0c560b2e16b66b505152b5f401a212cdb21d57703c713: expected 1124480 found 432756
20665258,aot,68973254.5,
20666546,aot,77026873.18181819,
20666617,aot,121147497.18181819,
20663570,aot,59278190.72857143,
20665070,aot,83419658.0,
20666892,aot,48234591.4296875,
20668633,aot,37672577.55639098,
20663593,aot,78497307.8219178,
20663758,aot,45374753.6,
20667133,aot,112514559.15555556,
20668258,aot,39906713.17073171,
20665351,aot,52783086.87179487,
20665281,aot,1778587.913055954,
20664929,aot,56086400.035294116,
20664133,aot,48814726.010752685,
20666758,aot,56346891.92631579,
20663617,aot,36941300.37288135,
20663605,aot,64739699.25925926,gas-used mismatch for 0x673e1685d5b9e5ba06f755126b39d269825b38a6cca97436c1e04bdc24658060: expected 710615 found 437444
20666429,aot,42353644.82795699,
20666008,aot,59188585.97,
20664976,aot,54828175.30107527,
20665269,aot,48792686.14772727,gas-used mismatch for 0x79f7d9d5cb33bc6665eb776a1794333e51703c2ef0813ad1f3841a90d3374f76: expected 209407 found 82074
20667884,aot,30567901.61068702,
20665633,aot,106285765.96825397,gas-used mismatch for 0xc0f8396dd8195b51279ce3784e6837e01c78ae5dd91fc52ddd9c502d8603ac1e: expected 199768 found 82074
20665539,aot,74729223.53333333,
20666570,aot,38358013.24878049,
20663664,aot,57622660.421052635,
20665304,aot,72127808.04301076,
20666384,aot,73286012.56666666,
20665165,aot,22770200.32,
20666407,aot,11102682.42615012,
20664883,aot,79149327.24175824,
20666535,aot,63156926.80645161,
20667976,aot,67067137.708737865,gas-used mismatch for 0xd33c106d5a3c9bdd916c17a98700e595fc4c3d80cc7741e9cfbd48f3456ffcbb: expected 393513 found 189163
20669008,aot,58598137.24691358,
20665118,aot,56264592.833333336,
20666946,aot,63725544.0,
20665821,aot,53803595.9,gas-used mismatch for 0xeea736ed1bd272141c4fb1d23cfde7a6378251065565ea37943cd9016c94dd37: expected 391640 found 95868
20668071,aot,64242409.1,
20665394,aot,35128492.425806455,
20665446,aot,48579302.161290325,gas-used mismatch for 0x0e7242e364199501a03d6694168ea9b9f6d40a6fbdce4adbcc6a4904b581276c: expected 351144 found 202222
20666547,aot,62747777.803571425,
20663384,aot,27377874.064102564,
20666524,aot,35044996.38970588,
20665094,aot,71833279.71830986,
20666500,aot,61216337.71764706,
20665259,aot,39842661.15873016,gas-used mismatch for 0xac47249ac0b935c65a98a5b8a25e7f5d6f60647fe529be7a639f04b947463330: expected 735272 found 326163
20664930,aot,50738011.86153846,
20665071,aot,34685644.9765625,
20666488,aot,170082466.41935483,
20666893,aot,58954481.94736842,
20666852,aot,103489158.59016393,gas-used mismatch for 0xe0990ae6773903983760ba52a1272013438139897f9808080008bc598edc4adb: expected 791733 found 490572
20663759,aot,47871781.93684211,gas-used mismatch for 0x135f2f6787278aaa557d1a0b678fa6ee50faec6622795da83e33d154880f6e63: expected 322320 found 95928
20663594,aot,61763532.157142855,gas-used mismatch for 0x81698ff7d394d157df5b7b092ea58ef3314a46226f22c9e886c783942c8374e3: expected 206867 found 174969
20667134,aot,57436435.55263158,gas-used mismatch for 0x5bbdbfc5c15979ead6a2fe0cb8414364d39e547f9f508b9903f482b3b03bda19: expected 782193 found 1158480
20666665,aot,75880834.8875,
20665352,aot,20923680.81858407,
20663571,aot,51473345.04347826,
20666759,aot,44657932.68367347,
20666618,aot,78616167.09333333,
20668259,aot,91864876.05172414,gas-used mismatch for 0xe7c23c65bfde82e2b185f3ba378529f832ac579e34b8b3fbdac17e9347e931f6: expected 303529 found 234173
20666430,aot,59290030.28,
20664134,aot,30203679.529761903,gas-used mismatch for 0xb17bff7caa3c379ce1e14f2d7d0538640f0b417fc420b12514c5b6c9188b958f: expected 602673 found 351370
20663618,aot,51336336.346938774,gas-used mismatch for 0x79457044cf5dbcf85641183d6386cc9905a723afd7eb147ff826cb76ecd7eb66: expected 366091 found 306422
20665282,aot,119285349.28888889,gas-used mismatch for 0x654ab560e51d375c8c99edc4803d2e1b9f95a57a4df619ef5da0d7b2fcc832aa: expected 208453 found 144540
20668634,aot,84755305.49333334,
20665305,aot,32343221.09,
20665634,aot,64456960.96666667,
20663606,aot,57253728.010204084,gas-used mismatch for 0x6d629e24f6de37c49f9334dda1c2449ecae3560470814f25fc6d98dcaabe9ed2: expected 196055 found 81738
20665270,aot,20895076.855932202,
20667885,aot,90600671.4,
20666385,aot,83915918.88,gas-used mismatch for 0xec0bb6013d4984491d68bf2ac5e97eef084235346239c53e361d4f08b303c27a: expected 838032 found 338404
20666009,aot,52698561.65,
20666536,aot,46532024.51764706,
20663665,aot,50878008.88888889,
20665540,aot,64525358.18181818,
20666571,aot,67415087.03488372,
20666408,aot,63401887.315789476,
20664977,aot,62762312.451327436,
20665166,aot,28308361.22631579,
20669009,aot,47190791.61386139,
20666947,aot,54809542.65060241,gas-used mismatch for 0xfe2c3dd015373a714cbefcfa2fa248afbccfc21643910a6f2c3d1eb510bdd0cd: expected 195418 found 81646
20666501,aot,30093052.90909091,
20667977,aot,60431515.182795696,
20665395,aot,13389129.337950138,
20665095,aot,34324465.550847456,
20665447,aot,50923687.916666664,
20665119,aot,32770107.057803467,
20665822,aot,26819691.966346152,
20664884,aot,61068052.905660376,
20666525,aot,50312742.19318182,
20663385,aot,68112579.7375,
20668072,aot,17589772.23478261,
20666548,aot,33567400.94857143,
20666894,aot,46601638.30612245,
20667135,aot,63802553.96969697,
20664931,aot,69862124.24285714,
20663572,aot,48905043.57333333,
20666666,aot,33193604.588235293,
20666760,aot,56415086.3382353,
20665072,aot,59704663.59090909,
20663760,aot,13497740.653658537,
20666853,aot,53185477.81132075,
20665260,aot,119319362.49056605,gas-used mismatch for 0x46133d5131c29a5b2a3a948a9c2725abf62a1d0e37883ab80d1beb21ca500ce4: expected 210152 found 81762
20666489,aot,32693910.10106383,
20668260,aot,69160665.20634921,
20665271,aot,15393460.860869566,
20663607,aot,46843148.833333336,
20665353,aot,71785849.36986302,
20664135,aot,63009418.320512824,
20663619,aot,48901165.071428575,
20663595,aot,71980390.35416667,
20666619,aot,77419827.98630136,
20665306,aot,50205999.39784946,
20665635,aot,45409906.02912621,
20666431,aot,71827311.01282051,
20666010,aot,44801323.13235294,
20668635,aot,70513987.82051282,
20665283,aot,84782417.85915492,
20667886,aot,4710488.419004525,
20664978,aot,56690297.56060606,
20666537,aot,62167923.49295775,
20665541,aot,28940709.16875,gas-used mismatch for 0x2c03735bfb2049f7f9fb93026c516392affe8590b9d838c8ecd09bdf8246668d: expected 218934 found 144535
20666386,aot,68570850.37349397,gas-used mismatch for 0x387c76654dc7dadd37f05369eebc989031b6e5d0140c908ea338a821ec30a880: expected 351748 found 202210
20666572,aot,46910323.42727273,
20667978,aot,76852874.28301887,
20663666,aot,58583114.89814815,
20666409,aot,91164416.31147541,
20666948,aot,33056868.075949367,
20666502,aot,4143.946223207779,
20669010,aot,52858358.98,
20666667,aot,112549414.70967741,gas-used mismatch for 0x54ad6638f0c2003fc5a54f20be1ac001adc1c3d3973104764a64d3b307901282: expected 869047 found 343738
20665167,aot,113464980.16363636,gas-used mismatch for 0x5cf42ca5b341bffb5fe81db72870f4e7d9f977168ab8355f601d4d477e13675b: expected 386084 found 95880
20663386,aot,34683984.25714286,gas-used mismatch for 0xf9732b25531054c5590dbd66106702493c73545b6c46056298b4419884a56982: expected 194559 found 81738
20664885,aot,83513142.28571428,
20665120,aot,54904079.56435644,
20665448,aot,60944240.96703297,
20665823,aot,78364740.12857144,gas-used mismatch for 0xd52a848e31fb57aeceb66298800d66423da21d76b06292040e3f0582423e07e1: expected 191472 found 81738
20664932,aot,39190100.347826086,
20666761,aot,49383607.894117646,
20668073,aot,76675580.25714286,gas-used mismatch for 0xc3e9b444b114d0fa39241e9f20ca729c895e4dc5966d4e8d6f6e588480bf47ab: expected 581479 found 861438
20665906,aot,95270294.01666667,
20666549,aot,84991318.16393442,
20665073,aot,79822622.3,
20665096,aot,45565735.68918919,
20665396,aot,120219524.53571428,
20666490,aot,54426067.615384616,gas-used mismatch for 0x6f31c265941e2ef875bc5441c3c648d004ee4ccda1cb6a701364338a488a4da8: expected 277413 found 208753
20668261,aot,44428188.067961164,gas-used mismatch for 0x50b6df9edf8d522e410b77d3df769c8f2ff3b72ccb8ef92672591c14ccbc7577: expected 333034 found 95880
20666895,aot,87346528.92307693,
20666011,aot,4299946.282909931,
20663761,aot,171303770.0357143,
20663573,aot,56577564.18518519,
20668636,aot,30233657.944444444,
20667136,aot,86110170.58666667,
20665307,aot,23278299.989071038,
20664136,aot,86025288.375,
20665636,aot,54301329.5875,
20666854,aot,195709749.5,gas-used mismatch for 0x0c7569b7e87f72d88175eb7f9c82ebd719d98c4d8bf9afa3627e01cf1b3f11d2: expected 838032 found 338404
20666432,aot,48480421.06593407,
20664898,aot,80084634.25333333,
20665272,aot,137209573.93023255,
20665354,aot,42503017.10135135,
20663620,aot,72162251.33333333,
20666620,aot,70203228.55555555,
20663608,aot,72159418.36666666,
20667887,aot,85951052.47272727,gas-used mismatch for 0x83ea65eb838966bf784d679d7e1f90738dde42a66166eb52299695e4c9da6bd8: expected 360109 found 222318
20663596,aot,55133205.48275862,gas-used mismatch for 0x778fa52a192f84244316a0d80b25de79fc979e0895c658c8e938fa528ac43e82: expected 213146 found 144540
20665284,aot,47235284.64,gas-used mismatch for 0x98d18a25bbc89c1601dd57e6f06d7b8b98807eca84f018c4c93ed77bb2c2b9ed: expected 302330 found 257648
20666913,aot,52272781.86666667,
20669011,aot,17299686.95287958,
20665542,aot,63931884.505494505,
20663667,aot,25762662.411042944,
20666387,aot,10682486.668032788,
20664979,aot,44459529.4751773,
20666573,aot,76411825.36923076,
20666410,aot,22844657.472636815,
20667979,aot,73174507.15068494,
20665824,aot,37267262.11881188,
20665121,aot,63711299.475409836,gas-used mismatch for 0x17bdc64afe3a802503e9112c15f9183d39215ba3c2250cfac996768000236710: expected 674501 found 585847
20665168,aot,71227087.01470588,
20663387,aot,64398002.75714286,
20666503,aot,109179123.35416667,
20666668,aot,77706843.41538462,
20665074,aot,62777194.98214286,
20665449,aot,47819548.25,
20665097,aot,50411521.0131579,gas-used mismatch for 0xc99f3b8dd2d033fc0ebef871c92ea629727cf639fe29447c362c63e93ea00cf2: expected 370177 found 95880
20665907,aot,67818173.71212122,
20663762,aot,54134578.56666667,
20666896,aot,62080356.0862069,
20664933,aot,46551001.95652174,
20663574,aot,45351743.71764706,
20666855,aot,43805212.54285714,
20664886,aot,53097027.71900827,gas-used mismatch for 0x44ab893436ff1ce8ba3e1312525c3ad49a2c9ddf1c7426bfa7e44aed6e5c37c1: expected 371239 found 95904
20666949,aot,134259312.3137255,
20665397,aot,102237216.91304348,
20668015,aot,36341967.239583336,gas-used mismatch for 0x894cabe30e60ccc9f1279a5f7afc8938f8576a88631868adf142c370b15ce255: expected 394719 found 189163
20664137,aot,61947924.89393939,
20666556,aot,88002412.72131148,
20668074,aot,72019101.43529412,
20668637,aot,70789818.98484848,
20667137,aot,40602650.488,
20666433,aot,64266542.97058824,
20664899,aot,48702103.41052631,
20668262,aot,69027412.9090909,gas-used mismatch for 0x4c6274dcee75b304383f2215844eb9b341639367a8be7707af34ab80b800d7ed: expected 870770 found 615465
20666550,aot,44464769.7278481,gas-used mismatch for 0xa23c9ad83cd91e7a741e7dcca9ca042c07f2ecb9ae5b1923e27a024ce80d4fb9: expected 194837 found 166017
20666762,aot,67756897.94444445,
20666012,aot,95788115.6031746,gas-used mismatch for 0x12a649064ef95fab903b342ff93d76ee7e0c03f2d6765ac5cbc5ad7f0f5391b8: expected 293468 found 95868
20665308,aot,90766674.69117647,gas-used mismatch for 0xb3d5a4a75a47a05b4173d5559514636a8d2ae1e71747655550dcbf5bb0db9323: expected 388517 found 236771
20665355,aot,33040152.662251655,gas-used mismatch for 0x32860a86fb3c695c6ad050775e45690d956720384f032db73c5e5614e3514e63: expected 305438 found 95868
20667888,aot,75674564.06666666,
20663621,aot,61616292.638554215,
20665543,aot,44611947.43076923,
20666621,aot,43622779.856,
20665578,aot,43461721.26923077,
20665637,aot,49289095.79710145,
20667980,aot,52182727.092307694,
20666914,aot,27103297.921465967,
20665285,aot,102227447.74509804,
20664980,aot,80129970.07142857,
20666669,aot,22627099.926666666,
20665413,aot,89631488.28767124,
20666574,aot,54785658.541666664,
20665169,aot,54393766.41428571,
20666388,aot,94115981.375,
20669012,aot,69095786.63953489,
20663668,aot,39765957.006896555,gas-used mismatch for 0x776040bd5c9510c3a008792cf0fab576e1427dfcef965f0cb5a40afc20f46a3c: expected 712615 found 437444
20663388,aot,28890504.04109589,
20666411,aot,98676468.5471698,
20665825,aot,63785706.04545455,gas-used mismatch for 0x3be238b4739866ac8f10a9e03b4c70475f907c3b8a20e62c32c410372d9f305c: expected 407232 found 226841
20663575,aot,39275607.82727273,
20665398,aot,65286057.551724136,gas-used mismatch for 0x876f78133fbcba2bb3585f06ec807c60af5a085753fe6d7bfb716db44b82a3ed: expected 586165 found 407449
20664934,aot,71142370.2,
20665122,aot,47876192.580882356,
20666504,aot,101822169.49056605,
20666950,aot,49340056.29069767,
20663763,aot,33126625.76969697,
20665098,aot,44129946.669172935,
20667138,aot,37995725.354166664,
20668638,aot,61012656.26984127,gas-used mismatch for 0xcf55569372b8264cc34c446cecb16a86921be41aca294d9efed1ea7e520fe0df: expected 712615 found 437444
20664887,aot,35809206.4,
20666897,aot,84291257.92063493,
20666557,aot,86754111.82608695,
20664138,aot,60990834.955882356,
20665450,aot,62288284.52380952,
20666763,aot,16940721.56521739,
20668075,aot,54664895.428571425,
20665075,aot,75087274.61165048,
20668016,aot,103070773.89285715,
20666434,aot,50991579.55339806,
20666013,aot,78006065.16071428,
20665908,aot,73951462.95145631,
20666856,aot,85533685.80722892,gas-used mismatch for 0x06d7354218cce6668876cb36abdd818fceaf4c980f304eb87bb75ef32d5c5af1: expected 441655 found 95880
20666551,aot,73415241.69117647,
20663622,aot,71930849.56896552,
20668263,aot,59457731.78021978,gas-used mismatch for 0x69e024e01f4f25466dc5e4103896780cb3ea140ffbb793d6049420dbc9c835a9: expected 385373 found 95868
20664900,aot,45036928.17460317,
20665579,aot,45679103.68817204,
20665544,aot,39911069.87804878,
20665356,aot,53071184.114285715,
20665286,aot,42000839.36666667,
20667889,aot,104469990.92727272,
20664981,aot,48684279.57647059,
20665309,aot,129665247.41666667,
20666622,aot,78879142.32394366,
20665638,aot,48885448.16153846,
20663389,aot,70224486.2413793,
20665170,aot,55844903.95061728,
20666915,aot,9523906.537953796,
20669013,aot,84516252.63636364,
20666670,aot,94676428.5862069,gas-used mismatch for 0x7ef17a96640ae4aa92710d21327400589f98ea24fee72eabad6baa26c40c3f4c: expected 365671 found 306002
20666412,aot,44861663.79090909,gas-used mismatch for 0xd23de6e5bda337643db11b734e4425dfa228233eef43bb109c50d090072d1e69: expected 262550 found 213769
20666389,aot,46369641.66115703,gas-used mismatch for 0xff4ce9388f71347f1fb6cd4c05a4c73cdd6c8d5f0d3802be4e289fb593467850: expected 843103 found 338416
20665826,aot,35180545.686956525,gas-used mismatch for 0xb08467b03450bb228310ce4a5e18a8a192b3d333f7304eb837e7cb2db105d7bf: expected 199930 found 82074
20663669,aot,121083052.975,
20666575,aot,47891932.0,
20667981,aot,4189215.1039106147,
20665414,aot,86810382.88571429,
20665099,aot,57710296.84126984,
20666951,aot,35644982.18103448,
20663764,aot,58390339.01428571,
20665399,aot,34037105.03448276,
20664935,aot,79833824.38333334,
20663576,aot,42928801.72357724,gas-used mismatch for 0x3fadbbca0033e999e1d477f2e1d3c5bd448f010ad3e3c597089babce2c0aa4c1: expected 302280 found 211149
20664888,aot,80672406.78431372,
20667139,aot,105748541.3255814,
20665076,aot,29868707.601769913,
20666558,aot,88003445.37931034,gas-used mismatch for 0x39f5b0c5d86d94ee32b0191e9234e2ee592c0f2ee2da19a100eb9c4b316e5d63: expected 391170 found 95868
20664139,aot,35772687.62962963,
20665451,aot,61382916.96052632,gas-used mismatch for 0xfb7b570adedca4c133d0baded25f271cae9346189d78576cc609bdb541313796: expected 490133 found 349516
20666764,aot,73859634.35849057,
20668264,aot,39772195.09210526,gas-used mismatch for 0x00d549e07ef824b466f58921f4ecc04f4cc2e53c3609b0e314717f4d02531208: expected 270782 found 199172
20665123,aot,71328855.86746988,
20666505,aot,51006214.67460317,gas-used mismatch for 0x5744ca36128d79dff6df01958c673fb9fdd9d6dfcc7f6a7c6a77b292cafa9dc7: expected 198768 found 81646
20668639,aot,87104568.0,
20666552,aot,48367676.47777778,
20666898,aot,87948832.71428572,
20665909,aot,78861021.01785715,
20668076,aot,48499168.86792453,
20668017,aot,48383794.38938053,gas-used mismatch for 0x74a520f2f78315902e9b1a58d928ddcc8400400b170e393088c916fbbd4e5559: expected 378790 found 292000
20666857,aot,76811137.83823529,
20665287,aot,76885663.25454545,
20663623,aot,45048528.29752066,
20666435,aot,51285082.279661015,
20665580,aot,40410808.6015625,
20666014,aot,102595124.63934426,gas-used mismatch for 0x3a344b5a1c2382ddb32754f8b9021ceee42988dc42d39db55a22df4250f889eb: expected 270262 found 208763
20664901,aot,87866050.84848484,gas-used mismatch for 0xceb809b5fbdd2faabe0ac34621b58f64804710247001c07f7f724208c4d09cd5: expected 182818 found 157077
20663390,aot,26527002.057971016,
20665545,aot,44614849.0367647,
20667890,aot,56404990.96842105,
20665357,aot,42828298.46206897,
20664982,aot,45794630.912,
20666623,aot,57240316.68817204,
20665310,aot,3382331.407260352,
20666390,aot,45824206.46315789,
20666413,aot,27339624.701754387,
20666576,aot,51207003.84337349,
20669014,aot,71744287.90140845,
20665639,aot,99532398.83928572,
20666671,aot,58781968.0,
20663670,aot,69751900.32394366,gas-used mismatch for 0xf897492ad83431dc11ade92ea5948db6d13239178fa4704b9ebd7be596f7860d: expected 266951 found 219661
20665100,aot,45764190.37362637,
20665171,aot,52853480.4661017,
20667982,aot,46745959.366336636,
20665415,aot,74969454.96825397,
20665827,aot,84831605.43333334,
20666916,aot,113717601.14,
20663765,aot,54645432.755813956,
20665077,aot,35147597.775,
20666952,aot,78442869.84931506,gas-used mismatch for 0x9126878429842dd922be50808117d9b8c1e13d58c9445556ccedb9f5181e8ff8: expected 421317 found 226878
20667140,aot,68033386.7887324,gas-used mismatch for 0xa343b3d06434e667c05a7cc5682ac36522a0b7a6c42c063dfbfd0b1770d9e981: expected 270782 found 199162
20664889,aot,38094277.885714285,
20663577,aot,88033015.1724138,
20664936,aot,45706034.421875,
20665452,aot,72299451.73529412,
20668640,aot,45852405.65934066,
20665124,aot,16285239.102040816,
20666765,aot,52406380.946902655,
20668265,aot,42081125.45390071,
20664140,aot,73210987.16470589,
20665400,aot,78288616.31868131,
20666559,aot,61568422.49,
20666506,aot,79358983.53846154,
20668077,aot,21900409.49579832,
20666899,aot,55813248.40860215,
20666436,aot,40206470.21875,
20666015,aot,34964728.35135135,gas-used mismatch for 0x58676bb06ff8bcee8b1c3d6971e09f6344b2dad3b773d977d6e8aa54bb7a589e: expected 1117483 found 507089
20665288,aot,59126677.071428575,
20666858,aot,47779049.59,
20665910,aot,86306113.84931506,
20663391,aot,73483622.75,
20664902,aot,62227126.197530866,gas-used mismatch for 0xc07a4e17d5a0397214f7a7237712ad86b08d183d4263547696a275c5e5be7a33: expected 838032 found 338404
20668018,aot,61375453.03636364,
20666624,aot,40636106.00952381,
20665581,aot,29789880.37313433,
20665546,aot,47365942.61320755,
20667891,aot,19271847.10989011,
20666553,aot,51569700.929487176,
20665358,aot,59337072.91764706,
20666391,aot,115324948.13157895,gas-used mismatch for 0xef2625ec4421d93035834299b1c2c27e99c0d446e2d714db034c92c661922d4a: expected 709564 found 583344
20663624,aot,73884717.80612245,
20665640,aot,60600150.618421055,
20663671,aot,61343067.04285714,
20666577,aot,77087129.33333333,
20665311,aot,115687960.42222223,
20669015,aot,54213303.8,
20666414,aot,65988110.89156626,
20664983,aot,102098808.31746031,
20666917,aot,104378615.43478261,
20665416,aot,60469655.85227273,
20667983,aot,29723710.763157893,gas-used mismatch for 0xb1e9f6328fe4035ca913267da90230c4cd0df8ad9d79aa4ef976e0c7bb9d45f1: expected 263219 found 196669
20667141,aot,17401475.546511628,
20665172,aot,19743585.07788162,
20665101,aot,79617369.23076923,
20666672,aot,58704340.21818182,
20665078,aot,91309986.66071428,
20663766,aot,56239474.15625,
20668641,aot,3902732.5127272727,
20663578,aot,35967024.0078125,
20665828,aot,58144101.36936937,
20666953,aot,40628395.39041096,
20664937,aot,40900739.20610687,
20665453,aot,41821833.5952381,gas-used mismatch for 0xe87d9f3620f5baa6c6ca115156f126c07cef64507d9e0e10fa7c79fce3ce0152: expected 262817 found 241066
20664141,aot,68128061.24615385,
20664890,aot,24161072.04887218,
20666859,aot,81105001.16,
20668266,aot,67716143.06410256,gas-used mismatch for 0x6a09074a19d55bf1df44d53c0cddf179e8efa5f85542ca6ead380e6787a6137d: expected 871800 found 647808
20666437,aot,81146362.61666666,gas-used mismatch for 0x8b04c6dab841a1c04de42522b3050707f60bd04ef85b3cf35b8b5877f0c29fe0: expected 310078 found 234571
20666560,aot,40858572.55555555,
20666016,aot,57426413.07777778,
20665289,aot,48878801.70754717,
20665401,aot,65732535.91764706,
20668019,aot,72031480.91666667,
20666900,aot,41824956.88405797,
20666766,aot,20575051.971698113,gas-used mismatch for 0x47c654b33ec7cafc73aec99451f7f8946b486e9429017abda034a893eec4dec7: expected 255427 found 194166
20665911,aot,82194256.15517241,
20666507,aot,43330766.81506849,
20665125,aot,111499537.44827586,
20668078,aot,113410420.64285715,
20663392,aot,47027285.96551724,
20666625,aot,20916781.782258064,gas-used mismatch for 0xcca51d54778d42550088e1349f6dae67163c454634a317001627ef08ecd330d9: expected 779482 found 343915
20664903,aot,43435859.223076925,
20666578,aot,56470334.15384615,
20667892,aot,64860137.025641024,
20666554,aot,44405234.71818182,
20665547,aot,60599369.03488372,
20666392,aot,8583554.435294118,
20664984,aot,41237142.182795696,
20665312,aot,103507890.025,
20666415,aot,46779244.253012046,
20663672,aot,59679026.48192771,
20665359,aot,41756420.33103448,
20663625,aot,62245606.93333333,
20669016,aot,54066654.76344086,
20665102,aot,45396690.09210526,gas-used mismatch for 0x2fb759cf4656b7e51419033826178b7b8958890e16736e8a0347a73a3794320c: expected 196985 found 81646
20665079,aot,36560276.18888889,
20665582,aot,99458176.77272727,
20666918,aot,55400006.024096385,
20667984,aot,52053231.18888889,
20665641,aot,68082090.17204301,
20664938,aot,8190757.524461839,
20665829,aot,48420233.01941747,
20666673,aot,4630909.230706742,
20666954,aot,61138190.12328767,
20667142,aot,116245525.0,
20663767,aot,53271190.952380955,
20665417,aot,24833809.76363636,
20663579,aot,70586467.97530864,
20665290,aot,110409188.46666667,gas-used mismatch for 0x20c8f3c473ca9330cfaa35b0095a695edfb08ec4d2fe9aeeb45ecd04c6b1dfaa: expected 201013 found 81750
20665173,aot,76798129.97435898,
20666017,aot,55733213.93846154,gas-used mismatch for 0xae99cc72cd303b3c20cc8ea0feab0a48f81ed7334df1c21c928534ea8c79d17e: expected 306513 found 95868
20668642,aot,109094138.21568628,
20665454,aot,98133237.3125,
20664142,aot,65493782.44,
20665126,aot,48563559.21333333,gas-used mismatch for 0x1efe930fbacbae381db6a6a004b2cfd1621d81de9b0937b433f402cd70471f71: expected 381975 found 251999
20665912,aot,57068791.633802816,
20666860,aot,42107507.375,
20668020,aot,72817362.07692307,
20668267,aot,89937384.7090909,
20666438,aot,7056437.723970944,
20665402,aot,112216249.70833333,
20666767,aot,153080248.26666668,
20666579,aot,42689927.0,
20663393,aot,23361044.245,
20665548,aot,37809638.591836736,
20664891,aot,79370615.0117647,
20668079,aot,73825043.19117647,
20666561,aot,58954136.61818182,
20666555,aot,4629463.306962025,
20666508,aot,79735055.81690142,
20666901,aot,77915896.92105263,
20663626,aot,56253772.0,
20666626,aot,82962834.11764705,gas-used mismatch for 0x8781c7731ed1943366aef09da451fd1153f9dac1b8be804b8d9c46a709fc0518: expected 313225 found 239870
20665313,aot,27082592.12565445,
20667893,aot,82250194.75,
20666393,aot,84823222.15,
20665360,aot,53392082.1125,
20664904,aot,65324597.208333336,
20665103,aot,68299580.61764705,gas-used mismatch for 0x1c06b44eb961158a1378d485a43bf16bcf29a4ea5fdc82928963073d39a22396: expected 345004 found 95880
20666919,aot,62149128.873239435,
20665583,aot,42735037.81415929,gas-used mismatch for 0x42d20d919d0bc91a8556bb5bc5e17931c6ac6e17f6d14cfda0d699dc51ff8ac4: expected 348088 found 95880
20663673,aot,25860356.183486238,
20665080,aot,58078759.47674418,
20667985,aot,34093485.85925926,
20669017,aot,77289731.85915492,
20666416,aot,81582394.0410959,
20665418,aot,58698142.96,
20668643,aot,76597007.6,
20664985,aot,17293897.963942308,
20665642,aot,84829752.96923077,gas-used mismatch for 0x65efee65b47f9b201716a0610c054691e88dc47e4f511c8b2fba6098d131f73d: expected 949721 found 688329
20666674,aot,65200598.01724138,
20665830,aot,39762976.368,gas-used mismatch for 0xf0fe2b47d9a88dc97993975847fbc3336b8234a0c93ca849e21ca3aa43d64fa0: expected 1292484 found 130068
20667143,aot,61444027.4868421,
20666018,aot,32623350.033783782,
20664939,aot,102710806.67924528,
20665455,aot,46974772.37735849,
20666955,aot,83985104.1,
20664143,aot,55978380.56043956,gas-used mismatch for 0x8bc2a36c11b1a8235f39bd936a94e17bbd6b4ad82cf45702fa45dd0177909459: expected 255344 found 240486
20663768,aot,53597697.98095238,
20666861,aot,48167469.22352941,
20665174,aot,57515756.177083336,
20668021,aot,47003876.93069307,gas-used mismatch for 0xf18aad3257c331ab5cdf89dec04131c0cb385321c1828f9b7adcb76516daf629: expected 394819 found 189163
20666580,aot,10562837.101694915,
20665291,aot,87627791.09210527,
20665127,aot,52910781.320754714,
20665403,aot,80450066.24528302,
20666632,aot,75537798.49019608,gas-used mismatch for 0x009ff13f7a797d9ba1548dcf0d15548c48a09eba1c6792d8379f2ac7327994f2: expected 293518 found 196669
20666439,aot,15781931.34117647,
20665549,aot,64705394.557142854,
20666902,aot,61402191.86153846,
20668080,aot,23583259.635,
20663580,aot,93065431.90123457,
20668268,aot,31346601.860103626,
20665913,aot,81281104.4375,gas-used mismatch for 0x46d63ccb410b731920edc7cd4b7850f222fa2a390d35b410fb5d032f37afba14: expected 346053 found 95904
20666509,aot,65861171.093333334,gas-used mismatch for 0x6fa9e8b23779f459d6ec6b6d430b66ed4531206af00dfee32239c4c48395399a: expected 910051 found 651682
20663394,aot,38943109.10489511,
20664892,aot,71284403.18421052,
20666920,aot,68266104.44444445,
20663627,aot,40280837.43518519,
20664500,aot,70432295.725,
20666768,aot,76828506.22352941,
20664905,aot,81629173.43478261,gas-used mismatch for 0x760e75b2dbf908e39d71a119b75b297c97ef0a62c6abba706e13ccbc0f387de2: expected 629738 found 468573
20665314,aot,39720910.26086956,
20667894,aot,50887543.81318682,
20665361,aot,77031009.67213115,
20666417,aot,89577087.875,
20663674,aot,103234026.0,
20667986,aot,82750013.60784313,gas-used mismatch for 0x8c9e53a662f4f3148e9efc21b7103e1f8a2ad2b2370b81ca106afe69f034d2b2: expected 676170 found 585847
20666627,aot,97197516.46031746,gas-used mismatch for 0x228e6f8d482457b0908df30d70930e45fd06670b97da827e4be4f62bd13d7072: expected 563017 found 319915
20665104,aot,40632872.02054795,
20665584,aot,30106952.79581152,
20666394,aot,105438542.08196722,
20665419,aot,60903658.020833336,gas-used mismatch for 0xe7d0ac06f9ac3045b8b801fda4892181dbbb803b79cf5cbf0507ebaadfa521ca: expected 1721718 found 551667
20665643,aot,60062031.875,
20666019,aot,75151420.75471698,
20668644,aot,65606095.145833336,
20665175,aot,33465800.174603175,
20667144,aot,60115342.53684211,
20663769,aot,58453020.5,
20665081,aot,19543376.14285714,
20664940,aot,14395567.09383378,
20665456,aot,70625493.84507042,
20664986,aot,104019360.95454545,
20669018,aot,93912283.53012048,
20666956,aot,26669696.423255812,gas-used mismatch for 0x52977bbc5cca886d3589f87a3bdef66da9f84eb4dc53a46c9fb37426ce049cad: expected 412938 found 315318
20663581,aot,43940176.80263158,
20664144,aot,42259363.7265625,
20665831,aot,53148091.44360902,
20666675,aot,86262210.22093023,
20665292,aot,52938726.29069767,
20665128,aot,56897262.875,
20665404,aot,48295633.675925925,gas-used mismatch for 0xec575032f814d74a370d312c2630ba742ac3003dfa520c6e98a48f458ee1efe9: expected 158794 found 139208
20666862,aot,96191975.48484848,gas-used mismatch for 0x598cea5b3cb946ee44be4e093df88b7e3ec0b116f74d1103d7175416a1e4f880: expected 691695 found 580622
20666440,aot,94495358.70588236,gas-used mismatch for 0x8fd8124312a54bf16b6311c2b04dc437c74c666df99e56d0df255f860587ae11: expected 837456 found 706757
20666633,aot,6312907.69273743,
20666581,aot,99338130.57777777,
20668022,aot,92987710.55737706,
20666903,aot,44127447.33898305,
20664893,aot,21103715.8,
20665914,aot,40445009.6,
20665550,aot,56503169.4,
20668269,aot,73477255.22058824,gas-used mismatch for 0xa95b5dae722c0d23f2862071660b743168dd0e3b756ff14da17c9be925ec5a91: expected 383685 found 186567
20664906,aot,51230443.65882353,
20666769,aot,57238694.71084338,
20666921,aot,61845051.63953488,gas-used mismatch for 0xae334fda3f4744fff4fa52c45b4ea4944c32ff30cb1aa480e3d1f1a4e2cbf1a2: expected 301893 found 211086
20664501,aot,83586081.13846155,
20665315,aot,78066446.41269842,
20663628,aot,58403378.03125,gas-used mismatch for 0xb2efcdb624cfbd3b7478897a496eac6d0f404667cebe1d885580c820cbd9bfd7: expected 204791 found 82074
20666510,aot,34047763.20967742,
20663395,aot,94234377.74545455,
20668081,aot,88494874.475,gas-used mismatch for 0x6a9f1e9ed1e533cc90521a45fdd5a9e41be70b9da66d96e7c892739409b9f32b: expected 263128 found 245837
20666628,aot,42817890.182795696,
20666418,aot,46653623.59090909,
20666395,aot,42035117.86021505,gas-used mismatch for 0x3db2a3136924e53a58214e7671d2fac93c8f1bf77129cd06f3bee83696f46c56: expected 843103 found 338416
20667987,aot,71518852.3235294,
20665362,aot,31961764.853535354,
20663675,aot,46641088.16528925,
20665420,aot,28467587.911111113,
20667895,aot,61477701.126126125,
20665105,aot,7222392.019710907,
20663770,aot,36020391.61386139,
20665585,aot,93732730.41666667,
20664987,aot,53661535.928571425,
20663582,aot,38545393.824074075,
20666676,aot,64231949.87931035,
20667145,aot,40482500.576,
20669019,aot,47808470.708333336,
20664941,aot,89319387.23636363,
20665644,aot,62717442.66336634,
20665082,aot,78815449.55714285,gas-used mismatch for 0x023dc23c5fcedf7064d883765e789361d8433e592086733c2495d77e75e823e9: expected 1286439 found 868419
20666020,aot,91654620.64705883,
20668645,aot,4201659.327752736,
20665832,aot,46903592.824074075,gas-used mismatch for 0x6f7dc425b371bf91b09ddc16c3108b954f84740d93c741245226e67d819f14c3: expected 353110 found 95916
20665129,aot,44980516.60952381,
20666441,aot,88712678.42,
20665176,aot,39068072.86309524,
20664145,aot,76489712.76923077,gas-used mismatch for 0xe4ca0da5aa790046d3005528a8d781597b435781a612055540b1e03dd764f4c2: expected 582131 found 343436
20668023,aot,39458062.432432435,
20666582,aot,82788361.9090909,gas-used mismatch for 0xefc9b3675826b98d1adbb6a735ac3da4a6f194761bc70c82355cfe005cb56d05: expected 561721 found 559198
20665457,aot,30239296.36956522,
20666863,aot,56051914.15384615,
20665915,aot,64142160.294117644,
20666904,aot,66641933.65789474,
20666957,aot,108577694.40983607,
20665293,aot,42339702.03333333,
20664894,aot,84610238.98275863,gas-used mismatch for 0xd5b27a19fd10fd82ecf397f512f806eaa58f5375b2962530fe1f479ca3808ba0: expected 323582 found 95880
20666634,aot,122730202.86046511,
20664907,aot,40095901.99186992,gas-used mismatch for 0x89dcff0570dfb2f6150e24d9dc5642f411cbe0d8ff807f4b66b6ec8dca8dd516: expected 263214 found 213759
20668082,aot,75690929.35294117,
20666922,aot,56268017.09090909,
20665405,aot,78882874.28235294,
20666770,aot,50978007.82,
20663396,aot,31496569.632258065,gas-used mismatch for 0x3c8c52ffe75264e7e82de1d846da8a259e6217c8866e9d9aefed37a2c73a6964: expected 590373 found 351370
20665551,aot,22906465.446494464,
20666419,aot,44569156.98019802,
20663629,aot,81398080.52380952,gas-used mismatch for 0xfff3a2be321dbe140301e7c963d6ba9a6122478d470ca6548d09d9c0858432bf: expected 712615 found 437444
20668270,aot,75568857.94117647,
20666511,aot,97613393.8275862,
20667988,aot,50760521.708333336,
20665316,aot,87857176.5909091,
20667896,aot,48467574.755813956,
20664502,aot,86958320.14285715,
20665421,aot,95155019.52830188,
20663676,aot,47420065.20720721,
20665106,aot,82879752.83018868,
20666396,aot,53011104.381355934,gas-used mismatch for 0xbb0a964cee96f229bc5db00a7fd681bf60e51892d8539b2d91aaa072a98ed2fc: expected 789364 found 658665
20666629,aot,114555207.30909091,
20663771,aot,19362425.74509804,
20665363,aot,88760040.9,
20665586,aot,60352769.46590909,gas-used mismatch for 0xf59917279c894708d1196328abdf7875bec33068e025732463e9eac4271885be: expected 369890 found 95868
20667146,aot,63974210.18571428,
20665833,aot,62855190.047619045,
20664988,aot,70034950.25641026,
20666677,aot,50822547.83809524,
20664942,aot,67497800.1780822,
20665645,aot,53394841.895833336,gas-used mismatch for 0x7b2d889ea80298176597b1749bbb32f920232726a573378d7423e28141a382f8: expected 487565 found 95880
20668646,aot,134076163.08333333,gas-used mismatch for 0xcfefce753ef53805cef8d23e6caaa311fb4cb1387d3a9b2d13ba9166fb0184c6: expected 932470 found 385325
20666442,aot,39892590.722222224,
20669020,aot,82726110.14705883,
20663583,aot,15265642.938423645,gas-used mismatch for 0x3b6ad0741ddc3e17440c738e144a7a41ee35945ff854b0da212b2bde7ff066f4: expected 204516 found 82074
20666021,aot,38965436.56521739,
20665083,aot,75668095.97333333,
20666905,aot,61166548.91428571,gas-used mismatch for 0x6d6f50ca35efa225b50ab0beaac38938da98e62db9bcc4b5c8855acb755d44bd: expected 342405 found 95880
20665458,aot,52758997.08139535,
20668024,aot,44071972.345132746,
20665130,aot,53848009.038095236,
20666583,aot,33777716.013333336,
20664908,aot,64311981.63934426,
20665177,aot,113039886.48,
20666635,aot,89505221.9375,gas-used mismatch for 0x4d159b0768c9a196dd77ab7b2acb1dcf841e95a02992b9a8f840e39954f2cf66: expected 299645 found 226320
20666420,aot,62436742.941176474,
20664146,aot,51779304.35454545,
20666958,aot,77194108.77586207,
20665916,aot,92503677.49056605,
20666864,aot,8797428.546850998,
20665294,aot,69031272.67605634,
20666923,aot,66686388.32857143,
20666771,aot,51802722.23863637,
20668083,aot,21216985.103896104,
20663397,aot,68850870.98214285,
20668271,aot,57694553.82857143,
20663630,aot,49509696.166666664,
20664895,aot,60130527.32653061,
20665552,aot,51408398.4,
20665406,aot,55889252.82,
20665317,aot,40669058.23584906,
20666397,aot,35167815.8367347,
20666512,aot,75185740.98333333,gas-used mismatch for 0x5cb3b09ee6ada87043cdf0d2258c39b6362a07a274a0356325455e0ede84a2c1: expected 285627 found 213769
20664503,aot,52626138.69318182,
20667989,aot,69470155.09210527,
20665422,aot,44067314.90740741,
20663772,aot,67672566.13846155,gas-used mismatch for 0x792ba718f4d89e9117921029f352c7f6477ab86d74b13db240e904bfd93690cb: expected 367665 found 95868
20666630,aot,31346396.993243244,
20665107,aot,42744387.93495935,
20663677,aot,43658593.97058824,gas-used mismatch for 0x7aa3c7f8561ea283b36721d2b4a5f6ed82828e479bd4f95f997dd74daf206284: expected 228412 found 229514
20667897,aot,56176343.75423729,gas-used mismatch for 0xf5461008129653a80b33d2606a9c694eb9b27ffef2002f34e2f9bc35387a7c5f: expected 622974 found 37833
20665587,aot,54409557.55789474,
20669021,aot,6717454.725490196,
20665364,aot,75077130.20512821,
20666022,aot,55831184.72727273,gas-used mismatch for 0x951b17378f75577e039811d7b590ed49fff511bfd3f33db0449e7f18f0c947fa: expected 338244 found 95880
20665834,aot,59856946.14814815,gas-used mismatch for 0x241871eb49413aea37ae77f33defb5c311493ad86052abda2e8ff6dbfd975abb: expected 293508 found 213759
20668647,aot,24490913.786516853,
20666678,aot,97555800.43137255,
20663584,aot,61531548.76712329,
20665646,aot,16531289.8836478,
20664989,aot,58953354.84375,
20664909,aot,45624910.9875,
20666906,aot,49660843.233333334,
20665178,aot,50098511.85,gas-used mismatch for 0x15e1e2e4bde695c4446d3f71d332638163955618ea852a257c79f86f53a674b4: expected 396419 found 95868
20668025,aot,77805319.31147541,gas-used mismatch for 0x7aede937332e6e47925fe7bb9f3b96861040a7e81ee5527880b84810d1dde3f3: expected 701886 found 388534
20667500,aot,46897386.44318182,
20666443,aot,77038202.7236842,gas-used mismatch for 0xf1b1adc022f6d558dbe1cd8e07a5cf79ebaf6a1e7d2f9807bc240d78aa634ac9: expected 368323 found 251978
20666865,aot,141536755.80769232,gas-used mismatch for 0x7facb55e248d117710de969d2e16643e312b7f804d7e1c8cb05b604a50de47d5: expected 254009 found 209795
20663398,aot,70252843.07142857,gas-used mismatch for 0x96489335ec06bcf8441f1b7b7be1bcb410cd47a095007eab2ef09ace74a0277a: expected 404811 found 231973
20667147,aot,69841619.36363636,
20668084,aot,75828977.12727273,gas-used mismatch for 0xd602823d52696754e8922d60654326bfdea074d4bedd2b9467aa6a496dec23a1: expected 9173909 found 37833
20664896,aot,42540702.430232555,
20664943,aot,47766899.66225166,
20665459,aot,59295030.6407767,gas-used mismatch for 0xa9b82e9059757d4b08861fb2b365acce3df828da66fb9df6ff70bf3d36092099: expected 726832 found 470734
20666924,aot,59812233.14084507,
20664147,aot,93310901.94642857,
20665295,aot,60499945.744186044,
20666636,aot,72856586.34615384,
20665917,aot,58570313.6344086,
20665084,aot,66436742.042105265,
20666772,aot,53091683.284210525,
20668272,aot,51328302.9,
20666584,aot,149234844.38709676,
20665131,aot,80919584.60493827,
20663631,aot,63165711.84507042,
20666513,aot,61006689.11666667,
20666959,aot,50733442.03305785,
20668038,aot,38012248.309734516,
20665553,aot,65830865.8125,
20664504,aot,46777713.60204082,gas-used mismatch for 0x0581b3da7fd51878cbdf179b5fe4b7ae71e4665b8f7ade7c59435857ac9e52bc: expected 564984 found 95916
20665407,aot,53879236.61320755,gas-used mismatch for 0x46e8dae296ed7e048598b1c0574fbf8df8a0a810678f22135e0e1746410271a2: expected 396007 found 239894
20667990,aot,31013624.507142857,gas-used mismatch for 0x9b9542e6b6eb8045f6ae7f18e00835460aefb50b1a19f6826b0a040da619761e: expected 487435 found 95880
20665318,aot,12230015.305389222,
20665108,aot,49698164.322222225,
20663773,aot,46538034.6,
20669022,aot,83197713.125,
20667898,aot,81190103.88235295,
20666631,aot,44997578.71900827,
20665588,aot,23667883.422222223,
20665423,aot,73319701.12048192,
20663678,aot,69701805.33333333,
20665835,aot,62848205.21052632,
20666679,aot,35678390.35344828,
20668026,aot,36479980.885714285,gas-used mismatch for 0xf92849c61c0d1c85721601c1235c72e728e01488a6d576625db29fa402bf8162: expected 725483 found 251269
20668648,aot,65657662.275,gas-used mismatch for 0x837ee1983358562d3eb4cb761dc9f1bba76ae7bccff6daae5a22cb0281314c46: expected 209352 found 82074
20665365,aot,51101699.5785124,
20667148,aot,37214993.05494505,
20666023,aot,86368927.89041096,
20664910,aot,58690151.2,gas-used mismatch for 0xbaf4ac4aaf67581a9134d461b2abad980211082078cefb31a143574e56c7563e: expected 426555 found 95880
20665425,aot,61355606.95555556,
20664990,aot,70019328.66666667,
20665647,aot,108729066.01960784,
20666907,aot,123015482.775,
20663399,aot,56611204.22093023,
20666637,aot,46174728.11111111,
20666444,aot,58234084.79120879,
20665918,aot,37275569.01724138,
20667501,aot,39171931.99346405,
20664897,aot,66038644.115384616,
20668273,aot,82326195.50909092,
20666773,aot,38933269.0661157,
20668085,aot,48547832.24137931,gas-used mismatch for 0xe499630d2e728a886dd05bf490419917fb1109f735b4400a99bbdbe9f2f5ceb0: expected 263156 found 196659
20666514,aot,50162852.56818182,
20664148,aot,68838591.80263157,
20664944,aot,67219573.48148148,
20664956,aot,47624718.50442478,
20666960,aot,86916009.79245283,
20668039,aot,44180697.75728156,
20665460,aot,65970352.50588235,
20665132,aot,72744673.73239437,gas-used mismatch for 0x869368db6040fd664d492bbdcc6da3f943b88135adaee3f62bfef8eb841a9ff6: expected 385151 found 317150
20666925,aot,73728395.35526316,
20664505,aot,46738502.18604651,
20666866,aot,94005797.88235295,
20665179,aot,65202922.52173913,
20665554,aot,12750240.268156424,
20666644,aot,70094520.4,
20666585,aot,48311614.03333333,
20663632,aot,54050095.52542373,
20667991,aot,86576560.2909091,
20665319,aot,79488370.83928572,gas-used mismatch for 0xf42142d057d6f280a0e2326fab30640a5fdf334de40a350aa77d290c9c5da419: expected 310568 found 95868
20665408,aot,90572646.66153847,gas-used mismatch for 0x38fcd59b1703fb8f2af819a74e187172d715c16e7ea4792f2b27a46b7b39b366: expected 2224035 found 1969294
20663774,aot,59756691.72289157,
20667899,aot,52865433.91208791,
20666796,aot,88277952.52459016,
20666680,aot,70571251.45833333,gas-used mismatch for 0xe0149f898f251f15aea6ab7097c3283084103ca2784c6d58186c3b8c36e374d6: expected 306513 found 95868
20669023,aot,51031614.36190476,
20663679,aot,53835897.17333333,
20665424,aot,53148170.395604394,gas-used mismatch for 0xcf46fa0504f1a2e09cbb1c54e68f887ebeaaef944ec5abccb81fa7d26b51a3ff: expected 392262 found 315246
20663468,aot,64930802.15,
20665589,aot,95684984.3275862,gas-used mismatch for 0x009b7b703b8ba5a93e8060451285839f875133f4ff8ba8aaa587637025fbf84e: expected 557513 found 452773
20668649,aot,48695491.49411765,
20668027,aot,64672218.42424242,
20666024,aot,49347578.4117647,gas-used mismatch for 0x8bb9a37ff6ff754be6ff18eae3565546bd9adc880692802808c9ef1b41f0f87a: expected 385025 found 211136
20664911,aot,35373599.26086956,
20664991,aot,33791106.54961832,
20665836,aot,46509406.52592593,
20665366,aot,62774438.47058824,
20666638,aot,69633932.2,
20667149,aot,67895269.25274725,
20665919,aot,58591653.39506173,gas-used mismatch for 0x3dbf19a230bed56cfb75799dac4531f232b9050955bf19dfe30d62742d63d6a9: expected 186043 found 81774
20668086,aot,2155447.8668329176,
20665461,aot,54788832.61764706,
20666774,aot,40870958.52727272,
20663515,aot,73654586.77049181,
20664506,aot,36647955.07964602,
20666445,aot,97695616.89285715,gas-used mismatch for 0x82c889f455d606674b7f3839eb2b0d22a50b35a12ce3496d7932dd1bcc289351: expected 253815 found 238396
20664149,aot,42213386.82727273,
20666586,aot,35789358.504761904,
20666908,aot,27429356.36170213,
20665426,aot,37234483.166666664,
20665648,aot,88289317.89705883,
20666926,aot,32577662.304347824,
20667502,aot,59576876.72527473,gas-used mismatch for 0x41c996587796004d2e65e38d594c89b04880ceed23f38b20995a18b21ed12d3b: expected 262767 found 33517
20663937,aot,51590258.833333336,
20664945,aot,42173886.20338983,
20665555,aot,52660350.1686747,
20666867,aot,44053207.87735849,
20665133,aot,77153523.46153846,
20668274,aot,46356750.593495935,gas-used mismatch for 0x5f69ceeb1b17b1c0ed6ad0a14e3a9880e1aba0eb6c31b9dd128e793aa0db6b1e: expected 360097 found 222306
20666645,aot,124620419.28571428,gas-used mismatch for 0x173289177633263d08e273f24ec31c97533b195336d8955524d06507ee1e242c: expected 485986 found 95868
20665180,aot,52093244.603960395,
20664957,aot,67492216.44186047,
20668040,aot,61579321.47777778,
20663400,aot,62736799.55,gas-used mismatch for 0x327967fa33b4f4c40fc148c1bcb8e7d9632d7be8fbd439ffd4775b66e1719d3b: expected 280156 found 245765
20665409,aot,73795079.81818181,gas-used mismatch for 0xb1ef62211ac6d961154196a79c0f73177a4016c0dccd41fd087abf257ee3b442: expected 391215 found 236783
20667992,aot,2798928.188822572,
20665320,aot,56340445.6,
20663633,aot,38431115.862068966,
20666797,aot,27666492.25,
20666961,aot,80764206.52325581,
20667900,aot,57515585.7875,
20663775,aot,35709960.928571425,
20666681,aot,49628813.694736846,
20665590,aot,49759168.35897436,
20669187,aot,43939952.19811321,
20668028,aot,251368.56713526676,"invalid touch count: expected all non-native, found 0.00%"
20663469,aot,42139343.65034965,
20663680,aot,81568930.32,
20669024,aot,78193714.35802469,
20664992,aot,53074108.08888889,
20666025,aot,66290196.8375,
20664912,aot,39220690.18439716,
20665462,aot,37851104.08163265,
20666639,aot,46777458.15841584,
20665367,aot,48357829.25714286,
20665837,aot,85544088.86885247,
20668650,aot,90726780.0,
20663516,aot,47385490.37349398,
20666909,aot,90617534.05263157,
20666446,aot,47582267.97674418,gas-used mismatch for 0xb38ea4951e46de38774d739dc31c6c15b7a529e14d8585a829d85088495c19f2: expected 584984 found 95868
20666587,aot,69776165.60714285,gas-used mismatch for 0xefaccc057d644a80b6ee0617e6d9320deafadc7b27e5076a58813bed0954bd64: expected 263229 found 196669
20668087,aot,77103888.94827586,
20667150,aot,55584629.38709678,
20665427,aot,28197263.670886077,
20664150,aot,68885565.11428571,
20665556,aot,80577280.23636363,
20664946,aot,41027810.666666664,
20666868,aot,88142795.72,gas-used mismatch for 0xc2b63fbb3a4e33bbd01ea9593b42047c56bead322c0e2e99550366a28a014e34: expected 546186 found 349010
20665134,aot,57539817.413333334,
20666775,aot,91177845.51785715,
20668275,aot,32047521.786666665,
20665649,aot,36542083.41935484,
20666646,aot,48698213.78125,
20665410,aot,62830943.016393445,gas-used mismatch for 0x132c0d3f015041c3e1faf9c279aa602809e2b4a3a9e3301c03e3de95e138e26b: expected 390488 found 236783
20663938,aot,80195437.08571428,gas-used mismatch for 0x7a89b6b556f35c3ee70d799b2037ed595f252ead9e6b42a7c86eff4cbed063df: expected 306470 found 95868
20668041,aot,13969307.712121213,
20666927,aot,100925598.33962265,gas-used mismatch for 0x511ccab83d947a9a2a84a7fda62597221eb8dd70d95a565f5af749b0acaf77c5: expected 208441 found 144528
20663401,aot,65865928.54545455,gas-used mismatch for 0xf7a5c5b4c66e0bad956b5ec22ca036e412c6c8b3389db5ded0003c30e6b312c8: expected 990720 found 892880
20667503,aot,62860054.957894735,
20664958,aot,55874951.73255814,
20664507,aot,76068494.28235294,
20665920,aot,118649181.2586207,
20667993,aot,101477419.45652173,gas-used mismatch for 0x2aaf578037df356168ae386c0f85bda4dd129f0926574cbc174b3f5a247e0948: expected 276315 found 37833
20667901,aot,26514649.291666668,
20666798,aot,65310943.788732395,gas-used mismatch for 0x64c23fd22b00e6b89d2d6b21a07d0800b3724d740558716ebff98208c59c4ecc: expected 443158 found 249078
20663776,aot,52750086.569767445,
20665181,aot,60144212.155172415,
20665321,aot,75095690.37349397,
20665591,aot,54570918.30612245,gas-used mismatch for 0xc36b02c7253d265ac6b6d34efb0909ec1015a8a78c8dc24181519d4fb9499fa0: expected 441578 found 95880
20669188,aot,75884591.92,gas-used mismatch for 0x6069ffe91d763f36d7075f19124c0a17533c08316823df1f54ff31613d091bf9: expected 337308 found 180034
20666682,aot,40771631.22516556,
20666962,aot,58087180.29661017,
20663681,aot,47079315.854166664,gas-used mismatch for 0x8a9133e3ae92c57040d6ba9e9dda717ee22f528c4f3672e73eae4a7e61ca3864: expected 278870 found 209641
20663634,aot,99723079.80882353,
20669025,aot,51884316.75,
20663470,aot,59997042.16470588,
20668029,aot,104695970.9137931,
20666026,aot,75080509.60655738,
20664913,aot,77782078.8923077,
20663517,aot,53341020.0,
20666910,aot,61500486.01428571,
20668088,aot,38618213.95495495,
20666640,aot,50983932.37,
20665368,aot,61782486.90123457,
20667151,aot,77591318.3018868,
20666588,aot,59248188.37037037,
20665411,aot,50172807.26470588,gas-used mismatch for 0xc04235aed8fe4dae3eef95094a9b50ff8f3c791b21520c0188884c9e4ab3612a: expected 857094 found 498858
20665463,aot,78237754.5263158,
20665838,aot,87605030.19117647,gas-used mismatch for 0xb4abd303de00f0e61af5722f2c38778102906067538a4de5733c6119fc6153a3: expected 204766 found 82074
20664947,aot,62616879.114285715,gas-used mismatch for 0xd29629de13004bf62a0a647811bce815f1a5bbae7a66df61e57504d81b431249: expected 326597 found 95880
20665557,aot,55986361.9375,
20665650,aot,41597596.15053763,
20664993,aot,108426182.60344827,
20666447,aot,45225861.23809524,
20665428,aot,69927844.34285714,
20663939,aot,44512913.51136363,
20668651,aot,54923360.99137931,gas-used mismatch for 0x2051a94e76bb59c30fee4ea1dc1e8de087ebd61aaf82c39a98fb2b0f2deda343: expected 363096 found 95892
20666869,aot,51457950.135416664,
20665921,aot,40316079.1375,
20665135,aot,37868120.34375,
20667504,aot,54432429.64,
20664151,aot,63235996.95180723,gas-used mismatch for 0xa96cd97e18d67eccd0462aaedbc7106018cb66211926932cbeeac767aa700be9: expected 612995 found 382324
20666776,aot,50312110.733333334,
20668042,aot,60413178.10526316,
20668276,aot,71895905.58823529,
20666928,aot,51326448.14563107,
20664508,aot,63097278.55555555,gas-used mismatch for 0xba047ff39fb3e3f7cf9984e146f968eab11e88cf1975dedfdc33278264722fc8: expected 323570 found 95868
20666647,aot,30704068.902439024,
20666799,aot,33909161.95890411,
20663402,aot,57073353.08490566,
20664959,aot,59905930.62376238,
20667994,aot,15834492.332446808,
20665182,aot,46786336.53,
20665322,aot,85651976.01639344,
20663777,aot,51952944.05217391,
20667902,aot,84232411.15384616,
20666683,aot,58249204.5875,
20663635,aot,68603837.2413793,
20669189,aot,49961768.31,
20665592,aot,36401761.993589744,gas-used mismatch for 0xc29c4855f6b9100437b7eff7ed983b0afdc6665e8ed001acdf2b1fd270204eba: expected 266963 found 219673
20666963,aot,99120947.20833333,
20664914,aot,41042396.430232555,
20669026,aot,55496445.686746985,
20663682,aot,92493118.31666666,
20666027,aot,77620192.06666666,
20667152,aot,42571461.822222225,gas-used mismatch for 0x013a2e2f59894a55c85e5ad4647c9be1b8bc9c0174d5a11652b1616b8b6a91d5: expected 3738307 found 1972164
20666641,aot,64576503.10769231,
20663471,aot,37606384.63291139,
20665369,aot,31999668.76223776,
20666589,aot,3165682.684418146,
20666911,aot,55507300.77419355,
20664948,aot,62228170.11764706,
20665412,aot,110582047.85,
20666448,aot,59924982.64383562,
20665464,aot,52380622.979166664,gas-used mismatch for 0xd2b88e7644c8381b4a76be9b4d9200619f1579f0bc5e5cc6bad16c5ff70711f0: expected 645651 found 554159
20668089,aot,59497647.396039605,gas-used mismatch for 0x8979081fb16c7721f97da4835f28f56bae87a35b096aae739e78503d95ee6873: expected 394819 found 189153
20663518,aot,76427597.55263157,
20668652,aot,21165811.62962963,
20665136,aot,68925133.32786885,
20666777,aot,49905194.01234568,
20665651,aot,46398598.583333336,
20664994,aot,57234698.0989011,gas-used mismatch for 0xf8980356ef1eac1bfbaf884fc821e2a0cba63778b6093b7dace524ca832ea9ee: expected 158782 found 139196
20665429,aot,54425468.07954545,
20666870,aot,86951645.70689656,
20663940,aot,41242054.96946565,
20665922,aot,88516177.49090908,
20668030,aot,48311936.61445783,gas-used mismatch for 0xbfb340e6b2b62809a2bf19e7afa1b76eeec6b105b63f57e4e601858e6b4a6ee5: expected 268806 found 207292
20666929,aot,43333937.385416664,
20667505,aot,78071461.81818181,gas-used mismatch for 0x26afb0297ae66f8a29279ead648c7dda9136f0f164084909083f1152e6ed0331: expected 255485 found 194166
20665839,aot,73326212.90588236,
20668043,aot,41206309.428571425,gas-used mismatch for 0x0e7e985b648fe8352844b638dfc106b516234c7f520502d0ab4ad90e1a85559b: expected 11022751 found 37821
20664152,aot,67686542.35164835,
20667995,aot,85688959.375,
20666648,aot,62601200.8,
20664509,aot,65769088.82666667,
20663403,aot,71678076.0735294,
20664960,aot,16596226.225913621,
20668277,aot,54545914.89430894,
20665558,aot,71477014.79130435,
20666800,aot,63616943.578313254,
20665183,aot,38382564.30894309,
20667903,aot,28818021.42857143,
20665323,aot,23954196.310526315,
20665593,aot,5740381.412578616,
20663683,aot,49512537.961538464,
20663778,aot,46919965.155172415,
20666684,aot,91276560.98333333,
20666028,aot,42174029.93333333,
20663636,aot,50747161.26724138,
20666964,aot,66114594.47727273,
20669190,aot,75477866.4375,gas-used mismatch for 0x3eeaccdba68473cf6ebefd239ef1cf66e547c0c511393581c39f8d76f9e96bc2: expected 257393 found 238199
20664915,aot,56217877.97894737,
20666642,aot,32577351.76470588,
20663472,aot,64839405.878787875,
20667153,aot,64928209.80263158,
20663519,aot,63554233.09803922,
20669027,aot,74880040.8375,
20665370,aot,69157967.04411764,
20666449,aot,64963544.84126984,
20664949,aot,84504006.47540984,
20668090,aot,40471233.6460177,gas-used mismatch for 0xfd6a2875dfb06ef4598a1efe7fed75c47afeee80faaa80270e1273100d24d9a2: expected 608867 found 402880
20665718,aot,42233919.23140496,
20668653,aot,72969414.65151516,gas-used mismatch for 0x46a172385dc8125c41119d83fa5e7953cec9e040b20efb10a7c906edb5da3910: expected 563017 found 319915
20665137,aot,35036037.25,gas-used mismatch for 0xa279ca7e2cb4c09374cf35f7f8e315dfc4d3aca79564dd64df9148408b688004: expected 198021 found 82074
20666912,aot,60309922.12,
20666871,aot,28053168.719298247,
20665923,aot,55635362.7625,
20664153,aot,41308582.255813956,
20666590,aot,121736743.02173913,
20666930,aot,80896729.22413793,
20664995,aot,41529046.25735294,
20665430,aot,65035623.729411766,
20663941,aot,81865800.21538462,
20665465,aot,71692806.50537634,gas-used mismatch for 0x6235f396ee27a4dde9450450b778b6021a417aec0e7bea7ca1f93c22e4fed7ac: expected 278559 found 98969
20666778,aot,72312029.5,
20668031,aot,91931021.45,
20665652,aot,58537275.44067796,
20665840,aot,42334526.36170213,
20667506,aot,67692218.2840909,
20664961,aot,87728905.02222222,
20663404,aot,54161442.49411765,
20668278,aot,27183240.582822084,gas-used mismatch for 0xab701ceac7a103fee55ab54119336829bae0a6d0bcda5851fdfed33a23ce86de: expected 383577 found 186543
20664510,aot,36222084.5035461,
20667904,aot,76444702.13207547,gas-used mismatch for 0xcb94e589b2d2107e4a366511579d31eb6051056bce9b1c86a5806558f157c9b6: expected 309220 found 237321
20667996,aot,66994233.144578315,
20666649,aot,77678691.7,
20665559,aot,37246079.4609375,
20668044,aot,50270917.3037037,
20666801,aot,23303638.152466368,
20666685,aot,45710689.618421055,gas-used mismatch for 0x6e5da33dc2ae85ab2954a1a16155c422894026077f1777761e1e43556906891b: expected 309034 found 236771
20665184,aot,98749321.54,
20665594,aot,112657654.76744185,gas-used mismatch for 0x6245c1f15578c55bad6986bb762a60716b20bdc729c300dd23ce4171d6a1fcac: expected 476495 found 337508
20663779,aot,48441890.02197802,
20663520,aot,37577414.358024694,
20665324,aot,48214568.67768595,
20666029,aot,54071958.32876712,
20663637,aot,62349984.378787875,
20663684,aot,50819633.445544556,
20666965,aot,52660449.7368421,
20664916,aot,39019696.36363637,
20666643,aot,26548147.9947644,
20665371,aot,48962753.21111111,
20669028,aot,60550714.9875,
20666450,aot,56961466.1875,
20669191,aot,71079813.37179486,
20664950,aot,46082924.6,gas-used mismatch for 0x8d2862a70982c7375163a1bffb451edf7a34556ea61fd54c1229d325422516d7: expected 360163 found 317162
20663473,aot,102579244.1147541,gas-used mismatch for 0x80ad2f30fffebe48e0bb9891fe18c0aae5d3d2a3e33c66e0b117b6e3b79af3f6: expected 373110 found 205183
20665431,aot,58968597.827586204,gas-used mismatch for 0x44d0d888aebbf00bc7bff6c3bd245c098f7b2d82112c55696e17d82172cf59a5: expected 1054997 found 931694
20667154,aot,49451357.847328246,
20665719,aot,41199269.83739837,
20668091,aot,50387130.51428571,
20665924,aot,33162853.52671756,
20664312,aot,39226421.06153846,
20668654,aot,28675875.27894737,
20666872,aot,7713598.153963415,
20664996,aot,40543360.203539826,
20663942,aot,64994552.276923075,
20666591,aot,48792640.217821784,gas-used mismatch for 0x191cd12c58f18d561b9f64ab7d5e30b1b214b980448bafa9a0863d2fdec94685: expected 387351 found 95880
20665841,aot,100558882.85714285,gas-used mismatch for 0x41c0d34b2d2786d96a4800a102d126fe2bfee123d22aeee5a909aabf1643c8f2: expected 1512667 found 1502398
20666931,aot,69218752.45454545,
20665138,aot,67469402.83132531,gas-used mismatch for 0xd2f6279fead4d2849229ea846b4900b9fbf023344ca4cfb1db627fa9850d85a6: expected 346250 found 95880
20665466,aot,50156704.02222222,
20665653,aot,58112952.55421687,
20666779,aot,85749481.2413793,
20664511,aot,19293964.356862746,
20667507,aot,47224833.12264151,
20664154,aot,95734729.4090909,
20663405,aot,59396801.72289157,
20667905,aot,76217275.38333334,
20666802,aot,82739782.82608695,
20668045,aot,41001153.027777776,
20666650,aot,62276653.65384615,
20668032,aot,67506955.7204301,
20667997,aot,4527347.209476309,
20668279,aot,44195028.908396944,
20666966,aot,37604580.46875,gas-used mismatch for 0x5689ff45a742bbc53d597d4b04085832fc91b024fe9c1e1dbb3414207d265e43: expected 195418 found 81646
20665595,aot,67103902.49230769,
20666686,aot,83470533.51666667,gas-used mismatch for 0x81757bbd0f3eede34c92a3a04f175e04ae39cd547f128cf6235ff475988ebd5b: expected 628535 found 649912
20664962,aot,48477315.925925925,
20665560,aot,35847583.253012046,
20666030,aot,42827233.56896552,
20665185,aot,80227703.18571429,gas-used mismatch for 0x1a7bac741430958c89274d4c1d8ef1110b77829290b55fe6aba1ab6878ca963c: expected 266939 found 219649
20664917,aot,37042541.3125,
20663685,aot,63663551.04,
20669192,aot,46834667.73972603,gas-used mismatch for 0x63ec451b684fc8b7528d03124bd1cdd94c1ad83003a0ba305f592fededb8f9c7: expected 636264 found 379781
20669029,aot,23861287.945454545,
20663521,aot,83986256.02857143,gas-used mismatch for 0x52b092cd9f783477e8e8de8a475014217aa1a046dff0d650ce434e7bd79414db: expected 370303 found 207821
20665372,aot,43841063.30612245,
20665325,aot,51611838.952,gas-used mismatch for 0x9aa2ed8b3fd984dc01b8ad9ef13f530b880b58083300eba536632095ed352bef: expected 551621 found 95880
20666451,aot,55003295.28395062,gas-used mismatch for 0xd23835b1627d628c39af155690f4022c0569b3088cd6af51a156569f35489d6a: expected 268036 found 214801
20663780,aot,79820921.44186047,gas-used mismatch for 0x7b72a2b816c671c0c02c60984338bbd269baa335581d57cae088ee127ff3272b: expected 368996 found 95892
20663638,aot,75038382.19318181,
20663474,aot,58226046.6056338,
20665720,aot,66020972.88333333,
20667155,aot,42765293.83809524,
20665467,aot,48204648.384615384,
20668035,aot,22620329.77935943,gas-used mismatch for 0xc5832a0fd5d0d16a45112dbae591d48ffa77bee07ffea1022b047e2374824f75: expected 394771 found 189141
20664951,aot,48760321.972972974,
20666873,aot,67560991.08196722,gas-used mismatch for 0xe7a5c26adddec55b209f6b3bf6347043b0f23cb9c071327a8637d91d757a4171: expected 602520 found 360610
20664997,aot,68240265.85714285,
20668655,aot,48273889.24175824,
20666592,aot,36640209.36521739,
20665432,aot,52121671.08695652,
20668092,aot,5455809.089497717,
20666932,aot,44979707.873873875,
20665925,aot,85868783.47058824,
20667508,aot,68911318.50980392,
20665139,aot,59563956.01136363,
20665842,aot,48780903.946902655,gas-used mismatch for 0xc583acc33d6c18b54eb70df5d0fc7c483ef19e454e687752a4cd72acfc748a96: expected 1221306 found 129316
20668033,aot,23313638.67857143,
20667906,aot,46067011.05813953,gas-used mismatch for 0xb8d7c8d74d42f8cbad651e2c19847ec4d20b3762f48eb0894ea3e691f325baa4: expected 678117 found 515798
20664512,aot,32591235.515625,
20663943,aot,51965611.26724138,
20664313,aot,77101905.12048192,
20666651,aot,65211093.43939394,gas-used mismatch for 0xefc595e6906ba9c9d2896b9fd8d4c1d0a7b3c9f4f3449298e358b0f6ad964753: expected 277874 found 49274
20664155,aot,44514911.21359223,
20666803,aot,104280548.44444445,gas-used mismatch for 0x9c86332118edfd586e87811aa30a3c0e8126ae984c2dd819709286478060bdff: expected 375114 found 315198
20668280,aot,90452899.56521739,gas-used mismatch for 0xa44e1139091df189404d277129c0399aefe19610620c434defbb8179ffeeb2e6: expected 383036 found 186555
20664963,aot,47303026.802816905,
20665654,aot,58101063.208333336,
20666780,aot,55734111.91818182,gas-used mismatch for 0x0c313406d3b5b419ea0b1248ee3cb948bdcd9ca0ab82d8cd6238d33ce28ddd7d: expected 261705 found 212298
20667998,aot,116401346.77777778,gas-used mismatch for 0x781cdfa3c24918fa8d4bebabbb1b00d9684362b3b3c41489959c50240d907a58: expected 276315 found 37833
20666687,aot,24341232.605769232,
20665596,aot,87489123.91666667,
20666031,aot,78808406.96666667,gas-used mismatch for 0xb1e1eea7d3d67aad4cd9ac5afdece66748b69dd0b8c51b875ba62ff9ad492ea2: expected 386734 found 211088
20664918,aot,61748236.24242424,
20669030,aot,71384406.03571428,
20663406,aot,70533678.24271844,
20663781,aot,34326107.893203884,
20663522,aot,72755429.0862069,
20665186,aot,43556332.368,
20666967,aot,49781295.17037037,
20665373,aot,37062736.25,
20668046,aot,57063414.419117644,
20669193,aot,78802643.48484848,gas-used mismatch for 0x467f13f31057202751bf4d8b5401024f8e2eb028a6712e940e9dab6762cfb708: expected 987212 found 738421
20665561,aot,12714295.460377358,
20665326,aot,61655540.89333333,
20663686,aot,49205587.71551724,
20666452,aot,51290272.0,
20665721,aot,46676051.384615384,
20663639,aot,69109254.46666667,
20665468,aot,50686458.54736842,
20663475,aot,41845632.56153846,gas-used mismatch for 0x7329d53db49418a7623790b8f9f0d7d887ff428c52570c07ba568a9de06b3a9f: expected 352847 found 95880
20664952,aot,45391198.91818182,gas-used mismatch for 0xcfb209f2be94b613ae24c4f8d1149cfa5f9ca56c69564dfe9412bb50cdacb68d: expected 323582 found 95880
20667156,aot,123323977.04878049,
20668036,aot,62997936.061728396,
20664998,aot,46938874.51428571,
20666593,aot,56583365.54545455,
20668093,aot,73908316.4590164,
20667509,aot,54681453.593023255,gas-used mismatch for 0xa2d73199dc425698232d01825dbe2d9e992d88f76059a255fb0636f5e7ebe127: expected 262767 found 33517
20663944,aot,50661221.1625,gas-used mismatch for 0xb6ea1a633f0bc953f03e112c56c257fb0503480731556ef85ad3caedfb31ac56: expected 391127 found 306458
20668034,aot,86481622.84313725,
20666652,aot,34428388.38738739,
20665433,aot,57684828.258064516,
20668656,aot,99422093.13333334,
20666933,aot,64547212.166666664,
20664964,aot,43458629.76744186,
20664156,aot,53324194.828947365,
20665140,aot,46720026.96460177,
20664513,aot,121773066.02777778,
20666874,aot,136583330.73333332,
20667907,aot,59644541.38,
20664314,aot,42910311.984615386,
20667999,aot,60784957.71666667,gas-used mismatch for 0x09270a59b818b53b261572f4956baf6ff35372e847513c4adde9432d2ecca86f: expected 254009 found 209795
20665926,aot,71501474.27083333,gas-used mismatch for 0x7ef2eeed749dbdce90ecff279f54539e4fc5300e2d1d7496ce2b954b60028895: expected 393724 found 98981
20668281,aot,80285987.51515152,
20665843,aot,53946825.65873016,
20669031,aot,56559664.74285714,
20663782,aot,39977925.574257426,
20666804,aot,74619191.88636364,
20666781,aot,46493397.36585366,
20668047,aot,59994933.65,
20665655,aot,41230887.08974359,
20665597,aot,41532938.25862069,
20666688,aot,51530058.10185185,
20663523,aot,51940579.75,
20665374,aot,57976827.4125,
20666032,aot,64852351.64772727,
20663687,aot,48758389.255555555,
20669194,aot,56963237.23529412,gas-used mismatch for 0xced15db0cd42851a9792b0a7bf7d2813d80d2d96c1c9fc194ff0d728da61d14d: expected 360187 found 317186
20666968,aot,9261323.977192983,
20666453,aot,29037612.05202312,
20663407,aot,65250388.958333336,
20664919,aot,68724347.28125,
20663640,aot,37747653.34146342,
20665562,aot,98592319.80357143,
20665327,aot,40225363.47586207,
20664953,aot,54910797.20512821,
20665187,aot,64184865.83809524,gas-used mismatch for 0x6f670aaccb568f6745f1e2cd658632eeae34fffa8707ced10e2301b10ddcf2c5: expected 266963 found 219673
20665722,aot,68393060.15294118,gas-used mismatch for 0x9364d758b5a783cb7050f55c583112e1643c7fe79ca94dc8f5c82690ad53b85c: expected 308997 found 237333
20667157,aot,53080249.02197802,gas-used mismatch for 0x89ef96354e7250994388653314c9002685209e7f8b5fc27f7c2eba3dd0a5fd80: expected 261748 found 212288
20665469,aot,73593806.98529412,
20664999,aot,38016741.03703704,
20666594,aot,40033485.216,
20668050,aot,48705737.72093023,gas-used mismatch for 0x0ff71af169fe4eb8470abbc9c8694cf632296b0499297e3a7c67db9d25cd1d63: expected 261705 found 212298
20663945,aot,81175112.90196079,
20663476,aot,96682763.46666667,
20668094,aot,56499586.93406593,
20666875,aot,38516821.723809525,
20664157,aot,53148333.98863637,
20668037,aot,63705996.27184466,
20666653,aot,42649112.82644628,
20667510,aot,22150258.7248062,
20665141,aot,45263333.71296296,
20668282,aot,36262565.910891086,
20663783,aot,42453054.0,
20668657,aot,47802424.35,
20665844,aot,31440368.89285714,
20666805,aot,28509411.23015873,
20668000,aot,41067400.2,
20665434,aot,34332161.06806283,
20666934,aot,82009122.58024691,gas-used mismatch for 0x3a6c29f6d39092f8a66169e15b360ddc0e9e84a23d2db774fe2af70ea865180b: expected 421961 found 226829
20664514,aot,42587588.07586207,
20667908,aot,76343358.80882353,
20664965,aot,61263195.0462963,
20665656,aot,67269130.18181819,gas-used mismatch for 0x4b55cadd733a8e484b4c08a1c8440dbc185195d032b7013f9649aef4a5e50d7e: expected 492116 found 95868
20669032,aot,37636388.04615384,
20666033,aot,63687699.10909091,gas-used mismatch for 0x5a8c805fb550b8af6b3f215492825325a680dca3c85c46a52c4aeb2b8ba353c5: expected 492104 found 95856
20665927,aot,47765577.2578125,
20665598,aot,32753373.85135135,
20664315,aot,91636493.3,
20668048,aot,25932897.65128205,
20665375,aot,46734449.266666666,
20666782,aot,58973173.97727273,
20663524,aot,55633598.09876543,gas-used mismatch for 0xd2c87a0a265dbe179d9e21c373f06d362876e17be2c93aeb610490e117b83902: expected 196067 found 81750
20665723,aot,35558883.475,
20666689,aot,103287619.72727273,
20664920,aot,43221629.610526316,
20663688,aot,47503915.592920355,gas-used mismatch for 0x9c163a42b5a243c95e4548eca2037d23545443dfd3ee945c081035319c1b2c17: expected 392322 found 315306
20664954,aot,44693561.846938774,
20665188,aot,58728203.4625,gas-used mismatch for 0x0ac16d276b33d05f02d8d3f571b1d655aba5ef15235915aa42cbcb5aea0b098d: expected 2820303 found 1917127
20663641,aot,92510197.0754717,
20666454,aot,41384453.63120567,
20669195,aot,51859985.890625,
20666969,aot,102249850.70689656,
20663408,aot,49911385.572463766,
20665000,aot,88977952.25454545,
20668051,aot,44099705.73873874,
20667158,aot,51003580.49557522,gas-used mismatch for 0x30e4a9f32d74a4a75d4aa55f5b8a44e42a6c19c44631a5de450a26bc2ae542fe: expected 312598 found 294261
20665328,aot,85252675.95774648,
20667511,aot,68363959.92727272,
20668095,aot,88559720.41509435,gas-used mismatch for 0x98a9707a0981bf386dababb57029d6df6b551252d5f6047b052b517c60072c09: expected 308722 found 91774
20663946,aot,57694085.49411765,
20663477,aot,69740002.95714286,
20665563,aot,36524045.12565445,
20666876,aot,88678660.5490196,
20665470,aot,86139413.0410959,
20668658,aot,44515681.95555556,
20668283,aot,67782516.79365079,gas-used mismatch for 0x1c580b98d8e3f3907460b2341f92b7f9ebf7601d2c3d0fcaae71058312c64ad1: expected 786578 found 473530
20666595,aot,38114915.27272727,
20664158,aot,58185353.54444444,
20666654,aot,52655972.36792453,gas-used mismatch for 0x125233785da25eb025620c1e3b03a8c58f10382e5a4751029e2a694451cfa68c: expected 268445 found 207292
20665142,aot,36887499.2745098,
20665928,aot,43260541.02941176,
20665015,aot,60828367.59375,
20667909,aot,39632923.18918919,
20666806,aot,54058439.21875,
20665435,aot,60915406.74074074,
20663784,aot,36601023.15151515,
20665845,aot,89759206.44827586,gas-used mismatch for 0x43806d28b127261e2874ecaffe2e6bf1598ac09392abc19b320ef8f7270b8380: expected 369673 found 222282
20666935,aot,49958034.61904762,
20664966,aot,26082726.76777251,
20664515,aot,43844131.92028985,gas-used mismatch for 0x8050c13f9da2a823bf713cf968ae12ce56cab8c35b776cf9be2502680851dad8: expected 286002 found 238369
20669033,aot,112161529.02222222,
20666690,aot,31164054.088,
20663689,aot,57743197.0,
20665599,aot,43671547.8046875,
20668001,aot,85818807.33333333,
20666034,aot,54595955.358490564,
20666783,aot,65406183.01282051,gas-used mismatch for 0x6687f156b627569ba08d267d386f19d302c807ac688487e859871cf850506f27: expected 227568 found 190473
20668049,aot,57440772.82,
20664316,aot,58584659.116504855,
20665657,aot,51293775.56349207,
20665724,aot,49499116.81981982,
20665376,aot,62587899.526315786,
20665189,aot,38141968.07272727,
20666597,aot,60531810.905263156,
20669196,aot,44124921.25742574,
20666455,aot,89428532.66666667,gas-used mismatch for 0xb362fa503968a53dad6061c2825ddcd244346c48268f263373d5fdf615f168c4: expected 1109133 found 842143
20663525,aot,72489344.8,
20668096,aot,3688975.182962246,
20666970,aot,53267578.85555556,
20663478,aot,28750942.89473684,
20667159,aot,25065887.033707865,
20664955,aot,77367305.02352941,
20667512,aot,120638520.10526316,
20668659,aot,51735022.18072289,
20666877,aot,68926465.12307692,
20665001,aot,157616855.32258064,
20663409,aot,59333860.22448979,gas-used mismatch for 0xc9a32037930807a1c1d7987d1f470137f6cd7bd48f2cd5efafe6fdecb193bcd3: expected 827752 found 537202
20665564,aot,65232979.179487176,
20666655,aot,49689434.38271605,gas-used mismatch for 0xb78e44774d0aaf81c028cb5ba6ba482da712138f0d6c2c9af2f76c9168b92ec5: expected 365498 found 48963
20665329,aot,71433588.16,
20668052,aot,36718696.12269939,
20663642,aot,95644053.55,
20668284,aot,73768203.44285715,
20665471,aot,65392394.86046512,
20666596,aot,64297042.705882356,
20665436,aot,17367608.64035088,
20663947,aot,59501080.95454545,
20665846,aot,52656125.973684214,gas-used mismatch for 0xc53b99fdea4f29b6470770a6ed53424985629e01954f219096b82e4d796c6185: expected 293468 found 95868
20665143,aot,117298400.05555555,
20666807,aot,85600970.55357143,gas-used mismatch for 0x868948206b0fc9da47c011c0cae6a717558dfb68536f8056de2763c6a148443d: expected 255427 found 194166
20665929,aot,63585383.55681818,
20665658,aot,22078061.163120568,
20669034,aot,48179038.63529412,
20668002,aot,27288728.65034965,
20665016,aot,45088541.657142855,
20666936,aot,49155630.548672564,
20664516,aot,56963689.71764706,
20663785,aot,80677607.04,
20664159,aot,41588713.32954545,
20667910,aot,35731267.872340426,
20665144,aot,61555285.07042254,
20666784,aot,68357317.36923076,
20664967,aot,108767304.43478261,
20663690,aot,39577590.5859375,
20665600,aot,118955024.34146342,
20666598,aot,31700443.24137931,gas-used mismatch for 0x4f101891345ae6dcc7e43e87c4831fcbbdcba950349507a441762c9357b784b6: expected 401647 found 309310
20664317,aot,52808338.610526316,
20666035,aot,6801268.054545455,
20665725,aot,47864209.38738739,
20665377,aot,51725913.358490564,
20666691,aot,75659895.12087911,
20668097,aot,94820388.58139534,
20666456,aot,22928010.445,
20663526,aot,42428991.657142855,
20666878,aot,38041964.197916664,
20669197,aot,54956861.79245283,
20665190,aot,41867384.090322584,
20665330,aot,43879206.578947365,
20666971,aot,84068217.03278689,
20668660,aot,47620258.36666667,
20665472,aot,71488092.42222223,
20667513,aot,77213697.31818181,
20663843,aot,48633508.09375,
20663410,aot,42749979.38333333,
20668285,aot,24990173.0,
20667160,aot,84228631.30263157,
20665002,aot,74994062.1369863,
20665565,aot,23466796.09322034,
20664218,aot,97065651.57142857,
20663479,aot,101591898.5735294,
20663643,aot,81314590.75757575,
20663703,aot,40906021.973451324,
20664265,aot,49816145.635416664,
20668053,aot,61537688.45,
20665847,aot,52392234.89,
20663948,aot,56056994.051020406,
20668003,aot,55661716.38235294,
20665038,aot,68311157.77777778,
20665659,aot,88171107.38181818,
20669035,aot,56514230.36470588,
20665017,aot,44089082.18181818,gas-used mismatch for 0xf49fe9a95a9f1b3e46e9b9d90fab50714a67d82b586167f0c6c164e3c0542bf9: expected 279916 found 245525
20664517,aot,19805409.547717843,
20666808,aot,5510077.938812786,
20664160,aot,53710274.63636363,
20666036,aot,92523948.3902439,
20663786,aot,57815191.96774194,
20666785,aot,47682006.0462963,
20666599,aot,55010496.61627907,gas-used mismatch for 0x614fdf0680186090d1e215294d3277c66f3455e7d0f33e1027ab72a353342b06: expected 539724 found 359286
20665930,aot,38810364.77222222,
20667911,aot,5004531.852006689,
20666457,aot,7806691.367647059,
20665145,aot,54000616.291262135,
20663538,aot,57622413.79090909,
20663691,aot,61492223.9010989,
20665601,aot,60145964.72727273,
20666692,aot,47397336.666666664,
20664318,aot,42010776.441176474,
20663527,aot,49663263.21590909,
20665566,aot,88828765.18309858,
20665378,aot,97068785.60784313,
20665191,aot,35565841.94736842,
20665473,aot,45989390.655555554,gas-used mismatch for 0x28f48c7dbec8c160677985e342707b9487f3a6e6c894768041773445ba125c81: expected 306482 found 95880
20666879,aot,40880367.222222224,
20668661,aot,47810019.28125,gas-used mismatch for 0x0d4b3cf329dff71c10b97817a6f1e01acb31b126bec7b174fa7ccd24666695d0: expected 266927 found 219637
20668098,aot,53288182.96396396,
20663491,aot,33944934.4,
20669198,aot,85510412.37142856,
20665726,aot,61615018.21487603,
20668286,aot,72289280.39285715,
20666972,aot,65816453.60227273,
20665331,aot,37588106.38690476,
20663644,aot,69576839.06666666,
20663844,aot,112028800.66666667,
20663411,aot,51291975.952380955,
20663480,aot,44622011.203539826,
20663704,aot,64471245.01369863,
20665003,aot,70132837.4625,
20664266,aot,55679881.74725275,
20667161,aot,41455168.93918919,
20668054,aot,50334323.44660194,
20663949,aot,24900947.650485437,
20665660,aot,44815625.43010753,
20667514,aot,99877978.05633803,gas-used mismatch for 0x02f3d6b3096e766391c3d59745171817a9d88c95b4197bb0458a1a9d631b112b: expected 262767 found 33517
20668004,aot,58680602.43010753,
20665018,aot,54034985.825581394,
20665848,aot,32449338.942857143,
20664219,aot,43296785.66875,
20666809,aot,104102773.34146342,
20665039,aot,47489857.13223141,
20666458,aot,93579818.36842105,gas-used mismatch for 0x6bacb10f92f9f8c4c8bb7714721146957b706cc67da8a9dac58085821f1e3928: expected 759182 found 541315
20666037,aot,29742387.2875,
20663692,aot,55805891.13114754,
20664518,aot,20497403.758992806,
20663787,aot,57122982.64102564,
20665931,aot,32817173.375,
20669036,aot,54532220.72972973,
20665379,aot,42082110.36470588,
20664161,aot,68617457.89411765,
20663539,aot,76549029.68852459,
20665146,aot,57810540.22891566,
20666786,aot,53809144.952380955,gas-used mismatch for 0xb394dc2b63a57bafa4e6bb5df601b0211cb52190758c053555d279589d112106: expected 278559 found 98969
20666693,aot,62682540.897435896,
20665602,aot,46981634.344827585,
20663528,aot,9569785.021113243,
20667912,aot,63690827.86666667,
20666600,aot,77232450.5925926,gas-used mismatch for 0x4d93e3ba3287419e98e9ad7fd01c6c880845a338ac25ad9eb1b6a95f6ed2102d: expected 204766 found 82074
20666880,aot,91764843.04878049,
20664319,aot,91991815.18965517,gas-used mismatch for 0x382782bade9e83cd8a412d8fd46fd58a418d5ddb3358a1812ac5163306b5b6a6: expected 441655 found 95880
20665567,aot,60702537.65263158,
20663492,aot,74101448.24528302,gas-used mismatch for 0xf16cc264d108d0823072012dbeb708b4c4ec0337b66e3d69cbdd54e0bcd187cf: expected 396443 found 239904
20665474,aot,82947639.7,
20665192,aot,66977776.9868421,
20665332,aot,48070019.375,
20668662,aot,55992182.62,
20669199,aot,9022009.463414634,
20665727,aot,66031818.33802817,gas-used mismatch for 0x3ddbabf5afcbd19ed6081484eedb206e716e9c825e56e8435c49e1c7acc46ce5: expected 492116 found 95868
20666973,aot,79466217.06666666,gas-used mismatch for 0x6b431d65e3a378de0c460b65352e57f857332f872f7916bba26aeef063cba97e: expected 303261 found 211148
20668287,aot,32158344.620915033,
20668099,aot,108329793.76470588,
20667162,aot,55045460.08450704,
20663481,aot,60757760.07058824,
20663845,aot,60255962.47727273,
20663705,aot,45464005.845454544,
20663645,aot,76171530.53947368,gas-used mismatch for 0x2ad4f8302e3f62ba477409388b14ef166e9e85c74935ef7ebd244bcc7b06b0b9: expected 395289 found 95880
20668055,aot,41130873.28181818,gas-used mismatch for 0x609618424c4fb7c8d03bc4e26d177182bf0665989de9311f6fc538126c43ea09: expected 394799 found 189153
20663950,aot,101836482.62222221,
20665004,aot,48652651.539130434,
20668005,aot,74323645.98360656,gas-used mismatch for 0x97165050b1c7f9f7189ea0067aaa09158ecf6d6fe1c59c6585eac70165565b26: expected 392322 found 315306
20665040,aot,31179140.822695035,gas-used mismatch for 0xa72e4f5b26756cf77fa74557f0977cfbc954836f6c3f473f04a3ec22f6138ed6: expected 191241 found 81762
20666810,aot,58330689.578947365,
20667515,aot,56737970.21505377,
20664267,aot,61480931.3655914,
20665661,aot,89437574.2,
20664220,aot,56803169.744186044,
20663412,aot,58649000.25619835,
20666038,aot,64783481.87671233,
20663788,aot,56411579.47058824,
20665849,aot,44794258.177777775,gas-used mismatch for 0xe44547351dd28974563a0981152f8dfc0081788df9b84ec8b1afc1c5dfd129e1: expected 390070 found 226841
20664519,aot,68946539.28571428,
20665019,aot,51668488.33057851,
20669037,aot,40137985.17886179,
20665932,aot,60374729.518518515,
20663529,aot,101531578.35483871,
20666787,aot,40952803.203539826,
20666459,aot,63957412.591836736,gas-used mismatch for 0x406b1cf15f11820aef0fb418444b26c93304318bf08dd314bd51bc22ef967655: expected 252811 found 238158
20665568,aot,37535935.11827957,
20666694,aot,50346434.822222225,
20663540,aot,29873904.362244897,gas-used mismatch for 0x02a7539ce2403768ee5ef0ded01128ea75576a233a09c1cbfbb219ebce8c475b: expected 310211 found 234031
20666601,aot,62627960.7368421,
20665603,aot,39485607.87692308,
20665380,aot,76447667.78082192,
20664162,aot,57439337.60377359,
20666881,aot,71595966.66666667,
20663693,aot,49983049.574193545,
20663493,aot,39827286.407079645,
20667913,aot,98068414.56862745,
20665475,aot,23994845.473451328,
20665147,aot,45958876.31764706,
20664320,aot,54346647.43220339,
20665333,aot,100252355.66666667,
20668663,aot,32936985.923076924,
20668100,aot,38575876.52542373,
20665728,aot,67795573.18666667,
20666974,aot,57501086.260416664,gas-used mismatch for 0x3276ef26f959254a3b356ff4de5454c3a63d709e3729ab253186a059858a0f68: expected 2461034 found 1451011
20665662,aot,44648147.13114754,
20665193,aot,53221451.223076925,
20663482,aot,45453991.58095238,
20669200,aot,106773214.5409836,gas-used mismatch for 0xb907d659cd8018d27485356510eeec93bfd79c67e63b3c9d07d10a0c367ee8fa: expected 293518 found 196669
20668288,aot,62948001.67619047,
20663846,aot,42307531.296,
20664221,aot,48515170.4875,
20668056,aot,50124067.14,
20667163,aot,61356795.416666664,gas-used mismatch for 0x4b0b4c56693b743da43c013e99785926fb050621fed1323a4e784bbd8f10ffca: expected 491755 found 305580
20663951,aot,43723477.04504505,
20665005,aot,53403403.70967742,
20663646,aot,65784137.072289154,gas-used mismatch for 0x33c7676a299e408656b7a0db575467ee3cef4a6261de0b9bc631439e80071634: expected 254896 found 210685
20667516,aot,60735705.72,
20663706,aot,59699983.85148515,gas-used mismatch for 0x9d5552b8a2ed4037ad3e92214f39466f7855e880a4e636a12096d8c63daeed22: expected 335237 found 95928
20663789,aot,28367523.17777778,
20665041,aot,48010593.31896552,gas-used mismatch for 0x459c71b899e059469f0f509a1202492adcbdadc5391ba2f8cbeae7ee118d2a40: expected 360127 found 317126
20663413,aot,41324979.24545454,
20666811,aot,63637106.34883721,
20664268,aot,42586095.136,
20665850,aot,82856300.56862745,gas-used mismatch for 0x8809757ccbbaee1a50b294a7532919b117e7643050b2b9784f79e14f12d9e694: expected 1236728 found 129140
20669038,aot,29499209.214285713,
20665020,aot,25337276.112903226,
20663530,aot,55180320.65060241,
20666039,aot,63839257.75294118,gas-used mismatch for 0x311d09c0a51124eca7511d0e742281fe66c6cf0dc511154e6cd6327dc098ec87: expected 261700 found 212288
20665569,aot,45345610.06818182,
20665604,aot,36879087.74736842,gas-used mismatch for 0xac0f0037641b302e0c67173267702b573ac37bf766a58b0d20cddaf5a0f1950c: expected 291555 found 98993
20668006,aot,62926696.06363636,
20665933,aot,112281061.23255815,
20666695,aot,54356288.92222222,
20664520,aot,82512905.71428572,
20666788,aot,66746600.72289157,
20663541,aot,47923034.51578947,
20666602,aot,72336620.14705883,
20663494,aot,20333678.982683983,gas-used mismatch for 0x7e811851ceb8f8db543d9da33a0735f8f69910570a5ecec5a037a472c239dfd7: expected 391629 found 236783
20663694,aot,60275808.074074075,
20667914,aot,56880448.930232555,gas-used mismatch for 0x09649bde1d310f6d65c5258efcc5cb1b2ebb61652349d33dcd38537da5fed183: expected 346899 found 292950
20666882,aot,68561736.79012346,
20665148,aot,40057513.08,
20666460,aot,55536333.392,
20664163,aot,73440163.95061728,
20666975,aot,44978687.053333335,
20665194,aot,13454808.199152542,
20665381,aot,20896259.87616099,
20668664,aot,34779825.07633588,
20669201,aot,58965160.91428571,gas-used mismatch for 0x425e2a14eb0ee982e023fcf43e6a6e75e1e1a10bc0a9da2e68946710b405dca7: expected 2432986 found 765409
20665476,aot,119001908.49019608,gas-used mismatch for 0xc9e99e19bb2fdf3c29aa9c4efc3e37c04f574f3035aabbc8db8c2f26724586db: expected 386072 found 95868
20663952,aot,54527167.777777776,
20663483,aot,44115889.2735849,gas-used mismatch for 0x0325899908d8e3efc07ff3bf8039b0d11359f32c541d8b83dd1c1aaf2f2a312c: expected 323570 found 95868
20665729,aot,45287870.83969466,
20663847,aot,73820315.23333333,
20665334,aot,71725048.36263736,
20665663,aot,85624680.16923077,
20668057,aot,98470499.08888888,
20668289,aot,72452343.39393939,
20664321,aot,85248846.97590362,
20668101,aot,80899673.49411765,
20663414,aot,55090912.79452055,
20664222,aot,54137229.75510204,
20663647,aot,62078226.5875,
20663707,aot,27882047.3655914,
20663790,aot,47298914.472222224,
20664269,aot,45926639.54368932,
20669039,aot,66853597.98529412,
20665851,aot,36231433.7867647,
20665006,aot,4396146.8467353955,
20667517,aot,49780481.428571425,
20663531,aot,45963544.782178216,
20666040,aot,51569329.85555556,
20667164,aot,85364362.625,
20665042,aot,76891660.22666667,
20666696,aot,41991175.57777778,
20665605,aot,53344727.97727273,gas-used mismatch for 0x9937fc928f79d5bc9713ff9e54405fc86aa7f9caf7e95ed7c07985247df1ddc6: expected 517782 found 250821
20666603,aot,37803465.56122449,gas-used mismatch for 0xa0ab90d44cd14eac5d2e6778c48c30a17093dbc189be8ca848b8506dabda859c: expected 204626 found 82074
20665934,aot,65114427.40909091,
20668007,aot,50652561.28571428,
20665021,aot,85088912.55384615,
20665570,aot,54527107.39805825,
20663542,aot,37586428.64885496,
20666812,aot,109359737.96923077,
20666461,aot,39847772.3047619,
20664521,aot,61781005.2,
20666789,aot,44679786.4140625,
20664164,aot,24837548.76363636,
20666976,aot,89347843.02222222,gas-used mismatch for 0x9f0ec96e40c8dff6ea808ee7ccaa299920b55eeeb98c7f662f91e700c8c1c69d: expected 1181056 found 934443
20663695,aot,29586832.32738095,gas-used mismatch for 0xbe37e406dbf35822c7a3f8fe025cc7c1df792cc7a8b4247e36ce3d17228f1b11: expected 306482 found 95880
20668665,aot,83117534.76086956,
20665195,aot,76560407.2909091,gas-used mismatch for 0xaa86e4b931f233fd02403fa1e263ce05b12a86ea07edc75579781d253ba56643: expected 213134 found 144528
20663495,aot,131009206.625,gas-used mismatch for 0x0df6f88e7e0782622b26cb6c46b253ceb74fef377546f7cadbf2e6c0e60b0668: expected 546470 found 349108
20665149,aot,49825620.44660194,
20666883,aot,31462345.220994476,
20667915,aot,56785253.5462963,gas-used mismatch for 0x068474d02eb0a6d6f23d58bc4563eefd104346fbf54a96796e0eef4341bef9ca: expected 407493 found 209434
20665477,aot,65599816.02857143,gas-used mismatch for 0x45987d1667baee704e37a5c022e7e318a5778f822564f8922ba70e8dc83e0452: expected 638232 found 652921
20669202,aot,58533422.65,
20668102,aot,47517870.306666665,
20665382,aot,97424755.16666667,
20665730,aot,54065425.75,
20663848,aot,29977589.763513513,
20664223,aot,45214616.2368421,
20664322,aot,69727839.39655173,
20663953,aot,58034762.46666667,gas-used mismatch for 0x1b1ccb1c981739b4d9ccaa2eee3380bd1599708418dcc5c0094b79e57af35629: expected 263092 found 245801
20663484,aot,78693995.61764705,gas-used mismatch for 0xc68d37644b86b2570b1f1b1b7e21de710b5e2e259b88435602e30e90f67c486a: expected 366079 found 306410
20665664,aot,56319024.04395604,
20663415,aot,45304520.23300971,gas-used mismatch for 0x4f062c09c49f874210c2bdacf89ec3b982cb2ab3d6d90bd79224046382f49bf9: expected 1600419 found 839749
20668058,aot,37991261.921568625,
20665335,aot,70092005.22352941,gas-used mismatch for 0x52f6884f68eec66094450152995c4e94be7425a728105a3de9363e0b928a4479: expected 322538 found 95868
20668290,aot,73479189.625,gas-used mismatch for 0x8b786fa5b35a66f0d8ce612168cb859fca129a50b3da5615404b4169707409ed: expected 366957 found 262794
20665007,aot,75583127.8125,
20666041,aot,73883343.8235294,gas-used mismatch for 0xe60df7847447056a062f93089d62234b812cece92bf75f5361eec355fc1ed5e4: expected 191472 found 81738
20663648,aot,52493882.8490566,
20665852,aot,43150750.67256637,
20667518,aot,50917927.129411764,
20669040,aot,49126387.77142857,
20663791,aot,74962535.8630137,gas-used mismatch for 0x548f54bc928d2b557c883b93fd3ccad333759c08de4e98d661419d454ae9289c: expected 280168 found 245777
20663708,aot,77977822.70512821,gas-used mismatch for 0x99d9450a8a9c8eb5de5a491272f4e8f6300d74088f3a9cb1f920d2a3c791f953: expected 176484 found 130373
20667165,aot,26265281.135,
20665043,aot,45267552.5862069,
20665571,aot,53052834.686746985,gas-used mismatch for 0x4a01279a62ce41596e5cee80ffc8ae7b40b9cb6b892de13f36b6d6817df42f8b: expected 650603 found 393507
20664270,aot,64242683.24489796,
20663532,aot,22565548.81923077,
20668008,aot,84785611.4137931,
20663543,aot,68029053.09523809,
20666790,aot,30820131.36296296,
20666697,aot,72037097.34939758,
20666813,aot,47029917.55339806,
20665606,aot,66213518.11827957,
20664522,aot,21389934.948356807,
20666604,aot,77547140.25,
20663496,aot,39398181.333333336,
20665935,aot,124518174.47272727,gas-used mismatch for 0x1aece684d440f780545e471a1f1f6aca7c753f9173d3328289913bbf1edb3abb: expected 198004 found 81646
20665022,aot,59618461.277777776,
20665196,aot,50986976.46315789,
20663696,aot,76547110.77941176,
20665150,aot,51221101.97029703,
20664165,aot,47570261.576,
20665383,aot,68460533.73214285,
20667916,aot,43616430.99166667,
20666977,aot,65136890.1,
20668666,aot,34503068.11734694,
20664323,aot,54411066.6125,
20665731,aot,74556337.04545455,gas-used mismatch for 0xd8048858fdc6419d1e6501978861dd2a157d9906e4fd3c979df888e7ec66b8b1: expected 322275 found 95880
20666884,aot,124165604.43478261,
20665478,aot,29690046.768817205,
20664224,aot,46856445.038095236,
20666462,aot,107673815.70422535,
20663485,aot,60849326.89333333,
20665665,aot,47904564.720430106,
20669203,aot,72486511.44444445,gas-used mismatch for 0x3cafc519dc7d447622771083eab5bd286d52c46bf6470ede236d6cc46cd50b3d: expected 266951 found 219661
20669041,aot,8344938.139896373,
20663954,aot,42569048.29007634,
20663849,aot,96177583.1724138,
20668103,aot,41715048.25827815,gas-used mismatch for 0xe9924842c067bc3a051da358ffc782fa830635eac53f627bb024402637dd5452: expected 328688 found 95856
20665336,aot,15579321.75399361,
20667519,aot,30104077.074074075,
20665008,aot,22518732.053658538,
20663709,aot,9608821.38292683,
20668059,aot,61787433.68235294,
20663792,aot,60794388.71830986,
20664271,aot,54834700.692307696,
20663416,aot,63317548.69387755,
20667166,aot,56534639.7631579,
20665044,aot,51137340.64705882,
20668291,aot,57201179.89814815,
20666042,aot,59619552.675925925,
20668009,aot,43315381.057142854,
20663649,aot,80813620.57692307,
20665936,aot,23026088.807453416,
20665853,aot,112547138.80327868,
20665607,aot,5272555.940615058,
20663533,aot,78474011.85915492,
20665572,aot,93810625.76190476,
20666698,aot,68094925.87058823,
20663544,aot,69803764.88235295,
20666605,aot,59949186.19387755,gas-used mismatch for 0x8c099ae650f522f09b49ba3dc7bc67b489a9717a2fc8abc86f85af7b5e769915: expected 302217 found 211076
20664523,aot,43366314.93617021,
20663697,aot,71567776.22727273,
20665023,aot,48940658.71171171,
20665151,aot,51097615.2,gas-used mismatch for 0xbeb7f1d5ac6c2d0318bf0df1792c6a2d828414b51c7b70fc8b5a8b5f24e6f2e3: expected 570838 found 427774
20666814,aot,68229045.6122449,
20666791,aot,67676704.92079207,
20663497,aot,112362161.1764706,
20667917,aot,44157206.37864078,
20668667,aot,91648312.75555556,gas-used mismatch for 0x7837f32010c0e8744a250a2b68be02dfe64d8fa58bce50b8d77e776baf12a502: expected 563275 found 366099
20666885,aot,4942735.066997519,
20665732,aot,88842909.70833333,
20665197,aot,75720407.45882353,
20666978,aot,85667663.07692307,gas-used mismatch for 0x72f3459f88d88ae8702c11ec00b8ec8fcaa106c3768028e4beed8c3bd5b8babb: expected 263166 found 196669
20669042,aot,81058279.30434783,
20663486,aot,18475040.12601626,
20663850,aot,44233367.68181818,
20669204,aot,11980914.64864865,
20665384,aot,30797288.126262628,
20666463,aot,46083085.08571429,
20664324,aot,48125342.36936937,
20664166,aot,62160097.949152544,
20664225,aot,40489723.73426574,
20665479,aot,119161806.04,gas-used mismatch for 0x318d4de59c07a5b5e7cc069c5540b4d0f17ed428b8402ee33b8b48b53d8ff57a: expected 735790 found 347320
20668104,aot,103102076.88,gas-used mismatch for 0xaff009a841b1528183acde2c5a374cfda12a84227df94a9394f549c3f34a7b56: expected 294512 found 95880
20665337,aot,88661605.86206897,gas-used mismatch for 0x0672ab5e2e136955eb138d009c1c2349deb37c2c19334cc7d40f7c35891182c3: expected 363740 found 95880
20665009,aot,60373900.061728396,
20663793,aot,38060753.752,
20663955,aot,64715009.21505377,
20667167,aot,101398954.70833333,gas-used mismatch for 0x60214957c943a8bdd489c0ae686897c0688198898d87f40f4144458a77e5670d: expected 726777 found 482284
20663710,aot,85221606.65079366,
20665666,aot,51725418.234042555,
20668010,aot,30799113.911111113,
20666043,aot,47772826.22448979,
20668060,aot,48491029.176923074,
20668292,aot,50870145.22772277,gas-used mismatch for 0x73473976762ef8fb80ab8d87f4b3a8364df6872ac1458c7785dc30b80e1155a0: expected 208453 found 144540
20664272,aot,51382030.89830509,
20665045,aot,41859700.20979021,
20663650,aot,57199547.98888889,
20666606,aot,2558689.2189936214,
20665937,aot,67790772.60273972,
20667520,aot,165608097.73913044,gas-used mismatch for 0x760c07fb26aeb14cba753e9fba6da075e2e09005abaf9f974b3fb0fd3e471cc7: expected 534909 found 279704
20665573,aot,14675491.931428572,
20665854,aot,26839827.93034826,gas-used mismatch for 0x00faaf6d36faa1cd831d618817e9ac211f210f0b99bc8d0269a565f8a7765c50: expected 576911 found 324382
20665608,aot,14328054.794805195,
20665024,aot,22995372.835294116,
20666792,aot,22015769.22891566,
20663534,aot,33370466.345454544,
20663545,aot,70154932.15714286,
20663698,aot,56282553.65882353,
20663498,aot,49661574.97674418,
20663417,aot,46880966.08988764,
20666886,aot,121444663.11428571,gas-used mismatch for 0x5572e11f9ea56e1ab38da8ba385f09a438feca0a8bccad663b433997d50b2530: expected 201096 found 81726
20664524,aot,94834600.0,
20668668,aot,55645102.37647059,
20667918,aot,57536416.87951807,
20666699,aot,29704806.671296295,gas-used mismatch for 0x6a8cd2f2904c428acde3fd376bb7adadfec9cb8d418bd0496693835be2e618bb: expected 428235 found 95868
20665198,aot,58972550.67605634,
20666979,aot,57157975.12328767,gas-used mismatch for 0x93ce4c79235e3c3264943a8879426cac93e149bc30dcd02f4b389fdb9dbae59e: expected 200958 found 81750
20666815,aot,60900038.46590909,
20666464,aot,43813875.623655915,
20665152,aot,40593810.897435896,
20664226,aot,64087609.836363636,
20663851,aot,57876721.5625,
20665385,aot,80562216.03571428,
20665733,aot,39373746.419117644,
20669205,aot,74167056.10606061,
20669043,aot,65919169.641975306,
20668105,aot,36579856.976,
20663487,aot,57965383.56,
20664325,aot,77960127.0140845,
20665480,aot,44928243.04310345,gas-used mismatch for 0xe4dcccf5b761f8f13ccf6698874b7d692f74d820789b63f8aa033933082923ae: expected 527972 found 402585
20664167,aot,76338751.84285714,
20665338,aot,50540953.448979594,
20665010,aot,83357786.84126984,
20666044,aot,54153697.05263158,
20663794,aot,61810583.28888889,
20663711,aot,8221333.158677686,
20665667,aot,57746657.105882354,
20668011,aot,65611434.28169014,
20667168,aot,39932540.14285714,
20663956,aot,81954777.28767124,
20668293,aot,34523671.897435896,
20665855,aot,133914554.71428572,
20665046,aot,57447979.42352941,gas-used mismatch for 0x57b2ece6b806003ca7fbf113347dc1785347ddb91e56de094f394058722cf620: expected 281414 found 98969
20663651,aot,33553391.172185432,
20667521,aot,51691887.354166664,
20665609,aot,81562253.96,
20665574,aot,68424817.75,
20668061,aot,60219110.73,
20664273,aot,45773826.755555555,
20665025,aot,78787861.43333334,
20663699,aot,62083148.60606061,gas-used mismatch for 0x722de009ea1124da4e301a09e0656c6cfae94c2fd47140be47bf096382d883d4: expected 360097 found 222306
20666793,aot,90002257.83928572,
20664525,aot,49794208.63529412,gas-used mismatch for 0x8925d3d93d202f25518b063550ffa62779a84b63fa5fb76f2f2823082c51b577: expected 887949 found 382341
20665938,aot,60484131.5,
20663418,aot,80663950.88333334,gas-used mismatch for 0x6fc5f0f99366e5748700684b4024232e065df4445feb4339c2b40632651134d5: expected 392262 found 315246
20663546,aot,57218525.582417585,
20663499,aot,28997913.93548387,
20663535,aot,72526082.0,
20666700,aot,48430044.428571425,
20665199,aot,56744379.31395349,gas-used mismatch for 0x9086a6b6dbf5de265f4523b44f2cda60819e89c30683e584bd86eae0025fd204: expected 667260 found 516208
20666465,aot,64397272.50704225,gas-used mismatch for 0xa1f5bf193975dbc66c20750016d33398ed586bc512a6c696a58d8aac6efe2dc1: expected 1149612 found 592996
20667919,aot,33749081.16564417,
20666887,aot,80627995.58666667,
20666607,aot,148774572.47826087,
20668669,aot,93938398.38095239,
20666816,aot,43294412.66153846,
20664227,aot,81158387.85714285,
20669044,aot,37167173.26446281,
20665386,aot,20827568.724279836,
20663852,aot,46773498.5,
20666980,aot,37045629.32,
20665339,aot,68185594.42857143,
20668106,aot,32783646.562913906,
20665734,aot,40408664.15068493,
20665481,aot,53333302.44186047,
20665153,aot,97589899.03278689,
20663488,aot,54000670.74,
20669206,aot,61812135.861386135,
20663712,aot,5608628.778401122,
20665011,aot,41087796.76415094,
20664168,aot,42533110.847328246,
20663957,aot,14608175.772893773,
20664326,aot,64610845.63736264,
20668012,aot,27779036.316455696,gas-used mismatch for 0xcebdc73880f86266307e33ea1a124dbadc66a8b74c937c8dfe6dd9a9c4315a81: expected 2294721 found 2332577
20666045,aot,58983721.13186813,
20663795,aot,53120243.28,
20665668,aot,34891912.68387097,
20664406,aot,29085331.715447154,
20665047,aot,85318257.43137255,
20667522,aot,58984631.04,
20665610,aot,82708674.86,gas-used mismatch for 0x9d477f060f04d43d243a9dd552198027489ce1d8d9140ae31fbd2df33eede2c5: expected 204766 found 82074
20667169,aot,6908463.126701571,
20665856,aot,60439007.79545455,
20666794,aot,33835352.358778626,
20664274,aot,47327549.762376234,
20664526,aot,24314260.740331493,
20663700,aot,49278628.2,
20665026,aot,66597573.06849315,
20668294,aot,59360488.7735849,
20665575,aot,71606876.92307693,
20663547,aot,34768340.83471075,gas-used mismatch for 0xd3def1f216cb5b4d555996e0aa5108f236f678334704b11dab6027fc5e61baee: expected 278947 found 245711
20663419,aot,75813833.93333334,
20665200,aot,1369965.671982489,
20663500,aot,66742654.75,
20667920,aot,54292773.85333333,
20663652,aot,58011887.70731708,
20665939,aot,24138851.64255319,
20664228,aot,67637249.65454546,
20666888,aot,11921315.284615384,
20666608,aot,53864901.47777778,gas-used mismatch for 0x35cf67a1aba892904a4225741a0c42ee20d1079058d9aeb137afd6e7b66cbd2a: expected 266963 found 219673
20663853,aot,71805843.20689656,
20665482,aot,69094754.03571428,gas-used mismatch for 0x5d05cd655fd244808cf13e2d1622ed9a79de19e9ac94e4cb4e22f11cef994c5c: expected 563017 found 319915
20668670,aot,43392926.275,gas-used mismatch for 0x25eb9e554970c940f5560f9c52017c7203a3ce375c76e237b2312ac057cbf7e5: expected 1453900 found 1150733
20666466,aot,53376228.873873875,
20665387,aot,113808509.55,
20666701,aot,79673328.225,
20669045,aot,32070598.066666666,
20665340,aot,15474713.03125,
20665154,aot,45318532.22772277,
20665735,aot,85925689.03448276,
20666817,aot,51042375.166666664,
20668107,aot,74019899.81538461,
20664169,aot,36634118.13513514,
20663536,aot,60800740.309523806,
20666981,aot,77153604.60526316,
20663958,aot,88869532.0,gas-used mismatch for 0x8e81c9f58e965c2c867f6323de4248bf7814045145831233499ef0192ca81a9b: expected 209150 found 81750
20665012,aot,64347496.686746985,
20664327,aot,34199563.682119206,
20668013,aot,104279834.80434783,
20663713,aot,112223030.85416667,
20663489,aot,66939105.6344086,
20669207,aot,77462633.38461539,
20665669,aot,88696133.48214285,gas-used mismatch for 0x808b7d677fde139b44f216d8226576520452d89fae2203944ee033ea300795b4: expected 1364446 found 916075
20663796,aot,64029056.48192771,gas-used mismatch for 0x170f57676b638ee62918c602a53e33865108f8afec97c353cbf1cd04c2e8c4f4: expected 280204 found 245813
20665611,aot,107984900.15,
20666046,aot,48022044.29752066,
20664407,aot,47065318.2,
20667523,aot,91648483.72727273,gas-used mismatch for 0x18d69c9326d42f9f13804ad647f9f8881d8c817fb9ccd60e704ccbab721a3fb3: expected 262767 found 33517
20665857,aot,38194609.79259259,gas-used mismatch for 0x43768a2f0aa650e91bc8b11d039cce42325b0dc7322447c85c9bde2cfaed1124: expected 224027 found 144547
20664275,aot,36581069.192,
20665048,aot,69353161.73076923,
20667170,aot,102414612.0,
20663548,aot,46878523.0989011,
20665027,aot,59263517.06410257,gas-used mismatch for 0xc1fa4188ac13b6de4f7e7e258e141a6f87eb963573d11073cc9df9ded46af527: expected 746037 found 602430
20664527,aot,52284342.10752688,
20663501,aot,33348399.295652173,
20665576,aot,56344875.7037037,
20668295,aot,83416626.12068966,
20665940,aot,89821157.25581396,gas-used mismatch for 0x6136fffadca876aaff3108eba6a468445b97923f83efbc4643afb14bee3e8e0e: expected 871168 found 343750
20663653,aot,89802092.32,gas-used mismatch for 0xb0cc86d47c6f7d96802d66359bd7b45a82e2a2394454f7a4f7f7afe6e29131d7: expected 401594 found 95868
20663701,aot,53197544.855932206,
20664229,aot,43866436.267326735,
20666467,aot,52114699.558823526,
20665201,aot,80406223.06153846,gas-used mismatch for 0x26b848885b6eb8b88187012ab2648c7d0d36bcd5cdaa4e1c3cc10628260f7c7c: expected 358475 found 303574
20666795,aot,74595782.43333334,gas-used mismatch for 0x40900179946591b7c61dec0c9b3b77bc355a57124a71eb6257861464a0c65053: expected 430527 found 333776
20663420,aot,38227124.37974683,gas-used mismatch for 0x5b5948e4c1229285bb1191357124375f5cf3da4eb04f019f813a457e71d9107c: expected 736695 found 476968
20666889,aot,115659027.15,gas-used mismatch for 0xf46b852af443564db9778f16c51175a81646f97185b1e6014d9618c7ce4ebb25: expected 272468 found 240510
20668156,aot,52115494.25882353,gas-used mismatch for 0x7a74973cd324a961b73670e39b9a6d0c6d109670f505dcecf68d6b101ce962f4: expected 383589 found 186555
20667921,aot,43476482.074074075,
20666702,aot,15986199.349593496,
20663854,aot,62274531.1686747,
20668108,aot,36816336.3046875,
20665388,aot,55509017.14851485,
20668671,aot,45512159.52307692,
20664170,aot,61873018.36,
20666818,aot,82027115.85454546,
20663537,aot,41077830.38738739,
20669046,aot,49638400.19444445,
20665341,aot,74676998.91428572,
20665483,aot,32707754.34871795,
20669208,aot,57260162.06060606,
20666982,aot,51343285.28571428,
20665013,aot,20253488.668085106,
20663959,aot,67897753.59210527,
20665670,aot,34210873.984962404,
20664408,aot,40282859.930232555,gas-used mismatch for 0x2d7fc09124cdc7e19044d739de2e10279c5579c317a40932dd0ba5353f0e3d14: expected 552236 found 98969
20665155,aot,22703888.642405063,
20663714,aot,72706749.77586207,
20665736,aot,103579938.45454545,gas-used mismatch for 0x4438741c4ae71e94728880222a1a65e21e1d3f56c89dfa2cb136dd74903da48e: expected 262912 found 245621
20664328,aot,90588811.16666667,
20668014,aot,58701003.760416664,
20663797,aot,39112616.20661157,
20663490,aot,89926238.55555555,
20665049,aot,31160545.643356644,gas-used mismatch for 0xe23efbbe2ddf5bd167e119863f3b97f9e38311c68e64e13b19c7df8a40bff5db: expected 186229 found 81298
20667524,aot,51754722.258064516,gas-used mismatch for 0x25bc5f2eee120ae1001c07dd489ecaec1d5b848f1e4c1f5089149fc489ef8d5d: expected 408747 found 95880
20667171,aot,45429055.60952381,
20665612,aot,82602046.42253521,
20668296,aot,66444083.121212125,gas-used mismatch for 0xc2ce60022c1e3bfd2761f147cf5b3b07a7c8e5b10663f212c5c8892f9ee0fdcf: expected 485206 found 443160
20663549,aot,64408815.84931507,
20664528,aot,22428886.084444445,
20666047,aot,7695112.751764706,
20665941,aot,42453989.415929206,
20665202,aot,54914897.7,
20665858,aot,78064830.6375,gas-used mismatch for 0x7c008250b613ee4f354e28cf028cba9df597a0236c67a89e0ed7c2964c4e9da4: expected 343697 found 95880
20665032,aot,40083407.647619046,
20665613,aot,35601144.171875,gas-used mismatch for 0x10a71521122ca72d906554699ce375ee996a4dda3a4e41ef2f7673d0569258cc: expected 1104799 found 793783
20665028,aot,77928882.26666667,
20664276,aot,29926481.73636364,
20665577,aot,36634631.37888199,
20663502,aot,86283107.61428571,
20664230,aot,45542338.63716814,
20663421,aot,80900059.26229508,
20663654,aot,130149323.65853658,
20663702,aot,49561000.154545456,
20666703,aot,99648072.76470588,gas-used mismatch for 0x746a61e5a3794e23d7d4c6ed1d294212ab4873e8108d5f7c736a2508595ebea4: expected 588463 found 351370
20668157,aot,62287457.22093023,
20664453,aot,55854302.24271844,
20667922,aot,50103091.762376234,
20665484,aot,54135940.65079365,
20669047,aot,49457042.15,
20665342,aot,22323020.358585857,
20663855,aot,53768285.21359223,
20668672,aot,55022709.6627907,
20664687,aot,24613235.294736844,
20664171,aot,41414346.49264706,
20665389,aot,59906691.520833336,gas-used mismatch for 0x82a7f3615a62a22c1a5a1cee53bdd128e15b619817447d02a637cc27456815a5: expected 415117 found 95880
20666983,aot,44196940.39047619,
20666819,aot,38995326.33561644,
20665014,aot,69753019.6923077,
20664329,aot,40256660.03125,
20668109,aot,75349340.72941177,
20665737,aot,27786889.417177916,gas-used mismatch for 0x22b0c3c6e844c6baba9593c2d3e2706011e626827ccebba016bc61a7081db1ef: expected 395087 found 259215
20665671,aot,55874297.03703704,
20664288,aot,33989767.492753625,
20663715,aot,74995072.33333333,
20664409,aot,52347060.46534654,
20663798,aot,69449577.87878788,
20669209,aot,43995026.51265823,
20668297,aot,26600498.110344827,
20666726,aot,54963499.447916664,gas-used mismatch for 0x1e523cc8388b9b21c6485b1baf9bdb10621e89ff6e788f234583728a93571891: expected 309413 found 234559
20667525,aot,44882104.70909091,
20667172,aot,93495299.4528302,gas-used mismatch for 0x13ba0d3dae036763385dfa2097e94418c299d339acf380bac689cffc50984bbf: expected 333633 found 95868
20668437,aot,80497072.5,
20664529,aot,41393261.175,gas-used mismatch for 0xdf3ecf964d478598596cfba2679fd30076ceac14c3f920f11c6a21e02d5bae31: expected 195418 found 81646
20665953,aot,52164767.90625,
20665033,aot,48721775.58024691,
20665859,aot,66022926.54285714,
20665050,aot,62427330.49504951,
20666048,aot,91663067.82,
20664231,aot,58018023.294117644,
20665614,aot,35975275.18439716,
20665942,aot,68516216.87951808,
20663960,aot,59584353.66225166,
20663550,aot,47260891.89855073,
20668158,aot,37727882.203539826,
20665203,aot,51147554.82644628,gas-used mismatch for 0x73b7aa7fbef1d8fedab2de9948962c816a1efcadc0f108a6e5a234f4c253d40e: expected 1890319 found 960793
20665029,aot,54699148.54285714,
20663503,aot,44036569.81355932,
20663509,aot,48357583.62244898,
20666831,aot,64175001.01111111,
20665485,aot,41206582.19,
20663422,aot,59665948.333333336,gas-used mismatch for 0x0476fe7913ee51e04d8e370e3e9abce41f9782f7c27843531c5b47fbc9db5281: expected 266915 found 219625
20667923,aot,14706935.891640866,
20664277,aot,94473470.13846155,
20663655,aot,46549478.33884297,
20666738,aot,12668927.889196675,
20663856,aot,58096826.946666665,
20669048,aot,118400959.04651164,
20664688,aot,132272680.8,
20664454,aot,57967274.833333336,
20669281,aot,39466308.30630631,
20666704,aot,35546744.03,
20666984,aot,46626690.00952381,
20665738,aot,64170075.85714286,
20668673,aot,75672116.70512821,
20664410,aot,19838050.97777778,
20664172,aot,73505070.65714286,
20663716,aot,87056975.18867925,
20665672,aot,35398353.68,
20666732,aot,79517689.96052632,gas-used mismatch for 0x7d634c9782283d3f47b8688b175789e7e1a920cbe92dcc35c2b7467d052a8a3b: expected 691559 found 387155
20663799,aot,59477713.042253524,
20664330,aot,80780776.76,
20668110,aot,43266224.18115942,
20666727,aot,43655728.52,
20664289,aot,76246586.96153846,gas-used mismatch for 0x5a809110d3fe6945fda3c727bf00b2951b108e28e181de8b3681dd5a476b5cc5: expected 252036 found 206926
20665954,aot,2926735.1565656564,
20666820,aot,90564002.18518518,gas-used mismatch for 0xaf0969a373e6823c4ac585d8f6140a60e01d4d9a603cbb9b5e1d4fe24adf13bb: expected 384765 found 95868
20666049,aot,80282734.125,gas-used mismatch for 0xb3c74f3da2778bdb09e738751faa91d8e2e9a96a8c5f844e15390b9426ae35d6: expected 201096 found 81726
20667526,aot,52750416.423423424,gas-used mismatch for 0xf3c7d7e3bfdaa7b7a53d2f17d7451a3b57ba66cff4aa9bab420a4f6664a5b19d: expected 605988 found 551809
20665051,aot,66112673.907692306,
20663551,aot,71037274.2,
20665943,aot,46828534.435294114,
20663961,aot,74499441.09433962,
20669210,aot,48279728.4751773,
20665034,aot,80026745.52112676,gas-used mismatch for 0xa119ac530d983f63527700f7642be28f1c8e98f0362d0a6623c369f129cbc143: expected 1117034 found 1198450
20665615,aot,76125286.52459016,
20668298,aot,61357997.59130435,gas-used mismatch for 0xf671da0eccf95e4f855f85392b62e76dc61f74a2c1e90cb47c3665850ca373a1: expected 277874 found 49274
20665204,aot,51395396.666666664,
20665030,aot,47157776.88235294,
20667173,aot,26261326.662601627,
20664530,aot,77329350.05128205,gas-used mismatch for 0x1abae55a98af4b28b364ed851e56dd242714653e7c25a87d584c59d9450419e4: expected 99447 found 81646
20663423,aot,49904628.70512821,
20668438,aot,75544173.52272727,
20665486,aot,60365594.35294118,
20664232,aot,32502825.272727273,gas-used mismatch for 0x03d3a3cd8c2b41fdeff9d9b877d952393586621556ce1801732cd52a555b2977: expected 392238 found 315222
20665860,aot,61022301.38613861,
20663504,aot,28799126.468421053,
20664278,aot,79109398.68852459,
20667924,aot,47273360.5,
20663857,aot,79731232.78571428,
20663726,aot,66869467.96052632,
20666739,aot,95788715.47169812,gas-used mismatch for 0x4b13f17b5c2e71a78b836fd5661d79cf13f14be943b65835e9ad4cce16e7dd5d: expected 530779 found 398324
20669282,aot,84425152.85416667,gas-used mismatch for 0x573c86b4ce95ecc61bd2efe672cd619ae2df0bbe2e2fd3366be04bbf19115cca: expected 1863957 found 960781
20663510,aot,53492956.791666664,
20669049,aot,53098909.80681818,
20666832,aot,89540623.91549295,gas-used mismatch for 0x3e7c61e52e69eb03cd00ac0f256023adf0b710e056e089f4e77bfebfbfd34cd8: expected 688089 found 279716
20665739,aot,30624336.764285713,
20664689,aot,42883111.06666667,
20668159,aot,99470598.81538461,
20664455,aot,50881683.44660194,
20668674,aot,110500766.88372093,
20664173,aot,52434341.26744186,
20666985,aot,77136226.22950819,
20666705,aot,65886485.55263158,
20668111,aot,44953410.5625,gas-used mismatch for 0x90b490e77daadf4e94d97543818feaebc54a64f9d7bf849ade6058b900b97df0: expected 390121 found 280576
20666728,aot,45983808.43333333,
20666733,aot,60508677.9625,
20664411,aot,71535540.44186047,
20664290,aot,33474541.661538463,gas-used mismatch for 0x2ef24d3da3993ef3ca1ea216c244eb9f5f64eed3efd6ea0ade2870e015556f9d: expected 280168 found 245777
20666821,aot,57021509.24285714,
20663800,aot,46208536.61818182,
20664331,aot,51127772.91509434,
20665673,aot,33445442.681081083,
20667527,aot,37104005.56363636,gas-used mismatch for 0x133fa886d4938cd08877f5bda50c953b5755f7b6b8f89ab07dc13a21d5ae2235: expected 402330 found 226829
20663717,aot,55632940.291666664,
20669211,aot,43310497.666666664,
20665955,aot,78311010.25352113,
20663962,aot,40357506.90434783,
20665487,aot,48939548.74074074,
20665944,aot,87545942.7090909,
20665052,aot,54891516.36792453,
20663424,aot,43545262.820754714,
20666050,aot,69975544.92222223,
20665861,aot,31390645.044444446,
20665031,aot,45841457.301724136,
20663505,aot,72207618.36,
20668299,aot,59490965.428571425,
20665616,aot,88905550.08196722,gas-used mismatch for 0xceef9de5b1169b5181e675f12d7d8901a43868814df900e2a791246c4c6f25cf: expected 827906 found 445258
20667174,aot,37424503.62758621,
20663552,aot,22162325.18918919,
20664233,aot,57686195.270588234,
20665035,aot,55865762.44761905,
20668439,aot,120153004.85,
20669050,aot,22882156.31372549,
20663858,aot,60509872.24285714,gas-used mismatch for 0xdd19fc58a77b9276b9ee0749ab7e3e6b1fd97ed30ed6c1b68482433e0b35f51e: expected 375162 found 315246
20664531,aot,66170430.86021505,
20665205,aot,65615228.73469388,
20666740,aot,39462890.67256637,
20663511,aot,65158534.22857143,
20667925,aot,78064365.69117647,
20669283,aot,28616494.156756755,
20668160,aot,63370455.24285714,
20665740,aot,69655235.20588236,
20664279,aot,14026540.713333333,
20666833,aot,5667984.01980198,
20663727,aot,52498093.487804875,gas-used mismatch for 0x5ce72321d0ff1e1a234ea5ae9c2e1855d443f3e33edaa581221a272ab2168cc1: expected 254944 found 210733
20664456,aot,56538059.12790698,
20666986,aot,97553827.32608695,
20666706,aot,65019383.928571425,gas-used mismatch for 0xa74b91e6a195d035c0d61860768a57bda506a1a9414d70497466fdd9615765ae: expected 281427 found 246364
20666729,aot,3748418.439148936,
20664690,aot,53904040.87068965,
20664412,aot,46934098.091836736,
20668675,aot,63564061.9223301,
20664291,aot,54210641.604166664,
20668112,aot,57387034.86111111,
20666822,aot,29676947.460732985,
20663801,aot,71324804.11267605,
20669212,aot,81786279.43137255,
20667528,aot,124458278.10526316,gas-used mismatch for 0x5e57c384b5808f72619033f64629b39fac7d3a4907fbfff0d80170c92b62595b: expected 898883 found 462773
20665674,aot,110163535.8478261,gas-used mismatch for 0xa0918c7bef4d5f7226c0832caf3bd45cc8e0e45f54ce17b1ba5b2b6e7d5b13b5: expected 1151218 found 959911
20664174,aot,80543432.82795699,
20663718,aot,71362937.38571429,
20664332,aot,53127699.04310345,
20666734,aot,60090979.97413793,
20665488,aot,59918411.12,gas-used mismatch for 0x3f213b2afc13c85e804a468dbcbc3bbf838307637fb96757ef15ad4264b4ab9c: expected 299655 found 226320
20663506,aot,41870535.14736842,
20665053,aot,59159974.450704224,
20666051,aot,61047828.23943662,
20665956,aot,72657550.96052632,
20663425,aot,64483562.59154929,
20663963,aot,40314664.37142857,gas-used mismatch for 0xc05a09a540847edbd3149db053fb6eb65fa5166ac8aaa7481d11bf403c1e687d: expected 294500 found 95868
20667175,aot,92710967.28888889,gas-used mismatch for 0x94705aecde446e145d9979c10ae6f2c126304acd10817a120f072933330c1411: expected 524473 found 279704
20664234,aot,23945593.347368423,
20666741,aot,44110747.666666664,
20665862,aot,85988347.36666666,gas-used mismatch for 0x442806fb73abb4a3f84f897e3dbd547414eb6679bc71caf5c66c4f0913d8f1d7: expected 1701211 found 1129263
20668440,aot,48330604.50537635,
20664532,aot,41101992.530612245,
20665617,aot,62061816.333333336,
20665945,aot,80510251.0410959,
20668300,aot,29835785.104712043,gas-used mismatch for 0x73482938e8b8df6b1964f906055f8340b72627f269e48866ebae4d151a8e5899: expected 814251 found 832098
20666837,aot,87198977.28571428,
20665036,aot,26259203.09767442,
20663512,aot,60192678.77272727,
20667926,aot,45342283.46226415,
20663553,aot,98924062.4,gas-used mismatch for 0x40677cb54cebdf21dee9462b6df937848ba40e1596e09bcd67eb957e513bdbc5: expected 328700 found 95868
20663859,aot,66581593.37362637,
20665206,aot,51650739.557522126,
20669284,aot,112199165.225,gas-used mismatch for 0xa3292a7ff22fcd6b3f4584d27b5b9c50a8cf702fa579833069a6ca998690a1a2: expected 1041935 found 663771
20663728,aot,55097440.36986301,
20668161,aot,108202319.6744186,
20666834,aot,1575059.4882090504,
20665741,aot,47246775.051724136,
20669051,aot,88743080.8625,
20664457,aot,61259712.807228915,
20666987,aot,63991863.01204819,
20664280,aot,68719740.81318681,gas-used mismatch for 0x02ea5f9c1500706ff8c1aca70d8094b4237785e737a0010524993dee85f28921: expected 264031 found 215842
20668676,aot,70788391.81034483,
20664413,aot,23542876.027272727,
20666707,aot,64500450.927083336,
20664691,aot,58601161.6875,
20668113,aot,42727591.78095238,
20666730,aot,106902497.88679245,
20665675,aot,62439073.342857145,
20663802,aot,37216517.775,
20667529,aot,71574817.19117647,
20663719,aot,57291274.02666666,
20664292,aot,52049524.49557522,
20664333,aot,44323232.56122449,
20664175,aot,30953455.740963854,
20666823,aot,98574832.11320755,
20669213,aot,90799741.63076924,gas-used mismatch for 0xba265da020d3637e9a6f02aa4e9307585c1d1a7f378bc44ac04e521e3860d3f9: expected 958829 found 1010127
20663507,aot,61327500.2368421,
20666052,aot,52543211.844444446,
20665054,aot,49831868.94059406,
20663426,aot,50255896.05,
20667176,aot,46206437.62962963,gas-used mismatch for 0x1678f41e7f81624f3bb0930dc4d861606633d8f02956d7ee356b8c5a82cf782c: expected 293523 found 196669
20665489,aot,39174109.93464052,
20663964,aot,46925893.238938056,
20666735,aot,66809168.24175824,
20668441,aot,50244395.0,
20664235,aot,97946544.8125,
20665618,aot,17669245.201438848,
20666742,aot,69514027.2763158,gas-used mismatch for 0xa8bccf17dce567171ce709ecb71ae1361c19f9b15617d82345ec007f169454e0: expected 392250 found 315234
20664533,aot,64052089.64705882,gas-used mismatch for 0xd85a40e2fb12f30c4f3102f7753551f9d04a2e8b26f5e78f666cfe4108fca3aa: expected 385139 found 317138
20665863,aot,22262705.523255814,
20663860,aot,37678081.92380952,
20665957,aot,72634491.67032968,gas-used mismatch for 0xb1d579087dfa543b5997193b9a3c819f13f9f584b0dd75c37a4642574e308b88: expected 429422 found 271015
20663554,aot,37726065.809523806,
20666838,aot,45979714.16949152,gas-used mismatch for 0x1ba11b113c73758892d1d1acc896d63e6c552c6c1cb7b590e2c63ac343ffecd6: expected 255344 found 240486
20668301,aot,105519400.03636363,gas-used mismatch for 0x47a39022c86e60abad1987b074d21f3dbdb3d830e4408221e2660fb60a67af54: expected 348454 found 95904
20665946,aot,95253743.18032786,gas-used mismatch for 0xa240a7c2ee5a9ae66bc60fda0e4af2ca4568dde3b8c4172a9db47d819ade68c8: expected 264601 found 242599
20663513,aot,44808521.046875,
20665037,aot,60304875.64516129,
20669285,aot,45872969.7962963,
20665742,aot,47567097.85227273,gas-used mismatch for 0x94534aeb70d79226d5046490d33c52358b09c8cfb2cd1c0179345f59239042be: expected 492104 found 95856
20667927,aot,91271456.56666666,
20668162,aot,18264881.493055556,
20666988,aot,80046964.28,
20665207,aot,50919690.8015873,
20666835,aot,122917038.97674419,
20664692,aot,52504122.671052635,
20663729,aot,119146388.03773585,
20668114,aot,55359678.82857143,
20666731,aot,25865634.50931677,
20664458,aot,61534149.54,gas-used mismatch for 0x87121a3e848cc67f6c6fa6e495ecf9a2885829a7daf4015f7946f53d85c2fb1c: expected 731699 found 372046
20669052,aot,80686083.60273972,
20667530,aot,47447039.11111111,
20664414,aot,90536290.8235294,
20666708,aot,54789125.32631579,
20664281,aot,85868845.15714286,
20668677,aot,50349481.585365854,
20669214,aot,35822365.094827585,
20663803,aot,53885765.38738739,
20663508,aot,46309583.2688172,
20665055,aot,35469851.27272727,
20663720,aot,28093496.5,
20666824,aot,74923941.23529412,
20664176,aot,70354150.03846154,
20665676,aot,73265483.56666666,
20667177,aot,70591755.58461538,gas-used mismatch for 0x810198b442110688d5a69d58ac880252b1ba3c9e8a57e9af192f945304e47bda: expected 491767 found 305592
20666053,aot,45620798.556521736,
20664293,aot,52387010.63559322,
20664236,aot,56603483.81690141,
20664334,aot,55112110.22413793,
20663427,aot,51407427.00990099,
20665490,aot,15352001.31097561,
20665619,aot,60930330.90140845,gas-used mismatch for 0xe7d010dfeebe950da91614376b88a65892ce228e27c48cfe22e8cc2f22f4211d: expected 675948 found 393564
20665958,aot,44967012.10227273,
20663965,aot,40997913.3,
20668442,aot,57007520.35164835,
20666736,aot,74070472.49333334,
20665864,aot,60843358.325,gas-used mismatch for 0xc97387c593d6f68e194469e18017c7fd05845eae56ffe6b308dd59359a802fee: expected 196213 found 81750
20666743,aot,47646790.801724136,
20668203,aot,23009383.48780488,
20663861,aot,55402508.95049505,gas-used mismatch for 0x6d3c16f0edc9e4624480bcb6307098a934315d7a19f9b8b0b6c21ba9b9101e1b: expected 259571 found 240305
20669286,aot,48867403.74725275,
20668302,aot,61997159.32530121,
20666989,aot,48136739.333333336,
20664534,aot,70203857.79069768,
20663555,aot,58215286.64,
20666839,aot,51762369.6779661,
20665208,aot,66137542.12698413,
20664693,aot,79011428.75,
20667531,aot,16973206.55612245,
20665743,aot,54823687.85148515,
20668115,aot,29511921.390625,
20663514,aot,69129608.63440861,
20665947,aot,54297278.248,gas-used mismatch for 0xde6687783545722de028f415390aac008727657242d620353521e37daea1ee08: expected 285784 found 211266
20667928,aot,21492942.75085324,
20668163,aot,98685739.27868852,gas-used mismatch for 0xbbd2adb3580e3ebbb330072865918a2e529caaa4004c500424cf241dd2777f55: expected 383601 found 186567
20664415,aot,30096595.503311258,
20666836,aot,79577067.76470588,
20664459,aot,61535558.176470585,
20669053,aot,83347177.26984127,
20666709,aot,79600105.31818181,gas-used mismatch for 0x612beaf106df40cf1bfeff14f3c838a41de27cbc7d4543159619b3f2fef92634: expected 317240 found 95892
20664282,aot,60268750.23255814,
20664359,aot,37692089.01807229,
20663730,aot,62506085.56481481,
20665677,aot,59065489.75384615,
20663804,aot,51352386.38709678,
20668678,aot,48989014.91891892,
20669215,aot,71340248.23287672,gas-used mismatch for 0xf3c65f5f239b3b1483364ac33bf9676ffc78ebb75435c73bac9dad1bb42cb2bf: expected 369685 found 222294
20664294,aot,35217518.70909091,
20669328,aot,54390143.34408602,gas-used mismatch for 0x14c717b3d8b8681852da1ff4e87acb742eeb12c3e75d8760b3eabba09ce665a3: expected 252871 found 238218
20663721,aot,65885026.75,
20665620,aot,60258513.777777776,
20667178,aot,42693775.56198347,
20666825,aot,52940602.24528302,
20664237,aot,47236859.68518519,
20665056,aot,23201327.665384617,
20664335,aot,45908233.90990991,
20665959,aot,66260302.6,
20663862,aot,44132378.473684214,
20664177,aot,62034115.77669903,
20663428,aot,59721239.83157895,
20665865,aot,95688855.8478261,
20666054,aot,75908719.28205128,
20666744,aot,85211701.21818182,gas-used mismatch for 0x5fc66efb557d89d5a68cc2e54490ab7884a1bbf5497943e1fb03fa1bfc9b99e0: expected 310731 found 234571
20668443,aot,56498634.12871287,gas-used mismatch for 0x39ed2a44c8e16bd3c1b836940b65106c8f8bb92c0da85c9928dceb12ef60ab5c: expected 691439 found 279716
20663966,aot,83496138.36764705,
20668204,aot,87371606.46,
20668303,aot,64937212.64383562,
20666737,aot,102710479.81818181,
20666840,aot,76785550.82142857,
20665491,aot,109133161.72727273,gas-used mismatch for 0x2b5824d7959f93a4dc5a020338fb9e2fe036177eb1157ee06a1ae0a9fac80904: expected 266939 found 219649
20666990,aot,62962704.37647059,gas-used mismatch for 0xe5f4690c277737fb041d269480fe43d7118c882d1b1b0e7c840adee5c498d0b0: expected 386469 found 211141
20664535,aot,112747687.56097561,
20665209,aot,37586453.05555555,
20667532,aot,94495758.28947368,
20668116,aot,47515197.45263158,
20664694,aot,58088159.23863637,
20664382,aot,47028100.45783132,
20669234,aot,60507552.20512821,
20669287,aot,71060044.51612903,
20665744,aot,46422410.077586204,gas-used mismatch for 0x1b7e328159f205b7a0a1a969a1630081543da335790aaa6b69c0bfdc6163a745: expected 266927 found 219637
20665948,aot,63211939.62820513,
20663556,aot,72036432.45454545,
20667929,aot,68841394.2739726,gas-used mismatch for 0x87992eddd68abc100c15f18ad931c3f79b9ee5d000df8d0c7e9db4309a34aa09: expected 1200739 found 37833
20664460,aot,76407328.55882353,gas-used mismatch for 0x716db6422dc5b3d0fe95afcace308f19aa0cc4b9364c9d9c658ee1cf4e3af287: expected 676553 found 487013
20669054,aot,37079840.35555556,gas-used mismatch for 0xc1778327d49800fd24cc78331fd7855bd186f1ef996c33bc9f40dd0e4e2bf6f8: expected 467953 found 95868
20663805,aot,66098935.553571425,
20668164,aot,74871845.06818181,
20666710,aot,50740140.267326735,
20663731,aot,50189368.583333336,
20665678,aot,46688734.99047619,gas-used mismatch for 0x0fd712d9799d6bfe73f9bc4cb3a82e011e6cc21bd0049985a15012c9d823bca7: expected 820785 found 518617
20664283,aot,45763962.4,
20665621,aot,52172393.5890411,
20663722,aot,31667899.962406017,
20664416,aot,98696154.52941176,
20664360,aot,50217486.141666666,
20668679,aot,85113589.31818181,gas-used mismatch for 0x41fe2ebdc73f15b90ed0c45c05a5f9207753b52b67ec4da81e47baff250c1e4d: expected 801854 found 769581
20665960,aot,81105191.37254901,
20664336,aot,47418306.16842105,
20667179,aot,82302961.79245283,gas-used mismatch for 0x169696ab593dc066dbbf80c47900bf66589f0bad14f0738fa643eedc8ace0f37: expected 541997 found 284739
20663429,aot,56860914.03076923,
20665057,aot,71922481.38235295,
20663863,aot,87945410.1509434,
20666055,aot,39549425.61111111,
20669216,aot,73645111.59340659,
20664295,aot,54762841.69918699,
20669329,aot,65933550.14851485,gas-used mismatch for 0x486f5923facc19851c6da4104ea3eb97ec9ec7c556b312bf843cd74ddf38f3b9: expected 313119 found 254592
20664178,aot,67886838.94117647,
20666826,aot,91324271.23076923,gas-used mismatch for 0xba80f8e22dd980041a9cef4aeb5e55e4d54805b522627945c752e39e22addf77: expected 255661 found 194166
20664238,aot,98484660.0862069,
20668444,aot,56086456.197674416,
20666841,aot,47962046.70930233,
20667533,aot,5437182.888888889,
20665866,aot,42386493.205882356,
20668812,aot,57956108.05681818,
20664536,aot,57299125.02666666,
20666991,aot,79604428.93333334,
20663967,aot,77308280.58666667,
20665492,aot,57005688.768421054,
20665949,aot,44348296.85714286,gas-used mismatch for 0x3b397a9c06c03a4c653a478e6379dbd49ad1f6da40559dbbd31286eeecedcb10: expected 302861 found 130938
20669235,aot,50819525.29032258,
20664383,aot,69401477.93650794,
20666745,aot,81617880.3409091,
20668205,aot,99600112.92307693,gas-used mismatch for 0x6d7a5070c37c407c31d1d5c4768acf68500a71f4a7edfd23bfbc03cd39f9d5ad: expected 672688 found 298820
20668304,aot,48728532.62307692,
20664695,aot,44714491.123893805,
20669288,aot,71433266.13846155,gas-used mismatch for 0xa585f57c4a25aa8e58a4b814721b35cad5033588b0811a06801153c208eeedcf: expected 277883 found 194156
20665745,aot,69808916.90140845,
20668117,aot,44318445.75735294,
20663557,aot,46553844.39830509,
20666711,aot,59004514.87692308,
20668165,aot,73760620.78688525,
20667930,aot,64768811.92631579,
20663723,aot,73801112.52727273,
20663806,aot,26113329.842592593,
20664417,aot,48461550.6632653,
20665210,aot,117628399.66197184,gas-used mismatch for 0xc4a1505cb0fe97fab52a6bfe357f8f374bfff6cdb8df1119ebc0be2205f102f1: expected 213134 found 144528
20668680,aot,62728431.28169014,
20665679,aot,79851597.1971831,gas-used mismatch for 0xba739bd05ee98b4b41accfb03490670c5dd4b69ebc45e53b88c8a88ec3365f00: expected 272456 found 240498
20669055,aot,93737792.21428572,
20665622,aot,54225720.038095236,
20665058,aot,2715722.353619475,
20664361,aot,89812774.72413793,
20664461,aot,51756606.986013986,
20663732,aot,86110041.10666667,
20665961,aot,31118981.072727274,
20667180,aot,41903300.152542375,
20664284,aot,88225009.59210527,
20664179,aot,82932861.35849057,
20663864,aot,45358411.96296296,
20669330,aot,62091288.25,
20666056,aot,82501563.6,
20667534,aot,69899623.2,
20664337,aot,92201506.48529412,
20663430,aot,74715147.92222223,
20666827,aot,42960633.135714285,
20664296,aot,60482925.06603774,gas-used mismatch for 0xd2e618d6691065bdb6152e44ab2a6c84687c942475122ee826a1547a23ccfa45: expected 275240 found 243079
20665867,aot,60915898.77647059,
20666992,aot,82213339.6226415,
20668445,aot,58927863.229166664,
20669217,aot,67672598.74489796,
20668813,aot,69260334.28767124,
20664239,aot,56479893.09565217,gas-used mismatch for 0x05b19b71eaa90e0ef957e52e5421dd3dfeb7623fe2f3cef6c1df31f22f58aefe: expected 266963 found 219673
20666842,aot,102681445.60377358,
20663968,aot,70312639.68571429,
20669289,aot,47239285.870588236,
20664537,aot,81163265.09859155,
20668206,aot,44773873.443396226,
20665493,aot,68438504.96052632,
20664384,aot,111427109.20930232,gas-used mismatch for 0xfb4772f96561651af5a14adf47c2ec76fd177c39c1c91dd49a61b877785f6428: expected 328700 found 95868
20664696,aot,46841514.02857143,
20668118,aot,62016654.413333334,
20665950,aot,85005535.02941176,gas-used mismatch for 0x86df0fbf9569c0ec5df8c852d21c311c5b2f6f09aa065b13df62e94c8e9eefa7: expected 1407913 found 983193
20666746,aot,60415551.635416664,gas-used mismatch for 0xcb848c98c483943eadefee2b9020a554c0af9bc4682f30122a4c2457a823592e: expected 850994 found 338416
20663558,aot,42992072.87826087,
20668305,aot,50534609.904,gas-used mismatch for 0x8c8fdaefd3f84467af6d6e2ff92ac01628c42dd040cafb05a9fa5bfa0eb7c4cd: expected 383577 found 186543
20665746,aot,56099529.39047619,
20667931,aot,46625881.07920792,
20669236,aot,40769939.70857143,
20663807,aot,76376327.4,gas-used mismatch for 0x6d328177c471bbc393282e0d9df4e44b6cf1732641e370274fd6c34cfe0d851e: expected 364760 found 95868
20666712,aot,53998717.731481485,
20665211,aot,67919674.92307693,
20663724,aot,38450660.64444444,
20668166,aot,23395613.256097563,
20664418,aot,39262588.22314049,
20664462,aot,45630324.375,
20669056,aot,14359170.823529411,
20665623,aot,45138850.38888889,
20665962,aot,69040364.39344262,gas-used mismatch for 0x504a3b922ee96f2169d185bcf8f063c7e617039f36e5b1d77dd2eb4e835edf11: expected 1226836 found 512917
20664362,aot,42521943.64655172,
20666993,aot,53161890.958333336,
20669331,aot,58264196.868421055,gas-used mismatch for 0xc58379833ff86066fd4c143e4b496fd93aceea2e77d98e5d0364ad3dbda16b43: expected 1817936 found 1859581
20665059,aot,106452472.7826087,gas-used mismatch for 0x86dcacd0b8fa757bd5dbef5f9ad34251295cb41142dd1edf7aba484ca825ac6e: expected 476769 found 280916
20663865,aot,16743914.344827587,
20663969,aot,16866305.766666666,
20664338,aot,21966704.787564766,
20667181,aot,68938578.19277108,
20665680,aot,32380827.93170732,
20668681,aot,90707231.41333333,
20664180,aot,59038681.86666667,
20664285,aot,86313833.78571428,
20664240,aot,39776393.54444444,
20669218,aot,53872543.346666664,
20663733,aot,47611157.0070922,
20668446,aot,44653844.96666667,
20667535,aot,58535608.40860215,
20664297,aot,39424282.00793651,gas-used mismatch for 0x0c9aa591db4f8a8612ad0a78caf61c877f26b7fd8ef791e5edae9c6e09346efa: expected 280168 found 245777
20666828,aot,74021568.76056337,gas-used mismatch for 0x1151f98df401b66dbd1858de781d95425763abf166c242959f049b744c7f153d: expected 587069 found 95868
20665951,aot,38327502.21686747,gas-used mismatch for 0x04b70ef77c045af7af52cd17bad494a0a2557e6840837871565b44577b7b9eab: expected 390708 found 95880
20664697,aot,72653492.64150943,gas-used mismatch for 0x683b0541bc02ebb61973f43bcab84c641f235c1b6f018e612ef99f6f67107f62: expected 323463 found 98969
20666057,aot,49248458.25954199,
20663431,aot,31191963.185,
20665868,aot,50212075.68644068,
20668207,aot,41510209.45762712,
20668814,aot,53546129.716981135,
20669290,aot,61817529.578947365,
20664394,aot,63152187.37894737,
20665494,aot,6483081.898305085,
20664538,aot,64448435.48387097,
20669237,aot,59088330.52307692,
20668306,aot,38822323.12931035,
20668119,aot,91997282.04761904,
20666747,aot,53559747.54310345,gas-used mismatch for 0x41c208e6acd35640d1b8308a63b290365a227232ad2664eebc2f4373fa8fb64d: expected 713193 found 239999
20666713,aot,86161227.35294117,gas-used mismatch for 0x585a1445390b8c5040af593355b2a5e7e2ff50daf6f3c1799151e0943c47e993: expected 1201091 found 37885
20665212,aot,41332469.25471698,
20663808,aot,36222962.06206897,
20664385,aot,82719694.25581396,
20667932,aot,70230985.6025641,
20665747,aot,54743013.89090909,
20663559,aot,59711508.524271846,
20664419,aot,54579339.22105263,
20664463,aot,78081239.34920634,
20663725,aot,55544791.02830189,
20668167,aot,89870806.1111111,gas-used mismatch for 0x35cc63becf77266e7fbf9f6ad708ce78c53962ef199ea4ec701f3417adf1a14e: expected 359821 found 280600
20665963,aot,6857809.607795372,
20663970,aot,100857347.86666666,gas-used mismatch for 0x7d65a95360c4e9272774c7ed2abbb55f8de1dfb085beebd8903edf789767f6c4: expected 384506 found 95880
20664363,aot,36304073.74834437,
20665624,aot,24016342.821705427,
20663866,aot,71344366.87301587,
20664339,aot,81178350.13793103,
20669057,aot,101045478.70491803,
20664181,aot,54317104.78888889,
20666994,aot,65671978.92045455,gas-used mismatch for 0x44ad3a5c7091fb358548c918b9507d9166272fd6290d17d69989a9f031bcd9cf: expected 195418 found 81646
20663734,aot,59808017.823529415,
20667182,aot,97790455.5,
20669332,aot,57158748.53465346,gas-used mismatch for 0x696d085530964b95fb9d554a708fa093d927052af43810cdf3e9560b5bd87d0d: expected 286891 found 243198
20665681,aot,78838400.27272727,
20668682,aot,40912521.27480916,
20664241,aot,69687523.42857143,
20664298,aot,36339509.63333333,
20665060,aot,45363578.496503495,
20666058,aot,33884840.9375,gas-used mismatch for 0x9e5dac62824fcac8bb64baf4e9d8a80f531d8cc331bc5eb5a0c22a12d5c2a420: expected 390530 found 95856
20667536,aot,89029412.62295082,gas-used mismatch for 0x6ba5773edcd67923d9e6cf810d81181039d6e92469edaa0dc6dac6a54cc1a8d9: expected 708120 found 284751
20663432,aot,77556360.2745098,gas-used mismatch for 0xe53a1c461912a57f4d0ae72b275ec3a000d8f50cdfdd708ace351586359d9af8: expected 407220 found 226829
20669219,aot,94959424.93333334,
20664286,aot,62978641.11827957,
20664395,aot,37046940.13207547,gas-used mismatch for 0xbc08e61fe9031a0479a3cb20e5b4713613c080eb43691f252c1d9bd0fed00ec3: expected 620716 found 389948
20664539,aot,83877665.25581396,gas-used mismatch for 0xfc051a2af103cd1573e1c21b9b5265b3a4c60cb8df04f8b92f7bc5d9eb460461: expected 392226 found 315210
20665869,aot,62390936.01234568,gas-used mismatch for 0x7c140c026f27a5db38dda1b9a633c7f5d2350f08fc468b7b6d5d30f20a6513bc: expected 865702 found 669761
20665495,aot,98094533.92105263,
20668120,aot,50844278.23529412,
20668447,aot,59607457.333333336,
20668815,aot,64504082.04651163,
20669291,aot,75203502.91428572,
20668307,aot,36459096.39849624,gas-used mismatch for 0x6c7cac01448ac08ea6d7b88073a69556484bc8d438fb927c46defd8d6a1077e0: expected 382936 found 186555
20668208,aot,83463518.63013698,
20665213,aot,63684657.13333333,gas-used mismatch for 0xe93bc955f95377773b871f3a12db567ecdb5640c1b57fbdfc9d91d4bfbe1b327: expected 363677 found 230518
20665952,aot,70350465.8019802,
20666829,aot,56867114.383458644,
20665748,aot,39626669.89795918,
20664698,aot,54563345.12857143,
20663560,aot,56333605.192307696,
20663809,aot,81671613.61818182,
20669238,aot,80524381.07692307,gas-used mismatch for 0x92f94c6e241b38c7d8427a2a03eb6e0f2d7c4126f88242274d64bec7f26d93fd: expected 207597 found 138336
20664464,aot,83838260.78,
20667933,aot,44399575.472,
20666714,aot,85856557.72857143,
20664420,aot,56586075.81318682,
20664364,aot,95588574.52777778,
20668168,aot,61826638.192307696,
20664031,aot,77620396.13043478,
20663867,aot,42332681.8,
20664340,aot,87670781.79069768,gas-used mismatch for 0x689804f9c67d1e9d649c814b7fac7338bebbdbff253ed14f62de8b36038a25c4: expected 308722 found 91774
20665964,aot,97878910.66666667,gas-used mismatch for 0x5205f7a656af37e8276e415e657e239bd572e369d47e4ad8e9fa16d26fd400f7: expected 986972 found 734754
20664386,aot,25513504.244186047,
20665507,aot,44453307.103174604,
20666748,aot,60061526.36923077,
20669333,aot,58928069.77333333,
20663735,aot,53423746.04705882,
20666995,aot,103642929.88372093,
20664242,aot,58951960.7037037,
20668683,aot,46238088.2,
20663971,aot,72613535.6627907,
20667183,aot,47893388.347826086,
20664182,aot,62347672.72631579,
20664299,aot,75060186.97058824,
20665870,aot,40503035.97894737,
20668121,aot,30090255.727272727,
20669058,aot,74183402.14444445,
20665682,aot,86759922.77333333,
20668816,aot,103598987.48571429,gas-used mismatch for 0x25068877a1dfb16fb7aba27da106119c6e831d7a58e27a686b43445500f33326: expected 1346918 found 1328609
20664287,aot,59391230.80681818,
20667537,aot,26237211.384615384,gas-used mismatch for 0x892dca307514cf5b6de26739d224177027d12b90928b16e19b26030db82b0cf8: expected 414252 found 226902
20663433,aot,61799945.92307692,
20665061,aot,45375503.02898551,
20664540,aot,81839028.01587301,gas-used mismatch for 0x1a9bc9b1b6051fe2124bb39f0b58a54633db34d44ecfc044743041162e0bbfdc: expected 363465 found 95880
20668209,aot,54538281.47142857,gas-used mismatch for 0x86f91abb35a073a0882841098b3504d21410c8772bd421f6ccd735d2fd7d3d0f: expected 383589 found 186555
20666059,aot,113606970.19642857,
20664396,aot,58659683.74,gas-used mismatch for 0x078b60406aca9cd5dbf93b81db83ce667d2206edf918d1b3ddcfa6a35f172d5f: expected 209462 found 82074
20669220,aot,38145388.70857143,
20665496,aot,119788685.66666667,
20668308,aot,52363674.114583336,gas-used mismatch for 0xcfb669b5afcd57a55962fe55aef623a5f08a6b2bf18623c1a43c149f4fb0d058: expected 266951 found 219661
20666830,aot,51570464.34883721,
20668448,aot,77247783.88732395,
20669292,aot,69577325.21794872,gas-used mismatch for 0xf636db66894b3aecad6d664b48437e2d346f0c00d50f133740e43587c35719f8: expected 269863 found 243270
20663810,aot,50940367.822222225,
20669239,aot,94886837.17391305,gas-used mismatch for 0x59c31d62a3c5e3861997e3cbc49c2ef73dcebbe8c1f87bb57920782acee57a1f: expected 306470 found 95868
20664370,aot,61871522.35555556,
20665749,aot,46652315.91869919,
20664465,aot,43883362.952380955,
20666715,aot,24102567.8839779,
20663561,aot,43964567.74796748,
20665214,aot,58718763.36585366,
20667934,aot,30954137.173410404,
20664421,aot,73017345.66197184,
20664699,aot,61101766.104347825,
20664032,aot,41076008.58730159,
20666749,aot,28661180.684931505,
20665508,aot,55284243.8,
20665965,aot,13379579.09,
20664387,aot,59176084.697674416,
20668169,aot,68945525.89156626,
20664341,aot,41258639.93333333,
20669334,aot,63910087.442857146,
20663868,aot,77692950.16666667,
20668684,aot,45164111.97802198,
20663972,aot,76610636.21428572,gas-used mismatch for 0xd88827dc7d03fdff05bccd52f1befbea7d56185946e45ac33fbc368c57154794: expected 252908 found 238218
20664365,aot,55253785.233333334,
20664300,aot,36069864.80555555,
20664243,aot,44970358.30434783,
20666996,aot,53835049.266666666,gas-used mismatch for 0xce2d8b27be04405971a313646a4d843edfe69d83d04de81823d3c1e0572deb63: expected 328700 found 95868
20664183,aot,57478774.85185185,
20667184,aot,32880460.25,gas-used mismatch for 0x7a5cd185320cc8b15c96d4d8efe238b0d3e649a2599f2c423e33f32c2d51c1c9: expected 327904 found 95880
20668817,aot,65005386.4137931,
20663736,aot,60642399.6407767,
20668210,aot,86281173.15789473,
20668122,aot,74600564.06557377,gas-used mismatch for 0xd1ccbf38468b5513db117ad2b4d9018f9ee45dd8b773ec618b1093ca7fb33439: expected 328700 found 95868
20663434,aot,101069086.82222222,
20665683,aot,71398133.6,
20667312,aot,61760999.46511628,gas-used mismatch for 0x6dd70123d1178ed20340d6333485409b05d944ffa06ce1a042d7ca5834298171: expected 647925 found 505520
20667538,aot,70941532.75714286,
20665871,aot,71275680.86363636,
20665497,aot,55292815.333333336,gas-used mismatch for 0xd21257b20197473e195f5ea1ac373577c29d4b31589012c5b346c1cb00088a66: expected 262864 found 245573
20668449,aot,31832853.64285714,
20664541,aot,25257968.88938053,
20669293,aot,61897480.38333333,
20666060,aot,28663377.28723404,
20665976,aot,48334415.71428572,
20664397,aot,60567994.79120879,
20669240,aot,52125945.45882353,
20668309,aot,59280792.14285714,
20664371,aot,42909648.983050846,
20663811,aot,27046585.085,
20669222,aot,63114552.77894737,
20665750,aot,82503543.67213115,
20669221,aot,107443353.51515152,gas-used mismatch for 0x42ac6ed3c59d234d07e2f61456d9a0c8a249cfc94c64459fdeebfd558d6a19df: expected 331196 found 94851
20664466,aot,45347098.60344828,
20669059,aot,136441030.41538462,
20669228,aot,70949681.74647887,gas-used mismatch for 0x84f5fb9d638576c83489d6ace270d8d681c0c0ea683da19a47b27c49cf674dec: expected 1718327 found 744957
20666716,aot,76053385.35211268,gas-used mismatch for 0x4f5dd70644cc3ec8721d093e2d46ab95b7947d7deaa3eb24d88eeb8d30e8a32e: expected 675948 found 393564
20665966,aot,85290823.775,
20664342,aot,49561576.464788735,gas-used mismatch for 0xa785355aa2cd47b2a6ba6dafb670eaa65a4416e6d81beb59c64ac9dd893ac7a0: expected 963778 found 365241
20664422,aot,52458997.15909091,
20665215,aot,23775161.93488372,
20667935,aot,52456351.40594059,
20665509,aot,34001589.33571429,
20664781,aot,54037218.31818182,
20664366,aot,55433506.15068493,
20664033,aot,46295947.22413793,
20664301,aot,53278468.56410257,
20664700,aot,40880797.73913044,
20663973,aot,22373460.165048543,
20664388,aot,69822806.43835616,
20666997,aot,23420266.977142856,
20667185,aot,74756915.86274509,
20664184,aot,64811545.15151515,
20668170,aot,67009594.94318182,
20669335,aot,76694770.61728396,
20668685,aot,96644521.87931034,
20663869,aot,48605548.484615386,
20664244,aot,41769649.75177305,
20663737,aot,43295217.376,
20667313,aot,63994962.64285714,gas-used mismatch for 0xeddfa60bc3b1d6c1c66effc2c7c7db38abf9697b8df1b7716a4ec946d2ed8977: expected 198059 found 81646
20668818,aot,58398437.67346939,gas-used mismatch for 0xc5112c5c586d0270875f6f98804499b2ea42ab76eec6795f637be7d97e625a20: expected 656464 found 296055
20664542,aot,70584842.52083333,
20665872,aot,122299104.0909091,
20665684,aot,42466467.44,
20663435,aot,71797032.15789473,
20668123,aot,14663937.211790392,
20667539,aot,34341319.652173914,
20665498,aot,42015171.912,
20666061,aot,63798287.114285715,
20665977,aot,112274728.68292683,gas-used mismatch for 0x6a1d5722c4ab6d2cb5c566981021d4033df2374368f0dbfd561252e71422c3dc: expected 1345299 found 489403
20669294,aot,79362137.33333333,gas-used mismatch for 0xfd097ac8acec6dcce3d2a2e66a6238644942e0fe70894dfb181ba3209973ac09: expected 208441 found 144528
20663444,aot,46597789.60344828,
20668211,aot,87784243.14457831,
20668310,aot,41386560.7,
20669229,aot,41536430.56043956,
20664398,aot,51916746.65740741,
20669241,aot,53888926.93069307,
20669060,aot,58649837.41428571,
20665751,aot,46430459.5,
20669223,aot,59826391.276315786,
20668450,aot,110555781.46153846,
20664467,aot,16047622.82428115,
20664423,aot,42482058.475247525,
20667936,aot,54402885.666666664,
20665216,aot,59995459.93975904,gas-used mismatch for 0x5c6a436b8a3e54569d7e4aeec709b42aadc571ba1fb32157fe4cad56eedc0a7c: expected 396419 found 95868
20664701,aot,40690933.03125,
20667186,aot,47485527.39506173,gas-used mismatch for 0x37e62409c830ac6485649fadbbe8c01142907ea73bc3083adc3cbf750416dbea: expected 574335 found 98957
20664034,aot,24996011.830601092,
20663812,aot,54505590.3671875,
20664343,aot,44635157.992753625,
20665510,aot,61352658.76136363,
20669336,aot,2427204.8890251378,
20668171,aot,52158173.530120485,
20665967,aot,101282291.51428571,
20666717,aot,86593674.16049382,
20664782,aot,65617310.969387755,
20664302,aot,47555646.05555555,gas-used mismatch for 0xe0abed3fe984c47198f6f4386a4ff1cc91ab3ea7b9f58dace1564333cf57e62c: expected 350225 found 95868
20664367,aot,56498110.53636364,
20668819,aot,28271048.466666665,
20664185,aot,74849696.18571429,
20663974,aot,104935872.20689656,
20664372,aot,31131123.08445946,
20668686,aot,28827172.188481674,
20665685,aot,11878612.909375,gas-used mismatch for 0x27eb5c1288db5cc4c4fc54778ee5025bd7168eab648390f7bd78b1c314ac6494: expected 317391 found 241127
20663870,aot,97610746.16071428,
20664245,aot,92721357.6226415,
20666998,aot,156566530.06976745,
20669295,aot,37845637.552083336,
20664389,aot,91882517.55555555,
20663738,aot,68957674.48717949,
20664543,aot,39570482.06206897,
20667540,aot,68851279.58571428,
20665978,aot,71940602.1,
20663436,aot,48695556.62264151,
20665873,aot,18841630.94654088,
20667314,aot,52816150.27927928,
20668212,aot,69730486.6,gas-used mismatch for 0x409d35e7fdb5cdaf640e7439a56a9b3fb4b31a8c1408ebc31aaad91a2e9a3cf5: expected 383601 found 186567
20668311,aot,57135259.13253012,
20664399,aot,58847174.04285714,
20669224,aot,45332546.65882353,gas-used mismatch for 0x303f05559803c51943bce449a877bd399942049af98370c2b64e8709c32991e7: expected 385163 found 317162
20668124,aot,105206136.16666667,gas-used mismatch for 0x50ccd53da2a3dc803ebfc01dd96bb62eb85a17e8a152efca2ecf88a20040aa72: expected 311190 found 238660
20666062,aot,86752627.67142858,gas-used mismatch for 0x628ccef25c6080652c4141f9cbbd445c941f39cfff59c72b886083e6304a0de7: expected 269258 found 214801
20665499,aot,53056085.82926829,
20663445,aot,30234362.05116279,
20669230,aot,65113117.938271604,
20669242,aot,74822534.16176471,
20664424,aot,25255959.20744681,
20664468,aot,93213311.71698113,
20667937,aot,69980738.79365079,
20667187,aot,35258808.71538462,
20665511,aot,55622254.71232877,
20665217,aot,82993121.36666666,
20663813,aot,120564662.72727273,
20664344,aot,120561053.37142856,
20664702,aot,46236369.050847456,
20668451,aot,77133763.64705883,
20664035,aot,81239166.70491803,
20669061,aot,92500466.27160494,gas-used mismatch for 0xbce74ec554b8129ac03e7a504687a13b20de826cf43323c6a30ae8fdf7b24b14: expected 651474 found 351508
20669337,aot,99054136.0,gas-used mismatch for 0x79c42066a6f882aea9759c26c71d5eb335d965fe802989065988a53e50babeb6: expected 246446 found 207292
20665752,aot,74563508.6699029,
20665968,aot,36520735.1796875,
20664783,aot,27233820.29239766,
20668687,aot,85165748.94736843,
20666718,aot,59467922.17333333,gas-used mismatch for 0xd7c99b53bdaaf44b43e52213c40ac7e7f023ad22a37e45ca6522a95182457f01: expected 629135 found 382313
20668172,aot,47087926.584070794,
20663871,aot,50150593.676923074,gas-used mismatch for 0xdfa0dc11dd48467ad36c93025cb6ab3018cd60de3959c3d0743d76d1a71aa30c: expected 1074447 found 1020992
20668820,aot,62879775.11111111,
20664186,aot,60893473.2625,
20665686,aot,98830095.36585365,
20664373,aot,57168132.28235294,
20664246,aot,46010542.296703294,gas-used mismatch for 0x09a2548596395b9ecb49f3a0c549ddc623f8539a205be5256d7352a83505db57: expected 360163 found 317162
20664303,aot,87523629.98484848,gas-used mismatch for 0x56c708b21b77ccabc7cc423a4c8319fa4b9946c34193b5e213583109d6d77b3c: expected 275288 found 243127
20664368,aot,44416489.34074074,gas-used mismatch for 0x3180f3f856a851e64a637f98f7143de48c8c44028e1e52a564ccb99ceb46e75f: expected 314902 found 95880
20666999,aot,31076041.8630137,gas-used mismatch for 0xd08500db68c0814c5c05c92ca6cca5d9f4dd0c8da203e313b8f55481cb8b4ab3: expected 327680 found 95880
20663739,aot,32069230.56521739,
20667315,aot,44754688.1978022,gas-used mismatch for 0x879a69515b029eedb3c4e63652e6709a10921908e60553fc7265db65cba0c196: expected 259932 found 238257
20663975,aot,83321798.01315789,gas-used mismatch for 0x73739a060f8a12360f520cb87322421156d38c0f106cb58792c5b25637ccf49c: expected 598150 found 318968
20668213,aot,71991779.96721311,
20669296,aot,60857398.18888889,
20664390,aot,49865241.39830509,
20667541,aot,57740109.46666667,
20668125,aot,81000685.0625,
20665874,aot,1081508.9716193655,
20664544,aot,76375712.48684211,
20668312,aot,49474991.40776699,
20665979,aot,51844715.44715447,
20663814,aot,49665162.345454544,
20663437,aot,53185766.02542373,
20663446,aot,65123863.05479452,
20665500,aot,65341406.4939759,
20669225,aot,61711359.72815534,
20664469,aot,58784190.276315786,
20667188,aot,90441963.27906977,
20669231,aot,74047662.8076923,
20664400,aot,71575745.35714285,
20666063,aot,66975124.610526316,
20669243,aot,71912697.9625,
20665218,aot,55828791.61363637,
20664425,aot,64389170.24731183,
20664784,aot,53196862.1617647,
20667938,aot,51315988.61016949,gas-used mismatch for 0xc0bf5227f19e79a534eaf6e3a85025946f58267d4d34a84a7715e3973e24ccbe: expected 394709 found 189163
20664703,aot,85655327.35294117,
20669062,aot,28896044.18674699,
20665969,aot,93986558.46666667,gas-used mismatch for 0x358f43c74c9523a511bde40496c99bcd95395de42f509a0333b0eacb66326a1a: expected 1195020 found 800824
20668688,aot,83942055.74,
20666719,aot,30366460.006756756,gas-used mismatch for 0x032188d9becc7632de4929fe056bb9f506f4a2a5a257ce9c7fb85bf10da88b09: expected 436580 found 95868
20665512,aot,92097756.84615384,
20668452,aot,39121008.78321678,
20665687,aot,46551248.28947368,
20669338,aot,71304922.08,gas-used mismatch for 0x228940da8da76fd0f9739ef824509d35aae3baf12682b30667b4b2c9bebcbe7f: expected 314975 found 95916
20664345,aot,61973394.85436893,
20664374,aot,81530212.50909092,
20664304,aot,53286263.686746985,
20664036,aot,56944541.52,
20663976,aot,45512796.07058824,
20668821,aot,42537714.666666664,
20668173,aot,89975250.63235295,
20663872,aot,66781556.817204304,
20665753,aot,58822059.301724136,
20664247,aot,59434193.6344086,
20664187,aot,70893083.28915663,
20664369,aot,86858206.3968254,
20667316,aot,34864414.24137931,
20663740,aot,95203779.9245283,
20667000,aot,61249092.41836735,gas-used mismatch for 0x4e920b13339e8a14f0f43e58657e2d5a3fadd03498976ef9ab041c06d6f927b9: expected 266951 found 219661
20668214,aot,78166176.51666667,
20663815,aot,40279714.48514851,
20664545,aot,44476132.99056604,
20664391,aot,76905500.68421052,
20663438,aot,66206458.614285715,
20664401,aot,38878540.68817204,
20668313,aot,72478636.55,
20667542,aot,52988275.2406015,
20665501,aot,49588841.49504951,
20669063,aot,7001575.962472406,
20669297,aot,65910884.74774775,
20665219,aot,65165081.21666667,
20668126,aot,105120279.89393939,gas-used mismatch for 0xa2efe89eebee4014cb52c38882c20ebb5fd9b8e66bc028992f93108f2d316ad3: expected 285594 found 196669
20665875,aot,143652659.25,gas-used mismatch for 0xc37332ed0cc2d785cf7ce82bd5911346f779bb1cf1d1b4237278900d7729e810: expected 393773 found 95880
20669226,aot,44668916.47457627,
20669244,aot,55633263.266666666,
20664426,aot,54820830.209876545,
20664785,aot,72000498.44615385,
20665970,aot,60360871.614285715,gas-used mismatch for 0xbc85ace39d214b61f711b50ebdc3cc94219d37d60c613daae090d517ea22acc4: expected 393724 found 98981
20664470,aot,60864235.93,
20668689,aot,62146660.58461539,
20667189,aot,83900860.54411764,
20668453,aot,55528647.57333333,gas-used mismatch for 0x50f42d3e748fa71052c5242ccd2b58b9f080c4d2cc9681127d8c76d16d04cc04: expected 424258 found 226829
20663447,aot,72192352.16666667,gas-used mismatch for 0xfd7d2d6109ae5b05b7511cce499c38555e7bf567c0406cd6d0c2735630b3d7e4: expected 830998 found 547376
20669339,aot,6688984.107692308,
20667939,aot,83237895.49180327,gas-used mismatch for 0xa45e663829bfeabde5c1279c870ffa9887cfc51889b7255f1f2f8f3d2a214ec2: expected 360115 found 317114
20666064,aot,40536733.44520548,
20664704,aot,55542914.40625,
20666720,aot,73694119.20634921,
20665980,aot,143763812.28301886,
20669232,aot,60853730.13888889,gas-used mismatch for 0xfbddfb10923c6d842d7954c83de47fb2d96a125c342bdab205cc0242714b828e: expected 263224 found 196669
20665513,aot,41446150.62857143,
20664188,aot,41622284.17346939,
20668174,aot,37911611.12068965,
20663873,aot,63911377.74647887,
20668822,aot,154149563.67857143,
20664248,aot,55904954.084337346,
20664346,aot,59981464.952380955,
20667317,aot,48363904.60227273,
20664305,aot,68021466.2345679,
20668215,aot,15115778.982014388,
20667001,aot,91350940.8888889,
20665688,aot,63194649.448275864,
20664375,aot,52952014.74166667,
20664037,aot,75017849.4375,
20665754,aot,37671932.684523806,
20663977,aot,63289167.73786408,
20663741,aot,52635200.56190476,
20664546,aot,89583841.29268293,
20664392,aot,60506049.28169014,
20663439,aot,40989200.81904762,
20669257,aot,79621927.04651164,
20663816,aot,59008602.548387095,
20664402,aot,50211745.83495145,
20667543,aot,61647658.197530866,
20665876,aot,80792177.60344827,gas-used mismatch for 0xa33020f400e2d13e817d516ad78d02f9140809058934820929f263253c7fa478: expected 299755 found 226320
20669227,aot,79564244.2,gas-used mismatch for 0x910a8769bcdffb0d2e10c941fcc43529e9ed7dc5dbbfc5de52d4b3bc059fe611: expected 223563 found 107699
20664471,aot,48310355.90588235,
20669340,aot,64890392.13114754,gas-used mismatch for 0x9d1a7f286b176025b18d2b77c4c0ed77c6eeb23749134bccde0fb09e47d47f45: expected 313107 found 254580
20665502,aot,63674451.255813956,
20669298,aot,73171695.41333333,
20665220,aot,47248691.10743801,
20663448,aot,64660048.71428572,gas-used mismatch for 0xe26bda640ed86ec779849017c78a0871d0cae64fe4ee34edb68f1ecd8f09db20: expected 373908 found 208482
20668690,aot,76389215.96666667,
20664786,aot,56689403.03488372,
20669245,aot,82359947.44615385,
20668127,aot,88706858.84615384,gas-used mismatch for 0xcd10bc8272026dcea45d62f467dd26210e549788fb1ebb3b8011cec6390acfef: expected 379140 found 95868
20668314,aot,69518200.26041667,gas-used mismatch for 0xe297d6473b61caa93b1e4183b48e8a4f4bb37e4eb03249951be3fe6ad68fdf12: expected 401647 found 309310
20665981,aot,34880356.633587785,
20667940,aot,42913373.1,gas-used mismatch for 0xaec194012abfdde759b2ac8fef1ce97556fa49b93414dd6fec7110ff324ae62f: expected 255437 found 194166
20666065,aot,49818657.41,
20667190,aot,75750698.25,
20669064,aot,93977582.24285714,
20664705,aot,61898638.061728396,
20668454,aot,108469315.58490565,gas-used mismatch for 0x951aa5717669f1f801adba60cb7dd3c6b1f62d4d93e582e4cd03bab7a54ac146: expected 2036268 found 1406796
20669233,aot,54810695.182795696,
20664427,aot,36611320.27222222,
20665514,aot,49267771.058252424,
20664189,aot,64408799.97183099,
20665971,aot,88536560.69135803,
20668175,aot,88493578.1509434,
20668216,aot,57322122.223684214,gas-used mismatch for 0x2c0dd4b17079e2d186444b036543a9845cc404b7065805e114dbd78c522578e8: expected 369673 found 222282
20666721,aot,41817277.5030303,
20667318,aot,68152555.24285714,
20663874,aot,62068287.34939759,
20665689,aot,91346051.52173913,
20668823,aot,55584871.46236559,
20664306,aot,76799940.54411764,
20664038,aot,60306686.693333335,
20665755,aot,50362930.96511628,
20664376,aot,72982565.17333333,
20663978,aot,38576348.00763359,
20664547,aot,47095815.27722772,
20667002,aot,109543832.78571428,gas-used mismatch for 0xddd55af298f83641626d9e457b68238ee414f090a97f02ae3ff7ee1d8dd3e67e: expected 544754 found 380141
20664347,aot,57857240.85217391,
20664249,aot,59547630.9137931,
20664393,aot,41051428.6953125,
20669258,aot,46210655.267326735,
20663742,aot,96244801.31034483,
20663440,aot,63301083.85263158,
20663817,aot,58276310.42,
20669299,aot,46461737.22727273,
20667544,aot,76654206.1111111,gas-used mismatch for 0x7b68e4f9d3b1fd3b17579bd508a7b5ea38be1e35e4a2a63fd748916ac8db2e9c: expected 1017141 found 672849
20664403,aot,52138621.20792079,
20667191,aot,20585379.560240965,
20663449,aot,72593406.9245283,
20664353,aot,69304898.53521127,
20665503,aot,54148285.13636363,
20665221,aot,66383703.14084507,
20664472,aot,52787409.26530612,
20669246,aot,85673055.375,
20668128,aot,71487439.10958904,
20664787,aot,58968737.677777775,
20664706,aot,50558727.70967742,
20668691,aot,73151236.275,
20669341,aot,122769330.01960784,
20665694,aot,62861821.12,
20668315,aot,43332600.28888889,gas-used mismatch for 0xdba287cb43a3d0bbbf43453511292a61ab6f1366a70cb72b63275680b3e49e68: expected 443836 found 257668
20664428,aot,42587070.85585585,
20666066,aot,85456316.80327868,gas-used mismatch for 0x43f43689d73cbae481e18ca956924e2e43e261970685d4e2d19c211a2921d6e5: expected 582115 found 324803
20665982,aot,69973950.31764705,
20665877,aot,69843217.9090909,
20668455,aot,44767977.5390625,
20668217,aot,46749625.375,
20668176,aot,63806927.91025641,
20667941,aot,51805820.21374046,
20665515,aot,51432217.71287129,
20669065,aot,124367719.44444445,
20665756,aot,49233943.80821918,
20664190,aot,67917588.28235294,
20666722,aot,63311377.83529412,
20665972,aot,56632368.824074075,
20667319,aot,56130756.36734694,gas-used mismatch for 0xdec5a3cd53bd6ddf0eb32c14a2c54e455ebe04a74f691355e3898344524d9a5e: expected 838032 found 338404
20665690,aot,71070283.86842105,
20664307,aot,39124614.74074074,
20668824,aot,112397069.19607843,
20664039,aot,61253100.27472527,
20663875,aot,55988124.88495575,
20664548,aot,50076377.479166664,
20669259,aot,57082499.91780822,
20664348,aot,59647566.2,
20664377,aot,57698871.08888889,
20663441,aot,46594039.671052635,
20663979,aot,99209810.625,gas-used mismatch for 0x730cc3391ea9b8eccc3344134f67e1e6f31a3b592eaabd4910649722cdd69994: expected 384506 found 95880
20664250,aot,60495856.325,
20667003,aot,42190689.428571425,
20665222,aot,73394439.625,
20663743,aot,60565114.2688172,
20667944,aot,47674765.76923077,
20667192,aot,62299822.04285714,
20663818,aot,52374993.395604394,
20663450,aot,42593801.652173914,
20667545,aot,44311597.52173913,
20664473,aot,53530410.4109589,
20664404,aot,73739401.71052632,
20664354,aot,50705104.283018865,
20669300,aot,64830017.77669903,
20666067,aot,57918138.306666665,
20668456,aot,40897334.02222222,
20664788,aot,51820302.33663366,
20668129,aot,28351815.685863875,
20669247,aot,31778582.531791907,
20665695,aot,54404159.941176474,
20665983,aot,54577629.1882353,gas-used mismatch for 0x85f7bf3e23fb4c4fec927600093a96eb076705c6ac9627066acd5387879fb969: expected 213134 found 144528
20664707,aot,23275711.166666668,
20667942,aot,52364085.90140845,
20665504,aot,73976736.03225806,
20668218,aot,56057151.2,
20668692,aot,67193789.39534883,
20668316,aot,49183342.09166667,
20669342,aot,81653817.80263157,gas-used mismatch for 0xb3625781dfe68994fca3d435aade265144ad7ba068bd6b248637154327c66665: expected 269839 found 243246
20665878,aot,76744704.14084508,
20665757,aot,67067255.11764706,
20668177,aot,35515913.43333333,
20665973,aot,31263196.297872342,gas-used mismatch for 0xe51e47f1e5b63d68b929455f2c356d0565f2f7c8324bc9b6f37eac92974f1063: expected 551010 found 349034
20669066,aot,62886025.28395062,
20664378,aot,46793771.95890411,
20667320,aot,94201667.0,
20664429,aot,12896517.80887372,
20665691,aot,80559948.41269842,
20665516,aot,76795967.7,
20664191,aot,107458043.66666667,
20666723,aot,100943981.10909091,
20668825,aot,64371059.30864198,
20664251,aot,65389899.6,
20664308,aot,71531003.0120482,gas-used mismatch for 0xa71624a3c4d29bac9ea6e9e34c0876b46de8af1f411c1c3ea3df3224e9a2debb: expected 266939 found 219649
20669260,aot,54494454.41111111,
20663876,aot,56842122.817204304,
20663442,aot,9110646.218018018,
20663980,aot,53275568.75789474,
20664349,aot,54325532.33980583,
20664040,aot,54956048.317073174,
20664549,aot,76562357.85542169,
20665223,aot,58168220.79545455,
20667945,aot,68355495.49295774,
20664474,aot,69883604.63076924,
20667004,aot,105773380.82142857,
20663819,aot,47728117.0,
20663744,aot,14390591.740406321,
20666068,aot,58819124.984615386,
20664355,aot,50350832.39805825,
20665984,aot,41147828.010204084,
20667193,aot,114732902.01666667,gas-used mismatch for 0xeb9bf6145ed0d1d8c5fcb3c7ffb7d7b40c8bf00aa9f6ca639a9a119e88951bbc: expected 612095 found 395895
20665505,aot,40977895.571428575,
20663451,aot,73233875.81111111,
20665696,aot,69396422.54929577,
20667546,aot,88544182.66666667,gas-used mismatch for 0xe854f744b291c06d4dedc0efecf91d8302af2eee207fbaa865f5bda743f6319f: expected 1046072 found 599327
20669248,aot,76195147.35384615,
20664405,aot,58357690.867256634,
20667943,aot,63798300.88888889,
20669067,aot,81944539.37254901,
20664708,aot,153577669.94444445,
20668130,aot,96061684.63013698,gas-used mismatch for 0x629040c1c28e80a1e6110a9d9a4fd7a5a69d34278a8df623a1cc09e114c9f61c: expected 297951 found 208828
20669301,aot,59761162.99173554,
20668457,aot,63525660.548672564,
20669343,aot,58936863.48863637,
20664379,aot,44256041.594339624,
20664192,aot,52630410.0,
20668693,aot,69275066.4659091,
20665974,aot,57973392.54945055,gas-used mismatch for 0x099e58351f4485351f9b069856e4513cf8eeb7380946eef8ce14caaf3b13f3a2: expected 276359 found 209795
20668178,aot,43707770.36,
20663877,aot,43753561.4,
20668317,aot,83691535.97260274,gas-used mismatch for 0xa7da0f17e727d840da4d250104ad8a01a334d34ce617f91a40b854874b26edbe: expected 1070129 found 299595
20664789,aot,71378870.47169812,
20668219,aot,63890478.08108108,gas-used mismatch for 0x329897ed810a312f46edfea4d4aee4e8446626b6a2082143a61c5dd246d0a39c: expected 383689 found 186555
20669261,aot,48938076.64,
20664430,aot,109068104.925,
20666724,aot,41927927.72413793,
20665692,aot,49681327.782178216,
20667321,aot,44566907.952380955,gas-used mismatch for 0xa76459d76860d0772d586d301df7743c97e2c59b0953941cece37b0b79bde9ad: expected 255437 found 194166
20665517,aot,36721415.8137931,
20664350,aot,49359084.973684214,
20665879,aot,44601583.36645963,
20664550,aot,15884201.060185185,
20664309,aot,40006046.71544716,
20665758,aot,69814900.56122449,
20664252,aot,40835048.47154471,
20663981,aot,36651512.2109375,
20663443,aot,107581984.6,
20668826,aot,48385994.50769231,
20664041,aot,69403707.91780822,
20664475,aot,34256264.12857143,
20667946,aot,66829308.01369863,
20665224,aot,92235794.1509434,
20666069,aot,59751060.921052635,
20665985,aot,76274476.65454546,
20663831,aot,38479937.34210526,
20663745,aot,68550334.06666666,
20663820,aot,67687652.41975309,
20667005,aot,93314657.68253969,gas-used mismatch for 0xae9d39479077cc463cea873cd704824243bfc3062af650656a5ba076b20e440f: expected 492104 found 95856
20664356,aot,24616512.807174888,
20665697,aot,65957234.676923074,
20663452,aot,36077975.551470585,
20664380,aot,58418797.2875,gas-used mismatch for 0xbdee255c7b6f3dff3b2bceca28b2d6a81555649363059fd57a76699595a2d9c4: expected 279916 found 245525
20664193,aot,44349186.15492958,
20668458,aot,53535836.86764706,
20667547,aot,68462466.25882353,
20669249,aot,94269574.49206349,
20664709,aot,39167842.114285715,
20668131,aot,35676298.38016529,
20667194,aot,84030067.5625,
20668694,aot,58237828.887323946,
20669068,aot,6952981.159731544,
20665975,aot,65757526.56060606,gas-used mismatch for 0x45c0d39655beee000d5c1c903fbe435720475b6ad443fb756caeaa2317c17606: expected 775352 found 801968
20665518,aot,23010669.884615384,
20668179,aot,96785535.91304348,
20669344,aot,52428001.677083336,
20665506,aot,70437905.70754717,
20668220,aot,34920265.75,
20663878,aot,25665553.333333332,
20664790,aot,44992778.663636364,
20669302,aot,68155451.53488372,gas-used mismatch for 0x4a22e344df02671420241ebc6283339849326fa3c66e2d38e2b98a4808e5274d: expected 322275 found 95880
20669262,aot,23578869.266968325,
20664351,aot,44718527.22330097,
20666725,aot,116154561.85,
20664593,aot,96022110.96721311,
20664431,aot,66001400.34883721,
20665693,aot,75328153.04225352,gas-used mismatch for 0x1ff9910fe3514cec6b854ba4abb1864150efaa20d308554cf2699665327f58db: expected 401670 found 272913
20665759,aot,44160586.78703704,
20667322,aot,73787616.97260274,gas-used mismatch for 0xf5442c821c1d04cb345327c918758e0dbe30596b23ff78d96bf87ba199873ca1: expected 471982 found 273174
20663982,aot,72149932.8030303,
20664253,aot,44592001.12711865,
20668318,aot,60981540.313043475,
20665880,aot,131282017.51162791,
20668226,aot,61691926.23529412,
20663821,aot,50066019.37704918,
20664310,aot,82184910.33333333,
20664042,aot,53565882.60215054,
20664476,aot,55363447.49411765,
20668827,aot,76379375.91176471,
20667947,aot,28935339.205405407,
20665225,aot,46731168.21428572,
20665986,aot,101959865.52083333,
20664551,aot,76594088.94285715,
20667006,aot,48642526.5631068,
20666070,aot,25214661.866972476,
20663832,aot,58874283.354166664,
20663746,aot,52501481.6460177,
20663453,aot,84222785.51724137,
20665698,aot,51813258.216216214,gas-used mismatch for 0x9311816d40684c3ae6a06c8a88cac3e022bcd8bf80724b3072fb14319b9fad2f: expected 380335 found 337333
20668144,aot,43813329.02352941,
20664357,aot,90056069.22727273,
20664381,aot,55151578.24752475,
20667548,aot,93489332.7735849,
20668132,aot,102854338.41666667,gas-used mismatch for 0x35549b1baaddd801064aacc6fb0bf1f8530975c86e0f344350d39f5337f3e20b: expected 341571 found 95868
20668695,aot,70001804.33802816,
20664194,aot,60509220.26,
20664791,aot,65621034.89230769,
20669263,aot,83092035.04166667,
20668459,aot,72122162.0107527,
20663879,aot,68452373.90410958,
20667195,aot,51870737.50847457,
20669250,aot,57299098.345132746,
20667323,aot,56316365.61333334,
20664710,aot,68752201.23958333,
20665760,aot,58669701.77142857,
20665519,aot,73773625.58024691,
20669069,aot,93349976.26153846,gas-used mismatch for 0x095efa5f741a0cfb644289c902eb7160a95af43999178a7840d18f4c610d5455: expected 504351 found 95880
20669303,aot,100646001.25490196,
20664594,aot,45718084.571428575,
20669345,aot,91541501.4923077,
20667406,aot,3364861.5867609256,
20668180,aot,134518831.1956522,gas-used mismatch for 0x4795789dd335d1c391d915288418e895cee53b014263cd1524e9a18d0646da22: expected 1469872 found 1221717
20663913,aot,76059222.36507936,
20664432,aot,83883825.13333334,gas-used mismatch for 0xe0aa48db0ae08209e887013ed637caed23e0ad2f36a132a863864e00866b8bb3: expected 552236 found 98969
20668319,aot,3534392.2465863456,
20663890,aot,86435790.72,
20664352,aot,54523626.45283019,
20664043,aot,46283941.98717949,
20664254,aot,44768966.327586204,
20663983,aot,58152839.77419355,
20665881,aot,80526016.375,
20664311,aot,77981856.26785715,
20668221,aot,127786113.66071428,
20664477,aot,27531084.005847953,
20667948,aot,108484485.34146342,gas-used mismatch for 0x6a83cd395d9de95946a8c19a910cc40e5e6e017b1ff9960572dc5f0f1e7abef4: expected 1812082 found 1977784
20664552,aot,114772512.08571428,gas-used mismatch for 0x165b92fb8e238fa6919e32a40d55847eedf582708a2f7b62ef2701f41dc5bae7: expected 186472 found 81810
20668227,aot,63768688.6,
20663822,aot,70286502.87368421,
20665987,aot,39752408.83076923,
20668828,aot,38539066.45714286,gas-used mismatch for 0xc5170b06fcd3abe82b377c15cfe99d5be48b33cf5f8a03d11da5bf097c78a54f: expected 605323 found 287575
20666071,aot,75419402.61764705,
20667549,aot,49370528.43333333,gas-used mismatch for 0x96d7aa55c59b7b74742ae3e1e4f0a5b4b4361fa2f84276195cc3a3d94932688e: expected 534897 found 279692
20667007,aot,41292325.91603053,
20663833,aot,57157893.061728396,
20667956,aot,54428315.13235294,
20665699,aot,63638433.5,
20668133,aot,32444178.099173553,
20665226,aot,74629367.96938775,
20663454,aot,49479491.584,
20664195,aot,23917943.331707317,gas-used mismatch for 0x060e804d19bc0fa8711484510849adc3fe7cf6b4d13bc14672403d207666f4ac: expected 197686 found 81738
20663747,aot,95097113.56338029,
20664358,aot,73561973.22222222,
20668181,aot,33230959.514563106,
20664595,aot,44187467.3372093,
20665520,aot,47581923.105882354,
20663880,aot,52862471.96774194,
20668145,aot,63591526.54954955,gas-used mismatch for 0x6132e4a5dd68eeb3399d005445e2ce6716360352470393ddadbf20ef7d6bf596: expected 269293 found 214801
20669346,aot,49905774.08139535,
20667324,aot,56771672.42045455,
20663914,aot,82982605.74509804,
20668460,aot,65955305.615384616,
20669070,aot,50009764.94,
20668696,aot,63331875.84466019,
20669264,aot,23793561.480620153,
20664792,aot,65193704.62244898,
20667196,aot,48262072.83471075,
20669304,aot,131405515.6,
20664433,aot,53629569.969387755,
20664255,aot,38973889.426086955,
20667949,aot,39656563.36046512,
20664078,aot,51524793.16438356,
20668320,aot,127998640.375,gas-used mismatch for 0xb512e7a4b501baeaa128b6284d7c89fd2278f9360a6e254acb7a5b8530d24f74: expected 383589 found 186555
20669251,aot,51092096.56910569,gas-used mismatch for 0x1cb4f129f2680ebb07b7808697883c02ac27842157eb0f541d62641db926aeb5: expected 305175 found 95880
20663891,aot,66540784.42307692,
20667407,aot,165607967.6,gas-used mismatch for 0x7695ed5335d2deee49e8887736e04567fa15e8a97623935c787fddb76934c1aa: expected 325170 found 95880
20665761,aot,69564139.91397849,
20668222,aot,59565019.08450704,gas-used mismatch for 0x4cab7e993ce79fc328b66280bcdab93f350fb596f78cb2561210b44a2d998c27: expected 255578 found 194166
20664711,aot,62822757.83018868,
20663984,aot,59876054.25882353,
20665706,aot,45345568.328125,
20668228,aot,42212658.25,
20664044,aot,104750168.95384616,
20663823,aot,66024704.06666667,
20667008,aot,48801217.815789476,
20664553,aot,71485815.8,
20664478,aot,92988596.24285714,
20668829,aot,36681052.27407408,
20665988,aot,39481881.8,
20665882,aot,85194524.69791667,
20665700,aot,33181193.316129033,
20666072,aot,60373015.760416664,
20665227,aot,46454146.03409091,gas-used mismatch for 0xd22215493a384e3dd6ef09d1f1fdd7b61126e11036e6d37ea82a54e549bd12eb: expected 223642 found 144547
20667957,aot,81086271.30136986,
20663455,aot,38728373.486725666,
20664196,aot,82121863.82142857,
20668461,aot,59211834.18181818,
20667550,aot,22224358.77134146,
20663834,aot,77571250.17582418,
20667325,aot,52620543.887323946,
20668182,aot,100378954.375,gas-used mismatch for 0x9fe50ad6295f7b11993cb3389e9c101d5772a678ead794306515f8da2077b8b3: expected 263166 found 196669
20663881,aot,67301621.83076923,
20668134,aot,57229391.96551724,
20665521,aot,41821472.84347826,
20663748,aot,53935887.38181818,
20668146,aot,25289751.08292683,
20665894,aot,71082521.37037037,
20669265,aot,107353699.17073171,
20663915,aot,89035181.98181818,gas-used mismatch for 0x576f9f34f2a0eec1b296518e50586c055c2f113d78c42cf9e5a029b2265b8d20: expected 306458 found 95856
20664793,aot,76892962.08333333,
20669071,aot,22004142.84322034,
20668697,aot,30494887.226190478,
20664596,aot,53499392.0,
20664434,aot,66982533.39705882,
20667197,aot,59304613.755813956,
20668321,aot,71741637.3076923,
20669252,aot,77848810.25,
20663892,aot,69354576.82857142,
20668223,aot,37407555.7,
20669305,aot,89490780.04411764,gas-used mismatch for 0x9840e69fa1cf72628d06110a8201bd8aba89e08defbd7140d8053db3fb7b19a3: expected 286963 found 243270
20665762,aot,33426763.54601227,
20664079,aot,36759461.5297619,
20664256,aot,72205944.34883721,
20667408,aot,120589709.82608695,
20664554,aot,42714905.9375,
20669347,aot,75476616.58415842,
20667950,aot,59163046.28828829,
20665707,aot,86455792.1904762,
20663824,aot,56923378.7,
20668229,aot,55663898.38636363,
20663985,aot,68903408.7311828,
20664479,aot,43477980.67346939,
20665989,aot,60511872.233333334,
20668830,aot,123122764.17142858,gas-used mismatch for 0xa4f96de67135ecae826aaa34e9a470c12928b3b67e593e889980f914cb4fd8ca: expected 825550 found 337846
20664712,aot,44727090.03636364,
20665701,aot,42787679.46315789,
20664045,aot,55373469.805309735,
20667009,aot,71545402.02150537,
20666073,aot,50198325.06,gas-used mismatch for 0x07121dc2ac643ecf32c380643a5d9a1a04eedb396132279b47baeb9726b3c885: expected 413375 found 251999
20668183,aot,43617748.525641024,gas-used mismatch for 0x75fedd26db690268d9d57fa75f854f5f650c02c12a9ac6b198d9e1eec61f709a: expected 383689 found 186555
20665883,aot,51585791.74545454,
20667958,aot,44554705.71296296,
20668462,aot,58072472.71428572,gas-used mismatch for 0x733786f20c2f3cd1bc858e037078c6e6cf4b87199bb809d66c7737cefa3bdfd7: expected 849117 found 654680
20665228,aot,75935819.94520548,
20664197,aot,95178884.16,
20663456,aot,81065672.74242425,
20667551,aot,51859553.447916664,
20668135,aot,36742713.32,gas-used mismatch for 0x71937afe6f0ba677dc616cbbf411acbf53ff188e7dbfaab3ef3ceef3ae33a020: expected 266951 found 219661
20663882,aot,76736530.13793103,
20665895,aot,74100070.80392157,
20664794,aot,64550754.65,
20663749,aot,38472492.76422764,
20663835,aot,43384810.57971015,
20668147,aot,87461300.3773585,gas-used mismatch for 0x46cd5d631847d7d8384e211778a7c82ff575a7e6a016fad4bf1d6630b8488c81: expected 383577 found 186543
20669306,aot,16585791.125,
20664435,aot,40759866.93,
20663916,aot,61032715.03947368,
20665522,aot,95303354.20689656,
20669266,aot,27114996.041884817,
20669072,aot,96058841.41304348,
20668322,aot,22770550.426540285,
20667326,aot,70232995.24752475,
20668698,aot,80049068.14705883,
20667198,aot,43107140.407692306,gas-used mismatch for 0x56980ade5fcbc654b2dde3dcee5cd3e8f9448e101bab9f92183f1f5dcf019cc0: expected 276407 found 209795
20667409,aot,59957518.56923077,
20669253,aot,41126004.48854962,gas-used mismatch for 0xf8959926d1c6adde6e3c986b41e22817228535048d7a59610fed3fe9802db8f5: expected 254019 found 209785
20664597,aot,60227647.27368421,
20664555,aot,68177683.98181818,
20668230,aot,54151692.76923077,
20663893,aot,71598945.05333333,
20664257,aot,50041165.67368421,
20668224,aot,75890385.86666666,
20664713,aot,54730980.44444445,
20663986,aot,75771464.13207547,
20665763,aot,63995859.22352941,
20665708,aot,53136351.55294117,
20663825,aot,53119529.155555554,gas-used mismatch for 0xa59d5fc9b8cfcd2f9159cfe3bd79d3e33e23be42c97da732a1c18a60f64ffed4: expected 279196 found 224197
20667951,aot,78357005.04615384,gas-used mismatch for 0xcad08691bd2270afab4da39f955f88ed011bd86a5a150613bf147c6179cac2e9: expected 394761 found 189141
20665990,aot,110438653.1,gas-used mismatch for 0xed1245234f1151cb74203a8c47f4c1f6f4c21310cf0a560db64473ccba661495: expected 369685 found 222294
20664080,aot,102592069.44444445,
20665884,aot,88549114.31111111,gas-used mismatch for 0x733d1ed37d33d34f89a25d1687d9c8d082e422d5a41463c1585cf3f192a8c651: expected 266951 found 219661
20667959,aot,21520848.191709846,
20664046,aot,58045044.78021978,
20669348,aot,127353453.60714285,
20668463,aot,36889750.48760331,
20664480,aot,63103013.39814815,
20667010,aot,37202071.85517241,
20665702,aot,86106802.54929577,
20668831,aot,70724795.0631579,
20668136,aot,92760601.65116279,gas-used mismatch for 0x1aa02abfdfc98e809fd22cd73d3419335d28a82d50917604ff177249df8ea4f3: expected 209352 found 82074
20663883,aot,47916435.313253015,
20668184,aot,98181088.1724138,gas-used mismatch for 0xdd40a993de73387f878e2a502708b2551311c77e4cb8cf5587c8f39bf5795fe9: expected 1424923 found 832600
20664198,aot,50046274.21505377,
20665896,aot,61628411.05479452,
20664436,aot,43976871.34408602,
20663457,aot,61765234.3,
20665229,aot,67638575.08602151,gas-used mismatch for 0xc0a1e623cd353d12a83d319c4203abe2b69b8a48050293f2dfcda5a1db1851c0: expected 1114644 found 713842
20666074,aot,80742772.92941177,
20664795,aot,22453107.908695653,
20665523,aot,48064414.17045455,
20663917,aot,61195345.08450704,
20667199,aot,4804786.325874126,
20668148,aot,69965646.98684211,
20669307,aot,70325769.61842105,
20669267,aot,68198166.43939394,
20669351,aot,36522055.634615384,
20668699,aot,26555048.724358976,gas-used mismatch for 0xe63285103b907aa679e19de92a02005b174623ecd8da9f452033d07f1884b5f2: expected 210292 found 81762
20663836,aot,102595801.28571428,gas-used mismatch for 0x6a6c15c9203b4462e7d6ad1f6fc66cd4d4bec0fc4d065764f4903d7501104d48: expected 495178 found 382084
20669073,aot,43516076.36585366,
20664556,aot,24433261.281767957,
20668323,aot,42932308.28099173,
20667552,aot,84813692.75824176,
20667952,aot,41991064.04395604,gas-used mismatch for 0x0f430934596c79a340d9ef975916b8a6516d995a810f451e030a27acfd840b19: expected 678751 found 507314
20668231,aot,58481296.010416664,gas-used mismatch for 0x4aad6a53fdef2d03560d07f218154751be379bd88eb5a6bc3aca0f43e7c91fee: expected 366043 found 306374
20663987,aot,53821491.69318182,
20664258,aot,48414864.50909091,gas-used mismatch for 0x39dbfad720ef180ee22eb1314b4dd6d65db5ab4b455fb0d25dfbdb774ae84437: expected 263128 found 245837
20667410,aot,32547868.083769634,
20669254,aot,58919693.45714286,
20667327,aot,101938060.22222222,
20665764,aot,50558682.66990291,gas-used mismatch for 0x53b37a93dcf065722e931794a37306370d1986c8a6496fbc956078f1d564ad13: expected 491072 found 95856
20664081,aot,42032220.564705886,
20664598,aot,62547338.01904762,
20668225,aot,52067736.268518515,
20664481,aot,20278918.1986755,
20663894,aot,64197892.88,
20667960,aot,33178701.1300813,gas-used mismatch for 0x44c4c1590b1037f66a40ca2b6c7cfbefc37533b644611b28134c76ef949036a6: expected 255490 found 194156
20664714,aot,58595107.95283019,
20663826,aot,71800848.70588236,
20669349,aot,51984579.2368421,
20665703,aot,23388457.677595627,
20668464,aot,87477566.09803921,
20664047,aot,66177215.44871795,
20665991,aot,80354155.56666666,gas-used mismatch for 0x636c027e0ca60f99ddd03ac9ad1ae148fe52ea44a29ef3c8236d29656ca09c94: expected 291987 found 212286
20668137,aot,43242605.316831686,
20667011,aot,99791228.39583333,
20663918,aot,30265785.442105263,
20665709,aot,80898375.65346535,
20665524,aot,29900508.56923077,
20663884,aot,51422725.522522524,
20668185,aot,30695431.08108108,
20665230,aot,34876792.0546875,
20668832,aot,41431913.37748344,
20664199,aot,78107786.01428571,
20664796,aot,72485623.5862069,
20668149,aot,12196731.714714715,
20665885,aot,46554825.01840491,
20669308,aot,55113328.01408451,
20669268,aot,57123537.1125,
20669074,aot,59430079.441176474,
20666075,aot,17530396.40483384,
20663458,aot,64265397.46666667,
20667200,aot,148905232.6,gas-used mismatch for 0x55ccf4aec79275ffd2ab50c3877972ad2935accbb342d6a50e9bc6447e112237: expected 1789101 found 920687
20667553,aot,66137846.365079366,
20669352,aot,151497296.96774194,
20664437,aot,73862531.79120879,
20665897,aot,82972838.03488372,gas-used mismatch for 0xc6b144b37bc5c8be4d168c344916ae3adb7c4b114b731ac0b552b1ba890abc08: expected 379175 found 251999
20663837,aot,92992216.90163934,
20668324,aot,92945090.66666667,
20669255,aot,47625295.72289157,
20668232,aot,64606772.71052632,gas-used mismatch for 0xb7fb2c974879b6e0f354a15299c93588fef234ba2b37efe71ed84b1a28ef2d99: expected 581059 found 95868
20665765,aot,47721102.18888889,
20664557,aot,90538676.61428571,gas-used mismatch for 0x276bdd7d8e51e7c6705e2d43304c91d5c842fba5df1f39d34895d2a06f929df1: expected 1148672 found 126928
20668700,aot,120117703.26415095,
20663895,aot,67429673.73214285,
20667953,aot,64790795.875,gas-used mismatch for 0x935ee790510145e33bf6f575ee4e88f3e7bd1fac39af8a0b27db13744a4c2f8e: expected 294386 found 98969
20665900,aot,49456016.71,
20664599,aot,48968145.54368932,
20667328,aot,50856804.41904762,
20663988,aot,13924390.58013544,
20664259,aot,48866468.84297521,
20668465,aot,83892608.79069768,gas-used mismatch for 0x1d541db0b4fe687bc9a9b954df279d0238fdf79b72167ff5039053c5208705b8: expected 692695 found 432958
20667411,aot,59019417.00990099,
20664082,aot,50369810.90434783,
20664482,aot,62793049.76470588,
20665704,aot,51915353.24691358,
20664715,aot,43749754.428571425,
20664200,aot,31945883.204301074,
20669350,aot,23929896.19354839,
20663827,aot,69994644.6590909,
20664048,aot,51119834.53125,
20665992,aot,30076234.42236025,
20667961,aot,103576172.29230769,gas-used mismatch for 0x2ff5a655818de9809fd41e0af280676cc58393c68fe0ca2209f0d9fb6ba4dfee: expected 360085 found 222294
20668138,aot,52510978.43,
20663919,aot,78183119.12307692,
20665710,aot,7285410.68212824,
20669309,aot,48179065.884615384,gas-used mismatch for 0x9121f33ab0228172c716711c3d09074854d22d09e287d3a9b5316e81ab6692c4: expected 263229 found 196669
20663885,aot,12354702.056657223,
20665525,aot,57887378.95348837,
20665886,aot,36085030.28455284,
20668833,aot,96251281.6981132,gas-used mismatch for 0x7264fa331fb5f9e6d9460e6aa5b776bd696d26be3baa079e02e1a68314a70c6e: expected 374082 found 95880
20667012,aot,106077369.3275862,
20668186,aot,70360151.63157895,
20667201,aot,36551545.0990991,
20669075,aot,62762815.09210526,
20668150,aot,121795613.69565217,gas-used mismatch for 0x815fa44b4d003bf876a7096213343b6b508232a9c6c4fc0cf1607b33570a00db: expected 297935 found 208812
20665231,aot,47873032.040650405,
20668325,aot,24225918.102941178,
20664797,aot,72585050.225,gas-used mismatch for 0xf3f7f6907aba3cda09b5699633052effb96eb34db9582a09bbcdd546e439edf0: expected 757805 found 383327
20664438,aot,19831196.747619048,
20669269,aot,60920808.941176474,gas-used mismatch for 0xca7bb530c099e0266d226871678137e5c934300d7ce85e214decfcc9952fb943: expected 291989 found 212288
20665898,aot,92205188.8372093,
20663459,aot,68630672.77464789,
20667554,aot,53115014.14772727,
20669353,aot,63414542.58974359,gas-used mismatch for 0x90cdae372ca76f78b1877b8e15fb47a9d5de54b974df1c4502d4137540bc9196: expected 1804490 found 1716121
20665766,aot,36389971.310679615,
20666076,aot,79736321.43209876,
20667954,aot,32374025.544715445,
20663838,aot,83412279.85915492,gas-used mismatch for 0x1b9ea94aaa8dc89cec58ff9d8343c7b1c76602b87f82ebabf3e3d2db2b2d043f: expected 420331 found 95868
20664558,aot,73237688.50704226,
20665901,aot,34487807.51369863,
20667329,aot,41264083.9,gas-used mismatch for 0x4a03a54849df75413575f47f00e1979b0dead12e32536991e602b3ae92e03206: expected 929654 found 370117
20669256,aot,82543903.53947368,
20664600,aot,59459107.22093023,gas-used mismatch for 0x3d2763427ea1df8ebda600ca7194d6c177634cca5657e1ef678824bfefcbf9ab: expected 517140 found 128881
20663896,aot,60152575.17821782,
20668701,aot,92177303.22727273,
20663989,aot,104959265.2,
20664260,aot,57026902.322222225,
20668466,aot,83299689.65151516,gas-used mismatch for 0xe58d7e6c0745420354207e88ac91637817716d178137ea9afff7456eb0751197: expected 745088 found 603202
20664716,aot,48858671.333333336,
20664083,aot,85048724.0,
20668233,aot,14422188.800395258,
20667962,aot,42222976.34375,
20667412,aot,88615525.43939394,
20663920,aot,44832238.307692304,
20664206,aot,59637408.97674418,
20664201,aot,76538348.36363636,
20669310,aot,51726904.069767445,
20665993,aot,71339016.53424658,
20665705,aot,51770374.73809524,
20664049,aot,49439900.916666664,
20664483,aot,104119819.39393939,
20663886,aot,67818072.76470588,
20663828,aot,56812409.13333333,
20668834,aot,62748598.01470588,
20668139,aot,7315637.416049383,
20668151,aot,57174835.4939759,
20667202,aot,133319404.0,
20665887,aot,111679382.625,gas-used mismatch for 0x58550f725b427a0aa22d3e974513877787a1cc0c93ae0a66641276cd4612f5b4: expected 691422 found 581444
20668326,aot,56357443.95604396,
20665526,aot,85694582.50684932,
20669354,aot,38167127.300884955,gas-used mismatch for 0x19271bbfce0866a666e1f849436c203c71e1eae1398fc291836a8194e0377573: expected 286927 found 243234
20667555,aot,75172517.56896552,
20663460,aot,23069069.92825112,
20667013,aot,77313773.2375,
20664798,aot,46090536.655172415,
20664439,aot,52396321.809523806,
20668187,aot,75805197.59036145,
20669076,aot,101718202.9137931,
20669270,aot,44440345.2406015,gas-used mismatch for 0x2905a94f291df8dcf47e3179ff01daca021c1174a02b1f21f5541c128c31dcaf: expected 264031 found 215842
20665711,aot,123825635.8275862,
20665232,aot,79921560.22666667,
20665899,aot,54647851.53043478,
20663839,aot,50391023.325,
20665767,aot,35117735.26506024,
20668702,aot,15666067.274038462,
20666077,aot,68236548.94871795,
20664441,aot,46792916.09677419,
20667955,aot,46866246.816793896,
20663897,aot,45195167.60194175,
20664559,aot,54825281.30693069,
20668467,aot,69988848.38461539,gas-used mismatch for 0xc2be81976d7aafba82d7338e4742f165c0440709b0c3a906ea9368618d037dd7: expected 283477 found 212298
20663921,aot,55061458.9047619,
20667330,aot,97466434.38333334,
20667413,aot,42673981.82300885,
20664084,aot,90650595.0909091,
20668234,aot,142239523.2,gas-used mismatch for 0x73b1e3f9dd27f708b2646782b5723c2855a016d6c8bdf24fabe1223d8659eb38: expected 383589 found 186555
20663990,aot,78125472.59210527,gas-used mismatch for 0x19506dbfb721a3905829c03617e45f8492b833b08f3d39345e8607a544119286: expected 256395 found 240630
20663829,aot,45167457.01282051,
20665902,aot,113888241.69090909,
20665994,aot,50628300.2,
20664601,aot,58325636.27272727,
20668140,aot,81191424.66666667,gas-used mismatch for 0x4da556341687cf1bbf2673a00f308e3e20c8bc2b40fd8b9200331d549a577244: expected 383663 found 186555
20668152,aot,33764994.48387097,
20664050,aot,61159355.55813953,gas-used mismatch for 0xd5c7bdc0f5f9b5a76271b0a0ca864479c29baba6fefd0a90b1d96e0a786600d7: expected 270068 found 238278
20664484,aot,58350818.71764706,
20664447,aot,52068052.067961164,
20664207,aot,57475088.92079208,
20667963,aot,35151229.05641025,
20664261,aot,62847076.61788618,
20664717,aot,76320144.60194175,gas-used mismatch for 0x115a2c4677a7d1692501b767cf33089e9cc73a0413cbc0dadf4b95059a8d6690: expected 563606 found 366244
20664202,aot,64797209.24761905,
20668835,aot,79322172.06666666,
20669311,aot,81765186.23255815,
20667014,aot,74254702.86666666,gas-used mismatch for 0xedae66b1782175ffb28a095e278bf0b33424a0932ea53f5d4ed377a7fab207e6: expected 254811 found 194156
20663887,aot,86233490.73076923,
20668327,aot,66140393.83561644,
20665712,aot,97330024.63157895,gas-used mismatch for 0xa880448cf6bd7de8e96dcc725fd53afcd95149d94accae515b1f3ca734775051: expected 276996 found 238221
20663461,aot,76379081.44444445,
20667556,aot,19894196.63043478,
20667203,aot,52686871.310679615,
20665527,aot,53413069.6509434,
20663840,aot,71314755.89655173,
20669355,aot,91432356.58730158,gas-used mismatch for 0x558ba5dde49d785d9c121f0fde1398aa565a4c549baf09127b5cc90d5b2856b1: expected 899500 found 348558
20663462,aot,55545706.638554215,
20665888,aot,86000369.35714285,
20665768,aot,27736899.55952381,
20665233,aot,52327204.56435644,
20664440,aot,73566144.29487179,
20669077,aot,56543189.833333336,
20664799,aot,84255292.29577465,
20668703,aot,71695073.83098592,gas-used mismatch for 0x90b0bdae552ead379aea1ed2bd32af88d418c91aa28d1b57202be77fe0f770cd: expected 272408 found 240450
20663898,aot,78058383.79069768,
20669271,aot,78114447.2125,
20666078,aot,48481205.88095238,gas-used mismatch for 0x53b1603f68448e3502b6591f222015864ca94d84f75cdfc45048e0aa3bc0dfa3: expected 194473 found 82074
20664560,aot,51164307.15116279,
20668188,aot,57340545.19083969,gas-used mismatch for 0x662f7f203b06456c600a255fbff91a01dee11bc7202b04c94a04cf6d6a61f0b2: expected 291519 found 98957
20668906,aot,59529014.94059406,
20668235,aot,64314638.803030305,
20663922,aot,105424568.05882353,
20667331,aot,50203371.40594059,
20664442,aot,58709103.17391305,
20667414,aot,26949804.497382198,
20663830,aot,67846557.84507042,
20665903,aot,73261958.16666667,
20665995,aot,49790417.89473684,
20668468,aot,27410049.079646017,
20664448,aot,23857760.30625,
20664718,aot,19573603.82208589,
20664602,aot,33092866.32867133,
20663991,aot,38791786.11347517,gas-used mismatch for 0x5d2aa4a9ed06b0de6408b7600ad1e5f1b7d9afc17b80c8c417160fd4ead5b8f2: expected 252956 found 238266
20664085,aot,45951187.0952381,
20664485,aot,44458489.03603604,
20664208,aot,54048520.677777775,
20664262,aot,62760735.3,
20667964,aot,68576426.01369864,
20668153,aot,82551102.4090909,
20664051,aot,50925599.24324324,
20668141,aot,98075775.44615385,
20668328,aot,70026268.37704918,
20665889,aot,36368077.916666664,
20668836,aot,36400366.95031056,
20665234,aot,42849909.23863637,
20667557,aot,84113815.46428572,gas-used mismatch for 0xcf7f3132b3dd042611e0de831c710dba2344a10ab3486e30d15f7481d5d7c330: expected 928865 found 279728
20669312,aot,78517578.49315068,gas-used mismatch for 0x5e1299856debaeef87f48cbef5f81c08c77d85bf4de9e6fac1767f99ea46869b: expected 699289 found 403717
20664203,aot,65612162.2,
20669356,aot,86715903.13207547,
20664101,aot,46443873.423728816,
20665713,aot,69278958.68674698,
20667015,aot,60027541.20952381,
20663841,aot,54274778.34,
20663888,aot,44784529.47142857,
20664800,aot,64501214.196969695,
20665528,aot,44148384.0234375,
20667204,aot,65092914.22727273,
20669078,aot,75581369.27586207,
20668189,aot,42369251.3375,
20669272,aot,44163617.24752475,
20665769,aot,71732797.66666667,
20668704,aot,76078806.73529412,
20663923,aot,46701137.41025641,
20663842,aot,72530120.64772727,
20665904,aot,38146661.270833336,
20668907,aot,80082345.30909091,
20663899,aot,42201197.37423313,
20663463,aot,57305113.07971015,
20664561,aot,76120172.32894737,
20664719,aot,98750096.025,gas-used mismatch for 0xead2fdf2959d934ccb68ae72b2e31d710a58af81caa2296fbc5f1564ee2d87d8: expected 366800 found 98981
20668236,aot,56276417.81111111,
20666079,aot,119587049.7254902,
20665788,aot,42296813.050847456,
20663992,aot,52758585.46666667,
20664486,aot,36220732.24793389,gas-used mismatch for 0xb0172430df5c85f6b7e162dc504d0374ec51109e491f64204456595e8ee0e451: expected 209462 found 82074
20664209,aot,42397844.421052635,
20664449,aot,48974029.17272727,
20664086,aot,94956183.96078432,
20664443,aot,79427734.74666667,
20667332,aot,65161352.1632653,gas-used mismatch for 0x0be1f69d77390411d669ead60393269ddad0ae0e352cab9a660548441185eef8: expected 1687627 found 1403902
20668154,aot,60132899.0,
20667965,aot,50997212.03409091,
20665996,aot,47472544.23846154,
20667415,aot,93809716.14285715,gas-used mismatch for 0x64ec63670644ffbd17883a1f97cf223868b950d28f234b1d19bdc3aa888e5383: expected 199923 found 82074
20664603,aot,65761185.846938774,
20664052,aot,86677755.36363636,gas-used mismatch for 0xd834c17c73c30864b1a957ae27e5cbc30c8c565d7ca7e4cbd617db4e12b497f0: expected 200903 found 81750
20668329,aot,18846069.995708153,
20665890,aot,75126118.33962265,
20668142,aot,54528291.623655915,
20665714,aot,33326931.454545453,
20668469,aot,78817810.03157894,
20668837,aot,92487543.37209302,
20664263,aot,48687222.59259259,
20664204,aot,58130987.75,
20667016,aot,37534890.00952381,
20669313,aot,82462406.66071428,
20663925,aot,62604125.87692308,gas-used mismatch for 0x7ddcd8c45c19080794ad9a4f51b12478c730a9fb27c8bd8d0228ee24f56b3a73: expected 623148 found 551869
20664801,aot,52037730.59259259,
20669357,aot,48266860.03960396,
20667558,aot,113503953.58695652,
20665235,aot,85599051.63636364,gas-used mismatch for 0x9d24a484852380a06d239b3d80539bfa703edb2c0f97d5c8a49aba3410e081fa: expected 485524 found 95868
20664102,aot,59592289.182795696,gas-used mismatch for 0x9e3ef872f8c8dcc5c503620d26f9579abe2afcfd6f6b8509bbea02c9ee2a5ac6: expected 196055 found 81738
20669273,aot,64169485.36986301,gas-used mismatch for 0xf4bac48ec575e0e0b0d499bd195461c41e214780af5b56203857be69a436cb4d: expected 286963 found 243270
20663889,aot,53302428.76415094,
20669079,aot,66011800.15662651,
20665529,aot,46945480.083333336,
20665770,aot,41803526.656,
20668908,aot,82264605.625,gas-used mismatch for 0x99c16db43c29feb300602d94cf4ad07053da3f1d6f7373d082570f7a36c28853: expected 299929 found 228968
20667205,aot,54575867.690265484,
20664488,aot,86426322.54545455,gas-used mismatch for 0xac2842808fe1ab516fcbd632b81c4fbaf781638fea6c2938bc8f4c82d81ea939: expected 360139 found 317138
20668705,aot,80641854.83098592,
20663924,aot,67814807.56338029,
20664720,aot,29713958.384615384,
20668190,aot,104842888.73770492,
20663464,aot,54028607.04938272,
20664210,aot,32699794.666666668,
20663900,aot,80579044.73529412,gas-used mismatch for 0x58d5bf53876b9e1f257bca93b024835f6896472cd7364301459295620bd4a845: expected 378495 found 95856
20667966,aot,4992641.744680851,
20666080,aot,45457101.9009009,
20665789,aot,45784516.16216216,
20668237,aot,57333967.22,
20663993,aot,70570975.76470588,
20664444,aot,51970752.64210527,
20664053,aot,27986569.842465755,
20667416,aot,4550966.026395939,
20664604,aot,41501544.12631579,
20665905,aot,63065300.07964602,gas-used mismatch for 0x232ddc122f52b9e4a292caf78721e1affdafa877db4d9056a3424c388b9648f2: expected 260527 found 243238
20664487,aot,54482162.76530612,gas-used mismatch for 0xe6aeb7fc49fbb3f2de420a97b43368d33ade77e519c8d9176d5a697eb1a0136e: expected 565186 found 431096
20664087,aot,34685846.25,
20664450,aot,114694840.69565217,
20664562,aot,79454549.3255814,
20665891,aot,68924632.47692308,
20668155,aot,73831565.77777778,
20668330,aot,120607327.90243903,gas-used mismatch for 0x418ccec8f7a64091df7aff89dfc99ac56050e360c9bc2dc9d666a6a5a3528ef1: expected 371351 found 98969
20667333,aot,37400316.76608187,
20663926,aot,56534871.308823526,
20665997,aot,103021051.60655738,gas-used mismatch for 0x51abb2744b89a004d4f732dc0a7befabf87ba63ceeb92a6155a15d93d4988ed6: expected 313107 found 254580
20668470,aot,78373874.23809524,
20668143,aot,90120255.5471698,
20668838,aot,56914144.93181818,gas-used mismatch for 0x26ef0023c5e143ce77989db607adbb4088fae10b55b8be42e95f1b09400d864c: expected 484265 found 95868
20665236,aot,58599747.85714286,
20664205,aot,47428422.1980198,
20665715,aot,49294449.36440678,
20664103,aot,21591364.702857144,
20665530,aot,62599758.0,
20667559,aot,51258396.11764706,gas-used mismatch for 0x6fb1571b9ffa904711effbf38124bcb2cadd4d09ba63e4a82aefe49dd85f9d97: expected 305343 found 232116
20667017,aot,135790691.7631579,gas-used mismatch for 0x5d4249fd69ab92c7ea910cb96bb767624c93ffae0d58478ee3ebaa189c033cd8: expected 1121773 found 436834
20664802,aot,75174335.65714286,
20669080,aot,22070294.944444444,
20669314,aot,66497617.395604394,
20669274,aot,22759161.438053098,
20664264,aot,83608009.02325581,
20669358,aot,81059747.30864197,gas-used mismatch for 0x0aa92814db5a5560736bbd40c3f97f81da40918d2d4eee7277ea68c641e5dd2b: expected 293528 found 196659
20665771,aot,69201641.94871795,
20667429,aot,117386396.56097561,gas-used mismatch for 0x580930002a13beea4b313dbb6cca8b562de334a97b2e3f51e4eddd35ffade873: expected 209395 found 82062
20667206,aot,63485608.807228915,
20668191,aot,49992412.53,
20663465,aot,82246933.4137931,
20666081,aot,64758150.6,
20663901,aot,77335973.74545455,
20668706,aot,54973899.9047619,
20667453,aot,82240776.91764706,
20664489,aot,50088677.97794118,gas-used mismatch for 0x06d7e02cd97e21d50b027351dbbaf66ab99009f1aa42c18c6efe2acbe6c48dad: expected 4998531 found 1327631
20664605,aot,65980980.86885246,
20664721,aot,95090952.1,
20668909,aot,27450189.0989011,
20664211,aot,114478443.72,
20665790,aot,45065280.08108108,
20669093,aot,79393399.32,
20663994,aot,87899060.35714285,
20667967,aot,115652569.43478261,
20668238,aot,50692416.82524272,
20668331,aot,23515333.42261905,
20663927,aot,56104248.483333334,
20667031,aot,45796503.625,
20664445,aot,56511219.76699029,gas-used mismatch for 0x0c536a3d02b858c507804581dff9ff9b1837077df6b1aa3f56a2d37f35302d21: expected 505420 found 128857
20667334,aot,67642955.42857143,
20665892,aot,103114499.44444445,
20664054,aot,98352089.5862069,
20664088,aot,78440595.61842105,gas-used mismatch for 0x979322ccc235c41d830adefaa72cd9db6f4e592eb1b2a7c267621c6fb28196ea: expected 270044 found 238254
20667018,aot,65125603.76470588,
20664451,aot,45845642.114285715,
20667417,aot,153114875.68888888,
20665998,aot,47761797.91891892,
20664563,aot,112267991.43636364,
20668471,aot,79982212.04285714,
20665716,aot,79632430.6031746,
20669315,aot,73009875.33333333,
20664803,aot,62856079.176470585,
20669275,aot,134496619.9722222,
20668839,aot,72238665.97727273,
20669081,aot,101819272.40845071,
20667687,aot,65782132.1509434,
20665999,aot,67150755.0,
20668343,aot,81201953.67213115,
20664104,aot,139407.54794308392,transaction validation error: lack of funds (135458804267290936) for max fee (2171023549285689809)
20667430,aot,75270981.68965517,
20663466,aot,56658976.72,
20668192,aot,42676749.653465346,
20667560,aot,86873263.92941177,
20663931,aot,43355588.2867647,
20664734,aot,69556916.3956044,
20665772,aot,58688066.23255814,
20663902,aot,68052869.22222222,
20669359,aot,61592735.91578947,
20665237,aot,52174369.52380952,
20664606,aot,29608307.896825396,
20667207,aot,61738802.76744186,
20668707,aot,91049782.13114753,
20668910,aot,42405185.657142855,
20664490,aot,45018800.22123894,gas-used mismatch for 0x8b7db26c95e4877caf7f4af7f9bfef345a5d3903b4fbf5f0b48ee368469315f6: expected 389865 found 95880
20667454,aot,49733356.448275864,gas-used mismatch for 0x8e474f6470173388096280144b1ac403c66a60f72537b52f8143e6adb80e8607: expected 547607 found 284739
20666082,aot,55130905.725663714,
20664722,aot,52608575.35483871,
20667032,aot,58000902.96923077,
20668239,aot,7226874.4496951215,
20665791,aot,67959307.94736843,
20668531,aot,61612301.26506024,
20663928,aot,50949834.284210525,
20664212,aot,40635788.8445946,gas-used mismatch for 0x617b76d86e05df252f3e73865d1e393e54eb59283f0a1395c1dbd1e91079c8b5: expected 392250 found 315234
20667335,aot,50095705.5,
20664055,aot,25702352.4566474,gas-used mismatch for 0xa80b71b39974b8013e2bffd0ce54968995126c04800a1efa0ed81082bbd8be54: expected 270032 found 238242
20667019,aot,54595355.692307696,
20663995,aot,74721763.58139534,
20668332,aot,93985903.82539682,gas-used mismatch for 0x8ba00bbc988b04dd1e7a05070a78fbb68d811368eb0cc0aa232a659e6f4dee9e: expected 383589 found 186555
20664452,aot,54497776.7375,
20668472,aot,64689679.01785714,
20665893,aot,55186337.14285714,
20669094,aot,92641941.72857143,
20664446,aot,54587392.54054054,
20669276,aot,54159231.84507042,
20669316,aot,58032267.60294118,
20664089,aot,53507811.60344828,
20664804,aot,30682625.949367087,
20664564,aot,64267417.46052632,
20667218,aot,66449922.729411766,gas-used mismatch for 0x6fda65bc4bd9153323ff960522f82838a9fb74511d627e86ab9b2891221c7698: expected 499530 found 499181
20669082,aot,67900089.97058824,gas-used mismatch for 0x9640bc0d738067d9e7a35c5a12c1eef6138ba41e4b69d83d61d4dbf814a2ef6a: expected 305163 found 95868
20665717,aot,66610945.6627907,
20664105,aot,103217300.075,gas-used mismatch for 0x7147d0d7516a45d663bd39930c1c9fb6eb8a387031716f2a2dcdde58dd56fdf0: expected 252968 found 238278
20667418,aot,65484896.0,
20668344,aot,69208133.75714286,gas-used mismatch for 0xd09d897f70356f923b69a5c65a884ee5457ccf386081484fea9aff18e96380ce: expected 383589 found 186555
20663932,aot,57907997.81690141,
20668193,aot,54751680.20930233,
20667208,aot,44903223.409638554,
20668840,aot,83942731.15789473,gas-used mismatch for 0x91de6515d70091570daf7e976b7fe370a5ebb8bb8cc6232769df53aec816b025: expected 263104 found 245813
20663467,aot,36379563.85507246,
20665773,aot,64093221.26760563,
20665238,aot,65362200.809523806,
20664007,aot,75752839.57692307,
20669360,aot,41362649.407079645,
20664735,aot,60583752.428571425,gas-used mismatch for 0x72db95e0934539ea6363e1238af32a20b3d684ec4f55ee4e9c8cf8aba2cf38e0: expected 254908 found 210697
20667688,aot,57599000.95867769,
20667431,aot,94452365.15384616,gas-used mismatch for 0x54c09d7200daf2d76a638cd9853b7f3dc419c11a0f734b09c88e8c37ade1d0c1: expected 544183 found 279704
20664607,aot,71653217.84285714,
20665792,aot,36635418.822916664,
20664491,aot,25663195.786885247,
20663903,aot,99892634.09836066,gas-used mismatch for 0x7e98d3449630a250b5cb059b48b72cc57199b79dd5fbb85601838f819362436d: expected 328712 found 95880
20667561,aot,61139762.018181816,
20667336,aot,36641387.2,
20666083,aot,62229060.79487179,
20668240,aot,87713186.15686275,
20667455,aot,18697592.374558304,
20668911,aot,109172932.11764705,
20668708,aot,53157048.796460174,
20664056,aot,59166367.18309859,
20669095,aot,58061359.303571425,
20664723,aot,70381609.73493975,
20667033,aot,80245649.58571428,
20663996,aot,16817389.63508772,
20667441,aot,80880492.29411764,
20664213,aot,57512124.45,
20668333,aot,42424683.24166667,
20663929,aot,96979200.39344262,
20667020,aot,99423871.14545454,
20668532,aot,80465086.64197531,
20667219,aot,48340718.36,gas-used mismatch for 0x2ef5db106de9e54038daabd9e18dab9c9fbbcbdac5ead268acd3fee73d5e20d1: expected 327880 found 95856
20663930,aot,54046215.30612245,
20668473,aot,53119036.9223301,gas-used mismatch for 0xb873b465b57f3dbf05a0c38a9477b3dbc37b31bdcb9917a3b8c5d2c68dcba9cd: expected 506716 found 277498
20669277,aot,50844738.76530612,
20664090,aot,49575120.32653061,
20665800,aot,86255523.86842105,
20669083,aot,58694218.025,
20664565,aot,61294348.32954545,
20669317,aot,60111412.309734516,
20668345,aot,31219229.905405406,gas-used mismatch for 0x4c9ff2fe6ace9dc05914668b1a816608696c0c171785f6821c837c0ff6397c8e: expected 266951 found 219661
20664106,aot,92819798.38181818,
20669322,aot,73673391.48717949,
20664805,aot,95940220.54929577,
20664608,aot,49844294.842857145,
20667419,aot,44021082.664122134,
20663933,aot,80966615.01470588,
20668244,aot,99153004.2,gas-used mismatch for 0x37c6102bffa46a55305de022f40d2bfef7f19de5cd18148e1a384342409312c6: expected 349416 found 292950
20667432,aot,43908222.375,
20664008,aot,63109420.2,gas-used mismatch for 0xf3de7d5a503174faafa754ff26f3c452393c18115d9d9bfb119f281d11c36ef7: expected 270092 found 238302
20668194,aot,80706115.92307693,
20664736,aot,23079392.985221677,
20669361,aot,87863195.13207547,
20665793,aot,35395206.3902439,
20667689,aot,44749947.217821784,
20668841,aot,53273043.927927926,
20667456,aot,47204641.058823526,
20667209,aot,119380868.02083333,
20667562,aot,70170330.48333333,
20665774,aot,40316679.05,
20664057,aot,83452381.67391305,gas-used mismatch for 0x3c3deab3a465e9412eed21549f26b71e3989777cc17e4e790ba03ddcee1bd89d: expected 368870 found 95880
20665239,aot,52444079.03571428,
20668709,aot,71885031.78787878,
20663904,aot,84947137.64788732,
20664214,aot,36685791.17272727,
20667034,aot,43855799.155172415,
20664492,aot,62958631.88679245,
20667442,aot,46811128.34408602,
20664724,aot,74282325.39726028,
20668912,aot,98020626.91666667,
20668334,aot,93981624.91666667,gas-used mismatch for 0x7f862939f677a035a6e621e389e99b908ae40c91a46aabfdb47b3d0903bc3427: expected 382936 found 186555
20667337,aot,139911565.31111112,gas-used mismatch for 0x1c8e5761895071f3d9b8abf3f7c624df960e2e94708cb8969dd05a23cb3cb161: expected 538386 found 314818
20669096,aot,65919690.655555554,
20668241,aot,122120283.90566038,
20664091,aot,94223506.12121212,gas-used mismatch for 0x5a9084eae25eaf289855b3a7900c12ab38a168f217ef7677c793ee95bf1de38c: expected 1528526 found 1030861
20666084,aot,66697138.18584071,
20664731,aot,60926565.625,
20668474,aot,32733436.730769232,
20669278,aot,53642553.1632653,
20664728,aot,66744319.56043956,
20667021,aot,69747408.95348836,
20663997,aot,103214036.55172414,
20668533,aot,65394346.5,gas-used mismatch for 0xe294b6594a316f121a55db9d279d764d73e7ab9ef06ca7bd2a7efc79eb5402ff: expected 255427 found 194166
20669323,aot,51258602.23943662,gas-used mismatch for 0xb2043fa608793b02abfeec9016fdfc5144f2aed9f0fcacecc01da9a8ba58b5e1: expected 344537 found 249649
20667220,aot,63823335.0338983,
20664806,aot,50942315.035294116,
20669318,aot,95897299.82142857,
20668346,aot,60544891.43956044,gas-used mismatch for 0x09d7d3b5c8d84d28758a923e35ca1f3f2dd151f540a2f9122df60d8fcca10f0e: expected 382936 found 186555
20667433,aot,76467955.80357143,
20667420,aot,54908651.95180723,
20664566,aot,62065535.614583336,
20669362,aot,86857271.97826087,
20663934,aot,21751846.665217392,
20665801,aot,62005363.238938056,
20667690,aot,6219196.438596491,
20668195,aot,13208519.085858585,
20664107,aot,53891870.333333336,
20669084,aot,71273839.46226415,
20665794,aot,82476845.43333334,
20664609,aot,54495736.27927928,
20664009,aot,74668506.2763158,
20667457,aot,114809292.30232558,
20668842,aot,67065190.17283951,
20667210,aot,62128141.39772727,gas-used mismatch for 0x8b226ff401e77a00ab52a7ae8425aa8f10422324427f739a2b4bba5570cd668d: expected 318297 found 241818
20664737,aot,79620711.95,
20668245,aot,77881818.03529412,
20664215,aot,64143712.4,
20664058,aot,68842685.77142857,
20667563,aot,37560357.23870968,
20665775,aot,66063091.906976745,
20665240,aot,32025346.569536425,gas-used mismatch for 0xaf87fd1e3d604ab370cf50317e9bcd8a18e88a9810201458cb11ad245e5e9b95: expected 374114 found 95880
20664493,aot,73191980.4137931,
20667443,aot,73904862.32786885,
20663905,aot,62070585.98765432,
20668913,aot,84150831.19565217,
20664092,aot,26791892.2972973,
20667035,aot,71522764.0,gas-used mismatch for 0xb8f493f1f807f7dbf03db794479274c6f29eacab6aad314cff3efb366053d138: expected 196055 found 81738
20669097,aot,49640157.11827957,
20664725,aot,70130060.1971831,gas-used mismatch for 0x256bd99187768669f32c127b27bcfe6ae32031c4fb83d0111aa6bca275ee3da7: expected 266951 found 219661
20668335,aot,41033399.246031746,gas-used mismatch for 0xef6fc423135ff92eac8dbd2d4cf15d67063a69818dc0ed0a7bb4d369139848c0: expected 382271 found 186543
20668242,aot,44735941.79279279,
20667338,aot,56848626.81111111,gas-used mismatch for 0x5f1ed313d73a865d63b4530bb6688792d39f40dc18c1c09e0529e63048fbd361: expected 341677 found 290437
20668710,aot,70839236.54455446,gas-used mismatch for 0x38687c08680a7e5f2c62ec2253d5d6b2504cbc4429b22afbcac39072504fe161: expected 365755 found 306086
20669279,aot,70970510.82857142,gas-used mismatch for 0xcd96f524a83514fc14c97ca70b5d851e540bf794dba47865100f0f3377169486: expected 252048 found 206938
20668475,aot,92720554.76363637,
20667022,aot,47939079.19444445,
20664732,aot,63827024.5,
20667221,aot,33782039.06481481,
20669319,aot,56442088.81818182,
20666085,aot,55494871.59322034,
20664729,aot,82378849.81578948,
20668534,aot,64538886.02272727,
20669324,aot,54582281.24761905,
20663998,aot,72845323.10227273,gas-used mismatch for 0xbe4e4a593f3243955658b3f2d92a4ba00664432fd6bdfd19485ff246fc880642: expected 1033128 found 860213
20667421,aot,36169878.88095238,gas-used mismatch for 0x1280beff54ba65168cd3a11d25119a3887478d794b20ee3b27bd979fd26e3f27: expected 344285 found 98981
20665802,aot,14856244.15658363,
20667691,aot,98566757.11627907,
20664807,aot,53915249.43564356,
20664567,aot,49220864.63809524,
20669363,aot,100572810.52083333,
20665795,aot,72743245.37704918,gas-used mismatch for 0xa704a089e07fb3437fa1479951e877e945b2ca13590402d1d7da5731596d3085: expected 272408 found 240450
20668347,aot,132608790.05555555,
20668196,aot,91895517.98113208,
20667434,aot,87599468.4264706,gas-used mismatch for 0xd651c6d097e4a6bad78905acb5b8f6b6931d3b88d41c08439729bc8566f038c8: expected 268796 found 207292
20667458,aot,28678054.11445783,
20669085,aot,53872682.13265306,
20664010,aot,25884993.93170732,
20663935,aot,127047765.76086956,
20664494,aot,50745636.04285714,
20667211,aot,30997277.506410256,
20664610,aot,57379040.428571425,
20668843,aot,39072495.4765625,gas-used mismatch for 0x932f520fb724aec05913f0dd4ea3a9232e3eead10674ad667c63de109a50df58: expected 500336 found 95880
20664059,aot,38005012.68333333,
20664738,aot,31676612.56521739,
20663906,aot,47566945.56790123,
20668914,aot,58037482.42465753,gas-used mismatch for 0x881ac3b4c3c19424031ad5bda08e63d9308b9a620b22cc4b2d29c0a0b74b6d87: expected 875394 found 386348
20664216,aot,58500233.5,
20664108,aot,95210008.43835616,
20668246,aot,10663247.705785124,
20667564,aot,102376563.70491803,gas-used mismatch for 0x55dabc5a6efeba30eb20d487ddfe48d334cbcf1bd5bc9300bb5b747dd3da7048: expected 3343080 found 1433680
20668243,aot,44193260.25274725,
20665776,aot,92952724.73015873,
20664093,aot,96945641.4,
20667036,aot,65802787.61333334,
20669098,aot,95959331.6,
20667444,aot,41770211.88970588,
20665241,aot,113410440.03921568,
20669280,aot,52266252.63076923,
20667339,aot,62952078.23076923,gas-used mismatch for 0x20aea551a01b13684a1d66217bf0c4a3d49eb1c35b7c3040b441c905f57d0db4: expected 424350 found 98969
20664726,aot,47746415.380530976,
20667023,aot,72970485.88235295,
20668711,aot,65067993.654320985,
20667222,aot,55365738.325,
20668476,aot,60172988.69135802,
20664730,aot,34158020.288,
20666086,aot,46827949.93069307,
20669320,aot,81612633.27868852,gas-used mismatch for 0xebc71278cfc6782801dcfe8a0d6e7cf4628275a3ac0a100f2f2b9d8e7015c4b5: expected 296984 found 208816
20663999,aot,52683490.81481481,
20665803,aot,106045456.92105263,gas-used mismatch for 0x8efb9c2f0824a901cce2ed27a3eafafe55f3bf89551fcad4290ce47505a33d6e: expected 494536 found 345648
20664808,aot,39917332.23809524,
20664733,aot,64682750.010204084,
20665796,aot,55116634.549295776,
20667422,aot,39001327.69924812,gas-used mismatch for 0x8002bb3f7c69baf7cbf742a50e7d030f3f5baff887b984be893e56773df107a6: expected 225322 found 120889
20664568,aot,41840495.324074075,
20668535,aot,56035557.27551021,gas-used mismatch for 0x5a9f14eef2fda6feadcb715356bd4c17ab6ede9fdc79a0734f756f5dc4f57fde: expected 383701 found 186567
20667435,aot,24424376.848314606,
20668336,aot,109122539.25352113,
20669325,aot,81799106.43421052,
20667692,aot,34258765.16,
20668348,aot,77182375.84285714,
20667459,aot,85394196.5,
20664611,aot,50932248.31868132,
20668915,aot,63282913.78688525,gas-used mismatch for 0xe4450cc773287dd8b24bcc21d54112bc8b1b2ac0d41adf883c6ba6c58498c7ab: expected 1042602 found 758908
20664217,aot,15949572.355102042,
20667212,aot,47109129.504854366,
20668197,aot,56610893.93333333,
20664011,aot,67438540.75,
20664060,aot,56748541.36363637,gas-used mismatch for 0xb6006b409b75dbfbe94a1490ab98582fbae841fe29fae54df51a8828669dce5f: expected 367677 found 95880
20668247,aot,62200821.81034483,gas-used mismatch for 0x0b83badc25c16e47f8a9dff8b86dfa059212e8ff81190d03d5edb6723d297422: expected 990974 found 812674
20664495,aot,82848842.12121212,
20664739,aot,118962303.04444444,
20663907,aot,69734181.7763158,
20663936,aot,69693918.33333333,
20667565,aot,69666839.10958904,gas-used mismatch for 0xe49c61ddc7ae1c3131e79e6016852210eef263b3829522d543dca0716a415385: expected 812392 found 337846
20665242,aot,48266982.0,gas-used mismatch for 0xb35b93a2e381d3c18cae4f055408f2b1eef8ef0417119de45c702c6d0ea5259e: expected 261094 found 212298
20669364,aot,66961132.0,gas-used mismatch for 0x7f503886c12f9a71c12ae8e082ccb0ebbb6fde0f5002eb04fe76322f1f67a408: expected 286975 found 243282
20669086,aot,49907644.716216214,
20669099,aot,58137423.87654321,
20665782,aot,39274394.844827585,gas-used mismatch for 0xac82d88b68a204ce34afe9dd590b9306a06e47a6ec3be665329e2eaa3663037c: expected 477980 found 95868
20664727,aot,50181497.04938272,
20665777,aot,54267088.35789473,
20667445,aot,84029878.43103448,
20664094,aot,49043282.166666664,
20667340,aot,40444004.425,
20667223,aot,72702905.97916667,
20668844,aot,108249932.71428572,
20664109,aot,77214775.83333333,
20667024,aot,98405801.65454546,gas-used mismatch for 0xbd7751010a2388ecfb80e323cdb9b03e34a1f35a24de1313ffdb957388b7b0b4: expected 549395 found 351703
20667037,aot,27250956.62962963,gas-used mismatch for 0xa246054816e182c0a2eceef4741414b265ac24e1ca0b92884652c7141e2be3eb: expected 263249 found 196669
20667593,aot,19689471.42201835,
20667265,aot,72603377.51041667,gas-used mismatch for 0xa67a4d52ad9c34ee62e592edcb163e9892aa673b7ca4264b7434060aae58fa4a: expected 317124 found 241268
20664000,aot,60815158.9117647,gas-used mismatch for 0xf2f5259a89495f4970e592fbb9bdf0312e235b59b0739db17b6390062352c515: expected 272468 found 240510
20668477,aot,55200603.655555554,
20669321,aot,67243848.01369864,
20666087,aot,93800116.68333334,
20668712,aot,54641369.28,
20664809,aot,77602286.21428572,
20669326,aot,66832722.984126985,gas-used mismatch for 0x678286c6916464f7830d0183617457ed08086bcd92bc468b06b977be5e938365: expected 221508 found 144523
20665804,aot,40869057.97515528,
20667460,aot,83687089.8888889,
20667436,aot,65088587.01234568,
20668536,aot,83422319.69117647,
20664012,aot,76796201.1,
20667423,aot,57202453.66086957,
20665797,aot,126916286.39215687,
20664569,aot,74595861.84705882,
20668337,aot,71927283.3125,
20668248,aot,66978630.15873016,gas-used mismatch for 0xfcb944d52b0affcad4210ae1241ac5d3382eaa473290c3d821feec7c328a05d2: expected 424320 found 226829
20667640,aot,52856552.5319149,
20664061,aot,69191454.08450705,
20668198,aot,55610516.64835165,
20664740,aot,78136291.88235295,
20667566,aot,42606491.025641024,
20669327,aot,61597749.68181818,
20667693,aot,88975408.9090909,
20664612,aot,37764798.037974685,
20668916,aot,64643849.44318182,
20668349,aot,8044395.83030303,
20664496,aot,50595221.59223301,
20668953,aot,39470187.5,
20669365,aot,10873659.963882618,
20669100,aot,65019422.774647884,
20667213,aot,68041103.52475247,gas-used mismatch for 0x5d7f721883416b496b746ca379cf7a596274ea00e7277fab75362a16ceae4532: expected 482540 found 386325
20667446,aot,46035445.3367347,
20665783,aot,46328480.70754717,
20664095,aot,71648894.58333333,
20663908,aot,42506194.76923077,
20669087,aot,68720581.05128205,
20664110,aot,21558832.208955225,
20667288,aot,65761714.294117644,
20667025,aot,46183842.71590909,
20665778,aot,53031317.38738739,
20668845,aot,103128966.62,
20665243,aot,39428578.76785714,
20667038,aot,122097508.0263158,gas-used mismatch for 0xac6438d409db549ea60a35669e417d97c2f33e03714036e3b1362076fc893f2b: expected 1254079 found 768522
20667224,aot,87702280.22222222,
20667266,aot,96412312.60869566,
20667341,aot,68638395.05813953,
20667594,aot,116053640.46341464,
20664001,aot,80779648.33333333,
20668713,aot,56849430.2295082,
20668478,aot,75038858.44871795,
20667461,aot,49882196.05479452,
20667437,aot,48810280.61728395,
20669369,aot,106969378.63793103,gas-used mismatch for 0x4f1b9656a7a119321a2443044a7b13e81764dbcff99a685b2edcfb5c82432c56: expected 563618 found 366256
20667359,aot,63220466.375,
20664013,aot,39782979.14563107,
20664810,aot,61436693.70930233,
20668537,aot,52015976.77108434,
20668338,aot,43446508.15384615,
20665798,aot,37243139.26956522,
20664570,aot,39759444.79338843,
20665805,aot,98160520.73214285,
20667641,aot,57962930.065789476,
20664741,aot,20333148.01777778,
20667694,aot,45573670.594339624,gas-used mismatch for 0x0a1ed6ca821001768382a41a037e9f9c583081df92e52599054a129eb1f2a1bc: expected 201001 found 81738
20668917,aot,48397760.56842105,
20667424,aot,136589601.0,
20668350,aot,131797294.03225806,gas-used mismatch for 0xa1da7a74265926674d7e02add118dd6756f6d5371eb6bf5f1924e11b7f16e46a: expected 254019 found 209785
20664062,aot,54666552.46875,
20669372,aot,83595636.94642857,
20666088,aot,32423806.544354837,
20664497,aot,15554775.584717607,
20668249,aot,86823772.22857143,
20667214,aot,58423752.823529415,
20664613,aot,83136908.63076924,
20668954,aot,60555655.868421055,gas-used mismatch for 0x2a8ba03a8a85277ac368a1f329ba33435241b3e29833dae2772fd715edde9a6e: expected 296463 found 208541
20668199,aot,84135031.80327868,
20669366,aot,83912552.81132075,
20663909,aot,86401259.54347827,
20667567,aot,4746701.10745614,
20667026,aot,69624616.91071428,
20667447,aot,65789459.815789476,
20669101,aot,64280172.85897436,
20664111,aot,80821015.86792453,
20667289,aot,86231962.28888889,
20669088,aot,36994228.1,gas-used mismatch for 0x954f1bb409861b48cd2b289d2efe612abafd558d7552a85adedb812d45cf106e: expected 365755 found 306086
20668846,aot,57719801.76923077,
20665784,aot,110085195.78181818,
20665244,aot,69900439.8,
20664096,aot,75950260.68604651,
20667039,aot,39369064.81884058,
20667267,aot,44985038.99137931,
20667342,aot,38879699.78518519,
20667595,aot,42376757.77586207,
20668479,aot,104456940.275,
20667225,aot,76326427.56,
20664002,aot,48473298.722222224,
20667462,aot,57904042.0,gas-used mismatch for 0x770e78dd53a1631e54eb37a49423efb6db45ee2f494fd6586c8b5ba78d476d26: expected 394823 found 189163
20669370,aot,60243619.67123288,gas-used mismatch for 0x94203cb98d515bbbc51fb24a4d9b0c41da0fa5f6850abc58a8bf63a32bdb8c00: expected 286939 found 243246
20667360,aot,63382265.59090909,
20664014,aot,100571540.6,
20665779,aot,55870393.86013986,gas-used mismatch for 0x7b6c28205f092835c179f49e47c59a9d99c18917341968d1efa8db8cbf1e486e: expected 328514 found 130938
20668714,aot,113930441.375,gas-used mismatch for 0x5eabbb7b151a5944b9a16e60d46b9ec4cd768fcf88509fd550a424b145947649: expected 1303056 found 1332581
20668339,aot,42149759.80909091,gas-used mismatch for 0xd36b8ab81c24276238a5ead6c7dfa278d48618f918259462daf7e8e48d584e44: expected 383589 found 186555
20668538,aot,68726255.60273972,gas-used mismatch for 0x10ac6610ad205ab51f64ad52a242265df5555a81a932bd5d431af38f4bae9821: expected 383663 found 186555
20665799,aot,29678456.366459627,
20665806,aot,58752077.11764706,
20664811,aot,44376974.19166667,
20664571,aot,76046921.14754099,
20667438,aot,75262228.72839506,
20664742,aot,86569952.12,
20664063,aot,52506363.346666664,
20664614,aot,37820901.802083336,
20667642,aot,91326967.16071428,
20668918,aot,86415129.73214285,gas-used mismatch for 0xb78f88a2ed64b7708f8dbbe38019cadb240a7dc565044279477a1ef2131de000: expected 255485 found 194166
20667425,aot,24941339.014563106,
20668351,aot,96325850.71698113,
20663910,aot,52625176.67123288,
20669367,aot,64632074.98529412,
20666089,aot,104879064.22916667,
20667695,aot,52663620.10169491,
20669373,aot,10485094.786324786,
20668200,aot,77784871.98484848,gas-used mismatch for 0x0abb235f6b21696311464c4e7e3ad8330356c4b008952d65cfcd25451ce9cabc: expected 204516 found 82074
20667215,aot,22676983.84063745,
20668955,aot,61929362.23863637,gas-used mismatch for 0x1a8116cd9919f045e921ba70fc925bffa554601659c514501925bc2b9361ce38: expected 314470 found 95892
20667300,aot,89067834.24242425,
20667027,aot,49163084.78640777,
20664498,aot,110909243.92857143,gas-used mismatch for 0x9138d8f99cbe1fe3a33418d15aa018b17b027da95e6b6ccd31440ba26b0add7a: expected 264067 found 215878
20668847,aot,81265820.14,
20667268,aot,59240378.46551724,gas-used mismatch for 0xc91d923388ad0a5c7e9b19cc7262dbb03719508726fc8aba1feaf8d844c0120f: expected 311181 found 234712
20667448,aot,31862092.555555556,
20664112,aot,60849161.80612245,
20667568,aot,153625370.9512195,gas-used mismatch for 0x0607003753eecccba48179c359e06562cc36bf6a3f80d1bbd2cc32492033822c: expected 529309 found 279704
20667290,aot,22968933.713286713,
20667226,aot,61324015.52941176,
20665785,aot,77459539.72857143,
20665245,aot,39567933.691176474,
20667040,aot,27988171.139784947,
20669089,aot,66756236.8125,
20667343,aot,45856643.63963964,
20669102,aot,71055114.41747573,
20664097,aot,91099148.4590164,
20664003,aot,89404362.4,
20667596,aot,7508567.018763797,
20665807,aot,71334318.93333334,
20668715,aot,135512193.80555555,
20667361,aot,39107584.22463768,
20667463,aot,83776942.5,
20668480,aot,90443129.97260274,
20669371,aot,8725547.75,
20664812,aot,51077959.75824176,
20668539,aot,59294755.593023255,
20664743,aot,49363676.2125,
20665780,aot,89583439.68181819,
20667616,aot,75176910.32876712,
20667439,aot,64871819.53947368,
20667426,aot,63901626.836065575,
20663911,aot,44242300.24731183,
20664015,aot,78447249.35483871,
20666090,aot,58236286.704225354,
20668919,aot,71721868.83098592,
20668352,aot,22891771.6622807,
20667643,aot,64370626.98888889,gas-used mismatch for 0x773a22d3f78b0bfb1c7a97445f48ab6bc638df7459f4461ebaf9b4bb42986ce9: expected 563275 found 366099
20664064,aot,73262124.69411765,
20664572,aot,66278141.04545455,
20668340,aot,102882896.71794872,
20668848,aot,64351937.80327869,
20664615,aot,39469772.17469879,
20667301,aot,5977420.910389611,
20669368,aot,38229327.166666664,
20669374,aot,127401157.175,gas-used mismatch for 0x684752d1e591a12a3d23ee3dd3c0473010d1d2dc8e0e8f45388b89784add1b72: expected 265492 found 207292
20667269,aot,68510820.39344262,gas-used mismatch for 0x84f3e30b8c234bed405143783818f2bfa1b95afa1435e265ecc1b8c0dde0d27b: expected 423579 found 237407
20664499,aot,35888216.11111111,
20667028,aot,51103486.666666664,
20665786,aot,36996944.71,
20664098,aot,35207494.315789476,
20668956,aot,66933661.958333336,
20667696,aot,35858958.196969695,
20667569,aot,59857204.78888889,gas-used mismatch for 0xd8bd39279bd65684e4e72c9384865357018f87d207f3783d4518f3744e626d5a: expected 293518 found 196669
20665246,aot,47499263.21818182,gas-used mismatch for 0xc986304d82dd469c384e5ab96d6725931106b663af4bcd0770a160065ca7c0f2: expected 1058770 found 539987
20668201,aot,57030666.969924815,
20664113,aot,94333133.15873016,
20664004,aot,32925235.2,
20667344,aot,76714612.0,
20669103,aot,9962959.898366606,
20667216,aot,134676659.41666666,
20668716,aot,53844515.90789474,
20665808,aot,5422792.084223013,
20667041,aot,40068658.19375,
20667227,aot,62009781.35454545,
20669090,aot,82096079.4691358,
20667291,aot,105179584.23076923,
20667464,aot,95584629.5625,
20667449,aot,79108546.91836734,
20665781,aot,56431553.385714285,
20668481,aot,56896847.197916664,
20668540,aot,72189223.39705883,
20667440,aot,33112827.875816993,gas-used mismatch for 0x510877165531a7a2b583ee009d9bd0ad7d90aefe81047ad7d634e527a1064545: expected 852614 found 480199
20667617,aot,59901333.0875,
20667362,aot,102081720.43333334,
20669091,aot,54542163.104166664,
20667029,aot,73562701.27058823,
20667427,aot,35487330.640522875,
20664813,aot,64501340.17475728,
20668341,aot,64711525.353846155,gas-used mismatch for 0x573cea3a0f74e609cd79e61f517796ad3bd33cc3df7944b3db26dde0925347e9: expected 327656 found 95856
20663912,aot,66050189.54216868,
20664573,aot,48458222.58064516,
20667597,aot,127935492.98333333,
20664744,aot,50705084.81818182,
20664016,aot,85449868.1969697,
20668353,aot,103230063.07843137,gas-used mismatch for 0xaeab7c93cb669d1becc12f88bc4eef712dce08024c9fa3ce28672fa50e3a4377: expected 383651 found 186543
20668920,aot,48598670.06034483,
20664616,aot,47613881.99047619,
20667781,aot,83037752.08928572,gas-used mismatch for 0x9032772bd72b3b38be5a67ce846b2604ad0eb562e4ac47c680e87b861cdb167f: expected 674456 found 585025
20664065,aot,64146987.69411765,
20668849,aot,63122371.176470585,
20666091,aot,68864125.4736842,gas-used mismatch for 0x9dcd5ac415c3470c858e3506baea046c4e79eeea290bab3c61a319ec67a2a53c: expected 373430 found 95856
20667270,aot,77936182.77272727,gas-used mismatch for 0x55599946d7950c02d49e1f56d57c0f67e6e5801e63a70a783dd47a665d4c876c: expected 189614 found 81798
20667644,aot,60815967.366336636,gas-used mismatch for 0x2ec131be66b749c95b34cb81d6db194e0ae1b43e0968373d42185c3d884b5925: expected 1253321 found 673354
20667078,aot,46166920.905660376,gas-used mismatch for 0x9f10ea56dcd5ffdb70163000f579e42dee47925da6b931495c32127a9b29afba: expected 358938 found 256098
20667302,aot,127266786.17777778,
20665247,aot,67666742.94642857,gas-used mismatch for 0x5d5142524c025f1337ab6ebd31bcea14101be9a0368d92e93cb5226d774c2dec: expected 205691 found 81738
20664099,aot,113922756.5,
20665787,aot,56221361.98019802,
20667042,aot,112454434.57692307,gas-used mismatch for 0xb7be59e93eb8f16173bfe1f7c39c94fb99b2937505edfba8428207a46ce30655: expected 334263 found 253593
20668202,aot,45112275.31632653,gas-used mismatch for 0x3620d795306fe9b9a66069d539c67b0243c062554c273fb5747b35b0978b26e9: expected 247874 found 191663
20667828,aot,60694432.48648649,
20667292,aot,55083641.89090909,
20664005,aot,69707005.85714285,
20667217,aot,52316537.21052632,gas-used mismatch for 0xba7fde02872216086e4b33e12e565d1f366417a3385239cb1b77724ebe0a9b6b: expected 284260 found 209795
20664114,aot,30614285.35757576,
20667697,aot,82953627.58461538,
20667450,aot,38181658.10989011,gas-used mismatch for 0x1d537a854526ebc25d57b8027ba1f3e185bf7c872807fb3d68aac81ed25c0141: expected 292004 found 212298
20668717,aot,37727796.585365854,
20667570,aot,52042442.026086956,
20669104,aot,105850155.16666667,
20667465,aot,50695221.65116279,
20665809,aot,124751384.55263157,
20668957,aot,81094015.76666667,
20667345,aot,71211480.57647058,
20667228,aot,41780826.65289256,gas-used mismatch for 0x0f2188ff6b39353739b2686f7284922ade77cc66da67eb8126b5173ab51f5e55: expected 843212 found 338416
20668578,aot,79105007.52380952,gas-used mismatch for 0xc2068e1cd017361b549b31f53a0e7e7265235053d37f77dd89ffa43d7b4a1a4b: expected 383589 found 186555
20668929,aot,43184798.75268817,
20668482,aot,52049953.09638554,
20667363,aot,68227736.4,gas-used mismatch for 0x52f432fd2fa59b4d571d44221feb00f0d01917d7aa9878ae8f83121c557c33eb: expected 263219 found 196669
20667030,aot,99215986.68888889,
20669092,aot,76645562.57831325,
20668541,aot,15487066.057788944,
20664574,aot,33235852.544,
20667276,aot,28864779.71276596,
20667618,aot,54219070.51428571,
20664814,aot,54900605.29069767,
20668342,aot,49450721.083333336,
20667598,aot,81821956.86792453,gas-used mismatch for 0x288d7624d39f9ca78103c81ed5b1dfa7870fd39dd6fa976abb38aafca39e3e9a: expected 691439 found 279716
20664745,aot,57280128.4875,gas-used mismatch for 0xa03069fffbcf1b44b541ed134c1969436a80d0d55ee0f17aea0ed3097959263b: expected 272378 found 239079
20664017,aot,36376343.256,
20664617,aot,29110553.135135137,
20666092,aot,52257880.91111111,
20668354,aot,59006000.53465346,gas-used mismatch for 0xe41be782332bf0f9b1191f240559e890435cf3d30d30b6f4cf2709198e779e79: expected 302726 found 254496
20667829,aot,28628971.611570247,
20664066,aot,47202477.8046875,
20667101,aot,38445363.5106383,
20667782,aot,41809532.07284768,
20667303,aot,76964995.41269842,gas-used mismatch for 0x89efd7e7b4ab08715cbffccfa0336c3626d61da05dc833958ec585ed117de5f3: expected 261094 found 212298
20668850,aot,87439075.66197184,gas-used mismatch for 0x7c6a7f6c78be8b21afc974245a5888b4332ab65c08446f3cee4600bc86b2b227: expected 372189 found 304322
20664100,aot,39594753.0,
20667271,aot,73100012.72289157,gas-used mismatch for 0xaef326b00b52ff53e4665706655145da2213ff823995485d3a39ae19a6bb405c: expected 313083 found 254556
20665810,aot,88394376.49019608,
20667428,aot,21456562.344303798,
20667043,aot,59724962.692307696,gas-used mismatch for 0xb0833d6d7f0d9269c1fbec031560cd01149362fd8ac88c41535000bb0d9e1174: expected 548813 found 403067
20664006,aot,62618741.633802816,
20669105,aot,52380209.40909091,
20667293,aot,50840228.55789474,
20668390,aot,8730659.612244898,gas-used mismatch for 0x3aa6e9cbc8331223f6b423263fc2b64385a0cd085b3e78be05ce0a0dd76c808f: expected 286014 found 238381
20664115,aot,47983369.322916664,
20667079,aot,139996816.52,
20668718,aot,120119015.71428572,gas-used mismatch for 0x9fa09a0994ef0fda4f4598b7c0a81b3ffb964b83fa087e841ae8727cac3056bf: expected 207698 found 82062
20665811,aot,53034988.836363636,
20667645,aot,37301291.50243902,
20665248,aot,85806797.85,
20667466,aot,63429325.18309859,
20668921,aot,75838451.0,
20667451,aot,51236505.73913044,gas-used mismatch for 0x11b1cb2e626e5690d514bb074a7d9afb6055754c3075e2241b1e9e30d7389743: expected 637856 found 409975
20664640,aot,5537555.923852184,
20667346,aot,33881241.14189189,
20667571,aot,84173715.28571428,
20667229,aot,113562999.46511628,
20668958,aot,98718205.94339623,gas-used mismatch for 0xdbcc71f76114401f4a680bc71ff981015596da0ce8fefcbe741ede2554bbc40a: expected 264067 found 215878
20668579,aot,55661575.06593407,
20667698,aot,57129190.86956522,
20668930,aot,60284692.37349398,
20668483,aot,61751390.85227273,
20664575,aot,15759443.93442623,
20667054,aot,32323279.223529413,
20667364,aot,68641412.48192771,gas-used mismatch for 0x60b56193e89a243f20db8d7b4612ce65a240d5b00550d19323c99cde67b0bad6: expected 539835 found 381251
20664618,aot,84835923.28888889,
20664815,aot,55670041.63106796,
20667581,aot,93315618.75384615,
20667277,aot,105360975.01886792,
20664746,aot,24058286.701298703,
20668542,aot,89530696.35,
20667619,aot,20707102.454838708,
20664067,aot,38670240.58415841,
20667102,aot,99914213.55,gas-used mismatch for 0x1374d4689eac8bd2fe1557a0325f7f1368dbcbd3b8e4e30aa4bfdc2b09035bd5: expected 768904 found 496666
20668355,aot,61353069.28571428,
20667628,aot,79716855.85526316,
20667599,aot,53104077.80833333,
20664018,aot,53508207.108333334,
20667044,aot,47757435.64705882,
20666093,aot,80993439.69014084,
20668851,aot,57640944.65882353,
20667783,aot,80589571.63492064,
20664663,aot,45244521.769911505,
20664116,aot,10614446.832474226,
20667272,aot,49318681.03125,
20669106,aot,58610913.475,
20668719,aot,103591541.31578948,
20668413,aot,63233957.306666665,gas-used mismatch for 0x50d97c716ac9f67174096adc6d6a451dca2b1882aa65375580ca6ec38d121435: expected 254097 found 209795
20667622,aot,62055550.05813953,
20667304,aot,85565984.12676056,gas-used mismatch for 0x40a87c1de606c0a0829bd17f3c0a1a175e921547fd53458f4711bbab0eb4a89a: expected 188025 found 81786
20667294,aot,61060993.5625,
20667830,aot,83066134.90361446,gas-used mismatch for 0x82488205c5dea93f2b76f3450c76d0db59d985d3e4e4502197ec2cd819aa6a6d: expected 306470 found 95868
20668922,aot,36144646.45454545,
20667080,aot,115719091.1,
20667467,aot,47734723.85714286,gas-used mismatch for 0x3b9ef3004e4fabc64c757e5fc24b7dcba71ae6766b9e1260da1483de81fbabe1: expected 191522 found 81798
20667646,aot,90888662.60416667,gas-used mismatch for 0x3135d16a3e82977d9aef2750f506bd5774127c13e5c364564125a800fb1f8f62: expected 802263 found 202599
20667347,aot,87761449.48529412,
20668391,aot,120075413.51219513,gas-used mismatch for 0x0805cb41bd684ab041c7f44d36a416bbeac4ee1598e8c6b734a2d433b2ae7839: expected 297839 found 208816
20667734,aot,40966804.38211382,
20664641,aot,118797305.71052632,gas-used mismatch for 0x7726fb5708b337a5291a300586d641ae49ddb599b391a2c611d725485510e987: expected 400550 found 95856
20665249,aot,48734294.32380953,
20667572,aot,37665123.203125,
20668959,aot,61201349.464788735,
20667699,aot,73378049.77464789,
20668580,aot,75570290.9,gas-used mismatch for 0x78bbed11299c1100b64c517ce1ec9bd47df99acf52a160cb9289cbba63d0f7a6: expected 383022 found 186567
20667452,aot,74840263.01111111,gas-used mismatch for 0x5c2a2b3903a685e97e62f115d0b2a5168bf81c6578d5edf12d76197dad848d82: expected 1064934 found 674630
20668931,aot,83273679.8630137,
20667230,aot,69630397.18947369,
20667365,aot,76436593.14754099,
20664619,aot,45964894.96363636,
20668976,aot,118479563.18333334,
20667103,aot,51566250.0,
20667278,aot,87956422.04166667,
20668484,aot,56895188.90833333,gas-used mismatch for 0xc16e54d3e8fbee0b252a4b50808ad900505ead1b17a310c7ff2b8ac80339d71f: expected 323845 found 95868
20667582,aot,52668368.86734694,gas-used mismatch for 0xcc1cb663b78287ebfa217921d32111e1aef69c4343164cfa96de4739a72fffc4: expected 883903 found 658492
20664747,aot,107989751.42,gas-used mismatch for 0xab380732f844cf1853fe356f22ba1d34df3d5e043a0a358e74fc287f6037ae01: expected 323570 found 95868
20664068,aot,101845631.0,
20664576,aot,103129631.60655738,
20667600,aot,69919637.4090909,
20667055,aot,110913118.71666667,gas-used mismatch for 0x05b2e058e47469f0c5f7f03908c892a67afec2348daf8d657309ec2508721c4e: expected 539749 found 407713
20667629,aot,56568271.705882356,
20669107,aot,54999333.25,
20664019,aot,56001606.35164835,
20668923,aot,48108261.63636363,
20664816,aot,76310907.42168675,
20668356,aot,67675780.36470588,
20668720,aot,52726549.743589744,
20667081,aot,52041085.35211267,
20667784,aot,57899436.45555556,gas-used mismatch for 0xbc31da0dc897c7e5a93506e1eca93dd584b4bf3dee6fce3816554caf72f534d7: expected 269268 found 214801
20667620,aot,118068074.80357143,
20668543,aot,74314446.86,gas-used mismatch for 0x19548da273c849f406859ddfe06eacd937f7022d1b152c01b122b66b21c4008e: expected 383689 found 186555
20666094,aot,113206083.41176471,
20664664,aot,61693834.35227273,
20667273,aot,43197454.58015267,
20667468,aot,93532328.42,
20667045,aot,65253439.75238095,
20664117,aot,81441529.09589042,
20668960,aot,54908997.223684214,
20668852,aot,42405801.121212125,
20667647,aot,64799453.074074075,
20668414,aot,70275558.0,gas-used mismatch for 0xadcdbd727e6a68d3467a054c8d1d8c616c7ba937115b6cf95a6879c4c477fac9: expected 621932 found 462427
20664642,aot,63391389.906666666,
20667348,aot,67096203.6125,
20667295,aot,59545184.86111111,
20667735,aot,34095735.558823526,
20668392,aot,116577931.84313725,gas-used mismatch for 0xf5852f9b5ad1d07144d6fb3a98b42cc44cf9d82cb0ade72a10cb9bf1fc37d553: expected 534909 found 279704
20667305,aot,55019166.296,
20668366,aot,96649985.39655173,
20667700,aot,64847683.57746479,
20667573,aot,143504148.375,gas-used mismatch for 0xbeef99d3753f63e696e53398b2f7f82b7f6dd3799c17690eb59342358c90d705: expected 876896 found 352697
20667623,aot,74955482.96,
20667231,aot,53267927.69863014,gas-used mismatch for 0xb0d48791498ccbcc32d68fdbb89d8b2a84113b22ac9bd7cda43974c4ceeced33: expected 311181 found 234702
20668581,aot,47771554.63809524,
20667279,aot,70089492.34545454,
20664620,aot,37028185.08396947,
20667366,aot,43944116.86440678,
20667583,aot,49052295.102564104,
20667831,aot,100635582.8235294,
20668977,aot,60332153.57777778,
20667282,aot,53896901.81818182,
20664748,aot,89097882.94117647,
20667785,aot,3585468.514473684,
20664577,aot,34198652.551470585,
20668357,aot,24905033.810457516,
20667104,aot,83483644.55882353,
20664069,aot,25121620.76097561,
20667630,aot,73602925.8095238,
20668932,aot,92899591.92307693,gas-used mismatch for 0x1a218a6e828eaf09b8452872b9c81756efd3825bd502c87820d8e92d60fe46e8: expected 360187 found 317186
20667056,aot,66388625.5,
20668721,aot,46394509.69892473,
20668485,aot,79613912.95,gas-used mismatch for 0xbebe20a748dc7955d449dfa25f0fdbb58d1b1dc16205a60d684fc877eb90aad7: expected 675532 found 585925
20666095,aot,46491848.675,
20664020,aot,55755610.18367347,
20667601,aot,80685007.14102565,
20668924,aot,54300858.03703704,
20668544,aot,67216687.4923077,gas-used mismatch for 0xd418363648a879e3b29d88f127d6abe8bbde4645ae5b3afcf109ed3c9b7048f9: expected 382283 found 186555
20669108,aot,86121939.0,
20664817,aot,47116773.23140496,
20664665,aot,43260437.81818182,
20667621,aot,81278088.85245901,
20667469,aot,38153097.922413796,
20667082,aot,33562266.88484848,
20668415,aot,73901491.16071428,
20667736,aot,44969489.74725275,
20668853,aot,60159104.526315786,
20664118,aot,72646484.39436619,
20668961,aot,67001451.49315068,
20667574,aot,24645519.662251655,
20667349,aot,71993472.27692308,
20667701,aot,40704446.8019802,gas-used mismatch for 0xc34c0158dbdf08daa16b11dab66c097027a08a3c457c6dcc75ab30a6c50ea25c: expected 243459 found 207282
20667046,aot,40633326.85806452,
20667274,aot,120221006.8235294,
20668393,aot,71913792.7260274,gas-used mismatch for 0x8fde2f3688aee63755caa8b8a36d6255d0ceea3b6c60ec1e71440d48d40f9cbe: expected 383022 found 186567
20667648,aot,57174561.03960396,
20664643,aot,56766004.942857146,
20668367,aot,89238113.78571428,gas-used mismatch for 0xf004e508ea4d29cdbf17d475692127d81e5e9c9f92ba06c603164d8c8aba34c9: expected 293518 found 196669
20667306,aot,75773394.90410958,
20667296,aot,46394127.1796875,
20668582,aot,101067499.34883721,
20667280,aot,56856369.1625,gas-used mismatch for 0x1dad33019b78c1566398aeac4eb21c087471a9c0ce5cc7cf3f84d36305b61347: expected 512849 found 428446
20667232,aot,70986309.81481482,
20667624,aot,76052480.8,
20664621,aot,50782578.042105265,gas-used mismatch for 0x1e20ebe2a31e88b622a2993f558034a52a5cb40e4735298fb0770fc206f6b1a6: expected 279880 found 245489
20667832,aot,39678545.18333333,gas-used mismatch for 0x2c2970d3b2aa9f06d26880b96c71fbbd8ac1ee16109031a93c5274bd7f5c47b5: expected 272444 found 240486
20667105,aot,64027045.62745098,
20668358,aot,64359927.983606555,gas-used mismatch for 0x48578c10dbe6daa9be68de1a3df796b819e4d66dfeaafb32aab6b2e18ee3a8b0: expected 383577 found 186543
20668978,aot,47591810.910891086,
20664749,aot,27648106.965714287,gas-used mismatch for 0xf91b123c84682cc5d8b66d490b55c00eef11064905db4a6329562f73408f0956: expected 262744 found 245489
20667786,aot,107787599.73170732,gas-used mismatch for 0x5197b04f466c083636262e4e188ccb7e700af8cd670a379525730fcbc0e80d58: expected 380312 found 186543
20667367,aot,92891943.28571428,gas-used mismatch for 0x49d380e4ee3356c3e50e9686e10f8e4b0c8bee9214c73399c8fb416c75fcaf19: expected 311181 found 234702
20667584,aot,68756878.49411765,
20668722,aot,49685053.67741936,
20664578,aot,54094628.63207547,
20667631,aot,23128663.746781114,
20666096,aot,51065667.95555556,
20664818,aot,32193183.740740743,
20668486,aot,37823042.99300699,
20664021,aot,82757797.80357143,
20668933,aot,95646156.75409836,
20667057,aot,55969632.39047619,
20667283,aot,88400508.71604939,
20668545,aot,51952899.30612245,gas-used mismatch for 0xde76ac426ea0311108b40bdc696bcd7ccab9c454df265384bc99d521f7c6fc95: expected 382345 found 186543
20669109,aot,94872335.29310344,
20664828,aot,27301138.821621623,
20664070,aot,40062354.59162304,
20667737,aot,30174592.260273974,
20667275,aot,50901905.86153846,
20667470,aot,81757349.84931506,gas-used mismatch for 0xe9265742b04b8b90754bfbfbe394ecbea82d86135459b42067915960e1c8b3d5: expected 394727 found 189151
20667575,aot,63917723.78666667,
20667083,aot,86569702.66176471,gas-used mismatch for 0x483f54c7821fee2279e816ca5d3b1c83dea7c537caafbf0fe7dfd9b4533d6e22: expected 259487 found 202260
20667602,aot,57003487.32539683,
20668416,aot,54926784.49056604,
20668925,aot,129312936.76,
20668854,aot,45934968.95762712,
20667649,aot,35859402.0625,
20667307,aot,66019258.88888889,gas-used mismatch for 0xb69dbadec09de640c9c2548edaae8e35e1cc07824984063f6a6aedbe3e3dfb82: expected 262744 found 245489
20667350,aot,94694112.81818181,
20667047,aot,97023027.83333333,
20668962,aot,96019935.85245901,gas-used mismatch for 0x5ceb5474e4d9972524286d7f1fa1d08459146f132eaba956916adffe75c58c5e: expected 428600 found 393769
20664644,aot,84370470.03636363,
20668368,aot,59233925.725,
20667702,aot,53423692.62857143,
20664666,aot,70899909.9245283,
20668394,aot,60150950.39772727,gas-used mismatch for 0xbf355660894db902696987e1b5c15d353665c812b271e56ba6dd9dd2c1b12f22: expected 540060 found 282868
20667625,aot,52129178.78787879,
20667281,aot,59960237.96969697,
20667233,aot,35652677.194690265,
20667297,aot,38366650.87581699,
20664119,aot,98785455.95774648,
20668979,aot,60289565.655172415,
20668359,aot,70356093.39285715,
20667106,aot,30528673.878612716,
20668583,aot,64803965.23,
20664622,aot,45096057.928571425,
20667833,aot,76434799.76,
20667585,aot,45903149.88118812,gas-used mismatch for 0x49f6e45159f7ddbe0393f53e99f227f8d92b1d2c3b34a32083ec359f75a8bd2a: expected 712138 found 504097
20667368,aot,46078711.2962963,
20668934,aot,41517639.83950617,gas-used mismatch for 0x0f35e73ced46be2075c9e04c28b209f1d590880b4a342f2261761db76119d0e7: expected 678488 found 449531
20664750,aot,88171399.66666667,
20664579,aot,55400405.69411765,
20667632,aot,90768313.4528302,
20667787,aot,93111340.0,gas-used mismatch for 0xc4dabd7549daf83d97d92b99389a82e091577398ccb669fdf8285f2f7c05250a: expected 327668 found 95868
20666097,aot,56015997.46666667,
20664819,aot,76577886.42857143,
20669110,aot,58733532.26470588,
20664829,aot,94503472.62,gas-used mismatch for 0xfe7323c3d8e5556382b8edea2e45fd0032e507b85dda5140bb3a80f654f0ba55: expected 386084 found 95880
20664022,aot,37220334.32258064,gas-used mismatch for 0x49551e3df68493f16074adbae779cde04591fa844a6c7234f16cb5e8c5e7dad7: expected 396310 found 98969
20667284,aot,56840434.947916664,
20668487,aot,54480447.75454546,
20668546,aot,67067508.20930233,
20668723,aot,73186591.71287128,
20667738,aot,77371541.21212122,gas-used mismatch for 0x9f20a903d0deaa28a3ce314cd7c42d6322b136b28d02377e1dad831bebdad30b: expected 383577 found 186543
20667048,aot,63161343.31034483,gas-used mismatch for 0x19fd8b3671cbaafb30529057d58ebc5a64b12d1fce8d82915ea6623d0f92ed3d: expected 545775 found 334557
20667084,aot,52469324.564705886,
20667308,aot,84948671.1764706,gas-used mismatch for 0x53d82bfe895916930e226589af38bd8bc05f982b11720a99c982d93a1ba977b8: expected 843103 found 338416
20664071,aot,126423351.63043478,gas-used mismatch for 0x28d8d7ae1b562412d00004986d5e6938b1251c758894e6aef5979b4d2c64f7e1: expected 562701 found 324382
20664645,aot,35928013.809523806,
20667298,aot,92898017.61818182,gas-used mismatch for 0x60cf74e143467bb365168bbed8fefea8427df8c143db1a1b3cf3b9af92df5706: expected 742850 found 593447
20668395,aot,51453935.76712329,
20667703,aot,13542098.729372937,
20667058,aot,59650692.4,
20667471,aot,51617958.46363636,
20667603,aot,46893855.60176991,
20667650,aot,51861744.57777778,
20668963,aot,88336662.71698113,
20668417,aot,91897819.0,
20667626,aot,56354844.26744186,
20668369,aot,82977151.80327868,gas-used mismatch for 0xbfed959e8e4796b897812a941fc0f7e5f1df9f1fb8b7d62c1bd4f67a52831c70: expected 834551 found 338404
20668980,aot,16624365.074688796,
20668855,aot,75600780.06578948,
20664667,aot,46120890.4,
20667234,aot,83966805.91666667,gas-used mismatch for 0x104f54e9f9eb111b628386977f94cbc962323207bf5b775b17f98ca560bc65a8: expected 474429 found 253543
20668926,aot,7850665.234507898,
20664851,aot,61484658.53333333,
20668584,aot,46257724.260416664,gas-used mismatch for 0x9382fbda6d2d942a66b70e5d79836b345c15f8e35f208801b0a82bb336aff547: expected 286002 found 238369
20668360,aot,65681998.333333336,
20667834,aot,35014357.10169491,
20664757,aot,17854903.5,
20667369,aot,79055399.16363636,
20667351,aot,37601656.928571425,
20667576,aot,108897276.7625,
20664820,aot,53047171.053571425,gas-used mismatch for 0x9adb3e4b09084b2e206fecbdbf863fa912339c1dbe152c988fb0a7309cb6dd4c: expected 333034 found 95880
20664120,aot,65236807.504854366,
20667107,aot,77228977.53947368,gas-used mismatch for 0xb366942f9398a267059b5ac3d28d02c57b6cfe0b2cbd22543049e1d118922b2d: expected 559971 found 347805
20668935,aot,77723338.90476191,
20664580,aot,53429277.76136363,
20664623,aot,75129884.6125,
20669111,aot,33426031.025423728,
20667788,aot,38734978.941176474,
20664751,aot,61523557.346534654,
20667586,aot,79116989.06818181,
20668547,aot,37178925.725663714,gas-used mismatch for 0x468c5ce1ef912d43412f5593c20f29386569bfdc6046ad3474bae2568ae578aa: expected 369673 found 222282
20664023,aot,47354504.43564356,
20667633,aot,70124912.73333333,
20667049,aot,29987927.022058822,
20667739,aot,68259302.24590164,
20664830,aot,35853640.58219178,
20667309,aot,50172128.256410256,
20668724,aot,36562933.808,
20668488,aot,104692496.35416667,gas-used mismatch for 0x3de9d22905ffbf69276102bb08fcdddb2a3af690f75ac2f57620598c4dbeda1b: expected 383036 found 186555
20667285,aot,54215192.77,
20664646,aot,43882681.96,
20667704,aot,111048461.6111111,gas-used mismatch for 0x54124228a4f13e4cc726a9dfef0960c13a108e9d792ec48a6a5f44b8c086009e: expected 321813 found 95880
20666098,aot,50400770.03546099,
20667085,aot,60914197.09638554,
20667604,aot,77344884.34545454,
20668964,aot,61572791.24,gas-used mismatch for 0xd341e57b49a39ef8d5d16952f12f3f7a37409a98ba3698962412d75f9295aafc: expected 261371 found 196669
20667299,aot,63793893.02272727,
20668396,aot,45472172.87288135,
20667059,aot,52517654.68571428,gas-used mismatch for 0x29159c05661c87da2d2219e76b9674490ebaa1220863e908b5b8653e950263af: expected 677896 found 319442
20664072,aot,85942196.25352113,
20667651,aot,52075026.50943396,
20667627,aot,21242180.08898305,
20668418,aot,102747765.85416667,
20668856,aot,71994297.32857142,
20667472,aot,63141540.54945055,
20664668,aot,65889062.3875,
20667835,aot,77134660.15686275,
20667235,aot,42997841.17730497,
20668370,aot,80796361.14814815,gas-used mismatch for 0xf197e228f130de36c8574727a3e67fedf9fd106150a4a04d49ea690619b5667e: expected 382383 found 186555
20664852,aot,56506514.989247315,
20668927,aot,159659490.91428572,
20664821,aot,36372364.79230769,
20668585,aot,109973240.50980392,
20664758,aot,109404394.98,
20668936,aot,56871566.276315786,
20668361,aot,55746394.9,
20664581,aot,74188438.33333333,gas-used mismatch for 0xd367c2e7101f86aadbd1e9d80d6674f6738703df55e204a9dc82fea63d70b4e7: expected 821969 found 117096
20664121,aot,79973142.08928572,
20667370,aot,63978960.430232555,
20668981,aot,132352940.01785715,gas-used mismatch for 0x904a827b7a87b9aa11923b644d1ff7b6027c3e81adc7165f47259126f1a29af3: expected 270782 found 199172
20664624,aot,52332475.010416664,
20667577,aot,91481382.27272727,
20669112,aot,73252378.31818181,
20667108,aot,61783570.916666664,
20667789,aot,47575855.66990291,
20667634,aot,40690035.35789473,
20667587,aot,49885062.06593407,
20667352,aot,96760000.44285715,gas-used mismatch for 0xf091809d45eec2a9548e625f058b46bbbcbbbed9f9f3728731825b8dd2d49a44: expected 198015 found 82074
20664752,aot,29124494.276243094,
20667286,aot,61879865.8630137,
20667310,aot,46458239.86956522,
20668548,aot,60701638.739583336,
20667050,aot,48276393.9137931,
20667086,aot,30483694.837349396,
20668725,aot,85972148.4090909,gas-used mismatch for 0xe052d5678cda1734c1929b5117672177094c58dd7d38abf104d3d8ac761c46d3: expected 705357 found 563200
20664831,aot,44172504.092857145,
20667060,aot,80346254.02,gas-used mismatch for 0x454eb54c34a48147e6f4ce46bdf3ebb025e8b350e7d31af008f018b5f71fc5e1: expected 395452 found 234702
20668489,aot,40674331.90410959,
20664024,aot,71249605.52083333,gas-used mismatch for 0x18bcc13366c7517313262d9f0f3289f1a6fa868786a637269366c81d1a8ad22f: expected 273555 found 240690
20668965,aot,65324904.49333333,gas-used mismatch for 0xb7a59da936d4594cfad8688a8df83f62e1654b96f156cc9ad649b497d6cc66c0: expected 941913 found 487722
20666099,aot,59929073.684210524,
20664647,aot,66531476.13186813,
20667740,aot,53623053.34074074,
20667605,aot,92112153.33846153,
20667836,aot,44105733.0,gas-used mismatch for 0xac016ae1e66374dfd467c2792ca29d0fc385b9e388854f80dd9f98d3b139b003: expected 291531 found 98969
20667652,aot,71089104.35294117,
20664669,aot,55450832.28395062,
20667705,aot,48143422.220689654,
20667473,aot,20081716.90038314,
20667236,aot,54765433.4625,gas-used mismatch for 0x5a2275fb298b4b325f6475db97b508204f7c5084bd56587536afea7b3a9f0e8a: expected 666531 found 319442
20668371,aot,64805955.121212125,gas-used mismatch for 0x00a64dd698eeb3dec4e70c829c4bc9bdb9f5a3bc9d7489c590080921fb454d7e: expected 382357 found 186555
20668397,aot,104204128.60377358,
20667353,aot,75316634.22093023,
20667804,aot,95658602.52307692,
20668419,aot,102885085.29310344,
20668857,aot,96889710.98461539,
20664073,aot,79520146.47777778,
20664582,aot,34106184.2265625,
20668937,aot,36360985.008,
20668586,aot,36512758.97794118,gas-used mismatch for 0x8491384d0275428bd7551957ec4bdd2985b4eaf16dd970849e6669be2f0b5c07: expected 382936 found 186555
20664122,aot,51251172.45454545,
20668928,aot,110928430.0625,
20664822,aot,67772743.675,
20664853,aot,67933197.7840909,
20667371,aot,75717130.09859155,
20668982,aot,54366751.66981132,
20667089,aot,46985568.21052632,gas-used mismatch for 0x7d0fc5cbbc53966a2a9806ccaf0a704c44e6f852f9fdc221b4382b10c7371324: expected 814066 found 831913
20668362,aot,70788632.62790698,
20667588,aot,90630179.13725491,
20667578,aot,43970271.525,
20664625,aot,56212118.817204304,
20667790,aot,49508030.125,gas-used mismatch for 0xeaf687b121222e303d60011990b411bf2fa38854d0736773910f62e7e3995356: expected 610220 found 398490
20669113,aot,69194006.24657534,
20667311,aot,39772558.790123455,
20664759,aot,119428586.39285715,
20667109,aot,52059108.654545456,gas-used mismatch for 0xed1eebd8c1b12d47ab18e0275e55735a6d4bebec4b4d60e9d84b60b975e3fb46: expected 341224 found 256110
20664753,aot,76367572.27272727,
20668549,aot,53359271.1369863,
20667635,aot,68326986.61458333,
20666100,aot,12749399.682389937,
20667653,aot,45721343.30985916,
20664832,aot,47499847.22448979,
20667087,aot,72152055.61428571,gas-used mismatch for 0x386cc124305f21bdba51ba11659f5b0f7b44fc923bad1332a3e1ce34956ec925: expected 856482 found 525051
20668966,aot,57664978.32098766,
20667706,aot,52242645.38028169,
20667287,aot,32182338.11,
20664648,aot,61541177.9868421,
20667061,aot,54848063.29523809,
20667606,aot,46063004.12962963,gas-used mismatch for 0x66e84933aeb9b09838960a8d11f4fc4bc6eb1b62e49f0533334b2f33c465b025: expected 338698 found 95928
20668726,aot,56460621.91891892,
20668490,aot,67000056.82795699,
20667741,aot,36471620.92307692,
20664670,aot,46747457.216216214,
20667837,aot,63826683.96590909,gas-used mismatch for 0x3e1cbf02c992dc19047f92e91bda64ca57be3c21e7279e5ea97f420f4a7a38a2: expected 551197 found 340315
20667051,aot,91301159.69135803,gas-used mismatch for 0x9a0a6bebde375ca97f9a9eebd055bae0b7cc578705de13d64a7bd7d52dc30d54: expected 668211 found 381063
20668372,aot,80420470.56363636,gas-used mismatch for 0xe5b1b072cfd146e2a808d77dbba7bb622f1ccebbcf0abf955d463a4155ed03c4: expected 691439 found 279716
20664025,aot,43424496.77483444,
20667237,aot,58346980.7875,gas-used mismatch for 0x81ab404e53c6b84ab2d508c93a54e48359eaa6ef3b401ee6295a6abbce9ca254: expected 196284 found 81750
20667354,aot,41598522.053097345,
20668398,aot,40146457.35652174,
20667474,aot,66263885.77108434,
20664074,aot,55629682.47887324,
20668938,aot,71541080.0,
20664123,aot,13793008.26910299,
20664823,aot,65617894.45454545,
20664583,aot,45641950.9009901,
20664863,aot,52338555.755813956,
20668858,aot,57862178.72527473,
20667805,aot,46659841.484375,
20664626,aot,49435327.25,
20668420,aot,61708540.425742574,
20667579,aot,4028781.8176229508,
20667090,aot,66363703.515151516,
20664854,aot,63703657.45882353,
20667589,aot,41894054.652542375,
20667113,aot,6808616.509603073,
20664760,aot,54556572.270588234,
20668983,aot,48031128.31034483,
20668363,aot,55040292.27551021,
20668587,aot,110581264.95,
20668550,aot,55024344.03333333,
20664649,aot,49102813.55,gas-used mismatch for 0x73cbff7c77f04124669bc37a7fcb91d801c1f432a839bfa44016a33e7bee7b70: expected 190018 found 81774
20667791,aot,108981083.2909091,gas-used mismatch for 0xc7a9cf6c49a9ca9094cf67104ebdc1971fbceb250b95fb6b7a3ba20614a6bab3: expected 266639 found 238319
20667372,aot,62373564.83962264,
20664754,aot,50617945.4,
20667088,aot,65851260.81666667,
20667636,aot,28600466.794285715,
20668727,aot,77263441.90697674,gas-used mismatch for 0x55fa17fa8cbff09d5bdee2ca44827e780f7f5d78853b65bbe95aaa471dfb17be: expected 1242343 found 681780
20667062,aot,56269406.38095238,
20669114,aot,73313459.58333333,
20667707,aot,73742158.73214285,
20664671,aot,38596009.038461536,
20664833,aot,74571348.92957747,gas-used mismatch for 0x1a636153e0d104edc7584f881310f9cd6887eda45132b864cbf6c064c8d81dd0: expected 302750 found 254520
20667654,aot,75057995.66176471,
20667110,aot,91551857.74358974,gas-used mismatch for 0x406fc76d4ad4893d05565118f5324a2dc908e2df716cfec4a1e0041a0a16d178: expected 1151367 found 917577
20668941,aot,27730956.508196723,
20666101,aot,101271939.0,
20668373,aot,45416444.97647059,
20664075,aot,55241722.49295775,
20667475,aot,40651643.072916664,
20667838,aot,51232840.71875,
20668491,aot,11606910.229787234,
20664824,aot,49374415.70666666,
20668967,aot,69333420.21052632,
20668399,aot,27850202.360215053,
20664026,aot,78175709.64285715,
20667607,aot,58363019.66086957,
20667052,aot,65912868.010752685,gas-used mismatch for 0x55ae581749b8eedd903128c657a4864211b59cf6861012cfc148af39d462de27: expected 953714 found 673070
20664627,aot,39454727.26213592,
20668939,aot,51478157.82857143,
20667238,aot,64763396.703296706,
20667742,aot,107075273.04918033,
20667355,aot,72323799.87912089,
20668859,aot,73973126.62857144,
20664864,aot,51992702.0754717,
20668364,aot,47879002.0,
20664584,aot,66433682.222222224,
20667091,aot,61788100.2,
20667590,aot,2662351.709899749,
20664855,aot,55099755.34939759,
20664124,aot,102037357.85714285,
20667806,aot,68715501.03157894,
20667792,aot,51036587.8125,gas-used mismatch for 0x47c21d4d615bb4263036cb94c7dac0dad6431098dff81fff74d83d36e528fef5: expected 297966 found 208869
20668421,aot,59146413.238938056,gas-used mismatch for 0x42283b9266e50ad9189f4e61235e77e653ae4ccf96ebe46033fd040a0c23c66b: expected 263092 found 245801
20667580,aot,98782311.18181819,gas-used mismatch for 0x3911a645da7a707694317ff4c03091cc5c0934f34ba2a839d023f037c0d573e4: expected 675895 found 585847
20668588,aot,55933658.5,
20668984,aot,41580499.95488722,
20667114,aot,65446608.46511628,gas-used mismatch for 0xf2b597dabe2d4ed516b72aba0ef5da60da15de021a88bbf3d16fadcfaa3bbcdb: expected 938593 found 663718
20664650,aot,64140805.525641024,
20664857,aot,68386575.13846155,gas-used mismatch for 0x655e29e107b698d03d02dbbd32fc58d9ead4649b2f975349f79d27fe523ab502: expected 388777 found 95892
20668551,aot,68958408.73684211,
20667373,aot,73583223.96923077,
20664755,aot,71627383.88571429,
20668728,aot,49625263.65591398,
20664672,aot,57864627.69879518,
20667839,aot,5962941.18627451,
20669115,aot,34989732.41059603,
20668374,aot,73164907.69642857,
20667708,aot,56170091.333333336,
20667111,aot,64360568.266666666,
20667655,aot,68964644.39436619,
20664761,aot,92739005.89156626,
20667637,aot,97350934.56666666,
20667476,aot,49849632.6626506,gas-used mismatch for 0x5f7e363ec4b67b79cd318f3dad6e003357dd9343078725037d687e4efbf1c830: expected 305357 found 232104
20664834,aot,73207072.44444445,
20668400,aot,95236741.60526316,gas-used mismatch for 0x02a0bc4b1c2c144c621085a45c5bcd5da7bb15b0e1646b682dace04c5fa40bb3: expected 208441 found 144528
20667063,aot,60727685.336363636,
20668492,aot,106504360.04878049,
20668942,aot,83655148.11764705,
20664076,aot,60751985.84090909,
20664825,aot,33127701.60240964,
20664027,aot,47252849.25242718,gas-used mismatch for 0x1c25c6d9dd921f444880ff47629e1efa5333493786d75e35da71c29d120ad5ab: expected 409772 found 95868
20667239,aot,66757781.50793651,
20666102,aot,56583001.52892562,
20667053,aot,71915298.09836066,
20667356,aot,42423929.63636363,
20668968,aot,51185065.35344828,
20667608,aot,36917445.63636363,gas-used mismatch for 0xff9e0f0719a896a7e83b357256fc085d8cc05d770c13a3c624a30b3c7aed3e6d: expected 293508 found 196659
20668860,aot,85401457.01960784,
20664628,aot,85012324.09230769,
20668365,aot,4287923.08957795,
20669140,aot,40686539.11363637,
20664865,aot,47919931.981818184,
20668940,aot,166203354.7142857,
20667743,aot,68071649.575,gas-used mismatch for 0xa94e8cc57e6fd48893a795208445f09d5aa3feb16cd2ca42918c227f51e5eedc: expected 269258 found 214801
20664585,aot,19289018.851449274,
20667092,aot,45306821.75862069,
20667591,aot,79297678.90769231,
20667115,aot,93195981.75609756,
20668422,aot,84573156.50909092,
20667807,aot,46574110.04310345,
20668589,aot,76148346.22950819,
20664858,aot,63881623.68181818,
20664673,aot,56361898.4868421,
20668375,aot,41474124.3367347,
20668729,aot,76051536.1147541,
20668401,aot,63225064.58947369,
20668985,aot,52839845.82727273,
20667793,aot,60879434.324074075,
20668552,aot,70910237.6625,gas-used mismatch for 0xc5bcca01e07790a986a08d4eae6042ddffc9a0666eb3a3dd328b7b66ca872cc2: expected 323582 found 95880
20667374,aot,80322758.15492958,
20664756,aot,46082781.220338985,
20664651,aot,18098742.442196533,
20664856,aot,44848805.84878049,
20667656,aot,51432062.59,
20667477,aot,14285.304435789933,
20667112,aot,66217433.07058824,
20664077,aot,47469237.927710846,
20664028,aot,26296831.06521739,
20669116,aot,121753598.84,
20668943,aot,67519355.47058824,
20667709,aot,53452209.426086955,
20664826,aot,33201771.293650795,
20664762,aot,58544377.475728154,
20667840,aot,119915004.03448276,gas-used mismatch for 0x9843c8074967ab18ececb6895b8677a00af98476d226c50ef9f170f63886722f: expected 266663 found 238343
20668493,aot,60936211.65909091,gas-used mismatch for 0x3ac84e2d36b400c20b08369c851c358a8df15605976eea380dd5c666ba0d4cfb: expected 255437 found 194166
20668425,aot,73767964.69736843,
20667638,aot,54724751.87288135,
20667064,aot,66283097.755813956,
20668861,aot,26246338.296774194,
20668431,aot,155449203.36363637,gas-used mismatch for 0xbc652c165b162d1f060049bcd6a9ca2010b8005b01b3c55b57233881b05751f4: expected 313035 found 254508
20664835,aot,60673048.44444445,
20667357,aot,85487605.30357143,
20667609,aot,53392827.3372093,
20664629,aot,65328906.12,gas-used mismatch for 0x859a7fe18a529845caa0ec67843f2adfd7c67ff5aa1a35f8d1c5fe928ee1450f: expected 204571 found 82074
20667093,aot,49210169.666666664,gas-used mismatch for 0xf07cf5d605fc166b900fdf0209e025eb37f50b8883bcd969f6093de00ebd0eba: expected 246408 found 207292
20668554,aot,64550436.95454545,
20664866,aot,59273985.986666664,
20664586,aot,23813836.65425532,
20667240,aot,105937000.46031746,
20668507,aot,69263254.89473684,
20668969,aot,76202241.86046511,gas-used mismatch for 0x19cafc7b9747bfbe03cc5f8fcf938a77e8ca1cd6f194f067cd83ca1a852e755e: expected 445252 found 95880
20667592,aot,72508910.24615385,gas-used mismatch for 0xd89880921a54f38082522060bf4fdab79216016c96c66da56a44f13a5ea532eb: expected 268854 found 207292
20669141,aot,42282053.81118881,
20668590,aot,16049146.728937728,
20667744,aot,42181192.94,gas-used mismatch for 0x1ca28e414492755fa45a0d1e3b782b733734fffd427ac785e1cbab89e0e2fdc1: expected 291531 found 98969
20667375,aot,11532127.607973423,
20667116,aot,79767049.93939394,
20667794,aot,68007326.50943395,
20667808,aot,100089354.23636363,
20668986,aot,28256569.4375,
20666103,aot,64934918.9862069,
20668423,aot,51295933.94308943,
20668402,aot,67214672.11428571,
20668730,aot,70432278.10666667,
20664859,aot,50451092.2631579,
20667657,aot,38698351.91891892,
20667710,aot,53433592.774647884,
20664675,aot,66817144.303030305,
20664652,aot,73100547.46052632,
20668553,aot,84429891.0909091,gas-used mismatch for 0xee994ffc58bdb55a290cc8735629c67adf291cf96bcb3ed023779347da87a929: expected 383601 found 186567
20664674,aot,60425298.268518515,
20669117,aot,56905676.44,
20667478,aot,99438173.04651164,
20664763,aot,87654599.96,
20668426,aot,77792543.91071428,
20668376,aot,93288658.025,gas-used mismatch for 0x3515167f03a34b641229116213faefb68086cea47869e5f26f2fbaa820c37299: expected 1067504 found 787593
20667119,aot,64943027.8,gas-used mismatch for 0x7e7e658ca39ea37084a5c2448e028cc25018744ce179d1a889ce697de8d10317: expected 263224 found 196669
20668944,aot,23131223.67826087,gas-used mismatch for 0xc6e939c39b48b740dc3386d17cb4cd2a17ad661e4d439e251f7710e72f782e86: expected 392286 found 315270
20668432,aot,61903555.22727273,gas-used mismatch for 0xaea04329b848565984bb9a073efe92546e5afd85ae87f6b893e2a3040595044a: expected 693135 found 416234
20667663,aot,38400453.19205298,
20664029,aot,79329922.25352113,
20667841,aot,96196470.63636364,
20664827,aot,51028669.47169811,gas-used mismatch for 0x387fb2c117c1abb9cfc2a14072c3189d9036f5f2eb4add355d4e02dd1647073a: expected 205679 found 81726
20664869,aot,64483404.09565217,
20667639,aot,63270512.756410256,
20667358,aot,54232854.51282051,
20668970,aot,18658231.08988764,
20668508,aot,55662721.31147541,
20667610,aot,38785610.74045801,
20667065,aot,88552136.5,gas-used mismatch for 0xb9e2195bd076100b2183e3a3c25af5cb3368c3cffcd857ba625db824436151db: expected 195418 found 81646
20664836,aot,58462309.631578945,
20668555,aot,44154165.018867925,gas-used mismatch for 0x06e075aaf494c0967407694afdfa9fefa764c6a6ce282fde6820b1540f954602: expected 382936 found 186555
20668494,aot,69991190.68817204,
20664630,aot,48620133.905660376,
20664867,aot,83396070.96923077,gas-used mismatch for 0xf363d65f5e6b7424a1ec5b8cc779a3650ba21d537dfd587a1af785bd3d5a360d: expected 193389 found 164463
20668862,aot,90960059.22857143,
20664587,aot,80596950.07692307,gas-used mismatch for 0x38ee1a538d7e6655d23fbf6b568f86b2c4395d48cc8cf89c8532cc131998e38d: expected 392226 found 315210
20667241,aot,63401657.23076923,
20667094,aot,106969319.44827586,
20666187,aot,97997467.3773585,
20667117,aot,35466044.233082704,
20669142,aot,138621372.69767442,
20667795,aot,59473699.61176471,
20667745,aot,70788345.11764705,
20667809,aot,54932933.55789474,
20668591,aot,95830977.9090909,gas-used mismatch for 0xb32022ab5bd4c554e3aa5abf8c75fe742b6c10a40eba5b7e359ad874c043a069: expected 383589 found 186555
20668987,aot,64183550.2125,
20664860,aot,55447391.093333334,
20667376,aot,112671323.6,
20668403,aot,94973329.18867925,
20668731,aot,59428931.76470588,gas-used mismatch for 0x351f2d74917b9bc8d1be53ed3ac0451a077135c24981f114dbf293b27ebbf09c: expected 266939 found 219649
20668424,aot,60446657.729166664,
20667711,aot,77354031.70689656,gas-used mismatch for 0xadea499f2a69c709a5aea136cf78700a95ac227ac45a5a8f1f5d2d4258dee4f4: expected 465718 found 95880
20666104,aot,72242401.2625,
20664764,aot,58188117.14285714,
20664634,aot,38592192.15789474,
20664676,aot,59055755.61627907,
20668495,aot,58522514.847058825,
20669118,aot,52044286.35483871,
20664653,aot,37403070.58219178,gas-used mismatch for 0x495228fdff2e8fae5333c48e49faf555c1841ebe1cc0f2f654e8c5814a02a66e: expected 335977 found 95880
20667842,aot,54393198.0882353,
20667658,aot,57105321.78703704,
20668377,aot,50448137.78021978,
20668433,aot,25486611.715025906,gas-used mismatch for 0xe89405c6364fbaa2dec968302a7347c181ab38318af750b1db21810c6e8283be: expected 323845 found 95868
20667120,aot,41751789.66942149,
20664870,aot,56671472.05128205,
20664868,aot,59509431.325,
20667816,aot,55455297.776,
20664030,aot,80180129.49295774,
20668945,aot,60249005.2,
20668863,aot,79850991.17073171,gas-used mismatch for 0x4bd765616cea4c33d54d50ccbfadcdc317b221b3353d7ca3d3f1c8983db48b01: expected 660154 found 500649
20668427,aot,77165129.22222222,
20668509,aot,38218478.02307692,gas-used mismatch for 0x3ee93c03b197b9db75a02a5bde27d18232f20ba8b5a2e94d1083bfabfed72ff3: expected 261705 found 212298
20664837,aot,61200807.17333333,
20667664,aot,54944419.87068965,
20667798,aot,76655561.75641026,
20667066,aot,58745510.7037037,
20667479,aot,78999363.56666666,
20666140,aot,49757256.94059406,
20668882,aot,77765625.16666667,
20668556,aot,77039486.94666667,
20668971,aot,89778999.18571429,
20664631,aot,62507721.94186047,gas-used mismatch for 0xc094dd9dfee9a1530720d1660fd7baa7e038418653091844d9483aa7675def03: expected 264079 found 215890
20667242,aot,42404338.73913044,
20667611,aot,43194588.70322581,
20667095,aot,61871115.105882354,
20666188,aot,73970864.48333333,gas-used mismatch for 0x4077c0236900da212310fa081a61d6f8e181ecb29922dbedb1a2ad62dcebb94f: expected 604832 found 462427
20668404,aot,13292279.809027778,
20667712,aot,37894418.56666667,
20669143,aot,53165118.89010989,
20664588,aot,48649778.63636363,
20667118,aot,74006250.35526316,
20667796,aot,40292325.34042553,
20664861,aot,73863200.86363636,
20667377,aot,70457236.09589042,
20668378,aot,61689495.61333334,
20664765,aot,54290615.83529412,
20668732,aot,101614368.02,
20667810,aot,85086192.05479452,
20668988,aot,147990903.45714286,
20666105,aot,83983033.05,
20668592,aot,92020771.51428571,gas-used mismatch for 0x5054423ca32335d57a81b7d629280ce64593ff55fbec8bb6ba8930d6a1839550: expected 1061879 found 416207
20667746,aot,104995110.27692308,
20667659,aot,38659244.85344828,
20664677,aot,28134420.478723403,
20668496,aot,85119050.09836066,
20664654,aot,59339558.1627907,gas-used mismatch for 0xa569c6132c6b8d59fd25456716ac33151351a8d67f46aec7d624109655f9ef5f: expected 404842 found 134270
20664871,aot,36018386.24166667,
20664635,aot,62119253.11827957,
20667822,aot,91926287.31034483,
20667121,aot,68116681.9589041,
20669119,aot,67233231.57142857,
20667843,aot,63629620.4368932,gas-used mismatch for 0x61231ab96a5aba0cd400c9af30041ec2c8ea1081874eb18804f4aea727c880a9: expected 261700 found 212288
20668407,aot,86692569.20634921,
20668405,aot,106325374.68,gas-used mismatch for 0x4110bd4769200cb1b2a714d2c442e97f25f95f2130e436adaee41057c3604a03: expected 286026 found 238393
20668557,aot,52896268.91549296,gas-used mismatch for 0x83bde24f7c628a7a15a40fe7dc6c7c82f45bc16714f28b0fe64fde2b6462ad0e: expected 382936 found 186555
20667817,aot,48833700.801724136,
20668428,aot,59509654.45555556,
20667067,aot,61931243.8313253,
20667799,aot,60727093.18181818,gas-used mismatch for 0x85f1b1e6dc8f4016435ce9d7a1a5920e05028772851565a806db1005de67e00f: expected 566142 found 322876
20668946,aot,60543740.604395606,
20664632,aot,13770511.106060605,
20668510,aot,100884636.05172414,gas-used mismatch for 0x35eb454e0c529d2cd3c0d63afe226f73800004f63059823cbd217f8e43442a8d: expected 383577 found 186543
20668434,aot,95067079.98666666,
20667665,aot,46196986.69465649,
20668972,aot,62945555.85,
20668883,aot,32437660.38095238,
20664838,aot,44569098.386206895,
20667480,aot,87387480.87142856,
20668864,aot,95968382.5479452,gas-used mismatch for 0xa7844e0600058bb8b5b8201caff572910ca0e6ce430e99ca43c11302a1447955: expected 384619 found 186555
20667243,aot,69965927.19117647,
20667096,aot,62036683.09638554,
20666141,aot,68004677.02857143,
20667613,aot,89417224.52727273,
20664589,aot,47276097.46315789,
20668733,aot,47124346.03947368,
20668501,aot,31173011.765822783,
20668989,aot,48449372.34210526,gas-used mismatch for 0x3702ecc91269189f402b41f8869c81894bae0e232179da39cfc4d9dc1c59501a: expected 419775 found 249054
20667713,aot,68386887.04819277,
20666189,aot,53837979.809523806,
20667747,aot,32391601.737288136,
20669144,aot,60335743.583333336,
20664862,aot,45764052.31858407,
20667612,aot,62689807.81818182,
20667797,aot,40150806.73913044,
20666106,aot,50438163.63736264,
20668379,aot,48055239.548672564,gas-used mismatch for 0x7537abf7bb90d0cae80cddfeb6e3abe1d4122939447aaa739982d35b8f9c4574: expected 834551 found 338404
20664678,aot,75261054.78571428,
20667811,aot,63861620.7654321,gas-used mismatch for 0x68b3c2c5f06b61cbfd5f463509efdd6ebb9e9bffd63fc1e6fad7e0b7ca162e71: expected 297827 found 208804
20664636,aot,45120730.37,
20668497,aot,38063182.20610687,
20664766,aot,68055542.26041667,
20667378,aot,75415274.4516129,
20667823,aot,43901593.7027027,
20664633,aot,76555204.73170732,gas-used mismatch for 0x4bd5073819d3c78649731d4d2bb901e0d270eddd38d5a33552e8f6d3da232098: expected 390676 found 322673
20667660,aot,128667618.63043478,
20664655,aot,68933688.04705882,
20668408,aot,48045723.87096774,
20668406,aot,88319600.72916667,
20667844,aot,59242167.011764705,
20667068,aot,80516503.92727272,gas-used mismatch for 0xcaf03039fd68f1e824958733d7f1e5ecb67dfe6381385d4442c423ca9812272b: expected 517841 found 394454
20667800,aot,36200566.9047619,
20667122,aot,68060018.96774194,
20669120,aot,62929698.18367347,
20668593,aot,41364392.731343284,
20668435,aot,72239903.61904761,gas-used mismatch for 0xc9851882e73278ee4075dda91e4f8f5b679a35679eb7e0aaab6e01976b762a6e: expected 389456 found 95868
20668947,aot,67851201.52,
20668558,aot,67607706.81395349,
20664839,aot,56554256.91780822,
20664872,aot,70492120.34234235,
20668865,aot,44569956.06818182,
20668429,aot,50861434.74576271,
20667481,aot,65020762.3,
20667666,aot,48269671.85185185,
20667244,aot,70099090.37878788,gas-used mismatch for 0xcfde3d8ca81e2ae7aaf4ea00aaedfb5b05154bb09cb91c07960bab87c5865dd1: expected 284093 found 212298
20668973,aot,63626692.36363637,
20667818,aot,71808070.47524753,gas-used mismatch for 0xbf43012cc47ca776a1d8a0ba83b177e18fb3bd682ecf64f9401c0864a09ca6de: expected 383589 found 186555
20667097,aot,52546584.56122449,
20667614,aot,57444404.197530866,
20664590,aot,68223551.23529412,
20668511,aot,80809856.125,
20668884,aot,103249261.50819673,
20668734,aot,58540787.223684214,
20667072,aot,65710678.13333333,gas-used mismatch for 0x6c2e2f033f82a758c33816060a69ec9f94bd7f239c9750c1514113df442334c2: expected 395426 found 234702
20667069,aot,5711670.697707736,
20667801,aot,56732183.9,
20666142,aot,58853158.93684211,
20666190,aot,61849058.85915493,
20669145,aot,31262253.27607362,
20668990,aot,73590285.2763158,
20664679,aot,57571161.345679015,
20667812,aot,41419831.94444445,
20667748,aot,54624206.79611651,gas-used mismatch for 0xa5e9480c0063c8340f8ba97e7864ebfe2fefaf5313c8b033958df8d1f874cdbc: expected 846802 found 338416
20666107,aot,51084889.43396226,
20664637,aot,44187620.0990099,
20667714,aot,45597518.29370629,
20668502,aot,109554901.16666667,
20668409,aot,35242345.54545455,
20667379,aot,55938015.53424658,
20667824,aot,48008622.36666667,
20668380,aot,83000688.1025641,gas-used mismatch for 0x5956493ef2f64d5b466a87254077b152f7cf1b5fa71e1ef0dd3b29fbe3ccef7a: expected 231920 found 165872
20664767,aot,42905098.0990991,
20667661,aot,90945278.29166667,gas-used mismatch for 0x24fd9c9bca75c5bc9da07b9a38ebf588bcbb56dd6c1304558bdfc903a2f51922: expected 371351 found 98969
20667813,aot,55389699.09589041,
20667845,aot,55249236.544117644,
20664873,aot,45044616.654320985,
20668436,aot,44674642.34117647,gas-used mismatch for 0x7e936f54bc3338033b043bbbc8eb2157a3e367075d1d7107e6eb3bc1b79c1c3f: expected 284265 found 209795
20664656,aot,43142533.53448276,
20667802,aot,57025276.48,gas-used mismatch for 0xc4e6d5110c22d1893b97812c7edc32f87b1ac83b8a3b0f821749875129a2d988: expected 263166 found 196669
20668866,aot,52798289.345679015,
20667075,aot,113173559.86842105,gas-used mismatch for 0x2b8fcb7d1b9f40b81c8da7aae78bc70020ccf146ce14c58bada191877ba2b23f: expected 263224 found 196669
20667123,aot,20400574.863468636,
20664840,aot,39013754.50735294,
20669121,aot,75680340.0,gas-used mismatch for 0xd1ae0e0b0d6fb1f4a853d7f9633ce0720324938e89abe65b7be89d04a78b6d79: expected 546896 found 460877
20668498,aot,88509547.8,
20667482,aot,38426970.31884058,
20668559,aot,67238297.3255814,gas-used mismatch for 0xe6b8480229896bb850b875fc3bd4709c020012766b1ae7246ec25521b1884599: expected 390363 found 347361
20667124,aot,87334648.06666666,
20667667,aot,70775594.7260274,
20667819,aot,59121214.82191781,gas-used mismatch for 0xb6d658c7787587d8dbc689f7ad69e666816d8ee56e344178069776a03bdde3b9: expected 247874 found 191663
20668594,aot,136559867.76744187,
20668512,aot,49973918.97674418,gas-used mismatch for 0xf00caf13ec21d09240dc62c4e0c89d3a65c7027287f06f76dae73a38145d24e4: expected 382948 found 186567
20666143,aot,72808336.96078432,
20667098,aot,49022997.010204084,
20668974,aot,30060553.347368423,
20668430,aot,125941685.98,
20667245,aot,63414903.18,
20668384,aot,49999915.17204301,
20667615,aot,70310470.01315789,
20668735,aot,58433433.34883721,
20668948,aot,90919388.57647058,gas-used mismatch for 0x8a3a1c311b7b97234e1d0cc626a5aa812475d1d739808904c9b3c6e18c4e351d: expected 838032 found 338404
20669146,aot,73487666.88679245,
20668885,aot,63821770.71111111,gas-used mismatch for 0x26657ea68d99eda5675c0d33fa12e3b3b904da0011c3283e2d135502aca2b5e9: expected 306287 found 232104
20664591,aot,37488978.06962025,
20667073,aot,99977522.4528302,
20666191,aot,94405170.63636364,
20667749,aot,48419783.1122449,
20668381,aot,31644649.0703125,
20666108,aot,78100117.67692308,
20668991,aot,83322719.57746479,
20668387,aot,59064408.8125,
20664657,aot,37223164.30612245,
20667070,aot,113118953.94827586,
20668410,aot,65256820.34615385,gas-used mismatch for 0xb7f9efd331d62a05ef9e6fdeb53a8573440d388440b00efff8fa04d850dc06e2: expected 535024 found 166594
20667662,aot,41033788.592920355,
20667715,aot,23210069.696,
20664638,aot,68910979.69767442,
20664768,aot,41919349.93103448,
20667380,aot,56032811.10891089,
20667814,aot,22925333.135746606,
20668503,aot,28668461.376744185,gas-used mismatch for 0x3d7acc4e5a8313775729d5e59ca9183df01b954305ce3e1ac8fdc5d4ae88e197: expected 383673 found 186555
20667825,aot,30481998.55135135,
20664680,aot,71351764.17708333,gas-used mismatch for 0xdbbb03d643cf37e30c48b308267b70114b371bd149652b01e0bdbf864c660307: expected 676591 found 513749
20667846,aot,29549347.960674156,
20668894,aot,74099028.56060606,gas-used mismatch for 0x289e92a5033a3d02d1506786c5899b60a17c8f0f3559310094f706b723141bb4: expected 354993 found 304226
20664874,aot,11844257.388535032,
20667076,aot,52392877.474358976,
20667803,aot,46653810.75454546,
20668867,aot,65594023.70512821,gas-used mismatch for 0x418ac25fa1879aabed2d75fa38e05f9b0fddaa34166823d03996efa69dbb6df0: expected 600342 found 324893
20669122,aot,57373113.96,
20667099,aot,28717272.12264151,
20667483,aot,95762663.57777777,gas-used mismatch for 0x481b8e93b7e7054b1a735b424590a5d3b1b8e9dc853bfe315f67ee689aa8c901: expected 547607 found 284739
20664841,aot,38299883.5648855,
20668950,aot,64689651.98529412,
20669128,aot,103159454.84482759,
20668560,aot,59074490.63636363,
20666144,aot,54429258.96385542,gas-used mismatch for 0xbfb98c0e58c6a6c3c5cd5767f91183bf9b1767f2a803d6b0e080e75411bacc08: expected 838032 found 338404
20667668,aot,44897236.608,
20668975,aot,65851801.01408451,gas-used mismatch for 0x61e34053a44e1898c5712e436f7472667f95d57ffc915bda97d350222978499c: expected 985286 found 727897
20668513,aot,86318422.25,
20668595,aot,60714447.52941176,
20667820,aot,103702957.01818182,
20668499,aot,42013604.68589743,gas-used mismatch for 0x05fbb4dc0460606f69199b593eacb4453934f4c2430a4f0c20f957c5c8c17ab6: expected 354989 found 249685
20667246,aot,92678711.60714285,
20668736,aot,61722703.474358976,gas-used mismatch for 0x8a512e5fc75d76caf34298ead8c6d28c9532da381deeb37c72b808240ed31f58: expected 196272 found 81738
20666281,aot,92851560.92156863,
20667750,aot,57495772.0,
20667074,aot,29537580.602484472,
20668886,aot,98766008.51785715,
20668949,aot,59750235.0,
20668411,aot,53609769.154545456,
20669147,aot,86583664.04615384,
20668385,aot,97674320.98412699,
20664592,aot,56887935.54716981,
20667716,aot,101871849.71428572,
20664658,aot,105782541.31707317,
20668870,aot,85023585.32608695,
20664681,aot,40402609.02197802,
20666192,aot,56391832.17475728,
20668900,aot,55946568.30120482,gas-used mismatch for 0xc7aba04ab6fe3edfc7747eb3b56dbc675f25a78d3f57b8fb930f84472326c0d0: expected 305779 found 231566
20664769,aot,39981081.26086956,
20664639,aot,76170650.89655173,
20668382,aot,98975720.47272727,gas-used mismatch for 0x10d8cbee90a8abc4d0eab3b2959e0c35cdbc86b50a13fa397add474f57e62750: expected 383677 found 186543
20666109,aot,10523749.09139785,gas-used mismatch for 0x71b147d3173f85f825bc2157a739df18b3cd71d4f3821bc4bfd99ef8555acb69: expected 255186 found 240222
20667815,aot,129007774.55555555,gas-used mismatch for 0xff3ba52b85a1f70a1cb1e3e3b37550e0f5770a8e4f036570da497f3e653dfccd: expected 371351 found 98969
20668992,aot,56921549.80612245,
20667826,aot,93487290.1875,
20668388,aot,13260863.031111112,
20667847,aot,65895337.07042254,
20667071,aot,75927110.3253012,gas-used mismatch for 0xf6625916d45389ff421f6ccd6e3f48d38a69c25d35bdec5d1a5175831f94472e: expected 198003 found 82062
20668504,aot,78521991.38461539,gas-used mismatch for 0xa823e6744d6f35e22ca8d5f1b4950c1b81a2e852d275740cc8e4f3adde9b2d74: expected 825962 found 646625
20667382,aot,70433745.26027398,
20667484,aot,39484542.09411765,
20667381,aot,47793831.977443606,
20668895,aot,63320856.07526882,gas-used mismatch for 0x11cd4b8a62b6a759e89f73c06603516bf799009a67d67a1f4ca2e05622a16fea: expected 306299 found 232116
20668951,aot,38750698.87142857,
20669123,aot,40747765.12,
20667077,aot,40210355.39240506,
20668868,aot,71571962.83333333,gas-used mismatch for 0xdca163b475ad9dbab7af410fa2707bcd5e91ae6080d4ec01e04a4fdd1097b708: expected 366609 found 223544
20669129,aot,81213364.23214285,
20668514,aot,53538130.53333333,
20668561,aot,86915205.98214285,
20668505,aot,104674494.12,
20667100,aot,77220848.30120482,
20664842,aot,79403219.62820514,gas-used mismatch for 0xb56f3becb398905f6bb57433216e2deb09c07e152f1114fa041fc863f5c9ec96: expected 336614 found 95880
20666145,aot,52435934.15841584,
20667821,aot,60664446.578947365,
20668500,aot,60317388.3373494,
20667751,aot,59430844.15492958,
20667247,aot,64707326.373333335,
20666282,aot,36589334.63846154,
20668737,aot,74434194.79365079,
20669148,aot,77624566.34883721,
20668596,aot,65460256.1,
20668994,aot,53985548.95575221,
20667669,aot,76287078.1923077,
20667253,aot,62157762.45901639,
20668412,aot,99369704.54347827,
20667717,aot,59943224.01428571,
20664659,aot,47254346.755813956,
20666193,aot,69844299.7413793,
20668386,aot,64827944.46236559,gas-used mismatch for 0x6eb17ace13de8321e5580755988ab29318864f251c8c58188df276964e75841a: expected 200891 found 81738
20668993,aot,72825386.15384616,
20666116,aot,45962361.15662651,
20668871,aot,48242802.96875,
20668887,aot,55950035.05,
20664682,aot,47425332.02040816,
20668901,aot,64620801.89473684,
20667259,aot,82508098.10416667,
20668383,aot,49333787.96842105,gas-used mismatch for 0x08c3c35c16c46e1f58efc036b02fd67007411300efc6761febbd3bc15777b91f: expected 382357 found 186555
20668888,aot,80340935.34666666,
20667827,aot,80322914.36206897,gas-used mismatch for 0x610c957b220ec91cf96517b6d25510057ee3d5df298cdcb44d6c8c5e8db31fd6: expected 383589 found 186555
20667848,aot,79112940.41509435,
20668389,aot,126568581.1388889,gas-used mismatch for 0xed6fa81d67bcac92332658111f28fedb8dc7ff18d6d962abda4a9aff707df3e6: expected 661025 found 450140
20664770,aot,57251830.13,
20667757,aot,76138284.45333333,
20668765,aot,124065462.075,gas-used mismatch for 0x2e646c0c0f214a206fc0858b6011489bac4605c3b796ebe9f5f02923e061e020: expected 1749315 found 706383
20667383,aot,21082368.588477366,
20666110,aot,119365355.5,
20666113,aot,58082797.78125,
20668896,aot,70921683.21212122,
20667485,aot,46792866.925,
20669130,aot,74071832.7,
20666128,aot,86219784.63380282,
20668952,aot,75602119.6923077,
20669124,aot,84140056.55555555,
20668515,aot,51850762.19354839,
20668869,aot,51475910.52727272,
20668562,aot,83657291.28,
20664684,aot,51810919.729411766,
20668597,aot,34041897.32743363,
20666134,aot,7615929.096330275,
20664845,aot,71491792.25,
20667752,aot,43601489.675925925,
20666283,aot,62182401.87142857,
20664843,aot,60191506.77647059,
20667670,aot,35619570.11666667,
20667254,aot,21381755.5625,
20666146,aot,46207099.2892562,
20667718,aot,48031465.692307696,
20667394,aot,76013706.48421052,
20666328,aot,93001223.56363636,
20668738,aot,39525025.864285715,gas-used mismatch for 0x5d43939284b32cbbf9ce92e0706486d988e90b817225efd7154df8a2690f7d1d: expected 282647 found 95916
20668506,aot,35181664.41489362,
20667248,aot,66901138.8375,
20669149,aot,67877496.48192771,
20668995,aot,9839126.21788618,
20668902,aot,52942462.21176471,gas-used mismatch for 0xd922f89bf131bc8d09a2c9567d998ec257567fdae581b157aac6d1f345bece55: expected 253971 found 209795
20668566,aot,51378261.89108911,
20668563,aot,47650464.93396226,
20666117,aot,6299971.108545034,
20667849,aot,18424551.591111112,
20668872,aot,74848942.67142858,
20667260,aot,76014000.26984127,
20664683,aot,58745631.93181818,
20666194,aot,38534918.17088608,
20664660,aot,53396937.18644068,
20666351,aot,37622426.62809917,
20669134,aot,84592054.75342466,
20664771,aot,69419828.3076923,
20668766,aot,60467402.92,gas-used mismatch for 0x1c8fd7f49166cc502ae56f1bcbd00d3b18d055fa20b239c803ead8086d86f711: expected 814327 found 832174
20664685,aot,60037708.20792079,
20668889,aot,106723612.53571428,gas-used mismatch for 0x160cbc5d7c21c7e8c5c06288fb169bf8f985702efe3e5619794024b5a7833de4: expected 306299 found 232116
20667384,aot,94702950.66666667,
20667758,aot,53568921.70526316,
20667486,aot,52916505.025641024,gas-used mismatch for 0x4c33ff57683dbd6882a9a4b1b1a7d4b1fd001a838db01d3a2f8f41d9fcb4f90e: expected 199923 found 82074
20664686,aot,63331852.79611651,
20668897,aot,56380191.744186044,
20669131,aot,69986592.4264706,
20669125,aot,35791189.0,
20664848,aot,46561451.8021978,
20666111,aot,69490218.69318181,
20667395,aot,51529351.1509434,
20666114,aot,57893479.97457627,
20664844,aot,19683843.502057612,
20666129,aot,70404250.43209876,
20666135,aot,74181561.3773585,
20667753,aot,29682596.264900662,
20666304,aot,78080587.72307692,
20666284,aot,51625787.430232555,
20668876,aot,63612743.45882353,
20667255,aot,107770846.68571429,
20664846,aot,59008970.166666664,
20668879,aot,87757772.74545455,
20666329,aot,30793232.8627451,
20666147,aot,75563935.78787878,
20668598,aot,15643503.558441559,
20669132,aot,58927146.131578945,
20668516,aot,84909899.0875,
20668903,aot,85236164.48780487,gas-used mismatch for 0x0ee44a12e7da911ef9967787f038a11c3cd9fb81b0928d04e3a26baad9b61c11: expected 306299 found 232116
20667249,aot,26755581.321243525,
20667671,aot,86597982.76056337,
20667850,aot,55346108.544117644,
20666352,aot,22078626.34117647,
20667719,aot,37851684.03468208,
20668739,aot,84676949.0410959,
20667400,aot,37339129.53719008,
20668996,aot,92176383.8,
20666195,aot,79511760.96363637,
20669135,aot,28036488.8625,
20669150,aot,70987906.62637363,gas-used mismatch for 0x0a8dabb31e3b880dad524bb47bd91b707deac4a2d32a53391e2a8694f27fe15e: expected 457173 found 314555
20668564,aot,112391760.68,gas-used mismatch for 0xb3429d0fd30d1d5708527c46b2c1917ddc6ad47b31e72982c0d7f0cfcce4355e: expected 383663 found 186555
20668567,aot,81061282.91549295,gas-used mismatch for 0x150b9c10dd5aae094dd3629c652e512f7864fa986918dee4d181354672fea791: expected 383577 found 186543
20668873,aot,73598408.50666666,
20666118,aot,110003085.21568628,
20667261,aot,57718913.354166664,
20668890,aot,62683981.52,
20666122,aot,27664048.15231788,
20667759,aot,28971852.720238097,
20667487,aot,80109313.5862069,gas-used mismatch for 0xa1439ecbc86849ad740c2358b9f5678b1453747e11a7800d0ffb058af1e6b196: expected 261090 found 31840
20667385,aot,36950687.448529415,
20669126,aot,76448595.64583333,
20668767,aot,80226374.05479452,
20668898,aot,65282377.342857145,
20664661,aot,63084694.925,
20666112,aot,54034895.65060241,gas-used mismatch for 0x2b9fd6c8688e5a0d3d1b6a1738deb9abf906298423078daf67c6b9c63c11d159: expected 869047 found 343738
20664772,aot,61524450.887931034,
20666115,aot,60299538.09859155,
20664849,aot,59950791.79545455,
20666292,aot,56647334.8,
20664775,aot,62140884.85263158,
20666136,aot,64386367.52941176,
20667396,aot,35104557.63398693,
20664847,aot,53904760.66197183,
20666285,aot,64330427.67142857,
20668877,aot,81984359.43636364,gas-used mismatch for 0xcac9eee2a56cfd5e5480c58d26e9dbaecacbcafe945b16b94f9f550a88b6ff45: expected 255475 found 194166
20666130,aot,79913850.70491803,
20667397,aot,133303764.56521739,
20667754,aot,46387579.99186992,
20667256,aot,68491179.7,
20666148,aot,55185342.655555554,
20666330,aot,98740011.1521739,
20669133,aot,45561322.882882886,
20668599,aot,97174756.46666667,
20668517,aot,73607406.43076923,
20666305,aot,114792990.4528302,
20668904,aot,3108905.909542195,
20668880,aot,86440751.38356164,
20668997,aot,25402850.784530386,
20668740,aot,55030543.435294114,
20667672,aot,56149524.6,
20667851,aot,64888876.08888889,
20668874,aot,63668005.862068966,
20667401,aot,58781995.93181818,
20667250,aot,80633404.94736843,gas-used mismatch for 0xaef242b8a429361ac5a0b8de3636c1fe5d32347dcc44509fed7181070c5d29b8: expected 199650 found 120601
20669136,aot,60131361.3625,
20666353,aot,97843198.07272728,
20667262,aot,54157443.12345679,
20667720,aot,85292616.2,
20669151,aot,72874473.12328768,
20666196,aot,49645632.13043478,
20668568,aot,30051697.741573032,gas-used mismatch for 0xeb0c46a0ffdd02094ed648ff0ace113d7775a80ba877e6c049187ad2d2ae9cec: expected 286026 found 238393
20668891,aot,34643386.5035461,
20666123,aot,53559096.97,
20667386,aot,65670800.60526316,gas-used mismatch for 0x150d4c86068520d9ff6ceafcf5e30d2b960ea218105a63a280e3944c854fe887: expected 246446 found 207292
20668899,aot,22842170.39047619,
20666119,aot,52907991.4214876,
20669127,aot,24451865.506976746,
20668565,aot,81313247.67777778,
20667488,aot,63636779.6,gas-used mismatch for 0x81c3ae7f35cb17bb9017ab03326a41090f574d446085172e47aed70cec329185: expected 263166 found 196659
20664773,aot,54744123.39772727,
20668768,aot,60090389.74736842,
20664662,aot,74332460.35211268,
20669163,aot,58273439.95454545,
20668878,aot,67861466.31428571,
20667760,aot,80167361.49411765,
20666138,aot,61987793.95890411,
20666331,aot,50671578.25,
20666293,aot,56575788.822222225,
20664850,aot,37841221.867549665,
20666286,aot,47988287.679245286,
20666137,aot,124929555.56097561,
20666163,aot,6760765.677829099,
20669175,aot,77073083.60493827,gas-used mismatch for 0x7bdeb0d59fdb665d0d21f4f502d4ef053846a65d529907bda832fb1b919e9020: expected 735628 found 634462
20667398,aot,67390830.7,
20664776,aot,67584608.9368421,
20666131,aot,69352431.6923077,
20667257,aot,82922346.3968254,
20667388,aot,58604882.364583336,
20667755,aot,58774603.486725666,
20668741,aot,89143980.78431372,gas-used mismatch for 0xefcf134a4b80a5effd4000a238dc5e5da7cc9ed3c06292babddf338653179c79: expected 252113 found 209795
20667263,aot,45944099.481481485,gas-used mismatch for 0x1e14e8dec26bdeed52cc245878833ffd0b43c0cef2fae2bd6dc0b236b1e92ecc: expected 1065951 found 809496
20666149,aot,108466729.60377358,
20668998,aot,66640249.02816901,
20666306,aot,48067359.484615386,
20667402,aot,44569219.86407767,gas-used mismatch for 0xa876b7465688948c30fed4e6c089471562891f6b15d48177f9a893353259e3a6: expected 223929 found 144559
20668875,aot,44292367.231481485,
20667251,aot,77547537.43103448,
20666197,aot,40097093.19387755,
20668600,aot,97777004.74647887,
20669137,aot,64224021.868421055,
20667721,aot,49079647.73469388,
20668881,aot,92758044.98529412,
20668518,aot,52992875.7,gas-used mismatch for 0x08ed6260b5447fc7fb0027f4f3d532858bd4c1db8045cddbf3cc2b3162663fa3: expected 421760 found 291874
20667852,aot,63516360.02222222,
20669152,aot,55041555.97777778,
20668905,aot,159420740.5609756,
20666354,aot,43337815.64444444,
20668892,aot,36840157.67142857,
20666120,aot,31123582.777777776,
20667673,aot,70367269.19387755,
20667387,aot,60853002.743589744,
20667494,aot,103341756.28,gas-used mismatch for 0xaa7f952037e3cee538b76dbf23843b3999afc28c9933884ee7db62c4e6bd6a5c: expected 417275 found 293295
20668769,aot,63494035.65151515,
20668893,aot,95470159.80434783,
20666124,aot,80604468.35211268,
20667489,aot,51924467.62105263,gas-used mismatch for 0x867a00648fa183e45e961e0a0786c923f7617e3bbe432c08449506dcd7dc0955: expected 333430 found 98981
20669164,aot,58184881.026315786,
20664774,aot,26716475.162921347,
20668569,aot,94037235.57534246,
20667769,aot,42222433.80909091,
20664778,aot,63983106.77906977,
20667497,aot,67084005.674418606,
20666332,aot,46075784.93693694,gas-used mismatch for 0xdeb07c93fd5d70fa0c253fe014ba9a3e81ff11d3a707c20c7c7d92b2eece8630: expected 262853 found 241102
20669176,aot,55352111.5882353,gas-used mismatch for 0xb139f9b40d301ce2358af216dd6e811ae1b666c4ea9b981d58bcd19433005af5: expected 578330 found 346236
20666139,aot,52689821.310679615,
20666294,aot,40335576.97777778,
20667399,aot,44862465.70408163,gas-used mismatch for 0x9afb0831fe9d30e36460d72b555229ac4a5c8e33a300bbfddaa989e7ca0c33c6: expected 327668 found 95868
20667761,aot,59489055.053097345,
20667258,aot,51127495.964705884,
20666132,aot,24781066.55121951,gas-used mismatch for 0xd25913db5587366924df70fa820d476e007ee1de5b01280b3026f9371ee638bf: expected 319838 found 254508
20664777,aot,57392444.322222225,
20666287,aot,79278943.3,
20667775,aot,21640820.175757576,
20667863,aot,22592536.86,gas-used mismatch for 0x4c935e8765959006c5a7a59021a184fe648cfe42d252c94479cb4721126bc259: expected 552496 found 95880
20667756,aot,65785970.49315068,gas-used mismatch for 0xbeef79e7aabb52a74dd6999a66e6e11a71dfd383ac49bd79143e8afe0e4ef8fb: expected 525507 found 265133
20666164,aot,97431432.6764706,
20667389,aot,88463857.43396227,
20668519,aot,57630802.692307696,gas-used mismatch for 0x91ac86384a3b7078784a766cd7582bfed42b5458f4cd121396da24e3da226e31: expected 383651 found 186543
20667491,aot,53788392.90789474,gas-used mismatch for 0x32fc85a30cfc07086eea3cefc53ebd73c36c104fa77ba8f3944ae46ec6377d8c: expected 534909 found 279704
20666307,aot,49024640.37037037,gas-used mismatch for 0x34417e04c89619b82c21007dfaa85a4a1a399d3b2c2c0228e094afe26d115fdf: expected 279904 found 245513
20667264,aot,80801939.25,gas-used mismatch for 0x590841d3174349d8e662b60d236813a1c6879533077960d26db563abf21f8269: expected 344992 found 95868
20668742,aot,65163474.8,
20666289,aot,79959718.02325581,
20666150,aot,47275033.46666667,
20668999,aot,57676361.908163264,gas-used mismatch for 0xd3a39a5e1aa8d1863870db72217b88a5d73b748892a510c9c15fa20910ae6575: expected 261748 found 212298
20667674,aot,49599831.18571428,
20667495,aot,63387916.25757576,gas-used mismatch for 0x4223bc124749845f8ce2c8ba66440267d1119278f42f5913ff522a1912cf96bd: expected 263044 found 245753
20667403,aot,48801528.516666666,gas-used mismatch for 0xf6f132dcc079e90a74b15816d268dbe373c08b6ed7646bd12749df0edb9cf044: expected 200946 found 81738
20667869,aot,59446294.19,
20666355,aot,55858229.57333333,
20667853,aot,41682667.959349595,
20668601,aot,96040534.5,gas-used mismatch for 0x503055e65933ad86bb562918f3a2b0f3720d7ae797d3cf2c350c3decdbf22bf0: expected 286014 found 238381
20669138,aot,71746517.88157895,
20666198,aot,80992479.58974358,gas-used mismatch for 0xaef877aac945f8438f4d2a7de14f4674141836654371551f00ee6ce83cb56579: expected 715342 found 419814
20667252,aot,80360699.93827161,
20666316,aot,35105846.5703125,
20669153,aot,69739886.2345679,
20667492,aot,63929165.85294118,gas-used mismatch for 0x25816b1080b4bd2c675b9c7cf86a428ecf9e2b31bb258161d40e894a70680f28: expected 261090 found 31840
20666125,aot,44543658.81052632,
20668770,aot,55840683.13253012,
20667391,aot,59221019.828947365,
20666234,aot,67213126.63076924,
20667722,aot,68088048.5754717,
20667770,aot,65323160.0,
20666121,aot,126992830.3478261,
20669165,aot,45731821.39823009,
20667490,aot,84228477.83823529,gas-used mismatch for 0x1d851b0ea81fa96aed77a0e28d8f2142443d81e056fad5430808685a85a6fc98: expected 262767 found 33517
20666295,aot,51045695.50666667,
20667390,aot,39902435.10752688,
20667498,aot,69058893.12121212,gas-used mismatch for 0xeac8c33879c15a2a2677a2d9f5e0e043e214ac621d186f5228029371fbb3b8ce: expected 262767 found 33517
20666210,aot,50643863.50588235,
20664779,aot,69100638.03333333,
20668570,aot,66632903.84,
20666288,aot,39538605.75824176,
20667499,aot,69229209.18666667,
20667762,aot,54048647.59047619,gas-used mismatch for 0x8915767233a6eb32f7f6b210c9ed7388e5fb9f7a84883a1e66ff2830ac10213e: expected 213396 found 81738
20666333,aot,120207227.89090909,
20667864,aot,92319878.47916667,
20668788,aot,82707707.03076923,gas-used mismatch for 0xc0e379ce90a5c920db3ce8cb403474ee031149bf0d7488e407170f0a38bf09eb: expected 845407 found 385701
20669177,aot,78385849.90526316,
20666308,aot,64258682.81967213,
20667776,aot,107856920.12,
20668520,aot,23992225.02,
20666363,aot,46320567.765765764,gas-used mismatch for 0xb266a713cac850c154c992b391d461eae2bd959245b77d6a8e1a611ef40d1da8: expected 266939 found 219649
20668602,aot,58604182.01724138,
20667675,aot,42426439.95698924,
20666133,aot,99772937.58730158,
20667866,aot,37627193.685314685,gas-used mismatch for 0x8de35f8c0f125497d39bbbcb5566f99581b32f38ca3fc895c722bcfaf5f2a95e: expected 302655 found 234735
20667496,aot,60099649.01408451,gas-used mismatch for 0x20569c766fe2b047cf8a36f6d9e08e2c0e6ea24c2c80390fab5b1e97654de0c5: expected 306494 found 95892
20667728,aot,52119997.85714286,
20666165,aot,63353643.302325584,
20666290,aot,45490708.7,
20667404,aot,31972199.175675675,
20669157,aot,76926708.86764705,gas-used mismatch for 0x01666a9da07dc831d138dc8fb713f4ff29b3424e78e17c97359505a7c6b8fc9c: expected 606889 found 476417
20666157,aot,48168384.42718446,
20668743,aot,68284362.33333333,
20669139,aot,50879514.83962264,
20667493,aot,71044101.71666667,
20667854,aot,46029688.69491526,
20666151,aot,1704857.5397860683,
20667857,aot,37847718.63636363,
20669154,aot,51990911.768421054,
20666235,aot,51813355.60465116,
20667870,aot,86058616.94520548,
20668771,aot,76290507.78461538,
20666126,aot,56222258.78125,
20666356,aot,95764790.52307692,
20667723,aot,46584099.981132075,
20667392,aot,37842512.03496504,gas-used mismatch for 0x661bb803bba633015700b443cfb36311af05d4fabe75dad6d86bc0278dae79a7: expected 598090 found 318908
20666317,aot,55625866.50442478,
20669166,aot,58551111.43589743,
20667681,aot,21143241.51010101,
20666199,aot,65524014.761061944,
20667872,aot,39799666.865079366,gas-used mismatch for 0x87ddfdca5a268a80b46b2e1acff5301b20420f76b18a077579775ff40b9b1766: expected 297257 found 208470
20666296,aot,70908043.81690142,
20666175,aot,85482546.98666666,
20667867,aot,107670633.71698113,gas-used mismatch for 0xb21602e5e752896ba8f2a56d7b097bb66a97a082c4cb2254fc74ef36655a8bf9: expected 269268 found 214801
20667771,aot,53799382.81300813,
20666211,aot,70472311.29333334,gas-used mismatch for 0x9fe5e190f9ea649f679108ce45559652582bca346c62b97a1ab8135ffc47268c: expected 360127 found 317126
20667405,aot,45946734.65384615,
20664780,aot,35239404.411347516,
20668571,aot,35619473.99333333,
20668789,aot,28050336.133333333,
20668521,aot,83772781.74418604,gas-used mismatch for 0xc2bdfa54728d19554055e7dc8be9906200ce60ff2ec851b5cd25b8439014249a: expected 383020 found 186555
20667865,aot,62314999.01369863,
20666334,aot,23672964.08450704,
20666162,aot,54030430.484848484,
20667729,aot,43194053.34375,
20666166,aot,76034687.32727273,gas-used mismatch for 0xfb3168dfcb7dd2181382978471683aecf44574c96f3590156811ef882b8f9c79: expected 1109419 found 432050
20669178,aot,43973204.144067794,
20666364,aot,70088009.18571429,
20667777,aot,46826097.06363636,
20667676,aot,5624627.22408377,
20668603,aot,71178283.15492958,
20667763,aot,65198770.71,
20666160,aot,40259846.73232323,
20667393,aot,72220164.51515152,gas-used mismatch for 0x8620a71906b867b891c7981661e733be08f45a6ad18e4c345f7b0b7f51466d12: expected 623882 found 319915
20666291,aot,67553268.38666667,
20669158,aot,64806687.60240964,
20666158,aot,52408038.36,
20669169,aot,80359835.61818182,
20666161,aot,66291738.53125,
20666152,aot,102053056.39534883,gas-used mismatch for 0x08fdac6709fb0bddaaf5cc61f5e1c936fd57dc10472361f8669ccb959d7dbc78: expected 269268 found 214801
20667855,aot,28127051.636363637,
20667778,aot,48341779.43971631,
20668772,aot,32655429.176923078,
20666309,aot,66206415.18965517,
20667682,aot,32583390.70689655,
20667684,aot,66170590.47692308,
20669155,aot,72222343.42666666,gas-used mismatch for 0xdb6df53124423d13de16aa413d89eb30c50e9527ab2c8ae9b98a5939af5f5c40: expected 257875 found 240300
20667858,aot,77761782.59154929,gas-used mismatch for 0xf50a785a1979f41a5ee4deafcc155167151e9a6c3bc4705d9b4f4d7fe7cd8c5e: expected 213146 found 144540
20668744,aot,62169137.875,gas-used mismatch for 0xf80ef5ae45570b27a6379e86ddf8a791531bbef5097800718f6915c286c89693: expected 342915 found 98969
20666200,aot,45414102.60526316,
20666127,aot,87914337.16666667,
20666204,aot,48404997.421052635,
20666236,aot,68105507.1923077,
20666357,aot,52274424.37037037,
20669167,aot,60696769.59090909,
20668572,aot,50611733.28787879,
20666297,aot,27340083.909638554,gas-used mismatch for 0xd1172cc69d09da464bfc45e68bad14f4fcbd898ecd64cb3329d0f3057d0ccec9: expected 322263 found 95868
20667873,aot,67904622.77272727,
20667868,aot,59892562.78571428,gas-used mismatch for 0xc42e7daadc1e3e067a37b1906fb16842dcf675a70798893628f8ed780de1603f: expected 221520 found 144535
20667871,aot,78628531.55294117,
20666318,aot,79507794.70666666,
20667724,aot,123268282.4,
20666257,aot,86789922.67272727,
20666176,aot,58339904.44318182,gas-used mismatch for 0xa3ed1485a1a47e95987e18fe408eb1601ab57fc78b48826276e74b9a7a285e1f: expected 338107 found 254580
20667779,aot,51716832.46315789,gas-used mismatch for 0x3c5e9283bfe187f5db68a6a6af197fc7a9dfff4ecbc86f347967609edf4774fd: expected 788324 found 733828
20666212,aot,57639539.817204304,gas-used mismatch for 0x35d602118240f2f71a8b186a0b8c7a10746eca1f1e8fde42586bd19ae209fc3b: expected 286515 found 238489
20668790,aot,80053256.31034483,
20667772,aot,47294740.608,gas-used mismatch for 0xda9c83c73efb5c7fe9fb342b2f375562742fb49b873a77498ba431e24390c127: expected 306482 found 95880
20666222,aot,83494591.96,gas-used mismatch for 0xa5c3bb146dc91f52dedf7b585dd3a5afe0e910828eda4b5eefd7d571444de090: expected 744320 found 284751
20666365,aot,56345104.81967213,gas-used mismatch for 0x59b62a8501c436fc3ae043cbd9771be4165881ad9ef13f25e9b28f659cdff313: expected 1131093 found 939069
20666335,aot,72712345.96721311,
20666167,aot,21868602.044334974,
20669179,aot,26394612.410714287,
20666153,aot,76349317.18181819,
20667730,aot,41445207.39669421,
20666339,aot,53632812.15740741,
20667764,aot,88140537.54166667,
20668522,aot,72065905.16129032,
20667731,aot,51463408.89473684,
20667677,aot,132816418.97142857,
20666345,aot,64733669.43956044,gas-used mismatch for 0xd26bf9050c85beb1962e5c53e6e511be850aa43937cafda4983fec09f80d6867: expected 466375 found 95880
20667725,aot,48168232.333333336,gas-used mismatch for 0x4f41f504949303b17e17825403e2cfd489058b258c2ec2d79a01528649ef3c0d: expected 261705 found 212298
20666310,aot,52236370.59210526,
20669159,aot,47780543.12264151,
20669170,aot,66551701.21052632,
20668613,aot,41130326.925,
20666340,aot,84364560.6,
20667859,aot,35600908.92682927,
20667856,aot,87215521.9090909,
20666342,aot,82838780.95061728,
20669156,aot,57001200.81395349,gas-used mismatch for 0xc337bbdac43cdaeb201a7d944d9beeae026fbd7101647d60abde29148bed3f54: expected 686505 found 565839
20669181,aot,59070191.618644066,
20668604,aot,74076947.69306931,
20667685,aot,30778910.91573034,
20668773,aot,59525098.473684214,
20666258,aot,40593261.35294118,gas-used mismatch for 0x47dad473343dd3ba918217a2677158eab25e60983b3efb706c91acca75cbe854: expected 594452 found 307867
20666298,aot,47168540.67901234,
20666358,aot,68321938.83076923,
20668525,aot,198687024.5,
20666159,aot,76712194.41111112,
20668573,aot,82163357.07843137,
20669168,aot,34058853.54347826,
20669184,aot,45222208.31818182,
20666201,aot,34512241.89714286,
20666205,aot,24649409.108,
20667683,aot,73223538.5263158,
20666177,aot,92501553.39534883,
20666237,aot,49475697.06923077,
20668745,aot,106715743.5737705,
20667780,aot,60952443.12,
20666336,aot,52838337.74545454,
20667874,aot,82674502.65333334,
20666366,aot,67126741.41269842,
20666319,aot,123455008.20930232,
20666213,aot,84372827.47692308,
20668791,aot,69923226.93333334,
20667773,aot,81460623.04411764,
20669185,aot,43111271.09917355,
20668528,aot,44421063.51612903,gas-used mismatch for 0x371bff21797ca05ca1a139de9120b829777b9a52c3316a6198448ad92e9d3b96: expected 382283 found 186555
20666168,aot,41674349.44166667,
20669180,aot,100052115.26086956,
20668523,aot,28352737.727941178,
20666216,aot,37876231.203125,
20666154,aot,44999931.17699115,
20667765,aot,48440798.37,
20666223,aot,69534979.16666667,
20666346,aot,56465550.10958904,
20669182,aot,70951070.91666667,
20666341,aot,40504226.518867925,
20667686,aot,44229717.59375,gas-used mismatch for 0x10ad8089d2665ef6057e8bf007dc3c95f9516add5242be471fb2351560577adc: expected 263239 found 196669
20666311,aot,46305257.336,
20668614,aot,75481951.37878788,
20668774,aot,71889138.57142857,
20669160,aot,110341636.20833333,
20667860,aot,56786703.89473684,
20667732,aot,23145471.21086262,
20668605,aot,62530656.07042254,
20666343,aot,46967003.09009009,
20667726,aot,52939052.97619048,
20666322,aot,49844604.33802817,
20666269,aot,38810072.492753625,
20669171,aot,49103037.7109375,
20666169,aot,36850409.92561983,
20668574,aot,80178992.71428572,gas-used mismatch for 0x026bf1de0286d5cafcd751f152f47a17c9a72116e2dbf2d325711fda7f482b9c: expected 4723536 found 5536104
20666301,aot,67808162.83333333,
20666181,aot,118943656.46511628,
20666178,aot,49759008.2739726,
20666299,aot,60000358.0,
20668526,aot,41065825.03968254,
20667678,aot,81747254.7,
20666259,aot,77576693.91780822,
20669161,aot,56446649.986666664,
20666359,aot,110157808.91071428,gas-used mismatch for 0xe21b32c622e3dc45ee319484ab2b22942293732e8baff11a73470f2a00fd0798: expected 3525599 found 2970830
20666206,aot,74322667.7260274,
20666238,aot,60295810.05,
20666219,aot,47998742.011764705,
20666202,aot,43623929.538461536,
20668746,aot,3965526.12535014,
20666337,aot,68525661.90789473,
20669186,aot,90307756.32608695,gas-used mismatch for 0x7d8996b23a4de493f05f8a5e844cff60667130579229cf706179822be7a638fb: expected 272442 found 238265
20666172,aot,115027639.50819673,
20666344,aot,78093211.78431372,
20667774,aot,53366821.88172043,
20666320,aot,71637847.11538461,
20668524,aot,75043039.84482759,gas-used mismatch for 0x4075561adb1c99ca01040f6466f8ec7c83e4e574c4641257454d08e4e962c924: expected 255248 found 240390
20668529,aot,59757096.01136363,
20666367,aot,5284996.451191391,
20666224,aot,41694072.54545455,gas-used mismatch for 0x890f1e9b9184a285daec42c2639c8aeb99620f7e57fdb53793ae0f105bd68dd7: expected 10445348 found 37885
20668792,aot,51005311.96666667,
20666214,aot,65531078.93877551,
20666275,aot,52255985.239583336,
20667766,aot,56668815.89622641,gas-used mismatch for 0xe7b19254edc8ba38c972740759619301b8c368861e9734c4ef9e2832fdddd786: expected 263166 found 196669
20666347,aot,32168735.378881987,
20666217,aot,79335096.50666666,
20666155,aot,42186176.98675497,
20666369,aot,31605895.620689657,
20666312,aot,61651788.426470585,
20667727,aot,45830815.96385542,gas-used mismatch for 0xdf26d2fc20b66ebcd3fdc0650df80a5e4f1c29696e2a1ff717b8a4429eea24cf: expected 383589 found 186555
20666207,aot,58067891.155555554,
20669172,aot,51040299.70666666,
20668775,aot,53589605.604395606,
20668530,aot,81912335.98039216,gas-used mismatch for 0x9dc9f529158ad80d2c0fd70449b8e98e971375ff26f5ea6a86378d9a30b1636c: expected 382924 found 186543
20666260,aot,16797978.137168143,
20669183,aot,90146571.0,
20668615,aot,28049135.82464455,
20666270,aot,68488914.10294117,
20668575,aot,47224841.33980583,gas-used mismatch for 0xa7ebd58e37866b3cb927053460b70e27665e0b18b9a64482305a89b40e5361f2: expected 586650 found 347625
20666156,aot,78420510.50684932,
20666302,aot,49017175.98,
20667733,aot,111519281.02083333,
20666323,aot,47952075.99152543,
20667861,aot,54416605.9537037,
20666182,aot,53247938.89622641,
20668606,aot,77036133.8875,
20666170,aot,61772165.1122449,
20666300,aot,59210308.135416664,
20667679,aot,53723248.0,
20666360,aot,57469106.41860465,
20666203,aot,75258721.41666667,gas-used mismatch for 0x6e46e8dffba4cef3c0f7564cfb38a88ae1d57a91edd82775278fb872a97e5b71: expected 390628 found 322625
20668527,aot,51369126.04,gas-used mismatch for 0x609b89a3792e6a0d3f8ad12e85e857de45ef8e42db97bc21c674df9e7bba64eb: expected 303961 found 234735
20666338,aot,58224310.90789474,gas-used mismatch for 0x1db3efe81d7147c850fec7d4735ce17f9bba1eecdb469b6a0be61d7ed65ae617: expected 212449 found 81726
20666179,aot,67783810.65306123,
20669162,aot,50753609.68468469,
20666208,aot,50303669.946666665,
20666303,aot,24445202.736170214,
20666173,aot,39142693.20952381,gas-used mismatch for 0x0951ca0efffbdddf69999031a6ae5d407151d7ca284517011ecffc84450a54f1: expected 263166 found 213769
20666361,aot,17705214.375510205,
20666239,aot,40085499.262068965,
20666321,aot,79882901.98333333,
20666225,aot,48269906.23529412,
20666242,aot,28128806.289156627,
20668747,aot,127204190.97916667,
20666245,aot,52664507.14,
20666220,aot,64630752.154545456,
20666218,aot,17377737.034042552,
20666215,aot,52203487.244444445,
20666370,aot,48395177.57534247,
20666372,aot,59038952.7037037,
20666184,aot,51281777.65060241,gas-used mismatch for 0x8c96a5b0854bff166a9996ac627603a13d1c0665a6852eb7d4d112fa32d1a37e: expected 648071 found 348701
20666276,aot,75013323.02857143,
20666368,aot,109537626.3125,gas-used mismatch for 0x396982e5c69682661c717d9230dd3cb56854c5c05a197d573414a780561d3803: expected 583831 found 607248
20668793,aot,53923558.80555555,
20667767,aot,81957990.92307693,
20666171,aot,37405782.577586204,gas-used mismatch for 0x0397a533c95b1d8f45823048606806798d169666e00ac35fade78aa60123a2bd: expected 592333 found 268118
20666348,aot,122973006.82222222,
20666349,aot,41611348.68888889,gas-used mismatch for 0x211512ad660a0d4709cda4e32bb672a70fe0eece245855ac7b60b58dea8c4020: expected 1083260 found 981324
20666228,aot,55865487.20879121,gas-used mismatch for 0x30e7283f78225cc49dc3ab6fb2c80468a3cd092a955d97e29794ca1670d769bb: expected 2934399 found 37897
20666313,aot,55109521.46875,
20669173,aot,65666366.8,
20668800,aot,46233315.36470588,
20668776,aot,55765172.32,gas-used mismatch for 0x9ee6cdaf156a69546621f40215de06a4e73799a4ec75cb8242dda3d5292543e4: expected 360127 found 317126
20668619,aot,20327126.772727273,
20666221,aot,25886533.172185432,
20666271,aot,51563432.30612245,
20667768,aot,43623023.49166667,
20666272,aot,31994664.765027322,
20666261,aot,56040760.82524272,gas-used mismatch for 0x6cfb84b458ef41bf6dc36335de0a0570e2a52e30babffc12ffbb34aed7231dae: expected 196308 found 81738
20666183,aot,49799063.73626374,
20668616,aot,94951834.3442623,
20667862,aot,81260138.2,
20668576,aot,37591330.32727273,
20668607,aot,96316791.18,gas-used mismatch for 0x7d96899166a4f93326a51a2d8f288f143f82f534249419819007a2d009904217: expected 255437 found 194166
20666324,aot,44618348.6953125,
20667680,aot,57656971.64705882,
20668753,aot,25085393.053097345,
20666174,aot,66023890.71232877,gas-used mismatch for 0x8b1836641662b692387ed7b04a1bfebefd95cd54e0840f123031563a2b73697d: expected 843103 found 338416
20666263,aot,80925439.83333333,
20666373,aot,29161425.363636363,
20666209,aot,49307678.54368932,
20666362,aot,80217079.44444445,gas-used mismatch for 0xb7a9ba28d577fd1b6ebae29b3761460a5a9d0799a675792ca0dac90671a948fa: expected 876927 found 731299
20666240,aot,75685463.36,
20668794,aot,59682966.44086021,
20668610,aot,7794232.712309821,
20668759,aot,38070360.69594595,gas-used mismatch for 0x562e3358ed9427b2979d10f8a2e5c39f0dc47e56d3234e976f0fbf602c74f0a9: expected 294560 found 223172
20666180,aot,46604672.50381679,
20666231,aot,96116828.38333334,
20666226,aot,55103340.177083336,
20668748,aot,56629669.54444444,
20668762,aot,50823175.775,
20666246,aot,55694802.54081633,
20666243,aot,109353038.86,
20666325,aot,55860880.32954545,gas-used mismatch for 0x8c997e9426c5484590fdc12ac6aacd5a64986712aad2c8dda63d202700971c2c: expected 262889 found 241138
20666232,aot,56263576.409638554,
20668617,aot,73804306.1904762,
20666371,aot,48273354.63478261,
20668577,aot,101485036.95,gas-used mismatch for 0xf6b92fddb7fdb929e0af958a2bda7e3e0550656f5a61214a283398b049f44574: expected 655834 found 414666
20666277,aot,103926838.21568628,
20668806,aot,61119282.316831686,
20666229,aot,41583349.65079365,
20668760,aot,105612577.1111111,
20666185,aot,52789744.344827585,
20666251,aot,67054785.191176474,
20669174,aot,43656639.67,
20666230,aot,48588210.225,
20668608,aot,51636054.34259259,
20668801,aot,79096973.92063493,
20668797,aot,70644165.81111111,
20666314,aot,63751797.16470588,
20666266,aot,74415475.0909091,gas-used mismatch for 0xfb855c8a7716e4d14f5c2cd1274ba974ea0a3e9c8ee5fb58ac21ae104fe26376: expected 261700 found 212298
20668777,aot,42859541.064,
20666273,aot,119454440.6111111,
20668623,aot,22029110.841530055,
20668618,aot,66967237.686746985,
20666227,aot,62789825.666666664,
20668809,aot,70006867.98484848,
20666262,aot,74632165.36923076,
20668782,aot,50554363.55339806,gas-used mismatch for 0xc76f5408d455925e8c1fb85d317e0b4195d69b18e41ae491136ae4affa00d604: expected 415435 found 249126
20668810,aot,93784380.76470588,
20666264,aot,52296710.0,
20666350,aot,79391883.65591398,
20668620,aot,32024274.132701423,
20666274,aot,38205294.06481481,
20668611,aot,100115368.02857143,
20666315,aot,41981250.220689654,
20666241,aot,45948107.79069767,
20666374,aot,81452797.3275862,gas-used mismatch for 0x25ff12eeb9a1dcb92a507faa7ae165737f5d4410de47c43487b66fe1a2fddeac: expected 196330 found 81738
20668796,aot,63954229.46666667,
20668754,aot,41846318.1953125,
20668621,aot,95041836.54545455,gas-used mismatch for 0x4d8a09c0aa766822ade200de3fb0d2f49786cb5b8f7be6e25fae693e10ac7725: expected 1084736 found 974798
20668622,aot,89599345.46052632,gas-used mismatch for 0x8e4387c22083f7145372f6ef13455408fdebbfb6d3a63318f64ee0f69e78de64: expected 339583 found 95880
20666265,aot,58526383.96,
20668763,aot,30110408.954198472,
20668798,aot,65503494.10958904,
20666267,aot,69334714.88372093,
20666233,aot,36769625.619469024,gas-used mismatch for 0xdec643087e1b0d910b5ed90b197e642cf3a1a6f8a02c7ce7100ff3f56d1ac4d8: expected 574347 found 98969
20668749,aot,62423700.209876545,
20668795,aot,60755772.324324325,gas-used mismatch for 0x39fd91fcc632e9882e7950050b1d20b2bb2e490a7b4aa80225e2e3032a36b628: expected 1294365 found 233243
20668609,aot,46337632.881578945,
20666247,aot,66607976.2631579,
20668807,aot,35509184.0546875,
20666278,aot,50254311.20930233,gas-used mismatch for 0x1476d6a24cdd0ec72e86ffa2ff009bd5cac1a198b3069c45bb770aee8be975af: expected 582882 found 95868
20668803,aot,45358738.15,
20666254,aot,38388404.979166664,gas-used mismatch for 0x1541cfdfd82c42274b82371d8a1b80691b3e6f493ce9731e2d45b3c53f9e6cde: expected 318495 found 95880
20668761,aot,46209382.645833336,
20668756,aot,117168625.85,gas-used mismatch for 0x56a0ef23a8591041dffc724cccf68427fcc327ad2d8b2b34aff1e7a9b91e9a82: expected 877836 found 513367
20666244,aot,50234067.069565214,
20666186,aot,3673551.044788975,
20666326,aot,29601933.535353534,gas-used mismatch for 0xb1bbff72952ec92f1361daf31e5369f927cd8b7ffe4b735ad0c14c493cea56df: expected 252943 found 238290
20668755,aot,37553203.69411765,
20668757,aot,51267623.276315786,
20668802,aot,44634601.125,
20666253,aot,51902044.27272727,
20668612,aot,67894042.12631579,
20668808,aot,49305736.225,
20668778,aot,23497433.024242423,gas-used mismatch for 0x8e6dd1690e61cf67bd84ec5f1aa0fd1be6ca33aa06f34c18c1fcb3b7336a3d3e: expected 686781 found 552686
20668764,aot,41365157.26415094,
20668624,aot,46574511.115384616,gas-used mismatch for 0x2f48eacfc57f08213201df0bb1c15df43c43eab0b36683485389ad2602abb25f: expected 703643 found 586450
20668799,aot,37250737.319148935,
20668758,aot,60636955.89230769,gas-used mismatch for 0xa5fb1d338310c4c21c30dc4659afd5c372e256727ea7ebedf81ee3bb6b9b181a: expected 261710 found 212298
20668811,aot,51237143.81632653,
20668783,aot,40080808.42666667,
20666252,aot,29024458.26368159,
20668787,aot,32555400.638554215,
20668779,aot,67564549.83928572,
20666249,aot,88999.27272241517,transaction validation error: lack of funds (256786872212371639) for max fee (350886204179823364)
20666279,aot,32137739.523809522,
20666255,aot,45205173.19672131,
20668786,aot,33238557.89,
20666327,aot,43409727.07777778,
20668784,aot,41406993.373333335,
20666248,aot,36807244.85344828,gas-used mismatch for 0x52e799cd4b6fe5d64dcecb3bf0547cb89eaab6253468f4c657d4bf7ef5b1b07f: expected 253165 found 238332
20668781,aot,32213951.64285714,
20668785,aot,39688441.952380955,
20668780,aot,31581803.772357725,
20666268,aot,41576865.82716049,
20666256,aot,20138845.806818184,
20666250,aot,59224998.22413793,
20668805,aot,30875771.81553398,gas-used mismatch for 0xf1b09bec67b980462ef0e61fb7ffa16d224d0e05ef83d16adf2bef4c990183cc: expected 204504 found 82062
20668804,aot,40981136.315789476,
20666280,aot,2379994.30243261,
20668750,aot,10169118.965732086,
20668751,aot,42033875.416666664,gas-used mismatch for 0x5a353bb4ab4e90ce3f1d841882eeb0cbc49aee040eed594dbf58127d7989b11d: expected 253887 found 238468
20668752,aot,23590419.0,gas-used mismatch for 0x32739d0a34a25b45b6e48a865fa91086620966aaf55594f85967c4f71000695e: expected 371038 found 252002
20663468,native,62363218.47826087,
20663750,native,61054084.51724138,
20664218,native,65127491.244444445,
20668343,native,70795595.35849057,
20668296,native,58691721.95890411,
20663881,native,61014776.43589743,
20663398,native,69096767.21212122,
20663845,native,73493305.25396825,
20663429,native,74814476.48333333,
20663854,native,60883480.05813953,
20667125,native,98510243.77142857,
20663427,native,52202791.083333336,
20663421,native,79293203.43137255,
20663844,native,91331228.83636364,
20664194,native,50642915.52380952,
20664031,native,90244758.88372093,
20663937,native,55284360.07777778,
20668625,native,55453025.86813187,
20668812,native,53766313.731481485,
20663562,native,34737218.3583815,
20663872,native,55817678.961904764,
20663444,native,62067414.22352941,
20663866,native,72381121.63793103,
20664125,native,36281518.867052026,
20663848,native,34761559.91351351,
20664182,native,44080788.481481485,
20663422,native,45051170.89361702,
20663984,native,43257289.33108108,
20663878,native,33947715.79081633,
20664171,native,37563018.71910112,
20663375,native,44762372.90909091,
20664312,native,50753156.41269841,
20664875,native,114523698.24242425,
20669000,native,85517295.53448276,
20663423,native,49499083.703125,
20664500,native,55479405.03448276,
20667875,native,52314315.184,
20663843,native,43414011.44516129,
20668437,native,60347653.571428575,
20663432,native,94313239.05357143,
20664148,native,62580925.63106796,
20664188,native,52684616.127819546,
20668250,native,28070922.988505747,
20663426,native,57293778.93846154,
20663884,native,54437972.347826086,
20663913,native,79813629.0,
20666375,native,47135097.72571429,
20663890,native,89948488.94623657,
20663751,native,60396203.97530864,
20663430,native,53543144.35616438,
20663445,native,28313243.842975207,
20668297,native,32377832.680851065,
20663469,native,35428903.5443038,
20663855,native,52467751.85185185,
20663849,native,78384054.72222222,
20663376,native,38508415.65591398,
20663846,native,42423548.39090909,
20663428,native,55683060.375,
20668626,native,19934513.327659573,
20664007,native,67637967.91428572,
20668344,native,60600035.8,
20664136,native,78412785.13114753,
20663882,native,84953927.26666667,
20663399,native,50349451.99029126,
20664219,native,42716310.64864865,
20664195,native,22310179.748917747,
20663879,native,87240413.1111111,
20664876,native,57698244.266666666,
20666750,native,45476547.279569894,
20668251,native,35838065.38834952,
20668813,native,50421548.55,
20663867,native,53068400.29032258,
20664126,native,66638415.28947368,
20663985,native,47767268.04081633,
20663914,native,73097751.93023255,
20667126,native,89191906.78461538,
20664501,native,69349766.15492958,
20663424,native,37172141.794117644,
20663938,native,92378435.34920634,
20669001,native,58538468.155555554,
20664172,native,72378469.84,
20663873,native,55671237.11111111,
20663433,native,65183989.653333336,
20663847,native,82349492.96226415,
20664149,native,41426105.968,
20664032,native,49726536.19847328,
20668438,native,66141179.78823529,
20664183,native,54177939.347826086,
20664313,native,67973697.9,
20667876,native,74549936.67948718,
20663563,native,54694752.75609756,
20663887,native,81109873.5625,
20663885,native,14008115.64832536,
20666376,native,64834108.8117647,
20664189,native,74335639.23655914,
20663891,native,66178940.58024691,
20663431,native,24272319.379084967,
20663883,native,40965382.325,
20663752,native,61853805.32098766,
20664137,native,62169491.6984127,
20668298,native,56878637.35555556,
20668345,native,23838601.65425532,
20663446,native,60326951.0989011,
20663880,native,44735078.729166664,
20663875,native,51174608.98,
20666751,native,65496460.6,
20668627,native,85335487.01785715,
20663470,native,55831945.42718446,
20664008,native,79974730.68852459,
20663400,native,40757079.0625,
20664220,native,62082452.7037037,
20668814,native,45911510.018867925,
20663434,native,99863155.78947368,
20664196,native,74776024.41428572,
20668252,native,111074888.76744185,
20664185,native,94153666.93442623,
20667127,native,53183660.564705886,
20664877,native,58997342.43333333,
20664127,native,62786224.743589744,
20663874,native,64812138.86153846,
20663850,native,57557337.895652175,
20663425,native,61619489.28395062,
20663377,native,28558931.466666665,
20663868,native,81163350.71428572,
20663856,native,72041086.7,
20664173,native,50974520.45,
20664314,native,41127590.234234236,
20664502,native,86281275.83823529,
20667877,native,55573310.176470585,
20664150,native,62672600.03614458,
20663564,native,44909976.40740741,
20669002,native,74928493.84615384,
20663986,native,80215187.6,
20664184,native,68880798.71052632,
20663939,native,64791031.07368421,
20664190,native,62497331.73846154,
20663915,native,82337951.72839506,
20664033,native,63933543.645833336,
20663888,native,46411723.12711865,
20668319,native,4002178.001796407,
20668439,native,108916726.68965517,
20663892,native,66302059.21428572,
20666377,native,99242553.53571428,
20663886,native,74188238.28915663,
20663860,native,45361407.31531531,
20668299,native,46805494.18181818,
20664078,native,45331870.84090909,
20664138,native,58913744.59259259,
20666752,native,61670137.777777776,
20663753,native,44542039.075,
20668815,native,52271346.36986301,
20663435,native,46466080.927710846,
20668346,native,57050698.17045455,
20664197,native,74560236.96,
20663471,native,28621079.192771085,
20668628,native,53525127.244444445,
20663401,native,73331035.87301587,
20668253,native,59025509.92307692,
20663447,native,66389007.64772727,
20663409,native,64768236.13636363,
20664128,native,49664529.51612903,
20664174,native,58473584.46969697,
20668307,native,44925287.696969695,
20663857,native,61531929.015384614,
20663876,native,62278254.85714286,
20664009,native,78164201.09589042,
20663869,native,54365790.16049383,
20664503,native,52066696.79487179,
20669003,native,66718089.29090909,
20663851,native,85444749.28571428,
20664687,native,26752892.153061226,
20667128,native,32248683.107526883,
20663378,native,107744370.89583333,
20664878,native,50548842.275,
20664221,native,62709582.6952381,
20664186,native,76811067.79012346,
20664034,native,25794634.325714286,
20664315,native,78843948.73529412,
20663565,native,71650400.07936507,
20663916,native,46805364.020833336,
20668273,native,65600779.79452055,
20667878,native,78524694.41428572,
20663987,native,45917269.844827585,
20663940,native,59473704.091836736,
20663889,native,43454839.016,
20668320,native,129804179.81578948,
20663893,native,63726167.18518519,
20664191,native,91728303.66153847,
20668440,native,40584634.7,
20664151,native,90662331.39506173,
20663861,native,45677927.302083336,
20666378,native,86215217.81428571,
20663754,native,41807014.548387095,
20663925,native,60378443.6036036,
20668300,native,34466764.02614379,
20663472,native,54460496.61643836,
20663436,native,46174749.416666664,
20664079,native,35299578.522875816,
20664139,native,42566902.44628099,
20663448,native,45777675.97674418,
20663877,native,51282647.74285714,
20664129,native,55638909.36,
20664198,native,61749520.23255814,
20664175,native,29946017.265734266,
20663402,native,59402546.59210526,
20663410,native,47729984.5,
20666753,native,39533758.55696203,
20664010,native,28237088.14619883,
20664688,native,93405488.93023255,
20668347,native,127654924.90697674,
20663566,native,49489788.04545455,
20663379,native,54905794.38028169,
20664187,native,67476108.31372549,
20664222,native,57360112.7260274,
20667129,native,69549864.8888889,
20668629,native,71365634.6,
20668308,native,57516776.24,
20668816,native,114535368.62295082,
20664316,native,44820085.53125,
20664879,native,42551655.60909091,
20663870,native,78277376.45070423,
20664504,native,61879658.45918367,
20669004,native,46494682.62222222,
20667879,native,46535114.89090909,
20663917,native,66117013.0,
20663858,native,94618814.93150684,
20664192,native,45628665.024096385,
20668254,native,65916074.46956522,
20663852,native,58406919.36936937,
20664035,native,79396056.44285715,
20663894,native,52460201.102564104,
20663988,native,12282348.529147983,
20663941,native,78666377.29508197,
20664142,native,53969232.88172043,
20668441,native,47935764.43809524,
20664152,native,73432377.34285714,
20663862,native,64144148.78082192,
20668274,native,52255727.94594595,
20666379,native,41099965.1328125,
20668321,native,56017072.82113821,
20663926,native,58516260.526315786,
20663437,native,34701347.47692308,
20664140,native,64772487.15873016,
20666754,native,28324804.944444444,
20663755,native,100847198.54545455,
20663473,native,75742359.10606061,
20663403,native,70916043.2,
20668301,native,121489362.54347827,
20664080,native,71275122.5,
20664199,native,55771228.538461536,
20668630,native,49822341.13333333,
20668817,native,52277852.073529415,
20664130,native,65068119.61176471,
20668348,native,68305529.43076923,
20664880,native,36090498.72727273,
20663449,native,88128385.74647887,
20664011,native,62226096.25882353,
20668309,native,66485998.058823526,
20664689,native,46145939.09565217,
20663380,native,61177000.03614458,
20667130,native,6768704.9839142095,
20664223,native,42445291.75652174,
20663411,native,61912614.6632653,
20668267,native,96347759.78181818,
20668261,native,91465811.40789473,
20663871,native,51460816.34408602,
20667880,native,50455987.22666667,
20664176,native,70165077.79569893,
20664317,native,46274751.63063063,
20669005,native,75316324.81666666,
20663567,native,54777049.847457625,
20663918,native,33719466.06081081,
20663853,native,69953450.88235295,
20668255,native,26263338.671794873,
20664143,native,49870156.5,
20664036,native,55802156.655555554,
20664153,native,44132682.32,
20664193,native,59105814.04651163,
20663859,native,72084790.06666666,
20663942,native,57775280.12790698,
20664505,native,61144250.42727273,
20663989,native,127091397.34883721,
20668275,native,39168071.29310345,
20663895,native,79390983.825,
20668442,native,65759697.1368421,
20663756,native,46163999.0,
20668322,native,18041919.57597173,
20663863,native,82780021.01428571,
20666755,native,65574797.01369863,
20664200,native,32364475.07079646,
20668818,native,48917169.42465753,
20663927,native,59124073.13265306,
20663474,native,60076514.72289157,
20664141,native,86168061.84482759,
20668349,native,6302497.9046153845,
20663438,native,66114586.74736842,
20666380,native,61878908.175,
20668302,native,81974823.97142857,
20663412,native,61087279.4,
20663404,native,55251554.231481485,
20667881,native,59861619.04615384,
20664012,native,106646074.97674419,
20663381,native,68747383.25757575,
20664318,native,47827779.435294114,
20668631,native,30750032.21989529,
20663450,native,43729444.025,
20664881,native,56633416.52040816,
20667131,native,40860927.015873015,
20664131,native,42747633.71428572,
20664081,native,44081273.666666664,
20663568,native,26322648.4,
20668268,native,29771922.035714287,
20668310,native,55657534.25510204,
20668313,native,59212535.8,
20668262,native,68575938.36619718,
20669006,native,52038012.582417585,
20664224,native,57736812.782178216,
20664154,native,72027255.15686275,
20664506,native,44049037.38235294,
20664177,native,79611696.63380282,
20664690,native,60794351.18867925,
20664144,native,51104454.32941177,
20663919,native,83439760.23809524,
20664145,native,76130702.91176471,
20668256,native,83808161.42857143,
20663922,native,81538383.71212122,
20663943,native,59616371.255555555,
20668390,native,8859130.81765557,
20664037,native,64477938.34090909,
20663990,native,50331216.44086021,
20663757,native,53790150.825,
20668062,native,45947327.85714286,
20663896,native,62385581.906976745,
20664201,native,60095942.6,
20668323,native,43746720.15044248,
20668443,native,69045555.58888888,
20666381,native,48855611.4,
20668819,native,28767677.605405405,
20668276,native,113422145.91176471,
20663405,native,58293115.71428572,
20663451,native,39078705.60493827,
20663382,native,20256729.25136612,
20663864,native,66543416.44660194,
20668303,native,61499058.693333335,
20667882,native,49775059.93548387,
20663413,native,39565623.44755245,
20663928,native,57585619.536,
20664013,native,50666754.3047619,
20664319,native,79537188.91666667,
20668314,native,65504082.04615384,
20668632,native,90931531.74545455,
20663439,native,52237418.112,
20664882,native,65452653.76923077,
20666756,native,112209293.35384615,
20668350,native,114450440.03571428,
20664155,native,34042598.9375,
20668263,native,57731981.62820513,
20668311,native,87689770.41071428,
20663569,native,87489259.73333333,
20664225,native,41981336.333333336,
20669007,native,23642013.210762333,
20664132,native,53722842.69811321,
20664507,native,49155850.65048543,
20668269,native,76343612.35211268,
20664082,native,62362190.822222225,
20663923,native,50966059.90410959,
20668312,native,49628176.62135922,
20667132,native,128315962.08695652,
20664178,native,56147981.19417476,
20663920,native,53849055.71111111,
20663475,native,64376524.55944056,
20664691,native,42808895.6993007,
20668257,native,6163957.900347625,
20663991,native,33230060.89041096,
20663944,native,69722993.54666667,
20668820,native,47700427.553571425,
20663897,native,44488850.0990991,
20663758,native,58490835.43333333,
20664038,native,68223333.47252747,
20664146,native,72985609.15053764,
20668063,native,38701214.66891892,
20668391,native,104927132.96923077,
20666382,native,58837406.7260274,
20668444,native,57491110.9125,
20668324,native,83558743.22535211,
20663865,native,17779111.822510824,
20664202,native,57016421.008,
20668277,native,42969450.6779661,
20663383,native,81453646.8095238,
20667883,native,33971220.823076926,
20668304,native,53062330.44,
20664014,native,63129187.82539683,
20663406,native,74807216.8974359,
20664147,native,77563034.54,
20663929,native,72323466.83333333,
20663452,native,38446228.50909091,
20668633,native,30851164.225165565,
20664156,native,58767843.91025641,
20663414,native,58198566.822222225,
20664083,native,72752601.125,
20664508,native,58134326.941176474,
20663570,native,52797706.67058823,
20668315,native,42720493.0625,
20663924,native,71807875.29508197,
20668351,native,88442158.78688525,
20664320,native,58460415.822916664,
20663440,native,52863049.29245283,
20664133,native,55328592.47777778,
20664883,native,82597806.2,
20666757,native,65995748.02272727,
20668270,native,84385175.95,
20664226,native,84732012.77777778,
20668264,native,57796842.783018865,
20667133,native,78877533.6557377,
20664179,native,64183151.60294118,
20669008,native,86006188.36923076,
20663476,native,95089189.25,
20663992,native,41424772.63809524,
20663921,native,73369627.12328768,
20664692,native,53084131.97169811,
20664039,native,39196932.731481485,
20663759,native,43598789.03883495,
20668821,native,33659019.68965517,
20668305,native,57741393.317073174,
20663945,native,76518018.72857143,
20668392,native,131178756.03333333,
20668156,native,59179479.93975904,
20668064,native,83260434.7,
20663898,native,90431798.55555555,
20668258,native,62119766.86776859,
20667884,native,24020751.975,
20669187,native,56541635.89534884,
20666383,native,20051643.077738516,
20668445,native,53930024.35643564,
20664203,native,58205186.8,
20668278,native,34205495.44055944,
20668325,native,23750706.338345863,
20664015,native,59514709.320512824,
20663407,native,57724664.21052632,
20663441,native,51910166.68852459,
20669281,native,29401606.670454547,
20663571,native,36741591.97169811,
20663453,native,87718118.23636363,
20668634,native,88262497.05454545,
20663384,native,36371441.14204545,
20668271,native,51457390.97142857,
20664509,native,74726879.52459016,
20664321,native,55652177.7631579,
20666758,native,51968005.0,
20664884,native,47418179.78021978,
20664227,native,61499886.41538461,
20664084,native,81606641.55384615,
20668265,native,41510911.63106796,
20663408,native,52917949.220338985,
20666937,native,92704731.56603773,
20667134,native,52633480.90588235,
20669009,native,51360646.6,
20663930,native,56571784.26829268,
20664134,native,27460485.57,
20668352,native,26348637.69266055,
20663477,native,52581741.1627907,
20664159,native,41648477.62264151,
20668316,native,54244223.28333333,
20664040,native,49362225.37037037,
20663415,native,63360070.426086955,
20664157,native,81918001.63541667,
20664180,native,53807568.4,
20668306,native,41056733.27642276,
20668065,native,39377985.504761904,
20668393,native,67838016.63076924,
20663899,native,37780605.73584906,
20668822,native,122366583.0,
20663946,native,72553972.5890411,
20663760,native,12327063.79368421,
20663993,native,87197710.34117647,
20667885,native,61865352.926470585,
20664693,native,80673475.93827161,
20666384,native,75108752.0,
20668157,native,85566256.74285714,
20668279,native,43959170.666666664,
20669188,native,55471401.13636363,
20664204,native,51441173.8877551,
20668259,native,105535298.60344827,
20668326,native,59195192.511627905,
20668446,native,53418555.077586204,
20668266,native,78145869.58461538,
20663572,native,57811578.77108434,
20669282,native,87822319.07142857,
20663442,native,11516706.718106996,
20664016,native,89456933.77777778,
20666938,native,52806846.441176474,
20663901,native,66895496.5,
20667135,native,59773545.90163934,
20664510,native,39045822.246031746,
20663385,native,67314243.46666667,
20668272,native,67490168.7125,
20663478,native,22992451.82285714,
20666759,native,43546818.872,
20669234,native,60687459.086419754,
20668635,native,72814049.5308642,
20664228,native,89680245.38333334,
20663454,native,49264674.26190476,
20664885,native,80802990.98529412,
20669010,native,59860558.48192771,
20664085,native,36493994.306748465,
20663931,native,50663656.27,
20668317,native,61255717.855421685,
20664322,native,88662594.43373494,
20668353,native,96732437.8852459,
20663416,native,61354398.87179487,
20664135,native,64051485.84,
20664160,native,59574263.37837838,
20664181,native,81357803.9859155,
20663761,native,151336593.0,
20664041,native,61354232.41509434,
20663947,native,51107142.760416664,
20668394,native,71716035.02857143,
20667886,native,4068158.9829205805,
20668823,native,43775522.84615385,
20664694,native,40367989.10169491,
20668066,native,142392718.675,
20663900,native,72431793.93827161,
20664019,native,64901045.260416664,
20664158,native,90835856.29487179,
20668260,native,73469164.66037735,
20669189,native,49307123.23584906,
20663994,native,98055974.40983607,
20668327,native,44602327.80681818,
20668158,native,57096728.13,
20666385,native,107896748.9137931,
20663573,native,42839936.31428572,
20668280,native,113580657.2413793,
20664229,native,41345640.211267605,
20663656,native,48035355.02666666,
20664205,native,55460989.07079646,
20668447,native,42718983.39669421,
20664886,native,43585333.9875,
20669283,native,26390659.02403846,
20663902,native,61953422.3,
20666939,native,53272441.97894737,
20664025,native,53797925.10810811,
20666760,native,67342213.83076923,
20664511,native,27266446.230769232,
20663443,native,139952245.1,
20663386,native,37077329.43333333,
20664017,native,57134466.71296296,
20669235,native,49046575.190476194,
20667136,native,69650280.88235295,
20669011,native,24642036.479591835,
20663455,native,38882779.666666664,
20663932,native,67094176.67142857,
20668636,native,53561587.567567565,
20668354,native,52082464.90588235,
20663417,native,40260614.23478261,
20663479,native,79279027.42168675,
20668824,native,74072740.48484848,
20663934,native,20481654.772020724,
20664086,native,99943628.16363636,
20664161,native,57505518.06410257,
20664020,native,51173188.03076923,
20664028,native,20423588.28888889,
20663762,native,57020360.061728396,
20668395,native,62894149.633802816,
20663995,native,43176193.44262295,
20668067,native,37142062.104761906,
20664323,native,48812687.847328246,
20668318,native,56599409.317073174,
20664054,native,104255833.55357143,
20664042,native,45273299.01652893,
20668531,native,75631070.83333333,
20663948,native,59385556.117117114,
20669190,native,65196723.54794521,
20663609,native,108425096.02173913,
20667887,native,138948696.32,
20664887,native,42784393.75,
20668328,native,54908695.55339806,
20664026,native,49145500.43661972,
20666386,native,74236873.80821918,
20668281,native,72785803.08450705,
20663574,native,62586980.307692304,
20668159,native,108169485.41176471,
20664206,native,61813417.72093023,
20664695,native,53776225.69536424,
20666761,native,72524177.91176471,
20663903,native,103727991.0,
20663657,native,43318002.26241135,
20669236,native,27702898.96875,
20669284,native,91987665.98333333,
20664512,native,36935251.71333333,
20668448,native,67928876.05102041,
20663933,native,72549604.81034483,
20663387,native,88888466.25,
20663480,native,54810109.39393939,
20667137,native,63406565.55,
20666940,native,86650165.2112676,
20668718,native,108138315.62,
20668355,native,54007439.77333333,
20664230,native,73573357.20408164,
20663418,native,64615591.50793651,
20664018,native,43979079.72357724,
20668637,native,59730403.1875,
20663763,native,28873109.125925925,
20663456,native,61529017.03125,
20663935,native,95990225.89583333,
20664324,native,54439359.2739726,
20668825,native,54130084.24752475,
20664162,native,37560850.87692308,
20669012,native,78119568.1978022,
20668396,native,39453835.808,
20663632,native,67268464.98571429,
20664029,native,68646035.8076923,
20664087,native,37080396.154255316,
20664021,native,72781107.64705883,
20664043,native,49168609.38888889,
20663996,native,14746427.700913241,
20668532,native,66486982.60493827,
20666387,native,10717042.087878788,
20668160,native,41979242.276923075,
20663610,native,47183932.40776699,
20664055,native,26649645.01195219,
20668068,native,62857898.43362832,
20669191,native,47486764.55238095,
20663575,native,50021128.266666666,
20664696,native,40077200.791666664,
20664888,native,101430382.36,
20668329,native,15066197.166666666,
20663949,native,31477874.2464455,
20667888,native,72896053.17333333,
20668282,native,37188166.1884058,
20664207,native,58315526.54320987,
20664027,native,49419414.16521739,
20669237,native,73565052.55737706,
20664101,native,36724458.83783784,
20669285,native,42205660.07964602,
20664231,native,59297323.57575758,
20663388,native,18891110.710204083,
20666762,native,64736491.927710846,
20663457,native,53503894.053571425,
20668449,native,32738980.75,
20664513,native,112642162.45714286,
20668356,native,57569715.60526316,
20663904,native,55729586.3877551,
20663658,native,78945484.9859155,
20666941,native,48713470.79591837,
20668638,native,73782702.4,
20667138,native,39920958.45390071,
20663419,native,66962416.92307692,
20663481,native,63451338.12222222,
20663936,native,44419065.125,
20668719,native,104362089.62745099,
20668826,native,41355484.14851485,
20668203,native,21903417.6,
20664163,native,70923429.73972602,
20669013,native,95893580.0,
20664022,native,37430599.644067794,
20663764,native,52616594.34920635,
20668397,native,116723299.07317074,
20664056,native,46020718.51282051,
20663633,native,33137499.904761903,
20664030,native,92312673.93103448,
20664325,native,75922833.38461539,
20663611,native,49925627.631578945,
20664044,native,82898956.98360656,
20664088,native,78024720.58461538,
20668069,native,30816986.695652176,
20669192,native,57242566.2875,
20666388,native,86798171.07142857,
20668161,native,103818479.35849057,
20668533,native,59690238.63,
20663576,native,47392844.49557522,
20663997,native,98287425.6,
20666763,native,16143537.680555556,
20664889,native,32344023.298245613,
20663950,native,101149721.58333333,
20664232,native,48112823.64210527,
20668283,native,50628384.43362832,
20669238,native,61381225.525,
20664697,native,87297461.33802816,
20667889,native,114843454.91304348,
20668330,native,119974496.25,
20668366,native,87891058.27692308,
20664102,native,46386647.655172415,
20664514,native,39385151.96694215,
20663905,native,57772072.425,
20669257,native,54707926.4,
20663659,native,55913167.755813956,
20669286,native,43183304.66165414,
20664208,native,49422692.29710145,
20668827,native,67887356.43636364,
20668450,native,94866193.21428572,
20666942,native,103563119.43478261,
20663389,native,73353720.61842105,
20663482,native,57050221.27472527,
20668720,native,55485229.79120879,
20663458,native,90355191.97142857,
20664164,native,26455420.153846152,
20669014,native,52176477.58571429,
20668204,native,100491992.58695652,
20668357,native,31103235.966666665,
20667139,native,120218496.58,
20663420,native,43920977.06535948,
20664089,native,44163788.45,
20663765,native,57339720.7875,
20664326,native,47873251.44705883,
20668162,native,16955244.41573034,
20668639,native,82254701.28571428,
20668070,native,75041516.37931034,
20664023,native,42777726.79259259,
20664045,native,42960251.80869565,
20668398,native,44846929.39830509,
20663634,native,105311589.8888889,
20663612,native,58732714.755555555,
20664057,native,82729495.2112676,
20664890,native,19808104.552941177,
20668109,native,77035516.56410256,
20663951,native,40164790.12903226,
20669193,native,79584825.88571429,
20666389,native,49772109.8,
20668534,native,63887080.315789476,
20664698,native,42176410.6,
20663577,native,84616496.36666666,
20666764,native,92674674.52,
20663998,native,58120570.98058253,
20668367,native,74112654.92857143,
20664233,native,50464365.527472526,
20668284,native,52332178.6344086,
20663660,native,44720538.451612905,
20664103,native,28883785.153374232,
20669239,native,77007084.01538461,
20664209,native,49258400.61627907,
20668721,native,39198067.02197802,
20667890,native,51349763.942857146,
20668331,native,23597652.37394958,
20663390,native,29039024.160256412,
20664515,native,54259131.69306931,
20669287,native,54202610.25263158,
20668828,native,31189279.30994152,
20668451,native,69761448.76,
20669258,native,54055536.309734516,
20663906,native,73521444.74698795,
20668205,native,70408799.11666666,
20666943,native,45173925.5037594,
20664165,native,46382978.734513275,
20663483,native,58718416.80582524,
20663766,native,44919400.89108911,
20668640,native,52948797.84210526,
20667140,native,73200741.07142857,
20664327,native,34231310.691176474,
20669015,native,76712775.1875,
20668358,native,68751849.74074075,
20663459,native,79841008.68604651,
20668163,native,96061456.0,
20664090,native,56849776.99047619,
20668071,native,67318720.69736843,
20664046,native,56961478.307692304,
20663635,native,73667147.08333333,
20668399,native,38184188.3115942,
20664024,native,75207790.52112676,
20668132,native,103840260.8923077,
20664699,native,43923287.23478261,
20668535,native,54276241.43157895,
20664891,native,83134336.30136986,
20663952,native,67261955.27906977,
20664058,native,98258471.65151516,
20668110,native,56378137.077586204,
20663613,native,50078700.65068493,
20666765,native,63711352.8,
20669194,native,60672898.683168314,
20664234,native,17882787.935849056,
20667891,native,13434141.788519638,
20663661,native,72953066.6923077,
20666390,native,62749409.175925925,
20664516,native,86237350.95555556,
20668368,native,49234800.54954955,
20668285,native,18876637.74226804,
20664210,native,37728069.270676695,
20663999,native,42285550.23076923,
20669240,native,61199215.833333336,
20669288,native,59653840.45333333,
20664104,native,29046746.48292683,
20668722,native,41167038.85185185,
20668829,native,25821591.768817205,
20663578,native,46104624.27329192,
20668206,native,39303670.56034483,
20666944,native,6000562.573684211,
20663484,native,70369747.07142857,
20663907,native,79588828.5409836,
20669259,native,62230206.95348837,
20668452,native,34678604.22891566,
20663767,native,42436053.0776699,
20668332,native,77423193.03529412,
20663391,native,100413293.52307692,
20668133,native,30651286.115384616,
20664166,native,48101831.783783786,
20668359,native,67753538.76712328,
20668641,native,3998729.782130584,
20664047,native,52023618.2962963,
20668072,native,24338943.51075269,
20667141,native,15713744.477806788,
20664328,native,64347148.43181818,
20663460,native,18529369.743506495,
20669016,native,79542265.68421052,
20668164,native,56377979.89622641,
20663585,native,53000036.69306931,
20668400,native,103696246.41176471,
20663953,native,48896550.22448979,
20666766,native,26326803.011049725,
20663636,native,45519963.6625,
20668111,native,45399722.81904762,
20664091,native,134964037.96226415,
20664517,native,24952741.234939758,
20664059,native,48151691.04854369,
20664211,native,74110217.35849057,
20663614,native,121208986.97222222,
20664700,native,39279503.867549665,
20664105,native,89402678.45714286,
20664892,native,82642545.57746479,
20667892,native,45027729.25862069,
20669195,native,57620255.77551021,
20666391,native,115388701.69767442,
20668286,native,101989810.54166667,
20668536,native,78966471.15662651,
20669241,native,52397746.6,
20668723,native,56249196.55294117,
20664235,native,111360140.5,
20666945,native,100580627.73333333,
20663662,native,31555770.72857143,
20663579,native,55970307.51111111,
20669289,native,47705692.585365854,
20663392,native,41254621.645833336,
20668453,native,55441661.4117647,
20668333,native,37653786.23966942,
20663485,native,74956684.92424242,
20668369,native,83716428.75308642,
20663908,native,50246055.19444445,
20669260,native,67285923.64705883,
20664000,native,77228819.90625,
20668207,native,47478641.76712329,
20668073,native,71066545.08333333,
20664048,native,42546957.925925925,
20663768,native,57336825.36111111,
20667142,native,97356775.60465117,
20668134,native,64955196.68131868,
20668830,native,141698796.39215687,
20668360,native,55913355.01,
20669017,native,84449231.41509435,
20668165,native,77262733.7090909,
20663461,native,73896851.66666667,
20664167,native,83297665.1882353,
20668642,native,141007608.55,
20664329,native,54808060.22857143,
20663954,native,30969123.916030534,
20668401,native,69776714.56,
20663586,native,95675442.89583333,
20663615,native,40521418.989583336,
20664893,native,18802495.67857143,
20664701,native,40534973.19,
20666767,native,167331339.7857143,
20664060,native,69887183.91176471,
20664212,native,33184681.937062938,
20668112,native,73178492.81578948,
20666392,native,5101835.137254902,
20667893,native,71924561.23809524,
20664106,native,66383929.413333334,
20668724,native,28957585.92647059,
20664236,native,58556438.60655738,
20664092,native,32017573.115789473,
20669242,native,52383844.13953488,
20663637,native,59222928.05405405,
20664518,native,22571798.327586208,
20668537,native,56736329.666666664,
20668287,native,41826156.57251909,
20668454,native,121250895.27272727,
20663393,native,25226787.293269232,
20666946,native,97322438.23214285,
20663663,native,109011893.16,
20669196,native,64163935.42477876,
20668370,native,60374925.85227273,
20669290,native,54226406.58490566,
20663486,native,25371431.87280702,
20668334,native,78926645.0,
20663580,native,67877065.17894737,
20669261,native,39343785.54135338,
20663909,native,99321011.6,
20664001,native,91846036.33962265,
20668074,native,72787936.29411764,
20668166,native,22881712.805405404,
20669018,native,92244674.54347827,
20663769,native,72010614.13157895,
20664049,native,47653258.3,
20663462,native,54260569.125,
20668208,native,80334083.28,
20667143,native,69479207.29411764,
20668135,native,43016581.808823526,
20664330,native,92789135.54166667,
20668643,native,89643388.33333333,
20664168,native,47970591.26213592,
20668402,native,63890870.92307692,
20668361,native,51095332.68888889,
20663587,native,45410530.827586204,
20668831,native,81976575.62637363,
20664894,native,74273191.07936507,
20664213,native,65787624.20634921,
20663955,native,63431421.93406593,
20664061,native,67840858.07936507,
20666768,native,67054272.91780822,
20663616,native,83372149.15151516,
20667894,native,44861541.43564356,
20664702,native,50076796.358333334,
20664237,native,48910212.346938774,
20666393,native,104604864.10416667,
20669243,native,45852992.13636363,
20664093,native,75893683.95714286,
20668725,native,96262896.89655173,
20668455,native,40318643.54545455,
20668113,native,42811301.47260274,
20668538,native,56002074.19387755,
20663638,native,69173024.82716049,
20664107,native,41783552.94193549,
20668288,native,53532035.79611651,
20663394,native,28373039.09493671,
20664519,native,109815473.60465117,
20666947,native,54508908.57333333,
20663581,native,47845938.96,
20669019,native,37257455.2631579,
20669197,native,44719262.548672564,
20668371,native,61864804.75,
20663487,native,77258457.73846154,
20668075,native,67747743.25757575,
20668335,native,39201193.0882353,
20663664,native,58508650.58490566,
20663910,native,67557606.71794872,
20664002,native,36121639.94520548,
20669291,native,68772989.40659341,
20663770,native,63079117.102564104,
20668209,native,45697772.72815534,
20664331,native,48850453.82417583,
20668167,native,103632599.96226415,
20664050,native,57557004.45555556,
20668136,native,71289439.4923077,
20663463,native,44952210.56198347,
20668644,native,61093494.256410256,
20663588,native,42742398.8313253,
20669262,native,22905827.416666668,
20664169,native,36383201.685314685,
20667144,native,59119285.91578947,
20668403,native,100075519.63636364,
20663956,native,63466066.17142857,
20664214,native,38634836.896,
20664895,native,50213748.77227723,
20668362,native,66095043.44705883,
20666769,native,69702679.64705883,
20668832,native,41319105.96923077,
20664062,native,52075733.46534654,
20663617,native,40309286.4,
20666394,native,73762129.47692308,
20664238,native,102356641.8888889,
20668456,native,41048522.06930693,
20668114,native,67348396.63934426,
20663639,native,60563305.93442623,
20669244,native,51436277.44210526,
20664703,native,76979502.38571429,
20664094,native,39787517.35772358,
20666948,native,33000038.376923077,
20667895,native,64705424.98,
20668289,native,80460357.22413793,
20669020,native,68807924.28571428,
20668372,native,74342952.4262295,
20668539,native,73488269.69736843,
20668726,native,60192273.40952381,
20663582,native,40204593.41221374,
20664108,native,81792032.7,
20663771,native,19817544.370967742,
20663911,native,38686101.675925925,
20663665,native,45735506.62222222,
20668076,native,45303693.01980198,
20663488,native,56858577.8313253,
20664520,native,90713044.97183098,
20664051,native,54269080.23287671,
20663395,native,119512008.4,
20668210,native,88997246.6,
20663589,native,47385403.10465116,
20669292,native,61403791.270588234,
20664332,native,57356211.964705884,
20668645,native,4934566.23368421,
20668137,native,43761287.117117114,
20669198,native,98608614.4,
20664170,native,60867423.17142857,
20664003,native,68731565.56626506,
20668404,native,13231223.504950495,
20668168,native,73873889.22666667,
20663464,native,55653980.6,
20669263,native,94870354.81132075,
20667145,native,51238133.76415094,
20668336,native,102132676.80882353,
20663957,native,16852180.570945945,
20668833,native,73667752.48484848,
20668457,native,46653139.6625,
20664063,native,50986011.791666664,
20666770,native,43893760.4,
20664215,native,80503492.65714286,
20664896,native,44399480.865079366,
20668363,native,59140068.893203884,
20667896,native,49995375.21794872,
20664239,native,45445208.8,
20663640,native,42737765.554545455,
20664704,native,36953699.870229006,
20663618,native,77969916.71604939,
20666395,native,57110510.21904762,
20664095,native,71883543.67105263,
20668115,native,45953149.79259259,
20664109,native,54575486.986666664,
20668373,native,47324599.905263156,
20663583,native,11276466.853365384,
20668540,native,83024606.05660377,
20668290,native,80681411.06060606,
20669021,native,10974857.244444445,
20669245,native,85503049.15384616,
20668077,native,21072720.061611373,
20664521,native,83426951.20754717,
20663666,native,50891014.13,
20666949,native,126263726.38181818,
20669293,native,63963007.95081967,
20663590,native,57392583.0,
20668138,native,42164679.06315789,
20663912,native,93773813.6984127,
20663396,native,28103994.972222224,
20664052,native,99590447.82,
20664004,native,25630441.005847953,
20663489,native,57345007.52830189,
20668211,native,57947853.84,
20668646,native,93822587.7090909,
20665625,native,84087948.03448276,
20663772,native,83500263.8235294,
20668727,native,98878400.25925925,
20669199,native,8960638.815750372,
20668169,native,71374856.14666666,
20668337,native,58925269.2368421,
20663465,native,65794840.666666664,
20664333,native,51395356.323076926,
20668405,native,116029479.44,
20663958,native,105135225.47916667,
20667146,native,74498485.08974358,
20668834,native,57553376.10843374,
20669264,native,28819264.372197308,
20666771,native,49942290.65625,
20663641,native,81836537.8478261,
20664216,native,83145966.55172414,
20664897,native,53601052.09,
20668458,native,61618804.354166664,
20664064,native,47645688.20634921,
20664110,native,18832275.93170732,
20667897,native,46370706.19130435,
20664705,native,56247641.655555554,
20666396,native,46269353.846938774,
20664240,native,45453991.406504065,
20664522,native,24223539.814814813,
20664096,native,58441614.55555555,
20663619,native,46349498.72173913,
20668364,native,69020070.92222223,
20668116,native,44700671.19444445,
20669022,native,97718354.57777777,
20668291,native,56557942.506172836,
20663584,native,71933162.03030303,
20666950,native,45550095.2345679,
20668374,native,67071065.95180723,
20668078,native,97503786.58333333,
20668541,native,14886038.375979112,
20669246,native,86608062.73333333,
20669294,native,73727183.71428572,
20668139,native,4883803.426150121,
20663591,native,48802080.87777778,
20663667,native,34885279.897435896,
20664005,native,62377842.21212121,
20663397,native,96067552.36956522,
20666562,native,56031902.51764706,
20663490,native,85002183.93333334,
20664053,native,28294233.836734693,
20663466,native,52001133.62820513,
20668212,native,55913448.56666667,
20668728,native,37002471.76190476,
20668647,native,29544275.25,
20665626,native,51234936.352380954,
20669265,native,93188128.24390244,
20668170,native,67664834.23076923,
20663773,native,53792986.333333336,
20664217,native,19837630.404371586,
20668338,native,42902657.07317073,
20664334,native,56163972.48235294,
20669200,native,86100240.31818181,
20663959,native,69507033.30666667,
20663642,native,62591413.474358976,
20666772,native,60796172.435294114,
20668406,native,71166798.27058823,
20667898,native,60229735.4868421,
20667147,native,57237567.768518515,
20668835,native,71528654.375,
20664065,native,63010021.0875,
20668292,native,48025862.55263158,
20668117,native,47689064.37037037,
20666397,native,39890981.28125,
20668459,native,71612589.01282051,
20664706,native,51891621.95049505,
20663620,native,69592472.53846154,
20664523,native,50001197.61290322,
20664241,native,78691434.60606061,
20669247,native,25004702.550724637,
20664898,native,61046520.15533981,
20669023,native,45272709.75789474,
20664111,native,110200762.21568628,
20668365,native,4097404.7414187645,
20664097,native,64116452.011764705,
20664113,native,89259458.84482759,
20666951,native,46678945.025,
20669295,native,38102240.676691726,
20668079,native,87044456.3015873,
20663668,native,50910886.14851485,
20668140,native,87050585.4090909,
20668179,native,79485759.17391305,
20666563,native,52404179.71764706,
20668542,native,89738277.37878788,
20668375,native,49720192.5859375,
20664006,native,61857515.47674418,
20663592,native,48364381.51908397,
20663467,native,37292758.06153846,
20663796,native,84954132.18571429,
20665627,native,88138442.89130434,
20668729,native,66810704.78666667,
20663491,native,46114342.114503816,
20664335,native,44767734.9,
20663774,native,54868754.34883721,
20668171,native,61354299.884615384,
20666773,native,43625649.375,
20668213,native,86217834.08,
20668339,native,46139789.77118644,
20668648,native,89667429.41269842,
20663960,native,44411283.15841584,
20669201,native,74898976.27272727,
20664406,native,33333679.869318184,
20669266,native,20814516.780327868,
20667148,native,47603201.96511628,
20664707,native,18716620.745945945,
20666398,native,46262756.32098766,
20668460,native,53146927.112676054,
20668293,native,32345408.035460994,
20669024,native,50536929.5890411,
20663643,native,67641252.0117647,
20664098,native,32772791.346534654,
20664072,native,57552712.28571428,
20664242,native,48452581.92631579,
20663621,native,65841167.618421055,
20668407,native,89747083.93939394,
20668836,native,36883303.50310559,
20664524,native,100072043.67272727,
20664112,native,67531213.14102565,
20667899,native,58180099.027027026,
20668118,native,63879332.96842105,
20664114,native,33430623.173913043,
20664899,native,53552267.38938053,
20664066,native,58817882.09565217,
20668080,native,22403075.23979592,
20666952,native,79713010.1,
20668085,native,53668667.95180723,
20665628,native,13068221.13405797,
20668141,native,91453130.03921568,
20663669,native,90538692.6875,
20669248,native,100538990.63157895,
20668191,native,50831742.96296296,
20668180,native,137270405.65714285,
20669296,native,66621819.125,
20668376,native,85474452.74603175,
20668543,native,72652189.17333333,
20663593,native,59043512.7875,
20666564,native,55867824.91818182,
20663492,native,81505595.43396227,
20663797,native,35445555.30821918,
20668172,native,47973459.91111111,
20668730,native,75626152.5,
20664336,native,59405574.56818182,
20669202,native,66066884.777777776,
20668214,native,62442476.15384615,
20668340,native,57534307.82716049,
20664407,native,46617188.14285714,
20663775,native,37535380.86092715,
20667149,native,53726136.81927711,
20666399,native,21655511.7635468,
20668649,native,46636386.362068966,
20668461,native,52552677.43181818,
20666774,native,48386280.95419847,
20663961,native,74688224.16666667,
20664073,native,64438216.68181818,
20668294,native,60768993.08235294,
20669267,native,82056328.91780822,
20669025,native,62167487.26744186,
20668119,native,59977383.344262294,
20663644,native,74558254.63380282,
20664243,native,42820778.11818182,
20667900,native,49845257.9625,
20664708,native,122543146.45652173,
20663622,native,65638736.4,
20664099,native,107754577.81132075,
20664525,native,58797894.6626506,
20668837,native,100679935.92156863,
20668408,native,60181384.24752475,
20666953,native,52565291.623655915,
20664115,native,55232593.6407767,
20664067,native,41184423.53333333,
20668086,native,1549434.9080306564,
20668484,native,63339656.89,
20668192,native,43448213.514563106,
20668544,native,65044104.36923077,
20669297,native,46273418.22330097,
20663493,native,28243820.420289855,
20664900,native,48157478.006896555,
20668081,native,80071036.3882353,
20669249,native,69672529.06410256,
20668181,native,40709185.007246375,
20664337,native,80349039.07317074,
20668377,native,40584495.46564885,
20668731,native,48570283.344444446,
20668173,native,63961323.385714285,
20663594,native,70785294.32098766,
20666565,native,87516774.93442623,
20668215,native,12842959.607142856,
20668142,native,58954765.0661157,
20663798,native,61664950.60493827,
20665629,native,53007132.47857143,
20663670,native,78424413.24731183,
20664408,native,45800045.56603774,
20663962,native,52351535.86666667,
20668462,native,47124660.79120879,
20667150,native,57215450.32954545,
20669203,native,76148286.4520548,
20663776,native,65531169.92045455,
20667901,native,29235185.67647059,
20664244,native,27978919.066225167,
20668295,native,102784197.93023255,
20663645,native,69464086.12698413,
20668341,native,68876432.85714285,
20669026,native,51861768.916666664,
20664074,native,60758391.979166664,
20669268,native,56954127.458333336,
20666400,native,69515911.65306123,
20668120,native,46168610.18644068,
20666775,native,111708584.19642857,
20664526,native,29523827.45238095,
20664116,native,9275639.579545455,
20668650,native,97690852.61333333,
20664709,native,52146218.91304348,
20663623,native,46555379.0661157,
20668485,native,67076852.81034483,
20664100,native,51510808.54054054,
20668838,native,55774072.9009901,
20666954,native,57377977.72289157,
20668087,native,80344914.32,
20668193,native,46685106.5882353,
20668545,native,45771792.870588236,
20664068,native,86609365.75,
20668409,native,53036979.70247934,
20663595,native,49579196.20547945,
20669298,native,68075136.01315789,
20668174,native,46300540.375,
20664338,native,21448816.98319328,
20669250,native,60618427.27472527,
20668378,native,54664261.41052631,
20668082,native,83577073.3235294,
20666566,native,29932253.987951808,
20663671,native,57644081.065789476,
20664901,native,68946738.86666666,
20668143,native,87265104.01886792,
20668216,native,59687288.44318182,
20668182,native,90277919.0,
20663777,native,54308768.442857146,
20663494,native,23249542.09177215,
20663799,native,59255613.155555554,
20664409,native,64653975.026315786,
20668732,native,113840301.87931034,
20665630,native,70480731.5308642,
20664245,native,79875258.64,
20669204,native,15453343.56,
20663963,native,60701919.645833336,
20669269,native,54619088.34848485,
20663646,native,64769343.39726027,
20669027,native,74555064.0862069,
20668463,native,38233840.75949367,
20666401,native,59765140.705882356,
20664075,native,51856038.825581394,
20667902,native,72832062.12,
20668121,native,34108114.015873015,
20666776,native,59862305.48571429,
20668507,native,70077801.44871795,
20668342,native,54133092.17821782,
20664117,native,56371772.77142857,
20663624,native,63277771.04615384,
20667151,native,84515983.80681819,
20668088,native,52140350.666666664,
20668651,native,63632010.22666667,
20668194,native,48749647.0,
20668486,native,35033779.537974685,
20664710,native,74084121.34666666,
20663784,native,45440838.278195485,
20666955,native,86535349.38095239,
20668546,native,61687568.27906977,
20664527,native,52591595.830882356,
20669299,native,40218894.38181818,
20668410,native,73991092.0735294,
20666567,native,59877519.68253968,
20664069,native,28452840.666666668,
20668175,native,90442843.2264151,
20663596,native,55075130.65625,
20668379,native,47602597.43877551,
20668839,native,79364175.29032259,
20664339,native,64663449.223684214,
20669251,native,56628570.31395349,
20668144,native,39932075.00884956,
20663672,native,52719964.86363637,
20668083,native,17296358.93023256,
20664902,native,78291890.76190476,
20668183,native,47266352.33018868,
20664410,native,27790889.42261905,
20663964,native,51723537.5890411,
20663800,native,46349811.74528302,
20663495,native,123066724.89473684,
20663647,native,69002678.56896552,
20669028,native,59381939.9868421,
20668122,native,73501261.67272727,
20668733,native,56999510.17821782,
20668217,native,52122956.9453125,
20664076,native,57428206.5,
20665631,native,67150584.05813953,
20666402,native,29122360.351190478,
20663778,native,73872769.31764705,
20667903,native,27013391.240437157,
20669270,native,48033545.12068965,
20668195,native,9622030.786885247,
20668464,native,86451803.13846155,
20664265,native,78240513.26229508,
20664246,native,44951620.53900709,
20668508,native,51033083.4,
20669205,native,113474312.86206897,
20664118,native,64931574.77108434,
20667152,native,60724851.95180723,
20663625,native,50528461.24528302,
20668089,native,55931225.94623656,
20663785,native,54595792.06060606,
20664711,native,51794958.79069767,
20668652,native,31092745.55248619,
20666777,native,66069452.96,
20666956,native,21696790.48292683,
20668487,native,56132067.524271846,
20669300,native,57992082.693333335,
20668547,native,43513222.15447155,
20668411,native,59064575.84090909,
20668176,native,90899003.1875,
20666568,native,60041473.3625,
20664528,native,21070258.539568346,
20669252,native,81300586.92,
20668380,native,70326936.0,
20668840,native,69662248.88571429,
20668145,native,44767835.17699115,
20664340,native,89802978.73770492,
20663597,native,55247483.45454545,
20668184,native,65674630.97058824,
20664903,native,35199051.95945946,
20663965,native,45613529.7735849,
20664070,native,32805936.985714287,
20664411,native,71130557.5479452,
20663496,native,41206001.176,
20663673,native,28519925.327433627,
20668734,native,57965487.5375,
20668084,native,96723876.36764705,
20669029,native,31142458.99386503,
20663648,native,62585022.19318182,
20664247,native,45619722.89772727,
20663779,native,62934385.756410256,
20668123,native,14128670.369620252,
20667904,native,65608419.30136986,
20669206,native,52830603.78082192,
20664077,native,54452426.91428571,
20666403,native,109743203.9,
20668509,native,30296597.333333332,
20665632,native,3868668.210967742,
20668465,native,77432425.66666667,
20668218,native,70345288.60240965,
20663801,native,79544775.37777779,
20669271,native,67408296.10465117,
20668196,native,87999350.83606558,
20668090,native,50516552.46511628,
20667153,native,57691157.0,
20663626,native,79588807.3076923,
20664712,native,33869024.4117647,
20666957,native,95654461.10869566,
20664266,native,59616713.61261261,
20664119,native,105793971.0,
20663786,native,68671713.34408602,
20666778,native,74346770.60526316,
20669301,native,51230850.428571425,
20668653,native,89510991.3235294,
20668488,native,99430062.11320755,
20666569,native,81042176.96428572,
20668548,native,51178556.89622641,
20668381,native,29777244.11875,
20668146,native,20544501.885714285,
20664529,native,39715506.10687023,
20668841,native,43229762.95454545,
20669253,native,48402610.324074075,
20668412,native,77686322.94117647,
20668177,native,52177113.686956525,
20668185,native,30618117.562091503,
20664904,native,46988341.64814815,
20663966,native,71408800.32394366,
20663497,native,92115151.51162791,
20664341,native,47810508.86776859,
20664071,native,102278565.43478261,
20663649,native,57945799.25352113,
20664412,native,52181698.91836735,
20663598,native,35224590.94219653,
20664248,native,53768848.013333336,
20667905,native,58323489.77272727,
20669030,native,98155945.15555556,
20668765,native,147397887.5483871,
20668124,native,79163072.96428572,
20663802,native,29742833.87857143,
20663674,native,105393244.73214285,
20668735,native,63016894.3877551,
20668197,native,47597159.384615384,
20665633,native,90801192.05882353,
20666404,native,81543430.60655738,
20668219,native,67357543.37179486,
20668466,native,72920740.12676056,
20663780,native,100320878.39655173,
20667154,native,31702870.21192053,
20668510,native,75697576.76056337,
20663627,native,36318053.78703704,
20669207,native,83388970.85915492,
20666958,native,70401239.69642857,
20664713,native,82658936.25454545,
20667968,native,34669652.87958115,
20668091,native,73906249.675,
20664267,native,86311167.13207547,
20663787,native,71769795.64705883,
20669272,native,45445710.827586204,
20666779,native,85186536.04166667,
20664120,native,46413218.16216216,
20668654,native,46140174.942857146,
20668489,native,26515249.28888889,
20669254,native,50538459.192307696,
20666570,native,36230300.33571429,
20664530,native,77701776.52459016,
20668147,native,61156767.575,
20668842,native,54069117.18681318,
20669302,native,69414641.06666666,
20668178,native,41260788.584745765,
20668413,native,58608534.44086021,
20668382,native,90570704.09230769,
20668549,native,70170812.875,
20668186,native,65333346.79487179,
20663967,native,69228114.27142857,
20664413,native,24958688.765027322,
20664249,native,57134887.07692308,
20664905,native,78686195.80882353,
20664342,native,66059130.1369863,
20663650,native,52017642.24731183,
20663599,native,66535732.78571428,
20668766,native,82543368.68627451,
20669031,native,66728085.67605634,
20668226,native,41744709.08571429,
20663498,native,62150031.81,
20666405,native,64754588.11111111,
20667906,native,53370462.0,
20663781,native,47785071.0,
20668220,native,41761557.94444445,
20668198,native,43793966.18644068,
20663675,native,47569584.825,
20668511,native,61587510.82191781,
20668125,native,80471384.81578948,
20668467,native,71025899.64788732,
20665634,native,74684289.44,
20668092,native,5291093.148502994,
20668736,native,39335027.29487179,
20663803,native,50879097.4765625,
20666959,native,41484764.040650405,
20664714,native,63830008.79452055,
20663628,native,49634049.725663714,
20667969,native,56794039.01204819,
20667155,native,54294505.93693694,
20663788,native,67244578.29411764,
20669208,native,68144602.98863636,
20664268,native,34449746.59440559,
20668490,native,51651062.152941175,
20668843,native,42469384.0,
20669273,native,78809918.92957747,
20669255,native,42833607.391666666,
20666780,native,75318743.17283951,
20668148,native,47621312.344444446,
20666571,native,58453903.03488372,
20668655,native,39249458.97419355,
20664121,native,74407012.25274725,
20669303,native,75246162.71212122,
20664531,native,56575804.615384616,
20668187,native,55467126.10526316,
20663703,native,41905039.013986014,
20668383,native,63030316.58139535,
20663651,native,33124952.55882353,
20666406,native,24207174.48,
20664414,native,116230146.58139534,
20669032,native,36194002.515625,
20667907,native,51391000.16901408,
20664250,native,71425438.35211268,
20668414,native,85233417.32857142,
20663968,native,69898340.3375,
20664906,native,57568960.838709675,
20664343,native,43980471.344,
20668550,native,49345405.70676692,
20668227,native,44593907.30630631,
20663600,native,49019641.3359375,
20664715,native,44087695.04,
20665635,native,30238915.865079366,
20668468,native,22223364.855555557,
20668767,native,81618879.59210527,
20663782,native,49375768.126213595,
20666960,native,53578811.89705882,
20668221,native,94340222.54347827,
20663499,native,26829846.542986427,
20668093,native,84217226.78431372,
20668199,native,78265647.64285715,
20663629,native,65228924.583333336,
20668126,native,87873861.35,
20663676,native,57550839.49473684,
20668737,native,61982941.666666664,
20668512,native,51923564.28695652,
20667156,native,133808265.25,
20667970,native,73702493.47142857,
20663804,native,48790169.8220339,
20664269,native,52203799.520833336,
20663789,native,42578299.531034485,
20666572,native,44394897.21111111,
20668491,native,7207284.167901235,
20668149,native,13999577.01724138,
20666781,native,72697316.5,
20668844,native,72566413.61842105,
20669209,native,46898940.086666666,
20669274,native,29049633.429268293,
20668656,native,97197771.70833333,
20664122,native,36906355.88148148,
20669304,native,108036585.44444445,
20669256,native,68591541.48235294,
20664415,native,32230618.6,
20668188,native,45135729.13333333,
20664532,native,43029328.50769231,
20663704,native,69000690.63235295,
20664251,native,63686763.333333336,
20666407,native,11058829.24269663,
20668228,native,48999952.63333333,
20669033,native,103938659.4375,
20664344,native,93344368.66666667,
20663783,native,50497120.21052632,
20668384,native,51767237.80833333,
20664907,native,38900698.6,
20668768,native,42375586.06930693,
20667908,native,92685881.43333334,
20668094,native,70846937.39622642,
20663500,native,61572942.09836066,
20668551,native,67220647.91764706,
20664716,native,46937768.8,
20668469,native,81690368.76190476,
20663652,native,53926760.822222225,
20668513,native,60040272.428571425,
20663601,native,64747964.777777776,
20666961,native,77828784.87142856,
20668415,native,74832156.73684211,
20668200,native,61146181.72289157,
20663969,native,24475799.774193548,
20665636,native,61798843.03883495,
20668127,native,66527353.97333334,
20667157,native,49109871.04819277,
20664270,native,52627287.18072289,
20667971,native,26326597.914893616,
20663677,native,39594664.76712329,
20663630,native,60683968.46226415,
20663790,native,59974561.63013699,
20668738,native,45970678.48251748,
20668492,native,83734092.95555556,
20663805,native,68013344.05813953,
20668222,native,72945442.4090909,
20668657,native,41572859.260416664,
20666573,native,70957060.39705883,
20664123,native,16393454.78358209,
20666782,native,68685398.0,
20668229,native,49705459.928571425,
20664533,native,46149735.31182796,
20664781,native,60020333.65,
20669275,native,115152470.05,
20669210,native,29991377.64736842,
20668189,native,44235122.310679615,
20668150,native,105157439.29310344,
20668845,native,127146206.9375,
20669305,native,80416246.76190476,
20664416,native,66574375.36986301,
20664345,native,51990435.575,
20664252,native,56110750.9047619,
20666408,native,67447357.5625,
20663705,native,50388786.24576271,
20669034,native,50920322.16,
20668769,native,68027732.98571429,
20663653,native,87379886.20930232,
20664717,native,45322576.0,
20666656,native,79916152.3030303,
20666962,native,44690232.74117647,
20668095,native,85154281.75409836,
20668514,native,44925977.66037736,
20667909,native,53289286.268518515,
20668201,native,39339179.58490566,
20664908,native,61193471.23469388,
20663501,native,36508185.50931677,
20665637,native,44694615.6952381,
20668552,native,75670406.91025642,
20667158,native,51369309.61363637,
20667972,native,98787427.55,
20663631,native,64447974.5,
20668385,native,81033199.5909091,
20663602,native,60978036.71428572,
20663791,native,87404748.04878049,
20663678,native,57297928.430232555,
20668470,native,80151308.83132531,
20668739,native,54993046.974358976,
20668416,native,54673568.45,
20668493,native,49905821.87912088,
20668128,native,63667687.64285714,
20663970,native,129921596.04347827,
20664271,native,63951988.684210524,
20668658,native,63759758.56338028,
20663806,native,21608392.245833334,
20668223,native,48910459.407079645,
20664782,native,59319769.26470588,
20669306,native,20498022.629107982,
20669211,native,30421227.076923076,
20664124,native,92645865.55172414,
20668230,native,56930600.13333333,
20669276,native,53721126.279569894,
20668151,native,62214340.671052635,
20668190,native,111075861.53488372,
20666574,native,55920202.16521739,
20668846,native,69461891.57831325,
20666783,native,59740440.057142854,
20666409,native,86533139.82,
20664534,native,93375230.95588236,
20664253,native,40400554.652542375,
20663706,native,66150537.27142857,
20664417,native,57171779.54545455,
20663654,native,102645366.4,
20666963,native,104139337.65,
20664346,native,48389177.5859375,
20667159,native,28381461.984962407,
20668096,native,3409253.488888889,
20664718,native,23695021.042372882,
20669035,native,48896613.64,
20668515,native,49153624.56122449,
20668770,native,63975833.03225806,
20666657,native,58324457.358490564,
20667910,native,38942972.69863014,
20664909,native,49371363.89380531,
20668386,native,56241056.27160494,
20663502,native,77166536.8028169,
20667973,native,46323496.277777776,
20668202,native,54056140.75471698,
20665638,native,41681409.407692306,
20667921,native,42127613.125,
20668553,native,95119190.25396825,
20663792,native,82356247.29411764,
20668471,native,60890748.093023255,
20668740,native,47949345.594339624,
20663603,native,75519373.4625,
20668129,native,29231480.647727273,
20668659,native,49774399.91111111,
20663807,native,67314049.01515152,
20663971,native,50070069.981818184,
20668231,native,42553890.475,
20668417,native,120902284.06666666,
20663679,native,62462226.66,
20668224,native,62071266.211267605,
20664783,native,22347756.311627906,
20664272,native,54755016.99047619,
20668494,native,66571259.40625,
20669277,native,39501035.324074075,
20668152,native,27414026.30357143,
20669212,native,93405324.52830188,
20669307,native,75343450.08219178,
20668847,native,57232197.450704224,
20668387,native,71917774.62820514,
20668788,native,69560545.57954545,
20663707,native,39366670.442477874,
20666575,native,50345901.422413796,
20664347,native,50537379.7,
20666784,native,74215026.05882353,
20663655,native,39468074.9537037,
20664418,native,43312132.06666667,
20664254,native,50160770.051020406,
20664535,native,104579032.11627907,
20666964,native,50625212.32631579,
20666410,native,21770450.416666668,
20668097,native,95553721.08888888,
20667160,native,80106814.25,
20668771,native,69198347.8095238,
20664719,native,87194307.09433962,
20664910,native,49166423.97530864,
20669036,native,58407017.177777775,
20663503,native,49188671.1882353,
20668516,native,65161191.313253015,
20666658,native,80502684.98529412,
20663726,native,71548797.67142858,
20663793,native,41390580.514563106,
20667922,native,53341965.83516484,
20663680,native,71339657.16,
20668130,native,71693830.41269842,
20668554,native,67768805.45714286,
20667911,native,5217830.51846033,
20663819,native,45947581.48251748,
20667974,native,58178954.74074074,
20665639,native,85936313.03947368,
20663604,native,51687176.92380952,
20668660,native,50640592.8490566,
20663808,native,35046369.7278481,
20668472,native,69007306.32954545,
20664273,native,43709792.53982301,
20663972,native,67411553.775,
20668495,native,49081741.82653061,
20668418,native,91229322.09836066,
20664784,native,67504425.7,
20669278,native,48790217.27184466,
20668232,native,83120736.74285714,
20668225,native,42424454.37762238,
20668153,native,70941143.74666667,
20669213,native,93781242.22,
20669308,native,56122669.152941175,
20668741,native,109072411.01470588,
20668848,native,56129311.16483516,
20663708,native,80023031.9,
20664419,native,46188135.71287129,
20667161,native,31155173.943396226,
20664255,native,40205866.79661017,
20664348,native,69743909.75342466,
20668388,native,13136474.534090908,
20666785,native,39843263.42222222,
20668789,native,25965328.536796536,
20666576,native,49208832.05217391,
20664536,native,63793322.75294118,
20663504,native,30803742.10619469,
20664720,native,29049157.363636363,
20668098,native,67228767.11267605,
20663738,native,81569564.33333333,
20666411,native,81221335.88235295,
20668772,native,37747693.13235294,
20666965,native,78107397.51315789,
20664911,native,44775999.0,
20668517,native,89354448.80392157,
20666659,native,43995885.62962963,
20663794,native,51647086.68604651,
20663727,native,53983455.231578946,
20663820,native,50387576.921052635,
20668661,native,47246033.01428571,
20669037,native,44194873.25531915,
20667923,native,17724639.0,
20663681,native,45473738.21,
20667975,native,58138206.881578945,
20665640,native,49416349.01136363,
20668555,native,65993876.025641024,
20663605,native,64435314.54794521,
20667912,native,68969179.66666667,
20668131,native,34248160.78034682,
20663809,native,72024071.77272727,
20669279,native,65738778.634920634,
20668419,native,78811504.31034483,
20669214,native,29814219.15,
20664274,native,54931732.41836735,
20663973,native,18738409.31756757,
20668233,native,10550978.622754492,
20663606,native,51018864.86734694,
20668473,native,59053710.166666664,
20664785,native,79007283.7,
20669309,native,39657314.04580153,
20668154,native,63936129.2345679,
20663709,native,11871306.449382717,
20668496,native,103566538.96721311,
20668790,native,67405543.16981132,
20664349,native,49572447.105882354,
20664256,native,65762139.62857143,
20667162,native,48440377.895238094,
20666577,native,60912307.50704225,
20664420,native,70600483.65384616,
20668849,native,72704332.10843374,
20663505,native,74874886.53571428,
20668742,native,86489915.36619718,
20664721,native,68030537.5909091,
20663739,native,27071010.79375,
20666786,native,49292415.87931035,
20668389,native,159840978.63636363,
20663795,native,38500759.35294118,
20666412,native,47946179.63888889,
20664537,native,79367578.0,
20663821,native,50888779.71232877,
20664912,native,33966135.70945946,
20668099,native,118910154.06,
20666966,native,55127444.231481485,
20666660,native,85234607.42857143,
20669038,native,40834683.6036036,
20663728,native,65009994.02666666,
20668518,native,39277523.83448276,
20668773,native,80219438.8625,
20667924,native,63034301.375,
20667976,native,54485191.96842105,
20668556,native,52442276.344444446,
20663732,native,55837919.77333333,
20668662,native,72315797.03703703,
20663810,native,36018084.92561983,
20663682,native,88521354.88235295,
20669280,native,49358415.35164835,
20667913,native,79594981.41269842,
20665641,native,63895381.722222224,
20663607,native,34598784.539130434,
20669215,native,65860103.558823526,
20668234,native,94993046.04347827,
20668420,native,51774620.78095238,
20668497,native,34662711.984126985,
20663831,native,46312450.01986755,
20664275,native,49233310.56034483,
20663710,native,99128104.92682926,
20664786,native,58921106.44705883,
20669310,native,54933447.16842105,
20668155,native,60855076.79069767,
20668474,native,22177266.7245283,
20664722,native,50483276.62962963,
20664421,native,62145322.6617647,
20664257,native,50509624.22857143,
20664350,native,45489044.45,
20667163,native,61961447.24691358,
20666578,native,49526804.905660376,
20668743,native,55224096.277777776,
20666468,native,68114325.31147541,
20668850,native,74071134.04225352,
20668791,native,73467981.23655914,
20663974,native,95434705.03529412,
20666787,native,42858722.15079365,
20663506,native,45718084.538461536,
20664734,native,66840459.928571425,
20666413,native,22619365.380090497,
20663822,native,55048851.34117647,
20664538,native,53915962.38636363,
20664913,native,50520922.530612245,
20663740,native,98861007.22950819,
20666661,native,79992603.78688525,
20668519,native,57488694.0,
20669039,native,72695779.4923077,
20663811,native,24872671.028571427,
20666967,native,53935381.75510204,
20668774,native,84885611.93442623,
20668100,native,57384690.17117117,
20663729,native,81586883.6984127,
20667914,native,47092457.54216868,
20669093,native,76375437.44642857,
20667925,native,95565196.6,
20663733,native,44234990.14049587,
20667977,native,61355856.208333336,
20668663,native,44574100.45038168,
20668235,native,50034472.79518072,
20663832,native,36200540.71,
20668421,native,44557692.46315789,
20669311,native,53632325.678571425,
20663608,native,46761663.37735849,
20668557,native,107301719.26666667,
20664276,native,22678634.9,
20663683,native,56764990.58558559,
20665642,native,119076932.35294117,
20669216,native,69129579.10227273,
20667164,native,70036718.11764705,
20663711,native,10148364.143953934,
20668525,native,182911604.12,
20664787,native,61404064.0,
20668498,native,79720458.35294117,
20664723,native,43600802.61904762,
20664351,native,37458323.38888889,
20668792,native,38723880.21875,
20668475,native,82646222.61904761,
20663507,native,61551757.862068966,
20664258,native,53567783.854166664,
20664422,native,45821865.75423729,
20668744,native,60517794.42045455,
20666579,native,48737681.862068966,
20666788,native,52307843.61111111,
20666469,native,64178064.744444445,
20663975,native,78846983.77049181,
20664735,native,42020687.43650793,
20666414,native,82543966.71428572,
20668851,native,71535305.25806452,
20666968,native,8298421.732368897,
20668520,native,20824833.776,
20663812,native,50657679.469387755,
20666662,native,53598765.12871287,
20667915,native,46957090.129411764,
20663823,native,67180621.9368421,
20663741,native,41174997.49655172,
20664914,native,40588655.013333336,
20667926,native,43150914.80645161,
20663730,native,39522594.96363636,
20669040,native,50381203.522522524,
20669094,native,78666060.78,
20668775,native,58690724.68817204,
20664539,native,98349631.43835616,
20668101,native,93917564.61904761,
20668664,native,31321340.205298014,
20663833,native,53025281.77906977,
20667978,native,77157859.09230769,
20663684,native,62010699.676923074,
20668236,native,46930248.946902655,
20668558,native,74291115.25714286,
20669217,native,76403805.86206897,
20663734,native,76235717.16867469,
20663712,native,8521194.807619048,
20664788,native,49649773.61728395,
20669312,native,54458265.7962963,
20665643,native,47777434.47,
20668906,native,45353849.375,
20668422,native,82681640.52564102,
20668499,native,50459636.90625,
20663508,native,51929110.87671233,
20664724,native,66554027.76,
20668793,native,51395808.35227273,
20664277,native,79854643.28395061,
20664259,native,44793980.43809524,
20667165,native,25870518.21632653,
20664423,native,48785979.55789474,
20666580,native,7917649.118546845,
20668745,native,84231105.725,
20664352,native,49266349.70229007,
20668526,native,44731139.30909091,
20666470,native,59299109.74117647,
20668476,native,64371673.87128713,
20668852,native,32952776.078125,
20664736,native,19235322.789667897,
20663976,native,55235224.27,
20663813,native,92426808.55,
20663824,native,58224004.51470588,
20667916,native,37422571.92035398,
20666415,native,55078171.39795918,
20666789,native,61773167.316831686,
20666663,native,60147617.67123288,
20669041,native,8734965.635477582,
20664915,native,57050659.58974359,
20668521,native,100436360.6226415,
20666969,native,100281932.05,
20668665,native,84682299.46,
20663742,native,98638685.44262294,
20668102,native,58014099.39506173,
20667927,native,79015650.14814815,
20664540,native,90577136.26785715,
20663735,native,47100060.38271605,
20669095,native,83506994.52,
20663731,native,63416683.02970297,
20668776,native,56659537.04716981,
20668423,native,37852583.395604394,
20667979,native,76107939.51428571,
20663685,native,52275554.99,
20668237,native,47896627.56637168,
20664789,native,45188543.24271844,
20668559,native,55266544.733333334,
20669218,native,60713115.270588234,
20663713,native,126284968.10526316,
20668746,native,4499650.807783019,
20663834,native,84482882.49382716,
20668500,native,55063199.50537635,
20664260,native,54013493.473684214,
20668907,native,62503987.87777778,
20663509,native,67106021.45679013,
20665644,native,52832602.90677966,
20668477,native,60387626.0754717,
20669313,native,66693549.21052632,
20668794,native,75827548.29333334,
20664424,native,25920542.1875,
20664278,native,94686156.04918033,
20667166,native,59902668.48,
20664725,native,100416680.25396825,
20664353,native,74477466.3015873,
20666581,native,104857993.39215687,
20666471,native,44920664.06306306,
20663814,native,69082211.49180327,
20666664,native,56032162.7260274,
20666790,native,38314734.91818182,
20664737,native,54226553.166666664,
20663977,native,51797482.55555555,
20667917,native,38827088.248,
20668527,native,57166542.82524272,
20668853,native,76955107.65333334,
20663825,native,72931117.0735294,
20666416,native,54652896.72631579,
20664916,native,45399641.8490566,
20668522,native,64493710.32857143,
20669042,native,108017156.5490196,
20667944,native,47644823.3125,
20664541,native,24154961.917127073,
20667928,native,15624947.320284698,
20668666,native,23173185.99557522,
20666970,native,57187515.45714286,
20663743,native,78645297.10958904,
20663686,native,36511138.030075185,
20669096,native,47151079.983050846,
20668103,native,40809592.606451616,
20668501,native,25478536.147435896,
20663736,native,59640666.38,
20668424,native,39855243.6013986,
20668777,native,54093095.21296296,
20667980,native,55480064.28703704,
20664790,native,68987554.52941176,
20669219,native,109900915.64705883,
20668795,native,74381047.4509804,
20668560,native,59139245.504854366,
20668908,native,83844519.68965517,
20663835,native,34620671.84117647,
20668478,native,70305208.48529412,
20665645,native,46535438.163636364,
20668747,native,128089416.95348836,
20669314,native,54965044.29473684,
20664261,native,53000768.981981985,
20668238,native,46773795.32258064,
20664279,native,13835439.587878788,
20663714,native,100723169.62068966,
20663510,native,63727344.58947369,
20666582,native,78789805.42857143,
20663815,native,39760313.43396226,
20667167,native,83610769.84126984,
20664354,native,53226697.27722772,
20667918,native,50997020.24705882,
20663826,native,60164283.48571429,
20663978,native,33327282.0,
20666791,native,60009936.975,
20664425,native,69669820.95789474,
20666665,native,74627893.82894737,
20666472,native,72727435.26744185,
20668523,native,36099376.676470585,
20668854,native,60367089.177777775,
20664726,native,50692940.46376812,
20667945,native,56722658.68571428,
20664738,native,27118155.95473251,
20668528,native,57986976.68867925,
20664917,native,36655636.42405064,
20664542,native,72638080.38333334,
20669043,native,89343977.90476191,
20667929,native,59596898.40625,
20663687,native,46936682.020833336,
20668502,native,96174180.94736843,
20668778,native,26154305.70945946,
20668667,native,98015907.77586207,
20666417,native,113409973.43076923,
20668909,native,13930225.992248062,
20663737,native,33747746.68965517,
20666971,native,111454099.64,
20669220,native,24917284.660818715,
20668561,native,57280634.47142857,
20664791,native,54331746.20879121,
20668425,native,53015640.81818182,
20663744,native,16067841.071925754,
20663836,native,71637735.63793103,
20668104,native,111170626.94339623,
20667981,native,4098109.8239831696,
20665646,native,14803878.01898734,
20669097,native,57221301.391666666,
20668239,native,5505069.446118193,
20669315,native,80859638.19642857,
20668748,native,48782077.811881185,
20668479,native,99472986.50943395,
20668796,native,84677366.7260274,
20666583,native,23496996.08,
20663511,native,71171614.19672132,
20663816,native,58426555.5,
20663827,native,58580608.15384615,
20666792,native,20404954.844660193,
20664262,native,59324888.61,
20664355,native,58070238.375,
20663715,native,65786585.85263158,
20664280,native,75760578.91764706,
20667919,native,32055233.335260116,
20664727,native,53284059.038461536,
20666666,native,37568881.5390625,
20663979,native,89525616.47540984,
20668524,native,66473625.6617647,
20664426,native,53862612.36893204,
20668529,native,49809683.16049383,
20667946,native,64327239.073529415,
20667168,native,51559679.88,
20666473,native,103897791.1764706,
20668855,native,74784687.58666667,
20664918,native,54084502.733333334,
20664739,native,112696857.86666666,
20668503,native,22221590.015151516,
20669044,native,46909370.92380952,
20668668,native,40995416.154545456,
20668779,native,80818628.91071428,
20666972,native,59924850.21538462,
20666418,native,41673781.06481481,
20667930,native,66322772.37179487,
20664543,native,41419426.40384615,
20663688,native,59604928.52040816,
20664288,native,31736119.7483871,
20668910,native,42534318.43089431,
20668562,native,83918033.30909091,
20668426,native,75967043.0,
20664792,native,57545099.72727273,
20663745,native,76852367.4090909,
20668749,native,52226068.65116279,
20668240,native,93112775.72916667,
20665647,native,80174279.46031746,
20664263,native,37456707.663157895,
20669098,native,79970681.93103448,
20668480,native,62402124.95714286,
20663837,native,69850609.50602409,
20669316,native,59030777.98888889,
20669221,native,96783116.58823529,
20668797,native,52774471.844444446,
20663817,native,48754642.231578946,
20667982,native,55590624.34234234,
20668105,native,55758684.02586207,
20664356,native,21337828.995121952,
20663828,native,58787761.52272727,
20666793,native,78239613.62295082,
20666584,native,133001503.5483871,
20663512,native,58992263.35714286,
20664281,native,79672319.48214285,
20663720,native,30856007.575163398,
20663980,native,38164476.325203255,
20663716,native,74737171.25352113,
20667920,native,65444948.384615384,
20667169,native,4751492.363006924,
20664728,native,56383151.69318182,
20668530,native,72979389.87878788,
20667947,native,24404991.896713614,
20664427,native,38442916.37748344,
20666973,native,61507692.217391305,
20664919,native,47614119.46534654,
20664740,native,64996241.52054795,
20669045,native,34900923.640625,
20668780,native,40758625.35,
20666474,native,42277735.0942029,
20664544,native,46289851.66990291,
20668669,native,76510615.12121212,
20666667,native,158801159.88372093,
20667931,native,49058703.32038835,
20668856,native,62703800.66037736,
20668504,native,68553167.1627907,
20663689,native,57365686.2345679,
20668563,native,38661425.18699187,
20664289,native,64405616.025,
20663746,native,39905194.64444444,
20668427,native,70499981.25,
20664793,native,78572761.5862069,
20668911,native,106762296.03921568,
20663838,native,65220194.25,
20668750,native,18578278.455284555,
20666419,native,58179393.44715447,
20668241,native,96554658.625,
20669222,native,44302336.604166664,
20665648,native,82601539.73333333,
20668481,native,54791709.548387095,
20667983,native,22177887.778846152,
20668798,native,53703968.94318182,
20669099,native,65712020.65882353,
20666794,native,28406620.020547945,
20663818,native,46389593.945454545,
20666585,native,53884676.975,
20669317,native,58048943.60215054,
20663513,native,32614922.541353382,
20664264,native,57234310.4537037,
20663829,native,42810031.11504425,
20668106,native,42461794.93793103,
20663981,native,39621784.47457627,
20668800,native,50822462.97777778,
20663721,native,69839728.76470588,
20663717,native,34790843.68115942,
20664282,native,45529733.578125,
20667956,native,56289996.91764706,
20667170,native,83963093.07272728,
20664741,native,16396664.90612245,
20664357,native,93600775.32,
20664428,native,42507773.026086956,
20666974,native,63769985.73076923,
20669046,native,40954483.40909091,
20664729,native,74297153.45,
20664920,native,52242296.684210524,
20668670,native,33942631.88495575,
20666668,native,62605162.14754099,
20663690,native,38836890.56435644,
20668781,native,41609488.0,
20667948,native,108229567.91666667,
20664545,native,33057095.096153848,
20666475,native,48996761.38983051,
20667932,native,54559974.56043956,
20668505,native,85683015.56603773,
20668428,native,40335850.653465346,
20668857,native,58430786.11111111,
20664290,native,35217122.08571429,
20668912,native,67851192.74242425,
20668564,native,86415492.90163934,
20666420,native,54118975.76136363,
20664794,native,65039577.57647059,
20663747,native,75775545.65384616,
20669223,native,55112234.02352941,
20668242,native,34070883.33774834,
20668751,native,77367649.35714285,
20669100,native,64611959.723076925,
20668799,native,37659586.3902439,
20669318,native,68148307.2586207,
20668482,native,32913391.87162162,
20667984,native,52549080.37362637,
20663514,native,46157344.11111111,
20666609,native,33230228.879432622,
20666586,native,33596494.1884058,
20666795,native,59053752.17045455,
20663839,native,43299470.96129032,
20665649,native,39161848.91411043,
20663840,native,68047481.19117647,
20663830,native,58970230.989583336,
20664283,native,40172671.97413793,
20668107,native,67824709.2,
20663718,native,62910271.775,
20663722,native,30465855.011560693,
20668801,native,55416795.708333336,
20667957,native,59807457.397435896,
20663982,native,64284695.1627907,
20666975,native,51719587.0,
20664358,native,74485431.44615385,
20664429,native,11716038.905882353,
20664921,native,40714581.0,
20667171,native,60234638.65263158,
20664742,native,66385101.60240964,
20666669,native,31677914.29411765,
20669047,native,61954965.333333336,
20667949,native,36326249.51239669,
20663691,native,48544032.17475728,
20668671,native,37204477.0,
20666476,native,42467346.33962264,
20664730,native,38708525.41818182,
20668506,native,24396964.535714287,
20664546,native,87127385.05454545,
20668858,native,46778331.37,
20667933,native,36329235.766666666,
20668782,native,66274364.197916664,
20668429,native,49666455.77272727,
20666421,native,55702801.1686747,
20668752,native,39912575.49056604,
20669224,native,44149122.683168314,
20664291,native,52243641.58558559,
20663515,native,45203283.95454545,
20668565,native,62691743.30681818,
20664795,native,23113331.04680851,
20668243,native,40063335.296875,
20668483,native,48968717.12244898,
20667985,native,34974894.72727273,
20669319,native,47837792.55238095,
20668913,native,79064279.5125,
20666610,native,54412980.908163264,
20668694,native,65768858.14772727,
20664757,native,17771060.38831615,
20665650,native,35621452.276923075,
20666796,native,63830762.777777776,
20669101,native,56818430.51351351,
20663748,native,58924204.1637931,
20663841,native,58145008.56410257,
20668108,native,31918731.08088235,
20666587,native,69172418.67045455,
20664359,native,35617696.16037736,
20664285,native,77644224.32786885,
20668802,native,41359817.06349207,
20667958,native,47365542.584070794,
20664284,native,64019748.65263158,
20663723,native,84570655.32876712,
20666670,native,91987560.08888888,
20666976,native,103928629.75,
20669048,native,99394904.97674419,
20663719,native,63276312.39622641,
20668672,native,47457476.89534884,
20663983,native,57615849.327586204,
20664743,native,49389108.00847457,
20664300,native,37716149.796460174,
20667172,native,82490306.18309858,
20663692,native,68868782.44285715,
20664430,native,76215268.50684932,
20664547,native,34158672.416666664,
20667950,native,37918904.0,
20668859,native,44952324.72631579,
20664922,native,63695063.097087376,
20666477,native,68654909.43209876,
20668430,native,70065141.25757575,
20668753,native,23049916.772727273,
20668783,native,62979998.23529412,
20664731,native,53525081.34126984,
20664292,native,41166568.774774775,
20668914,native,40900102.822916664,
20666422,native,3914707.3764204546,
20667934,native,25696287.93902439,
20669320,native,59371127.4868421,
20666597,native,41143609.85344828,
20663516,native,51047847.82727273,
20668566,native,53311325.84761905,
20668244,native,69214664.8,
20669225,native,56458193.36111111,
20667986,native,117069268.65116279,
20666797,native,27874614.596385542,
20668695,native,59520031.925925925,
20666611,native,33337014.562913906,
20663749,native,38403912.1637931,
20665651,native,40012893.92063492,
20664796,native,77669003.72,
20664758,native,90147015.6,
20669102,native,73343664.61428571,
20663842,native,83636751.83928572,
20664360,native,52232989.56989247,
20666515,native,8740773.936923077,
20664286,native,71248644.84,
20666588,native,45865913.5390625,
20668803,native,35235224.93835616,
20666977,native,54309883.746987954,
20669049,native,46206872.29,
20666671,native,49968465.041666664,
20664744,native,34390222.54471545,
20664301,native,48273666.30681818,
20667959,native,17676567.93255132,
20667173,native,20873222.195652176,
20663724,native,46237390.858333334,
20668682,native,40086305.389312975,
20663538,native,47018850.616541356,
20664431,native,47756230.34951457,
20667953,native,45215747.74137931,
20667951,native,52926793.24175824,
20668673,native,77594687.60526316,
20664548,native,40090619.551470585,
20663693,native,35107898.6625,
20664923,native,48721530.53043478,
20668431,native,96307605.77777778,
20666478,native,49909720.41,
20664293,native,40919494.614583336,
20668754,native,38399327.70212766,
20668784,native,60427310.2875,
20668860,native,77216154.95180723,
20667935,native,42008819.02586207,
20668915,native,52906940.37894737,
20666598,native,33506578.792857144,
20666423,native,83987604.7586207,
20668696,native,35244462.53333333,
20669321,native,49273518.74757282,
20668567,native,55914957.56626506,
20664732,native,62055104.633663364,
20663517,native,50333349.13333333,
20666798,native,71667990.1111111,
20668245,native,47951434.91818182,
20663526,native,44984834.774774775,
20665652,native,45915625.89622641,
20666612,native,83675573.50819673,
20667987,native,79021789.71212122,
20669226,native,38177368.593333334,
20669103,native,8873618.980902778,
20664797,native,78705528.19117647,
20666516,native,101633392.8888889,
20668578,native,101918589.52830188,
20664759,native,80872753.79452054,
20664287,native,60686582.677777775,
20666589,native,2823922.325984252,
20664361,native,84475356.48571429,
20664745,native,56894734.90789474,
20669050,native,25985831.1147541,
20668804,native,67745657.8375,
20666672,native,48198543.15533981,
20667174,native,25343202.337016575,
20668674,native,63494583.67272727,
20667960,native,30376666.682080925,
20668683,native,41858452.23478261,
20663725,native,31447227.717948716,
20667954,native,36015294.152671754,
20664302,native,40040021.906666666,
20666978,native,89977477.8,
20663539,native,65262104.38372093,
20667952,native,41802309.77862596,
20668432,native,46152551.93333333,
20663694,native,47460657.06034483,
20664432,native,88156500.36363636,
20668785,native,64719510.72058824,
20668755,native,32028133.964285713,
20664924,native,40004208.55639098,
20666479,native,54988223.6344086,
20664294,native,32939627.94047619,
20666599,native,42686114.55,
20666424,native,59122281.32394366,
20664549,native,58038251.4,
20668916,native,44750754.75652174,
20668697,native,23457826.116591927,
20668861,native,25367743.78600823,
20664733,native,58869405.51282051,
20668568,native,22645014.69736842,
20669322,native,55394253.93877551,
20669104,native,60758507.46551724,
20667936,native,38083757.807228915,
20663527,native,46068603.55,
20665653,native,43450559.45945946,
20668246,native,6342290.014545455,
20663518,native,83796011.16923077,
20667988,native,43210778.194690265,
20664798,native,44145614.11881188,
20666799,native,38122645.535483874,
20666613,native,54787036.451612905,
20669227,native,59494020.19354839,
20664760,native,45242809.0,
20664362,native,36855823.231481485,
20668688,native,49732422.52272727,
20668579,native,36875470.93984962,
20666517,native,63775482.54320987,
20664746,native,22735083.226600986,
20668805,native,45205625.17,
20668684,native,37704247.53043478,
20668806,native,57744678.09876543,
20666673,native,3963988.785714286,
20667175,native,75885989.55714285,
20666979,native,51074526.90909091,
20668675,native,52041850.99090909,
20668433,native,22892482.25263158,
20666590,native,93184987.41538462,
20664769,native,42828288.17117117,
20668786,native,39743787.12264151,
20664303,native,75411309.34246576,
20663540,native,28388109.284153007,
20666480,native,37175871.13043478,
20664433,native,40644312.769911505,
20667961,native,100213792.55555555,
20667955,native,54653097.28448276,
20669051,native,87214135.97647059,
20664925,native,58959418.78313253,
20664295,native,41002595.99173554,
20664550,native,15108846.713432835,
20666425,native,2237453.0454357704,
20668917,native,43104039.097345136,
20663528,native,9606467.740476191,
20663695,native,40527245.686746985,
20667937,native,46777712.04705882,
20668569,native,74473687.09433962,
20666600,native,59680154.42718446,
20668698,native,73976744.51428571,
20667989,native,48651024.02469136,
20665654,native,48082545.21052632,
20669323,native,47811038.550847456,
20668756,native,86708688.52222222,
20666800,native,57619769.666666664,
20668247,native,52517059.24731183,
20668862,native,71476283.20930232,
20669105,native,49805326.28695652,
20663519,native,59033106.22352941,
20666591,native,62095370.768518515,
20666614,native,46946689.23478261,
20669228,native,74674698.1076923,
20666518,native,30049542.609271523,
20668580,native,52281254.114583336,
20664761,native,56515236.60215054,
20664799,native,75358471.14814815,
20664747,native,78765344.26984127,
20668689,native,54224975.17272727,
20668685,native,70606339.44827586,
20664363,native,32739362.70984456,
20668807,native,31480546.88607595,
20666843,native,80773628.16,
20667176,native,35274958.74657534,
20666819,native,37250064.922413796,
20666674,native,70019497.60273972,
20668676,native,57361958.5,
20668434,native,81591537.3275862,
20664770,native,44808441.15315315,
20666980,native,30020035.835897435,
20666890,native,75756533.60655738,
20664304,native,53405625.027777776,
20663541,native,56841194.24,
20664551,native,52039606.10843374,
20669052,native,71860876.23684211,
20664926,native,43887789.34920635,
20667962,native,31603784.900523562,
20668787,native,43681869.69594595,
20666481,native,77715815.15384616,
20664434,native,67092859.16842105,
20666426,native,69498994.1,
20664296,native,56397746.52727272,
20668570,native,40457291.323308274,
20663529,native,99622937.62,
20668918,native,54326671.097087376,
20663696,native,58774320.8021978,
20668699,native,23232370.555555556,
20667938,native,39493411.13513514,
20667990,native,38050871.52898551,
20669324,native,40318278.5045045,
20666601,native,53209686.15740741,
20666801,native,21617400.28959276,
20665655,native,29758490.044444446,
20663520,native,35782517.307692304,
20668757,native,47307719.75247525,
20666592,native,40349188.0462963,
20669106,native,33725258.865248226,
20668581,native,38260056.07526882,
20668863,native,95371714.56,
20669229,native,36883538.624,
20668248,native,61681907.29032258,
20664748,native,55821215.5,
20666615,native,53777486.368421055,
20664762,native,45132296.29090909,
20666519,native,50075298.53636364,
20668686,native,21566484.358744394,
20664364,native,88689606.60377358,
20664800,native,68043969.04545455,
20666820,native,69570985.36666666,
20668677,native,35584016.49565218,
20666675,native,60545196.114285715,
20667177,native,59436780.384615384,
20668690,native,67984749.26136364,
20668435,native,59221854.76056338,
20668808,native,49018784.522123896,
20664771,native,50466789.846938774,
20666844,native,33136802.70224719,
20664552,native,79003582.09803921,
20666981,native,64427755.5125,
20666891,native,81722560.67692308,
20664305,native,50776380.125,
20664927,native,38643967.184,
20663530,native,51347191.9117647,
20663542,native,45914497.69918699,
20664297,native,31721857.11851852,
20667963,native,25636536.38604651,
20667500,native,47354505.4,
20666427,native,47539007.902912624,
20666482,native,38447531.65068493,
20668919,native,58695563.5,
20669053,native,65270554.62222222,
20664435,native,52889090.45714286,
20668571,native,33925430.88666666,
20668758,native,71228992.63333334,
20666593,native,65812305.03076923,
20668700,native,74848155.03278689,
20663521,native,70999625.06153846,
20663697,native,62134245.28571428,
20668864,native,68574622.28571428,
20669325,native,79089541.39705883,
20667991,native,102710099.03773585,
20666802,native,60424226.48387097,
20665656,native,60418866.7311828,
20667939,native,75927967.24096386,
20669230,native,64064773.39534884,
20664749,native,19345781.625454545,
20666616,native,2924459.7285639136,
20668687,native,86766740.8478261,
20664763,native,60857366.16470588,
20669107,native,58107710.556521736,
20668249,native,80242346.11842105,
20666602,native,72164497.88118812,
20668582,native,91538786.54285714,
20666520,native,17192151.12202381,
20666676,native,55609141.25333333,
20668678,native,29771103.633333333,
20666821,native,42543042.172413796,
20668691,native,52103074.30588235,
20664365,native,49161330.12711865,
20668436,native,52298463.32258064,
20664801,native,48849283.29268292,
20667178,native,32099231.90751445,
20664772,native,45880465.07368421,
20666845,native,58295987.23255814,
20666982,native,51213500.02325582,
20668809,native,70110471.8,
20664306,native,52918975.51578947,
20663543,native,56314779.0,
20664553,native,61809181.38709678,
20669054,native,27850897.664596274,
20666892,native,39128662.15483871,
20664436,native,43132094.71287129,
20666594,native,40117054.177083336,
20663531,native,54932969.276190475,
20668920,native,37466378.192307696,
20667964,native,71382121.12328768,
20667501,native,38106682.16438356,
20664298,native,38938198.696551725,
20668759,native,29297233.602564104,
20666483,native,55337408.09,
20664928,native,78723805.98765433,
20668572,native,49317936.39047619,
20666428,native,77904887.8,
20668701,native,68746712.80821918,
20667992,native,2602318.447230321,
20663522,native,78202386.34920634,
20668865,native,42475470.72173913,
20669326,native,73953870.37704918,
20666803,native,87157662.66,
20668583,native,35905149.84375,
20663698,native,55225529.25663717,
20665657,native,35135087.69565217,
20668882,native,82387531.81818181,
20667940,native,42365304.55639098,
20669108,native,61355099.30136986,
20666617,native,114006304.9090909,
20666603,native,39889658.90833333,
20664366,native,41995303.07777778,
20669231,native,53103203.12931035,
20666677,native,42262109.28571428,
20664764,native,63200021.15789474,
20665250,native,65819076.64772727,
20664773,native,47528724.78313253,
20668679,native,64966006.04545455,
20664750,native,94784098.20547946,
20666521,native,37656697.65359477,
20666807,native,85983513.17857143,
20668692,native,43045304.97692308,
20667179,native,63450568.409638554,
20664802,native,59112537.10752688,
20666822,native,33329918.815165877,
20664307,native,32968970.65942029,
20666983,native,48845965.56034483,
20668810,native,76670076.54929577,
20664554,native,54399428.81927711,
20666893,native,56114672.913580246,
20666595,native,36089098.256,
20666846,native,45681363.78571428,
20667965,native,33689723.58778626,
20663544,native,51406901.76190476,
20669055,native,76749482.94117647,
20664437,native,46748032.96460177,
20663532,native,20226549.85271318,
20668921,native,44601745.75,
20667502,native,47616895.24545454,
20666429,native,31951328.04,
20664299,native,65170672.13580247,
20666484,native,78871810.66666667,
20668760,native,73037587.01369864,
20667993,native,83279851.16981132,
20669327,native,43438907.345454544,
20663523,native,50757917.358490564,
20664929,native,45472173.9924812,
20668702,native,13167087.950892856,
20667941,native,33801311.17117117,
20668573,native,77311275.56578948,
20668866,native,63051375.95698924,
20669109,native,56980143.94520548,
20666804,native,74853879.45333333,
20668883,native,24700102.275510203,
20663699,native,68639925.53521127,
20669232,native,42312828.44144144,
20665658,native,22814574.670498084,
20666604,native,80445263.07575758,
20666618,native,72594933.08641975,
20668584,native,52553007.96240602,
20666678,native,94226332.29166667,
20664751,native,41418240.27927928,
20668680,native,41841132.125,
20664765,native,41485052.54814815,
20664367,native,63682980.03,
20664774,native,28863124.844559584,
20665251,native,72534505.425,
20666984,native,44940809.024096385,
20666522,native,96451769.9137931,
20666808,native,6043222.70661157,
20664803,native,72109924.07575758,
20667180,native,39624897.61481482,
20666823,native,93352458.96078432,
20668693,native,59385522.37735849,
20664555,native,68000122.63636364,
20667966,native,3968430.4662349676,
20666894,native,37874810.72173913,
20664308,native,66840704.71794872,
20666596,native,55034799.88235294,
20666847,native,66343355.12328767,
20669056,native,9497568.85940594,
20668811,native,58049924.61386139,
20668761,native,32356147.208695654,
20668922,native,27003299.90857143,
20663545,native,61753538.54216868,
20666485,native,45344018.928571425,
20667503,native,42566656.6779661,
20663524,native,57028902.45714286,
20669328,native,41049862.44144144,
20667994,native,16215680.108108109,
20663533,native,74323236.6849315,
20669140,native,44074889.855932206,
20664438,native,18441717.45398773,
20668703,native,55025981.421052635,
20667942,native,39751854.513274334,
20666430,native,56043125.86666667,
20668867,native,61649442.692307696,
20668574,native,60713208.406976745,
20663700,native,38353274.54545455,
20666805,native,33606582.31125828,
20664930,native,52225447.072072074,
20665659,native,75559623.17857143,
20666679,native,36094034.24778761,
20669110,native,51705401.3220339,
20664766,native,49185130.74666667,
20668884,native,86269513.75342466,
20669233,native,53898482.941747576,
20668681,native,54940890.45679013,
20666605,native,69917729.94871795,
20664775,native,50250019.18681318,
20666619,native,58618522.96116505,
20666809,native,77450289.81818181,
20664556,native,20792523.666666668,
20664752,native,29313485.47783251,
20666985,native,64700664.373333335,
20668585,native,94231428.71428572,
20665252,native,56824728.11111111,
20664804,native,35941468.25714286,
20664368,native,38980683.477419354,
20669069,native,85742655.76470588,
20667181,native,50774166.291666664,
20666824,native,67717990.38571429,
20664309,native,31547281.86956522,
20666523,native,46110546.0,
20666848,native,38738331.763636366,
20666895,native,70748005.39726028,
20669116,native,90655752.05357143,
20669057,native,67806316.15151516,
20668762,native,37276970.73809524,
20668575,native,38082717.33884297,
20667967,native,87497610.83076923,
20667995,native,94096278.55,
20668923,native,56360651.451612905,
20669141,native,29287422.613333333,
20663546,native,50369721.047619045,
20667943,native,37236289.00925926,
20663525,native,53626693.11363637,
20663534,native,37414743.6504065,
20669329,native,48046651.943396226,
20664382,native,36297982.87735849,
20667504,native,53306144.56190476,
20666486,native,48688863.37190083,
20664439,native,43297193.571428575,
20668704,native,71440670.83333333,
20669111,native,31994048.045454547,
20664931,native,55010775.3373494,
20666431,native,62601514.18888889,
20663701,native,52263330.473684214,
20668885,native,48801476.38028169,
20668868,native,70888386.36986302,
20666806,native,59254740.10989011,
20666680,native,71425202.61764705,
20666606,native,2675300.8105867347,
20668576,native,30102468.539007094,
20664767,native,44944289.88617886,
20665660,native,46761839.97777778,
20664776,native,40707931.831858404,
20664828,native,25519021.900473934,
20666986,native,61637231.28571428,
20669070,native,37000718.21296296,
20666810,native,56703160.0,
20665253,native,54084483.24210526,
20664805,native,63399166.71232877,
20666620,native,51208080.31428572,
20664753,native,65918113.0,
20668586,native,30535298.212435234,
20664557,native,72694425.14457831,
20667182,native,79224001.87301587,
20666849,native,40496399.20300752,
20668763,native,22651342.75121951,
20666896,native,51793473.05494505,
20666524,native,44029404.190476194,
20663702,native,48506952.041666664,
20666825,native,68189157.60465117,
20664369,native,99796533.85714285,
20669163,native,54185771.0,
20669117,native,43202334.91735537,
20663547,native,27478302.96835443,
20664310,native,55748606.40869565,
20669142,native,80190897.09433962,
20669058,native,55144409.96296296,
20668924,native,45895163.51239669,
20669330,native,56194709.01204819,
20667505,native,53064433.98795181,
20663535,native,62738973.71084338,
20667996,native,59689609.81632653,
20666487,native,13347251.803370787,
20668894,native,77522427.23529412,
20665437,native,77580374.68571429,
20666538,native,18424038.523404256,
20666681,native,42069915.76470588,
20664383,native,55413136.67961165,
20664440,native,57880801.041666664,
20664932,native,41638061.26446281,
20668886,native,62063350.666666664,
20668705,native,58531398.270833336,
20666432,native,49814989.32727273,
20666913,native,60922511.057142854,
20669112,native,82147799.53521127,
20665661,native,50885055.984848484,
20668869,native,42704002.8125,
20664829,native,66791970.90909091,
20668577,native,77174893.21818182,
20664777,native,37919311.98058253,
20666607,native,96003751.35555555,
20664768,native,42250423.244444445,
20666811,native,52502364.08421053,
20664558,native,57714654.32857143,
20669071,native,19704990.44256757,
20664806,native,45777754.831858404,
20666987,native,53629170.203539826,
20664754,native,45052784.49565218,
20665254,native,32268560.170454547,
20667183,native,35282379.85,
20666826,native,85813472.60869566,
20666621,native,41793833.63768116,
20668764,native,30403274.450331125,
20668587,native,91380263.36363636,
20669164,native,53030876.538461536,
20666850,native,68170674.8630137,
20664778,native,44371133.09090909,
20666897,native,50570323.82,
20666525,native,37888749.2,
20663548,native,53326476.51612903,
20664370,native,50023950.61904762,
20669143,native,42841863.36521739,
20669118,native,46793892.97413793,
20668925,native,103813342.58536585,
20664311,native,48411674.301724136,
20665438,native,61442059.08571429,
20669331,native,61027532.15662651,
20668895,native,52602398.395604394,
20667997,native,4651951.895246479,
20668706,native,42448450.31764706,
20667506,native,62875535.31395349,
20663536,native,42888494.56923077,
20668887,native,41839146.0,
20669059,native,89046221.51428571,
20666488,native,93905076.35,
20664933,native,41599810.225,
20664593,native,53581988.11764706,
20664441,native,38925624.54887218,
20664384,native,71539604.46666667,
20666914,native,19726241.14403292,
20666539,native,58800844.17475728,
20669113,native,58302018.12345679,
20666608,native,42392882.59259259,
20664830,native,34301847.73548387,
20666682,native,42157460.551515155,
20666433,native,61003703.82,
20668870,native,80050883.78082192,
20664453,native,52523437.2601626,
20666988,native,70989880.41071428,
20664807,native,40907661.24074074,
20664447,native,46471639.31896552,
20665662,native,53618407.91489362,
20666812,native,56265377.1368421,
20669072,native,68075975.42424242,
20664559,native,45072989.65740741,
20668588,native,45467244.177777775,
20669165,native,35438773.78512397,
20664371,native,34170369.458333336,
20664779,native,43279991.445544556,
20666622,native,59267076.32098766,
20665255,native,83049544.05,
20664755,native,72078126.2236842,
20664569,native,50252884.55555555,
20667184,native,30511839.57948718,
20666851,native,41308203.03125,
20666526,native,50584287.32,
20666827,native,67446471.06593406,
20664444,native,41296570.89864865,
20666898,native,55522178.97029703,
20665439,native,64306583.59090909,
20669119,native,44779058.90990991,
20667507,native,41664344.81553398,
20669144,native,40385025.03496504,
20663549,native,65198150.27472527,
20669332,native,41293700.344827585,
20663537,native,32332027.036764707,
20664385,native,54253296.46666667,
20668926,native,7421018.626806833,
20668896,native,58589126.04819277,
20666915,native,7316886.4382716045,
20669060,native,60513683.67469879,
20664934,native,82299711.98214285,
20668888,native,63462232.08235294,
20666540,native,50377052.1875,
20668707,native,65664629.604166664,
20664594,native,40224636.17037037,
20667998,native,121957094.14545454,
20666683,native,61473577.16923077,
20669114,native,45466104.925,
20666434,native,33151804.962962963,
20664476,native,44686758.47826087,
20664831,native,34360507.946666665,
20664442,native,45590878.12142857,
20666989,native,39425040.472,
20666489,native,33693558.65677966,
20668871,native,41104376.120567374,
20666813,native,39877769.18181818,
20664808,native,42953112.407079645,
20665663,native,61722218.94520548,
20664454,native,47996433.2920354,
20664448,native,25035438.32682927,
20666623,native,40415437.43518519,
20664780,native,30062237.91503268,
20669073,native,36630827.986666664,
20664445,native,39167460.6,
20664570,native,25133799.661202185,
20664756,native,32050292.139072847,
20668589,native,64810330.03333333,
20664372,native,18914804.36012862,
20665256,native,46413014.16101695,
20667185,native,80495582.53333333,
20664560,native,55128909.556521736,
20666828,native,58861089.0375,
20669166,native,65519127.09,
20669333,native,58480461.13235294,
20668897,native,50897483.60493827,
20664386,native,17427008.19367589,
20666527,native,89582660.03076923,
20666000,native,66420172.657142855,
20665440,native,28500559.019704435,
20666899,native,53840339.9009009,
20669120,native,46877758.32231405,
20663550,native,42604345.641666666,
20667508,native,75528648.55714285,
20669145,native,20863502.2109375,
20666852,native,98258233.39344262,
20668708,native,38410526.15533981,
20664935,native,65190480.385714285,
20664477,native,21988153.375,
20669061,native,72460779.3,
20668927,native,114350870.10416667,
20669115,native,25498180.74375,
20668889,native,66023284.3375,
20664595,native,45227134.67256637,
20667999,native,50150559.27551021,
20666541,native,57434292.02970297,
20666684,native,79714734.31746031,
20666916,native,136208848.33962265,
20664443,native,58177206.8,
20665664,native,35941567.03883495,
20666435,native,39710205.93918919,
20664809,native,59306478.5,
20664832,native,50280773.88429752,
20668872,native,56899273.45882353,
20668015,native,35985392.80508474,
20664455,native,43405990.98275862,
20664449,native,47071138.074074075,
20666490,native,56270383.91836735,
20666866,native,52043789.21052632,
20669074,native,39525340.43220339,
20668590,native,22531606.69892473,
20666990,native,58984053.689320385,
20664561,native,55783654.45454545,
20664571,native,40774305.847457625,
20666624,native,37587644.411347516,
20664373,native,59427902.53424658,
20665257,native,33945252.625,
20666829,native,35976881.49074074,
20666814,native,50769802.224,
20667186,native,59891417.75294118,
20664446,native,36176603.23809524,
20669167,native,52125324.52688172,
20666900,native,32762983.89230769,
20666853,native,32993666.807692308,
20663551,native,60339130.17808219,
20669121,native,48400568.305263154,
20669334,native,48887038.89830509,
20666001,native,41202476.01626016,
20667509,native,44654919.64864865,
20668898,native,74940580.17333333,
20666528,native,58172762.64210527,
20664387,native,51987666.82608695,
20664936,native,41877335.52173913,
20668928,native,71960078.61666666,
20665441,native,71009704.36046511,
20669146,native,69963760.77906977,
20668709,native,58766822.989473686,
20669062,native,21248124.965116277,
20668712,native,40011753.4751773,
20666542,native,34400974.24637681,
20668000,native,34759675.08219178,
20664478,native,79084635.13157895,
20666917,native,64676745.3943662,
20664833,native,64438782.678571425,
20664596,native,51139914.68965517,
20664810,native,53549085.421686746,
20666685,native,50563644.69811321,
20666436,native,39439898.272,
20668890,native,63917925.222222224,
20668900,native,52327380.62037037,
20664456,native,52082617.384615384,
20664572,native,33978565.09558824,
20668873,native,60027041.37894737,
20666830,native,43063237.69306931,
20665665,native,40079355.93333333,
20666867,native,37640238.88275862,
20664450,native,90744116.63793103,
20668038,native,32476549.53846154,
20666491,native,23060026.707224336,
20669075,native,59017116.979166664,
20666815,native,57752499.38372093,
20668016,native,94325257.25757575,
20668591,native,106377342.28301887,
20665258,native,49027255.882882886,
20667187,native,23657052.674876846,
20666625,native,15855624.820253165,
20669168,native,26489044.70718232,
20666991,native,77155000.46987952,
20664562,native,73895463.93181819,
20664374,native,84899781.63157895,
20663552,native,17318534.11026616,
20666901,native,77868303.46666667,
20667510,native,15951552.049469965,
20669335,native,45954090.495238096,
20668899,native,20637720.038297873,
20666529,native,27570612.811764706,
20666002,native,79121712.26153846,
20669122,native,51315090.89622641,
20664937,native,32890189.40689655,
20665442,native,20193870.777310923,
20666854,native,110766619.70731707,
20668713,native,55593637.38235294,
20668929,native,41615341.323076926,
20669147,native,59878337.87912088,
20664388,native,76524930.89411765,
20668001,native,96387429.07843137,
20669063,native,9058680.196793003,
20666686,native,73595065.60344827,
20664597,native,48884613.782178216,
20666543,native,58080493.91578947,
20664479,native,54458817.9223301,
20666918,native,36412048.89333333,
20668710,native,55440827.23577236,
20668891,native,28494505.162650604,
20664834,native,55778408.83168317,
20668901,native,46549852.88,
20666437,native,93113818.03636363,
20666831,native,37744238.876106195,
20664457,native,49805172.824074075,
20668874,native,56272882.76470588,
20664451,native,33116207.5942029,
20668592,native,77506463.14583333,
20668017,native,36467092.25954199,
20664811,native,62176897.176,
20665666,native,35560192.74683544,
20666816,native,48146953.64814815,
20666492,native,86088751.28333333,
20664375,native,38935854.78703704,
20664563,native,77814867.8235294,
20668039,native,51942324.15315315,
20665259,native,38728856.07801419,
20666868,native,95732622.18032786,
20663553,native,75909356.8923077,
20669076,native,79970427.6375,
20666902,native,62790317.0,
20666626,native,92864813.0,
20669169,native,73551648.67123288,
20667511,native,46056553.66037736,
20669123,native,39859429.481818184,
20666992,native,81626027.74647887,
20667188,native,80470124.8875,
20666925,native,65996398.68,
20669336,native,2231814.4095701543,
20666003,native,46258759.90990991,
20664573,native,60782626.80689655,
20665443,native,116161463.0,
20666530,native,64693761.97849462,
20664938,native,7999155.076215506,
20666855,native,48983205.5,
20668930,native,63068729.18604651,
20668714,native,89658718.53968254,
20664835,native,35565480.31481481,
20669148,native,79678758.5479452,
20668711,native,37939072.584070794,
20668892,native,39387613.89380531,
20668002,native,23072665.533898305,
20666687,native,33894416.03030303,
20664480,native,44531578.708333336,
20664598,native,46839695.59166667,
20664389,native,89203241.15068494,
20666544,native,34304336.702380955,
20668902,native,61816702.3625,
20666919,native,51310085.56363636,
20666438,native,5995118.741714286,
20664452,native,42994279.08737864,
20669064,native,81565978.8875,
20666832,native,69278779.4,
20664812,native,47584203.69411765,
20664458,native,44977707.53982301,
20668875,native,41880247.02307692,
20664564,native,46787289.14772727,
20665667,native,57429952.83516484,
20666817,native,41625883.04132231,
20668040,native,48107286.73469388,
20663554,native,37041907.04132231,
20666869,native,51002585.97,
20669170,native,49575400.0,
20666926,native,26059633.04137931,
20666627,native,89044312.23913044,
20665260,native,88354937.25,
20664376,native,60847877.408163264,
20668018,native,42239721.89240506,
20668593,native,39922905.31382979,
20667189,native,47061987.87128713,
20666531,native,48732797.84210526,
20666903,native,50097345.10619469,
20669124,native,64580481.179487176,
20667512,native,60515504.344444446,
20666493,native,87998168.08,
20666993,native,54231944.1509434,
20666004,native,44306365.05691057,
20669077,native,45294950.43448276,
20669337,native,86741926.63076924,
20666856,native,51165959.548387095,
20665444,native,53533605.43396226,
20664939,native,72384550.97058824,
20664574,native,37650507.006410256,
20669149,native,40926357.09009009,
20664836,native,48462151.718446605,
20668931,native,59708016.48863637,
20668715,native,102422096.0,
20666503,native,64903592.276315786,
20668003,native,63014238.55,
20664481,native,23045556.20642202,
20666439,native,11674058.56476684,
20668893,native,105514087.66666667,
20666688,native,48728718.801724136,
20668903,native,90854160.94642857,
20664813,native,60152704.9,
20666920,native,71004123.80263157,
20666545,native,46999073.29268292,
20664599,native,58331782.510204084,
20664459,native,42202751.824074075,
20664390,native,47892349.684210524,
20666628,native,38270149.266666666,
20666833,native,3478874.46749226,
20668904,native,2690353.6997354496,
20668041,native,12532276.129577465,
20664565,native,37492445.45762712,
20669065,native,122738493.69565217,
20664377,native,48680863.36986301,
20665668,native,30690260.13125,
20666870,native,61135653.71428572,
20668876,native,61189753.864583336,
20665261,native,41740820.5631068,
20666818,native,76152413.4264706,
20666494,native,38352488.48421053,
20669171,native,35986927.4137931,
20663555,native,44451063.06349207,
20666904,native,72263217.48333333,
20668594,native,123194137.68292683,
20666994,native,48981779.56842105,
20666927,native,85404956.31578948,
20667513,native,55321805.79207921,
20669125,native,32906493.98285714,
20667190,native,42369238.0942029,
20669338,native,60418101.4,
20666532,native,72178177.62962963,
20665445,native,40734348.49565218,
20666005,native,63635032.2,
20668019,native,86822123.975,
20666857,native,47616949.71171171,
20664575,native,15180329.170731707,
20664940,native,10337517.254826255,
20669078,native,62736891.68817204,
20669150,native,50175453.83516484,
20668932,native,64132682.94871795,
20664837,native,62626836.14117647,
20668004,native,48955658.09375,
20664482,native,55492014.526315786,
20666504,native,102516126.88679245,
20664379,native,51488477.770833336,
20669128,native,78774387.59016393,
20666834,native,1504293.9324925817,
20664391,native,44370800.469387755,
20666440,native,97921824.07142857,
20664600,native,51665058.68817204,
20666629,native,88813043.91111112,
20664460,native,64139561.9868421,
20666921,native,50463299.13333333,
20668716,native,46193119.75757576,
20665669,native,92016949.25581396,
20664814,native,49205931.516666666,
20666689,native,87772040.4,
20668905,native,100507857.41666667,
20666495,native,25576279.466666665,
20666546,native,64914271.2,
20664378,native,32931053.215189874,
20668042,native,71921383.91780822,
20668877,native,65534423.69014084,
20669172,native,53237410.78313253,
20666905,native,55063508.692307696,
20664566,native,59446302.32380953,
20666871,native,28893936.240740743,
20664816,native,53386938.69306931,
20663556,native,54907341.93333333,
20669066,native,56985525.11304348,
20666928,native,37345415.832,
20665262,native,65714759.19811321,
20665446,native,42082109.524752475,
20667514,native,92621616.75471698,
20668595,native,60225229.29545455,
20666006,native,3396666.697790449,
20667191,native,20121763.074733097,
20666995,native,82040797.52054794,
20669126,native,65506994.68181818,
20669339,native,7100400.013414634,
20666858,native,35088236.8627451,
20668020,native,66910037.525,
20668933,native,81090303.42857143,
20664941,native,92920949.66071428,
20669151,native,64899848.71084338,
20666533,native,55390532.83898305,
20664838,native,42837586.805309735,
20669079,native,62792622.50537635,
20666505,native,34787092.300884955,
20669129,native,50261853.05128205,
20664392,native,38099947.686956525,
20668005,native,81233127.49315068,
20664576,native,90497532.2763158,
20664483,native,64916310.6625,
20664461,native,35761465.90625,
20666835,native,89195195.58333333,
20664380,native,57031026.08421053,
20666441,native,61417393.48192771,
20666690,native,29777718.379310343,
20664815,native,49817908.7,
20664601,native,42184169.07692308,
20665670,native,34836553.919117644,
20666630,native,40305031.8630137,
20666922,native,53141252.845454544,
20668043,native,38105576.975,
20666496,native,55945098.38823529,
20666547,native,52758225.41584159,
20669173,native,42854978.69369369,
20668717,native,40641157.0,
20664817,native,35019312.452380955,
20669067,native,81420105.60416667,
20663559,native,47893196.93495935,
20668878,native,54349359.657142855,
20664567,native,31169617.1375,
20666872,native,6725063.854278075,
20666906,native,41921821.06870229,
20666929,native,41895622.76415094,
20665263,native,45329652.19,
20668953,native,37719579.60199005,
20663557,native,45151662.2481203,
20667192,native,55981474.35616438,
20668934,native,38542059.266666666,
20665447,native,43938050.4,
20667515,native,38549085.225563906,
20668596,native,50021855.27927928,
20664942,native,65586580.666666664,
20669080,native,16906507.40677966,
20669127,native,19525704.713768117,
20666534,native,54523424.038461536,
20666859,native,70076196.38571429,
20666007,native,100138698.01666667,
20669340,native,85478258.48484848,
20664839,native,65462869.35526316,
20668021,native,43753750.39849624,
20669152,native,42820671.94444445,
20666996,native,45295772.48951049,
20664393,native,30155383.71034483,
20666506,native,66253618.802469134,
20666836,native,53381111.21333333,
20666442,native,41831766.51,
20664602,native,29778137.90769231,
20668006,native,59044809.384615384,
20664381,native,48972444.27722772,
20664577,native,34224468.596273296,
20669130,native,88696296.90140845,
20664484,native,54413037.883495145,
20666631,native,43949548.458333336,
20666923,native,44074994.35789473,
20664462,native,42210189.35,
20669174,native,40594253.1978022,
20666691,native,60665344.42222222,
20666497,native,70204614.09589042,
20668044,native,46828152.27722772,
20669068,native,4939228.410358566,
20666548,native,25437198.13661202,
20664568,native,25709904.506756756,
20669134,native,57592639.6344086,
20669157,native,62652745.17283951,
20666873,native,75969504.93442623,
20665671,native,66537444.8019802,
20668954,native,54075322.88235294,
20664818,native,39013038.34265734,
20666930,native,61544545.47887324,
20665264,native,23717719.5359116,
20663560,native,47341087.52307692,
20668879,native,80204195.2763158,
20668597,native,25932351.6993007,
20667193,native,87233392.2,
20668935,native,58812087.302325584,
20666907,native,158542779.8604651,
20666008,native,55747945.09589041,
20666860,native,41451494.627272725,
20665448,native,45924696.546875,
20668880,native,74349846.83076923,
20669153,native,49721510.930232555,
20667516,native,71940297.85227273,
20666535,native,37854398.586666666,
20663558,native,61428259.73043478,
20664851,native,37546805.58139535,
20669341,native,101035798.28,
20669081,native,94515883.77272727,
20664394,native,50283510.947916664,
20666507,native,32801710.95945946,
20666837,native,58975729.0,
20668022,native,98273244.49090908,
20664943,native,46540594.11392405,
20666997,native,17199908.24225352,
20664840,native,65048679.030612245,
20668007,native,49712728.516483516,
20664603,native,42944070.775,
20668045,native,27453709.885135137,
20666443,native,73558041.86842105,
20669131,native,39708623.632,
20664485,native,38576846.81203008,
20666632,native,83305124.34920634,
20664578,native,47877792.608333334,
20666498,native,66703324.95714286,
20668941,native,18625298.63043478,
20664463,native,54862808.8019802,
20666692,native,48911208.0,
20669158,native,64759003.40909091,
20666549,native,52128666.75,
20669135,native,25724172.527363185,
20669175,native,49722055.406504065,
20668955,native,57587515.53333333,
20665265,native,65621545.295774646,
20666924,native,66707220.416666664,
20665672,native,33131639.664596274,
20666863,native,37550062.82882883,
20663561,native,45108670.84313726,
20668598,native,8979502.939962476,
20664819,native,120199973.75555556,
20666931,native,72440542.7037037,
20668050,native,50832884.73786408,
20667194,native,62409937.16438356,
20666009,native,44595607.708333336,
20666874,native,111982525.6724138,
20665449,native,35032428.917293236,
20666861,native,45176970.809523806,
20668936,native,50732129.008695655,
20667517,native,50332427.406593405,
20668881,native,68281138.3150685,
20669154,native,46968050.116504855,
20666908,native,32471943.156565655,
20669137,native,88584663.10909091,
20666536,native,40233426.421052635,
20668023,native,37607239.83471075,
20669342,native,69240335.36842105,
20668046,native,34879213.5754717,
20666838,native,36994066.3671875,
20664604,native,37593153.25833333,
20664395,native,35369887.8607595,
20664944,native,72454753.27692308,
20666508,native,57662533.715789475,
20669082,native,66682908.475,
20664852,native,63021903.15625,
20664841,native,44305187.380530976,
20666444,native,37262327.648,
20666633,native,5839658.178571428,
20666998,native,90014528.65517241,
20668008,native,71451753.90123457,
20664579,native,39970031.88429752,
20668956,native,52147394.95714286,
20669132,native,55627807.27184466,
20666693,native,52708779.85227273,
20664486,native,34806876.8117647,
20669136,native,48052044.29473684,
20664464,native,67466650.65,
20666499,native,34118682.543859646,
20664581,native,63620452.47142857,
20667031,native,36122662.68181818,
20665266,native,39261970.328,
20669176,native,37675057.132450335,
20666864,native,5277071.312430011,
20666550,native,31078622.440414507,
20668942,native,78897761.2,
20666932,native,38498389.34,
20665673,native,21828956.780082986,
20664820,native,57392956.35897436,
20668937,native,28581202.827586208,
20666875,native,30734776.9,
20667195,native,41230451.16101695,
20669159,native,54830774.698529415,
20667518,native,47548891.02352941,
20665450,native,43105217.31132075,
20668599,native,112429226.11764705,
20666010,native,54424088.1122449,
20668051,native,45049775.3515625,
20669138,native,58221960.178571425,
20667007,native,29981230.64,
20666862,native,73162205.51428571,
20664945,native,42526161.23287671,
20669155,native,59510024.058823526,
20664853,native,66673604.823529415,
20666909,native,128651094.05555555,
20668047,native,57066708.28915662,
20666537,native,59514415.08139535,
20664842,native,93231505.29166667,
20669343,native,62065630.197674416,
20666839,native,34332466.69375,
20664396,native,42748634.61788618,
20666509,native,60790759.14772727,
20666999,native,21978278.769230768,
20666634,native,111052597.5,
20668024,native,39846247.2,
20668957,native,62971019.5882353,
20668009,native,34452148.77941176,
20664605,native,59196229.097087376,
20664580,native,31210733.916666668,
20669083,native,52245142.21428572,
20666445,native,89318794.71428572,
20666694,native,38821681.0078125,
20669133,native,39476414.95488722,
20664465,native,40098110.925,
20664487,native,42230930.23577236,
20664470,native,51968575.53,
20666500,native,58123522.63529412,
20664582,native,24686052.45,
20668943,native,61838757.14084507,
20667032,native,39277451.44615385,
20665267,native,48132065.80582524,
20666551,native,48138043.58252427,
20666865,native,112534022.06976745,
20669177,native,65176153.91860465,
20665674,native,81721452.03076923,
20664821,native,32473305.883435585,
20669160,native,65304757.705882356,
20666876,native,68557673.35211268,
20667008,native,49531423.42465753,
20668052,native,25094179.93037975,
20669139,native,41479448.88118812,
20667196,native,53907914.989473686,
20665451,native,39171012.911504425,
20667519,native,24506648.948356807,
20667019,native,41889524.39622641,
20668600,native,68810039.02666667,
20666933,native,80728716.97727273,
20668938,native,82364221.34210527,
20664946,native,35206017.18461538,
20668048,native,20121240.705,
20666011,native,5142024.448962656,
20666910,native,55540382.87368421,
20669344,native,44395947.21359223,
20664854,native,56230157.495238096,
20666510,native,26257533.484848484,
20666635,native,83989344.5,
20669156,native,55185514.45,
20664843,native,62579343.024096385,
20666840,native,63532301.361445785,
20666187,native,103012372.80392157,
20668958,native,54451588.6625,
20668010,native,26343365.239766084,
20664471,native,37158675.094736844,
20668025,native,59732139.18604651,
20669084,native,38584390.02439024,
20667000,native,57402970.20792079,
20666695,native,50228752.57,
20664640,native,3111813.060240964,
20666501,native,27481112.833333332,
20669161,native,77614313.33333333,
20667033,native,67712360.5,
20666446,native,48950230.04347826,
20664397,native,72851583.12,
20664466,native,53323188.23300971,
20664606,native,44309770.25,
20664488,native,65978576.18181818,
20666552,native,46085221.79090909,
20665268,native,37882150.74074074,
20665675,native,45975488.35714286,
20664583,native,48786270.376,
20668944,native,30906250.597156398,
20668056,native,48275108.73728813,
20669178,native,37952026.64,
20666911,native,48617549.58252427,
20665531,native,30899905.017045453,
20668939,native,47732358.174418606,
20664822,native,48996860.805309735,
20668053,native,54177646.653465346,
20667009,native,55593190.47959184,
20668601,native,64725077.84507042,
20665452,native,74551674.8630137,
20666012,native,75443237.84444444,
20667197,native,50676661.92173913,
20666502,native,6653.949859702137,
20666877,native,83569036.97260274,
20666934,native,60780622.302083336,
20667020,native,94377510.66666667,
20664947,native,64820313.60240964,
20668049,native,48382832.882882886,
20664494,native,58185320.474358976,
20667520,native,111292271.68,
20664467,native,16577447.053061225,
20669345,native,57177727.024096385,
20668011,native,54903602.41538461,
20666188,native,53659551.28169014,
20668026,native,32531491.126126125,
20664855,native,51965206.03,
20666636,native,67805063.06172839,
20664844,native,22819560.881632652,
20666511,native,60600226.989795916,
20666841,native,38514252.775641024,
20668959,native,53557762.63063063,
20667001,native,78046041.1969697,
20669162,native,44236239.45,
20664607,native,58667766.73846154,
20669085,native,48377831.922413796,
20664489,native,44996982.41935484,
20666696,native,37351149.76923077,
20667034,native,38393091.59375,
20666447,native,43237100.24166667,
20664641,native,113797157.0,
20664398,native,32706944.55421687,
20666512,native,58965014.8021978,
20668945,native,58348162.45714286,
20665269,native,53350854.458333336,
20664472,native,49849689.4,
20666912,native,59304094.33846154,
20664584,native,59404122.78823529,
20668054,native,47980675.67045455,
20667010,native,29755432.34640523,
20665676,native,49689823.47413793,
20666553,native,39712647.53374233,
20668602,native,64140568.39726027,
20669179,native,20978933.30740741,
20665453,native,30154910.57142857,
20665532,native,47094101.0,
20668057,native,92195775.6984127,
20667198,native,33654505.54794521,
20668940,native,116911466.8888889,
20665296,native,42599767.279569894,
20665343,native,54786462.98888889,
20666013,native,64000016.73863637,
20664823,native,67135967.88421053,
20666878,native,41129921.62068965,
20666935,native,55968948.694736846,
20664468,native,64432440.9,
20664495,native,53063877.26373626,
20667021,native,57069974.75,
20669346,native,46345475.63,
20664948,native,60507962.6875,
20667521,native,48322765.04424779,
20666637,native,43909412.3125,
20668027,native,54782105.479166664,
20668012,native,33708213.30409357,
20664856,native,28745809.45026178,
20669181,native,41151933.62962963,
20666189,native,47923166.4,
20667002,native,74359555.38181818,
20664608,native,44299030.40625,
20668960,native,38414153.44444445,
20667078,native,49813273.9010989,
20669086,native,26352093.433526013,
20666842,native,75250380.61764705,
20664490,native,48091592.817204304,
20666448,native,43620843.614583336,
20664845,native,67840414.5909091,
20666513,native,47894449.97777778,
20664642,native,42333929.333333336,
20665270,native,16760042.192567568,
20668055,native,29002012.006622516,
20666697,native,87669229.76056337,
20667687,native,39814907.29661017,
20667035,native,92179539.38356164,
20664585,native,17109540.17525773,
20668603,native,63494317.26984127,
20665677,native,40856756.557522126,
20668946,native,67264365.96296297,
20664473,native,67799378.6625,
20667011,native,87132094.44642857,
20664399,native,67086211.01,
20665344,native,26882305.493589744,
20665533,native,42924886.5,
20669180,native,92946459.71111111,
20665297,native,28991613.675,
20667054,native,34160470.608391605,
20668058,native,35758290.570512824,
20665454,native,109302624.43137255,
20664824,native,41653351.345132746,
20666554,native,49513839.3,
20669347,native,48300687.11764706,
20664469,native,66506553.11764706,
20667199,native,4392581.253846154,
20666879,native,32849941.232258063,
20666190,native,60079353.941176474,
20664496,native,36766472.36879433,
20666014,native,88045229.52857143,
20666638,native,70289800.04285714,
20667022,native,31780043.676136363,
20666936,native,45485046.42962963,
20668028,native,226995.32619446772,
20664949,native,58498082.87368421,
20664609,native,34341284.34710744,
20668013,native,140561310.78947368,
20669182,native,66280092.2,
20669087,native,45177518.94059406,
20667522,native,60661822.40952381,
20667079,native,79828390.9,
20664857,native,86570407.73239437,
20664491,native,17998245.9430605,
20667003,native,24109858.272357725,
20667066,native,33858339.43037975,
20666514,native,46897881.969387755,
20666449,native,62065819.69318182,
20664846,native,49367984.36363637,
20668961,native,57748477.17272727,
20666698,native,61862570.14285714,
20664643,native,33468052.851612903,
20667012,native,75679006.79166667,
20667688,native,42940489.584070794,
20667036,native,75984540.41666667,
20668014,native,45482485.75652174,
20665678,native,39453275.29310345,
20666555,native,3366732.749014455,
20664586,native,29618737.392638035,
20665271,native,12017239.94327731,
20664400,native,56198364.80263158,
20665345,native,50859083.569767445,
20668604,native,51085691.76190476,
20665298,native,25996887.51891892,
20667055,native,91617775.69565217,
20668059,native,60677722.34848485,
20665484,native,54557807.63265306,
20665534,native,53098046.88118812,
20664474,native,60357062.05940594,
20669348,native,65623985.4,
20668947,native,93637413.77464789,
20666880,native,78670098.8,
20664497,native,13593880.343065694,
20667200,native,116817643.74,
20664825,native,35274812.52356021,
20667312,native,54606671.0173913,
20665455,native,50019531.28571428,
20667013,native,53221788.473684214,
20666639,native,54971609.22772277,
20666191,native,74187345.4691358,
20666015,native,45257344.26923077,
20667023,native,76647935.10666667,
20668029,native,102983408.86274509,
20664950,native,53768444.24,
20664498,native,85909254.67857143,
20664610,native,43059820.075187966,
20667523,native,97787022.4375,
20669088,native,25426160.365740743,
20667080,native,88923573.10714285,
20664847,native,56406235.10606061,
20667016,native,34710035.29230769,
20669183,native,65800583.68181818,
20666450,native,60128333.7125,
20666699,native,32290263.94117647,
20665679,native,58384080.25,
20664858,native,61640349.10752688,
20667067,native,41214574.08571429,
20667004,native,65223116.35227273,
20664492,native,57019112.675675675,
20667025,native,27929043.122580644,
20664644,native,67052055.974358976,
20667037,native,18399367.989473686,
20668605,native,59340817.573529415,
20664587,native,82675311.41071428,
20664401,native,33822251.9,
20668962,native,77477044.69879518,
20667689,native,37748731.732026145,
20666556,native,76282369.76923077,
20664493,native,59762072.85148515,
20667056,native,55253563.55681818,
20665272,native,82298097.28571428,
20665485,native,32253639.75862069,
20665299,native,72634473.34615384,
20665346,native,48279511.34074074,
20665535,native,47630675.90434783,
20668948,native,54162083.22093023,
20666881,native,68674565.16393442,
20664475,native,29569523.0974359,
20669349,native,50665028.763636366,
20666192,native,44333407.86734694,
20668060,native,48721196.5,
20668613,native,39639541.015873015,
20667014,native,59807914.1875,
20664826,native,34981615.76923077,
20666016,native,52874553.04395604,
20665456,native,67984909.06410256,
20667201,native,29780729.877659574,
20664611,native,51037692.30120482,
20667024,native,57511032.65263158,
20667313,native,74333329.08433735,
20668030,native,28221468.375,
20666451,native,35067654.62711865,
20664499,native,48936936.49565218,
20666640,native,57569864.018518515,
20667017,native,84998440.05357143,
20667524,native,45815543.077586204,
20664951,native,49350400.904,
20667081,native,43590901.26984127,
20669089,native,52646097.352380954,
20669184,native,41571234.36090226,
20667005,native,65791808.428571425,
20664859,native,42057181.11304348,
20664588,native,32731287.15238095,
20664645,native,35876226.91509434,
20664402,native,36390341.85714286,
20667026,native,61292468.60273973,
20665680,native,22514438.76470588,
20664848,native,52317787.98373984,
20666700,native,60762925.46666667,
20667068,native,91141423.32142857,
20668950,native,64418134.41975309,
20668606,native,53366167.45454545,
20667015,native,41849869.268518515,
20667038,native,76631265.55882353,
20666557,native,85450562.21428572,
20665273,native,51736204.38823529,
20668963,native,77682824.36923076,
20667690,native,5594938.096907216,
20665300,native,65331687.95384616,
20669350,native,18377392.015,
20665347,native,45842991.85185185,
20665486,native,61923743.7311828,
20668949,native,49040209.43518519,
20666193,native,50591002.82666667,
20667057,native,62715068.179245286,
20668614,native,44673014.91111111,
20665536,native,50257522.449152544,
20664827,native,57531759.823529415,
20669090,native,71155414.65333334,
20668061,native,44104734.415929206,
20666017,native,47514186.78640777,
20667406,native,3705299.730395334,
20666882,native,59391597.29752066,
20665457,native,27829692.98989899,
20664849,native,37055754.0703125,
20667525,native,34981101.10169491,
20667082,native,29011365.86764706,
20664612,native,34496408.48447205,
20666559,native,41937327.88181818,
20667202,native,90278470.8923077,
20666452,native,45607083.03603604,
20667314,native,49381194.647619046,
20668031,native,105521734.52083333,
20666641,native,62228084.807228915,
20666093,native,51097158.16483516,
20669185,native,46198852.07,
20667018,native,61382941.38554217,
20664952,native,49715530.33,
20667006,native,39790936.975,
20664403,native,42521765.53097345,
20667027,native,48006469.69369369,
20664663,native,33660748.347826086,
20664860,native,39250164.868965514,
20667069,native,3466751.6729602157,
20667039,native,32684443.66923077,
20664646,native,32570908.425414365,
20664589,native,45295167.176470585,
20668951,native,35124401.39072847,
20666701,native,74287815.50666666,
20665681,native,91974189.97058824,
20668964,native,64009718.36986301,
20664850,native,33713187.99489796,
20665274,native,92764389.52941176,
20667691,native,77365249.76190476,
20668607,native,56885465.62857143,
20666558,native,89021142.03174603,
20667359,native,41338566.84946237,
20669351,native,31236275.27745665,
20665487,native,40531548.84297521,
20665348,native,50332613.123809524,
20668615,native,19792033.453333333,
20665301,native,45461230.59558824,
20666140,native,38142318.52542373,
20665537,native,42265069.84259259,
20666194,native,34218342.966216214,
20665319,native,79487681.88235295,
20666018,native,28492110.733333334,
20669091,native,65972336.8625,
20668032,native,35824828.663157895,
20664613,native,52105264.85,
20666883,native,25971610.90526316,
20667058,native,53894386.19512195,
20664953,native,35378339.99009901,
20666116,native,51314908.464788735,
20667315,native,47924813.28888889,
20666560,native,34937132.19580419,
20668619,native,21120761.259689923,
20666453,native,20140107.483739838,
20667083,native,57961762.62790698,
20667407,native,139695803.83333334,
20667526,native,42166373.592307694,
20665458,native,54093932.82524272,
20667203,native,60421799.79069767,
20666642,native,41593633.65384615,
20669186,native,85427311.16666667,
20666094,native,95819391.23636363,
20664664,native,46989012.06315789,
20668610,native,5470897.623106061,
20667028,native,46466846.16981132,
20664404,native,59873598.53684211,
20667040,native,32731879.033333335,
20664590,native,64299134.157142855,
20664861,native,56414198.344444446,
20664647,native,51876390.0,
20667070,native,75500577.78571428,
20667692,native,19757957.63043478,
20667029,native,65205433.464788735,
20665275,native,84976303.39215687,
20665682,native,67513099.94666667,
20666702,native,16612122.514880951,
20668608,native,41253349.72173913,
20668965,native,45794654.984126985,
20668952,native,78922852.40963855,
20665302,native,54510714.25925926,
20669352,native,90932474.58490565,
20668616,native,53813598.03157895,
20665488,native,48066219.168141596,
20665349,native,79951476.16666667,
20666141,native,45552262.5,
20667360,native,54144824.52542373,
20665538,native,40796412.96946565,
20669092,native,85292260.98039216,
20665320,native,41036134.71544716,
20665507,native,50941623.08571429,
20666195,native,67638323.9125,
20666019,native,64317576.925,
20668033,native,20526004.851694915,
20666117,native,6132438.310810811,
20666884,native,88493063.97826087,
20667204,native,60335572.4137931,
20667316,native,26352464.40883978,
20666454,native,31889006.70588235,
20664614,native,31603883.91764706,
20667059,native,55018785.0,
20664954,native,32968204.10240964,
20666561,native,37363620.166666664,
20667084,native,40020284.7518797,
20666095,native,39028305.2,
20667527,native,31717601.058479533,
20668611,native,78689932.78431372,
20665459,native,47010862.952380955,
20664616,native,40783577.192307696,
20664665,native,34162410.36601307,
20665276,native,29643468.7,
20664405,native,44084452.41509434,
20667041,native,34169161.217391305,
20666643,native,43770932.729323305,
20667072,native,71315285.2,
20664862,native,30173682.01226994,
20668620,native,38546115.44559585,
20664591,native,29808387.139784947,
20667693,native,57207323.84,
20667071,native,46879540.71287129,
20667408,native,104927928.14084508,
20667030,native,65391731.934210524,
20668609,native,58229083.161290325,
20668966,native,39682515.78518519,
20665683,native,81658215.02666667,
20666703,native,99888772.78688525,
20664648,native,57839904.539130434,
20669353,native,51598814.305263154,
20666128,native,56638245.10526316,
20665489,native,28787804.94117647,
20665303,native,89769451.49090908,
20668617,native,61597365.87671233,
20665284,native,55124824.320512824,
20665350,native,36143421.96428572,
20665508,native,56606133.9875,
20665321,native,48158613.08163265,
20667361,native,29100775.122222222,
20666020,native,68040102.49315068,
20666142,native,55012063.72173913,
20668034,native,85051094.55,
20666726,native,50328464.02816901,
20667060,native,76878756.39215687,
20667205,native,31974145.25949367,
20665539,native,70880254.87912089,
20664955,native,50665585.70454545,
20666196,native,49378012.304,
20666118,native,92626809.46428572,
20664615,native,33823918.91772152,
20666455,native,80674803.14285715,
20666885,native,4674866.730345334,
20667085,native,56840595.04705882,
20668612,native,66407037.18571428,
20667317,native,53385815.54782609,
20666096,native,47306907.16528925,
20667528,native,118593714.64444445,
20666046,native,39668035.421052635,
20664863,native,41002002.342857145,
20665460,native,48971508.62962963,
20666644,native,41664753.73275862,
20667073,native,55523551.1882353,
20664592,native,48294443.29523809,
20667042,native,116363738.37209302,
20664666,native,61234154.43157895,
20665277,native,64768225.461538464,
20667409,native,53551276.395604394,
20668621,native,79244585.26153846,
20664617,native,31825967.610837437,
20667694,native,43102505.57251909,
20665307,native,25875580.56,
20664869,native,46895376.32231405,
20668967,native,44531031.9375,
20665684,native,27735066.521472394,
20665290,native,120396262.22222222,
20666704,native,18336809.344398342,
20665304,native,44230680.90625,
20668618,native,53054877.54117647,
20664649,native,46844120.77272727,
20669354,native,39630851.3359375,
20665322,native,64501848.190476194,
20666129,native,49529447.12264151,
20665490,native,13687378.960556844,
20665509,native,42500509.333333336,
20665285,native,76746420.45333333,
20667362,native,92902269.5,
20666021,native,31135784.16891892,
20666727,native,45418714.770833336,
20665351,native,58907444.38,
20666143,native,63752533.48,
20665540,native,53540351.10227273,
20667086,native,22262261.93922652,
20667206,native,39006258.75,
20667318,native,59745705.13235294,
20668035,native,20467270.78275862,
20664872,native,49053315.75824176,
20667061,native,40424899.27152318,
20664956,native,44908046.6,
20666456,native,24322168.72983871,
20666197,native,52614829.16528925,
20666119,native,41562626.26282051,
20665461,native,43230836.25471698,
20664864,native,48344140.71875,
20666047,native,5205919.478488982,
20667529,native,61747462.56410257,
20665519,native,80639927.9879518,
20667781,native,66226646.34246575,
20666886,native,98203735.8095238,
20664618,native,69688843.56363636,
20666097,native,55554075.72277228,
20667043,native,51951190.31868132,
20667074,native,23265931.8111588,
20667410,native,25287801.920454547,
20666645,native,86432477.1147541,
20664667,native,33295091.073333334,
20665278,native,42357751.73728813,
20668622,native,60320347.17283951,
20667695,native,41555495.483333334,
20665291,native,69255864.16923077,
20664870,native,38836577.94615385,
20669355,native,72736574.01818182,
20665308,native,71144068.85185185,
20665323,native,28736930.106666666,
20668968,native,36323263.7875,
20664866,native,65164668.887323946,
20666705,native,68483506.1923077,
20665305,native,34272939.415662654,
20664650,native,45823509.619469024,
20665685,native,11651281.862068966,
20666130,native,60743002.90909091,
20665491,native,90956767.86274509,
20665510,native,42918007.85123967,
20666728,native,47686939.291262135,
20666144,native,45721376.08,
20667087,native,54829666.69736842,
20665286,native,43711188.359375,
20667207,native,40627010.04545455,
20665541,native,31193250.620481927,
20667363,native,46346690.11851852,
20665352,native,26566928.28138528,
20664873,native,42121380.25925926,
20667319,native,44221354.0990991,
20666022,native,76685015.03333333,
20668036,native,87514095.2,
20667062,native,55297756.4375,
20666120,native,38967263.92173913,
20666457,native,7097603.941666666,
20664865,native,47126616.41584159,
20665462,native,28900146.31764706,
20666198,native,74365008.09859155,
20667075,native,121983801.56666666,
20664957,native,53891924.7,
20667782,native,26005186.43715847,
20667530,native,38356441.386206895,
20664619,native,38301073.5390625,
20666887,native,56444416.60465116,
20667411,native,48992589.90625,
20665520,native,59747517.85882353,
20666048,native,93975096.5,
20666646,native,45900500.18584071,
20664668,native,38180785.76335878,
20666098,native,44012520.78125,
20667696,native,18435285.8458498,
20668623,native,16726009.35620915,
20667044,native,58018670.4,
20664871,native,36048847.959349595,
20665279,native,65274323.32954545,
20665292,native,50122697.725663714,
20669356,native,74221633.82857142,
20665309,native,121993756.65116279,
20664867,native,53893034.217821784,
20668969,native,52187222.41904762,
20665306,native,42665543.11570248,
20664651,native,16317919.142857144,
20665324,native,66630065.578947365,
20666131,native,44949436.29565217,
20666706,native,66228742.71875,
20665686,native,97111258.08928572,
20665492,native,40796972.5,
20666729,native,3855869.441971383,
20665511,native,47721685.64814815,
20665542,native,48406009.45679013,
20667208,native,43823473.18947368,
20665287,native,82736583.46428572,
20666145,native,33160030.679738563,
20668037,native,54510866.23529412,
20665353,native,58398170.2875,
20667088,native,64297226.92473118,
20667320,native,57021928.08791209,
20666023,native,93673050.875,
20664874,native,7903849.702627939,
20667063,native,51404455.43956044,
20666121,native,93017720.67924528,
20667076,native,77218941.98214285,
20665525,native,47164968.84259259,
20666199,native,48348543.018018015,
20666049,native,66986424.365079366,
20665463,native,65318630.430232555,
20665521,native,33843946.59440559,
20666099,native,39333666.04310345,
20664958,native,53490984.72072072,
20667783,native,78296113.6849315,
20664620,native,36029804.20253164,
20666458,native,90576987.86666666,
20667412,native,60977672.65591398,
20666888,native,10030115.802013423,
20667045,native,48887228.24210526,
20666647,native,22062316.902439024,
20668624,native,48582740.28,
20667531,native,15784926.848039215,
20664669,native,41701775.47328244,
20667697,native,71967443.98630136,
20665280,native,39519425.216,
20666122,native,24768359.10300429,
20667364,native,93356631.15841584,
20665310,native,3018800.8780169603,
20665293,native,35091897.45512821,
20664652,native,65527423.051724136,
20669357,native,48724879.0,
20664868,native,46624115.99056604,
20668970,native,18746860.268656716,
20665528,native,27558746.694444444,
20666132,native,20945417.527659573,
20665325,native,44658850.42727273,
20665288,native,51566622.53424658,
20666714,native,58980967.57575758,
20665687,native,39339553.640625,
20665543,native,45760356.845454544,
20666707,native,63529969.279569894,
20665493,native,62845372.655555554,
20665512,native,64458584.2,
20666730,native,90485074.13333334,
20666146,native,38222426.66216216,
20667321,native,38504461.39130435,
20667077,native,37587901.451612905,
20667089,native,45270716.0,
20665354,native,34038086.35294118,
20667209,native,121398348.36363636,
20666163,native,5432964.503711559,
20665331,native,36172393.85950413,
20667064,native,55458866.84090909,
20666024,native,53509277.495238096,
20666200,native,49796598.8625,
20665464,native,39369307.3,
20666050,native,43438695.18518519,
20664959,native,37572134.217391305,
20665526,native,94269079.3442623,
20666100,native,12773090.742424242,
20666459,native,52994520.5,
20664628,native,61086822.4109589,
20667413,native,34364829.94326241,
20667046,native,30383460.096969698,
20665522,native,78855432.1971831,
20667365,native,64837831.51724138,
20667784,native,45832369.546875,
20666648,native,50448679.13207547,
20667698,native,38863636.544,
20664621,native,40259993.58940397,
20666123,native,40055134.39130435,
20665281,native,1261847.9997730367,
20666889,native,93472359.53333333,
20664670,native,48020644.536,
20665294,native,59173873.31506849,
20667828,native,41495071.38888889,
20664653,native,34042476.11347517,
20665311,native,78802722.06666666,
20669358,native,56364822.938271604,
20667532,native,101537270.03571428,
20668971,native,62743583.557142854,
20666133,native,68018028.5737705,
20665529,native,39534067.044117644,
20665544,native,31480353.739837397,
20665688,native,40498609.44660194,
20665513,native,30520165.215384614,
20665326,native,75079915.62666667,
20666715,native,22474567.42918455,
20666731,native,25011895.910994764,
20665494,native,6503236.80746089,
20666147,native,52695394.68131868,
20665289,native,62381742.83809524,
20667322,native,72144576.8,
20665332,native,41851827.69090909,
20667090,native,53884667.07,
20665355,native,31562228.98265896,
20666164,native,74314063.31147541,
20665523,native,54179178.24074074,
20666025,native,58268659.807692304,
20666708,native,61881453.88181818,
20666201,native,28998975.904761903,
20667210,native,47498377.58260869,
20667065,native,73337925.61428571,
20666051,native,72414530.1764706,
20667785,native,2893573.583515682,
20667047,native,75453871.50909092,
20665465,native,71571992.65432099,
20665527,native,52531921.25,
20664960,native,16402108.61235955,
20666460,native,49534780.08737864,
20664629,native,41604735.84,
20667593,native,14625207.46627566,
20667414,native,21477716.55513308,
20667699,native,49820034.354166664,
20666124,native,51448856.04444444,
20664622,native,30311412.055900622,
20666101,native,96981233.75409836,
20664654,native,46008936.05494505,
20667829,native,27587828.860759493,
20667366,native,39108744.68965517,
20667533,native,5268927.502531646,
20665295,native,46085697.969387755,
20664671,native,41228947.14159292,
20666649,native,64446466.9,
20665282,native,90282937.30909091,
20666720,native,70012589.72,
20668972,native,52120700.55555555,
20665312,native,79456428.06349206,
20666134,native,9201813.260948906,
20665545,native,31678251.06849315,
20665689,native,66378186.35616438,
20669359,native,43962971.46376812,
20665530,native,61577504.79545455,
20665514,native,38418689.54961832,
20665327,native,43456936.82926829,
20669363,native,66047879.87301587,
20666716,native,63585760.58974359,
20666165,native,36776410.47169811,
20665524,native,32518062.251908395,
20667323,native,31577821.21192053,
20666148,native,42481067.86259542,
20665495,native,83381548.15384616,
20666732,native,79356335.38028169,
20667211,native,40418685.38333333,
20665333,native,91010877.23076923,
20666202,native,34250115.50980392,
20666026,native,51690603.154545456,
20666709,native,74419194.44117647,
20666052,native,40330862.53448276,
20665356,native,55324633.333333336,
20665466,native,52398224.6625,
20667091,native,66508195.75,
20667048,native,55339315.28395062,
20667786,native,79305111.87931034,
20666723,native,95894880.12698413,
20667415,native,65598588.08928572,
20667594,native,94356515.0,
20666102,native,34788974.25423729,
20666125,native,36350416.844444446,
20664630,native,38327657.62068965,
20666461,native,31064611.51612903,
20667546,native,70893092.41176471,
20667700,native,53419226.17,
20665313,native,18621109.840707965,
20664655,native,50391880.08571429,
20666650,native,36338186.307142854,
20664961,native,88057409.16438356,
20664672,native,54213220.82653061,
20668973,native,46996796.86,
20667534,native,59035358.55789474,
20666135,native,52610235.930232555,
20667367,native,72440061.06172839,
20664623,native,65900701.48421053,
20667830,native,64266935.473684214,
20666104,native,71620571.13953489,
20665283,native,66918795.88888889,
20666721,native,34994485.41142857,
20669360,native,31992078.19620253,
20665690,native,45940849.930434786,
20665546,native,43445947.68888889,
20665328,native,78713953.5490196,
20669364,native,37900026.21428572,
20665515,native,51973480.85436893,
20665578,native,32867231.216666665,
20665062,native,27822085.455128204,
20666717,native,58684524.07526882,
20666166,native,50989522.126213595,
20666733,native,50635873.760416664,
20665496,native,90113908.44642857,
20667324,native,40922169.22794118,
20667212,native,45545898.14,
20666203,native,75751394.58490565,
20666710,native,44200577.70408163,
20666149,native,82365830.63076924,
20665467,native,50398563.14285714,
20665334,native,60778148.64444444,
20667416,native,4121080.8591549294,
20666027,native,60780403.48888889,
20665357,native,38484048.92907801,
20666053,native,39305565.83687943,
20667049,native,34421750.99346405,
20666724,native,31086296.07878788,
20667092,native,29261648.423809525,
20667787,native,69925006.43023255,
20667701,native,30139311.09589041,
20666103,native,41004477.941176474,
20666462,native,67034545.373333335,
20667595,native,41810516.283870965,
20667535,native,41154957.266666666,
20664656,native,39986049.809523806,
20668974,native,20529215.03004292,
20664962,native,40494019.137931034,
20666126,native,37399169.905063294,
20667368,native,30483772.391891893,
20664673,native,52087709.77894737,
20666105,native,57242065.2368421,
20665314,native,29167028.596153848,
20664631,native,47161773.98518518,
20667547,native,54804706.32173913,
20664624,native,36506834.97058824,
20666651,native,54328399.43518519,
20669361,native,58082614.346666664,
20669365,native,7728875.4979591835,
20666136,native,61221038.35483871,
20667831,native,76905919.35714285,
20665691,native,55586954.222222224,
20667640,native,35006856.50625,
20665547,native,74023206.35211268,
20665516,native,45035231.81553398,
20665329,native,58865979.95294118,
20666722,native,61195613.316831686,
20665579,native,47958133.524752475,
20665063,native,6141068.95193435,
20667325,native,49039498.03333333,
20666167,native,19537474.508896798,
20666718,native,59039708.53125,
20666204,native,47269305.75,
20667213,native,51481522.7368421,
20666150,native,37070096.3,
20666734,native,45271217.676923074,
20665497,native,45687609.50793651,
20666711,native,53963618.59,
20665358,native,46362099.729166664,
20666028,native,43684436.56603774,
20665468,native,37262081.774436094,
20666054,native,58206530.30864198,
20665335,native,72040706.6,
20667788,native,23646624.309392266,
20667596,native,4930501.169554455,
20667417,native,112364272.76470588,
20666725,native,89468684.15,
20667093,native,49339931.14545455,
20667050,native,48684908.585365854,
20667702,native,40559164.3515625,
20667369,native,63811466.58730159,
20666463,native,37298463.60769231,
20665337,native,98668303.26,
20668975,native,38988714.49137931,
20667548,native,58833701.071428575,
20667536,native,78748508.14705883,
20666106,native,41237407.8,
20665315,native,65106548.25352113,
20664963,native,72995127.19178082,
20666127,native,53563010.1632653,
20664657,native,35848747.30128205,
20664674,native,63536484.56626506,
20664632,native,8899008.131348511,
20667832,native,33659097.315789476,
20669362,native,60353775.70512821,
20664625,native,45696455.03333333,
20665692,native,42049034.5945946,
20665517,native,33776809.34920635,
20666137,native,91290608.27272727,
20665548,native,35125682.728,
20665330,native,50653656.70526316,
20666652,native,38506418.768786125,
20667641,native,42558189.13076923,
20667569,native,62265342.13953488,
20666205,native,18663863.476595744,
20669366,native,73818699.22772278,
20665498,native,28711865.185185187,
20665580,native,50137045.728,
20666719,native,25190813.0,
20666151,native,1744594.8717211643,
20665469,native,61732884.948275864,
20667326,native,50401192.25454546,
20665336,native,13419075.31935484,
20666712,native,46505360.85148515,
20666168,native,37496748.558823526,
20667214,native,61363587.927083336,
20665359,native,33626948.09150327,
20665064,native,101898643.9,
20666055,native,24515602.209302325,
20667370,native,44105774.315789476,
20666735,native,48999889.1171875,
20667703,native,11211261.469444444,
20666029,native,65017303.8021978,
20667051,native,69153534.92727272,
20665316,native,83068906.89655173,
20667789,native,41832061.57777778,
20667418,native,59552174.88235294,
20667597,native,79739945.84615384,
20664675,native,37722051.6,
20667537,native,21465683.342592593,
20664626,native,40348313.56666667,
20666464,native,40673706.15037594,
20667833,native,61132347.538461536,
20667540,native,54879482.52941176,
20667094,native,76506120.60240965,
20665338,native,54056806.78181818,
20668976,native,78189658.63013698,
20666138,native,43087917.69318182,
20667052,native,53375626.71287129,
20665812,native,45894561.75221239,
20665518,native,21437111.097222224,
20667549,native,58913340.358490564,
20667335,native,51203216.5890411,
20664964,native,45409744.674074076,
20665549,native,63711179.84931507,
20665693,native,55666082.692307696,
20666107,native,54589841.19512195,
20664633,native,76959169.4691358,
20667642,native,60023005.64,
20664627,native,29521471.583333332,
20666653,native,34537626.91489362,
20666206,native,69207838.2586207,
20667570,native,42863288.43636364,
20664658,native,100184471.69014084,
20669367,native,58654898.82666667,
20665581,native,19566770.443983402,
20665499,native,34866709.19580419,
20667215,native,19592579.077777777,
20666713,native,66421642.91549296,
20666152,native,74656895.65714286,
20667327,native,77809634.21212122,
20666169,native,35530480.86666667,
20665470,native,85656074.15151516,
20666069,native,65043310.11764706,
20666056,native,91684747.18,
20666030,native,47094992.504854366,
20665317,native,39462542.21818182,
20665065,native,63961985.305263154,
20666465,native,61635759.50909091,
20667371,native,53938741.722222224,
20667598,native,72357692.68253969,
20666736,native,54183902.09090909,
20667541,native,38204701.5,
20665360,native,57578891.93333333,
20665340,native,14421090.882882884,
20667834,native,26631567.455555554,
20667790,native,43124980.85185185,
20664681,native,43514163.4,
20667095,native,48114258.1,
20667704,native,98991529.06153846,
20664676,native,54519694.02912621,
20667538,native,68501054.57894737,
20666108,native,45631637.10294118,
20665339,native,51970620.75824176,
20668977,native,50901146.3125,
20666139,native,42113474.504065044,
20667419,native,39574143.45454545,
20664965,native,46881138.666666664,
20665694,native,41472174.683168314,
20665813,native,41606178.71304348,
20667347,native,74906921.37704918,
20667053,native,62139814.60204082,
20667643,native,61043733.586666666,
20666654,native,44745790.51,
20667336,native,49615206.58260869,
20665318,native,9786223.936,
20667550,native,15309924.43,
20664634,native,48183796.67272727,
20665582,native,87158724.06666666,
20665550,native,67276445.79166667,
20664659,native,44585868.347457625,
20666207,native,52992715.43396226,
20669368,native,30314669.96590909,
20667571,native,56948319.6,
20666170,native,42731711.12222222,
20666153,native,87197962.46666667,
20667329,native,34897954.7107438,
20665500,native,58188250.59,
20667328,native,35986893.125874124,
20667216,native,80520299.5263158,
20666175,native,53421285.988235295,
20665471,native,63456264.41935484,
20666057,native,40913691.37588652,
20665066,native,70279654.97333333,
20666737,native,83228730.05357143,
20666031,native,79575518.60273972,
20664677,native,20233204.980582524,
20667835,native,84683249.7735849,
20665361,native,51565542.739583336,
20667791,native,89474351.62,
20667542,native,37750769.1369863,
20665341,native,70905276.95454545,
20666109,native,7446029.627787307,
20667372,native,51478904.652173914,
20667599,native,45712733.67460317,
20666466,native,60535267.69,
20667539,native,25524200.989473686,
20664682,native,36703060.20666666,
20667663,native,38292616.525,
20666070,native,22186901.864130434,
20665695,native,45075333.08571429,
20667705,native,35189002.64848485,
20667804,native,87915406.56666666,
20664966,native,21437906.35365854,
20667420,native,35323151.66,
20667096,native,54325281.576576576,
20668978,native,37095738.104575165,
20667337,native,115034142.32258065,
20667348,native,49073985.90990991,
20665814,native,44696739.03968254,
20667644,native,49972067.94059406,
20669369,native,102266294.36956522,
20667551,native,35607508.294117644,
20666081,native,72628854.55128205,
20664635,native,49595929.07272727,
20666655,native,54459409.27927928,
20666171,native,32786735.835714284,
20666208,native,56935245.20454545,
20666154,native,33849051.14814815,
20665551,native,19415796.68243243,
20665583,native,42146818.79710145,
20667572,native,29743626.033707865,
20666087,native,80224625.3076923,
20667330,native,73097105.05633803,
20664684,native,48411463.91111111,
20664660,native,43840295.20979021,
20665472,native,71509828.55172414,
20665501,native,48020762.33898305,
20666058,native,26942533.6125,
20667217,native,56481172.75728156,
20666176,native,48334728.7037037,
20665362,native,21360967.81553398,
20666032,native,47475052.445544556,
20665067,native,56127868.76136363,
20666738,native,13285748.263819095,
20665342,native,22227054.723809525,
20667836,native,34709157.04285714,
20667792,native,43477625.63636363,
20667543,native,51280283.34375,
20666467,native,52398904.95454545,
20667373,native,54966802.5,
20666071,native,57803368.788732395,
20667600,native,52286213.78125,
20667664,native,40840880.36363637,
20667338,native,42553579.75,
20667805,native,44452093.071428575,
20664683,native,57648144.08888889,
20666110,native,95836808.93103448,
20667097,native,45682397.479166664,
20667706,native,37243642.23846154,
20668979,native,52324331.22891566,
20668988,native,88879313.03278689,
20665696,native,62496724.44444445,
20667421,native,39064038.9862069,
20664678,native,117896818.59016393,
20669370,native,66533755.03030303,
20667645,native,27029827.484210525,
20665815,native,23881859.108333334,
20666155,native,27447101.846153848,
20668994,native,35924458.71551724,
20664967,native,112711837.4,
20666082,native,33339810.3006993,
20667349,native,79453794.15384616,
20664636,native,40370698.35,
20666172,native,69582057.79365079,
20667573,native,96352223.91111112,
20665552,native,42317835.27927928,
20665584,native,28658114.823863637,
20666088,native,22819110.004524887,
20664661,native,35883338.807692304,
20667331,native,55380651.10465116,
20664685,native,37111091.16793893,
20667552,native,67651408.6734694,
20666209,native,57643132.46363636,
20665473,native,42774123.49074074,
20666059,native,77883549.0,
20667218,native,69622851.84,
20665502,native,46179403.65873016,
20665363,native,63528341.63013699,
20666739,native,91005414.97916667,
20666177,native,89491432.63934426,
20667616,native,53415970.12790698,
20665068,native,43842678.06896552,
20667837,native,50888586.74489796,
20667374,native,55599521.1686747,
20667544,native,57955789.25,
20666033,native,82710572.21212122,
20666072,native,48277127.8,
20667806,native,50742580.36263736,
20667665,native,39306303.74615385,
20666090,native,61212392.65753425,
20666034,native,33764801.56626506,
20667601,native,58494604.63333333,
20668989,native,44879564.08163265,
20667793,native,43765948.15,
20664679,native,47748439.54666667,
20667339,native,45414387.15447155,
20668980,native,13996750.391891891,
20667707,native,55701643.28712871,
20666111,native,44007494.19847328,
20667646,native,67669993.81967214,
20667098,native,63403564.302083336,
20669371,native,5686291.977973568,
20667422,native,29199815.043243244,
20665697,native,67221243.90697674,
20666156,native,70555197.64285715,
20664968,native,31219968.78181818,
20668995,native,7150870.325670498,
20667574,native,25629111.681081083,
20666083,native,55063174.188118815,
20667350,native,76350818.0140845,
20665553,native,47303804.1509434,
20666173,native,29693660.295081966,
20666089,native,68556341.68181819,
20664637,native,43812604.55555555,
20665474,native,70731279.71698113,
20667332,native,70580435.32307692,
20665816,native,88802456.09589042,
20666210,native,39841585.39130435,
20664686,native,39981601.5112782,
20665585,native,80974160.4090909,
20666060,native,20628356.945701357,
20664662,native,68537801.13636364,
20667838,native,36176949.46534654,
20665364,native,42058337.6509434,
20666740,native,29923841.767955802,
20667553,native,74548275.06796117,
20667375,native,10818786.652928416,
20666178,native,59004600.677777775,
20665503,native,42559240.28888889,
20665069,native,26873095.196969695,
20667219,native,65633706.40860215,
20667617,native,53259297.31428572,
20667794,native,46266731.61176471,
20667581,native,89904523.4137931,
20666091,native,52053176.086021505,
20666073,native,49654460.761061944,
20666035,native,5335310.192039801,
20667807,native,32255346.056179777,
20667708,native,38345234.831858404,
20664680,native,50840572.237623766,
20667340,native,33458826.58,
20668981,native,76173552.31034483,
20667602,native,42972010.10687023,
20667666,native,39081249.1589404,
20668990,native,66537961.65384615,
20667545,native,52324053.94656488,
20666112,native,46943317.0462963,
20669372,native,65420547.461538464,
20667587,native,32341622.39,
20666157,native,39680293.87826087,
20667575,native,56469033.58974359,
20666084,native,37835564.74545454,
20667647,native,58175403.36190476,
20668996,native,79489868.06896552,
20667099,native,53221476.69166667,
20665698,native,49764021.8,
20665817,native,38999550.00952381,
20665554,native,9453780.001988072,
20667423,native,48177155.610687025,
20665475,native,18939060.76226415,
20666211,native,54150835.938271604,
20666174,native,52453875.17821782,
20664969,native,59805212.99009901,
20667333,native,30854828.182857145,
20666092,native,33317584.24,
20666061,native,54555335.55421687,
20664638,native,49975964.449152544,
20665586,native,53782477.87755102,
20667351,native,34503068.33830846,
20668982,native,39733323.00699301,
20665504,native,52583145.385714285,
20667839,native,4763272.611398964,
20665365,native,38821663.16216216,
20667554,native,60337207.76,
20666179,native,40304323.50442478,
20667795,native,59877605.093333334,
20665070,native,60883112.24691358,
20667220,native,65410987.14117647,
20667376,native,121483938.1521739,
20667618,native,49272384.64655172,
20667603,native,27778386.18404908,
20667453,native,57363802.375,
20665156,native,73847929.4090909,
20666063,native,49060743.9375,
20666741,native,45589574.10144927,
20669373,native,6330621.91884058,
20666158,native,36067883.486725666,
20667709,native,43668918.968,
20666074,native,46007316.9921875,
20667341,native,59467860.43333333,
20666036,native,87804592.82539682,
20666113,native,44792241.06363636,
20667808,native,100218092.3275862,
20667582,native,44200483.23225807,
20667667,native,52222376.2972973,
20666212,native,45216511.71428572,
20668991,native,70809054.44186047,
20667100,native,61191319.948275864,
20667576,native,57713998.184210524,
20665699,native,53125930.5131579,
20667588,native,94573537.68852459,
20666085,native,42441444.86708861,
20665555,native,46504367.427083336,
20667648,native,45228185.07964602,
20667851,native,52689889.08163265,
20668997,native,19162604.22302158,
20664970,native,78289498.15517241,
20667334,native,57224536.925,
20665476,native,77361600.04545455,
20665818,native,68472258.9,
20667352,native,59896803.77941176,
20665587,native,39341700.84347826,
20667424,native,120493828.39215687,
20664639,native,59127145.63736264,
20666062,native,67617589.28395061,
20668983,native,37563926.22608696,
20667476,native,53961669.018018015,
20665505,native,38827796.47826087,
20668985,native,51804345.437037036,
20665366,native,53424762.975903615,
20667840,native,99685636.77083333,
20667796,native,33954313.368421055,
20667555,native,61825655.0,
20665071,native,32725971.014184397,
20666180,native,47084502.16260163,
20667221,native,29296692.148387097,
20665157,native,35167812.69421487,
20667619,native,16272044.181208054,
20667377,native,46990559.19417476,
20666037,native,32290409.104,
20667604,native,55303463.85714286,
20666064,native,36627563.39097744,
20669374,native,75775619.13725491,
20666159,native,55170762.02469136,
20667342,native,39575070.525,
20668992,native,49079741.85,
20667454,native,48943506.862068966,
20667809,native,34080266.125,
20666075,native,16149625.66031746,
20666742,native,80678056.39705883,
20666114,native,34542325.07092199,
20667668,native,34312247.875,
20666213,native,63938347.64788733,
20666086,native,35437800.18103448,
20667577,native,79516718.55,
20667710,native,41523319.62937063,
20667101,native,28855819.516853932,
20667583,native,52674579.24761905,
20665556,native,60955965.45333333,
20665700,native,28436571.066666666,
20665477,native,38029401.25925926,
20667589,native,40801988.35555556,
20668998,native,58140466.505494505,
20667649,native,33516088.036363635,
20667852,native,49022777.61016949,
20665109,native,48015876.679487176,
20667477,native,10108.258026156023,
20667425,native,20441036.346666668,
20666066,native,64847805.518518515,
20664971,native,34532544.084337346,
20668986,native,17075633.522821575,
20665819,native,65813657.39772727,
20665588,native,19431580.422442243,
20667841,native,61168863.15151515,
20668984,native,29383180.854054052,
20667651,native,46698770.640625,
20665367,native,39915807.88,
20667353,native,59383960.26724138,
20665506,native,57181613.188118815,
20667556,native,15558568.993610224,
20667797,native,31649220.3625,
20667378,native,51233011.95180723,
20665158,native,53128689.35164835,
20667455,native,16442524.546218487,
20667620,native,71593888.5909091,
20666160,native,25047375.867052022,
20666038,native,54391679.325581394,
20665072,native,65481435.145833336,
20667464,native,69236543.23287672,
20667222,native,57676550.038095236,
20666065,native,43725931.08130081,
20666115,native,50907531.14117647,
20668993,native,60697154.85897436,
20667343,native,37216239.68888889,
20666076,native,53929432.27272727,
20666181,native,103192350.86885247,
20666214,native,43980435.36111111,
20667605,native,78572110.8125,
20667579,native,3919866.6118577076,
20667810,native,88030859.86153845,
20667102,native,76928229.98412699,
20667584,native,57511231.21978022,
20666067,native,52707991.984126985,
20665557,native,64513480.83950617,
20665701,native,46150354.02727272,
20667669,native,67659896.77894737,
20666743,native,51748050.03053435,
20667578,native,47155563.984962404,
20667590,native,2229655.9129464286,
20668999,native,33085078.18243243,
20667711,native,69059125.5376344,
20665110,native,62284679.47945205,
20665478,native,31581319.56111111,
20667650,native,39536875.27407408,
20667842,native,50749067.2,
20664972,native,38986036.33846154,
20668987,native,45140600.527777776,
20665589,native,73812026.46153846,
20665820,native,41257562.688,
20667853,native,40928376.54601227,
20665481,native,44092913.56363636,
20667426,native,58192873.358490564,
20665368,native,58402015.428571425,
20667478,native,111193043.9245283,
20667652,native,59532636.8630137,
20667354,native,32086581.5375,
20665159,native,26538614.410596028,
20667816,native,44381544.28571428,
20666039,native,51076979.75,
20667557,native,87428697.06349206,
20667798,native,56805500.74257426,
20667465,native,43142845.708333336,
20666040,native,45138736.98888889,
20666215,native,48183699.4109589,
20667621,native,54725196.49473684,
20665073,native,50535453.08163265,
20667488,native,40606674.66981132,
20666161,native,52996129.39,
20666182,native,39078264.92920354,
20667813,native,63889537.2,
20667606,native,38361727.07079646,
20667379,native,59332801.56637168,
20666068,native,44288814.1625,
20667811,native,58443657.654320985,
20667223,native,69679282.42045455,
20667456,native,56985720.07317073,
20667344,native,81175835.38356164,
20667580,native,74360969.61971831,
20665479,native,78864559.27906977,
20667670,native,32481213.507142857,
20667103,native,53281494.03157895,
20667429,native,88134716.98039216,
20665702,native,56787243.65934066,
20666077,native,85088750.61445783,
20665111,native,42259926.11570248,
20665390,native,53715859.74725275,
20667591,native,75244404.20512821,
20667585,native,62298181.29245283,
20667843,native,41696292.35454545,
20665558,native,61871785.10185185,
20667712,native,39758752.306666665,
20665482,native,88089149.8028169,
20664973,native,57081951.870588236,
20665821,native,46439283.67,
20666744,native,92018178.725,
20667113,native,6068407.191441442,
20667470,native,50187385.19178082,
20665369,native,31040993.805555556,
20667355,native,49236474.3655914,
20665160,native,45352909.24271844,
20665378,native,100209340.6923077,
20667653,native,33332964.664705884,
20667817,native,44192759.2,
20667479,native,70810311.44705883,
20665590,native,63495316.53636364,
20667558,native,60511174.564705886,
20666183,native,47164805.37209302,
20667466,native,47065577.769911505,
20666216,native,35336387.042553194,
20667489,native,43711159.6460177,
20667799,native,80954618.26470588,
20667427,native,37963184.385714285,
20667622,native,38272013.0882353,
20667380,native,49919590.46511628,
20666041,native,61045282.78888889,
20665074,native,62922147.578313254,
20667854,native,65678174.79365079,
20666162,native,49328628.949152544,
20667607,native,46385169.619469024,
20667345,native,40869838.231481485,
20667812,native,42206815.7027027,
20667814,native,30559848.275675677,
20667224,native,69655076.72727273,
20667457,native,81425458.03174603,
20667610,native,52381860.85840708,
20666078,native,33264043.282208588,
20667586,native,67437815.19607843,
20665483,native,27637607.74137931,
20665559,native,35591801.614583336,
20667671,native,70399011.4736842,
20667822,native,91101174.75471698,
20665391,native,36125487.52380952,
20667104,native,73492804.4625,
20667430,native,65676178.43181818,
20665480,native,58076713.03478261,
20667592,native,53085122.72631579,
20667844,native,47359021.07619048,
20665112,native,39786300.63636363,
20665703,native,31158171.38604651,
20664974,native,101360383.2,
20667713,native,56361986.908163264,
20665379,native,34423498.109375,
20665822,native,27669868.363636363,
20667467,native,39079161.915662654,
20667471,native,39583629.75,
20667356,native,39557487.13533834,
20667428,native,12513425.89243028,
20667654,native,58667095.61176471,
20666745,native,77911496.87671232,
20665161,native,76133731.28169014,
20667480,native,57696739.97777778,
20665591,native,45835475.77,
20667114,native,52365786.44715447,
20667559,native,51781233.07954545,
20667818,native,83598470.16923077,
20665370,native,59394812.943396226,
20666184,native,56054844.02272727,
20666217,native,74519181.3235294,
20667490,native,68161574.1025641,
20667381,native,43904879.79130435,
20665075,native,60249013.15662651,
20666079,native,85138217.15555556,
20667623,native,57331756.06593407,
20667855,native,33268737.317880794,
20666042,native,56008711.62105263,
20667225,native,68963964.22950819,
20667800,native,35687206.315476194,
20667346,native,53236582.20388349,
20667863,native,17182706.29607251,
20667815,native,108053475.13725491,
20665906,native,57176520.875,
20665560,native,48117774.32653061,
20667823,native,41032494.132743366,
20665392,native,45669270.93684211,
20667105,native,63286784.63076923,
20667431,native,48456054.97802198,
20667672,native,41305855.52845529,
20667608,native,41388163.52941176,
20667611,native,43388587.08391608,
20667458,native,28418066.888888888,
20665704,native,51678562.474358976,
20666746,native,62613299.76712329,
20667845,native,51240621.333333336,
20665113,native,42423035.47413793,
20667734,native,45341330.244755246,
20666747,native,49247229.95890411,
20667472,native,51021128.633802816,
20665132,native,60742000.39285714,
20664975,native,37631385.4962406,
20667609,native,62438820.40909091,
20665380,native,62952719.04545455,
20667819,native,40688919.575,
20667714,native,37109047.32571428,
20665601,native,60984046.88235294,
20667468,native,66412188.62352941,
20667655,native,45649170.74796748,
20667481,native,49737479.0,
20667357,native,70431379.96470588,
20665823,native,74562955.2840909,
20667115,native,104439031.41176471,
20665076,native,33355596.84126984,
20667560,native,62255004.95604396,
20665371,native,51142412.056603774,
20666043,native,42714034.76,
20666218,native,18304773.24723247,
20665592,native,28642276.58139535,
20666185,native,43669487.25,
20667382,native,48179036.72631579,
20667226,native,46811916.03225806,
20665162,native,58924482.876106195,
20666080,native,33937433.93464052,
20667624,native,50855075.1980198,
20667491,native,53752358.97029703,
20665561,native,8141428.416149069,
20667801,native,48850891.12396694,
20667856,native,89946566.39705883,
20667848,native,87723281.70689656,
20667563,native,33240048.556962024,
20667673,native,49505446.76470588,
20667849,native,17422579.467479676,
20665907,native,54457034.72631579,
20667864,native,75075861.54666667,
20667824,native,66988740.28571428,
20665393,native,58971226.90123457,
20667106,native,25521525.03809524,
20667459,native,68221861.42857143,
20667846,native,32550891.73529412,
20667432,native,36593192.59602649,
20667612,native,57911184.73863637,
20667735,native,30222716.993589744,
20666748,native,33500955.161538463,
20665705,native,38545930.762237765,
20665114,native,62795264.7037037,
20667469,native,33456856.74269006,
20665381,native,15625985.196666667,
20667561,native,45646455.895238094,
20665133,native,68296783.16666667,
20667473,native,20601930.327272728,
20667715,native,17365458.671586715,
20667820,native,92622822.53571428,
20664976,native,45316956.3115942,
20667656,native,37381559.25619835,
20665602,native,43317939.618644066,
20665824,native,44960978.58163265,
20667482,native,28849591.944785275,
20667757,native,61433593.197674416,
20665372,native,41061222.35135135,
20665077,native,41553690.75,
20667625,native,40903550.94059406,
20667358,native,45515345.13223141,
20667116,native,78576302.23076923,
20667383,native,18668755.395604394,
20666186,native,5151362.594721961,
20667227,native,49386098.39047619,
20667566,native,39686066.618320614,
20666044,native,52667024.44144144,
20667492,native,79433997.44444445,
20666219,native,67786242.02197802,
20665163,native,51818288.266666666,
20665593,native,5051275.962529274,
20667857,native,39354297.08181818,
20665203,native,54847307.624,
20667802,native,38896179.24166667,
20667825,native,34676828.168,
20667674,native,40620193.82300885,
20665562,native,114851103.88,
20665908,native,47979093.809523806,
20667460,native,64064372.96969697,
20667865,native,49778339.32673267,
20667564,native,87276428.43939394,
20665394,native,40590696.24637681,
20667850,native,83933536.38235295,
20667736,native,46804261.76,
20667107,native,73075335.64473684,
20667433,native,71296789.64102565,
20665115,native,44434999.1509434,
20667394,native,54148220.302325584,
20667847,native,76025718.0263158,
20665384,native,25030062.67118644,
20667474,native,49631402.78947368,
20666749,native,24374751.354978357,
20665382,native,88075115.8,
20665603,native,27338469.846846845,
20667613,native,101304302.98360656,
20665706,native,46967726.68333333,
20667562,native,62047216.825581394,
20667821,native,61961200.986666664,
20667483,native,63626041.45,
20664977,native,42209213.55833333,
20667716,native,95512196.90566038,
20667384,native,61269730.64705882,
20665825,native,73416267.79310344,
20667657,native,30661182.524096385,
20665134,native,78908843.50617284,
20667117,native,27428596.658959538,
20665373,native,36471668.22516556,
20665078,native,93879260.1764706,
20667758,native,45905370.57251909,
20667626,native,38466001.92028985,
20667567,native,2582711.4053475936,
20667493,native,48998587.89010989,
20666045,native,45202481.21904762,
20665204,native,66607276.766666666,
20667858,native,47178898.20408163,
20665164,native,41019638.14782609,
20666220,native,51885575.20879121,
20667803,native,30405604.698630136,
20667441,native,69525047.93975903,
20665395,native,9565285.110481586,
20667675,native,39752139.824,
20667826,native,101230441.875,
20665594,native,93424388.83928572,
20665383,native,87211151.65060242,
20667228,native,49832836.166666664,
20667461,native,43006090.048780486,
20667737,native,25600636.508287292,
20667866,native,28743651.7253886,
20667565,native,45795209.017699115,
20665909,native,61560637.9375,
20665385,native,59362342.323076926,
20665015,native,57775185.384615384,
20665563,native,36465829.16111111,
20667108,native,54209908.6122449,
20667447,native,42848606.62244898,
20667614,native,63237721.82795699,
20667395,native,50412161.69387755,
20665595,native,51780720.17346939,
20665859,native,60634816.24691358,
20667475,native,39631771.40458015,
20667444,native,27501958.75625,
20665116,native,43819472.80451128,
20665707,native,86577933.39655173,
20667434,native,63557307.86407767,
20666281,native,74151181.25,
20665604,native,40742166.277027026,
20665826,native,27763892.098039217,
20664978,native,42073694.95495495,
20667484,native,37128401.16025641,
20665135,native,34980100.581560284,
20667717,native,56332572.666666664,
20667658,native,42615285.4375,
20667759,native,28946606.885714285,
20667118,native,51362864.5882353,
20665079,native,44670301.78125,
20667494,native,71005833.39285715,
20667385,native,39571003.20858896,
20665374,native,54061685.77272727,
20667627,native,17377693.53846154,
20665205,native,56053919.0131579,
20667859,native,33935529.48,
20667568,native,83089865.875,
20667497,native,66586860.302325584,
20667676,native,4452380.8066350715,
20666221,native,18240950.522875816,
20667615,native,43490106.78125,
20665613,native,32611195.696296297,
20667229,native,84771202.19565217,
20665396,native,89180516.47272727,
20667442,native,53994375.21,
20665165,native,23050076.19047619,
20667450,native,36280592.65734266,
20665016,native,36442754.74545454,
20665386,native,13863002.74018127,
20667448,native,24214603.156069364,
20667738,native,63640817.024096385,
20664991,native,29344589.58741259,
20667827,native,96824719.83333333,
20667109,native,37677568.274336286,
20665910,native,64429186.807692304,
20667867,native,92687492.66071428,
20665564,native,70498822.35294117,
20667435,native,20023547.219269104,
20667628,native,57757032.25333333,
20667396,native,30779306.636363637,
20667445,native,48765801.279569894,
20665117,native,11869817.854271356,
20667681,native,19222004.1,
20665605,native,50360463.26744186,
20665708,native,36876522.42962963,
20666282,native,30173632.306748465,
20667462,native,55170939.167832166,
20665860,native,42093743.02739726,
20665596,native,104590212.55737706,
20664979,native,28695273.145945948,
20667485,native,31954279.465753425,
20665080,native,46257881.0990099,
20667119,native,59158560.41975309,
20665136,native,65673790.125,
20665827,native,98459086.96923077,
20667760,native,66607654.078947365,
20667659,native,39951421.481203005,
20665598,native,31032349.368794326,
20667718,native,63164135.674418606,
20667386,native,67487984.61643836,
20667495,native,56059649.694736846,
20667684,native,49223490.18604651,
20665206,native,45210743.94166667,
20665375,native,41511741.13768116,
20665166,native,23826602.89440994,
20665397,native,71362015.15714286,
20665017,native,33147170.183333334,
20666222,native,67881414.36842105,
20667685,native,29678504.666666668,
20665835,native,59858947.93103448,
20667860,native,54822317.026548676,
20667443,native,62425292.02272727,
20665614,native,37605991.72847682,
20667498,native,72901615.0,
20667677,native,102913056.83636364,
20667449,native,50761656.65116279,
20667868,native,35775192.375,
20667739,native,49064902.83516484,
20667230,native,59706402.16037736,
20667629,native,35475286.75609756,
20667451,native,46979017.74468085,
20665565,native,27649294.216216218,
20667682,native,46297492.86021505,
20665911,native,55194945.554455444,
20667436,native,41022000.71544716,
20665606,native,45213030.979166664,
20664992,native,53384685.49230769,
20665387,native,106995754.27272727,
20665861,native,29996494.955696203,
20667446,native,38555793.0,
20664980,native,61334217.54794521,
20667397,native,100173650.35416667,
20665597,native,41488780.219512194,
20667110,native,92803074.44705883,
20665709,native,54648918.948275864,
20665137,native,40932002.86792453,
20665599,native,31992041.47328244,
20665118,native,75547998.10526316,
20667761,native,35088386.91869919,
20667486,native,72910794.93150684,
20667463,native,69676213.2840909,
20666283,native,75833994.19277108,
20667719,native,31640688.139072847,
20665081,native,16233576.997191012,
20667387,native,56836950.209876545,
20665828,native,50952893.50943396,
20667120,native,37351072.666666664,
20667660,native,106733501.47916667,
20665376,native,64293268.57534247,
20667686,native,40266810.52941176,
20667499,native,58394075.833333336,
20667496,native,54678359.81981982,
20665167,native,85740544.21666667,
20665207,native,45473554.2,
20667388,native,42052023.33108108,
20665018,native,42325355.556521736,
20667231,native,48928448.4,
20665607,native,4512097.628699551,
20665836,native,45624898.222222224,
20667452,native,45162180.930232555,
20667861,native,44683251.3,
20665615,native,65260382.817204304,
20667678,native,58751987.633663364,
20667740,native,38020955.89726027,
20666223,native,57342871.0,
20667683,native,47969626.653061226,
20665566,native,75459475.43333334,
20665398,native,83143589.92592593,
20667437,native,36362971.608333334,
20667869,native,49586598.68644068,
20665388,native,61186146.82727273,
20665912,native,40449335.072,
20665179,native,52345522.375,
20667630,native,59637758.38,
20665862,native,70557423.14285715,
20667438,native,53548892.80821918,
20665119,native,27814683.84375,
20665138,native,66534600.40909091,
20664981,native,39967340.758865245,
20665377,native,35141690.11111111,
20666284,native,45158689.13207547,
20667862,native,80409148.26470588,
20667769,native,48104485.9389313,
20667398,native,64611882.95454545,
20667111,native,41110739.73846154,
20667720,native,53156586.18604651,
20665226,native,58129857.583333336,
20665600,native,113752430.41463415,
20667121,native,48413203.20930233,
20667391,native,50978190.41428571,
20665082,native,62042415.8,
20665829,native,44025495.71818182,
20664993,native,105304940.75384615,
20667487,native,75880285.14814815,
20665710,native,7252649.993852459,
20665144,native,72266919.91803278,
20665214,native,49047317.50413223,
20667762,native,57089824.71900827,
20665168,native,46692956.01111111,
20665208,native,61800803.573529415,
20667392,native,39193891.222222224,
20667661,native,66446048.3655914,
20665019,native,51192639.472527474,
20667389,native,67799679.22058824,
20667232,native,77743250.06557377,
20665847,native,38461903.12,
20665837,native,69463774.5076923,
20665399,native,26517533.55629139,
20665567,native,42851300.98019802,
20665616,native,76376876.31147541,
20665180,native,42433866.28,
20667679,native,38398014.374045804,
20666224,native,38552544.984615386,
20665863,native,21871793.476190478,
20667870,native,64895830.20512821,
20667741,native,34573817.41818182,
20665389,native,48646742.36190476,
20665882,native,66136687.915662654,
20665211,native,63664057.495145634,
20665608,native,14276658.786692759,
20665913,native,55729902.60344828,
20667631,native,23691756.652985074,
20665003,native,72208582.82,
20665619,native,57313049.131578945,
20667399,native,39305240.930434786,
20665139,native,52699076.42222222,
20667112,native,48779825.322222225,
20665083,native,68963044.34545454,
20665120,native,46881398.451327436,
20667122,native,53921882.225,
20667872,native,43398105.29090909,
20664982,native,39023607.47945205,
20667721,native,44710405.0,
20667722,native,67751744.24691358,
20667439,native,78353034.51851852,
20665227,native,46434322.666666664,
20667770,native,52513501.927927926,
20665870,native,43236443.515873015,
20667763,native,59538048.08196721,
20665215,native,20083676.546798028,
20666285,native,56652423.81481481,
20665830,native,51370402.69811321,
20664994,native,61124592.55294117,
20667393,native,54898610.05128205,
20665711,native,76386467.3,
20665238,native,66810660.77906977,
20667662,native,54811595.14772727,
20665169,native,39276469.71428572,
20665209,native,40746136.56,
20665145,native,46985705.25362319,
20665020,native,18081639.93015873,
20667390,native,33741778.29518072,
20667233,native,41969792.52898551,
20665617,native,40237319.05405405,
20665848,native,30526653.366492145,
20665181,native,42264648.324074075,
20667680,native,42561116.8490566,
20665838,native,70769717.37037037,
20665400,native,58865884.85263158,
20665568,native,41682013.330882356,
20666225,native,53093331.37,
20665212,native,40591893.4921875,
20665876,native,83374267.09523809,
20667871,native,61194042.838709675,
20665883,native,42876647.948529415,
20667632,native,84659716.94642857,
20665610,native,72170078.1147541,
20665140,native,42870363.734513275,
20667742,native,113901061.9137931,
20665084,native,40693894.666666664,
20665894,native,42233009.989583336,
20667723,native,39785061.77669903,
20667400,native,36690306.04195804,
20665620,native,75316129.80882353,
20665914,native,33642130.064705886,
20665864,native,62953230.7107438,
20667440,native,23725502.807017542,
20667771,native,40620034.22105263,
20665609,native,87654325.61333333,
20665004,native,47819349.05691057,
20667123,native,20795733.04597701,
20664983,native,77753262.03174603,
20665216,native,63118774.5890411,
20665121,native,87857164.77142857,
20664995,native,39433345.425,
20667873,native,66970159.447916664,
20667764,native,80155918.28169014,
20665228,native,80758767.02857143,
20666286,native,57805636.53125,
20665871,native,69671696.9090909,
20665841,native,111589619.71052632,
20665712,native,90792777.4509804,
20665572,native,83086737.04615384,
20665831,native,43236904.33103448,
20665210,native,110158079.95121951,
20665170,native,55337377.32,
20665239,native,51799633.855932206,
20665569,native,40296620.49462365,
20665021,native,83835401.85245901,
20667728,native,38474358.3986014,
20667775,native,17247670.79020979,
20665849,native,39859762.78125,
20667234,native,69589003.3974359,
20665401,native,50622431.15,
20666226,native,47467331.49,
20665182,native,40579639.21333333,
20665618,native,15319239.87032967,
20665879,native,28702177.243093923,
20665146,native,68775075.56896552,
20667633,native,47396222.14772727,
20665877,native,56856944.62857143,
20665213,native,78061759.41025642,
20665953,native,29181355.79020979,
20667401,native,52893286.705882356,
20665839,native,69553576.94594595,
20667724,native,64999553.942857146,
20665611,native,95380644.41176471,
20667124,native,69355882.1076923,
20665865,native,63688479.897435896,
20665085,native,50482712.0,
20664984,native,55994906.9868421,
20665895,native,72120374.95774648,
20667743,native,59414058.64210527,
20665141,native,41436248.217391305,
20665884,native,89913722.97333333,
20665005,native,48647221.14851485,
20665621,native,44271770.71544716,
20667765,native,46579924.674418606,
20665217,native,67834727.39473684,
20665915,native,75492417.1625,
20665840,native,42310821.60714286,
20667772,native,66447039.35789473,
20664996,native,53972544.18888889,
20665122,native,39237805.10638298,
20666287,native,69441907.18571429,
20665832,native,43002397.666666664,
20665573,native,15132978.041533547,
20665842,native,45988863.0,
20665229,native,42653552.5,
20665575,native,65907051.03174603,
20667874,native,71294032.29487179,
20665872,native,107346014.02083333,
20665570,native,32589867.175,
20665713,native,51590179.0338983,
20665171,native,38715598.29230769,
20665402,native,70583937.22916667,
20665022,native,57975046.07058824,
20666227,native,45942342.95348837,
20665240,native,27027982.50840336,
20667235,native,41652951.31746032,
20665183,native,35414727.729323305,
20667776,native,93083919.95081967,
20667729,native,62527985.33009709,
20665850,native,100552473.30357143,
20665147,native,53198844.82716049,
20667634,native,36854275.1637931,
20665574,native,55992532.46666667,
20665900,native,34437701.85276074,
20665086,native,25489115.815068495,
20665880,native,102924659.4,
20665954,native,2855568.371958285,
20666234,native,59292409.35526316,
20665896,native,38324479.141666666,
20667725,native,52549102.76344086,
20667402,native,37811742.46376812,
20665878,native,66715362.0,
20665123,native,48641855.696969695,
20665885,native,26160509.352331605,
20665191,native,31019893.7,
20667744,native,40158800.84210526,
20665866,native,39843708.797202796,
20665006,native,4603286.659574468,
20667773,native,69680105.03614458,
20664985,native,16969206.014084507,
20665612,native,62758785.14,
20665622,native,45791648.928,
20665143,native,89078315.0754717,
20665843,native,50460895.125,
20665916,native,83716489.12068966,
20665413,native,44503204.631578945,
20665218,native,52171850.11111111,
20665142,native,34964866.261780106,
20667766,native,54956849.345454544,
20665833,native,60907328.255813956,
20664997,native,80500346.38571429,
20665571,native,40895913.25,
20665873,native,19165064.5234375,
20665576,native,60631939.18604651,
20666288,native,35032456.584269665,
20665714,native,34396010.18571428,
20665023,native,34154251.48,
20665172,native,18519661.791366905,
20665903,native,63470920.72,
20665230,native,34759265.678756475,
20665184,native,88035676.57777777,
20665851,native,31254554.7421875,
20665148,native,43417293.22727273,
20667236,native,43623156.99099099,
20665403,native,79135107.85185185,
20667635,native,45916921.82,
20666228,native,65110958.24752475,
20665241,native,97576137.31034483,
20667730,native,44355754.138211384,
20667265,native,38327754.05785124,
20665897,native,54470592.1,
20665881,native,53877996.97777778,
20665087,native,79306347.7887324,
20665901,native,24600635.5375,
20667403,native,36990329.78461538,
20665124,native,13464039.662857143,
20667777,native,54280096.942028984,
20665929,native,60036182.79518072,
20665623,native,37463921.50943396,
20666235,native,55904498.231481485,
20667726,native,44906670.9921875,
20665007,native,95542116.6,
20665886,native,35134905.88513514,
20665955,native,106758046.11666666,
20667731,native,44098619.47169811,
20667774,native,49002244.53703704,
20665219,native,50748775.86746988,
20664986,native,85138355.12727273,
20665192,native,66014980.915662654,
20665917,native,42739514.55932204,
20665718,native,48979817.66037736,
20667745,native,54963155.17142857,
20665867,native,53653207.7,
20665414,native,73698765.67605634,
20665844,native,33327152.64117647,
20665834,native,51930937.408163264,
20666289,native,79425848.2745098,
20667288,native,50636528.4954955,
20665904,native,48317716.631578945,
20665577,native,35182271.196078435,
20665715,native,47210087.89473684,
20667767,native,89379078.84615384,
20665220,native,41063202.848,
20664998,native,44503607.10489511,
20665874,native,954394.0741239892,
20665231,native,38354500.61702128,
20665149,native,47745334.0989011,
20665024,native,23064925.141304348,
20665173,native,75310010.13580246,
20665852,native,43920413.80487805,
20667636,native,25334348.88205128,
20667237,native,56656288.0,
20667266,native,73634914.91071428,
20665009,native,67323961.9859155,
20665404,native,42047177.05405405,
20667732,native,17418839.036900368,
20667404,native,26683968.55279503,
20665185,native,63933992.86111111,
20666229,native,49354769.46666667,
20665898,native,85487340.31818181,
20665088,native,63976856.191176474,
20665624,native,18081946.908695653,
20665242,native,56990270.973913044,
20666236,native,48428628.83529412,
20665887,native,63431101.49180328,
20665930,native,33766664.12582781,
20665956,native,65807201.21538462,
20665000,native,65777540.62295082,
20665902,native,101823840.68,
20665719,native,31871415.8,
20667727,native,42634157.452380955,
20665125,native,91386284.61904761,
20667778,native,46368836.82442748,
20665918,native,25082845.451612905,
20665193,native,54211665.623655915,
20664987,native,54086972.885416664,
20667289,native,81987872.53488372,
20665905,native,35296933.75,
20665868,native,31375087.0125,
20667768,native,34854066.64705882,
20665008,native,23693781.596551724,
20665923,native,54651968.69892473,
20667746,native,91617446.81818181,
20665038,native,80605011.53846154,
20666290,native,38064021.17218543,
20665845,native,95862423.09836066,
20665415,native,72135447.38461539,
20665888,native,64817123.686746985,
20665025,native,57955163.81538462,
20665875,native,106770247.05882353,
20665150,native,46426447.61363637,
20664999,native,35769955.5,
20665221,native,44378828.53435115,
20665716,native,77588175.6375,
20667637,native,71938759.16666667,
20665232,native,63048979.430232555,
20665853,native,78979232.92063493,
20665941,native,38431631.82926829,
20665174,native,61789692.63636363,
20667267,native,32484415.833333332,
20667733,native,102071055.80434783,
20667238,native,70056479.74698795,
20665243,native,32883938.54054054,
20665186,native,40650819.421052635,
20665001,native,96698860.55555555,
20665856,native,42398548.847457625,
20666237,native,34515726.27272727,
20667405,native,44198092.544,
20665405,native,65345024.12087912,
20665010,native,94878426.53030303,
20666230,native,65509792.93406593,
20665899,native,36308361.45806452,
20665089,native,15944684.473239437,
20665976,native,29665105.36170213,
20665931,native,26980256.048387095,
20667779,native,37762329.8018018,
20665176,native,29743901.523809522,
20665957,native,51092627.4,
20665720,native,79128907.6,
20665407,native,47326180.4,
20665194,native,14908495.785714285,
20665919,native,47720628.263636366,
20667290,native,16673696.098039215,
20665869,native,54746151.72727273,
20667747,native,30017979.67132867,
20664988,native,71046228.96153846,
20665223,native,43726246.46031746,
20665126,native,75052631.39534883,
20665222,native,72498552.0,
20665039,native,39934170.28,
20667276,native,23189131.318918917,
20665994,native,48137929.36363637,
20665988,native,37422930.68125,
20666291,native,47692705.25471698,
20665924,native,37710591.98734177,
20665416,native,61305321.54320987,
20665846,native,62811513.240963854,
20665717,native,59205600.038461536,
20665854,native,23622789.79754601,
20665151,native,54358364.73469388,
20665982,native,55767731.364583336,
20665889,native,37440021.897435896,
20667638,native,45637720.77227723,
20665026,native,60027526.62162162,
20665233,native,52453379.42276423,
20665175,native,36605748.654545456,
20667268,native,53478364.82857143,
20665942,native,59295029.92079208,
20665011,native,38690380.051020406,
20666238,native,54000601.5625,
20665090,native,91188297.76744185,
20667239,native,62644489.4375,
20665002,native,54381354.97727273,
20665187,native,48070045.59047619,
20667780,native,42748468.425742574,
20665932,native,43783569.94444445,
20667748,native,35911833.25882353,
20667282,native,33598625.986666664,
20665177,native,72417538.19672132,
20665244,native,66951827.152941175,
20665977,native,92143616.97916667,
20665129,native,46543317.49166667,
20665964,native,92398747.65,
20665857,native,43663347.64596273,
20665958,native,38574208.112,
20666231,native,67746671.70512821,
20665920,native,75060993.18333334,
20665408,native,84779225.52941176,
20665721,native,53532162.36036036,
20665406,native,57861351.172413796,
20665127,native,41813325.37623762,
20665195,native,104487887.20689656,
20665891,native,48158159.97727273,
20667291,native,67935908.65384616,
20665224,native,65438307.23943662,
20667300,native,86746051.78688525,
20665417,native,21123569.23880597,
20667751,native,36971815.973451324,
20665890,native,71753172.76086956,
20665989,native,60038126.2625,
20664989,native,50308122.2892562,
20667277,native,75381803.01515152,
20665925,native,62192478.36,
20665152,native,39094345.99090909,
20666292,native,46089086.3220339,
20665995,native,32547369.11235955,
20665040,native,41706711.456953645,
20665961,native,30025295.646067414,
20667639,native,81802023.55555555,
20665027,native,52990498.894117646,
20665983,native,62166181.204301074,
20665855,native,141799106.70731708,
20665921,native,38763995.83495145,
20665091,native,48621622.6875,
20665234,native,41556504.76271187,
20665943,native,38891285.45801527,
20667269,native,70102496.4520548,
20666239,native,40759082.016949154,
20665130,native,48033294.14814815,
20665178,native,45902124.846938774,
20665012,native,53792467.405660376,
20667240,native,80630989.35384615,
20665188,native,58918668.325581394,
20666257,native,67713135.16666667,
20667749,native,40523245.128,
20665978,native,67557998.8,
20666232,native,51536305.631578945,
20665858,native,67518659.3235294,
20665933,native,75942285.2,
20665965,native,8562758.564541213,
20666328,native,77126634.74647887,
20665245,native,36948880.14556962,
20667283,native,66052827.428571425,
20667301,native,4543603.678974359,
20665722,native,57007174.79069767,
20665409,native,72012233.09859155,
20665959,native,64517209.62244898,
20665410,native,65527891.04819277,
20665225,native,28808998.286516853,
20665997,native,67036487.233333334,
20665196,native,60961585.64705882,
20666351,native,43291958.7739726,
20667292,native,54937290.93333333,
20665128,native,70903261.03488372,
20665418,native,64560864.807692304,
20665153,native,90531350.4,
20665892,native,92499121.14285715,
20666293,native,38387692.8,
20664990,native,55804915.34117647,
20665990,native,79018261.3,
20665926,native,59028842.31868132,
20665041,native,42049355.59130435,
20667752,native,47189983.776923075,
20665996,native,40175369.890625,
20665922,native,55069467.676923074,
20665984,native,42615135.55555555,
20665962,native,74453856.72857143,
20667750,native,53772454.47959184,
20667278,native,91570583.26760563,
20665028,native,48024345.30555555,
20665092,native,25160016.872928176,
20665944,native,64663404.72413793,
20665235,native,64246397.941176474,
20665013,native,13462582.268456375,
20667270,native,72758984.91764706,
20665131,native,68138843.35384615,
20666240,native,76084831.45454545,
20665246,native,32847072.276190475,
20667241,native,60845861.24705882,
20666233,native,40146341.026548676,
20665947,native,43835532.90070922,
20665247,native,48136309.75833333,
20665979,native,48489917.9047619,
20665189,native,44351572.17391305,
20665945,native,56877922.715789475,
20666258,native,53474382.94067796,
20667302,native,69636436.37704918,
20666329,native,30511640.81111111,
20665966,native,79786546.64788732,
20665411,native,65878798.176470585,
20665934,native,61980891.6875,
20666245,native,45150962.2,
20665960,native,69152898.25714286,
20665723,native,36805356.15172414,
20666352,native,18035181.763157893,
20667253,native,42674349.885416664,
20665946,native,88275221.53448276,
20665893,native,42856843.63888889,
20665998,native,53311619.39,
20667284,native,51777368.146153845,
20665419,native,49399633.35,
20667285,native,56715012.627272725,
20666294,native,44626240.50847457,
20665154,native,45018359.424,
20667306,native,77359462.90789473,
20665197,native,76945629.14117648,
20667753,native,37491782.84210526,
20667273,native,41058957.28828829,
20667293,native,39707635.1882353,
20665927,native,36953091.450980395,
20667754,native,38114786.50666667,
20665991,native,71408210.88372093,
20665963,native,3713163.2678571427,
20665029,native,43338887.7,
20665042,native,67880664.23863636,
20665236,native,61994192.428571425,
20667279,native,61534272.654320985,
20667271,native,61179012.17045455,
20667247,native,75348019.63076924,
20665093,native,94680353.81967214,
20665014,native,54892495.838709675,
20665985,native,77801323.85416667,
20667286,native,42532520.83962264,
20667242,native,45988015.62,
20666259,native,58336393.303571425,
20665999,native,45007430.25954199,
20667294,native,54392268.88679245,
20666241,native,47471617.16949152,
20667250,native,56820463.58461539,
20665412,native,101523677.26415095,
20665948,native,52267905.72448979,
20665980,native,87067696.63636364,
20666330,native,79979318.72,
20665248,native,69490737.42222223,
20665190,native,46936852.832,
20667297,native,24482757.403846152,
20665981,native,40422213.711864404,
20667303,native,73818773.26923077,
20665032,native,34153279.7132353,
20665935,native,103838108.09433962,
20666353,native,90191019.0,
20666246,native,51121570.127272725,
20665938,native,51445725.63636363,
20665724,native,57640246.93877551,
20665967,native,88425412.93939394,
20667272,native,45292941.46902655,
20665420,native,27670293.64088398,
20667254,native,19286237.13427562,
20667307,native,56879361.05,
20667298,native,78190887.87142856,
20667755,native,37020954.68468469,
20665155,native,16894913.37658228,
20667309,native,53566187.54545455,
20665198,native,54770005.43157895,
20665992,native,28999804.75342466,
20665249,native,46039341.63529412,
20667299,native,66442418.083333336,
20666339,native,39517191.725663714,
20667274,native,90985360.05660377,
20665030,native,42698547.86666667,
20665043,native,43156438.25242718,
20666295,native,39042001.63190184,
20665928,native,42946228.07936508,
20667280,native,50342429.239583336,
20666251,native,78184917.5,
20667248,native,56841975.8625,
20665237,native,34631679.11042945,
20665031,native,39937455.782178216,
20666345,native,47049626.14782609,
20665094,native,76235874.9589041,
20667243,native,64931496.20547945,
20665986,native,88487755.94642857,
20665949,native,33478764.535714287,
20666260,native,20525088.914179105,
20667287,native,22447906.508,
20666242,native,28204538.564102564,
20665035,native,58227325.653061226,
20665050,native,63664727.03703704,
20667251,native,87201277.09230769,
20666331,native,51654144.20792079,
20665936,native,22307782.527363185,
20665056,native,21781968.17535545,
20667281,native,46518877.947916664,
20667295,native,61309888.556603774,
20666354,native,22141176.163157895,
20665939,native,18661807.66382979,
20665034,native,84361749.08695652,
20667305,native,46834095.67961165,
20665033,native,68851555.3150685,
20665968,native,34703241.1884058,
20666247,native,61525833.897435896,
20667275,native,55328047.12037037,
20665970,native,35746052.061946906,
20667304,native,63334572.8,
20667310,native,45225690.49411765,
20665725,native,41657052.02173913,
20667308,native,72515089.14285715,
20667756,native,59793536.09876543,
20666296,native,53267329.85526316,
20665097,native,58328124.29545455,
20665095,native,35908974.0234375,
20665421,native,96882211.0,
20666342,native,58979506.276315786,
20666254,native,43138017.577586204,
20666252,native,36669630.07317073,
20666340,native,62719468.530864194,
20667255,native,114389264.05172414,
20665199,native,50306486.81415929,
20665973,native,27984066.176767677,
20666255,native,52700497.472527474,
20665044,native,48627836.54054054,
20666363,native,45097060.05217391,
20667249,native,25118301.792746115,
20665993,native,71797160.0340909,
20666346,native,41421789.92222222,
20667244,native,50281903.8,
20666348,native,127500499.72093023,
20665987,native,29289474.48447205,
20665950,native,72817607.85714285,
20667252,native,50685559.22058824,
20665036,native,22333201.26519337,
20665971,native,61757297.75294118,
20666369,native,25135581.227979276,
20666261,native,43733746.84955752,
20666343,native,38907897.26744186,
20666256,native,44245031.413333334,
20665096,native,34992997.92063492,
20666243,native,124872352.04878049,
20666332,native,33507350.776223775,
20667296,native,44611757.00990099,
20665937,native,64872389.626666665,
20665051,native,50356382.61111111,
20666355,native,45026706.20792079,
20667311,native,35553013.118644066,
20666248,native,48531809.19387755,
20665057,native,81503741.94520548,
20665940,native,110875934.30434783,
20666349,native,48666083.27027027,
20665422,native,44957856.16,
20666304,native,60050544.569767445,
20665425,native,66718716.26923077,
20665969,native,108390426.52727273,
20665726,native,38039190.63013699,
20665765,native,63900136.99009901,
20666366,native,62034137.03333333,
20665200,native,1379020.9412069411,
20666244,native,55830527.55284553,
20665037,native,40171281.21138211,
20665423,native,60388032.8125,
20665974,native,32792789.092715234,
20666341,native,31454617.785276074,
20667256,native,50603178.16504855,
20665788,native,39774292.837037034,
20665776,native,55928240.306666665,
20666297,native,22829048.751851853,
20666350,native,62987790.0776699,
20666298,native,43340501.95283019,
20665098,native,42551348.15172414,
20666367,native,4848800.701054217,
20665045,native,48753294.45762712,
20666364,native,59294031.153061226,
20667245,native,32677240.62745098,
20666347,native,24480606.672566373,
20666253,native,79262096.27058823,
20665053,native,65085459.353846155,
20665952,native,55126012.21052632,
20665951,native,41180428.032,
20665972,native,42259841.782608695,
20665741,native,37243742.53333333,
20666344,native,63925594.166666664,
20666262,native,68702294.09333333,
20666357,native,35626761.11382114,
20666370,native,62311430.94505495,
20665054,native,54846796.30630631,
20666365,native,62223240.73493976,
20665753,native,37919450.68367347,
20665103,native,93106067.6226415,
20666333,native,117836358.0,
20665975,native,84765132.11267605,
20665770,native,26607337.965714287,
20665052,native,48622054.624,
20665058,native,2657280.0725490195,
20666372,native,55092213.04,
20665426,native,27247020.081871346,
20666249,native,9618724.425566344,
20666368,native,110041078.91666667,
20666371,native,59084123.231481485,
20666305,native,88155355.28571428,
20666356,native,92655819.41176471,
20665747,native,46137530.13223141,
20665759,native,30453930.155405406,
20666336,native,50719853.37142857,
20665806,native,40942300.34710744,
20667257,native,68901115.14705883,
20665777,native,54999648.89534884,
20666301,native,54997218.82417583,
20665201,native,82513050.27272727,
20665099,native,52885716.86813187,
20665800,native,58893488.270833336,
20665789,native,54333708.62105263,
20665744,native,50880420.51351351,
20665766,native,46504186.42068966,
20665106,native,92813491.84313725,
20666299,native,50114827.44144144,
20665424,native,66796362.604395606,
20665809,native,75952525.01818182,
20666373,native,30193327.679802954,
20665046,native,50722505.50909091,
20665729,native,36995505.418439716,
20666337,native,57107344.6632653,
20665727,native,93314570.86666666,
20667246,native,93056515.96825397,
20665803,native,85900815.4264706,
20665742,native,45395763.336363636,
20666358,native,60067043.881578945,
20665055,native,38441580.60625,
20665059,native,101154718.03921568,
20666300,native,59401931.10891089,
20665754,native,26177403.852760736,
20666334,native,22043234.7,
20665431,native,78878732.18421052,
20665794,native,59603140.010204084,
20666263,native,59503449.96363636,
20665104,native,35284718.582822084,
20665756,native,69050432.10958904,
20665807,native,51476882.2264151,
20665427,native,25237741.434343435,
20665771,native,48599667.9661017,
20665801,native,50382779.21359223,
20666302,native,40350646.62758621,
20665735,native,61955413.4,
20665810,native,83919171.35211268,
20665808,native,5792461.427083333,
20665748,native,31479985.31884058,
20666303,native,20725246.673913043,
20665755,native,33663785.60169491,
20665047,native,78365130.14545454,
20666338,native,48040239.766666666,
20666360,native,51741875.59016393,
20666250,native,98369362.34482759,
20665778,native,38239712.10169491,
20665202,native,40608066.90740741,
20665745,native,59252535.75384615,
20665757,native,50890478.973913044,
20665100,native,51407837.20454545,
20666306,native,43894915.442028984,
20667258,native,36709427.86013986,
20665790,native,37032640.96183206,
20665760,native,52942076.19130435,
20665767,native,32509865.25,
20665804,native,24816729.70588235,
20665773,native,66217830.53333333,
20665728,native,56167897.197183095,
20665434,native,36086931.77241379,
20665750,native,57572355.075,
20665730,native,67201619.20512821,
20665107,native,51478050.44628099,
20665743,native,49312167.62352941,
20666316,native,28000710.822727274,
20666322,native,50841180.556603774,
20666374,native,81455467.72857143,
20665797,native,95305419.8,
20666359,native,76858698.87301587,
20665432,native,33328515.20661157,
20665060,native,39443529.88148148,
20666325,native,57068887.270588234,
20665108,native,45397262.0,
20666335,native,68321749.39473684,
20665749,native,44160740.445454545,
20665782,native,45756684.10135135,
20666264,native,50114819.13333333,
20665795,native,75336711.01282051,
20665772,native,50477659.05813953,
20665105,native,7324271.457109284,
20665751,native,35113902.765765764,
20665792,native,33612694.858333334,
20665732,native,81457321.71111111,
20665779,native,33593586.21138211,
20665802,native,16202485.660112359,
20666361,native,17721777.37269373,
20665736,native,82985428.9264706,
20665428,native,85718240.55882353,
20665746,native,51823273.13580247,
20665811,native,40746594.23972603,
20665791,native,74435008.575,
20665101,native,56773715.448979594,
20665785,native,65972823.188118815,
20666307,native,52432142.244186044,
20666319,native,147710265.97916666,
20667262,native,35575024.66923077,
20665786,native,36655628.52046783,
20665793,native,28263736.92777778,
20667259,native,105139337.17391305,
20665796,native,53923880.387931034,
20665761,native,50685914.25263158,
20665768,native,36130085.26470588,
20665758,native,55611201.97272728,
20666326,native,20844352.407407407,
20665048,native,88125908.04,
20665774,native,26823517.011235956,
20665798,native,35901237.66336634,
20665783,native,32412526.925675675,
20665435,native,62481154.34117647,
20665805,native,82234534.02857143,
20665738,native,54855247.428571425,
20665775,native,43255582.875,
20665733,native,62416665.32098766,
20666323,native,41977408.024,
20665731,native,85262585.36507936,
20666317,native,42383007.87692308,
20665780,native,58873927.428571425,
20665752,native,60424799.384615384,
20665061,native,35625934.5751634,
20666327,native,53014411.82882883,
20665102,native,51604173.192771085,
20665433,native,48180648.398373984,
20666269,native,37366922.31538462,
20666265,native,55429245.77647059,
20665737,native,23941458.413636364,
20666275,native,52297907.49056604,
20666272,native,33585124.693333335,
20665762,native,28372044.743589744,
20665799,native,20050939.045918368,
20665781,native,39831768.26446281,
20666318,native,68910987.69411765,
20665787,native,44349265.274336286,
20665784,native,70872215.22857143,
20666266,native,40135765.54285714,
20666308,native,55779271.08450704,
20666270,native,57804512.12222222,
20666273,native,76982109.84,
20666362,native,79790176.5076923,
20665769,native,62637154.6,
20665429,native,49161247.96363636,
20666324,native,39270214.31034483,
20666320,native,54838722.578313254,
20667263,native,47965405.71428572,
20665739,native,30629389.512953367,
20665734,native,43660909.820754714,
20666310,native,44022285.52325582,
20665049,native,29432541.807142857,
20666276,native,45621238.20930233,
20666274,native,34453878.16793893,
20667260,native,54633950.83529412,
20667264,native,75097871.13793103,
20665430,native,35910159.28169014,
20666278,native,42481627.57272727,
20666271,native,33569226.4969697,
20666309,native,38649594.92941176,
20665436,native,16163887.87614679,
20666279,native,26692981.864,
20665740,native,57403069.86885246,
20666277,native,54121628.22727273,
20666267,native,56343160.82716049,
20666268,native,42740051.71111111,
20666311,native,22220932.397260275,
20665763,native,36763636.40740741,
20666313,native,33535540.3,
20665764,native,29159723.06,
20666314,native,28114757.346534654,
20666280,native,2826678.9858108107,
20667261,native,25168977.918699186,
20666321,native,40696800.88235294,
20666315,native,15895853.345971564,
20666312,native,32803233.53153153,
