id,run_type,exe_time,err
20678131,native,18852571.3984375,
20677906,native,12744916.99484536,
20676875,native,18107351.550724637,
20677114,native,35901197.08888889,
20678140,native,18104057.257142857,
20675562,native,18289561.879858658,
20677531,native,53378377.37777778,
20677120,native,36940129.030075185,
20675375,native,24519925.22596154,
20676125,native,43557250.54782609,
20677718,native,33399357.326666668,
20677203,native,26508162.94300518,
20678000,native,42951400.17391305,
20677343,native,15546542.755223881,
20677625,native,13299087.405063292,
20676687,native,51258154.34375,
20676500,native,4080275.798929664,
20678187,native,38337125.47328244,
20678093,native,48813314.06930693,
20679875,native,33720329.28,
20677156,native,57661634.18181818,
20678281,native,43885814.443478264,
20677671,native,32217535.79113924,
20677109,native,52726816.70526316,
20675750,native,19652974.31851852,
20677132,native,27364307.1,
20679125,native,35247724.903448276,
20678104,native,31066136.779141106,
20677812,native,47983292.13333333,
20675703,native,56570529.322222225,
20677284,native,36882100.29285714,
20678175,native,39446332.461538464,
20678375,native,55663737.54945055,
20675468,native,45961829.548672564,
20677062,native,54821573.15053763,
20677250,native,52723632.229166664,
20678328,native,41050619.3015873,
20678134,native,42134595.2892562,
20679500,native,46405376.8,
20675656,native,63170256.04938272,
20677261,native,68078886.82666667,
20677437,native,44584446.211864404,
20678116,native,27595642.525510203,
20677273,native,66444037.307692304,
20678163,native,41095264.984962404,
20678128,native,49906245.44144144,
20677296,native,5343463.288120568,
20675375,aot,23951581.630331755,
20675751,native,3600072.0393759287,
20678132,native,73907361.63235295,
20677204,native,55797794.590361446,
20677719,native,40541398.3495935,
20676876,native,46581048.324324325,
20677907,native,61798304.93975904,
20676126,native,39091250.484615386,
20677532,native,45078112.675925925,
20676688,native,47349843.097087376,
20677115,native,39022104.17037037,
20677063,native,34648005.18571428,
20677121,native,46780235.30630631,
20677344,native,45695057.35135135,
20679876,native,48871409.43809524,
20678141,native,32965116.17791411,
20675563,native,45940519.08695652,
20678001,native,43510492.43965517,
20678135,native,25525170.520408165,
20678094,native,43230611.279661015,
20675376,native,53041844.50495049,
20678164,native,38240162.396825396,
20677157,native,38200168.36029412,
20675657,native,19162795.77289377,
20678329,native,25383638.58,
20678176,native,43266491.89655172,
20679126,native,30382598.63157895,
20677285,native,32339744.65625,
20677672,native,37262854.89361702,
20677274,native,51449148.29473684,
20677251,native,32941744.561290324,
20675704,native,45442391.477477476,
20677110,native,28681056.903225806,
20677626,native,71229175.88571429,
20678105,native,56453062.35164835,
20677133,native,59340938.593023255,
20678376,native,39314469.10294118,
20675469,native,45558186.12068965,
20677813,native,51121599.19417476,
20677262,native,54227305.87368421,
20678188,native,39728655.114285715,
20677438,native,31308070.505882353,
20678129,native,3213667.3104495746,
20675376,aot,47786121.73584906,
20678117,native,50610506.16981132,
20678282,native,47674581.65,
20679501,native,42481897.75384615,
20676501,native,73341976.8630137,
20677297,native,62786354.84090909,
20677205,native,39889949.791666664,
20676877,native,4333.354966418746,
20678133,native,36933974.15441176,
20678136,native,6868350.883024251,
20677720,native,38194948.04580153,
20678165,native,46425761.13,
20677533,native,33666579.733333334,
20677116,native,6548700.15912031,
20677908,native,29492061.605714284,
20677122,native,36581007.72592592,
20676689,native,34764184.5890411,
20678002,native,35555537.123188406,
20676127,native,58981558.54117647,
20677345,native,18824345.479704797,
20678177,native,16565920.704697987,
20677064,native,29593731.82285714,
20675377,native,36484310.24637681,
20677134,native,42353634.89189189,
20677252,native,23017232.953703705,
20678095,native,44616747.89380531,
20675705,native,4631860.564781022,
20675752,native,79028341.38461539,
20679877,native,63932308.01282051,
20677673,native,43511837.18965517,
20677286,native,32320148.807692308,
20678106,native,46413669.91509434,
20677158,native,37079132.5,
20679127,native,15830085.114803625,
20677275,native,27834308.156756755,
20677439,native,25620253.39896373,
20678330,native,37090641.96428572,
20679502,native,43364314.141509436,
20675658,native,51547649.85148515,
20677111,native,60450074.30120482,
20678377,native,58177971.930232555,
20675564,native,45036766.45454545,
20677627,native,46743278.00900901,
20675470,native,58155544.34090909,
20678189,native,43193826.74166667,
20677814,native,43638370.20325203,
20677263,native,33653288.50931677,
20678283,native,41663561.54471545,
20678142,native,69743070.8625,
20678118,native,36687772.20979021,
20678130,native,74731753.60294117,
20675377,aot,37572574.406896554,
20676502,native,48971137.75238095,
20677298,native,53730518.989473686,
20677206,native,40746154.3362069,
20678181,native,34884647.17482518,
20677721,native,24914121.24,
20677123,native,38001988.42063492,
20676878,native,51911660.69387755,
20678137,native,77216483.95,
20678166,native,37954344.18518519,
20677346,native,19378412.08914729,
20677287,native,24219005.93,
20678096,native,38670209.76984127,
20675659,native,38169468.80833333,
20678003,native,54166087.80645161,
20676690,native,47953958.13333333,
20677135,native,36688730.837037034,
20677253,native,52048148.11827957,
20679878,native,22199315.757847533,
20677534,native,60809515.57647059,
20677065,native,48361590.475728154,
20675378,native,55333091.483516484,
20678107,native,33936581.67123288,
20677159,native,35711139.73529412,
20677117,native,69348983.6849315,
20677276,native,37077243.9632353,
20679503,native,41192128.266666666,
20677674,native,38350810.1037037,
20677112,native,39955435.96,
20677909,native,31223848.40331492,
20679128,native,55710192.406593405,
20676128,native,36086065.63398693,
20678331,native,53761366.7311828,
20675753,native,52047380.92,
20675706,native,73920991.75,
20678178,native,75616690.81428571,
20677628,native,47980769.68571428,
20678378,native,48918115.07619048,
20678119,native,43675602.59259259,
20675565,native,37819976.268115945,
20677440,native,62748151.18518519,
20678190,native,48040114.19811321,
20675471,native,37963278.22142857,
20677264,native,41063661.58730159,
20675378,aot,52356968.010526314,
20677815,native,57488989.56043956,
20675679,native,51951557.08,
20676503,native,43159009.69421487,
20678284,native,58372130.9,
20678143,native,72760245.94285715,
20677299,native,41165102.99206349,
20677722,native,66469411.603174604,
20677207,native,15406020.76969697,
20677136,native,33561612.664122134,
20678182,native,35678495.77536232,
20677124,native,43139495.426086955,
20678138,native,40066976.90243903,
20676691,native,40165571.43220339,
20678167,native,32049997.85897436,
20676879,native,67547674.6849315,
20677254,native,36080326.80451128,
20675379,native,30052884.621118013,
20678108,native,30080459.0375,
20677675,native,19615832.358333334,
20678004,native,50846364.6122449,
20677066,native,52355785.43010753,
20675660,native,32285812.19375,
20677535,native,61560615.65,
20677347,native,76675364.75384615,
20679504,native,32470344.25490196,
20677277,native,39762225.808,
20678097,native,44053559.78861789,
20678179,native,38493755.312,
20679879,native,46815851.09565217,
20677441,native,20658747.64680851,
20677113,native,41449051.83471075,
20677288,native,88661803.28571428,
20677910,native,80089443.60655738,
20676129,native,34321287.38666666,
20678332,native,28584050.721311476,
20677160,native,69575026.29333334,
20675707,native,31754649.45398773,
20677118,native,59570116.91111111,
20678191,native,40211158.688,
20677629,native,48946393.876190476,
20677265,native,41519365.708333336,
20678379,native,101740829.875,
20679129,native,41222579.55639098,
20675754,native,36323352.98675497,
20675379,aot,30098428.175757576,
20678120,native,39828289.54887218,
20675472,native,45353851.57522124,
20675566,native,58951404.59090909,
20676504,native,50333395.2631579,
20678285,native,31832055.026666667,
20677816,native,40865446.44,
20678144,native,48665356.22330097,
20675680,native,59445082.1627907,
20677300,native,34704357.13013699,
20677723,native,9132514.493408663,
20677208,native,52064330.538461536,
20678183,native,46652156.51428571,
20677137,native,34767695.43448276,
20677125,native,58211331.43373494,
20679505,native,38308817.7,
20678139,native,58536053.807228915,
20677255,native,52385624.15384615,
20675380,native,41797009.08695652,
20678005,native,17044546.694158077,
20678098,native,33255765.63235294,
20678168,native,54246781.838709675,
20675661,native,46655735.8,
20678109,native,43992851.407079645,
20677278,native,39878807.867256634,
20677067,native,46075206.083333336,
20676692,native,62689985.421686746,
20676880,native,77542542.93939394,
20677536,native,48117627.216981135,
20678180,native,43453446.230088495,
20677348,native,69532299.7260274,
20677676,native,61603271.52325582,
20679880,native,37380426.79259259,
20677289,native,45190510.46363636,
20678333,native,28249895.758426968,
20678192,native,17524875.06405694,
20675937,native,46596059.90990991,
20675708,native,35671948.65248227,
20677911,native,66754519.986666664,
20677442,native,58444376.15909091,
20677119,native,34225534.02,
20677161,native,37393119.057142854,
20676130,native,42160364.071428575,
20675380,aot,42214666.74137931,
20675473,native,33532099.75496689,
20677817,native,38469339.45454545,
20676505,native,38603429.0546875,
20677630,native,33470022.115384616,
20678380,native,46170348.09565217,
20675567,native,28510803.51891892,
20675755,native,43530915.032520324,
20679130,native,32963172.950920247,
20675681,native,33772903.87586207,
20677266,native,77847144.47058824,
20678121,native,49110659.89189189,
20677301,native,36861976.51428571,
20678286,native,66178794.37037037,
20678145,native,30834294.404494382,
20677209,native,39695714.09917355,
20677724,native,65677601.692307696,
20677138,native,46251855.78703704,
20675667,native,28737912.953757226,
20679506,native,51471473.739583336,
20675381,native,22196602.527522936,
20677068,native,36262964.52,
20677537,native,29577735.616438355,
20677126,native,28532735.30107527,
20678184,native,39016917.73913044,
20678110,native,36242792.10526316,
20675662,native,53877901.45555556,
20677256,native,38133316.44360902,
20677279,native,29868869.284848485,
20678169,native,52922057.17894737,
20678099,native,48826894.0,
20676881,native,11911127.089201879,
20677484,native,9178.653534998908,
20676693,native,44776244.29090909,
20675709,native,25572033.971098267,
20678006,native,61242481.28235294,
20677349,native,29485020.806060605,
20679881,native,36864930.07633588,
20675938,native,36192013.68253968,
20677677,native,62607043.57333333,
20677290,native,43346157.4137931,
20678334,native,67500623.89041096,
20677267,native,11016544.272058824,
20678193,native,47183989.54716981,
20677443,native,33084855.444444444,
20677912,native,43734054.87826087,
20677162,native,31795047.13291139,
20677694,native,38298429.96923077,
20675381,aot,21756591.283261802,
20675474,native,36951701.8962963,
20676506,native,26308896.57068063,
20677818,native,24526070.42180095,
20678381,native,47658218.504854366,
20675568,native,66917603.704225354,
20677631,native,42136467.24793389,
20679131,native,41284422.20325203,
20678287,native,23914845.905,
20676131,native,77221421.84285714,
20675682,native,45408084.15652174,
20675756,native,22435503.596707817,
20678122,native,25314438.504807692,
20678146,native,31438814.393548388,
20677302,native,39407328.816793896,
20677210,native,33862899.37241379,
20677725,native,59408245.21686747,
20677139,native,26951238.453038674,
20679507,native,38094681.833333336,
20675382,native,3306329.9516129033,
20677538,native,38713898.504065044,
20675668,native,45690229.43518519,
20677257,native,30030723.28846154,
20677069,native,34061394.94520548,
20677127,native,43752580.04504505,
20678185,native,49729207.31632653,
20678100,native,44807752.16190476,
20675663,native,38169539.0610687,
20678111,native,49399316.873786405,
20677350,native,58607125.666666664,
20676882,native,56179350.10465116,
20678007,native,52110101.45555556,
20677280,native,53047655.0,
20679882,native,26449264.881081082,
20676694,native,46385777.75238095,
20677485,native,65024136.04,
20678170,native,29800006.841530055,
20675939,native,33175184.56862745,
20675710,native,66210342.57333333,
20677678,native,47597040.925925925,
20675382,aot,3080570.4275409835,
20677291,native,42308964.96551724,
20678382,native,35920516.78861789,
20677268,native,54488444.02272727,
20677444,native,26364946.80645161,
20678194,native,32446273.575163398,
20676507,native,35217110.40441176,
20677913,native,44040292.17117117,
20677695,native,36575859.35294118,
20675475,native,43132455.39130435,
20677163,native,46630295.574074075,
20678335,native,36646940.66891892,
20677632,native,37288522.52592593,
20677819,native,64159124.43589743,
20678288,native,33299417.9527027,
20679132,native,29838982.50867052,
20675683,native,31239680.38607595,
20676132,native,37070379.13970588,
20675757,native,58402168.469879515,
20675569,native,26887439.247572817,
20678147,native,65695702.82191781,
20677303,native,66859285.61643836,
20678123,native,59852113.333333336,
20677211,native,41015015.108333334,
20677140,native,26994869.04918033,
20677726,native,60399664.759036146,
20677258,native,22051096.133027524,
20675669,native,33827781.33566434,
20677128,native,40899745.18965517,
20679508,native,63710167.975,
20675664,native,31831408.833333332,
20677539,native,48537637.71428572,
20677070,native,48308674.45,
20678101,native,19880919.811764706,
20677351,native,49594772.1875,
20677486,native,72358511.62068966,
20678186,native,40865788.528,
20676883,native,39790292.780487806,
20675383,native,75187778.5735294,
20679883,native,29406297.85714286,
20676695,native,40740350.27272727,
20678112,native,32955474.496774193,
20677281,native,49806140.47959184,
20675940,native,32002242.52317881,
20678171,native,44436437.824074075,
20677292,native,39202823.30833333,
20677269,native,12728774.85326087,
20678383,native,29459314.398773007,
20678008,native,36260814.15231788,
20675711,native,34755756.04,
20677679,native,39179707.74615385,
20678195,native,30038138.75151515,
20677696,native,34463890.72857143,
20677445,native,50163727.18367347,
20677914,native,36576863.5882353,
20677164,native,31860021.83006536,
20676508,native,49799403.99009901,
20675383,aot,74598049.4264706,gas-used mismatch for 0xe1beace847b9e18aadaabb1033f204d891f3b4f3191f2088454c507073910251: expected 254842 found 218094
20675476,native,26278317.487046633,
20678336,native,34810037.766666666,
20677820,native,32448259.045161292,
20679133,native,36396782.007407404,
20676133,native,54432131.44318182,
20677633,native,49959543.166666664,
20675570,native,34818978.85517241,
20678148,native,42617535.05217391,
20677304,native,28985473.74857143,
20675684,native,58710483.255555555,
20675758,native,66136928.925,
20678289,native,75466840.21917808,
20678124,native,72262401.26666667,
20677212,native,42174567.711864404,
20677141,native,38533179.6984127,
20677071,native,5456934.240236687,
20675670,native,51650674.086021505,
20679509,native,28040434.789473683,
20677953,native,32726111.272058822,
20676884,native,19458505.330508474,
20675665,native,35519727.76086956,
20677540,native,45239944.5,
20675941,native,27932458.90967742,
20677727,native,58077597.0,
20677352,native,36221148.774436094,
20677129,native,48103023.39090909,
20677259,native,79115655.5076923,
20678172,native,37253827.87603306,
20677487,native,24622849.79,
20678113,native,43133708.44444445,
20678102,native,59183587.6875,
20679884,native,35544152.01470588,
20677293,native,14693741.893939395,
20675384,native,39102330.0625,
20678384,native,34114322.0,
20677697,native,45573231.5,
20677282,native,19672783.570342205,
20676696,native,45607595.07079646,
20675712,native,48530742.75,
20678009,native,44978382.25471698,
20677270,native,64655951.333333336,
20677446,native,31883685.696774192,
20677915,native,41079373.31034483,
20677165,native,39737450.01652893,
20675477,native,21499193.199095022,
20677680,native,68021880.75342466,
20676509,native,49553257.37142857,
20675384,aot,40144104.83969466,
20678196,native,45907834.45454545,
20678337,native,36747381.36764706,
20677821,native,34506452.14383562,
20679134,native,38617086.765625,
20676134,native,56335209.90909091,
20678149,native,30987505.59627329,
20675685,native,37973303.40625,
20675571,native,48420046.556603774,
20677634,native,31741062.23529412,
20677305,native,46753515.10810811,
20675759,native,34542793.26712329,
20678290,native,19374277.466666665,
20678125,native,45052469.03478261,
20677213,native,34379884.8,
20677954,native,21572167.502262443,
20677142,native,53453947.31182796,
20676885,native,57238060.7654321,
20677072,native,61677111.28205128,
20675666,native,32098586.589403972,
20679510,native,31562572.65625,
20677541,native,58655298.469135806,
20677260,native,6317924.1404639175,
20677728,native,38248098.77862596,
20679885,native,25408760.166666668,
20675671,native,45360043.44067796,
20675385,native,49752166.68131868,
20678103,native,24433571.94,
20677353,native,41415618.71666667,
20677488,native,28807654.732954547,
20678114,native,49167186.62,
20677130,native,70176522.75714286,
20678173,native,63356964.3625,
20676697,native,56025019.91764706,
20675942,native,79694948.46153846,
20677698,native,35440417.571428575,
20678385,native,14870144.510144927,
20677283,native,61622499.6125,
20677447,native,29676902.99386503,
20678010,native,45615090.92727273,
20677166,native,24341377.33838384,
20677294,native,91620876.91071428,
20675713,native,38898307.955882356,
20675478,native,31703481.692810457,
20677916,native,38711134.41221374,
20677271,native,62633755.802469134,
20677681,native,41604797.46280992,
20678197,native,38715753.112,
20675385,aot,49372915.89108911,
20676510,native,37292315.54887218,
20678338,native,38871321.64285714,
20676135,native,41558261.345132746,
20677822,native,42697208.23478261,
20679135,native,45761445.675925925,
20678150,native,44077497.380530976,
20675572,native,40401577.02479339,
20675686,native,61853673.54320987,
20677635,native,35397162.27659574,
20677306,native,64611137.384615384,
20675760,native,37147108.00714286,
20678291,native,28192946.46236559,
20678126,native,52044915.25742574,
20677214,native,16017271.646103896,
20677955,native,57104003.45679013,
20677143,native,29863208.708074532,
20677706,native,29203717.975903615,
20679511,native,39224604.504065044,
20677073,native,31521820.9875,
20676886,native,49833334.54455446,
20678115,native,29049049.166666668,
20677542,native,28763250.710982658,
20679886,native,40066365.65853658,
20677295,native,43103602.21551724,
20677354,native,39195257.344,
20677131,native,19749033.422764227,
20677729,native,41403514.43089431,
20675386,native,43339996.026086956,
20677489,native,47222511.33009709,
20675726,native,56272979.47777778,
20675943,native,19482392.894308943,
20675672,native,56872065.72631579,
20676698,native,25036567.403061226,
20678174,native,24016235.213270143,
20679687,native,21131915.23111111,
20678386,native,66815022.60273973,
20677699,native,41599964.06504065,
20678011,native,45660115.51428571,
20677448,native,60822087.4875,
20677700,native,30397595.52601156,
20677917,native,58132507.253012046,
20677272,native,4997500.18452381,
20677167,native,67833701.38157895,
20675714,native,46067406.49557522,
20675479,native,76796092.13846155,
20677682,native,74619658.2,
20676511,native,20488743.207317073,
20678339,native,48763031.03,
20676136,native,39957204.43089431,
20677823,native,16963487.491467576,
20678198,native,51600623.32673267,
20675386,aot,48149170.51351351,
20679136,native,39682811.23076923,
20678151,native,36377733.54814815,
20675687,native,35055250.907142855,
20675573,native,13625242.104,
20677636,native,37707758.30827068,
20675761,native,52227217.875,
20677307,native,67427431.64473684,
20678292,native,72542019.30985916,
20678127,native,64876466.09210526,
20679512,native,51266412.58139535,
20677215,native,67880980.7260274,
20677730,native,25060290.28,
20677144,native,48260278.74285714,
20675673,native,19430328.529166665,
20677707,native,44840826.67826087,
20677074,native,16868255.71895425,
20676887,native,45718783.9537037,
20677956,native,31291277.607954547,
20677355,native,36097942.176470585,
20677543,native,42262987.53719008,
20677712,native,45583175.38738739,
20678375,aot,56489474.47777778,gas-used mismatch for 0xcc47942c0a4d41ee09975cdd442f0e6f96ed7b63bf5494c2087ee826de55d903: expected 204571 found 82074
20675515,native,3824431.091596639,
20675387,native,35412558.76923077,
20677490,native,37383994.837037034,
20677929,native,50078536.10526316,
20675944,native,66476371.02816901,
20677715,native,47906382.94,
20676699,native,44290830.126126125,
20679887,native,33439202.527272727,
20678387,native,43121662.72173913,
20675715,native,42677187.683168314,
20675727,native,35073600.89032258,
20679688,native,45152009.29090909,
20677449,native,34500678.9020979,
20678012,native,36555660.55072464,
20677918,native,52043557.1,
20677168,native,37374773.176,
20675676,native,29472189.277108435,
20677701,native,51190876.56,
20675480,native,47086892.358490564,
20679137,native,22174109.674876846,
20676137,native,21745213.31111111,
20676512,native,48431177.12871287,
20675688,native,40055251.654545456,
20677683,native,57875454.70454545,
20678340,native,43102776.198275864,
20678199,native,45953701.87735849,
20678152,native,31972365.17808219,
20677824,native,58800856.1686747,
20675387,aot,35301214.53571428,
20675574,native,55662497.03409091,
20677637,native,42714344.86440678,
20675762,native,41250014.375,
20677308,native,48910762.22727273,
20678293,native,35029886.14189189,
20678304,native,40685444.744,gas-used mismatch for 0x815e0c2b8d4973bc797fc20ff707ca77f9a44882dad7e229f0bbf61ebeb98e66: expected 127917 found 56972
20679513,native,29834101.804054055,
20677216,native,22651000.25791855,
20677731,native,31741537.1,
20677075,native,30233808.897435896,
20677145,native,17831113.2,
20675945,native,22953898.711442787,
20676888,native,35637665.89510489,
20677708,native,55032055.92307692,
20677957,native,32516210.006451614,
20678376,aot,38980423.55555555,gas-used mismatch for 0x61871105ba7514ba755752002b43a72997648fc9dfe006c8692bad92198e5080: expected 262853 found 241102
20677356,native,37245746.91111111,
20677713,native,35119319.75172414,
20675388,native,38583407.96,
20677930,native,50352565.32258064,
20677544,native,44935558.027027026,
20675674,native,53752160.86407767,
20679888,native,25943032.13157895,
20676700,native,46421985.141509436,
20677716,native,54922760.18681318,
20679689,native,40210450.04310345,
20677491,native,38581214.24264706,
20675716,native,37537863.25954199,
20675728,native,34452673.04895105,
20675516,native,74990017.3,
20675677,native,1247275.6671767407,
20678388,native,55594650.55555555,
20677684,native,23351528.165745858,
20677169,native,34591943.048275866,
20678013,native,54550363.258064516,
20677919,native,37081194.85714286,
20677702,native,44980843.12037037,
20677450,native,38653868.12142857,
20675481,native,44972868.62857143,
20679138,native,38465998.272,
20678341,native,44227050.722222224,
20676513,native,53535297.755555555,
20675689,native,17702231.565371025,
20675388,aot,36578118.03816794,gas-used mismatch for 0x725274cf3199352041287a2d7de9a77a9e8f3446492d7db0d07e9419d80c4307: expected 1735005 found 1733613
20676138,native,82038260.61666666,
20677825,native,32692748.533333335,
20678200,native,62895069.7,
20678153,native,69667724.75714286,
20675575,native,66060543.5131579,
20677638,native,40230178.3902439,
20675763,native,32274252.052980132,
20678294,native,29064930.17261905,
20677309,native,32656111.28104575,
20678305,native,54285769.15053763,
20679514,native,44791079.72881356,
20677732,native,35538770.32608695,
20677217,native,37480383.01449275,
20678377,aot,55086501.093023255,gas-used mismatch for 0x517e941df4b1447b7e1d231c947642f2492b58ba30c0536ff7e7101bcd517c88: expected 384116 found 229773
20679889,native,39337238.49137931,
20677146,native,65400014.8375,
20677958,native,12618341.1182266,
20676889,native,42849809.655172415,
20677709,native,32719987.588607594,
20675675,native,45370919.97169811,
20675946,native,69445443.52054794,
20677714,native,44750805.14159292,
20677931,native,14503167.329608938,
20675389,native,43326900.72881356,
20677357,native,32569795.35625,
20677076,native,54809526.47619048,
20677545,native,44074767.27118644,
20677717,native,38768310.48091603,
20675729,native,18579180.937037036,
20679690,native,30880103.80952381,
20676701,native,31795675.714285713,
20675717,native,54808228.04395604,
20677492,native,51045560.36,
20675517,native,33080164.2875817,
20677685,native,47207394.0,
20678389,native,31020930.865030676,
20677920,native,25704476.372340426,
20678014,native,49949151.875,
20677170,native,54070297.258064516,
20675482,native,47375773.01904762,
20675690,native,80216377.85714285,
20677703,native,40457042.24,
20678342,native,43416484.426086955,
20677451,native,47216764.81081081,
20679139,native,57728423.25,
20675678,native,61571875.593406595,
20676514,native,46732263.027777776,
20675389,aot,41091902.608333334,
20675576,native,40568973.0,
20678201,native,40544879.00826446,
20678154,native,29797557.72891566,
20676139,native,36838105.57446808,
20677826,native,39091327.86923077,
20677639,native,51820534.07,
20675764,native,50204612.8019802,
20677310,native,33045365.897260275,
20678295,native,67754093.30666667,
20678306,native,10416089.458,
20679515,native,41543377.155172415,
20677733,native,55088769.71875,
20677218,native,48434858.95283019,
20678378,aot,47132215.6,
20677147,native,16983929.163398694,
20675691,native,16436052.800643086,
20676890,native,39148513.01526718,
20679890,native,51131719.53,
20677959,native,66465757.906666666,
20675947,native,45974919.14414415,
20677710,native,42652175.82644628,
20677077,native,27364553.68508287,
20677358,native,56724427.23255814,
20675390,native,44117537.27586207,
20677546,native,20675681.55691057,
20679691,native,41558825.56896552,
20679781,native,60626231.844444446,
20677085,native,49135669.01941747,
20677932,native,54994740.45918367,
20676702,native,52143789.82795699,
20677686,native,18470423.777777776,
20675730,native,56040303.12903226,
20675518,native,42905722.69491526,
20677493,native,34257121.64,
20675718,native,41947121.88617886,
20678316,native,32409045.48965517,
20678390,native,50862836.70408163,
20677921,native,50322485.55,
20677171,native,47829112.22772277,
20678015,native,33601959.18300653,
20677452,native,35954276.5625,
20675483,native,48898418.42,
20676140,native,49495048.81818182,
20679140,native,37578091.453125,
20678343,native,45272389.89814815,
20675390,aot,43048596.539130434,
20677704,native,25663823.22815534,
20675577,native,42521849.313043475,
20676515,native,32290453.46451613,
20677827,native,43324328.336363636,
20677923,native,61565153.9625,
20678155,native,55888844.325581394,
20678202,native,39884346.91851852,
20675765,native,58772331.27160494,
20677640,native,30676666.210843373,
20677311,native,51401182.93548387,
20678296,native,60271281.55421687,
20678307,native,60947057.95294118,
20679516,native,43140724.08490566,
20677734,native,55611816.011627905,
20676891,native,16557846.737704918,
20675948,native,30540014.2625,
20679891,native,22792056.251121078,
20677219,native,51826558.5631068,
20678379,aot,102200690.62745099,gas-used mismatch for 0xa65b69785804f3230c31495fb882d569198ab0135477d15e20a656d044333b8b: expected 873457 found 732149
20679782,native,40739626.132743366,
20675692,native,47725950.62037037,
20677711,native,42359212.825,
20677148,native,69177999.66666667,
20677078,native,51443477.97,
20679692,native,23600308.20361991,
20675391,native,50283205.097087376,
20677547,native,36599882.97241379,
20677687,native,64820174.46575342,
20677086,native,43483629.844827585,
20675731,native,28523520.737142857,
20677960,native,37090816.45751634,
20677922,native,14205949.528901733,
20675519,native,41186826.084745765,
20677494,native,6490380.070544555,
20677359,native,32602673.865168538,
20678317,native,43632412.8,
20675719,native,38185990.925925925,
20676703,native,29885801.133333333,
20678016,native,28281610.123595506,
20677933,native,90072099.51785715,
20678391,native,29601461.1,
20679141,native,25148122.025510203,
20675391,aot,48531975.091836736,
20677453,native,40690980.2109375,
20677172,native,60067486.29069767,
20675484,native,47897077.52830189,
20677924,native,46921658.96,
20676141,native,37594828.64492754,
20678156,native,27763855.895953756,
20676516,native,38899587.96,
20675578,native,33655159.527027026,
20678344,native,46873670.268518515,
20677828,native,71127783.48529412,
20677705,native,60073464.4117647,
20678203,native,51459087.65625,
20675766,native,14916850.226865672,
20677312,native,43063214.666666664,
20677641,native,33413102.787096772,
20678297,native,30982035.81875,
20678308,native,35646595.977443606,
20679517,native,36907998.294117644,
20679892,native,54185549.430232555,
20677735,native,52340767.6122449,
20675949,native,44435559.481818184,
20678380,aot,43337963.347457625,
20676892,native,55418326.35483871,
20677220,native,55500065.24210526,
20679783,native,41260464.584,
20677079,native,38984213.48854962,
20677578,native,58162089.60227273,
20677149,native,32871342.03726708,
20675720,native,47530702.5,
20675693,native,43002119.14285714,
20675392,native,30968062.529761903,
20677688,native,57599987.53488372,
20677961,native,35914252.5106383,
20675520,native,42549412.87931035,
20677087,native,43901343.3220339,
20675732,native,30043783.73142857,
20677941,native,47003925.40909091,
20677360,native,40437688.06504065,
20678318,native,56065079.31395349,
20679693,native,56207170.58947369,
20678392,native,38319305.578125,
20676704,native,26438395.723076925,
20677173,native,49486115.43877551,
20675392,aot,29309092.959064327,gas-used mismatch for 0x5a434d5ad360a7504b14fb9f80c2007db390180171a2f57e32e0551327d1ddc7: expected 277709 found 153899
20677495,native,68318674.18421052,
20677548,native,80869434.71212122,
20679142,native,36290942.18571428,
20677925,native,11647561.763761468,
20677454,native,36347936.25,
20677934,native,48228769.75925926,
20678157,native,26178202.14507772,
20675485,native,42501061.81666667,
20675579,native,55220633.42222222,
20676142,native,45901795.3,
20678345,native,43979053.03539823,
20677829,native,37717930.879699245,
20676517,native,26838808.53233831,
20678017,native,68934411.7625,
20677926,native,66995013.653333336,
20675767,native,53802229.084337346,
20678204,native,42294824.03174603,
20677313,native,55648879.35164835,
20677642,native,58203136.32258064,
20678298,native,43071821.5,
20678309,native,41982574.608333334,
20679518,native,43582729.51304348,
20679893,native,33043370.56849315,
20678381,aot,47470396.305263154,
20675950,native,43097292.02542373,
20677150,native,31427648.70860927,
20676893,native,32095344.28387097,
20675721,native,34843313.241134755,
20679784,native,50209090.44,
20677579,native,26111584.76020408,
20677221,native,43522475.43220339,
20675694,native,33025364.10897436,
20675521,native,43432127.49565218,
20677080,native,58405713.375,
20677361,native,15988606.62987013,
20677962,native,36502121.77142857,
20677088,native,26900644.492146596,
20678319,native,8950564.197898423,
20677689,native,35764687.513333336,
20679694,native,36493333.91304348,
20677935,native,51096808.31868132,
20675393,native,58175120.0,
20677736,native,45807837.55555555,
20677496,native,31627691.87341772,
20677942,native,53536296.43877551,
20677830,native,56162998.60240964,
20677174,native,38997367.77099237,
20676143,native,26216710.239361703,
20678393,native,62660635.74074074,
20677549,native,33991007.98675497,
20676518,native,50583975.766666666,
20679143,native,35017307.30136986,
20676705,native,54433237.62105263,
20675393,aot,54143757.64210527,
20678234,native,45748764.57522124,
20677455,native,54021928.46315789,
20678346,native,38033323.30827068,
20675486,native,33227276.589743588,
20675580,native,30611686.111111112,
20678158,native,59405314.4,
20675733,native,76919913.35714285,
20677927,native,23906265.309859157,
20678018,native,39493326.19548872,
20678205,native,36222548.1171875,
20675768,native,44502225.83478261,
20677314,native,20769953.555555556,
20677643,native,35480666.79389313,
20678299,native,71112657.02857143,
20678310,native,50474676.9,
20679519,native,28656448.71891892,
20678382,aot,39918896.34710744,
20679894,native,7026838.787598944,
20675951,native,43226305.38938053,
20676894,native,33375307.65359477,
20677151,native,40597039.18253968,
20675522,native,29618413.83125,
20677362,native,57331494.62962963,
20677737,native,38909699.922413796,
20679785,native,51428232.31632653,
20677222,native,33883855.666666664,
20675695,native,41343340.79674797,
20677943,native,24919006.44148936,
20677081,native,36858010.72142857,
20677580,native,56454497.989247315,
20679695,native,28136604.25,
20677089,native,57641695.23863637,
20677175,native,42586490.6,
20677690,native,35651739.55944056,
20677963,native,59017260.78823529,
20677936,native,41111614.42276423,
20675722,native,34894151.478527606,
20677497,native,38985153.12307692,
20675394,aot,45744157.027777776,gas-used mismatch for 0x3613a22ceb27d1dc5fc544f7b35e387ba0771d75799855229f8ef0d25f0c7973: expected 394781 found 189296
20677831,native,55016658.65909091,
20675394,native,50759012.126213595,
20678394,native,48035523.75471698,
20675769,native,19887363.70642202,
20676519,native,34559712.76351351,
20678320,native,74310840.23287672,
20675487,native,31145348.141104296,
20676144,native,57678445.17045455,
20677550,native,61020213.705882356,
20678235,native,53005875.760416664,
20676706,native,45866033.22413793,
20677456,native,34383158.50993378,
20679144,native,46199278.60869565,
20678347,native,33084549.221518986,
20675734,native,28786464.701754387,
20678159,native,24489206.738916256,
20678019,native,42162584.99115044,
20677928,native,84693589.76785715,
20677315,native,24361869.288557213,
20678206,native,53632384.25,
20675581,native,73353351.4,
20677644,native,35141512.36764706,
20678300,native,41876120.637931034,
20678311,native,43171999.625,
20679520,native,40363583.333333336,
20678383,aot,31963331.390728477,
20679895,native,60887605.57692308,
20677152,native,28480967.045714285,
20675952,native,67606520.74358974,
20677176,native,29840028.14666667,
20676895,native,45634493.6460177,
20677363,native,41900884.85,
20679786,native,40810265.682926826,
20677738,native,45322561.54782609,
20677223,native,25498362.832512315,
20677581,native,34218684.63513514,
20675696,native,48635121.5,
20675523,native,61227643.6,
20679696,native,27384994.439790577,
20677944,native,68660542.77333333,
20675395,native,50629641.25263158,
20677691,native,32618277.645962734,
20677832,native,45178101.34259259,
20677082,native,31674704.44117647,
20675723,native,44636670.28695652,
20677964,native,65132916.35,
20677498,native,57514499.65909091,
20676520,native,35807203.39007092,
20677551,native,13861290.055555556,
20678395,native,39756020.66923077,
20676707,native,16743859.081911262,
20675395,aot,49686553.74285714,
20677937,native,62502465.313253015,
20675770,native,80629458.77777778,
20678321,native,43683899.77586207,
20676145,native,16395973.987341773,
20677090,native,63438618.74725275,
20675488,native,43379657.891666666,
20677457,native,23328041.427272726,
20678236,native,43761343.076271184,
20675735,native,42086844.2892562,
20678348,native,67399261.61333333,
20679145,native,39707762.684210524,
20679593,native,38387589.58778626,
20678020,native,57834627.36363637,
20677645,native,33691858.3671875,
20678207,native,38464291.11904762,
20678160,native,63301757.37647059,
20675582,native,39517912.97560976,
20677316,native,61886885.23076923,
20678301,native,40325600.87931035,
20678312,native,31883813.013071895,
20679521,native,39415900.76984127,
20678384,aot,35029601.52739726,
20679896,native,48936802.46296296,
20677153,native,47746774.75728156,
20677224,native,50751364.42045455,
20677177,native,16446159.475884244,
20677833,native,43519880.31632653,
20677364,native,66763919.69863014,
20679787,native,24869195.69950739,
20675953,native,38152951.34965035,
20677582,native,17262797.51034483,
20676896,native,39824789.503703706,
20675697,native,30887037.56441718,
20675524,native,22318888.44,
20675396,native,24895149.36318408,
20677945,native,34645158.696551725,
20675724,native,27993532.06111111,
20677499,native,31233437.506410256,
20677739,native,45264049.88333333,
20679697,native,56640114.71111111,
20677965,native,55013173.05555555,
20677938,native,25470033.616161615,
20676708,native,42592255.327586204,
20677692,native,39009389.65925926,
20677083,native,45013534.06034483,
20675396,aot,24752931.59708738,gas-used mismatch for 0xac1c58e4d79298887ef0b2fd69b712ec425f322b7b913863216d989de0c891a2: expected 394781 found 189306
20675771,native,3502182.3523809523,
20676146,native,50873582.635416664,
20676521,native,16170837.686153846,
20678396,native,49178228.0,
20678322,native,34510401.73287671,
20677091,native,31601190.582822084,
20678349,native,44033884.88495575,
20677458,native,50819687.15,
20679146,native,40581200.368,
20678161,native,31248651.878205128,
20679594,native,35655584.234042555,
20678021,native,41234767.94214876,
20675489,native,41799755.592307694,
20678237,native,26553202.27184466,
20677646,native,40916925.56097561,
20678208,native,48743054.81,
20675736,native,40830928.885496184,
20677552,native,76149387.32876712,
20677317,native,62606136.0125,
20675583,native,30901510.839285713,
20678302,native,35706333.10869565,
20678313,native,16306944.903448276,
20678385,aot,14531293.637393767,
20679522,native,41985477.270676695,
20679897,native,45618520.66981132,
20677154,native,47043279.91509434,
20677225,native,40127174.92682927,
20677834,native,46899870.481481485,
20675954,native,44937111.24545454,
20677178,native,36083020.90410959,
20677365,native,38244727.503703706,
20679788,native,42275060.848,
20675698,native,32848794.258064516,
20677740,native,24885651.32460733,
20677583,native,54163678.7311828,
20677946,native,19905408.17254902,
20675525,native,40090263.890625,
20679698,native,43876807.6460177,
20675725,native,38869446.192307696,
20677500,native,47829759.333333336,
20677084,native,70289864.54545455,
20677966,native,33010681.562091503,
20676897,native,55636611.85714286,
20675397,native,58164783.65909091,
20675397,aot,59235744.12048193,
20676147,native,62878554.7,
20678397,native,37939636.8,
20676709,native,44153128.5,
20677693,native,51617132.57,
20677092,native,17637780.861111112,
20677939,native,79462496.18461539,
20678323,native,58995008.25,
20678350,native,54603490.89247312,
20676522,native,61115977.15116279,
20675772,native,80866872.83606558,
20677459,native,56415917.28571428,
20678209,native,10143125.441351889,
20679147,native,20691313.79310345,
20677553,native,68334702.45070423,
20678238,native,30585474.493975904,
20678022,native,59822044.78409091,
20677318,native,36516859.376811594,
20675737,native,70854945.69014084,
20675490,native,44429991.779661015,
20679595,native,34761962.245398775,
20675584,native,71206839.28767124,
20677647,native,42018574.8,
20678162,native,74540585.65333334,
20678303,native,36955853.544,
20678314,native,62403891.85,
20679523,native,30487954.220238097,
20678386,aot,68689415.97435898,gas-used mismatch for 0xf7139624a1f7e584f016b6ffe636854f3324919fb11689dab4888490d70da12a: expected 446310 found 371599
20679898,native,13283652.356756756,
20677226,native,4113674.0173913045,
20677366,native,35474662.015384614,
20675955,native,17239102.18811881,
20677584,native,26872847.430939227,
20677179,native,78041696.8923077,
20677390,native,11205515.635955056,
20679789,native,51511038.07,
20675699,native,51763747.71,
20679699,native,11671620.637413396,
20676898,native,27538240.674157303,
20677501,native,28063449.601123594,
20677835,native,50111467.90434783,
20677741,native,44177671.1,
20677950,native,26794245.05,
20675398,native,47011130.90740741,
20677947,native,76568188.0735294,
20677967,native,38197764.08148148,
20677155,native,63102768.61,
20677940,native,43625717.094339624,
20675526,native,39934583.572463766,
20678398,native,38327054.0859375,
20675398,aot,45093834.372727275,
20676968,native,68991794.34666666,
20678351,native,22674050.628959276,
20677319,native,58778492.75,
20675773,native,47588745.01941747,
20676148,native,34024401.2625,
20676523,native,66579617.19736842,
20678324,native,40271181.72519084,
20677093,native,49518172.35454545,
20677460,native,43170603.74166667,
20679148,native,29143394.011695907,
20678210,native,76556226.44615385,
20676710,native,39513737.317567565,
20675738,native,2340393.6996805114,
20677648,native,57004730.90123457,
20679596,native,33670865.25333333,
20678023,native,36780283.99324324,
20675585,native,41392062.16101695,
20675491,native,51826933.25742574,
20678239,native,61502459.35555556,
20677554,native,16942661.199421965,
20679734,native,61803732.2962963,
20675744,native,39817050.51145038,
20678315,native,43954573.15702479,
20679524,native,48993244.70454545,
20679899,native,60024683.093023255,
20678387,aot,48980767.63478261,
20677585,native,53559451.85227273,
20677367,native,36113934.53793103,
20675956,native,72677137.5,
20677391,native,10228159.140529532,
20677502,native,24059588.20689655,
20677836,native,20261737.98712446,
20679790,native,34010713.43918919,
20677948,native,39791124.225,
20675700,native,23113212.67699115,
20677227,native,95444634.05357143,
20679700,native,47562910.13888889,
20676899,native,41942569.016,
20677742,native,30379308.07738095,
20675399,native,50912324.45918367,
20677180,native,26937616.879807692,
20678399,native,49823112.524752475,
20677951,native,17508276.285714287,
20676593,native,14134737.932614556,
20675527,native,54479822.67368421,
20676524,native,40346111.720338985,
20677949,native,45814095.118644066,
20675774,native,71486828.54411764,
20678325,native,41093072.344827585,
20677094,native,44317895.0,
20676969,native,43154604.233333334,
20678352,native,58897312.964705884,
20675399,aot,55195261.52,gas-used mismatch for 0x7303d35ee64528329a959ed564c84d2f150e6c8947a1f2f243b50e911c3af09f: expected 246398 found 207292
20676149,native,34496976.925675675,
20677320,native,46386359.78181818,
20677968,native,47980416.8362069,
20676711,native,32854283.593333334,
20677461,native,44345123.59130435,
20679597,native,42892757.345454544,
20677649,native,30457859.613496933,
20679149,native,61044918.941176474,
20678024,native,14470023.301449275,
20678211,native,49773108.43518519,
20675586,native,34345778.425675675,
20675492,native,29566184.080924854,
20675739,native,68521534.775,
20678240,native,47253033.75675676,
20679735,native,28502458.059139784,
20677555,native,58293954.60227273,
20675745,native,56711638.46590909,
20679312,native,44115006.47457627,
20679525,native,36493118.448529415,
20678388,aot,55591133.63636363,
20679900,native,35989894.41059603,
20675957,native,44120939.38888889,
20677586,native,50266560.22448979,
20678222,native,49054811.653061226,
20677743,native,33395300.971428573,
20677368,native,51725492.972222224,
20677228,native,37491774.48854962,
20679791,native,42570510.34710744,
20677392,native,90736777.9090909,
20677503,native,71005620.73239437,
20675701,native,48289305.54716981,
20675400,native,46174657.16037736,
20677837,native,65478181.6375,
20679701,native,46931223.663636364,
20676150,native,29732653.0,
20676900,native,35836478.36601307,
20677181,native,36547669.47945205,
20678400,native,39352471.774436094,
20676594,native,56433245.822222225,
20677952,native,77241886.96825397,
20676970,native,36420865.044117644,
20675843,native,55963473.571428575,
20676525,native,51425221.45544554,
20678326,native,55327481.62222222,
20677321,native,67615787.56,
20677969,native,46520601.234234236,
20675400,aot,49073343.37142857,
20678353,native,45948795.41739131,
20677462,native,35537749.36231884,
20677095,native,39050356.10869565,
20675528,native,39479679.089655176,
20675493,native,24460482.704663213,
20676712,native,44281065.24778761,
20675775,native,32254334.943820223,
20677650,native,24603118.426540285,
20675587,native,26705730.172972973,
20678241,native,37378253.475,
20679598,native,35242748.693333335,
20678212,native,42214787.75,
20679150,native,15338616.706371192,
20678025,native,55825976.4,
20679736,native,19710761.896414343,
20675740,native,47225389.300884955,
20677556,native,49090762.820754714,
20675746,native,34290756.313725494,
20679313,native,31390014.116564415,
20679526,native,40681238.637931034,
20675958,native,43234264.79310345,
20678389,aot,32469649.242424242,
20677587,native,46576599.860869564,
20677744,native,49291203.6122449,
20677393,native,9650982.116504854,
20678223,native,35739236.37588652,
20679901,native,45180232.328,
20677369,native,49302839.34,
20677229,native,63429194.474358976,
20675401,native,23063622.903669726,
20675702,native,47897065.047619045,
20677504,native,32010481.54375,
20679702,native,31633009.050632913,
20677838,native,23012137.79816514,
20679792,native,15915836.293255132,
20676151,native,36371347.89130435,
20676526,native,38705521.52066116,
20676971,native,40670806.50833333,
20678401,native,11094959.07399577,
20677331,native,46959344.405660376,
20678327,native,46989588.82857143,
20675844,native,5724427.604625551,
20676595,native,52189930.75510204,
20677970,native,42223390.144067794,
20677182,native,49969434.7,
20676901,native,60679463.571428575,
20678354,native,49066770.03883495,
20677463,native,35184698.77241379,
20677096,native,21793249.834024895,
20677322,native,62673954.729411766,
20676713,native,36996070.731884055,
20675529,native,42919902.648,
20675776,native,55094777.78494623,
20675494,native,62695240.44444445,
20677651,native,62576225.074074075,
20679599,native,36620130.63043478,
20675401,aot,25557862.765486725,gas-used mismatch for 0x2030ba43c913f5cdc0b9d0961431aeaa3e897149595e15db62ee30794fe47e1c: expected 277745 found 153935
20675588,native,62301477.88235294,
20678026,native,31317337.846625768,
20675747,native,40874042.33663366,
20679737,native,46234837.567567565,
20679151,native,72925259.95714286,
20678213,native,47396832.11304348,
20675741,native,33039788.423312884,
20678242,native,59086423.809523806,
20677557,native,47065794.65833333,
20679314,native,34580584.25714286,
20679527,native,41898453.49137931,
20675959,native,9927.73335572841,
20678390,aot,48805512.514563106,gas-used mismatch for 0x40d48fa2ac6eeeacf18a45b53b9e8fd3964e4a9f53312a1793a0af7232334edc: expected 401268 found 95880
20678224,native,39051876.358333334,
20677745,native,20881513.021008402,
20677370,native,44150954.24074074,
20677230,native,53099737.39784946,
20679902,native,34993716.37179487,
20675402,native,19490828.266666666,
20677505,native,43543473.10344828,
20679793,native,43475662.10619469,
20677765,native,71166713.25,
20679703,native,34815160.75675676,
20677394,native,77310156.51515152,
20677839,native,55181774.666666664,
20675845,native,58404861.506172836,
20677588,native,47599908.722222224,
20676152,native,57828989.9010989,
20676972,native,19974616.590405904,
20677332,native,48606483.54285714,
20676527,native,50559130.62962963,
20676596,native,18592783.516014233,
20678355,native,14063639.294617563,
20677323,native,39971840.076271184,
20675530,native,49194013.53763441,
20677378,native,73443564.43661971,
20678402,native,77126348.26470588,
20677464,native,32482984.8875,
20676902,native,38445744.86029412,
20679600,native,33392769.475524474,
20676714,native,39456956.6015625,
20675777,native,56625043.89772727,
20677971,native,39959544.93617021,
20677183,native,18739448.84385382,
20677097,native,76530648.33823529,
20675495,native,40513189.44,
20677652,native,42021442.288,
20675589,native,25954334.484848484,
20679738,native,31586295.6875,
20675402,aot,21615374.141791046,
20678214,native,54239157.59375,
20678027,native,50586585.175925925,
20678243,native,38482697.690476194,
20679152,native,34934270.87974683,
20675748,native,55008390.95145631,
20675742,native,52967726.3,
20677558,native,53917088.37,
20679315,native,53265039.0989011,
20679528,native,21787810.826086957,
20678391,aot,29228967.76470588,
20677746,native,29245924.284848485,
20678225,native,36590921.19580419,
20677371,native,32180120.088607594,
20675960,native,77558590.70422535,
20677589,native,39438295.95652174,
20677506,native,28600826.551136363,
20679903,native,1175462.283344393,
20677840,native,37061009.89855073,
20677395,native,53220906.520833336,
20675403,native,69988657.34246576,
20677766,native,48089850.882882886,
20678403,native,40746250.236363634,
20676153,native,31902414.85714286,
20679601,native,35458051.776,
20679704,native,52144874.0952381,
20676528,native,11903523.721577726,
20676903,native,43368161.6509434,
20677231,native,66868591.875,
20676973,native,53696863.333333336,
20677333,native,39950429.62698413,
20677379,native,42723840.38938053,
20675778,native,17816456.684210528,
20675846,native,64687714.4,
20679794,native,51759187.672413796,
20676597,native,51408691.44660194,
20675531,native,55485121.384615384,
20677972,native,40118506.041666664,
20678356,native,69705201.21917808,
20677098,native,42623803.09009009,
20677324,native,58382911.61290322,
20677653,native,53117219.39534884,
20677465,native,41794809.26190476,
20676715,native,41642103.20325203,
20675496,native,50341357.52040816,
20678215,native,40638079.62962963,
20677184,native,21944635.72614108,
20675403,aot,65543842.225352116,gas-used mismatch for 0xb7e88b753346154152f8eb4aae6755709fed70ed4cabf44a5a8264c9ba5271aa: expected 1795188 found 1919037
20675590,native,66145322.90789474,
20679739,native,42885330.15,
20678028,native,36478960.97872341,
20678244,native,58451538.25274725,
20675749,native,48008199.416666664,
20679153,native,48947651.945454545,
20675743,native,31369373.735099338,
20677559,native,15236604.950920245,
20679316,native,41042200.192307696,
20679529,native,47387035.75728156,
20678392,aot,38691088.72727273,
20678226,native,45567135.89010989,
20677747,native,45406832.90740741,
20677590,native,40307588.09090909,
20677372,native,37307377.84962406,
20675961,native,27530211.266666666,
20679904,native,50136356.97959184,
20676598,native,2491637.9692852926,
20677767,native,47377457.34,
20677841,native,37420697.75362319,
20677396,native,19031864.916363638,
20678404,native,36414361.13235294,
20676904,native,28562442.251461986,
20677380,native,57537128.1625,
20676529,native,49388011.37755102,
20676154,native,60746690.421686746,
20675404,native,69407419.18421052,
20677232,native,49467285.116504855,
20677507,native,43152539.955882356,
20679602,native,44700138.711864404,
20675779,native,39432607.608,
20679705,native,50077686.45631068,
20677654,native,27381812.44047619,
20679795,native,66341356.5890411,
20676974,native,27705783.487179488,
20677973,native,31979147.801282052,
20675532,native,33755838.06666667,
20677466,native,30163211.25949367,
20677334,native,41648178.18461538,
20675847,native,29413335.705555554,
20678357,native,41660303.736,
20677099,native,40329984.31538462,
20678216,native,34383869.42068966,
20675497,native,36410890.75,
20677185,native,63789703.82666667,
20679740,native,21367350.588235293,
20677325,native,51952758.190476194,
20676716,native,43326128.328,
20675591,native,29235863.445086706,
20678245,native,34645316.38518518,
20675796,native,36596066.032520324,
20678029,native,40609173.0625,
20677788,native,19359642.65503876,
20675404,aot,63836142.23655914,
20679154,native,49389754.42477876,
20677560,native,51767593.83809524,
20679317,native,51497992.08490566,
20679530,native,46773502.94594595,
20678227,native,28103848.417177916,
20678393,aot,61107591.20512821,
20677748,native,18193032.18705036,
20677591,native,43311656.93913043,
20677373,native,65784632.590361446,
20675962,native,75689048.8235294,
20677508,native,27804033.975,
20679905,native,56438080.97802198,
20676599,native,43463128.04958678,
20677397,native,51128897.19,
20676905,native,49761034.22772277,
20678405,native,39903972.66153846,
20677381,native,41739651.585365854,
20677768,native,42275203.872180454,
20676530,native,55453073.96774194,
20675848,native,4379182.52194211,
20677233,native,23673852.582159624,
20679796,native,37976729.823076926,
20677335,native,42787054.09009009,
20677842,native,44971059.512195125,
20677655,native,53388510.82417583,
20676975,native,25187461.768472906,
20679603,native,39245801.270676695,
20676155,native,40890287.91111111,
20675405,native,62105938.24705882,
20679706,native,29194067.005405404,
20675780,native,41122568.047619045,
20675592,native,32815475.41911765,
20677974,native,53243357.6875,
20677467,native,60090456.23529412,
20678358,native,15088245.255747126,
20675533,native,35526975.63870968,
20677100,native,33420369.09032258,
20676717,native,21379778.27966102,
20677326,native,30570662.581818182,
20677186,native,34378992.766666666,
20678217,native,37842971.157142855,
20675498,native,50116392.88679245,
20679741,native,52712356.68367347,
20678030,native,45294901.04545455,
20675797,native,58968230.37777778,
20678246,native,26072836.322115384,
20675405,aot,57180820.73626374,
20679155,native,30742194.672727272,
20677561,native,41429001.10169491,
20677789,native,54584924.485436894,
20679318,native,60771364.23255814,
20679531,native,41874488.983050846,
20678228,native,46180220.117117114,
20677749,native,69415878.63492064,
20678394,aot,51719517.57281554,
20677592,native,49259320.541666664,
20675963,native,35957897.167832166,
20677382,native,33755309.79020979,
20676531,native,37428290.7734375,
20677843,native,17792336.64206642,
20677374,native,29398608.324468084,
20677509,native,73842370.02857143,
20679906,native,41922851.5390625,
20677975,native,44489923.05940594,
20678406,native,59511004.04705882,
20677769,native,37255606.4057971,
20677234,native,48450642.16190476,
20676156,native,22115578.25229358,
20676906,native,52161014.366336636,
20677656,native,32204139.851612903,
20677336,native,51609799.75510204,
20675849,native,50753030.554455444,
20677398,native,56305470.78494623,
20676600,native,93878845.0,
20679604,native,38500146.80916031,
20679797,native,47292718.982300885,
20675406,native,4369388.58506224,
20675593,native,53805566.02150538,
20678359,native,33561757.79452055,
20676976,native,82547128.98360656,
20677468,native,37756020.774436094,
20675781,native,37246327.864285715,
20677101,native,33836020.3445946,
20677327,native,41220501.74576271,
20675534,native,46816013.154545456,
20675499,native,43308830.04237288,
20678218,native,35383729.37837838,
20679742,native,27629922.43548387,
20679707,native,86234765.12307692,
20676718,native,56411066.16842105,
20677187,native,82313542.3030303,
20678031,native,35377045.832167834,
20675406,aot,3813016.896825397,
20678247,native,56571595.46666667,
20675798,native,65260557.2375,
20677562,native,17392308.466216218,
20677790,native,50535029.87755102,
20679156,native,59499916.802325584,
20679319,native,33710527.5625,
20679532,native,28858083.647398844,
20678229,native,39776282.1637931,
20677750,native,32045451.06,
20677593,native,27566206.27108434,
20678395,aot,40874544.779661015,gas-used mismatch for 0xba490af2a70526d293b0b4828994fdddda23f5374ec2a2094b092164819bce0b: expected 262745 found 240994
20676907,native,17440794.841463413,
20676532,native,5124643.204545454,
20675850,native,37440362.80991735,
20678407,native,37585227.76,
20677375,native,64388965.39726027,
20679907,native,32822756.94,
20675964,native,35832622.96666667,
20677770,native,37861964.307692304,
20677337,native,24779373.393939395,
20676157,native,32163585.419354837,
20677510,native,42055526.227642275,
20677383,native,60459067.244444445,
20677399,native,36665551.63703704,
20675782,native,57950068.93333333,
20677469,native,42190167.14655172,
20677328,native,45891416.574257426,
20677844,native,87888405.73770492,
20676601,native,49862356.13207547,
20677657,native,79076603.90476191,
20677976,native,59535846.02197802,
20677235,native,24359987.601731602,
20679605,native,41963589.8,
20679798,native,35235355.8,
20675594,native,65916130.82666667,
20676977,native,42634863.6,
20677102,native,39784350.9453125,
20675407,native,81982668.82539682,
20678360,native,86571992.1147541,
20679743,native,61413720.325,
20675535,native,40200625.35338346,
20678219,native,36539281.27972028,
20675500,native,25386345.328638498,
20676719,native,41874549.70247934,
20677188,native,37517453.62962963,
20679708,native,28565734.92105263,
20675799,native,50199922.21111111,
20678032,native,31990678.68125,
20678248,native,10615206.921649484,
20675407,aot,80480082.72307692,gas-used mismatch for 0xc44a5ab945fb614617a0a4de2bdb440f69009b1fe67ffa015610aa8d9755140a: expected 303811 found 234328
20677791,native,40960672.92561983,
20679157,native,29720272.572289158,
20677563,native,65896683.28205128,
20679320,native,20483833.31120332,
20679533,native,45597243.083333336,
20678230,native,34177555.35862069,
20677594,native,34564225.21538462,
20678396,aot,51487378.692307696,gas-used mismatch for 0x13efc511dc12dcde1d88132ff435f569bf5d15be233c1faefc98b2d1dd8f1539: expected 444173 found 222319
20677751,native,31282049.59627329,
20677376,native,35830010.10769231,
20675851,native,37566640.78125,
20676908,native,56351088.35164835,
20678408,native,37430253.52307692,
20675965,native,53186899.16483516,
20676533,native,66918102.4,
20675783,native,19698696.415637862,
20679908,native,26752790.82198953,
20676158,native,29858041.95180723,
20677400,native,13067965.588235294,
20677771,native,39321900.83969466,
20677384,native,44930916.48648649,
20677338,native,51964115.28,
20677845,native,39049147.824,
20677511,native,45780292.15652174,
20676602,native,26949779.041884817,
20679799,native,35599505.780141845,
20677470,native,40589304.40625,
20677236,native,23479927.09090909,
20677103,native,24244320.897560976,
20675595,native,36427823.364285715,
20677329,native,44014529.28099173,
20677658,native,34787733.24836601,
20679606,native,36129962.23448276,
20676978,native,31741260.87272727,
20677977,native,56650016.29473684,
20675536,native,55969130.96385542,
20678220,native,34923203.0942029,
20679744,native,38800472.6953125,
20677189,native,36495672.72794118,
20675408,native,72067839.89473684,
20678361,native,61930399.48863637,
20675800,native,45194928.77876106,
20675501,native,56564189.489583336,
20676720,native,69961600.66666667,
20678249,native,90572865.03921568,
20679709,native,63100955.80681818,
20678033,native,46565041.08695652,
20675408,aot,67051397.7368421,gas-used mismatch for 0x05c40c6294ffe265b4bab3674d287d08a12a7c99f4191234c7020442029ee3d5: expected 273809 found 68422
20679158,native,15993290.3875,
20677792,native,21624926.96442688,
20677564,native,41376044.634920634,
20679321,native,55956524.692307696,
20679534,native,32223191.39864865,
20677595,native,41822439.4954955,
20678231,native,43409645.00884956,
20678397,aot,38516217.11904762,
20677752,native,54340065.755555555,
20675852,native,1522794.3295904887,
20676534,native,53153290.64705882,
20677377,native,37045060.00735294,
20678409,native,49958616.69,
20677385,native,16562430.828671329,
20679909,native,27957223.97777778,
20675966,native,28017130.897297297,
20676909,native,36289663.38356164,
20676159,native,84003118.25,
20675784,native,34511407.331125826,
20677846,native,36630664.9389313,
20677772,native,57364242.14444444,
20677339,native,36951054.51449275,
20677512,native,39174089.09375,
20676603,native,50998462.34736842,
20677401,native,68453765.10526316,
20677659,native,48110372.28571428,
20677237,native,55580034.47727273,
20677471,native,34893050.055944055,
20675596,native,43407285.026548676,
20676979,native,37539864.55639098,
20675537,native,30440066.807453416,
20679607,native,36886682.56521739,
20677978,native,41723739.608333334,
20677330,native,45379961.14159292,
20678221,native,34722369.59440559,
20679800,native,52215010.4245283,
20677104,native,52552511.733333334,
20678362,native,40124545.67768595,
20675801,native,34248119.09090909,
20675409,native,42722157.425,
20679745,native,37853854.074324325,
20677190,native,43415370.11666667,
20676721,native,32564514.816993464,
20675409,aot,41803964.86440678,gas-used mismatch for 0xe4a7bbcf286cda6c8cb481afcb450e4deadecc9092f8f37ddaf97d882efcaec8: expected 622974 found 37833
20679710,native,52280611.969387755,
20675502,native,72318890.01333334,
20678034,native,32501458.86956522,
20678250,native,66356715.25,
20677793,native,39906430.38095238,
20679159,native,64040014.75,
20679322,native,58776015.21176471,
20677565,native,51545994.90740741,
20679535,native,49792026.29032258,
20677596,native,58933430.755813956,
20678398,aot,35538708.63768116,gas-used mismatch for 0x509400782f9de48fdc89f90584c429254bf137b4b2366681a0ebb0e5e1329696: expected 248243 found 53073
20678232,native,31137221.976190478,
20677753,native,41870289.45762712,
20675853,native,81564254.17460318,
20676910,native,33019114.35,
20677413,native,56429297.81111111,
20676535,native,47635292.65740741,
20679910,native,49827797.67326733,
20678410,native,66094492.038461536,
20677773,native,45901776.62,
20676160,native,35307083.762237765,
20677386,native,51690054.84,
20675967,native,61763892.894117646,
20679801,native,42978262.75,
20675597,native,42647714.15652174,
20677847,native,37633724.97872341,
20677340,native,45944869.46017699,
20677238,native,84863983.83928572,
20677402,native,48606598.9245283,
20677979,native,31207245.23287671,
20676604,native,23294612.64347826,
20677660,native,63781850.625,
20677513,native,55864486.55789474,
20676640,native,42061043.2,
20676980,native,32479627.487341773,
20677988,native,30532289.889570553,
20675785,native,85472609.52307692,
20677472,native,41681947.70769231,
20675802,native,14954397.853896104,
20675538,native,50929387.030612245,
20677105,native,50423263.135416664,
20679608,native,54185071.333333336,
20677191,native,40512401.415254235,
20679746,native,34368315.27333333,
20678363,native,52431275.81,
20675410,native,47918450.765765764,
20675503,native,22796380.46976744,
20679711,native,40471374.00813008,
20676722,native,44333709.425,
20678035,native,55647025.70454545,
20675410,aot,48328189.845454544,gas-used mismatch for 0x466657af8f2bfc6f0861f2d7bca9c8c0fc6b2289eef39144578c16f30bcc4cc1: expected 1637248 found 1438799
20678251,native,69734477.65714286,
20677794,native,55434861.09090909,
20679160,native,26188343.518134713,
20679323,native,33323713.286666665,
20677566,native,78219149.12307692,
20679536,native,33578132.14556962,
20678399,aot,48812760.466019414,gas-used mismatch for 0x4db7e1c68a204d2d093ca2bc0569d00cb137297e2a29b8ec16e95746694fb7a2: expected 209462 found 82074
20677597,native,53660497.35483871,
20678233,native,41259081.56349207,
20677754,native,25713940.678899083,
20676911,native,80994528.82142857,
20677848,native,37870173.63207547,
20675854,native,53616096.34375,
20679911,native,33420759.156028368,
20676536,native,27323837.771276597,
20677774,native,34577885.680851065,
20678411,native,53786335.10227273,
20677414,native,37052398.386206895,
20676161,native,49134050.92380952,
20677239,native,37106738.5952381,
20677387,native,71844300.10958904,
20677341,native,39937721.57936508,
20679802,native,53283967.03157895,
20675803,native,19872865.445887446,
20677403,native,53628652.472527474,
20675786,native,46533472.20792079,
20675968,native,43011541.78461538,
20676605,native,63938399.94871795,
20675598,native,35835257.655629136,
20675539,native,46748478.716981135,
20676641,native,28311787.902702704,
20677661,native,43419666.832,
20677980,native,65782639.06024096,
20676981,native,58196259.844444446,
20677989,native,26625527.597014926,
20678364,native,55091974.7654321,
20677514,native,51440680.054545455,
20679609,native,45290233.7079646,
20677106,native,35485788.14379085,
20677192,native,43029990.22413793,
20677473,native,38323649.53333333,
20675504,native,26328591.30054645,
20679712,native,14954032.53250774,
20679747,native,51268148.61,
20675411,native,34091414.51612903,
20675411,aot,34819699.807142854,
20678036,native,29748234.875,
20676723,native,38487515.15789474,
20679161,native,17671289.93127148,
20677795,native,28622761.08108108,
20678252,native,33826507.409638554,
20679324,native,49455465.04854369,
20679537,native,38048710.752,
20677567,native,58862771.91,
20676875,aot,17256827.430604983,gas-used mismatch for 0x92b1e383577955eff8077763c51b4366ba36afd77fa1498de26326f90b7855b4: expected 471722 found 158850
20678400,aot,39200719.57037037,
20677598,native,59342656.96590909,
20677755,native,55155770.9010989,
20679912,native,33610429.581560284,
20676912,native,45466149.00925926,
20677849,native,17953329.472027972,
20675855,native,63865937.192307696,
20676537,native,30942655.116564415,
20677342,native,47484007.22727273,
20677775,native,37089764.955882356,
20678412,native,18779044.933333334,
20676162,native,23737664.786729857,
20677240,native,34109026.39310345,
20677388,native,49234715.677083336,
20677415,native,40787978.97037037,
20676606,native,19214703.34262948,
20675804,native,6805444.150453956,
20675787,native,37626948.58646616,
20675599,native,59940896.78205128,
20677662,native,17877405.414179105,
20677404,native,44550188.68333333,
20675969,native,34407305.29139073,
20679803,native,31584389.01734104,
20675540,native,37286096.59259259,
20677981,native,32902532.741721854,
20678365,native,34992479.06382979,
20676982,native,28207250.668508288,
20676642,native,57641094.406593405,
20679610,native,28759802.641618498,
20677474,native,35707076.847826086,
20677990,native,51145662.93396226,
20677193,native,30935601.694117647,
20677515,native,43558462.016,
20677107,native,67756768.675,
20676724,native,29883657.90625,
20675505,native,72774959.7887324,
20679748,native,48939114.777777776,
20675412,native,57447471.817204304,
20679713,native,73348598.09210527,
20675412,aot,51943885.0952381,
20678037,native,53318231.13592233,
20679162,native,43416525.108333334,
20678253,native,78812341.13114753,
20677796,native,42578969.184,
20679325,native,16356253.285714285,
20679538,native,20834605.957692306,
20678401,aot,10589654.956422018,gas-used mismatch for 0x87115e7a2c4f91bc4cf8d00c060a1b75d4d0c3b766a6e7a7f10719c13b77a132: expected 364414 found 205324
20676876,aot,44221089.63963964,
20677568,native,48114387.0754717,
20677599,native,31658096.966666665,
20677756,native,59184924.253012046,
20679913,native,18723324.32962963,
20676913,native,29917358.81325301,
20676163,native,37194609.17699115,
20676538,native,64417973.35211267,
20675856,native,61162986.307692304,
20677850,native,34462224.3986014,
20676125,aot,43715125.91891892,gas-used mismatch for 0xe6dd63c8c8425a30cc66b65478670ef4d3c13020777a90c73edfbed41644533d: expected 201096 found 81726
20677776,native,30892651.915151514,
20677389,native,30793560.316129033,
20678413,native,63919526.85897436,
20677416,native,39893765.333333336,
20675788,native,35444716.872180454,
20677241,native,34700981.81699347,
20676607,native,24296605.62621359,
20675805,native,65733371.618421055,
20679804,native,33568675.773049645,
20675600,native,30921121.86746988,
20678366,native,41574421.46902655,
20677405,native,38119665.40625,
20679611,native,41083784.230088495,
20677982,native,50684649.302083336,
20677663,native,78799904.44444445,
20676643,native,37609008.02307692,
20676983,native,49936097.28712871,
20675541,native,52145970.9223301,
20677991,native,60993321.32098766,
20677194,native,43430650.27272727,
20675970,native,45687776.253968254,
20677516,native,33258842.888888888,
20677108,native,56792143.28235294,
20677475,native,36635800.10967742,
20676725,native,48534946.79047619,
20675506,native,43910367.22608696,
20679714,native,22692997.184834123,
20679749,native,29880073.994382024,
20675413,native,44974167.64545455,
20678038,native,46410714.518867925,
20675413,aot,47848184.27027027,gas-used mismatch for 0x8ac327787f803f4188e8de202573016b54d6bd788d34dcf8d032c90053fe9226: expected 293523 found 196669
20677797,native,29898857.04375,
20678254,native,34338837.49655172,
20679326,native,77388450.42857143,
20679539,native,32562873.223776225,
20679163,native,83132691.24242425,
20678402,aot,66203085.73076923,gas-used mismatch for 0xddc7bdbd50536f3ef2bd170dd94f9109261b01cdfaae67d6b5f6905760e325d3: expected 1131740 found 629848
20677569,native,47871902.88679245,
20677600,native,30452596.064327486,
20676877,aot,4842.081820547517,
20677757,native,62145467.4868421,
20679914,native,55586917.802469134,
20676914,native,33461862.411347516,
20676126,aot,35183246.603053436,gas-used mismatch for 0x5d20417a1f9abdffe7789903a22d4a8413486b61c43579daa29858b9429f45bc: expected 992522 found 832937
20677777,native,39621516.79279279,
20676539,native,35868389.89285714,
20675857,native,34441218.8630137,
20675789,native,47518479.34939759,
20676164,native,58510225.615384616,
20677851,native,72586893.91549295,
20679546,native,48163099.653465346,
20678414,native,44831400.11818182,
20677417,native,22475069.829383887,
20677983,native,40982543.65740741,
20676608,native,48734457.71428572,
20675601,native,35465050.33571429,
20678367,native,42319587.3826087,
20677406,native,49450871.739583336,
20679805,native,51042938.70408163,
20677242,native,44718306.03968254,
20677664,native,34982258.44680851,
20679612,native,42606604.31034483,
20676644,native,38077604.120300755,
20675806,native,82488126.68253969,
20676984,native,42175013.27826087,
20675542,native,32749619.39869281,
20677195,native,50350304.469387755,
20677517,native,47054546.67619047,
20677992,native,41998419.64227642,
20676726,native,45247429.97142857,
20675971,native,36356758.09150327,
20677015,native,27053612.466666665,
20677476,native,36137358.957446806,
20675507,native,51928955.447916664,
20679715,native,59392249.70454545,
20679750,native,39075356.270676695,
20675414,native,62617896.0875,
20675414,aot,63847126.64285714,
20678039,native,33876789.60810811,
20677798,native,36669271.56737588,
20678255,native,66741836.14102564,
20679164,native,33983078.693333335,
20679327,native,48238737.10810811,
20678403,aot,40148905.29268292,
20679540,native,76047726.47945206,
20677601,native,42662706.472,
20677570,native,52936750.423423424,
20677758,native,40842805.227642275,
20679915,native,39123255.2892562,
20676878,aot,52874411.73728813,gas-used mismatch for 0x19a1d08144e738f0064b68c1780debdf91beff169103f93e71e86ed78220950f: expected 494646 found 95868
20676915,native,44186736.126126125,
20676540,native,53085045.25,
20675858,native,3508115.5448323064,
20677852,native,49906813.35164835,
20675790,native,16318883.990415335,
20677778,native,45977945.74774775,
20676127,aot,57107143.65625,gas-used mismatch for 0xd35b0a8cd138c95bfa579679e0b79548e93e599a5372738bcf5f7414355ec07e: expected 213134 found 144528
20679547,native,29300879.588957056,
20676165,native,33494431.629139073,
20678415,native,44174121.734513275,
20675602,native,38883767.75,
20677407,native,45301330.50943396,
20677984,native,56789774.3372093,
20677418,native,76401029.57142857,
20679806,native,26298862.925531916,
20677665,native,11445658.937209303,
20678368,native,50702101.762376234,
20676609,native,79226924.6,
20679613,native,23362244.59534884,
20677243,native,51961720.52040816,
20676645,native,42179039.42975207,
20675807,native,80262716.81967214,
20676985,native,44341806.86666667,
20677196,native,32538904.769230768,
20677518,native,13052875.815,
20675543,native,73493454.3150685,
20675972,native,52883166.233333334,
20677993,native,67638983.01333334,
20677016,native,60018815.44871795,
20676727,native,14170105.68306011,
20677477,native,44976974.20909091,
20679716,native,40960168.38333333,
20675508,native,35383812.30136986,
20675415,native,27138839.032786883,
20679751,native,36278460.02127659,
20675415,aot,27845054.02094241,
20678040,native,46983075.06363636,
20677799,native,73872666.4264706,
20678256,native,30871684.5398773,
20679328,native,31775279.12,
20679165,native,36805677.14893617,
20678404,aot,36498671.333333336,
20679541,native,47864660.18095238,
20677759,native,37865771.9453125,
20677571,native,34930234.63513514,
20677602,native,32662104.931818184,
20676541,native,68682109.5,
20677853,native,18123189.10373444,
20676916,native,42955727.03603604,
20679916,native,53330348.58947369,
20675859,native,72585438.51666667,
20676879,aot,69180990.85333334,
20675791,native,38063864.47107438,
20677779,native,39259113.68333333,
20676128,aot,32659047.666666668,
20679548,native,35609823.60294118,
20676166,native,51487637.47959184,
20678416,native,41164726.592,
20677985,native,41440722.347457625,
20677408,native,43877375.6,
20675603,native,79238418.07575758,
20679807,native,41750199.68253968,
20677419,native,62822407.02352941,
20676610,native,72640461.96969697,
20679614,native,50416368.28571428,
20678369,native,52668785.90625,
20677666,native,77605858.10606061,
20676646,native,65174977.828947365,
20675808,native,14834700.483483484,
20677244,native,43422405.86666667,
20677197,native,34157819.74468085,
20676986,native,27488296.163934425,
20675973,native,54029097.0989011,
20677994,native,39336281.28,
20677519,native,77790412.22413793,
20677478,native,51503830.04301076,
20677017,native,54881881.844444446,
20676728,native,51840521.08421053,
20675544,native,46112189.17699115,
20675509,native,23775243.023809522,
20679717,native,30875361.482352942,
20675416,native,65124992.55,
20678041,native,34268297.97350993,
20679752,native,37818899.307692304,
20677800,native,32883896.931034483,
20678257,native,30247903.056962024,
20675416,aot,67861632.74698795,gas-used mismatch for 0x2aa0a2815d59eaa957de6876f93e365849c40d230e9827aa4df2897252bb5429: expected 1612631 found 1610239
20679329,native,34999145.272,
20678405,aot,40650935.077586204,gas-used mismatch for 0x84be5ee91af382dfc63b1fddb3d3fb23837ee4090ee17db858ba872f39193bad: expected 275240 found 243079
20679166,native,56522592.69892473,
20679542,native,42045855.648,
20677760,native,53464725.85714286,
20677572,native,47725795.04504505,
20676542,native,51000771.20408163,
20676917,native,53983864.677083336,
20677603,native,61344778.36470588,
20675860,native,45883876.69444445,
20679549,native,43380047.70476191,
20679917,native,35899705.28104575,
20676129,aot,34282996.44055944,
20676880,aot,86214503.28571428,gas-used mismatch for 0xbaacfe6960743c85a4f1cc8ca04038673ff18c21a2155384074fafbd530b545f: expected 247912 found 208763
20676167,native,42153385.39130435,
20677854,native,37688583.80625,
20675792,native,74755429.59154929,
20677780,native,48014174.573913045,
20678417,native,32561388.567741934,
20677986,native,47003242.64814815,
20676611,native,32801864.328571428,
20679808,native,25878829.829787236,
20675604,native,35218518.5319149,
20677409,native,940020.8056042031,
20677420,native,46743227.92380952,
20679615,native,34115548.9862069,
20675809,native,88890265.33333333,
20677245,native,31023009.897435896,
20676647,native,38939187.8828125,
20678370,native,46421873.460869566,
20677667,native,41010574.808,
20676729,native,40042664.277777776,
20677198,native,49572104.44,
20677479,native,25717521.411111113,
20676987,native,47697491.20952381,
20675974,native,40722265.78448276,
20677995,native,22918534.130232558,
20675545,native,45456133.883495145,
20677018,native,48201095.30693069,
20675510,native,49953683.89795918,
20679718,native,33226539.356643356,
20677520,native,50839114.29245283,
20678042,native,38416283.24137931,
20675417,native,49564486.49,
20675417,aot,43920211.45544554,
20679753,native,38742813.4375,
20677801,native,46252175.220338985,
20679330,native,36878002.33834586,
20678258,native,62628611.31182796,
20679167,native,54081845.52272727,
20678406,aot,63525546.058823526,gas-used mismatch for 0x9a48bc4b470286a87979f8a6c122086a2da1874381ce489aa44ca6e9b8791504: expected 391640 found 95868
20677761,native,23931981.160194173,
20677573,native,52096716.05813953,
20679543,native,56327819.40625,
20679918,native,44105327.43396226,
20676543,native,33577415.416666664,
20676918,native,30379636.618181817,
20675861,native,39584226.216,
20675793,native,51850314.21686747,
20679550,native,34750734.074324325,
20677604,native,38196876.84246575,
20676168,native,42347124.77391304,
20676130,aot,41493157.92,
20677781,native,49555483.02,
20676881,aot,12748575.874092009,
20677855,native,89263591.30357143,
20678418,native,41341074.585365854,
20679809,native,33023423.454545453,
20675605,native,2315159.5413636365,
20677987,native,49832292.06930693,
20678371,native,45412542.24210526,
20677410,native,68566529.76923077,
20676612,native,42688977.09090909,
20676648,native,36793369.520325206,
20676730,native,34303897.473684214,
20675810,native,22495526.23478261,
20679616,native,42689915.96666667,
20676988,native,25769164.47643979,
20677996,native,54600866.5882353,
20677421,native,53281172.93396226,
20677668,native,50580527.138613865,
20675546,native,31573187.438709676,
20675975,native,44134896.47413793,
20677199,native,65294407.4109589,
20677480,native,47237306.06363636,
20675511,native,29681696.032051284,
20677246,native,86719004.03076923,
20677019,native,25039919.582159624,
20677521,native,31858605.25,
20679719,native,44252033.66949152,
20678043,native,32733471.16129032,
20675418,native,55378029.6626506,
20679331,native,48027636.625,
20679754,native,34984455.65068493,
20675418,aot,54055982.451612905,
20677802,native,51672895.30107527,
20678259,native,58107230.80681818,
20678407,aot,35960897.92366412,
20679168,native,44264739.9338843,
20677762,native,35669922.06,
20679544,native,43874879.234234236,
20677574,native,37251849.7443609,
20679919,native,29994001.53374233,
20676919,native,39568371.428571425,
20675862,native,53343332.875,
20676169,native,48215666.36734694,
20676544,native,59704927.04651163,
20675794,native,57627907.94318182,
20677782,native,38526252.792,
20677605,native,38155235.673758864,
20676131,aot,66180076.05,
20679551,native,39256632.461538464,
20676882,aot,54274490.284210525,
20679640,native,32132239.0,
20678419,native,54387164.61290322,
20675606,native,48739934.666666664,
20677856,native,46609350.652173914,
20679810,native,15058972.442196531,
20679617,native,33010178.29323308,
20678372,native,41817390.83471075,
20676613,native,40294733.056,
20675811,native,80682195.19642857,
20677411,native,67316035.5263158,
20676731,native,57123281.45555556,
20676649,native,37100197.45205479,
20677422,native,34559438.68115942,
20677200,native,37173622.11904762,
20677669,native,52209937.43333333,
20676989,native,55985433.97777778,
20677247,native,24232184.21989529,
20675547,native,32709559.2,
20677997,native,51150783.44761905,
20677481,native,28890078.460227273,
20675512,native,54261084.64444444,
20675976,native,39306092.872180454,
20677020,native,7225296.820445609,
20679332,native,22588949.960199006,
20677522,native,47720836.833333336,
20678044,native,59228624.30864198,
20675419,native,44310356.845454544,
20679720,native,48389982.41509434,
20675419,aot,50020876.89473684,gas-used mismatch for 0x70fe3839042f943ff92eeb4afed8b154e4004e6caa2e43a4a957143c8f8db72a: expected 297531 found 208601
20677803,native,6915639.597439545,
20679755,native,17406387.09032258,
20678260,native,45170300.25663717,
20679169,native,39992276.288135596,
20678408,aot,38457368.571428575,
20679545,native,40678961.45454545,
20677575,native,45701223.405172415,
20677763,native,27877904.738916256,
20679920,native,35826752.34751773,
20676920,native,41940048.51239669,
20675863,native,26822267.102702703,
20676170,native,19693338.87072243,
20676545,native,43259227.94067796,
20676132,aot,33463808.55862069,
20679552,native,37597784.42748091,
20677783,native,49437705.12962963,
20675795,native,30433590.150259066,
20677606,native,48154980.87962963,
20679641,native,27501383.178378377,
20676883,aot,41641535.64285714,
20675607,native,79695199.7586207,
20677857,native,42588331.75,
20678420,native,49441485.45714286,
20679618,native,41613617.144,
20675812,native,14437775.843304843,
20676990,native,29098623.35135135,
20678373,native,42550938.31666667,
20677201,native,44361551.41,
20676614,native,37027771.47101449,
20676732,native,31312041.942307692,
20677412,native,33817226.067567565,
20677670,native,32796092.51034483,
20679811,native,73172279.10526316,
20676650,native,43226711.49152543,
20677423,native,51051695.41836735,
20677482,native,33124537.735714287,
20675513,native,42884975.722222224,
20675548,native,20243670.564,
20677998,native,43025820.50442478,
20675977,native,66547081.820512824,
20677248,native,22481847.23828125,
20677523,native,56772675.30120482,
20679721,native,41707350.663636364,
20679333,native,49996695.84466019,
20675420,aot,70404587.31746031,
20678045,native,41031755.3203125,
20675420,native,71798540.67142858,
20677021,native,83558484.31666666,
20679756,native,44524646.50909091,
20677804,native,87822584.63793103,
20678261,native,39451706.08461539,
20679170,native,44371580.4368932,
20676991,native,51098484.63636363,
20678409,aot,53367840.62135922,gas-used mismatch for 0xfb8580ddf438e78cf5303ed720ba858d6c7108149bc054da7638d9966ef56cc1: expected 180228 found 80082
20677764,native,33328757.673202615,
20677576,native,48201366.58181818,
20679921,native,43434432.24793389,
20675864,native,26524162.663414635,
20676921,native,41949661.63076923,
20676546,native,38088298.8,
20676171,native,68884714.76,
20676133,aot,56316444.833333336,
20679553,native,36642804.19548872,
20677784,native,25254652.10447761,
20675550,native,3874865.6212238576,
20676884,aot,20419407.3201581,
20677607,native,32659211.625,
20679642,native,50765502.92079208,
20675608,native,56006409.244444445,
20677858,native,73605329.26470588,
20676733,native,31811677.24503311,
20678374,native,41667140.76521739,
20678421,native,27149279.740932643,
20679812,native,49524528.45454545,
20675890,native,47038000.39047619,
20675813,native,61207759.421686746,
20677999,native,35484617.797202796,
20677483,native,5249805.445783133,
20679619,native,62929908.3373494,
20677425,native,32667663.248,
20677202,native,24970609.83856502,
20675514,native,35610419.22463768,
20676615,native,50532790.574074075,
20676651,native,44018153.60169491,
20677424,native,51833936.97029703,
20677249,native,58737451.03296703,
20677038,native,38150626.172932334,
20675978,native,59923848.82716049,
20677524,native,36345580.27407408,
20675421,aot,59834047.28205128,
20675549,native,75026508.05263157,
20679722,native,36838903.666666664,
20679334,native,43904654.652173914,
20679757,native,48012374.53684211,
20677022,native,50866079.020833336,
20675421,native,61878011.95180723,
20678046,native,36633081.0794702,
20677805,native,22392789.67431193,
20679171,native,15445533.395770393,
20678262,native,57159203.94444445,
20676992,native,39469291.09375,
20678410,aot,61124280.961538464,
20676922,native,44691160.79120879,
20677577,native,31358724.8,
20677050,native,58961363.093023255,
20679922,native,37496627.1,
20675865,native,51456149.70408163,
20676547,native,34305761.61486486,
20676134,aot,55978624.07954545,gas-used mismatch for 0x8772049ba701de7b317b35490fe8979a46c43225ad8bf7af8f74780f9325cb26: expected 282545 found 153935
20679554,native,41917349.698275864,
20677785,native,52585592.030612245,
20677608,native,22294802.17647059,
20675551,native,79586807.50819673,
20676885,aot,57105055.5,
20675609,native,30840821.00613497,
20676734,native,39827904.967479676,
20677859,native,40408935.88,
20679643,native,49106451.76190476,
20676172,native,48919889.048,
20678069,native,23250585.611650486,
20678422,native,34030420.132450335,
20675891,native,62704997.975,
20675814,native,44494085.93693694,
20679569,native,58846065.87209302,
20679813,native,32718330.04347826,
20679620,native,45886582.52380952,
20679628,native,30571585.687116563,
20677882,native,48373445.8019802,
20677039,native,38968657.49166667,
20676652,native,56171422.52222222,
20676616,native,44536097.327586204,
20677426,native,27740415.81632653,
20675556,native,86952593.10714285,
20675913,native,67036723.6125,
20677044,native,69310457.37333333,
20677525,native,19070668.8,
20679218,native,43028812.567567565,
20675422,aot,43985621.00909091,
20675979,native,49386133.89814815,
20679723,native,26043982.075268816,
20679335,native,42451690.619469024,
20677023,native,43925455.56637168,
20679758,native,34499695.58169935,
20675422,native,40316472.666666664,
20677806,native,22258812.5520362,
20678047,native,27035163.48108108,
20678263,native,37340392.68965517,
20679172,native,56958312.51578947,
20678411,aot,54088655.479166664,gas-used mismatch for 0xbea3911f925b73b704e50d223f18e689a94ab96e70e59e5afc9c9b377e385c9a: expected 258140 found 243079
20676993,native,56537817.88118812,
20676923,native,42312534.18333333,
20676312,native,48664172.84158416,
20676548,native,28631006.03529412,
20677051,native,25866920.389908258,
20675866,native,28431853.71590909,
20677786,native,31692413.55944056,
20679923,native,39902601.27142857,
20679555,native,49903640.861386135,
20676135,aot,42954711.08264463,gas-used mismatch for 0x5235993be4083c663899c5e8b1ea8681e8d645d33f7a91beb129f9b190bde709: expected 207597 found 138336
20675552,native,51917603.145833336,
20679621,native,19277250.438914027,
20676886,aot,49622017.699029125,
20675610,native,29287070.016666666,
20677860,native,34710685.8630137,
20677609,native,74370437.40845071,
20676173,native,41934225.46341463,
20679644,native,37147392.25714286,
20679814,native,22229088.928888887,
20675815,native,24635030.102439024,
20676735,native,52405960.97,
20675892,native,49501153.67961165,
20679629,native,43035158.26271187,
20679570,native,30581265.49132948,
20677040,native,43335174.236363634,
20678423,native,70376841.62666667,
20677883,native,60459266.84337349,
20677427,native,56380100.51764706,
20678070,native,52243480.28828829,
20675557,native,50127365.81,
20675914,native,20399375.48559671,
20676653,native,61629480.5060241,
20676617,native,50271653.16504855,
20675423,aot,53973484.325581394,
20677045,native,60871395.01204819,
20679219,native,44362545.14159292,
20679724,native,26733810.10106383,
20679336,native,46203330.87962963,
20675980,native,58656775.5,
20677024,native,58438316.307692304,
20677526,native,54810023.53465346,
20679759,native,18694298.05639098,
20678048,native,36105574.162962966,
20675423,native,54202776.895833336,
20677807,native,86335128.03278689,
20678264,native,34567307.13235294,
20679173,native,14918342.570093459,
20676994,native,39860800.448275864,
20678412,aot,18401818.183150183,
20676313,native,36290413.87142857,
20676924,native,22004965.253061224,
20677787,native,50799007.28571428,
20679924,native,30275529.639240507,
20677052,native,51393963.346938774,
20676549,native,61521428.79069767,
20675867,native,75350309.43661971,
20676136,aot,40298710.65873016,
20679556,native,42917214.76033058,
20679622,native,64697314.12328767,
20675553,native,30011200.79411765,
20677861,native,40940381.69918699,
20675611,native,44566808.855932206,
20676887,aot,46960952.07826087,
20679645,native,65136670.026315786,
20679571,native,35910623.40601504,
20679815,native,51070014.702970296,
20676736,native,42840290.55,
20677610,native,46886083.104347825,
20675816,native,48803523.62962963,
20676174,native,52595381.0,
20679630,native,49762387.06,
20677884,native,19794267.268,
20677041,native,31721404.54601227,
20675893,native,43595255.9338843,
20676618,native,37868989.096,
20678424,native,50448001.4537037,
20676654,native,19960243.665384617,
20675424,aot,51555719.739583336,
20678071,native,31162645.132947978,
20675558,native,50782544.481132075,
20675915,native,58576588.17582417,
20679220,native,43980828.89090909,
20677428,native,33513322.50867052,
20677046,native,48026432.09259259,
20675981,native,22485023.404761903,
20677025,native,33349341.064285714,
20679337,native,39675311.1,
20677527,native,58137094.209876545,
20679760,native,54726773.64705882,
20679725,native,59188567.83529412,
20675424,native,49400873.47959184,
20677808,native,35000523.2109375,
20678049,native,37164055.64539007,
20678265,native,57445939.62962963,
20679174,native,45304687.80909091,
20676995,native,24213036.678899083,
20678413,aot,65218919.62650602,gas-used mismatch for 0x6920337e076a8224d61fe7ad8a6670f9b2a56dd1c233ee5e64c97105f8141be8: expected 567342 found 335244
20676314,native,46989444.291262135,
20677894,native,44076876.50495049,
20676925,native,37420603.3037037,
20677053,native,36475140.0390625,
20679925,native,53537161.416666664,
20679557,native,52260231.733333334,
20676137,aot,22126565.01287554,
20676550,native,49568934.84259259,
20675868,native,33423922.279503107,
20675554,native,49636407.99009901,
20679623,native,48809713.28703704,
20675612,native,26016162.535519127,
20676888,aot,34405732.2739726,
20676737,native,42166153.00862069,
20677611,native,37392950.5,
20677862,native,35590618.62091503,
20679816,native,29507468.90857143,
20676175,native,30896457.788819876,
20679646,native,40539014.1953125,
20677042,native,42795033.123893805,
20679572,native,48859312.59259259,
20676619,native,34322311.048275866,
20679631,native,43406203.76859504,
20675894,native,42194572.656,
20675425,aot,40607684.644067794,gas-used mismatch for 0x271be280e34dc140cb5b13dccbaaaaa4935a74bb8b2c0662688187e53a003aa2: expected 384777 found 95880
20677885,native,89005491.43636364,
20675817,native,40514244.80434783,
20678425,native,54990923.14444444,
20678072,native,30256272.67878788,
20677047,native,4838657.307086614,
20676655,native,72742733.79411764,
20675559,native,47126372.2735849,
20675916,native,39342406.3359375,
20679338,native,5022307.664285715,
20677026,native,43732217.00884956,
20677429,native,41323383.896,
20679761,native,32034019.41780822,
20679221,native,42826573.2421875,
20675982,native,67376954.34210527,
20677528,native,33854968.98734177,
20679726,native,32358858.59006211,
20677809,native,28913422.483333334,
20678050,native,46817716.75471698,
20675425,native,40917204.09774436,
20678266,native,43644550.30081301,
20679175,native,48533713.04854369,
20676996,native,68543866.65151516,
20678414,aot,41049859.380530976,gas-used mismatch for 0x5372f751098eef9603672ffcd582ada441431b8625b6212661efab25baec7a9f: expected 509843 found 95880
20676315,native,23206425.342592593,
20677895,native,60677793.13580247,
20679926,native,31333007.108695652,
20676926,native,47783656.88118812,
20677054,native,43832648.02542373,
20679558,native,44986148.41747573,
20675555,native,584000.6580317153,
20675869,native,49406927.71875,
20676138,aot,79512133.67692308,gas-used mismatch for 0x3f1862cdeb17d661dc4cfa578064df04615235f2c6e34dae377770fb97068922: expected 966765 found 154076
20676551,native,18784736.14716981,
20675613,native,42497299.236363634,
20676738,native,22488424.317948718,
20676176,native,23543170.07894737,
20679624,native,47344567.08108108,
20676889,aot,40600058.17886179,
20679573,native,30370664.589403972,
20677043,native,3853562.220030349,
20679817,native,19757105.88505747,
20677863,native,51227556.64356436,
20679647,native,36095407.88811189,
20677612,native,56024633.79,
20675426,aot,58233512.988235295,
20679632,native,40270108.5078125,
20678426,native,41539940.39130435,
20677886,native,45383329.154545456,
20675818,native,52799027.47311828,
20675895,native,44402598.53448276,
20676620,native,36436796.68493151,
20678073,native,34676775.4893617,
20677430,native,39860168.551724136,
20675560,native,39798726.30833333,
20677027,native,40648257.05932204,
20675917,native,29349429.829411764,
20676656,native,31195177.613496933,
20677048,native,58031301.38636363,
20679222,native,30975742.43125,
20679762,native,33881158.549019605,
20679339,native,41080463.19548872,
20677529,native,46945097.40776699,
20675983,native,53364422.885416664,
20679727,native,45986342.777777776,
20677810,native,34936867.020979024,
20675426,native,51970712.604395606,
20678051,native,46794533.81132075,
20678267,native,19770487.03846154,
20679176,native,15708700.35620915,
20678415,aot,42520315.03,
20676997,native,45820626.83471075,
20676316,native,63348261.225352116,
20677896,native,20961970.096330274,
20679927,native,24400584.65714286,
20676927,native,44287333.6460177,
20677055,native,62803484.90410959,
20679559,native,37749192.603053436,
20676552,native,61530559.7875,
20675614,native,49754599.39,
20677613,native,26807353.656565655,
20675870,native,32744375.25,
20676139,aot,37840119.01449275,
20676739,native,39979680.122137405,
20678081,native,46572194.92079208,
20677864,native,53523704.03488372,
20679574,native,38442364.79389313,
20679625,native,44531154.80869565,
20676890,aot,38432991.36029412,
20676177,native,76197848.33823529,
20679818,native,44047588.16216216,
20679648,native,44567854.556521736,
20675819,native,36222496.21014493,
20679563,native,41837489.56910569,
20679633,native,41990864.266666666,
20675427,aot,31852982.8,gas-used mismatch for 0x27f97c2879a5eca1888f357d081d60c41c51bc03fda1b0529da2031f3457b0b1: expected 285615 found 196657
20675896,native,37598919.441176474,
20678427,native,49785702.40952381,
20677887,native,44585087.73728813,
20675561,native,57717132.95348837,
20676657,native,31647812.5,
20677049,native,19303145.325581394,
20677028,native,48229491.80188679,
20677431,native,53012212.0,
20678074,native,71281776.04,
20679223,native,21280045.330508474,
20675918,native,54552609.322916664,
20679763,native,29239270.925714284,
20675984,native,19200866.21484375,
20676621,native,73551861.875,
20679340,native,82225443.76666667,
20679728,native,33080300.124183007,
20677530,native,72842385.68571429,
20678052,native,39371016.264,
20677811,native,39148176.66923077,
20675427,native,32237160.594444446,
20678268,native,32509984.74,
20678416,aot,39457599.144,
20676317,native,33288224.43478261,
20679177,native,49442426.49090909,
20676998,native,32629298.964285713,
20679928,native,19204156.643776823,
20677897,native,92602709.50909092,
20677056,native,36769059.14814815,
20676928,native,38967149.9929078,
20675871,native,45883405.92631579,
20679560,native,41426987.97777778,
20679819,native,25585542.99378882,
20675615,native,43641874.0,
20676140,aot,52743733.53465346,
20676553,native,57461975.87096774,
20677614,native,59714023.2,
20679626,native,55202528.22093023,
20676740,native,47476397.902654864,
20677865,native,16561978.525,
20678082,native,21958566.43902439,
20679649,native,22828541.00952381,
20676891,aot,16610215.981308412,
20679575,native,40424409.125,
20679634,native,26788216.132596686,
20676178,native,50164155.840707965,
20675428,aot,24755494.85714286,
20678075,native,35354751.676923074,
20678428,native,19231469.02281369,
20677432,native,26779643.35,
20677888,native,45900513.097345136,
20675897,native,41170190.13740458,
20676569,native,33745829.775,
20679564,native,31260061.47777778,
20676658,native,64441627.3625,
20677029,native,47174104.47826087,
20675985,native,36471872.134751774,
20675820,native,34938809.8972973,
20676622,native,38211992.503496505,
20676628,native,47487375.475,
20679341,native,4137351.67754173,
20679764,native,79134541.34848484,
20679729,native,32694031.833333332,
20676625,native,47778851.36521739,
20675919,native,42089106.466216214,
20679224,native,16112236.808933003,
20678053,native,73278556.72727273,
20679731,native,29106189.47643979,
20675428,native,25504185.0,
20678417,aot,34950974.431372546,
20676318,native,39267357.0,
20679178,native,49216213.6,
20676999,native,30042376.307228915,
20678269,native,78087048.38461539,
20679929,native,47602013.15315315,
20677898,native,69656296.65789473,
20677057,native,50494501.89,
20676929,native,25298047.32642487,
20679561,native,43958799.67619047,
20675872,native,41143119.584,
20675616,native,27305626.280898876,
20676554,native,41860731.10169491,
20679820,native,73856677.28767124,
20676141,aot,40972994.766917296,
20679627,native,61791169.072289154,
20677615,native,34272834.38125,
20676741,native,52485353.06,
20679650,native,35394974.468965515,
20677866,native,67783687.67105263,
20676179,native,57426269.5060241,
20679576,native,36818409.418439716,
20679635,native,39595540.28125,
20675429,aot,83626789.09836066,gas-used mismatch for 0xfe47a5c4deb97fcd34ce49c0c01e0cc66d92c3f8a0b672f99da5f0b990bfadce: expected 282533 found 153923
20677889,native,52900774.505494505,
20676659,native,19323527.61802575,
20675898,native,70098578.56923077,
20678076,native,50710232.94059406,
20678429,native,61313314.87951807,
20676892,aot,62701907.505494505,
20677433,native,37438742.54609929,
20678083,native,88289494.09230769,
20676570,native,40681159.06349207,
20679565,native,43496560.16949152,
20675986,native,55727097.77906977,
20676623,native,50698029.83516484,
20677030,native,26401403.565656565,
20675821,native,47790253.445544556,
20676629,native,45022221.61320755,
20679765,native,39134728.616,
20679342,native,60884630.88888889,
20676626,native,31757559.993464053,
20679730,native,40733736.52845529,
20679225,native,79812999.48214285,
20679732,native,65023829.35211267,
20678054,native,41826229.05691057,
20675920,native,44646349.91851852,
20678418,aot,40056155.52,gas-used mismatch for 0xc6d9072c39280476a233b8466b324bf09f9ced918f254886729c0c4828b3746d: expected 360127 found 317126
20675429,native,95447345.20634921,
20677000,native,54713755.72727273,
20679179,native,36652010.30496454,
20678270,native,33628553.951724134,
20676319,native,46169945.95488722,
20676930,native,60352941.97142857,
20677899,native,59149073.90123457,
20679930,native,38770388.27205882,
20679562,native,37412602.71666667,
20677058,native,41309282.39830509,
20675873,native,35945763.63829787,
20676742,native,42404006.96875,
20675617,native,33590160.24836601,
20676142,aot,45389492.32727273,gas-used mismatch for 0x87760f892eb4c244cb1f4b76df0787a038490e4fbb0649ee227d4ebe4ca55d06: expected 248243 found 53073
20676555,native,40652746.984615386,
20679821,native,29669260.77222222,
20676180,native,73575276.77049181,
20675901,native,47043642.42477876,
20677616,native,56464871.22580645,
20675430,aot,48869934.11827957,
20679651,native,27867889.21761658,
20678084,native,54383687.526315786,
20679636,native,49598357.27,
20677867,native,69136256.98666666,
20676660,native,50090397.385416664,
20679577,native,38709404.64492754,
20677890,native,15494857.86102719,
20676893,aot,31023790.0375,gas-used mismatch for 0x9ea4a1810f081d4e13920ac53fb33f199be4a2088ddeeb05f0d48defd85cff63: expected 209352 found 82074
20675899,native,53007430.58415841,
20677434,native,31234918.714285713,
20675822,native,36633798.71875,
20679566,native,44420946.50862069,
20678430,native,65656125.36470588,
20676630,native,20625762.049792532,
20676627,native,37785842.70689655,
20676624,native,41702134.47933884,
20678077,native,52972130.731481485,
20675987,native,92498829.54545455,
20679875,aot,36267327.8359375,
20677031,native,64940344.39506173,
20679766,native,58137561.77906977,
20676571,native,86367778.63636364,
20678055,native,31597032.37671233,
20679343,native,22627661.322033897,
20679733,native,27978193.967741936,
20679226,native,55360674.13265306,
20677001,native,40530143.458333336,
20675921,native,53807466.79518072,
20679180,native,43010679.132743366,
20678419,aot,54101842.425742574,
20678271,native,49217820.96116505,
20675430,native,49582597.78181818,
20676320,native,37009312.36296296,
20677900,native,38040644.984,
20676931,native,52372824.02105263,
20677059,native,31126044.183006536,
20679406,native,45334833.018867925,
20679931,native,36619158.53571428,
20675874,native,52044028.376344085,
20675618,native,42869004.08490566,
20676143,aot,25850619.01081081,
20676743,native,46004757.32743363,
20679822,native,38803560.90243903,
20676181,native,36795397.968,
20676556,native,55533110.87096774,
20678085,native,40730620.49557522,
20675431,aot,30452057.20886076,
20677891,native,36608626.772357725,
20679652,native,40034708.08730159,
20677617,native,33892884.64,
20679637,native,46251978.8490566,
20675902,native,54590717.3367347,
20676894,aot,32707307.277027026,
20675900,native,27353655.134502925,
20679578,native,45589923.17117117,
20679581,native,42594533.481818184,
20679876,aot,53857136.24691358,
20676661,native,75529867.68,
20678078,native,34982902.80141844,
20679567,native,42092585.38211382,
20678431,native,68551288.4520548,
20677868,native,78846479.5263158,
20677435,native,49809707.531531535,
20677003,native,48634895.60185185,
20675988,native,43083606.887931034,
20675823,native,57376765.2631579,
20676631,native,68565149.48684211,
20679344,native,85257890.11764705,
20676572,native,44633158.93913043,
20678056,native,39752751.912,
20677032,native,48194702.768518515,
20675750,aot,21177316.533898305,
20679767,native,40837358.366412215,
20679227,native,53032692.52688172,
20677002,native,28859331.152046785,
20675922,native,48074494.99090909,
20678420,aot,51334180.65909091,gas-used mismatch for 0xcda99e125637c2ba7f741603702b191c1a787b06a86c5cc3807dbdc4b5281cd7: expected 236716 found 44630
20679181,native,49200144.6,
20676321,native,45928015.41584159,
20678272,native,33603549.5,
20675431,native,30376693.327777777,
20679932,native,36579393.33050848,
20677901,native,58219038.22093023,
20679407,native,32147293.346153848,
20677060,native,40135569.359375,
20676932,native,46905208.14414415,
20675875,native,16200105.85,
20675619,native,71760443.80327868,
20676744,native,33297751.0,
20679823,native,36484763.625954196,
20676144,aot,56577024.61627907,
20676557,native,40305549.93333333,
20678086,native,40042866.29752066,
20677892,native,39279976.24347826,
20676182,native,75765919.42424242,
20679579,native,29894113.47826087,
20679653,native,29017537.271676302,
20679638,native,33188236.70945946,
20676895,aot,45021608.52727272,
20675432,aot,85981342.42857143,gas-used mismatch for 0xaeddb9439ad23b1866f2358439610c69ddadaeff84025707e595b7f1d1ec2fef: expected 282521 found 153911
20677618,native,40717428.9,
20675903,native,48419489.17391305,
20675562,aot,18926072.46551724,
20675989,native,55559724.209876545,
20679877,aot,61966988.925925925,gas-used mismatch for 0xb959ac532d29fb6ff86e1a4e48604a47bc62ce5a5df482f91616c269e5dc5cff: expected 186128 found 81810
20676662,native,45323116.554545455,
20679582,native,48241359.40952381,
20678079,native,30618291.11180124,
20675824,native,43453031.60185185,
20679568,native,23166612.27149321,
20677869,native,41802860.6779661,
20678432,native,32881743.993589744,
20677436,native,44685365.10619469,
20677004,native,46010310.87037037,
20677033,native,49398883.989473686,
20679345,native,37524612.84210526,
20675751,aot,4225401.649210308,
20679768,native,25920085.39896373,
20676573,native,55546238.389473684,
20678057,native,66463197.84615385,
20679228,native,41307435.60330579,
20676632,native,94649550.70491803,
20677619,native,52030763.324074075,
20678421,aot,25973786.94949495,
20679182,native,29773019.387878787,
20675923,native,39589745.74666667,
20678273,native,59570336.2962963,
20676322,native,45509046.41739131,
20675432,native,76154815.55384615,
20679933,native,35074306.12837838,
20676933,native,41319412.061946906,
20679408,native,63914858.6875,
20677902,native,72572292.67605634,
20677061,native,42998444.73846154,
20675620,native,25514450.160194173,
20675876,native,74176336.8,
20676745,native,54465248.35164835,
20676183,native,5637911.974106042,
20676558,native,46599628.89,
20678087,native,24940184.18877551,
20679824,native,57139348.222222224,
20676145,aot,16407906.644776119,
20679580,native,35771334.52857143,
20677893,native,84215115.05357143,
20679654,native,30484389.818181816,
20679639,native,29231121.35882353,
20676896,aot,36179036.29323308,gas-used mismatch for 0xc3cd6a689fb79ed82ec0aee3b9c265bd5bb6214785470b5169578f16e0fe7d4f: expected 277721 found 153911
20675990,native,52795401.07692308,
20675433,aot,41131100.3495935,gas-used mismatch for 0xe1679faf32f1205db1fd5356529c9043acd835393c7b06c4c487e5ca8c18255b: expected 2923680 found 1279505
20677870,native,34894930.38095238,
20675563,aot,45215744.018181816,gas-used mismatch for 0x5b3768edc9f0da99cfbdb489fefd72161c31547ef3b8ab880abb8a35a1e42f04: expected 297982 found 208742
20676500,aot,4357094.705007825,
20675904,native,57413136.1627907,
20679878,aot,23383612.625,
20679583,native,37914782.56349207,
20678433,native,46606066.48514851,
20678080,native,47317513.36792453,
20676663,native,40674054.538461536,
20675825,native,37312408.70714286,
20679769,native,45061511.77586207,
20677005,native,43294493.65853658,
20676312,aot,56308658.06315789,
20677034,native,53757185.166666664,
20678058,native,44625454.38095238,
20675468,aot,47843934.71296296,
20676574,native,32396092.708074532,
20679229,native,24904577.18095238,
20676633,native,46264448.24271844,
20675752,aot,89643706.09836066,gas-used mismatch for 0x29be3958596c2e6eafba134ff97061e1f12e73fa0217faff0baf1425dba22492: expected 1167847 found 864775
20679346,native,68609469.63953489,
20678422,aot,33746989.782608695,
20677620,native,45442515.475,
20679183,native,46024776.51485149,
20675924,native,59356907.894117646,
20678274,native,61714878.913580246,
20676934,native,35970038.46031746,
20679934,native,33283443.129032258,
20676323,native,23558492.275,
20675433,native,50056295.33009709,
20679409,native,41015826.686956525,
20675515,aot,4437892.37978142,
20675621,native,35008589.20300752,
20677903,native,57674590.722222224,
20676746,native,39408803.48275862,
20675877,native,44052896.867256634,
20676559,native,40340299.84297521,
20676184,native,80476634.36923076,
20679775,native,52693351.11111111,
20678088,native,41763837.664,
20679655,native,26589327.923497267,
20679825,native,14788206.033766234,
20676634,native,25943337.75862069,
20679453,native,40617419.496,
20676897,aot,58387221.6626506,
20675434,aot,34457615.007246375,
20676146,aot,59413563.615384616,
20675905,native,38192421.36363637,
20675564,aot,42232870.32173913,
20676664,native,12014569.333333334,
20675991,native,61328271.94318182,
20677035,native,38889980.16190476,
20677871,native,23918043.88157895,
20679584,native,39483604.31538462,
20678434,native,32996796.475,
20679879,aot,45940411.094827585,
20678275,native,21482429.532,
20676501,aot,72583745.93421052,
20678059,native,28578290.333333332,
20676313,aot,33601936.67549669,
20677006,native,34174237.62745098,
20679770,native,63126043.61176471,
20675826,native,45655695.35714286,
20675469,aot,50224887.97142857,
20676575,native,44804000.46902655,
20676218,native,21847932.061728396,
20679230,native,48031124.833333336,
20679347,native,51565304.15533981,
20675753,aot,54250276.55,
20679184,native,41235537.98373984,
20678423,aot,73178522.39473684,
20677621,native,36778758.972972974,
20675925,native,28152372.36170213,
20678090,native,47632028.518518515,
20679410,native,26688764.194117647,
20676935,native,61532450.02272727,
20675434,native,36347304.81118881,
20677904,native,23826764.38172043,
20679935,native,46809952.86956522,
20676324,native,55843449.97849462,
20675622,native,54847514.23255814,
20675516,aot,77142785.9090909,gas-used mismatch for 0x523925afb160341929b4b0df1f53bc8f5769b77b22ee232bf5d5c7f5c9d57798: expected 313107 found 254580
20676747,native,58735013.81818182,
20675878,native,38065764.969924815,
20679656,native,42889920.3655914,
20678089,native,33813598.358778626,
20679776,native,33774939.90070922,
20676185,native,53811224.483516484,
20676635,native,39602764.252173916,
20679454,native,29706415.66451613,
20676898,aot,28394374.957575757,gas-used mismatch for 0x2fc8e98d7071b66920d656c42c2b80f47e11d647543312cd64e592f7f806d3b9: expected 282533 found 153923
20676560,native,49301515.27027027,
20679826,native,56363902.97674418,
20676147,aot,62043738.84615385,gas-used mismatch for 0xf4a72d14e121ed554a24f30db2ad3f23096b3c27835f6a73f48f98e2d53ebfad: expected 278959 found 245723
20675906,native,22477616.156398103,
20675435,aot,49034901.14,
20675992,native,15623742.681063123,
20675565,aot,38991568.7578125,
20676665,native,46636983.54716981,
20677036,native,34243218.39310345,
20679880,aot,39809731.916666664,
20679585,native,46315478.60185185,
20679771,native,25376571.192982458,
20677872,native,75269778.31428571,
20676314,aot,48069698.59405941,
20679231,native,39679958.25471698,
20678435,native,43601696.50769231,
20678276,native,62688810.5882353,
20679348,native,24054101.325714286,
20677007,native,50255197.51485149,
20676502,aot,49730584.7,gas-used mismatch for 0x85997c86c0585ce5370edfc186fd8230657ee656fa449523199fc7f1e9b8af72: expected 333405 found 195775
20678060,native,20304318.841328412,
20675470,aot,57060490.26744186,
20675827,native,66558655.24691358,
20676576,native,38889108.23529412,
20676219,native,61137421.98765432,
20675754,aot,35196704.81333333,gas-used mismatch for 0x9e56362dd561b2f111f1436fe85e1d7953aba72d213273f1c81130581a138460: expected 358715 found 204713
20678091,native,47407438.41935484,
20679185,native,46989870.92173913,
20677622,native,36852084.02857143,
20678424,aot,48567521.74074074,
20675926,native,42855069.1637931,
20679411,native,43480514.23140496,
20676936,native,47274758.51,
20676325,native,73514476.76923077,
20675623,native,41677536.30081301,
20675435,native,50217540.37142857,
20679936,native,43879472.45,
20677905,native,63692927.57647059,
20675517,aot,37881885.06164384,
20676748,native,29486455.198863637,
20675879,native,35307148.95890411,
20679657,native,28588359.33714286,
20675436,aot,20847424.104972377,
20679777,native,15983269.856666667,
20679455,native,7141872.734789392,
20675884,native,32346312.7625,
20676561,native,36256719.91538461,
20679827,native,40590235.27027027,
20676636,native,47654532.91262136,
20676186,native,44808502.20720721,
20676899,aot,42345326.47107438,gas-used mismatch for 0xd0ba7e3b34e4f4dc54e4f66de63e7207970437bcda2f6dc10b0268c5d824eac4: expected 182830 found 157089
20676148,aot,32305924.647058822,
20679772,native,40710416.4,
20675907,native,51971431.5,
20679881,aot,40514849.5,gas-used mismatch for 0xc296c9cba69cd64514a07a5b7d31e01772809a24cdb4ec984c1266a9a0f3f2da: expected 360115 found 317114
20675566,aot,62931180.75,
20677037,native,51947258.04444444,
20675993,native,53732910.06,
20679586,native,34820792.45454545,
20676666,native,85387845.14285715,
20678436,native,35870328.875,
20677873,native,61025227.04819277,
20678277,native,23302466.23809524,
20676315,aot,26028011.76119403,
20675471,aot,35034567.323308274,
20678061,native,65135891.05479452,
20675828,native,13934266.586206896,
20677008,native,42119909.368,
20679232,native,41213935.666666664,
20676503,aot,42612987.064,
20676220,native,52801431.70930233,
20676577,native,52801862.06451613,
20679349,native,27221476.227906976,
20675755,aot,38207307.70769231,
20677623,native,19306632.48051948,
20676937,native,46587054.98795181,
20678092,native,32297923.4875,
20678425,aot,55783471.92307692,gas-used mismatch for 0x476588722deb78586580e3430855b029649fe1f2430c5139f38a35f3a292945e: expected 405965 found 222282
20679186,native,49467673.37623762,
20679412,native,27495026.983333334,
20676326,native,30275501.544303797,
20675927,native,48245488.72413793,
20675436,native,25647568.235897437,
20675831,native,51306095.104166664,
20679937,native,29664041.48108108,
20675624,native,48163832.56896552,
20675880,native,59986920.96052632,
20679778,native,64791609.60606061,
20675518,aot,46440907.09166667,gas-used mismatch for 0x29907eec0e12d2c058281e8e23a86426909fee4d9422868117995b0882f4987a: expected 248329 found 53181
20679658,native,13801794.32368421,
20676749,native,47649651.51304348,
20676900,aot,29670033.60958904,
20675885,native,81225202.01666667,
20679828,native,38059726.00769231,
20676637,native,47426849.64356436,
20676187,native,54132207.90909091,
20675437,aot,46244309.18181818,gas-used mismatch for 0x9402944cf0939842a15e957a6c75f36f56f877e0b7decf5fed8c305345c77963: expected 366788 found 98969
20679456,native,79465197.41269842,
20676149,aot,34880736.441176474,
20676562,native,33344428.9689441,
20675567,aot,27163351.695906434,
20675908,native,6229748.232258065,
20679773,native,34775756.92907801,
20679882,aot,30206988.89285714,
20675887,native,48251778.056603774,
20675994,native,70250340.2,
20676667,native,42670629.24778761,
20678062,native,29756538.08088235,
20678437,native,55491833.4939759,
20679587,native,57589649.10843374,
20676316,aot,61484726.71052632,gas-used mismatch for 0x92cc61de4dfd6426d52b8a3c0c41a97c462b5d0732552437da8b59f6b4c4d822: expected 282545 found 153935
20678278,native,62328427.078947365,
20679233,native,31359080.526666667,
20675472,aot,42839465.253968254,gas-used mismatch for 0xb1c7869dc56e4d7bd7208e93e53d143dd6eeb8e4e59e1f6f568cfca0c881ef38: expected 282545 found 153935
20675829,native,15991619.3374613,
20676221,native,30329721.145454545,
20677874,native,77220488.35211268,
20676504,aot,49208146.44,
20677009,native,52529677.32653061,
20679350,native,63399202.115384616,
20677624,native,65475476.48529412,
20676578,native,27566068.94883721,
20675756,aot,22304307.179166667,
20676938,native,21978807.04385965,
20678426,aot,44917781.3490566,gas-used mismatch for 0xef9da9d8af6c6b1ccb92000cebfa8a777928b7a8c0fbbbc2801a6ebc469671de: expected 409357 found 363232
20675837,native,49509304.81415929,
20679187,native,25970553.84236453,
20675625,native,32055684.075,
20679413,native,35118849.34931507,
20675437,native,47805107.24210526,
20675928,native,72573125.07575758,
20676327,native,46946848.008,
20675832,native,14771379.671232877,
20679938,native,45414011.89830509,
20675881,native,71603883.44615385,
20679779,native,30960126.31547619,
20676901,aot,56145970.29069767,
20676750,native,37070273.37777778,
20675886,native,31393364.60784314,
20676150,aot,28511185.0875,
20679659,native,40079613.06015038,
20675519,aot,44932958.81300813,gas-used mismatch for 0x89bc42646a7f7db77c1eeb0cbbbee8f27e6af32e5b15e481579cd1b55a1cb551: expected 277709 found 153899
20679457,native,69193389.18571429,
20679829,native,43493283.89830509,
20676638,native,47649172.43636364,
20676563,native,56490476.44318182,
20676188,native,41645861.67175572,
20675438,aot,46952614.891666666,gas-used mismatch for 0x31eb52d211dcf16a1b209929bc66b813fd519871d66360b6d8cfeaabb756e640: expected 1856471 found 1900220
20679883,aot,29787274.86875,
20675888,native,41850477.657142855,
20675568,aot,67776254.26666667,
20679774,native,35646058.873333335,
20675909,native,77974628.77777778,
20675995,native,32991592.875,
20676668,native,41650726.25862069,
20678438,native,45340559.300884955,
20678063,native,51972958.554455444,
20676317,aot,32437121.73548387,
20675473,aot,32072475.44680851,
20679588,native,81853573.04411764,
20675830,native,64995479.64285714,
20677875,native,19997019.283950616,
20676222,native,30320814.331288345,
20679234,native,45723083.2,
20677010,native,19091332.325490195,
20678279,native,50706581.71296296,
20676939,native,15237344.226666667,
20675931,native,43028464.50442478,
20676505,aot,45621209.3015873,
20675757,aot,56640006.60227273,gas-used mismatch for 0x89fd85af4c694434bb4754631617dbf08f423a64f93f77e1c0f24bc6fc6432e3: expected 307851 found 85117
20679351,native,45688230.104,
20676579,native,55586663.89473684,
20678427,aot,51605299.85148515,
20675838,native,37371939.992,
20679188,native,52130013.524752475,
20679414,native,49408980.81904762,
20675626,native,51826967.20792079,
20675438,native,46338458.123893805,
20675929,native,34920623.10759494,
20675833,native,56287187.77906977,
20676328,native,30527796.56451613,
20679939,native,41860569.015873015,
20675882,native,52120564.78571428,
20679780,native,62350693.65,
20679830,native,46924741.5,
20676151,aot,36433063.95488722,gas-used mismatch for 0xb3f2fdca626a0fb9b8c02dc9a7f8d3934b0d08cdb9ae77be4938a9866fbb57a4: expected 248389 found 209785
20679660,native,41344994.78448276,
20675520,aot,43492205.387931034,gas-used mismatch for 0x125e06f7e3a544183d4a92684d0df38a05517fb9f958400414ef57ad13cceebb: expected 418513 found 164185
20676751,native,55342746.88421053,
20679884,aot,38970179.9537037,
20676902,aot,38275048.50344828,
20679458,native,45742558.59259259,
20676189,native,41073461.13559322,
20675889,native,33903563.782608695,
20675996,native,53852336.2375,
20676566,native,36965114.496,
20676564,native,45952520.26956522,
20676639,native,63810061.34117647,
20675840,native,69499260.45348836,
20675569,aot,23613457.90952381,
20675439,aot,48087955.74336283,
20675910,native,54075201.817204304,
20678439,native,19233622.118773945,
20678064,native,50270537.663157895,
20679235,native,54696044.320512824,
20676669,native,43188785.59541985,
20676318,aot,38126228.07971015,
20676223,native,24406199.31632653,
20677876,native,63554025.868421055,
20678280,native,53780023.375,
20675474,aot,41231981.17037037,
20679476,native,52650451.10204082,
20677011,native,70889902.26760563,
20679589,native,49778382.41818182,
20676506,aot,27896224.232954547,gas-used mismatch for 0xb2e8fe39fffef6002680356ff03895f89e741faa3533b7eb25b3d67d45aa4008: expected 398074 found 325668
20675932,native,20282939.13944223,
20676940,native,99855485.25490196,
20678428,aot,19029009.024,
20675758,aot,70112889.78205128,gas-used mismatch for 0x032943c0051ac00662a548e57aacbf4ee393ee21faeb322a7751e2d5d2aa77c0: expected 360091 found 317090
20679352,native,42269930.353846155,
20675839,native,4590326.048085486,
20676580,native,44099139.76422764,
20679189,native,39241904.92063492,
20675627,native,42467958.31355932,
20679415,native,7267800.446280992,
20675439,native,48663667.66981132,
20675930,native,35417287.657142855,
20676329,native,47204826.23,
20676752,native,34351023.6484375,
20679831,native,72742426.83823529,
20675834,native,34719648.11515152,
20679940,native,23633415.656521738,
20675883,native,48206336.594339624,
20679661,native,14540347.286956523,
20675521,aot,49003946.495145634,gas-used mismatch for 0x1feb62d90bcc29ceb53a88771edab59b2188f60b81cfccdd53335f76151d3387: expected 159207 found 80057
20679885,aot,24030872.273170732,
20679459,native,38376006.396825396,
20676152,aot,56694650.31632653,
20676190,native,34080315.06849315,
20675997,native,59529376.42307692,
20679359,native,36024761.475903615,
20676903,aot,45885891.6097561,
20676565,native,27296302.860215053,
20675911,native,37493625.48854962,
20680625,native,22234856.93360996,
20675440,aot,42687222.983333334,
20675570,aot,35805594.64864865,
20676567,native,78721978.02816902,
20675842,native,49495458.96296296,
20675841,native,61652776.89473684,
20679236,native,31423087.8013245,
20678440,native,83866212.28333333,
20676670,native,49335077.03125,
20678065,native,44668052.45689655,
20675475,aot,43619144.116504855,gas-used mismatch for 0x76f6cf71af09da7cabc919a2551e197d4ab00fe8df4c45dd4d442d04a7666b04: expected 391182 found 95880
20679477,native,33000673.55862069,
20677012,native,36484719.890625,
20676319,aot,48614080.018018015,
20676224,native,50984669.93396226,
20677877,native,68070619.1375,
20675937,aot,49474903.172413796,
20679590,native,51141099.24489796,
20676507,aot,38174492.847328246,gas-used mismatch for 0x57c9de0fd1bb066cd0ba5e30d856a91c31ca4bea52c6ce24c87a540f9bd19918: expected 296485 found 231718
20676941,native,50165042.16470588,
20675933,native,69561658.07142857,
20675632,native,36903722.79338843,
20678429,aot,61171358.23076923,gas-used mismatch for 0x9d8b9521c7a371a5698b2841a74e6c9d0f1979033f72793de20fdea1e9f6ef7c: expected 375049 found 318854
20675759,aot,36678892.10526316,
20679353,native,36463124.022556394,
20676581,native,41946488.25384615,
20675628,native,21462432.613333333,
20679190,native,54215037.15789474,
20676406,native,65008922.10526316,
20679416,native,63495505.5875,
20675440,native,45136367.06034483,
20679832,native,41492811.76415094,
20676753,native,15631674.244444445,
20676330,native,49431403.26724138,
20679941,native,41863622.19834711,
20675522,aot,30875824.683229815,
20675835,native,42492484.512195125,
20679460,native,34758665.134751774,
20676031,aot,46011618.5,
20676153,aot,32994674.477124184,
20679886,aot,40741089.729323305,
20679662,native,79910550.45714286,
20675998,native,48224064.571428575,
20679360,native,42371897.52066116,
20676904,aot,29441963.939393938,
20676191,native,60424165.1627907,
20675912,native,37027076.72592592,
20680626,native,63358593.0625,
20675571,aot,49818891.94,
20675836,native,51496581.495238096,
20677013,native,43568228.0776699,
20676568,native,49463140.2631579,
20677625,aot,14502894.235119049,
20675441,aot,29902798.44827586,
20676671,native,45269595.31132075,
20675476,aot,28612168.36746988,
20679237,native,29148100.616216216,
20678066,native,61299300.21686747,
20678441,native,66218656.58024691,
20676225,native,48184312.739583336,
20679478,native,42896919.07438017,
20676320,aot,38107885.64885496,
20677878,native,31620334.993377484,
20675984,aot,21089638.325925928,
20675938,aot,34824277.762237765,
20679591,native,37081840.88721804,
20676508,aot,48374548.39805825,
20676942,native,40769360.95419847,
20675760,aot,37081157.84166667,
20679354,native,17735781.363636363,
20675934,native,20490957.533834588,
20675633,native,44243336.17391305,
20678430,aot,66064966.48192771,gas-used mismatch for 0xad3b576f25b7c32b5bfbbe3151fe0531f8b439345bfd5d14a115bf9bdc347be0: expected 248329 found 53181
20676582,native,24683207.72195122,
20675629,native,54099850.48888889,
20679191,native,34409864.22142857,
20675441,native,27478759.21142857,
20676407,native,41210689.288,
20679417,native,49912311.62037037,
20679833,native,40414257.389312975,
20676331,native,61098397.934210524,
20679942,native,48926454.97,
20678000,aot,42371985.75833333,gas-used mismatch for 0xcbbbdb55b8353ac593edc1eff89e36fe18de3a2cf9e5698851ded7a7d502c37e: expected 248252 found 53085
20675523,aot,54946415.89010989,
20676754,native,54724878.3,
20676192,native,51623504.0125,
20679461,native,48318026.481132075,
20679887,aot,32799885.63576159,
20676032,aot,60602531.45882353,gas-used mismatch for 0xc6ee4b965fa80e0dd1f6d649ae2f554f2c687ab0c7d679519c45b8a04d94b18a: expected 298004 found 232280
20676905,aot,51741077.62222222,
20679663,native,29664472.52631579,
20676154,aot,57780340.45054945,gas-used mismatch for 0x4d836764b9ae11e46c42764082c355730a34245e5680fa9968c8eccb5a40c4aa: expected 986129 found 297960
20675999,native,28867509.960674156,
20679125,aot,36810738.83969466,
20679429,native,30433622.926136363,
20675572,aot,43347440.381355934,gas-used mismatch for 0x32462c41c6e0165beaf04f2ddbe76b53d7547828465525491b308b870f26e56d: expected 312463 found 239067
20679361,native,56225478.84466019,
20677014,native,30442920.411764707,
20680627,native,52981008.26213592,
20677626,aot,68486937.97333333,
20679441,native,49404241.18584071,
20675442,aot,60813265.2,gas-used mismatch for 0x6f0c82be8d5d3356f7e765787cd9cb51844cd758a93814f85b4f28996b3dbd73: expected 286858 found 92679
20675477,aot,23592612.1314554,
20678442,native,49900175.28571428,
20676672,native,44241533.860869564,
20679238,native,19940288.4453125,
20678067,native,41332732.63333333,
20679479,native,40451498.05405405,
20676321,aot,45284010.68,gas-used mismatch for 0x3ddf5791604eae489b6be37f78da4e7503f82490344c35405d973fb82a5ec404: expected 311826 found 275083
20679592,native,35937233.040650405,
20676226,native,41073203.304,
20677879,native,46887666.06481481,
20675939,aot,35595418.38235294,
20675985,aot,40370917.856,
20676943,native,45403198.58,
20676509,aot,47888064.72815534,
20675634,native,33049169.702290077,
20675761,aot,50952230.305263154,
20679355,native,66473378.97333334,
20675935,native,80341489.26984127,
20678431,aot,65024120.80821918,
20679192,native,28995498.60130719,
20676583,native,88378919.33962265,
20675630,native,31825203.12121212,
20675442,native,62889772.011627905,
20676408,native,22585786.813559324,
20679418,native,32763641.306748465,gas-used mismatch for 0xc6c4545be319dd25278f70b0a4591e24b7dd58d5afa278e06c53e476e2d15a87: expected 127917 found 56972
20679834,native,42448887.69444445,
20676332,native,42328257.93965517,
20676755,native,52326476.20879121,
20676193,native,54562993.44186047,
20679462,native,38218334.11904762,
20675524,aot,23852714.20888889,gas-used mismatch for 0x1e5f4d6bbb4dfcb0dd461f52a8a972fa9e636661bcfe784f24a34ae8f96cf53d: expected 248320 found 53169
20679943,native,53031118.16,
20679888,aot,24527791.466019418,
20676155,aot,40128650.16101695,
20678001,aot,44826319.87603306,
20676906,aot,50894014.479166664,
20676033,aot,48388803.19811321,
20679362,native,36872763.55371901,
20676000,native,59132314.44318182,
20679664,native,36307535.34640523,
20680628,native,20046715.586666666,
20675573,aot,14498956.755223881,
20679430,native,32475160.1625,
20679126,aot,32048978.75301205,gas-used mismatch for 0xb4bb859b353306e6af74c8f1288ff8588a5bac8e9957c037f77353f0902800ba: expected 223984 found 144559
20676194,native,49868357.389473684,
20677627,aot,43013219.172413796,
20676673,native,52913319.375,
20679239,native,54260798.21111111,
20679442,native,42526453.618320614,
20675443,aot,56572134.631578945,
20678068,native,46379173.54954955,
20679480,native,40027522.2,
20676227,native,30039607.39873418,
20678443,native,48127115.52586207,
20675936,native,58477551.925925925,
20677880,native,51720662.80681818,
20675478,aot,36076003.50909091,
20676322,aot,49148757.52586207,
20676944,native,28651859.09090909,
20675986,aot,52717311.93406593,
20676510,aot,39098857.90909091,
20675635,native,58579635.25,
20675762,aot,41195497.050847456,gas-used mismatch for 0x495e35749732411029fa258739b45e3ff1613bf2b811bf6d6136d5b0af52fac8: expected 1173908 found 636899
20675940,aot,38773365.62745098,
20678432,aot,33226359.406666666,
20679356,native,52222885.641509436,
20680625,aot,19848616.38909091,gas-used mismatch for 0x1326f3ef8c523d314eff02881f1f9d48bd7345b9266917440c5f43236f545844: expected 461651 found 95904
20676584,native,36036419.015037596,
20679193,native,54920799.50537635,
20679835,native,35723326.83739837,
20675443,native,49346365.510204084,
20675631,native,58698499.020833336,
20676409,native,77692542.1111111,
20676333,native,43268862.21238938,
20679419,native,35036689.64189189,
20675525,aot,40604236.45689655,gas-used mismatch for 0xada620f72832374ab1a989bd2aaa24e5fe455c9be8ffd6bc190c67620cf3464b: expected 263224 found 196669
20679382,native,50709350.66,
20676756,native,37893418.56737588,
20679944,native,37980142.78947368,
20679463,native,45820656.415254235,
20676156,aot,24533149.34741784,
20678002,aot,36136732.131034486,gas-used mismatch for 0xebe43d481aa0277e880ac45c554d46503a78f3e0e991ea745545d1af80d1468b: expected 236448 found 54992
20676034,aot,41076642.032,
20679889,aot,39703848.375,
20676907,aot,17546788.75399361,
20676001,native,60464598.3,
20679431,native,62324489.16,
20675574,aot,60149129.375,gas-used mismatch for 0x9c393b3c285d422a2a50174c202eb963c77d28d00d7ecad7c9a8c26b7d34832c: expected 303153 found 211324
20679665,native,29279520.52972973,
20679363,native,50789462.47169811,
20676195,native,47290023.63809524,
20679127,aot,15865253.384384384,
20680629,native,59703614.483516484,
20679240,native,17103698.98251748,
20676228,native,24855929.67539267,
20676674,native,3271339.3543209876,
20677628,aot,51160750.43636364,
20675444,aot,36497491.72727273,
20676265,native,57492340.78021978,
20676078,aot,73695029.02941176,gas-used mismatch for 0x0f847312fc72381aa80f15284332e1320b9bdf9ecc8d53127a44eda17e547efe: expected 277721 found 153911
20675479,aot,78052836.43103448,
20678444,native,47703212.87962963,
20676511,aot,21332899.63157895,gas-used mismatch for 0xad39587eb5aeead0722de885d8bc05984f0d406b28304b2e625593ac19cc7315: expected 566495 found 368803
20679443,native,55344869.524271846,
20677881,native,55367514.042105265,
20676323,aot,21836547.50207469,
20679481,native,58973925.82105263,
20675763,aot,35934826.79259259,gas-used mismatch for 0x59270f821132a0a44c1092e5d9cf09302d05cb617bc813947c0946b6fe384132: expected 302505 found 234328
20675636,native,29539457.75144509,
20675941,aot,30842141.134615384,
20675987,aot,89245745.3015873,gas-used mismatch for 0xc7f93e2cde69947def6611fbb0ae7e6bd641e9c4e48afa2bf22cc85d31269363: expected 298323 found 232280
20676945,native,55520420.98058253,
20678433,aot,45090298.25454546,
20679357,native,36746429.1328125,
20676585,native,44422204.18518519,
20679194,native,41990152.336283185,
20680626,aot,61553998.75294118,
20679836,native,40720854.61666667,
20675444,native,35987054.625,
20676410,native,38231557.384615384,
20679420,native,50880742.61290322,
20676241,native,56384064.91578947,
20676334,native,35220405.5,
20675526,aot,39856652.808,
20679945,native,23014507.582222223,
20676757,native,63992629.1375,
20679383,native,54837352.75,
20679464,native,37777154.20740741,
20676157,aot,31252168.375757575,gas-used mismatch for 0x88f5e9d7739ba5a8f54bdf722f482d46ea6f2bfd025c67983d936d09341830c3: expected 507757 found 95868
20676908,aot,50490254.94505495,gas-used mismatch for 0x38bfc6275993fb482ea4e895563bb2745f8b643dbc8bd370b4e4338a7be875b4: expected 245618 found 181319
20676035,aot,52524925.56842105,gas-used mismatch for 0x010651490d34b25f7a27f6f8cd6d55966af74b0c84527b9f2a8760ab15a872cf: expected 316827 found 95916
20678003,aot,59813066.79069767,
20679890,aot,52736111.90625,
20679128,aot,54349655.913580246,
20679432,native,40464195.62698413,
20676002,native,63732246.38271605,
20680630,native,23663130.7902439,
20679666,native,34023216.77483444,
20676196,native,47450167.15238095,
20675575,aot,65904563.71604938,gas-used mismatch for 0xe55f1e920d81ff0f056ad3a616954cbce33daf24cc96c1ea4f44579949c3a31e: expected 391182 found 95880
20679364,native,34307380.12883436,
20675445,aot,40077332.3539823,gas-used mismatch for 0x4a04c6b9496efd99c9d94713834d18f777aa46e997af96f1402a23978e6a70bd: expected 672575 found 161755
20679241,native,69999586.14084508,
20676229,native,69265228.45070423,
20676079,aot,36880543.60150376,
20677629,aot,50227821.98095238,
20676675,native,78711886.18461539,
20675480,aot,49146605.574257426,
20675764,aot,50305996.61111111,gas-used mismatch for 0xcb64f3f7d3d3c9048af9fde73cefb275700a52664f2aa0cb744e6daeadf965a2: expected 270927 found 238408
20679444,native,30365452.714285713,
20676266,native,57382338.82417583,
20679370,native,68508661.25352113,
20678445,native,40100341.14705882,
20676512,aot,53227763.81904762,gas-used mismatch for 0x9773d74336b6794e470051fc940f08dd644481f7f534e358fe84d2c2c9d049d2: expected 797487 found 646848
20675637,native,42513126.37190083,
20676946,native,35994051.3,
20679482,native,63446718.3372093,
20676324,aot,56819173.12871287,gas-used mismatch for 0xc8d2adb451de8c36d3340083ee8de4bfc59ed295181b864d6724a59eab56ce01: expected 185387 found 81786
20675988,aot,42723323.85123967,
20675942,aot,75637003.0,gas-used mismatch for 0xd4f0ef0630d1481454f95fc09eb08bb6d05c2fdcc2609adac8a589c8ba22a31c: expected 1146137 found 134068
20679358,native,46588146.82178218,
20678434,aot,32680917.896774195,
20676586,native,36598622.33076923,
20679195,native,41128481.06779661,
20680627,aot,48037695.11,
20679837,native,33949851.49315068,
20675445,native,40776710.22314049,
20676242,native,39250486.17699115,
20676411,native,47788034.24528302,
20679421,native,63007522.870588236,
20679384,native,28456608.036363635,
20679946,native,55894211.674418606,
20675527,aot,55542024.05263158,
20676335,native,58771513.86813187,
20676909,aot,36306200.50735294,
20676158,aot,33303122.93670886,
20679465,native,49548279.18518519,
20678004,aot,52428292.07526882,gas-used mismatch for 0x9c75ea4d9d065da1fb1d4c415772d4adb04989b1cbdc9c7c844ec91f58989ba1: expected 413149 found 222319
20676036,aot,50378940.72277228,
20679433,native,40401802.6637931,
20676758,native,25489419.699115045,
20679891,aot,24606432.925581396,
20680631,native,46691426.62244898,
20676003,native,40259246.37398374,
20679129,aot,39523589.25925926,gas-used mismatch for 0x51b316253400ec0ee5e895dcfeb033f252ce62516a23ee973fd31e9ce5009aab: expected 360079 found 317078
20676197,native,53177924.22105263,
20675576,aot,45854554.836363636,
20679667,native,43371978.2,
20679365,native,42524087.93965517,
20679242,native,33397364.39041096,
20675446,aot,36106428.141843975,
20677630,aot,36994556.0546875,
20675481,aot,47967560.30693069,gas-used mismatch for 0x8ab4667491cbbe7f9367740be706fc0163063536bdfcf645f0e1569d14af5d6d: expected 323582 found 95880
20676080,aot,31461010.078313254,
20676230,native,66193972.175,
20679445,native,43686144.21238938,
20676267,native,35072685.97872341,
20679371,native,15987437.043918919,
20676513,aot,61101424.76056338,gas-used mismatch for 0x2f430aa6d6eba1b6c57afa7133492abb061cc3ada3fbcb8a1b46603961152129: expected 369685 found 222294
20675765,aot,61193093.4939759,gas-used mismatch for 0x6452c9179cc48335686eeb5e5d8b094bbf9f513e187987e49109550c22ab4dce: expected 695825 found 279716
20676676,native,24594172.995454546,
20676325,aot,64132066.73239437,gas-used mismatch for 0x95834e5f22d00260b974b53f27be19372489bb4cebd94ef343d32d210f27a1e4: expected 360067 found 317066
20680250,native,47541271.06024096,
20678446,native,55120010.822916664,
20675638,native,38355497.52592593,
20676947,native,44221241.112068966,
20679483,native,33627968.54966887,
20675989,aot,49116286.12871287,
20678435,aot,36467149.58646616,
20675943,aot,20068971.263736263,
20679196,native,43500554.734513275,
20680628,aot,19793254.94071146,
20676587,native,58481876.92941176,
20676243,native,56738294.90410959,
20679838,native,32914576.470967744,
20675446,native,41030358.56923077,
20676412,native,31910405.53125,
20679422,native,40482439.96,
20679947,native,28451570.226993866,
20676336,native,13406315.265895953,
20679385,native,29717623.286516853,
20676159,aot,86246228.16981132,gas-used mismatch for 0x24d989731ba28897c8a5beb3c601707fbfbc9310f8e6bfa128091743846fcf79: expected 369145 found 95880
20680632,native,38918637.817391306,
20675528,aot,44239739.66115703,
20676004,native,4304019.1298578195,
20678005,aot,18956604.048507463,
20679892,aot,51696492.20879121,
20679466,native,63316459.266666666,
20676910,aot,37064930.4109589,
20676759,native,71944364.86153845,
20676037,aot,26934887.47692308,gas-used mismatch for 0x22eb72b22cc499dd1420d42256f22c7dac4a11138169a4325ea067c6209a2c98: expected 429728 found 95880
20679668,native,34767615.87692308,
20679130,aot,32312699.7875,gas-used mismatch for 0x4a0b822ec16c25918c98b16c15a182a854d54889ed3a123fbbdcac9547151754: expected 248329 found 53181
20679366,native,24716486.629268292,
20679434,native,43383422.858156025,
20675577,aot,46200301.387931034,
20676198,native,38845010.21232877,
20675447,aot,57361906.31111111,
20677631,aot,45472314.29523809,
20679243,native,52497498.69306931,
20675482,aot,46194376.876190476,
20679446,native,35019775.63970588,
20676514,aot,44920579.50925926,gas-used mismatch for 0x8f1e245ea85e23f2f367e40286b3827ad44107b701ee4832bbe457c296343444: expected 838032 found 338404
20676231,native,23108471.805555556,
20676268,native,42580661.075,
20675766,aot,15699653.833836857,
20676081,aot,6080130.505945946,
20675639,native,63820168.45714286,
20679372,native,49329189.481818184,
20676677,native,65392466.0125,
20676326,aot,30857401.088235293,
20679484,native,42484220.88983051,
20678447,native,44312780.15833333,
20676948,native,62517859.654320985,
20680251,native,40370867.98550725,
20678436,aot,33352652.41780822,
20676588,native,46822588.703296706,
20675990,aot,53444399.51485149,gas-used mismatch for 0x24a6516ec0388396a22ba0979dfd3419abbbd23a692ead826506beeca031137e: expected 248329 found 53181
20680629,aot,55882341.15116279,
20675944,aot,67468537.51282051,gas-used mismatch for 0xa13a42f5336c401e4d017bb09b4489c2ac5566ab433565617a20a651316aa39d: expected 418368 found 95880
20679839,native,26222295.643617023,
20679197,native,45042802.676923074,
20676244,native,77194868.85714285,
20675447,native,57465415.1686747,
20679423,native,54617108.307692304,
20679948,native,41049852.24137931,
20676413,native,62456499.322916664,
20676337,native,75144000.19117647,
20679386,native,34143064.14285714,
20680633,native,35057661.31884058,
20676160,aot,35540772.97972973,gas-used mismatch for 0x03533f2df5428aec01e5f5d1431f40331d18144dbef125d039fea9eeb35ed7f1: expected 484097 found 95880
20678006,aot,56135004.62352941,gas-used mismatch for 0xc82859fe964b70b0e9b4df684a474b35adc83208b2f15100aff9cda6ff6d5a31: expected 471734 found 158862
20676038,aot,37991569.28099173,gas-used mismatch for 0xd478d619b8d64208bc5cfacbe1b52cce6b18b115d1866e7f214b5d58fdb874a7: expected 720037 found 719376
20676005,native,81116160.21428572,
20675529,aot,47243991.71171171,
20679467,native,40922538.984,
20679893,aot,37172045.614285715,
20676911,aot,79964606.63934426,
20676760,native,33337887.57142857,
20679131,aot,42166016.66949152,
20679669,native,28410754.52631579,
20675578,aot,33807310.27972028,
20679367,native,52354648.010416664,
20679435,native,50153252.761061944,
20675448,aot,10211300.894,gas-used mismatch for 0x647236ef4c211bd4627cc9f52ee1f41291e87bc8582ff9ce0b5e693303fdee30: expected 747026 found 755166
20677632,aot,39836966.648,
20675483,aot,54328773.95555556,gas-used mismatch for 0xfa28ae98b201be81353783a41c099ef7e88e36b83901c199d1d523e9a816b340: expected 277745 found 153935
20676199,native,46899485.833333336,
20679447,native,51435605.663157895,
20676515,aot,32777390.329032257,gas-used mismatch for 0x67383914e894c4278448edfe2c162561f91dcbbe4110e4f6cdd5f3e8fa50c9e3: expected 301101 found 199172
20676269,native,26235760.635359116,
20676232,native,60297532.275,
20679244,native,21261535.56862745,
20675767,aot,52855420.8367347,gas-used mismatch for 0x3ea200174c6c39d546bf1736bb6bc4438f4a72e5475e812721eac5fc0a30428e: expected 701251 found 279716
20679373,native,60273839.925,
20680252,native,34679518.6446281,
20676327,aot,43144959.04237288,gas-used mismatch for 0x6eda8ff4864b38c4e8898b78808e433cdf9f4662a166ba6cff155fff7167bbbd: expected 459790 found 95892
20675640,native,43101742.3359375,
20676082,aot,58182633.21052632,
20679485,native,40538498.984126985,
20678437,aot,49449826.48,gas-used mismatch for 0xaf9e179f9e4206090a44bf7940ef8cb9ec8697f7412be86d4cbaeafd2c61f240: expected 506211 found 505862
20676678,native,60404754.86021505,
20675945,aot,24107870.8125,
20678448,native,65047350.8,gas-used mismatch for 0x8422ecc587777433cb6fbe19cca8ce59cedcea8ae68d8fc66eb5471781006eca: expected 127879 found 56934
20676949,native,42872195.192,
20675991,aot,57834737.875,
20676589,native,42606969.504065044,
20680630,aot,24361303.417777777,
20676245,native,47806373.37777778,
20679840,native,33794722.468965515,
20679198,native,34749229.98630137,
20675448,native,13389765.473039215,
20679424,native,13690206.339759037,
20676414,native,47620398.91578947,
20679387,native,51401674.40909091,
20676338,native,273904.19569012546,
20679949,native,71072248.19736843,
20676161,aot,44773334.41904762,
20680634,native,35241562.680851065,
20676006,native,34910742.57971015,
20676039,aot,20764046.56451613,
20678007,aot,53402915.41052631,
20679894,aot,7020646.378681627,
20679468,native,71554251.5,
20675530,aot,59938576.302325584,
20676912,aot,50042525.20408163,gas-used mismatch for 0xc24d0506dc9fa69ba8dc35c937fde38859fc087bfb7bd22c850f485e8aa37fbf: expected 747352 found 413150
20676761,native,29542723.607361965,
20679670,native,34118766.81560284,
20675579,aot,55672325.34065934,gas-used mismatch for 0x7d0d06b4b7ce0feace549a6d3fc0efbd2db4611b9426d59d81e1c97d13276586: expected 1052603 found 878671
20679368,native,50477285.677777775,
20679132,aot,30512058.933333334,
20679436,native,43549115.31666667,
20679448,native,41503109.652542375,
20677633,aot,51122307.75,
20676200,native,33329295.666666668,
20675449,aot,64190635.692307696,gas-used mismatch for 0x13eb57f55c53dc73c210fd387cd5c85a2e67a269d2edb58ebb46a4e694b52930: expected 282545 found 153935
20676270,native,65433367.72,
20675484,aot,52102158.1980198,
20676516,aot,44198123.1779661,
20679245,native,43970129.47413793,
20676233,native,45668108.75221239,
20675641,native,62585513.461538464,
20680253,native,17877774.335714284,
20679374,native,48985194.48514851,
20676679,native,5423325.020286396,
20676328,aot,29504306.777777776,
20675768,aot,45194139.99173554,
20675946,aot,68458808.45070423,gas-used mismatch for 0x6d278d92f56abb287dace2d1c72024129c54737c0d31655c6d08cc38c2a97b64: expected 204791 found 82074
20676083,aot,70328441.10294117,gas-used mismatch for 0x95ba9ea4318ceb6d25a76cbc8324646b3f8842f52684dfe08ac157bcf2955e44: expected 376783 found 98981
20678438,aot,43511961.97457627,
20679486,native,41884966.84,
20678449,native,38107255.57971015,
20676590,native,24188919.083333332,
20675992,aot,16472274.102167184,
20676950,native,35933650.895424835,
20680631,aot,47156640.39047619,
20676246,native,38883163.6617647,
20679841,native,37481765.0,
20679199,native,22246254.05639098,
20679950,native,47399568.78888889,
20679388,native,47808172.572916664,
20675449,native,69833071.47945206,
20679425,native,65181131.15384615,
20676415,native,34893011.29054054,
20676339,native,69292749.95774648,
20676162,aot,23166597.194570135,
20676007,native,56976641.61363637,
20680635,native,63708441.86419753,
20679469,native,40853308.37931035,
20676762,native,40671725.71551724,
20678008,aot,34939848.93333333,gas-used mismatch for 0xa66cb9127d739004c0f6888a2bc3087e8356b81fadf4cbbfeef28eec3dd9a217: expected 248318 found 53157
20675531,aot,58265854.04938272,
20676040,aot,69056017.06849316,
20676913,aot,30772301.680981595,gas-used mismatch for 0x2fecd2ea21503b947b6928f974b0cc0b413f58611a71f04c74574c93b9397e0b: expected 462225 found 431745
20675580,aot,31239416.239130434,
20679895,aot,66768079.41025641,
20679671,native,22321049.09865471,
20679369,native,16440495.444067797,
20679133,aot,42533937.65942029,
20675450,aot,58481560.225,
20676201,native,41668508.06779661,
20679449,native,35167116.08108108,
20677634,aot,30878186.782352943,gas-used mismatch for 0xb7357b772ff2c197b4d552d78f77da900708d3ce5dfabd5f2ef17c60e2cec862: expected 266951 found 219661
20676234,native,43223950.22727273,
20680254,native,48160758.27272727,
20676271,native,59248274.59090909,
20675485,aot,43223639.44067796,
20679246,native,40027682.7890625,
20679437,native,51431705.472222224,
20676517,aot,27447643.804761905,gas-used mismatch for 0x37a9de108951b14abe060ccc0c519ba4c1391f5e6dd359000df4a058cba302fd: expected 258008 found 60507
20676329,aot,43692956.163636364,
20675769,aot,21251406.134199135,
20675642,native,40006441.06849315,
20675947,aot,47135396.69369369,gas-used mismatch for 0x673040eb79a57b6986a7340b9be996fedf9ac39cc853042b8c441f1a29a42e13: expected 293518 found 196669
20679487,native,55951456.04395604,
20680632,aot,40669982.16981132,
20676591,native,93220563.47916667,
20676951,native,42292566.49565218,
20678439,aot,18336218.722741432,
20676680,native,86385248.64788732,
20678450,native,44341551.84558824,
20675993,aot,60824667.1978022,
20676084,aot,58898391.28703704,
20679375,native,45383193.76687117,
20676247,native,46967499.89189189,
20679842,native,31787221.352941178,
20679951,native,51500455.530120485,
20679389,native,45729107.969387755,
20679200,native,59465272.72839506,
20675450,native,61444901.0,
20676416,native,42285369.37391304,
20679426,native,55060028.364583336,
20676914,aot,33379042.944444444,
20680636,native,12875635.07774799,
20676340,native,52317387.883495145,
20678009,aot,44243073.946902655,gas-used mismatch for 0x98a4f28b2beccc515586992ff3e61a990129552a25dbd6e9898d7b6e7039b6e0: expected 257999 found 60495
20676163,aot,41517259.05384615,
20679470,native,48097639.63106796,
20675532,aot,32569627.76470588,
20676008,native,37395950.13333333,
20675581,aot,63308245.87179487,
20676763,native,39212954.21481481,
20679896,aot,43793397.34234234,
20679672,native,36362277.42962963,
20676041,aot,48255944.10810811,gas-used mismatch for 0x9de782fed6b3dc2303a6cba6f9f6ad7a0c0ea84f747ac20e52c0dcda7d3c25d5: expected 312412 found 153000
20676253,native,69892998.0140845,
20679134,aot,41104858.12,gas-used mismatch for 0x884a3f17cb8f1246a99c6be2fd6ce98b45379b8f9d2ec40fd67623445ef23c27: expected 248243 found 53073
20679450,native,36827226.31111111,
20676202,native,6010539.668957617,
20680255,native,50707348.864583336,
20677635,aot,33884432.67333333,gas-used mismatch for 0xa25a6ba6b4f4c070025685c6c99e6bf3af9023c75a8f7b7d0db624e9cee89742: expected 303854 found 234878
20675451,aot,33383846.9125,gas-used mismatch for 0x2cdad0f27c93a8948e3f89022e372143659dd224c3e3bec2a9974b27cfa17ebd: expected 254009 found 209795
20676235,native,41063274.967479676,
20675486,aot,33335209.383561645,
20676272,native,45144956.432432435,
20679247,native,27428794.47643979,
20676518,aot,54072010.20454545,gas-used mismatch for 0xec90655ed5488a8a453c09c8fcf4205fe0be4c843398ab20a5e7a5f97822943d: expected 503747 found 422135
20675770,aot,79944242.91803278,gas-used mismatch for 0xaa225189aa09da4d43e102f30995fc6bc6eff8106b22e236bfe1f29b696bdbfb: expected 693639 found 279704
20676330,aot,41914464.912,gas-used mismatch for 0xeec96b4425dd2cd09b4a42b1ffd97d4b89210b84ce74c6f5a8843a17b3d65d13: expected 1723917 found 1172445
20680633,aot,35236817.192,
20679438,native,76126148.69117647,
20675643,native,43888643.73728813,
20675948,aot,29661286.84117647,gas-used mismatch for 0x07edee4a69091ebe621d3141e891926a5e1c37c49dafad787f442c46068baf12: expected 1050007 found 131492
20676952,native,32731429.393103447,
20675994,aot,68832623.65517241,gas-used mismatch for 0x17f1ba33bcff0fb9042bf03c55a68b19619a2322690eaeb197f15deb10ec2f61: expected 559741 found 577296
20676681,native,51241616.64210527,
20676592,native,43604766.68,
20679376,native,70826058.04918033,
20679488,native,46218707.80451128,
20678440,aot,78632318.95714286,
20676085,aot,48703748.13207547,gas-used mismatch for 0xc5cbe5e589315a7d5f2f06287c50b09315f9255d9afae6a913cb4c11cccdf9af: expected 392274 found 315258
20679952,native,28039320.74698795,
20678451,native,49999126.845454544,
20679390,native,37894850.56923077,
20676248,native,48513982.96396396,
20679201,native,30063724.4,
20676915,aot,42113690.77419355,
20676417,native,30802850.14379085,
20679843,native,41492971.4751773,
20675451,native,35184353.30718954,
20679427,native,53577328.458333336,
20678010,aot,43966703.30188679,
20679471,native,36442809.0234375,
20676341,native,73359832.26153846,
20680637,native,73198363.0909091,
20675582,aot,38334858.84552845,
20675533,aot,33048462.555555556,
20676164,aot,57012858.222222224,gas-used mismatch for 0x4f0fbe29328e2fc6f4c30a0f85dac22bf9bd0768d222fcaa64793767b30df8a6: expected 282545 found 153935
20676042,aot,45281867.179245286,gas-used mismatch for 0x929a1fb49f9e3f6bd9bcb2aa1b74eb951c88aa21dc7f5c64827836b02809b193: expected 626514 found 299995
20676764,native,46982725.03773585,
20676009,native,37498346.60294118,
20679897,aot,47122454.77391304,
20676254,native,35213372.06,
20679673,native,45857268.11111111,
20677636,aot,40385993.87068965,
20679135,aot,43018122.17391305,
20679451,native,35419321.0141844,
20680256,native,31704328.0,
20676519,aot,31735151.864864863,gas-used mismatch for 0x7562aa2863c85aa010380897273fa745762974b41c8c0b5efa16efd293729d52: expected 192977 found 82074
20676273,native,58863918.42352941,
20675487,aot,32903221.2375,
20676203,native,70088169.34666666,
20676236,native,42415007.067669176,
20675771,aot,2772097.3960720133,
20679248,native,59976965.593406595,
20675452,aot,47597736.10687023,gas-used mismatch for 0xa18e343da5205a6fbb9f24e0e61ad28f7f0198d83a4c1f7201ac4499f69f5949: expected 617888 found 365787
20679439,native,34396990.172413796,
20675995,aot,31780318.445945945,
20675644,native,53072911.51,
20680634,aot,36952903.679487176,
20676953,native,12217218.64137931,
20676331,aot,69995950.17045455,
20676682,native,44813778.0462963,
20675949,aot,42014541.08148148,
20678750,aot,32093059.654545456,
20676086,aot,18447785.08118081,gas-used mismatch for 0x07c34b0bed3f21fef5b2002a37609f8cda2b06122fab2dbd56de59755d5e647e: expected 362199 found 95868
20679377,native,61596106.36470588,
20679489,native,44167380.92561983,
20678441,aot,64744308.024096385,gas-used mismatch for 0x68deb210fb914899970b80301f815d9b11234a39a6079ace4ae4498edacd276e: expected 282545 found 153935
20679953,native,45480042.08695652,
20678452,native,57149293.88888889,
20676418,native,43119947.4245283,
20676249,native,49933431.86734694,
20679202,native,38828325.046875,
20676916,aot,42553142.45454545,gas-used mismatch for 0x1fcb0da25f93611b6da3c32c626456b8d79c0b65ee03c96427a1baa0bd921d9d: expected 386084 found 95880
20679844,native,29886747.7247191,
20678011,aot,44758329.67,gas-used mismatch for 0x32e872d1ce2edf2fcd053169ef084e713d88b68a04fc668566651000065f56f9: expected 286839 found 92655
20679391,native,7356301.613793103,
20675583,aot,28936027.477124184,gas-used mismatch for 0x15a09063bcb6330e24da1521198c0310adc374b6f958c1f480a474668145366c: expected 196055 found 81738
20675452,native,40991500.473684214,
20675534,aot,42517136.81981982,gas-used mismatch for 0x6b01ccbc5f20b6f2e330c265c38527a11ce4dabadeded62ffa4593cab6772548: expected 310308 found 160346
20680638,native,29078739.352601156,
20679472,native,40380916.38095238,
20679428,native,36812280.82876712,
20679674,native,19666053.63157895,
20676165,aot,33144873.642384104,
20676342,native,36866545.67586207,
20676765,native,32772584.777777776,
20676043,aot,37320995.729323305,
20676010,native,43410023.36521739,
20676255,native,3985115.5058430717,
20679898,aot,14041911.458666667,
20679136,aot,35922490.092857145,
20677637,aot,46630175.2962963,
20680257,native,38344425.74045801,
20679452,native,53851110.041666664,
20676520,aot,34746047.43708609,gas-used mismatch for 0x1b5ca2566572f6d781cc0983f7f06a3488cbf299f7762e3ab390044ee4ed4d05: expected 838032 found 338404
20675488,aot,43702094.93103448,gas-used mismatch for 0x3bff13b4d32f93f48e0a76a2e24937d2786aaee31521afdbf01f8d3dd01ddd1d: expected 194187 found 82074
20676274,native,42882573.07438017,
20676237,native,30178216.515337422,
20675996,aot,52217679.4,gas-used mismatch for 0x4f1bf70a5aa0fb2c4953c58be70e1df1b91a198a7082bb7a7bcf08f5fd9df500: expected 313119 found 254592
20675772,aot,80580686.13114753,
20676204,native,62435825.46590909,
20679249,native,37968870.691176474,
20679440,native,37975230.984962404,
20675453,aot,14382769.036842106,
20680635,aot,63232351.102564104,gas-used mismatch for 0xed3a8bac9c9841e2ee1dd872d1831ff75ac1a2716d694643a182577329d83699: expected 277745 found 153935
20676683,native,35109132.42028985,
20675645,native,59562116.32954545,
20676332,aot,39504536.15873016,
20675950,aot,43688050.75675676,gas-used mismatch for 0x22dd169611555356f04af210b773a775b60703759f877441a2a8f0b22885e975: expected 282545 found 153935
20676954,native,68182265.73333333,
20676250,native,30188385.730769232,
20678751,aot,49847084.11881188,
20679378,native,41704761.0,
20679954,native,37534693.08396947,
20678442,aot,55209167.795698926,gas-used mismatch for 0x162e6cd9f942b3b7330c22ea4f54b2db4d7671b65d8b2c3325ed4edf668eb14f: expected 401647 found 309310
20678453,native,47029430.36190476,
20676087,aot,22907650.818867926,
20679203,native,35103989.48251748,
20676917,aot,48374966.41747573,gas-used mismatch for 0xe5f6cc30829e6d28fa9e2c2e8833de034694293b23513791d8b2da1d540db74a: expected 328700 found 95868
20679490,native,43053860.27857143,
20679845,native,21461204.738589212,
20678012,aot,34462874.34931507,gas-used mismatch for 0x667cc352f7d764837ee3a871f7eb93d434e8ae5524db4ba283a744519e647e16: expected 322275 found 95880
20676419,native,68398230.77647059,
20679473,native,38352333.141666666,
20675453,native,14339638.912921349,
20675535,aot,36412668.374045804,
20675584,aot,66555557.828947365,
20681000,aot,20754694.70588235,
20680639,native,49171378.52,
20676343,native,51703783.41935484,
20676166,aot,49822176.85,
20676044,aot,36915038.578947365,
20676011,native,32488879.849673204,
20676766,native,47084370.324074075,
20679392,native,114627641.68627451,
20679675,native,22115598.146153845,
20679899,aot,60339193.1375,gas-used mismatch for 0x35d58d37a1b1227d167f1008a2896d43a89173ed3169dc9261000529ee865b21: expected 733550 found 111637
20676256,native,10337672.334545454,
20679137,aot,21791283.23222749,
20680258,native,48695145.55789474,
20677638,aot,44243671.847457625,
20676521,aot,15725345.751612904,
20676687,aot,53263781.63265306,
20676238,native,35068967.03448276,
20676275,native,33596450.758169934,
20675489,aot,38791390.11764706,
20675997,aot,60258172.333333336,gas-used mismatch for 0x53e5b11aba42b6ded58394a500835c8e5bf8a4e7bdd56ddd8d9c4d20be9db33c: expected 282545 found 153935
20679250,native,15115352.1875,
20675773,aot,45893551.567567565,gas-used mismatch for 0xe6fb6d208b2c1efe5909f00f77054520524c50aa2f6d3e14f2b3b189b9a957e9: expected 303715 found 234326
20676205,native,52664442.86734694,
20675646,native,50912846.833333336,
20679394,native,71691960.68421052,
20675454,aot,83228226.75409836,
20676684,native,25027315.053398058,
20676333,aot,41064017.984,
20675951,aot,42607290.57024793,gas-used mismatch for 0x4a4e4de47c561fc878faa8f917389f32c1585c4374a7e09e0629bbe24635a233: expected 394727 found 98969
20676251,native,36141698.146153845,
20680636,aot,12104255.50630252,
20676955,native,39923500.51470588,
20679379,native,48056894.59047619,
20678443,aot,38974050.63076923,gas-used mismatch for 0xe4f6133d971b5a1f43bcb0b0e8b96580397efa68c527ae1fb1a361defaa25a97: expected 366030 found 95880
20679491,native,51841971.12345679,
20678752,aot,49680220.73043478,gas-used mismatch for 0xaa1789d98614dae802b8cc523426c353d53e660d5c8540f009e6b443a534c136: expected 322251 found 95856
20679955,native,44155994.75609756,
20679204,native,53862252.64772727,
20676918,aot,30212301.54037267,gas-used mismatch for 0x5dc2c777470ce61cca7b9866078ecf5b1791cb5ed0b809b89bdae5615a9d3f80: expected 292798 found 153935
20676088,aot,79985870.30882353,gas-used mismatch for 0xb5cb627f82441ea845c0e06f968ebe8655c9c2f6b79ca5b02a67e86963395c7a: expected 2400215 found 1225933
20678454,native,52736951.12173913,
20679846,native,54194303.12222222,
20676420,native,28751221.104046244,
20678013,aot,57093671.58064516,gas-used mismatch for 0x25986e27e4e4dbdbae1e407f61a150179ad1c3380f6d61a85011d655f4a021dc: expected 286848 found 92667
20676167,aot,41169819.75,
20679474,native,46272131.81415929,
20676045,aot,26305909.951612905,gas-used mismatch for 0x66c678c88b51d88e1f45695d2c74e9183d6db26d50a3e570cb051dc950249e6b: expected 282545 found 153935
20680640,native,41116529.112,
20675536,aot,58661105.29032258,
20675585,aot,40278555.84962406,
20679676,native,68444907.01587301,
20681001,aot,88586219.60344827,
20675454,native,80548442.87692308,
20676012,native,25069009.85096154,
20676344,native,52997750.92380952,
20676767,native,37962904.63636363,
20679393,native,44569538.49152543,
20679900,aot,35143434.28767123,
20679138,aot,40378883.4375,
20676257,native,89944345.53571428,
20680259,native,64229959.474358976,
20676522,aot,60794863.28395062,gas-used mismatch for 0xe6d66a1dad043bf4553fe7a082564a92474ac190d82cb1044198f1d0f9776bb8: expected 277745 found 153935
20675998,aot,40110597.54285714,gas-used mismatch for 0x2bdeee72ae0ef7ef319402ff38dc501d8087443832167a9f973262999f907603: expected 1175593 found 1106084
20676688,aot,48184311.916666664,
20677639,aot,57889888.86666667,
20676276,native,49195532.62376238,
20676239,native,61063602.47058824,
20675490,aot,41423262.88095238,
20675774,aot,68872487.87323944,
20679251,native,75178761.5909091,
20676206,native,31499063.656626508,
20675647,native,39401555.23846154,
20675455,aot,24198391.985576924,
20676334,aot,31365850.640522875,
20679395,native,36985681.09090909,
20676252,native,29820911.029239766,
20675952,aot,66181038.0131579,
20676685,native,68449133.7236842,
20679380,native,6440882.091743119,
20680637,aot,63613414.1,
20676956,native,42705664.99186992,
20678753,aot,30663872.78787879,
20679956,native,32189988.795031056,
20679492,native,45545210.60330579,
20679205,native,37128618.24827586,
20681002,aot,43868037.75,
20676919,aot,39547365.22900763,
20676089,aot,47380501.054545455,gas-used mismatch for 0x701f25da38971a9d4d1318c4d089b0f528bc8725734f30dd11d841d4baa9f41d: expected 304073 found 231983
20679847,native,34666256.347826086,
20678444,aot,46301074.777777776,
20678455,native,37073169.23913044,
20676168,aot,40267039.29752066,gas-used mismatch for 0xce97e670f3fd47e3e7b228fb1190ff77b806f81d710c665514c8da52e7a7b803: expected 286406 found 251246
20676421,native,62428067.77108434,
20679677,native,48570826.25263158,
20679475,native,47971816.104761906,
20678014,aot,53647362.76190476,
20676046,aot,57372274.87912088,gas-used mismatch for 0x9bffe570ecbc426405c8d7de9a9ae449c53d06be3890224e35a06c70f8cc0d7d: expected 633629 found 368589
20675586,aot,35284475.51351351,gas-used mismatch for 0xb285ee71976e6a4d04a240377a175a97f59ea1b843e49220bcbec29a7f32e2f7: expected 311181 found 234559
20680641,native,43827588.495934956,
20675537,aot,30401466.093922652,
20675455,native,23657460.431111112,
20676768,native,56288881.729411766,
20676218,aot,21885644.018099546,
20676345,native,36949501.307692304,
20679901,aot,40032522.69166667,
20679139,aot,52446097.28888889,
20680260,native,40623387.550847456,
20676258,native,92853810.28,
20676013,native,95584062.96666667,
20675999,aot,28111255.457142856,gas-used mismatch for 0xb01441d52908ef3e603db2914bffc55f4435f190deca8c97b961e9abea53a1a8: expected 277745 found 153935
20676523,aot,62514256.3375,gas-used mismatch for 0x68f6876922ea312e25620c34b87645b7a069b6f80b2c55f2e053d080c25376ec: expected 535595 found 95880
20676689,aot,35745620.99285714,
20677640,aot,31374950.472392637,
20676277,native,37096149.853846155,
20675775,aot,27592798.53125,
20676240,native,35653268.99300699,
20675491,aot,51403451.2,
20679252,native,41630112.75609756,
20675648,native,51651383.47,
20676207,native,48448049.64545455,
20679396,native,38283960.0859375,
20675456,aot,95399475.09433962,gas-used mismatch for 0x3d7ca7ea9d7d65ed8b161bee3f54ea704c6f551c6a6bc41be2e528bad2453562: expected 1482305 found 1477026
20676335,aot,54527566.03225806,gas-used mismatch for 0x71ceb243d12e40d3b92f67471ce4ec65949ad334f4b913aaf288c945c40304cf: expected 982898 found 826517
20675953,aot,34631741.48630137,
20676686,native,33197734.589743588,
20679381,native,70768204.73846154,
20676031,native,46558772.57522124,
20680638,aot,28797186.367021278,
20679957,native,44835504.732673265,
20676957,native,78142679.33823529,
20678754,aot,94047229.30909091,gas-used mismatch for 0x4d886f00e6fab761fd6e7d469fcdd83034f41bfa06e952fa8314d98344ec758c: expected 817111 found 481260
20676920,aot,42898152.61261261,gas-used mismatch for 0x5445b3299b08a750ebfe60c4294d2559a0c69f7cace07f7ba6b08fab087aecdb: expected 402744 found 409720
20676090,aot,32747595.743243244,
20679206,native,32545900.7278481,
20679848,native,30420038.715151515,
20678445,aot,37211757.146153845,gas-used mismatch for 0x196dd72271934ad2d1ffddfe6893959a626e53a73a9eb30e71ac7d315b10a8a1: expected 269791 found 243198
20681003,aot,35710834.72185431,
20678456,native,39969763.92307692,
20676422,native,80119567.56666666,
20679493,native,54528489.09259259,
20676169,aot,45985831.03539823,
20679678,native,34043089.013333336,
20676019,native,46396984.88181818,
20676346,native,52533060.4875,
20676769,native,43400086.45283019,
20676047,aot,3827552.756259205,
20676219,aot,58207252.5625,
20680261,native,22648061.548387095,
20675456,native,92100537.62745099,
20675587,aot,27916624.0,
20680642,native,45801161.03448276,
20679902,aot,34372832.45454545,
20675538,aot,55064417.520833336,
20678015,aot,38212098.8,
20679140,aot,36748690.77099237,
20676690,aot,46613638.7311828,
20676000,aot,50596456.12903226,gas-used mismatch for 0xf31e748fc89b9923196b7b97d7a3e2fc05d6dff31578b2b35d88ed4c8e9e5c37: expected 282545 found 153935
20676524,aot,40634816.44166667,
20677641,aot,32271467.732026145,gas-used mismatch for 0x0478409606964b353dea59d21e9dd7df6dfa4629a0d364025b2bde2e8d08c70a: expected 606836 found 318320
20676014,native,85307317.86206897,
20676259,native,43696492.59375,
20675492,aot,27850423.666666668,gas-used mismatch for 0xd0ff4bc8ff8a8ea736b08a4d8f4f772ebf3f7f3aafd2c40c90fe4d81c216b03e: expected 273742 found 68338
20676278,native,43564456.91735537,
20675776,aot,57773665.83516484,
20675650,native,42405068.1779661,
20679253,native,26758076.29142857,
20675457,aot,20897530.469565216,
20675649,native,40331158.032520324,
20676336,aot,13454740.355795149,
20676208,native,50996936.01,
20679397,native,37945578.83571429,
20675954,aot,44119879.72727273,gas-used mismatch for 0xb7fbffec4d70b18e3c6281235356e560b0dd6cb4e8efc4e40183e3571196f244: expected 380547 found 302176
20676171,aot,67037786.96,gas-used mismatch for 0xca0eda2d5266d2c5a6a7976588acc9a2cbb6db37576d21d98f1c21695704d6c8: expected 338801 found 332701
20676032,native,63136607.59259259,
20676958,native,7341321.131045242,
20676007,aot,52184527.91262136,
20679958,native,41914169.18699187,
20678755,aot,29760019.688235294,gas-used mismatch for 0xa1ff7cbeffd289f7d911861fef2732982cb02d03d4afd675752d4ecf5f394490: expected 201108 found 81738
20676921,aot,41301678.33898305,gas-used mismatch for 0x12583542aa49e68a9f27bf2e929dd2921bea56c42fd2092e6bc39788d7e6eb96: expected 322167 found 95916
20680639,aot,52913405.268518515,
20679207,native,31214061.5,
20676091,aot,46656635.481132075,
20679849,native,29307588.952941176,
20679679,native,29393864.71631206,
20678446,aot,47759365.37962963,
20681004,aot,31335849.234939758,
20678457,native,31879297.724358976,
20676170,aot,18846396.47265625,
20679494,native,48027209.24271844,
20675457,native,21225090.689473685,
20676423,native,28145131.576530613,
20679903,aot,1156362.6528455284,
20676020,native,47712073.139130436,
20676048,aot,79675879.81967214,
20676347,native,45555772.24137931,
20676770,native,42120960.5,
20675588,aot,58621578.79069767,
20680643,native,36509420.27142857,
20675539,aot,48047220.84259259,
20678016,aot,30649261.987951808,
20680262,native,41621949.674074076,
20676220,aot,69253591.45454545,
20676691,aot,40240940.02380952,
20676015,native,28841942.761290323,
20676001,aot,56610087.16483516,gas-used mismatch for 0x9bf50e6eb8096a38e1aefc4bbaf36767b363322bb276a975934e748410f6b8d4: expected 370938 found 117707
20676525,aot,50921460.76530612,
20679141,aot,30879558.7,
20675493,aot,23760629.104761906,
20676260,native,39868375.296875,
20677642,aot,55078951.80645161,
20676279,native,40938729.9137931,
20675651,native,35838207.120300755,
20675777,aot,50602906.02970297,gas-used mismatch for 0xd28b0ccc1bed21eba41658c8da271855125204604eda529b7dabb0133cf12477: expected 840291 found 341369
20679254,native,49452151.14285714,
20678937,aot,43024394.87931035,
20676209,native,15990226.743670886,
20676337,aot,72067472.76056337,gas-used mismatch for 0xba8f5b09ca6ec394c95d1273f0dc6a867077eb6f5a87e0aa5aa2b4882d2e27f6: expected 260019 found 33569
20675458,aot,62588612.23529412,
20675955,aot,15148761.836309524,
20679398,native,34422936.150326796,
20676033,native,47237371.3,
20676172,aot,39480766.80740741,
20676959,native,64587909.325,
20678756,aot,47611974.96116505,gas-used mismatch for 0x2d4aa0c6660e69bd963ad2d7871647698a93d09b900af5540d11b0c515bbeba1: expected 127917 found 56972
20676922,aot,42614131.252173916,
20676008,aot,34905462.711656444,
20679959,native,21600011.778656125,
20678447,aot,40790013.25,
20681005,aot,24506451.184079602,gas-used mismatch for 0x211efbdae76dec5ba937f3e7549790cde69255abdb2c3e68da6d92d6de1e77cd: expected 332395 found 95916
20680640,aot,40327020.39705882,
20679850,native,41242469.0234375,
20679208,native,67741093.1875,
20676092,aot,53632023.266666666,
20679680,native,35030818.46,
20678750,native,27408749.777777776,
20678458,native,49944786.902912624,
20676424,native,28891124.28125,
20675458,native,66921425.93150685,
20676348,native,36680800.585365854,
20679495,native,36692719.98136646,
20676771,native,35689148.22058824,
20676021,native,39503544.484375,
20679904,aot,50621506.531531535,
20675540,aot,40030686.84297521,
20675589,aot,26662050.596059114,
20676049,aot,59920822.23655914,
20680644,native,56703166.67368421,
20676221,aot,31359273.313333333,gas-used mismatch for 0xf932224f3c6ec3a931b918a3be95dbf61751dc06d955ad36d93314653f9414e7: expected 277745 found 153935
20680263,native,29621506.28409091,
20678017,aot,64858320.45679013,
20676016,native,47158229.98095238,
20679142,aot,35629599.63909774,gas-used mismatch for 0x823aeb86d2dd59d65fa4dad14daf1b6b082b171fd707103fe87497f07cd605c2: expected 286848 found 92667
20676526,aot,39246592.828125,
20676692,aot,63448991.024096385,
20676280,native,43808149.731481485,
20676261,native,41867146.448275864,
20677643,aot,33693714.47260274,gas-used mismatch for 0x47d221cdcadc1df3024f1bc78d119f0b6bf017a8058fc414e83aaf80f3dd28fb: expected 248252 found 53085
20676002,aot,64521430.15116279,
20675778,aot,17738644.00359712,
20675494,aot,61241047.23529412,
20675652,native,20807037.984496124,
20679255,native,42871065.51239669,
20676210,native,54789714.34117647,
20678938,aot,42173558.30833333,
20675956,aot,72296423.24242425,gas-used mismatch for 0x0b2cc81ced19ea2ec3c472c6d634c299254687ccafc974ab9d16fd7b567dc4f9: expected 1287136 found 971477
20676338,aot,273190.6470712624,
20679399,native,44020423.44444445,
20676960,native,54705978.815789476,
20676034,native,39680351.46923077,
20675459,aot,34860220.915151514,
20676923,aot,40763830.92920354,gas-used mismatch for 0xa18dfc2d5de3b3da60df317c07c940f8c9d53474911f951c909c95bef65fc58e: expected 737614 found 602276
20676173,aot,38807257.92366412,
20676009,aot,34505582.33566434,gas-used mismatch for 0x33490a18d6d8aec5afa4c51d208240178e6f2d06902307025dd7e45f6c132b9f: expected 196122 found 81750
20678757,aot,13995275.688564477,
20680641,aot,38520655.355932206,
20678448,aot,58352452.71590909,gas-used mismatch for 0x8422ecc587777433cb6fbe19cca8ce59cedcea8ae68d8fc66eb5471781006eca: expected 127879 found 56934
20679960,native,53285089.63809524,
20679851,native,30918286.846625768,
20676093,aot,38367112.46923077,gas-used mismatch for 0xe4582c0ad0379e80c1d4e059b7f5ddd0e85cdb5bd292099ba9705b27a58210b0: expected 360127 found 317126
20679681,native,36189808.07092199,
20681006,aot,56906236.27368421,
20678459,native,35539225.73648649,
20675459,native,33463145.086092714,
20679209,native,32435885.06741573,
20678751,native,50966366.00952381,
20676349,native,3396117.701935484,
20676425,native,58921068.15789474,
20676772,native,39466974.04580153,
20680645,native,22893865.74611399,
20676022,native,3579329.4932885906,
20679905,aot,57172448.52688172,
20676222,aot,30941387.784810126,
20679496,native,63641333.48863637,
20678018,aot,37166936.75,
20675541,aot,50742993.30555555,
20675590,aot,66041016.7125,
20676050,aot,25827229.977375567,
20676017,native,49097004.811881185,
20676262,native,35322361.8699187,
20676527,aot,46182684.266666666,gas-used mismatch for 0x3387d4eec8415439839a25bb84851cc0472a3e2400635371cd6f252fc5a23fad: expected 391170 found 95868
20680264,native,59265844.24489796,
20676693,aot,43523624.7079646,gas-used mismatch for 0x8ccf2fb7cc60ec0c977cb4251baed509f296e176495038dacffa1a79f3cb9fe9: expected 266951 found 219661
20677644,aot,34970170.55,
20679143,aot,40002022.44680851,
20676281,native,44757464.475,
20675495,aot,40346666.48760331,
20676003,aot,42248412.56349207,
20675653,native,56028584.58139535,
20679256,native,39564386.56198347,
20676211,native,41958949.20388349,
20675779,aot,42122844.192307696,
20675957,aot,43294368.26956522,gas-used mismatch for 0xa5c630f5af1e74f057ac8a583add07f1bdc0a9fe42c9d8ac925110cc7c000f48: expected 294512 found 95880
20678939,aot,44917370.55932204,
20679400,native,32574296.581699345,
20676339,aot,73269295.9736842,gas-used mismatch for 0x65a5fc5f7100a7e3d15c9aa627e9cb3f658b996e8d55f2aac305f0477c0bb932: expected 266939 found 219649
20676035,native,59508543.7,
20676924,aot,21476352.008849557,
20676961,native,53800591.79,
20678758,aot,50858586.96511628,gas-used mismatch for 0x9f68c462490966e2f69babb879e12d2f98c7f6f9b8cf22e9204f402af0f7910f: expected 399318 found 226853
20680642,aot,40922347.166666664,
20676174,aot,49785991.04716981,
20676010,aot,44672401.6779661,gas-used mismatch for 0x6f9bcb2f3c6af43239f3f06078f33d8e41fd00768d63b34fb6c09ac5a19b555d: expected 390888 found 98981
20675460,aot,54335413.666666664,gas-used mismatch for 0x07ef8ee16dd06b1260da58db872f3ab6049b22c02e95f15248474de91924da14: expected 282545 found 153935
20678449,aot,37404093.65942029,
20679852,native,34113912.324324325,
20679682,native,43275938.577586204,
20679961,native,69606109.46666667,
20676094,aot,40598943.646153845,
20675460,native,49326480.80612245,
20679210,native,70013928.0735294,
20681007,aot,43038025.959349595,
20678460,native,52868996.72631579,
20678752,native,48211560.99074074,
20676350,native,90258635.05172414,
20679906,aot,35287362.73529412,gas-used mismatch for 0x8e709563aa86ed1a52adbd4210de1050ed7bffd4e2283dc0d27ae5e4ca7e89ff: expected 259649 found 58665
20676426,native,47049237.4,
20676773,native,47182006.234234236,
20678019,aot,41483555.801724136,gas-used mismatch for 0x201be1437786cc8be1f829939bf29f14ac3859b5f8d40b5ccb927c61557708a3: expected 398441 found 222258
20679497,native,59476836.686746985,
20676023,native,75015391.04225352,
20675591,aot,28906862.96,gas-used mismatch for 0xd2c4928db6739136474b2c3801275fd1f2b74baadf8418208d9a44b9905511b0: expected 615486 found 423596
20676223,aot,27066538.225,gas-used mismatch for 0x28d1ec76fe2039c568e60c430d66329f4592ee2901e4d0d6e1d25387c80865af: expected 282545 found 153935
20680646,native,62288652.06315789,
20676018,native,40239884.69565217,
20676051,aot,66293706.38666666,gas-used mismatch for 0x1fb2021fb369f3ccaf174bd0f34ab4925fa0b78dfb55b1081e9292ce6b84f383: expected 890306 found 735923
20675542,aot,32415182.166666668,
20676528,aot,11952478.676190477,
20680265,native,51705522.62105263,
20676694,aot,48937028.89814815,gas-used mismatch for 0x65e5fda7e2c49f446726784d426d188d33fe3ab5963c5b85a8d394a8a118484a: expected 287032 found 221267
20676263,native,41736007.3382353,
20677645,aot,37265624.22794118,
20675496,aot,53640200.75268817,gas-used mismatch for 0x81b0e5172186f17625832b1d0b0991a220cf845a4c0f9a6498e1cb27b1f031e7: expected 535262 found 252128
20679144,aot,46120914.16521739,
20675654,native,55454963.4939759,
20676004,aot,5173297.766666667,
20679257,native,46901328.7735849,
20676282,native,42689341.76153846,
20678940,aot,44326613.17894737,
20676212,native,56582520.36190476,
20675958,aot,43080679.733333334,
20679401,native,32805649.466216218,
20675780,aot,49285546.10769231,
20676340,aot,54473517.6407767,
20676925,aot,42862251.610687025,
20676036,native,63735867.14772727,
20676962,native,49968699.06666667,
20675461,aot,22170453.66530612,
20676175,aot,34314520.473684214,
20679853,native,41627405.94166667,
20680643,aot,44091459.30434783,
20679211,native,39159603.0,
20678450,aot,42757015.63846154,
20678759,aot,48426531.10869565,
20681008,aot,10967052.766004415,
20678753,native,28238745.227272727,
20678461,native,43909297.03478261,
20679962,native,32092040.76,
20676351,native,63445961.9117647,
20676011,aot,43199709.075,gas-used mismatch for 0x644c1a43e1c20c60547d065cd493ca233aad22443f8fea31d75f755f1edd01ba: expected 266747 found 238427
20679683,native,34269707.82941177,
20676095,aot,37301736.741935484,gas-used mismatch for 0xcf30a8fe62f102fcc2cd4fe1be6590a5690bafdbeff98152780019133aa309df: expected 401658 found 342052
20675461,native,23930298.552,
20676024,native,20716454.61842105,
20675655,native,38413032.68965517,
20679907,aot,35712847.63513514,
20675543,aot,62716327.87671233,gas-used mismatch for 0x82986932524c53d981d37cedc9ff01e490b8097434d309412369c43a0790ffee: expected 345004 found 95880
20675592,aot,36206101.91428571,gas-used mismatch for 0x29e237658d2c68e41d65d6287986f4ee422ed45302722c415a616060b562a1df: expected 1403264 found 1531634
20676224,aot,52813081.572916664,
20679498,native,44755058.54545455,
20680647,native,69630669.02739726,
20678020,aot,71308459.82716049,gas-used mismatch for 0x6661764b503ed0e1075d58d48378f51b6fc119c432f540cc62049d7571b9a27f: expected 224004 found 199218
20676774,native,51081373.14782609,
20676427,native,36141354.49404762,
20680266,native,41861500.00826446,
20676264,native,43986045.2264151,
20677646,aot,42930023.654545456,
20676529,aot,62969219.37777778,
20675497,aot,41454435.45045045,
20676052,aot,45066056.28571428,gas-used mismatch for 0xfec576ee01105bdc8c95e5b428dfe9fb13aa79be2b3bf5b92477fb81e6dec13a: expected 731209 found 198247
20676283,native,50496994.58139535,
20679258,native,45632851.54,
20681187,aot,54823498.95604396,
20676695,aot,65306412.0,
20679145,aot,48735112.37068965,
20676005,aot,105111111.33962265,gas-used mismatch for 0x00f73fe6ca3406b3ac4d111183a50daa322ad47b90331e1c78330d36ecb9e82f: expected 2346250 found 2167069
20676213,native,45598359.653061226,
20678941,aot,17448254.275167786,
20675959,aot,10526.634014746205,
20676176,aot,27709735.3671875,
20675781,aot,42388540.917293236,
20676341,aot,66225565.8,
20676926,aot,50143787.78,gas-used mismatch for 0xd957157a92aa8b4f8d405bb8522eb9a33bed3c890a8574adc74b11ed4482818f: expected 282533 found 153923
20679402,native,49439376.97692308,
20676037,native,36287703.18493151,
20676963,native,26531661.657458562,
20675462,aot,92388969.03921568,
20676096,aot,58237662.015384614,gas-used mismatch for 0xa6a38b9ae99a6841558ea5584cbf38004cf38d4a745ec4ae13acc55f347503fd: expected 248310 found 53157
20679212,native,45226057.0,
20678451,aot,49716544.62135922,gas-used mismatch for 0x8c5e7d6b182b25834b1fa63d4bb7c7612aa52da04c0ecc4c7e3af541474430a6: expected 266687 found 238367
20676352,native,29488251.612903226,
20678760,aot,48390223.68571428,gas-used mismatch for 0xdbe0e93ab9404b743613fda7203e5d30d426cc0ac3c810e65b73a3046a96233d: expected 676029 found 72386
20676012,aot,35025780.723076925,
20679854,native,58603227.90625,
20680644,aot,67153787.20930232,
20679963,native,34798929.386206895,
20678754,native,89290879.73214285,
20675462,native,88142093.70588236,
20681009,aot,54456256.31428572,
20680648,native,17754496.627802692,
20679684,native,41208680.592857145,
20678462,native,37901241.2721519,
20678562,native,53091029.395604394,
20678021,aot,46647251.145833336,
20676025,native,64742385.78313253,
20676225,aot,53277573.64772727,
20676428,native,64950159.59154929,
20675544,aot,54443409.46875,
20679499,native,55973625.79545455,
20679908,aot,30366053.779569894,
20680267,native,42001358.09322034,
20675593,aot,66113965.197674416,
20679259,native,38365712.64347826,
20677647,aot,41866601.2,
20676053,aot,58355901.23529412,
20676006,aot,43003605.64,gas-used mismatch for 0x147013ffb7b3833cd05540b5f3363f5875e67861e0f64eb623fd9c3311baff9f: expected 903744 found 638534
20676284,native,51155469.84,
20676775,native,47567051.10294118,
20676359,native,56717533.932038836,
20676696,aot,68793824.83561644,gas-used mismatch for 0xdc3a50d27d496b39adb453473d713c45efe708de13311f6a487b43df2326103e: expected 304532 found 231973
20675498,aot,57368692.82178218,
20676530,aot,65864918.96666667,
20681188,aot,44981072.072,
20676214,native,68086219.54929577,
20679146,aot,47573200.19130435,
20678942,aot,60842015.244444445,
20676342,aot,43395175.989247315,
20676177,aot,85030935.98,gas-used mismatch for 0xaae8ad76e2901fe656404189102f8b32fee8c7cd76df09804fb531c2de163327: expected 396261 found 250140
20675960,aot,80031266.19117647,
20676038,native,41337259.28712871,
20679403,native,46216617.5754717,
20676927,aot,50953431.9009901,
20675782,aot,64411551.11111111,
20676097,aot,39938599.45762712,
20675463,aot,36764833.282608695,gas-used mismatch for 0x29763d25d37fbdb227556e0e4e625a9c1464f15b3d39b13f9302086702c446f8: expected 264339 found 246376
20679213,native,38319432.20769231,
20679855,native,38899728.11111111,
20679964,native,47534044.19387755,
20678452,aot,62326124.28235294,gas-used mismatch for 0x8d16a5db4dc5ebe82d9a4c6874d876d20d5e9dcd8dd258a5d8755f5ec74942ab: expected 409866 found 369015
20676353,native,62055086.1875,
20678761,aot,35041134.53594771,
20678755,native,32094277.721854303,
20680645,aot,30642378.223529413,
20680649,native,55852716.225,
20675463,native,37340386.76086956,
20676964,native,79857036.27906977,
20681010,aot,42018917.77586207,
20679685,native,44010359.765765764,
20678463,native,38640551.48091603,
20676013,aot,115255484.73913044,
20676429,native,59664919.60493827,
20676026,native,43294072.82608695,
20676226,aot,44454558.8362069,
20678022,aot,67194395.425,gas-used mismatch for 0x35fc96291064c4d1e14aa142548a6ea8cdeb97b75fec3bd1c5a4ae22d066ba3d: expected 239987 found 53169
20675545,aot,62666473.058823526,gas-used mismatch for 0xe18292c6fc47908c0f82ca2a5f03e6a92b863833d76af66dbe817ae452fb6f2b: expected 248252 found 53085
20679909,aot,31382897.436363637,
20680268,native,37829483.865079366,
20678563,native,66194522.677777775,
20676078,native,90279910.6724138,
20679260,native,56673296.8,
20677648,aot,62958274.276315786,
20675594,aot,78422547.54929577,
20681189,aot,37965372.2,gas-used mismatch for 0x7b60f999197f7c04c317f31d87eaa8c66ecaa36dc65a4e6f6103627a53ca0706: expected 385127 found 317126
20676285,native,64275638.61333334,
20676054,aot,37839143.787234046,gas-used mismatch for 0x5c273020b222917083c64e3a37006f5ed04808e2f394182a40b24b353ed79962: expected 755410 found 560420
20676531,aot,47013343.15,gas-used mismatch for 0x03e869a75a18bcc776d29a02a7c911f4d4bae418f2b09394326e7d2decef50d6: expected 277745 found 153935
20676101,native,26664063.051813472,
20676697,aot,67236603.57333334,
20676215,native,32965061.0,
20676776,native,59911836.28,
20679147,aot,22007287.50442478,
20676178,aot,55969866.6,
20676360,native,64636114.744444445,
20675499,aot,51258037.04958678,
20675961,aot,29722833.01986755,
20678943,aot,26167829.92195122,
20676039,native,24075271.805128206,
20676928,aot,32302752.90625,gas-used mismatch for 0xec72b4de7595d1b179d7e4d95f3e10bc15eb0b43b06fa60e17eadf03134d723b: expected 277745 found 153935
20675783,aot,20498568.174757283,
20676343,aot,53779538.873786405,
20679214,native,49276090.510204084,
20676098,aot,49818784.56603774,gas-used mismatch for 0xa41bd7018d3e5483bd24d672bce788aedaa5f7facbb0512682b5f1e5a4ebfd3f: expected 723774 found 622162
20679404,native,78064334.0,
20675464,aot,64594131.93975904,
20679965,native,42760503.139130436,
20676354,native,33822018.95035461,
20680650,native,64240560.12857143,
20676965,native,38028648.8,
20679856,native,52332342.95049505,
20678464,native,52335564.79487179,
20679686,native,72637660.95,
20678762,aot,67087419.7,gas-used mismatch for 0x0248c455686b951c7c7e72d97149ce2fae5e18b6899457637b421c4829a0fc2e: expected 844855 found 338404
20678756,native,56000138.04081633,gas-used mismatch for 0x2d4aa0c6660e69bd963ad2d7871647698a93d09b900af5540d11b0c515bbeba1: expected 127917 found 56972
20678453,aot,55938802.071428575,
20676027,native,18205183.512711864,
20676430,native,27708521.38607595,
20675546,aot,36760643.91818182,gas-used mismatch for 0x154433e99c86bb0d534fa8c5d18d2c5095795cd98189737220948daf894f11c9: expected 277745 found 153935
20680646,aot,66736717.564705886,
20675464,native,72135810.36842105,
20681011,aot,48851445.166666664,
20678023,aot,35319464.038461536,gas-used mismatch for 0xb8eb8fa7fc4935662d87fb47bbfc5efb1aec31a266f4095d39a2c93dfc5b1909: expected 295653 found 58641
20680269,native,47243203.29032258,
20676227,aot,32807314.36708861,gas-used mismatch for 0xdecdce4ae0adc89e07fa81136e76b0aa45dd3853e77d0ae38800554108c0bdfa: expected 223654 found 144559
20676079,native,35220720.64285714,
20678564,native,47072449.48,
20679910,aot,54747319.67326733,gas-used mismatch for 0x49818ccd3561006992cc8c5bb05009556d44e4e663e882b7984061ff76b01d82: expected 277745 found 153935
20681190,aot,40284832.0754717,
20676014,aot,106324140.50909092,gas-used mismatch for 0x306c0f5cc4e90a12dc1da48314987b2da2d7103aa8e79039ec81930032fdeb92: expected 308722 found 91774
20677649,aot,31626100.297468353,
20675595,aot,45827774.114285715,
20679261,native,77669271.13580246,
20676532,aot,6879706.817042607,
20676698,aot,28410863.55135135,
20676179,aot,71357018.83606558,
20676102,native,114239971.06666666,
20676216,native,38525655.872340426,
20676286,native,77379118.61842105,
20675500,aot,26099978.72928177,
20676361,native,51647450.59405941,
20675962,aot,72155398.93442623,
20679148,aot,36524278.5945946,
20676777,native,49040965.20689655,
20676055,aot,86041240.9736842,
20678944,aot,54626804.53684211,gas-used mismatch for 0x0d3e513dc6d2827c9511a3c46e4a16b92f0a4b59f409f78922402ec0f2fd3a58: expected 842588 found 754322
20676344,aot,57113988.71590909,gas-used mismatch for 0x06d437ca60d140fb0fea6693c757da84168378551be74c648045d5df343125cc: expected 185387 found 81786
20675784,aot,35704881.448275864,
20676040,native,89861939.08196722,
20676929,aot,24929477.1092437,
20676355,native,26855387.38,
20679405,native,44140748.26213592,
20679215,native,44064637.06896552,
20679966,native,33557413.71631206,
20676966,native,49209819.10989011,
20678465,native,22609837.76,
20680651,native,51954718.322222225,
20676099,aot,67726738.05,
20679857,native,34792161.755244754,
20678454,aot,67351016.07692307,gas-used mismatch for 0xe7c8781980edd52e50370843c8678ca6126de54d8c85a2df20fec3648e380f46: expected 239996 found 53181
20675465,aot,40850445.46099291,
20678763,aot,11885399.893975904,
20675547,aot,38274129.68595041,gas-used mismatch for 0x5e619c9e243d3e87c5d3b4d38b11d0f8ab5bcf55e3f589943098951d3e5335fb: expected 303932 found 234316
20678757,native,13705138.855191257,
20675465,native,31224098.531914894,
20676028,native,53350456.51111111,
20678024,aot,14152266.707100593,gas-used mismatch for 0xb78f20e11dbdbe1d9841fde5a23ac8725057a16ea7c70399c500336e670b757d: expected 385191 found 98969
20676431,native,55466317.75789474,
20680270,native,25652509.789473683,
20676101,aot,30348685.024875622,
20680647,aot,85048431.15384616,gas-used mismatch for 0xbd51b5bdc0b76de473e4e8a6d395d70b26115b0670bfd6d9a5b8d792ef207e35: expected 366018 found 95868
20676228,aot,24507907.275,gas-used mismatch for 0x9362ad9e3b9ae71b66d39a4c8837c8b92efd6de41708aa87a7a571b70048b185: expected 254195 found 194166
20676080,native,37175763.03053435,
20677650,aot,24117382.13114754,gas-used mismatch for 0x7147663cb17a381f9463f0850df8bcbe6f10a8e78f4639f3fbdfe780fb2b8531: expected 204516 found 82074
20678565,native,60773960.469879515,
20681191,aot,39113459.97560976,
20679911,aot,39344865.82269503,gas-used mismatch for 0x499e779d5624426b1734582aa8e03733969b60c1cb73e91c90db550115caf553: expected 279940 found 245549
20676180,aot,78039215.35294117,gas-used mismatch for 0x4d442e2096ed9183daabb1d36ab1b212dc170f642c987f78fe100678671105be: expected 282545 found 153935
20681012,aot,50382895.98518518,
20675596,aot,51568550.01904762,
20676015,aot,39162773.06451613,
20679262,native,53905952.61363637,
20676287,native,52163619.90361446,
20676217,native,52192536.18181818,
20676533,aot,77483896.22950819,
20676103,native,44128185.26724138,
20676056,aot,46535430.44705883,
20676778,native,38259214.9137931,
20676699,aot,56111282.59405941,
20675501,aot,58225922.451612905,gas-used mismatch for 0x88256f9d97183eb36c0a651485cdb8402a007708dd556c6b18a156dad2bf8bf5: expected 159183 found 80033
20676345,aot,35757088.99230769,
20675963,aot,41147235.25735294,
20676041,native,55292433.275,
20675785,aot,76869817.24590164,gas-used mismatch for 0xbe4af01835e9c7394a0d3ebaf35c0e675850bff6e0bc8a199be65bc79aef13b1: expected 492104 found 95856
20679149,aot,78207222.69333333,
20676362,native,113810990.64705883,
20676930,aot,63981854.4117647,
20678945,aot,30831433.127659574,
20676356,native,66477037.27272727,
20679216,native,55596142.92941176,
20675466,aot,22922301.595375724,
20678025,aot,50545349.90909091,gas-used mismatch for 0x8e42496f98569b2ea835e4c1e032e5721c353bee3fe1364653d6483d0c1cde7e: expected 248243 found 53073
20679967,native,23885477.060185187,
20678758,native,54138228.73076923,
20676967,native,5513002.130801688,
20675466,native,24158669.62430939,
20678466,native,67425125.69863014,
20676432,native,48893788.05263158,
20676113,aot,53317651.946902655,gas-used mismatch for 0x2ab6dabd77a1a0e34ad56943aca0567e224c1f92aefeba83dcf89ceb55e21120: expected 271521 found 107688
20676102,aot,91673134.42105263,gas-used mismatch for 0x82ded77e01dc0aea180204bbe7b713325210084c17cca889a3d6f97273cf73a6: expected 288412 found 221267
20680652,native,43858098.25203252,
20678764,aot,60536488.87654321,gas-used mismatch for 0x37cf7abba04a44b6b247a307a607a5c787c1c8daac76ec3cba0252d3e395cf9b: expected 265496 found 202218
20678455,aot,46839260.35135135,
20679858,native,28093691.805,
20676029,native,55917744.22093023,
20676100,aot,59384829.41836735,
20675548,aot,25173998.859728508,
20680271,native,63944180.2962963,
20676229,aot,69072064.61971831,
20677651,aot,56779316.29069767,
20681192,aot,29391373.745341614,
20680648,aot,26303167.194690265,
20676081,native,7920185.4639175255,
20679263,native,47961181.97674418,
20676181,aot,40219722.4609375,gas-used mismatch for 0x80073926163ddc681a4ed92dfe510ba9785a39977f70c4dfd22bbc00cc99a412: expected 374542 found 341369
20675597,aot,57157544.18181818,
20678566,native,47542417.721804515,gas-used mismatch for 0xc1f4bf3fc591b7bd116fbccff4985425b4823612a052fe6b9553ce664d10f464: expected 112907 found 59062
20676288,native,30824270.02484472,
20681013,aot,71732587.58974358,
20678468,native,78186129.4923077,
20676700,aot,50882939.06818182,
20676779,native,42995381.056603774,
20676016,aot,64796718.95698924,
20679912,aot,49614109.39705882,gas-used mismatch for 0x5a7beb1d60643c6efc8702882834111b5ced612ad8674e160be5f4aa8c390d43: expected 264160 found 68098
20675502,aot,77379253.71428572,gas-used mismatch for 0x6d9546a80e33070d4f9c44263a64b1107de2445ae91336f88756290490c00c5e: expected 287345 found 153935
20679150,aot,17175963.629166666,
20676057,aot,30335837.40883978,gas-used mismatch for 0xd4d7bb8babaf90548b187e6b6037203632ffee0025a8b835579c8ca3f4e706f1: expected 200958 found 81750
20676104,native,54513771.38679245,
20676346,aot,48192886.9,gas-used mismatch for 0xc7187309d6a7a4e585c0ee6c803c9ec1c354e6e68c1edecca2e6ebee6c7a622f: expected 282545 found 153935
20676534,aot,72295389.13580246,
20676363,native,49942974.316831686,
20676042,native,55768938.3125,
20675964,aot,37116594.31410257,gas-used mismatch for 0xc7b5939824f72680095768c354a4dee627eb93142583bdea69a17ba1a86869f2: expected 304345 found 234876
20676357,native,63123175.397435896,
20675786,aot,49503897.34710744,gas-used mismatch for 0xc903e8e86b981bd1ee5bcd9af6467c88c5a7c39e2efbd0886128f2e7b9aa1c6a: expected 293513 found 196659
20676931,aot,54495180.333333336,gas-used mismatch for 0x1ae8585e26b20f925b496404f5a417b67927d9266473c8c16222e98076c02091: expected 579763 found 521771
20678946,aot,52282783.65740741,
20678456,aot,47980068.3,gas-used mismatch for 0xa107d3a61f742848b93c93e6f435a1c69d9da650593909a14b392f00defe1f5a: expected 619692 found 618080
20680062,native,35063226.53763441,
20676433,native,38541352.70754717,
20679968,native,59164781.48717949,
20675467,aot,63073758.44444445,gas-used mismatch for 0xa509e869dddae570283472c74bfb817b3ef9337da02b6dc00909af85fa1915cf: expected 297805 found 208658
20680653,native,20163325.00877193,
20678759,native,43785684.48275862,
20678467,native,34485374.220689654,
20679863,native,19422867.2,
20678026,aot,35616525.821428575,
20675467,native,68431263.75641026,
20676114,aot,63661848.058823526,gas-used mismatch for 0xb8dfbcf4aa56d8b89e8d6c99d66daf4bfc0d346ce4997e6be43bc98cc2735343: expected 209407 found 82074
20679217,native,46721253.657142855,
20678765,aot,41258928.86231884,gas-used mismatch for 0x4d8277e6846fd20981ddb5dcd629f6e4ea4d8e6d6afe4982977d25e449a67d8b: expected 142449 found 142100
20675549,aot,86879516.33962265,
20680649,aot,54505967.89230769,
20679859,native,38558773.70666666,
20676103,aot,43582764.57692308,gas-used mismatch for 0x693890145cdf950a54d93e6e9fe2e15b014cbbc52dd1b9b9a1a7aff9c985c957: expected 298139 found 229375
20679264,native,22698729.508571427,
20677652,aot,42232871.24778761,
20676030,native,68611026.1,
20680272,native,56387507.91111111,
20676230,aot,70103339.37333333,gas-used mismatch for 0x0209ec5445cb9160a14489c3b5f5ad5e571488ee8ec93fd42bfe1cb8a15cf043: expected 633520 found 489455
20681193,aot,42751670.05555555,
20675598,aot,37557873.690265484,gas-used mismatch for 0x5055bd187083938177030fe4b8e610fa13b756c3e8a3c460ae2d0577f0bd6cf4: expected 326366 found 342230
20676182,aot,78021235.16363636,
20681014,aot,41344431.56190476,
20676082,native,87477972.12307692,
20676017,aot,67243486.5409836,gas-used mismatch for 0xb936756973afe9e21fcb3c6ed20530f3c97f5fb3c70d429e9d510bbd9dba9433: expected 375521 found 232280
20676289,native,55693952.2688172,
20679913,aot,21004729.40758294,
20678567,native,64189808.89156626,
20678469,native,57516807.15053763,
20679151,aot,77811973.15,gas-used mismatch for 0x7fe606b08e45ee4732dcd0c8eca3e0931d74bf56f5ca996a5410059679779bf1: expected 259620 found 58629
20676058,aot,64363132.526315786,gas-used mismatch for 0x22594500f755b305144557603c26d0df9dc26f4596e897f18ccc548e5f832b01: expected 254019 found 209785
20676780,native,68988750.1,
20675503,aot,25422458.753488373,
20676701,aot,39063691.48734177,
20676105,native,39410113.120300755,
20676347,aot,43893321.82926829,gas-used mismatch for 0xd1b9941e7a9595a5fd9fc7af3d146465e7dc0a900852d51bf32e74579ead694d: expected 613968 found 265316
20676535,aot,52401395.6122449,
20676364,native,67296976.83561644,
20676043,native,49787586.8877551,
20678947,aot,64700096.83098592,
20676434,native,20832280.09090909,
20675787,aot,40569431.15873016,gas-used mismatch for 0x0b36393ea63d0950ee4f635a5f84eb19be1c2fdd30e11c80d99e1c680cb3d9e2: expected 936948 found 473579
20675965,aot,58812507.53684211,
20676932,aot,45908137.3,
20678457,aot,39605446.87301587,
20676358,native,32865107.682080925,
20680437,native,61478240.723684214,
20678187,aot,43287137.24324324,
20678760,native,48613021.92,
20676115,aot,51825689.96590909,gas-used mismatch for 0x9c7df78a414c7d22e0f26280734b7c96121261b8152734c84f8845f9fccdca15: expected 698814 found 526937
20675843,aot,58652319.975,gas-used mismatch for 0x7befc1bc7c5adc7477eadfbf0fbd1351d78fde3195b171f4fb67b491f3b19516: expected 270782 found 199162
20680063,native,54330828.27027027,
20676781,aot,58380808.70512821,gas-used mismatch for 0xe39e56f768b69c2f88a128f104f5116fc5d7f8fd8e9cb3e91b384c0f5118efd9: expected 282545 found 153935
20679969,native,33696345.24309392,
20679860,native,34376084.09322034,
20680654,native,23284934.874524716,
20678766,aot,52319146.684210524,
20679864,native,79970578.7,
20680650,aot,71163326.5735294,gas-used mismatch for 0x5579e1cda0c9e108eb9914bffb1084412d790bc0672b4fc68239240f65adb014: expected 670448 found 539749
20678027,aot,54267982.08490566,gas-used mismatch for 0xb02bbaa83e333d1205149b378b0754f7a8e1d44ec731b8504e9febf4e4a1e301: expected 286839 found 92655
20675550,aot,4638477.603491272,
20677653,aot,56280977.4939759,
20676194,aot,53419017.35555556,
20680273,native,43506024.672413796,
20676104,aot,62696303.41975309,
20679265,native,81710619.23809524,
20676231,aot,23845775.76363636,gas-used mismatch for 0x5541b2a64778fe10b5ed295b3dbf59225a232acf469920e8aeac23f245699b8e: expected 282545 found 153935
20676183,aot,6393091.2,
20676290,native,33055247.07936508,
20675599,aot,68046171.6,gas-used mismatch for 0x0dba765503505618567eff341eed2197a7941212863888182b3e9f0806fc1429: expected 1203539 found 37833
20681194,aot,35731485.38509317,
20681015,aot,47464564.80582524,
20676083,native,93255433.69090909,
20676018,aot,47325788.27027027,
20678470,native,69607862.36363636,
20676059,aot,34581813.176470585,
20679914,aot,68407302.82716049,gas-used mismatch for 0xe5a54b3093fd0359bb19266b5226473de9dedd3d6dd8b13e1339184a80d41b1c: expected 196320 found 81750
20675504,aot,28433302.44242424,
20678568,native,56909835.01980198,
20676781,native,56808340.655555554,
20679152,aot,37852053.91780822,
20676536,aot,28328230.36904762,
20676702,aot,55816157.76923077,gas-used mismatch for 0x5f8e9ea4b476d2c17b5306297c9f344c7c0f5a4524c40e9c8a6e2864b88aed42: expected 264236 found 68194
20676348,aot,39351651.73846154,gas-used mismatch for 0x82ae903dbbfb201f21c51f91fbc45f8fbff86c2d164477973e3d2f9f8ab94c46: expected 449796 found 95892
20676106,native,61860777.30120482,
20676365,native,43801374.5862069,
20676435,native,84208552.19642857,
20680343,native,27766335.955128204,
20676044,native,45072793.504065044,
20675788,aot,39774087.3125,gas-used mismatch for 0x12c3d3aa4cb015ac801de486be63f5e13874c576b4fc39544ed762400fa1b5f3: expected 298323 found 232280
20678458,aot,47958417.24489796,
20678948,aot,63441131.0,
20676933,aot,45918039.945454545,
20675966,aot,31724552.93373494,gas-used mismatch for 0x7d5d9edd0b06deade9c3841ecb3a0b0d2ef9c75ba84dfdbddba1c19f29d62603: expected 282545 found 153935
20680438,native,48183447.699029125,
20678761,native,39366467.788135596,
20675844,aot,6099410.1009174315,
20676116,aot,46923605.43809524,gas-used mismatch for 0x97cbd8c320a7f39ef237d32825e35ce24c1d34b43f61eb4df37487164f037a9b: expected 622197 found 196310
20680064,native,42395925.391666666,
20679861,native,22758864.600917432,
20678767,aot,41537135.18095238,
20678188,aot,45020265.865079366,
20680651,aot,57018130.4375,
20680655,native,77641223.37704918,
20679865,native,67116553.8,
20679970,native,46972320.61016949,
20678028,aot,41277345.83050848,
20676782,aot,72825763.51315789,
20680274,native,55478381.14666667,
20675551,aot,111831453.67391305,gas-used mismatch for 0x4b5e3a4b8cc4169c3bd70cd1a8f40119daafdfb0de397acbf173dab10dbfd82f: expected 304325 found 234866
20677654,aot,29709716.1,gas-used mismatch for 0x432c2bcc72e915fbca3db9e8a2cc62f3b1fecb0ed623fc1716d758a5d3da3670: expected 254283 found 165844
20676105,aot,40268908.81896552,
20676195,aot,48097456.59,
20679266,native,35280775.773049645,
20675600,aot,30210245.013071895,gas-used mismatch for 0xdae8dafa70d9d689e588cbdb11f1324342d479eb60e53d35854afc2991aa5f6c: expected 575248 found 305718
20676184,aot,78118693.12307692,gas-used mismatch for 0x4769870ea9b4068db81eddc0ac64e2725b280f3d94c4f8bdff461ec4fdbd3c93: expected 333022 found 95868
20676232,aot,64105842.069767445,
20681195,aot,49890002.25242718,
20676291,native,43054357.0390625,
20681016,aot,36588831.60273973,gas-used mismatch for 0x47fcb212f4924126189f1c9235b721afd4296d202e0436837f5a32ee010f540f: expected 223642 found 144547
20678471,native,45094576.495238096,
20679915,aot,39659090.666666664,
20678569,native,33257333.0078125,
20676084,native,58119830.244444445,
20676060,aot,20139798.22310757,
20676537,aot,30537995.65714286,
20676019,aot,53764280.82524272,gas-used mismatch for 0x36820f933a5ef6809a3ed0c7635933194824bb8b35e0ebddd69c1aab862a8a0f: expected 247190 found 132844
20675505,aot,68194468.77142857,
20676782,native,63417557.89041096,
20676703,aot,35271836.7734375,
20679153,aot,48997022.02040816,
20676349,aot,3477303.397993311,
20676107,native,46223989.06930693,
20676366,native,52020740.703296706,
20676045,native,30775546.896774195,
20680439,native,52518211.45,
20675967,aot,61387111.1,gas-used mismatch for 0x0d063695681d952b876a4449e2554129ba4817cd342ad69b5e6a1d5859fdafb7: expected 621932 found 462427
20680344,native,57905348.315789476,
20676436,native,79838565.79411764,
20678459,aot,39389808.30496454,
20676934,aot,37398686.79710145,
20678949,aot,45648529.98347107,
20678029,aot,40204278.24175824,gas-used mismatch for 0xb7e274110cba547a576e2df4662a3a212d7f786c7f51151588e898c9bee1485a: expected 259630 found 58641
20675789,aot,61417700.96875,
20678189,aot,46514113.875,
20679971,native,41152298.41836735,
20675845,aot,66476649.602564104,
20676783,aot,32255594.007936507,
20678762,native,76896023.91428572,
20676117,aot,63706050.37349398,
20679866,native,32706726.535947714,
20679862,native,37265456.96666667,
20676106,aot,59995965.342857145,gas-used mismatch for 0xcfb545576fb0ab4dee0918fe578e51128c2ca503b41039e1a9313e1e4b119510: expected 287345 found 153935
20680656,native,33353705.80120482,
20680652,aot,43048347.0859375,
20678768,aot,38409579.10967742,
20680065,native,84804406.30985916,
20680275,native,37362705.97826087,
20675552,aot,61834193.756410256,gas-used mismatch for 0x365419a5d9d58837f7e4e5abffe293373c66edebfe2df2fb293f872677a31fbe: expected 356961 found 295435
20679267,native,50222430.166666664,
20677655,aot,53407017.67058823,
20676233,aot,52191835.1375,
20676196,aot,57174698.75789474,gas-used mismatch for 0xab29df566b9a5382b4f9b5426e5e4536f2961c6ff72cfff016541fbcff8e0b69: expected 306470 found 95868
20675601,aot,37170545.58695652,
20676185,aot,57410301.36363637,
20681196,aot,48638082.66,
20676292,native,54351971.37209302,
20679916,aot,56085818.51764706,
20681017,aot,49342040.6407767,
20676783,native,32844308.8,
20676061,aot,33984789.80434783,
20676020,aot,49998220.80681818,
20676538,aot,72835435.81538461,gas-used mismatch for 0x323758f94f00a1abfaa85b59f7cf8c1bed91f290e1478a4c8ff9a88b2f218d45: expected 840291 found 341369
20679154,aot,49421480.79545455,
20676350,aot,81006887.10416667,gas-used mismatch for 0x2be083e669c490bd236ea9d3b58e0cb3f28cedb361872599725b9f7d5bd26201: expected 518538 found 367126
20678472,native,60291849.78125,
20676704,aot,26771047.20218579,
20678570,native,66259013.20454545,
20675506,aot,49613578.6,
20676085,native,61307003.59,
20676108,native,52361210.24,
20676367,native,56532052.04395604,
20676046,native,63492390.7625,
20676437,native,37043826.59504132,
20678460,aot,60620186.0,gas-used mismatch for 0x63e87cc5bb8b68df11c4371cf87ec0cc3af47da922b582633f399674783fe1cd: expected 248252 found 53085
20678950,aot,53115777.434210524,
20675968,aot,41615296.74166667,gas-used mismatch for 0x56dacf0f3c8d2f14957af89f5d67ccc02041be525b8288829c9c28783cfa7b06: expected 493775 found 95880
20680440,native,47463206.35772358,
20678030,aot,46114581.36036036,gas-used mismatch for 0x82f166d7c2ed1285f75bd80586f0d65c31bb26f6d4c081f1a40d3570ff0ec723: expected 281698 found 44862
20676935,aot,61345888.930232555,
20678763,native,11805137.102941176,
20675790,aot,17611358.29032258,
20679972,native,37477869.664122134,
20676784,aot,44183963.47107438,
20675846,aot,66900392.0,
20680345,native,67136967.5263158,
20680653,aot,25274980.25730994,gas-used mismatch for 0xc7da89abe7e703c311644c8591ea6e662fdd60f1260debeb29efaec66bd89a7e: expected 360734 found 152988
20676107,aot,37825677.550847456,
20676118,aot,19767501.864150945,
20678190,aot,54623276.3,gas-used mismatch for 0x0467e443c3f17c8b17bca13f70ae3123f9ba302fd725d6720e7200934e56ddc8: expected 726007 found 538206
20675553,aot,34795713.5390625,gas-used mismatch for 0x31d41b29954daabd03ad755a32c0f391f206824cef2e53e24a5031a72836b29c: expected 360097 found 222306
20678562,aot,42778267.483333334,gas-used mismatch for 0x2b9ab4d776e20388a21b3362158b19c7873260367260da68705d314f08877955: expected 770737 found 811044
20679867,native,36219452.13548387,
20680657,native,43958595.0,
20677656,aot,32338477.36551724,
20679268,native,69666781.1076923,
20680066,native,100794125.33333333,
20676197,aot,51202018.296703294,
20676234,aot,45225459.64655172,
20676293,native,41787506.556603774,
20678769,aot,52418708.23577236,
20680276,native,80732838.94318181,
20675602,aot,39266997.574324325,gas-used mismatch for 0x0c76ee53e97c46c8bb05de3414373b562ce26d05ae847920511fa5b05e40ea18: expected 246456 found 207292
20676021,aot,42943164.40776699,
20679917,aot,34412895.737931035,
20676186,aot,46836887.90082645,
20676539,aot,36243884.358778626,gas-used mismatch for 0x1a2f8c61056e29350397e243b1ade3b0623e080d208d3d7534959f97bd5ddc77: expected 353077 found 95880
20681197,aot,38605303.006622516,
20676705,aot,59536244.6,
20676784,native,41646353.74814815,
20681018,aot,42805759.162962966,
20676351,aot,77446010.0,
20676062,aot,83830128.0,gas-used mismatch for 0xcfa849d0c31dcd5eed90c1be9539fe51d4df98ede9e1dfa0d98366c8b0faad27: expected 479490 found 95916
20675507,aot,55521169.27906977,gas-used mismatch for 0x580901ae872c1e88820fbf124af7422559e9f1c5500170d2e1bb8aabc57bfcea: expected 159183 found 80033
20679155,aot,33465498.20588235,gas-used mismatch for 0xfc752f2cb3fdbad42817eb3a4e0b330f3f87d3eab167c8d227980df09f2e4a2b: expected 248243 found 53073
20678571,native,62207534.679487176,
20678473,native,45114959.488,
20676086,native,27144618.82222222,
20676368,native,34571545.94927536,
20676109,native,41960604.06779661,
20676438,native,29597769.277419355,
20676047,native,4125520.0084317033,
20678461,aot,45548986.70434783,
20675969,aot,37337535.94074074,
20678951,aot,37421944.08783784,
20680441,native,46421921.21296296,
20678031,aot,34260014.38518518,
20675791,aot,48818117.791666664,gas-used mismatch for 0x9e9ebb15a4d8318e5b0b52b815715fde985b5022b5c98c7b4f3ef9b80976bafb: expected 200891 found 81738
20680654,aot,20349087.528846152,
20679973,native,30388491.012903225,
20676936,aot,54216804.5625,
20675847,aot,30760147.794701986,
20678563,aot,58514884.47692308,
20678764,native,69513476.63013698,
20676785,aot,46025034.15740741,
20678191,aot,39329198.4,
20675554,aot,64527678.885714285,gas-used mismatch for 0xb85ceaeca879cc7134b297d30d81977a3c643fd90e0fe4de316f144871b4e74f: expected 196177 found 81750
20680346,native,32029225.275,
20676119,aot,68412877.27941176,
20676108,aot,48865247.88181818,
20680658,native,55138771.0,
20679868,native,45044855.744,
20679269,native,40832736.244444445,
20677657,aot,83666543.90476191,
20676235,aot,46321854.056603774,gas-used mismatch for 0x84b1917bf43dcb1214e07fb170a2666eb72b6f07f3b133d15a7f51a654d22603: expected 282545 found 153935
20680067,native,36388749.06410257,
20678770,aot,75120442.46031746,
20676198,aot,40204608.2739726,
20676187,aot,53331894.07058824,gas-used mismatch for 0xcc7640fb16ede05e3c462d5960fe50dca5a01ae7c078f18dd05ebdd8cacadbbe: expected 261705 found 212298
20676022,aot,4333869.653456998,
20676540,aot,60889116.925,
20676294,native,65224749.95604396,
20681198,aot,33920666.88970588,
20676063,aot,33996431.88095238,gas-used mismatch for 0x51e0ff342e644e30ea36f6795a0ebb1dc399f389024318ecc1b8290ddfb43aaa: expected 344992 found 95868
20680277,native,40909899.97058824,
20675603,aot,91501154.81666666,gas-used mismatch for 0x2dcab46f3756eaf54dd011ed98e4a13bfe6920900a63b28ebb364ae5dcba7d2b: expected 1373301 found 1112072
20679918,aot,46263217.171875,
20676352,aot,30374381.606936418,
20678474,native,21539919.680751175,
20679156,aot,65450704.35526316,
20676369,native,19362878.85531915,
20678572,native,46911047.782608695,
20675508,aot,41462568.73529412,
20676439,native,50369997.302325584,
20676706,aot,58737748.216216214,gas-used mismatch for 0x3ccd9d687fbc2782d3644752080359378c770455176dd62e0cbc7c0f72467f89: expected 114752 found 64963
20676110,native,53865132.83950617,
20676048,native,85105455.73584905,
20681019,aot,53135808.8515625,
20680442,native,80818938.1,
20675792,aot,78386495.7826087,gas-used mismatch for 0xeeb0f60341410bb95e14fe9e4a1eeb93bec165a2772a1c027347db52dc8233e0: expected 359311 found 204713
20676087,native,28438221.701357465,
20678032,aot,34190734.81884058,gas-used mismatch for 0xec454d694a1cd7adb67718d84a976a8ff77a2381297cb787a7c02b613f2a7f1f: expected 395289 found 95880
20678952,aot,44522794.47169811,
20676785,native,59144355.592307694,
20675848,aot,4612166.263101604,
20678462,aot,40014862.14814815,gas-used mismatch for 0x24c883c18a8b08e71b8564ff707fe10acd0c2ed187c7e9d531098ee2af672742: expected 334631 found 95916
20678564,aot,43953745.489583336,
20675970,aot,50680103.75238095,gas-used mismatch for 0x0575bb1f66167e0e3c71daa8973ecf1d3d12723138c9e9e212da44f27edca173: expected 360151 found 317150
20680655,aot,73768032.16666667,
20680347,native,36806723.13846154,
20679974,native,61436890.11764706,
20678765,native,43378717.277777776,
20676937,aot,48622059.5785124,gas-used mismatch for 0xf495ce1bfe140b334586200ba4e4ae432997f123ed38aa2ae6b8de73601f3b68: expected 286726 found 221278
20680659,native,34399695.77536232,
20676120,aot,48993950.809523806,
20678192,aot,22950967.536585364,
20676109,aot,40232310.62698413,
20675555,aot,618898.7466908625,
20677658,aot,45260393.364583336,
20679869,native,26887378.912820514,
20679270,native,54632493.255813956,
20676786,aot,63956599.07272727,
20678771,aot,41978078.168141596,gas-used mismatch for 0x437c3bd5c2eca8655977954e45c150db99e54c51c34d9c117ecac75ac91a4ccc: expected 275288 found 243127
20680068,native,68128964.75342466,
20676188,aot,41366123.333333336,
20681199,aot,36700950.666666664,gas-used mismatch for 0xaddbba302ffc9dc878c9c2f96bda02d8c60858c799fbefc3d36287299d56325a: expected 266939 found 219649
20676199,aot,52457662.24761905,
20675604,aot,39094793.00847457,
20676541,aot,72581424.25714286,gas-used mismatch for 0x70cbf88d4bcb4eb1c5171499ff8d9a4d6386ea3a94af51b3d9d48bf26d5a252f: expected 291004 found 208659
20676064,aot,44702403.827586204,gas-used mismatch for 0xa93abefe63d963c612a2b15f7e699595dd3368bd71a8519857172b7caa76bf23: expected 1162027 found 823342
20676023,aot,91523626.85454546,gas-used mismatch for 0x8dc34d1f843dd2b376e0426668d77b6ea088b826fb21840eb390b759c5efbb93: expected 829892 found 876270
20676236,aot,44091724.33986928,
20676295,native,30005005.983783785,
20676353,aot,66206863.23809524,
20676440,native,38932529.37037037,
20679919,aot,36900067.52413793,
20676707,aot,21792915.83902439,
20680278,native,43991537.3115942,
20676370,native,64410502.8630137,
20679157,aot,30000665.580110498,
20678475,native,51476717.96460177,
20678573,native,67228973.11842105,
20675509,aot,31005685.505882353,
20678953,aot,34812449.712,
20676111,native,65365128.79069767,
20678463,aot,39313986.300884955,
20681020,aot,17318491.299065422,
20675849,aot,51725716.94186047,
20676049,native,71623270.7625,
20680656,aot,26543732.97159091,gas-used mismatch for 0x89f555d6cc936e33cbfc8e17b80ed847d02bbcb046b7c29297149b67b0b67c31: expected 322275 found 95880
20675793,aot,57088246.51578947,
20676786,native,54119602.571428575,
20678565,aot,56082617.8,
20678033,aot,48549151.141509436,
20676088,native,100776752.01886792,
20680348,native,30700830.966216218,
20676110,aot,58932626.54545455,
20675971,aot,38326158.2125,gas-used mismatch for 0x535cd8cabefb1cbe42703d1fbcabbcb323e7e3d08655b99dfce75728746f1960: expected 293180 found 199172
20679975,native,32850246.63870968,
20680443,native,56086975.872,
20678193,aot,57581433.22891566,gas-used mismatch for 0x9a8f0c9131953ae29096e5be52a42ae33e046fd18d999e4b34438feb96f1b98c: expected 257999 found 60495
20676121,aot,54326720.94186047,
20676938,aot,21463803.333333332,gas-used mismatch for 0xc6d03e618bc4be35e5180b750f4e2d7abf2bd65f8871f1dd55c73132d9b99693: expected 284674 found 49274
20675556,aot,89989187.33333333,gas-used mismatch for 0xf554b0145c56e58c218bfa5c9fbe8f2f29fde87c14cfb7892cb0c27604f44723: expected 301755 found 170381
20678766,native,58838994.270833336,
20680660,native,41878160.323529415,
20679870,native,82097308.31746031,
20677659,aot,59637832.2,gas-used mismatch for 0xdbc122e3634dfcc26fceca6254ef4291c7dfa79c869cea71a594707e1334d8c2: expected 303334 found 234328
20679271,native,42760713.016666666,
20678772,aot,28669251.832369942,
20680069,native,54295210.43181818,
20676787,aot,52382636.73469388,
20676189,aot,43629663.027027026,
20676065,aot,44734952.45544554,
20681200,aot,41663046.78125,
20676237,aot,37411807.8,
20676200,aot,37009007.78767123,
20675605,aot,2375762.6965488214,
20676354,aot,32955154.78807947,
20676542,aot,68119866.02352941,gas-used mismatch for 0x947748b6f924e63773921def4b7bfb5c3680a6b74370d3f013519266a88650e8: expected 484097 found 95880
20676296,native,80339421.54411764,
20675510,aot,55220395.20547945,
20676024,aot,27196120.3539823,
20680279,native,42074676.38983051,
20676371,native,52178181.84615385,
20679920,aot,44317987.6171875,gas-used mismatch for 0xc8d4e4010dedaca3d223bd69c8f6544208d7baf3aad1038454ba8465fb7df62d: expected 300857 found 244829
20676050,native,27457585.987096775,
20678574,native,58789287.233333334,
20678034,aot,33176018.923664123,gas-used mismatch for 0x7142b7533eb1498712634652aa64f2fb75b623f0e294784722d1a6a45ce2cfeb: expected 252692 found 44862
20679158,aot,18908494.96190476,
20678476,native,99166932.94339623,
20678464,aot,60905936.1125,gas-used mismatch for 0x3ffb5c068096de1aaab2055e0d9a79979a3bea55a3c3e6fd83159192ef4d3bf0: expected 391067 found 306398
20676441,native,48930759.71014493,
20681021,aot,77351314.65079366,
20676787,native,44127414.333333336,
20676112,native,48863142.018181816,
20676708,aot,55414867.520325206,
20676111,aot,52668560.08571429,
20678954,aot,48796961.3362069,gas-used mismatch for 0x060a1d5b9d67efc604ad51483ed3f3055216400d431b3e33b2f5c41a68483ffc: expected 257999 found 60495
20675850,aot,43339201.16,
20676089,native,52479458.53684211,
20680657,aot,44106988.24615385,
20675972,aot,63522453.97142857,gas-used mismatch for 0x0220ae8fb80b77ddb6ddef2c3147327c0b76dc6c7a58fe51a6697d3fd18011a9: expected 616233 found 478629
20678566,aot,27599561.427906975,gas-used mismatch for 0xc1f4bf3fc591b7bd116fbccff4985425b4823612a052fe6b9553ce664d10f464: expected 112907 found 59062
20675794,aot,68034096.52272727,gas-used mismatch for 0x3b3f915b187705fc9a79914785a6cf8a95e4df5401dbacc69fb39b434de7a20e: expected 305151 found 95856
20680349,native,46608203.25454546,
20678194,aot,42045451.83962264,
20679976,native,89583856.49090908,
20678767,native,38620719.166666664,
20676122,aot,44898145.144067794,
20679871,native,64697555.85,
20676939,aot,14816266.592592593,
20679272,native,33407930.091666665,
20675557,aot,52770123.16831683,
20680661,native,42144480.618644066,
20677660,aot,78170844.71428572,gas-used mismatch for 0x06f728edf78a7181b5f0f70075a2a6ef469fceb1df496f7f26fb6266e1654ba6: expected 234697 found 44606
20678773,aot,26960688.833333332,
20680444,native,47672659.80136986,
20680070,native,64261861.47674418,
20676066,aot,17111989.858108107,
20676201,aot,42055677.30434783,
20676355,aot,28561287.652173914,
20676238,aot,38944882.27941176,
20675606,aot,56958092.12048193,
20676543,aot,30512461.104575165,gas-used mismatch for 0x9c789fbecbb671a174fe197650caebdcf4a84e00e40d2e869f610565434ac2a3: expected 678807 found 382359
20681201,aot,60530867.75,
20676025,aot,53111999.60240964,gas-used mismatch for 0x45b59aad95b21d4bfd1df07340fae9fe9cd3fcecbe3f37f09d610f43b911a4c5: expected 368509 found 225258
20676190,aot,57456873.65079365,gas-used mismatch for 0x82da1468895a5bcb2ee1c52c7e2f84ee18168460a83b298d8a6c98e268c7a519: expected 199237 found 81726
20676788,aot,90102601.31578948,
20680280,native,39689440.74796748,
20675511,aot,32322287.34375,
20678465,aot,26114554.470198676,
20679921,aot,41986980.11570248,
20676297,native,53939194.31481481,
20679159,aot,67227281.8923077,gas-used mismatch for 0x2c2157814f02ee1314828ff3e17f7febca4aeaf01617f2683bbe9ae7ed1d16b9: expected 421637 found 95868
20676372,native,46020006.984,
20678575,native,41547684.344827585,
20676112,aot,48896249.461538464,
20676442,native,30004741.224358976,
20676051,native,66560171.820512824,
20676788,native,92889618.48837209,
20678035,aot,68954219.6875,gas-used mismatch for 0x12caf8012a1f1522060e687bf7ddedbcddaa339e85b5f1e208d9d5a21fa7e9a8: expected 643067 found 353337
20676113,native,39186531.83206107,
20675851,aot,42000338.22608696,
20678195,aot,33605595.416666664,
20676709,aot,59530780.174418606,
20680658,aot,43618615.46363636,
20681022,aot,52914192.225225225,
20675795,aot,36538037.924812034,gas-used mismatch for 0xe37a33e4b6af57c6617d56e303b2d07e8f12b68020e4aa233bb8641d31c72c83: expected 629726 found 547622
20678955,aot,69146912.26315789,
20675973,aot,59148404.97727273,gas-used mismatch for 0x66ba04afbab4aa8716e4140b3d22ac8c9b59d5d7c5ec9fad53d41d692d804f63: expected 385115 found 317114
20678477,native,59589092.36363637,
20679273,native,40951972.8125,
20677661,aot,37907063.74736842,
20678567,aot,59089076.653061226,
20679872,native,36905017.40833333,
20675558,aot,47150882.58947369,gas-used mismatch for 0x9fe6532d87d24809cb1b66c77a974425498073385f47390da3bd525836a85ee7: expected 1279089 found 581191
20679977,native,27090521.320197046,
20680350,native,35936132.71590909,
20678768,native,36541338.18543047,
20676090,native,47292608.28082192,
20676123,aot,74448669.01470588,
20676940,aot,110327115.53333333,gas-used mismatch for 0xbbc5fdfabcf306682cb621b001e1fd2643286a4eecc18d273915351f74ca50c0: expected 112507 found 75258
20680662,native,56065698.4,
20678774,aot,68812005.8235294,
20680445,native,48550892.67326733,
20680071,native,20229621.633484162,
20676239,aot,58600208.23943662,
20676067,aot,69399644.90410958,gas-used mismatch for 0x11df8b46eadc2e346bdbea68302bfdbca49d273dd5f2d7982868c219ff76da70: expected 462691 found 336515
20676202,aot,6576141.901639344,
20676789,aot,30067604.67832168,
20681202,aot,30793582.732919253,
20675607,aot,84727812.68333334,gas-used mismatch for 0xb73fac46503c72eb462c525f0187a1846e5236a3f20682940342caca979ae2fe: expected 691439 found 279716
20676356,aot,77278668.46478873,gas-used mismatch for 0x499df2022222446d2e169109483034d0f4784c52331a25cfdaf80113711a43ef: expected 291531 found 98969
20676544,aot,63375576.6125,
20676026,aot,43521550.1875,gas-used mismatch for 0xc4e36248624eb49019d6313abe46f9c7aa9515cbd174f85696d925441bf67af7: expected 369069 found 232280
20680281,native,53570063.74736842,
20679160,aot,26156801.94736842,gas-used mismatch for 0x92181576ff5b452905b215359860cdee4b1dbe2b35646bcb1ea99c73ec99c082: expected 360079 found 317078
20676443,native,49944396.074074075,
20676298,native,58052733.2375,
20679922,aot,36933569.68888889,
20675978,aot,70581132.01587301,
20678466,aot,72543300.94736843,
20676191,aot,73519934.32941176,gas-used mismatch for 0x5c04f136f4d421a22d6cf677a96069c8a0cf99cf98269752e69b494fcddcb906: expected 311612 found 95880
20676789,native,31823129.43918919,
20678576,native,84125545.31746031,
20675852,aot,1585888.4183564568,
20676373,native,41251118.683823526,
20675512,aot,73741768.04545455,
20676052,native,47991526.22314049,
20678036,aot,35876890.69594595,
20678956,aot,55283380.102564104,gas-used mismatch for 0x5814542832b9791afb46c7605e3fa303e1d9bd2c44c36e6ea568df16faa29117: expected 689007 found 101561
20676710,aot,40768534.333333336,
20675796,aot,34989704.492753625,
20680659,aot,35576032.7972973,
20678478,native,62939076.48571429,
20678196,aot,52684470.23584906,gas-used mismatch for 0x56cd79a322c46a89c33f6e38a52783ff6c83b4ce7fbbcb3054d3a85328a6e659: expected 296438 found 211156
20681023,aot,45284542.90434783,
20675974,aot,53954921.40625,gas-used mismatch for 0x8a1a3c625c0081d126305113ef18db523fc0621b9456d332ac595ca7285909fa: expected 282545 found 153935
20675559,aot,52423549.488372095,gas-used mismatch for 0x940570df8cfb0aa750342764647b4179fb0e181aff028029d6459c1ae765a946: expected 323582 found 95880
20679274,native,25050327.66511628,
20676114,native,76372284.8235294,
20679873,native,41371392.52,
20678568,aot,48684418.18584071,
20676941,aot,56586894.07058824,gas-used mismatch for 0x6f6acbeca3de2c0e0848a1851a07c47383ee4ae247031c5c9089b2b85f419e09: expected 897165 found 123856
20677662,aot,22158692.26181818,
20679978,native,65104948.08235294,
20676091,native,55567909.39795918,
20676124,aot,72136196.45333333,
20678775,aot,27538703.52486188,
20680351,native,60174433.34736842,
20680072,native,19642766.78318584,
20680663,native,81265473.15384616,
20676240,aot,36924985.583333336,
20680446,native,77771456.66153847,
20676068,aot,41350966.876106195,
20678769,native,57558702.23809524,
20676203,aot,97424774.08888888,
20675608,aot,58060255.802325584,
20679161,aot,18012891.784,
20681203,aot,32359789.192982458,
20676357,aot,57593981.5,
20680282,native,21267995.47639485,
20676790,aot,49758842.46551724,gas-used mismatch for 0x33b50a0b53d3de7df58937daae190a30458f98f84dc5f22c951c859ef3bde532: expected 282545 found 153935
20676545,aot,56869211.99,
20678577,native,62011260.666666664,
20678467,aot,36223846.375,gas-used mismatch for 0x84154474042d9886f92e8cb32bdc51c137f82e3fceba11c2331f74a43b3cb074: expected 271279 found 238522
20676299,native,42241608.24793389,
20676444,native,4413687.752922837,
20676027,aot,20949964.707142856,
20675979,aot,57277202.666666664,gas-used mismatch for 0x7e8c50cf3e853fb410504b703005dd820771d4886ec115573a4afb4e846bddf4: expected 306482 found 95880
20679923,aot,42760146.79389313,gas-used mismatch for 0x1e397d4aede6b4a3204af0b310db295c26e9ad611fc7bde3000f49fe949b2546: expected 266711 found 238391
20676790,native,42820882.720338985,
20676053,native,64920446.0,
20676374,native,51562320.18095238,
20675853,aot,90651741.5,
20678957,aot,35964113.180451125,
20678197,aot,43433246.77669903,gas-used mismatch for 0x6246114cc2aa695dc81a957a58d6131ab136c6054ce18f6408f15ef028376e70: expected 623882 found 319915
20679874,native,34686908.79611651,
20680660,aot,39716078.76923077,
20676192,aot,68820407.94897959,gas-used mismatch for 0xf86904c1cfdf6002d52bf4408a888d109cdfc4276b8ad501b749fb47b126b18d: expected 252850 found 238290
20678037,aot,59280986.63265306,gas-used mismatch for 0x68b92f010e7dff40109c3d40df71664867fe8b914a19b32cda7a8063428be2fc: expected 360139 found 317138
20676711,aot,36375784.626666665,
20678479,native,40332374.808823526,
20675797,aot,73175995.57894737,gas-used mismatch for 0xd234d6179236ede85c91249584f49667fa2de1a92a1f7e65838a710d9f668de5: expected 297138 found 231718
20675513,aot,59782454.38938053,gas-used mismatch for 0xd182bb34c287dd9b9ce6072277450dc1778f2b2d1d49f99661e4bc5c88cf2f7e: expected 380012 found 173471
20677663,aot,83336767.3125,gas-used mismatch for 0xa447f58a5c0243d18f99f1ea07272964f8fd8793b68bdde4673f3115f76f47bb: expected 469187 found 424078
20681024,aot,48300564.56910569,
20675975,aot,51098886.05405405,
20679275,native,86550877.2413793,
20675560,aot,37864773.537974685,gas-used mismatch for 0x9b6ad7f870e047dc47da1a2cbf297fc917ca8180efdc6e630b5949026a4755bb: expected 200903 found 81750
20676115,native,63719749.24175824,
20679979,native,24791239.333333332,
20678569,aot,31715489.772727273,
20676942,aot,44725984.36585366,gas-used mismatch for 0xee8e448d73788eae79d60144d030633766cc6458f4668314e5588a231f99c8ea: expected 333221 found 218995
20675976,aot,54085917.11578947,
20680664,native,51550995.13978495,
20676092,native,59662004.0989011,
20680073,native,85704476.38181818,
20680352,native,38817697.40740741,
20680447,native,32357137.90797546,
20676204,aot,66654689.81538462,
20678776,aot,48117028.823529415,
20676241,aot,67450398.34883721,
20675609,aot,31080668.233333334,
20676069,aot,67236943.98888889,gas-used mismatch for 0xa650d1b082bbef7d4788ec3ff5ec0862703e684fd84b380ff97b651177599ef2: expected 2421480 found 2486001
20678770,native,69496405.07692307,
20676791,aot,30273629.490066227,
20678578,native,30287494.5,
20681204,aot,40688683.6984127,
20675980,aot,52742325.641975306,gas-used mismatch for 0x7b5ecb50cbcae085b6379070349bbf1c96a2a6a9c8d810468eec80827f796992: expected 298397 found 232280
20680283,native,61633918.46511628,
20679924,aot,31366615.285714287,
20679162,aot,52399466.539130434,
20676791,native,31211379.64137931,
20676358,aot,33012919.77297297,
20675854,aot,49654309.530864194,
20678468,aot,82226022.04545455,gas-used mismatch for 0x1e9a19596c4df624e78ab28e1e1b21cf95efccf00048803121326b09d76e768d: expected 322263 found 95868
20676546,aot,51535261.362068966,
20676054,native,30908265.384615384,
20676028,aot,66319890.95180723,
20676300,native,51363230.43103448,
20676445,native,91579570.7,
20676375,native,76464150.16393442,
20678958,aot,38762630.54615384,
20675798,aot,72287120.4528302,gas-used mismatch for 0x8b34888277328e92df0d08b9ddbe56338ec579cdd8a54018552f0af1ccc49d12: expected 553906 found 426805
20680661,aot,35550172.4609375,
20677664,aot,39386257.30909091,
20675514,aot,40869626.19090909,
20675890,aot,59817782.604166664,gas-used mismatch for 0x5d84ec5e79ddf9d1ec7158467feda76f9af860b396a77a93dd7a21c548e61867: expected 1207693 found 1093182
20675561,aot,58293353.56,
20675981,aot,27633580.307692308,
20678198,aot,77552732.08235294,gas-used mismatch for 0xe75e08e26645ad3c9613441cd3684b4a51fbd20acbfc902e62e14416379f9542: expected 302550 found 211090
20678038,aot,65513835.417582415,gas-used mismatch for 0x6fecf24a68f478f329a9f784ef12dc4f69ee3b8a07a179035c8e4467e9b132fb: expected 252692 found 44862
20679276,native,22247286.880530972,
20676193,aot,67604736.18888889,gas-used mismatch for 0x9db636d2c6e0f0d2a08c157ef9d20b8bc7ae35ac39ddbaa5b6987cdeba405e66: expected 282545 found 153935
20676712,aot,58511198.72448979,
20680665,native,44174422.010416664,
20676116,native,50614012.12,
20681025,aot,36574953.91875,
20679980,native,46358709.9826087,
20678777,aot,33312259.427272726,gas-used mismatch for 0xc588011ebe28a04510ebb9ffb8c93bd201d3d857c800478d7bd98348d59639cf: expected 655633 found 454820
20678480,native,84368018.20481928,
20680353,native,31388158.346153848,
20675977,aot,65186892.222222224,gas-used mismatch for 0xc77ffebe0bd89c2433f7eecb94b3565a66ddd85afd5f6ace60269bc23027563d: expected 282545 found 153935
20678570,aot,76803122.59210527,gas-used mismatch for 0x258b7c9b13906b852229661f8b5c8f94fbf918e897912bf7cef8b19a7cb2af9f: expected 248310 found 53157
20676093,native,51608770.12037037,
20680448,native,54941808.62790698,
20680074,native,60817819.333333336,
20676070,aot,9884.669624960787,
20675610,aot,31348097.65185185,
20676943,aot,57134001.0,
20676242,aot,41004314.728,
20676205,aot,62134314.42045455,
20678771,native,48683904.45544554,
20678579,native,69351143.8923077,
20680284,native,53470883.8125,
20681205,aot,41490320.49557522,
20676376,native,42673910.95294118,
20676301,native,58715837.89230769,
20676792,native,39254139.552,
20679925,aot,56046809.22580645,
20676792,aot,42263611.86486486,
20678515,native,29387324.19387755,
20678469,aot,49240034.554455444,gas-used mismatch for 0x31521e4d7df6924e3d76083e37629848d42037be22e4092217bf99822166281e: expected 302861 found 130938
20678959,aot,49527757.83950617,
20676359,aot,68720421.32,gas-used mismatch for 0x9067412f6deca214d39649a4c3eb9aaaf50ba867dedb759da2219615a06f66f1: expected 550468 found 505260
20675855,aot,66198010.075,gas-used mismatch for 0xe06bf0e5c200eeb3969cb94509116494c46dabb30b27a0bcbb8d4d245ca8819f: expected 484097 found 95880
20676547,aot,33001965.80625,
20676055,native,67625750.77333333,
20675799,aot,59445272.76744186,gas-used mismatch for 0xeada912426acec0bf7a8bcb1d01253335fa92f6abe537d07d716b526b1d2add2: expected 610945 found 582725
20676029,aot,71794281.62820514,
20680662,aot,49464545.3,
20675891,aot,75135670.32075472,
20679163,aot,101271546.91666667,
20676446,native,64537469.95555556,
20677665,aot,13436646.737373738,
20678039,aot,38755987.8018018,gas-used mismatch for 0xe6d81e660d81e54d77c9b6ea965dee808befb59a7b3d553d99c91a903fbe238b: expected 1111181 found 773033
20676828,native,69743418.3150685,
20678199,aot,48444390.53684211,gas-used mismatch for 0xabc7357cae10ef0d66673cfb0ba8eeca88853b8a75b4b9b6dc488d4eea7f25f0: expected 251436 found 57115
20676828,aot,71884450.23809524,gas-used mismatch for 0x024631d3cea4af386b92b4c761598fa2d73f5930569ed7ef3318cc5333483186: expected 289723 found 82074
20676713,aot,41318790.47272728,
20680666,native,83226722.12727273,
20675982,aot,74271342.18309858,
20679981,native,32940477.0078125,
20679277,native,12459299.724299066,
20675866,aot,38712963.32727273,
20680354,native,41062361.48648649,
20676117,native,64414502.64705882,
20678481,native,48536892.14851485,
20681026,aot,42380870.169117644,
20680449,native,55393397.575,
20678571,aot,60533091.39506173,
20678778,aot,66427667.192771085,
20675611,aot,51590155.34883721,gas-used mismatch for 0x8d4853f1768e21b99b94dacb1309c7634b0398c71afdc717bc244ada2ce1a2dc: expected 691439 found 279716
20680156,native,30743255.80107527,
20676071,aot,96248213.39583333,gas-used mismatch for 0x26a2a3a5f8591c5d23f71cf79d9ae1a4bbd07110e2f8a651b1a3d4d97fa7fb02: expected 327490 found 95904
20676944,aot,35497619.5648855,
20676243,aot,58503565.973684214,
20676206,aot,32503395.416666668,
20680075,native,37894026.916666664,
20681206,aot,30581966.695945945,
20676094,native,56796204.18965517,
20680285,native,48938157.010526314,
20676302,native,36784502.21551724,
20678772,native,41662820.90196078,
20678580,native,59931395.54368932,
20676548,aot,33092081.567375887,
20676377,native,32801312.436363637,
20679926,aot,40134689.02290076,
20678516,native,61348286.3875,
20678960,aot,30514447.618181817,
20678470,aot,62991405.01234568,
20676793,native,60056563.623655915,
20676793,aot,52521538.96296296,
20675892,aot,60236948.10526316,gas-used mismatch for 0x7a3e916ea1e73187632316d16b494d2698b6e3886d091279e4c702d8ebe397d0: expected 786375 found 424099
20676829,native,7905660.502970297,
20675856,aot,66949203.38823529,
20678040,aot,55762930.85714286,
20675800,aot,56532946.94444445,
20676056,native,60777669.5882353,
20676829,aot,6224878.329949238,
20679164,aot,35606844.74637681,
20680663,aot,66079447.18666667,gas-used mismatch for 0x6a544cc4511cc8174d801132a8d34585c24fa1d61b502897f469dc4d54fa18e9: expected 157701 found 55973
20676360,aot,75747050.53012048,gas-used mismatch for 0x98c40de354975717cb24904f838251d3c448f149a1827e0c599bf89732d6972c: expected 562768 found 174587
20676447,native,45748321.21551724,
20676714,aot,42466603.20720721,
20680667,native,35696495.48,
20676030,aot,76079572.3,
20677666,aot,92903156.73333333,
20679982,native,92034564.96226415,
20679278,native,80441553.36666666,
20680450,native,37371915.905660376,
20675867,aot,77253317.57142857,gas-used mismatch for 0x003a0a891465d38be7538d890917a4ba53f0d2d4fe1eb5b02cdf73ac86a43e8b: expected 261738 found 212288
20678200,aot,88184203.33333333,
20680355,native,35923281.666666664,
20681027,aot,49701467.86021505,
20678572,aot,40342739.18018018,
20675612,aot,27417937.5,
20676072,aot,46396898.430232555,
20675983,aot,72416635.54216868,
20680157,native,28018930.503067486,
20678482,native,29638210.13265306,
20676244,aot,72653934.84126984,
20676945,aot,58483245.469135806,
20676207,aot,47968615.654320985,
20676118,native,23899120.683794465,
20678779,aot,25384176.334841628,
20680076,native,58959957.333333336,
20676095,native,41891784.536,
20681207,aot,42130613.60869565,
20676303,native,51304129.37142857,
20678517,native,50943767.8117647,
20678471,aot,38407415.088495575,
20678581,native,56122940.04444444,
20680286,native,39581597.8607595,
20676378,native,88688096.69642857,
20676794,aot,39777896.63478261,
20676830,native,79912906.22,
20675801,aot,42024123.097087376,gas-used mismatch for 0x88ed8741752742a6218d386cbca3682fbd485f1438f07e11c7f0ad68a4edb968: expected 288224 found 202781
20675893,aot,53027653.88372093,gas-used mismatch for 0x1d34e19075f59bf00f47c39c25764da13a4c5bd10cfbc306d7ba768c2f09b609: expected 194687 found 82074
20676794,native,44683567.57522124,
20679927,aot,34500839.2278481,
20676549,aot,62085015.68604651,
20676830,aot,102041075.53488372,gas-used mismatch for 0xddd6e410ec7f77899a1e11d2adf3f1bec3325c4641b06f6382a72d31c2548a6b: expected 269791 found 243198
20680664,aot,52816772.77108434,
20678041,aot,36451363.38518518,
20678773,native,31549482.975728154,
20678961,aot,64352229.54444444,
20675857,aot,39080865.080882356,gas-used mismatch for 0x8fde890147411860b93e245c12f2809635083b21f073feda98585746fbf091ab: expected 158390 found 37961
20676448,native,50401536.3372093,
20676361,aot,51477526.22,gas-used mismatch for 0xf1f1a78f08d31e57a0ae78787e7500b172c8be6e34aec379e1fc55936a45cde3: expected 280156 found 245765
20680668,native,58557588.6,
20675913,aot,71322948.58333333,
20676057,native,38928749.174193546,
20678573,aot,67836969.04166667,
20679165,aot,43928439.01428571,
20677667,aot,45109179.222222224,
20678201,aot,46723117.05681818,gas-used mismatch for 0x0f1b18a5197bed1508e420b8b4ef1da91e06d79a94b91a1dc80d109a14205684: expected 234716 found 44630
20675868,aot,33525320.8828125,
20679983,native,29607687.975757577,
20681093,aot,52680521.2,
20681028,aot,34810920.00769231,
20680356,native,46468460.34736842,
20676715,aot,58643793.83495145,
20675613,aot,43512876.12264151,
20680451,native,43010146.18699187,
20676073,aot,46647964.83168317,
20679279,native,76138637.75308642,
20676119,native,73230668.85714285,
20676946,aot,46978231.94594595,
20680158,native,56928874.368421055,
20676208,aot,59940606.09090909,gas-used mismatch for 0x9c27f3f3fa44fa5332b5d8dc1b44bfd523d3a3d8b52c1111bdc3af446128e8ca: expected 282545 found 153935
20678483,native,51577984.62857143,
20678780,aot,26587689.757142857,
20680077,native,34320360.31333333,
20676245,aot,61591302.37623762,
20676096,native,59893095.9125,
20676304,native,42755772.15625,
20680287,native,36348367.73728813,
20676550,aot,49428890.78666667,
20679928,aot,21079423.426229507,
20678472,aot,56505035.48192771,
20675894,aot,49111012.7037037,
20681208,aot,47970003.144067794,
20678962,aot,60220509.35211267,gas-used mismatch for 0xc8a1fd0adb1e2fc60bbae61a24d837570f2298e611c43a81017f5d33ca4a8c00: expected 273742 found 68338
20678518,native,42322526.97101449,
20678042,aot,45314828.23469388,gas-used mismatch for 0xa068b08b708b428d85d2610d32e16ef71518fb07a97ee5bc95089bd5369f2702: expected 248252 found 53085
20678582,native,61872394.155555554,
20676379,native,59879552.915662654,
20675802,aot,17184032.801980197,gas-used mismatch for 0x6e8e0d4c957ea3cf369a08449220f6e74fee2f52c6f5f9d6d655c49e45e30582: expected 295411 found 227318
20676795,native,50058562.57,
20676831,aot,34906077.86231884,
20675858,aot,3538709.182239382,
20676449,native,48570417.06593407,
20676831,native,41384590.69924812,
20676795,aot,56996269.50925926,gas-used mismatch for 0xffc88bd2e9e733df221f9e66d2c214f14569cfa200ecdbc3094f3a8034aafb13: expected 436801 found 95880
20680665,aot,41880703.62251656,
20676362,aot,111041381.04166667,gas-used mismatch for 0x2d4450590f4e26c68dfa0af4e2737da877c0907e1068a9acb1f4cca799b26685: expected 286828 found 92631
20680669,native,26246149.132701423,
20676058,native,79328674.09523809,
20675914,aot,28289367.625615764,
20678774,native,87117546.17333333,
20681094,aot,40794651.179245286,
20677668,aot,54583241.73863637,
20680357,native,42021197.41904762,
20675614,aot,54125548.053333335,
20678202,aot,41363259.344,
20679166,aot,66352220.88235294,
20678574,aot,59015856.02040816,gas-used mismatch for 0x45bd1f3cab9448202cca1d9d832641ee97defa02dd2154f218a77a071c0939f7: expected 447970 found 249090
20676074,aot,53214628.807228915,gas-used mismatch for 0xd807a995db61a3ee21937700f30e1fc820353234d12e7ada05c5a96762cf5a44: expected 194687 found 82074
20675869,aot,55269287.302083336,
20679984,native,35840122.278481014,
20680452,native,37863694.816176474,
20681029,aot,56748913.51578947,
20676716,aot,54474303.89,gas-used mismatch for 0x9bc13e47b179ccab83591f87ddfc02e6eb43ec60027ce22184d3b0d53bb0e2e5: expected 282545 found 153935
20679280,native,37973881.9,
20676120,native,53494642.22352941,
20676209,aot,18320312.32921811,
20680159,native,23724443.549295776,
20676947,aot,52919558.428571425,gas-used mismatch for 0xc011871e9b5b6dc16fdb43f02fc9aebb55e426295b03b324c0bd9a5976cd3b51: expected 298349 found 232280
20680078,native,52299908.42045455,
20676246,aot,37938842.618320614,gas-used mismatch for 0x286f82e2c2c200360b4e8ae08f5c344b98f5dcdb629b15ff361419d3bd6775ea: expected 439784 found 348498
20678484,native,95308722.04411764,
20679929,aot,47117606.14285714,gas-used mismatch for 0x41d85aeccf5a71cea4ceaae463db2176d6c0453e4fa4ae4d3a9151dba9b862a6: expected 706583 found 585628
20680288,native,55454978.79120879,
20676305,native,21144055.447058823,
20676097,native,46448930.16260163,
20678781,aot,96796689.92307693,
20676551,aot,22135499.175,
20675803,aot,21526470.652631577,
20676380,native,36895889.92727273,
20678519,native,38338454.71171171,
20678963,aot,39490112.768518515,
20675895,aot,60652034.020833336,gas-used mismatch for 0x0a225abaa6dfb9ba0914ef082585ee00d585f6dc2d47785f5edb5b011c6b9c9a: expected 631523 found 257106
20676796,native,35254375.301470585,
20678473,aot,53310877.425,gas-used mismatch for 0xddefc1764b194881e14ba46d4a6261ce84ac9e8cccc6d74acc3fdbda88d70167: expected 491944 found 95868
20678043,aot,33913034.443708606,
20681209,aot,49740178.546875,
20678583,native,27309064.650485437,
20676832,native,39363362.41216216,
20676450,native,65450892.093023255,
20676059,native,33698070.74074074,
20675859,aot,88692219.66176471,
20675915,aot,67822723.77272727,gas-used mismatch for 0x852a22d410656540208a3688af821b1aaeaea9c8be510bd1e2d48caf476c857f: expected 191484 found 81750
20678775,native,33061430.33088235,
20681095,aot,36199700.944,
20676363,aot,57198201.39772727,
20676796,aot,40241646.65068493,
20675615,aot,45771814.88118812,
20677669,aot,53854431.11111111,
20676832,aot,40485112.25,
20678575,aot,45315173.6,gas-used mismatch for 0xed8e50daf467638b45d42ef058d58ef703d133d58391c9bafbec471f2eb61229: expected 522465 found 522116
20680670,native,94529553.06896552,
20678203,aot,62340425.631578945,gas-used mismatch for 0x4dc69aece06f50ff7535dadceacd39d73ed2307b12c72a0c2f8a24d44c03174e: expected 401594 found 95868
20680358,native,100341193.43137255,
20676075,aot,28903020.852941178,
20680453,native,58382566.01282051,
20681030,aot,45340554.718446605,
20675870,aot,35906861.22972973,
20679985,native,57758017.62352941,
20679167,aot,67501589.2,
20680666,aot,92939719.8219178,
20676121,native,49636015.16483516,
20679281,native,63764122.64473684,
20676717,aot,23586107.417391304,gas-used mismatch for 0xc2c6d5460c1baba2a9ee474c754bf4b9fe42779fb52c0f15352fd50ff82f2a56: expected 199304 found 81738
20676948,aot,59719442.37037037,
20676210,aot,62670887.98888889,
20680079,native,58177121.51136363,
20676247,aot,50522375.36363637,gas-used mismatch for 0xa35339c1fe69b89e7df1206b0e6903c34a3cd235960fb7cda7ed6a7086c9a7ca: expected 1085245 found 194294
20679930,aot,39933731.07317073,gas-used mismatch for 0x4347db4b3b22d0a5dc2b453c64e6f6f88206f47e670bdd1a504bb00f7ff965fe: expected 266735 found 238415
20676306,native,23584851.776744187,
20678485,native,52555519.41052631,
20676098,native,52691634.26136363,
20680289,native,40230208.03174603,
20680160,native,91404447.30263157,
20678782,aot,53301617.17582417,gas-used mismatch for 0x613da678103c2978b6e41d4a5a7fb76e7ef06f1c99ccfa053340d1478f562a7f: expected 248320 found 53169
20676552,aot,61877123.90410959,
20675804,aot,7120045.041176471,
20675896,aot,41730877.2037037,
20676381,native,58488146.427083336,
20678964,aot,45248704.16101695,
20678520,native,73533833.89473684,
20676451,native,51750911.16,
20678474,aot,27225798.57591623,
20676060,native,19211035.582938388,
20676797,native,54833198.822916664,
20681096,aot,17527381.175965667,
20678776,native,38882380.97087379,
20678044,aot,74290754.41428572,gas-used mismatch for 0x3dc95900020db64533138ae5da64d563fb8e2066756ad59f9ccc4e6d4c545546: expected 471722 found 158850
20675860,aot,48731672.04301076,gas-used mismatch for 0xfa777ac8418b365bed46447d3c28cffc75fb7f27d4cd6560ccad785f1d337013: expected 305257 found 231971
20681210,aot,10418507.884615384,
20676833,native,50533941.67961165,
20678584,native,72383000.45333333,
20677670,aot,36426605.14782609,
20676797,aot,52040581.21111111,
20676833,aot,40392667.15740741,
20675916,aot,44093542.93333333,gas-used mismatch for 0x5d4b900b9c097b606f60e4b7907029643c08cb602f6d7c291934d64dc0208152: expected 499874 found 95880
20675871,aot,65409254.03448276,
20676076,aot,51500979.296703294,
20678204,aot,44379833.126126125,gas-used mismatch for 0x526da0cb0b75d238a8a28e108cd439ee6d660045a9fc958b90f70950261ed817: expected 196320 found 81750
20676364,aot,78920065.6,gas-used mismatch for 0x60ae8895eaa1a9c2cfa23c7c064ed17c82eb5815ff85df51913543163cd4c2ff: expected 262767 found 33517
20675616,aot,28503727.492307693,
20680671,native,49186711.87735849,
20679168,aot,46012400.94623656,
20678576,aot,72221125.83561644,
20681031,aot,15585483.779411765,
20680454,native,42748724.648,
20679282,native,42533556.981818184,
20680667,aot,36052142.15441176,
20680359,native,53311227.81981982,
20679986,native,24731859.804545455,
20680080,native,63228532.11764706,
20676718,aot,62866316.258064516,
20676211,aot,59670158.296703294,
20676949,aot,46164637.13223141,gas-used mismatch for 0x6b0a685c320ba4653d59f6c11c5e394c177ac1f4f7c885aa41ad724f8e4ee2fe: expected 323570 found 95868
20676248,aot,57240178.22666667,
20676122,native,55201968.02962963,
20680161,native,42003224.14414415,
20678486,native,29854100.725714285,
20676307,native,94370091.83018868,
20676099,native,60571272.68181818,
20676553,aot,60392438.79518072,
20679931,aot,43532412.10144927,
20680290,native,50409945.95575221,
20675805,aot,71189664.01369864,gas-used mismatch for 0x361dba3bc5c6541071ea9dd55429b7a1aca79b99207d540c78d181646e9ba4a4: expected 819188 found 326404
20675897,aot,46329146.28703704,
20676382,native,49125339.578313254,
20676061,native,26684484.65822785,
20678045,aot,42514596.020833336,
20678783,aot,19934011.082822084,
20678965,aot,26524798.98,
20681097,aot,58729659.64473684,
20678777,native,30035241.708074532,
20676798,native,46759098.416666664,
20677671,aot,35346133.55932204,
20676452,native,41791024.54615384,
20676834,native,57689309.13580247,
20678585,native,74208750.04761904,
20678475,aot,53082794.44144144,
20676798,aot,47067051.4,
20678521,native,57199946.26086956,
20681211,aot,74588099.23943663,
20676834,aot,59895109.25882353,
20675917,aot,34165241.72049689,
20675617,aot,34221164.62411348,
20675872,aot,45185852.39655172,
20676077,aot,34850394.7972973,
20675861,aot,59094988.87037037,
20680455,native,23413907.751351353,
20678205,aot,42182264.05555555,
20676365,aot,42094666.56349207,gas-used mismatch for 0x1a6deee520319ed4cf58b17c0dbc011efe2bed3f2d9301c09994fccfb3029c85: expected 207710 found 82074
20678577,aot,62096996.6,
20679283,native,47888000.25510204,
20679169,aot,47033924.23966942,
20681032,aot,65560576.29333334,
20680672,native,71251012.08433735,
20680668,aot,71211964.92105263,
20679987,native,31996326.868571427,
20680360,native,44360013.5703125,
20680081,native,65362072.4375,
20676950,aot,40834871.76271187,
20676719,aot,47044967.79130435,
20676249,aot,57342863.276315786,gas-used mismatch for 0x221c94758a04d79a4e1b4b730f7baba1a1cd78659a13d8bcac86a1eca4e59f3f: expected 282545 found 153935
20676212,aot,51591314.9245283,
20680162,native,28261956.391304348,
20675898,aot,74048141.47058824,gas-used mismatch for 0xcb5d0427256c8e96fd03dc21d7c83a32b15250986ec7408ad68c48f9df34c43e: expected 772861 found 95928
20678487,native,56552399.57692308,
20680291,native,34643085.82926829,
20676308,native,23425066.12322275,
20679932,aot,42283440.81904762,
20676554,aot,48691907.58064516,
20676123,native,82939972.5076923,
20676100,native,41501965.60176991,
20675806,aot,94870753.98039216,gas-used mismatch for 0xa97d41e4cf02965ee27e267805c1245d31d0642197aeb050915f2d57493e8d3a: expected 352376 found 202222
20678046,aot,36037398.3203125,
20678966,aot,51209513.61627907,
20676062,native,84374022.37931034,
20681098,aot,32700948.85815603,
20676799,native,24931322.6,
20676383,native,49206340.720338985,
20676835,native,13724287.86377709,
20678784,aot,57991482.89247312,gas-used mismatch for 0xa5211124190d5fdbf61c9f26cce64f9b9023f6e282cb5ac18d0b23bb5081421e: expected 248252 found 53085
20678778,native,60340048.69411765,
20676799,aot,23711705.505263157,
20676453,native,53972572.591836736,
20678586,native,52218084.583333336,
20677672,aot,42286399.461538464,
20675862,aot,58637341.63235294,gas-used mismatch for 0x6796f3a14cb032c67223cdd172d7296e9952762fe6f024f25c005f4b6626e3cb: expected 282545 found 153935
20675873,aot,35124870.516666666,gas-used mismatch for 0x40834255b3f79b690488513be23618097c5758dc76a0ad5501dca3ff74be9407: expected 343697 found 95880
20676835,aot,14837173.177914111,
20678206,aot,55989443.51428571,gas-used mismatch for 0x7711f027ae2ce7d07f3e79ca6bc8af533569e79badd911ebfa44ad127dc66ded: expected 273742 found 68338
20680456,native,91068692.45833333,
20678476,aot,84398069.72058824,gas-used mismatch for 0x9ae470c8e759a3721ab20f6519b89afd9c5a7aeca130e533771e4830ff68d4af: expected 275264 found 243103
20681212,aot,35100152.35,
20678522,native,45589928.30894309,
20675618,aot,45496277.027027026,gas-used mismatch for 0x4b0d7beefc1db89a8f6ce1d809913383a44cd522b5751f55a38ea31d09424eaf: expected 254142 found 209795
20675918,aot,56492240.284210525,
20676366,aot,49837539.820754714,gas-used mismatch for 0x43c31b837941824b3ff1415a6e3095753e36029f66bf19cec0a3f6b892592e1d: expected 185387 found 81786
20676851,native,30871825.12021858,
20676250,aot,28463535.80952381,
20680361,native,32604297.134920634,
20678578,aot,29507790.95744681,
20679284,native,60625246.11363637,
20679170,aot,48065523.91509434,gas-used mismatch for 0xc3f6c672cf8e47089617a54fd9b8aff79c7418de5996adefab4b6ea2fc86e524: expected 413997 found 249750
20680673,native,56504674.41860465,
20680669,aot,28832184.00531915,
20681033,aot,40974220.04895105,
20680082,native,53121976.551020406,
20676720,aot,90639771.46666667,
20678047,aot,29027159.734513275,
20680163,native,69599198.38461539,
20676951,aot,44077173.518518515,
20679988,native,89877115.26315789,
20676213,aot,56318042.99009901,gas-used mismatch for 0x6b0936c3b8bd2c1bd833ce01fa508dc51784f57882ed416043124911db5aa2d2: expected 299419 found 229375
20678488,native,39966577.65384615,
20675899,aot,57550629.06666667,gas-used mismatch for 0xaa83da00c61daee3aa67573cc3690bb66977f67bffbe243b888b49c13ee8bd4f: expected 280168 found 245777
20676124,native,65871546.112676054,
20676555,aot,45889640.28181818,
20676063,native,39397612.74,
20676309,native,98583370.47058824,
20680292,native,95027300.98333333,
20679933,aot,50237340.94782609,gas-used mismatch for 0xa4feaa5aa8ed198048b9dd1838eac6111a5907b5a7c380bb9990e444870e3bea: expected 301833 found 244817
20678967,aot,39161325.25833333,
20675807,aot,88023563.37931034,gas-used mismatch for 0xd81cb6497712331d2290b8719d8837bb5205e5f6b7899e510ab4c8a4f3468ef8: expected 293180 found 199162
20681099,aot,44081593.85454545,
20676800,native,55952881.95180723,
20676836,native,106276340.6,
20678785,aot,52520876.229166664,
20678093,aot,71779469.93877551,gas-used mismatch for 0x66b8443ae54947d165585afe5bdb1f8f2e8cd26575f2134d1dc195929dbfcef8: expected 258171 found 60710
20676384,native,65261544.79069767,
20678587,native,47856142.7,
20676454,native,48064611.61904762,
20676800,aot,50852942.237623766,
20678779,native,29704242.70810811,
20677673,aot,48723070.820754714,
20675874,aot,57069562.36666667,gas-used mismatch for 0x4a6a7a268ecd703c1b8e7efb7d62fc8e175df9b9ea8baf292e2179b394a9650c: expected 371914 found 98981
20676367,aot,62711600.24137931,
20678523,native,56981931.14666667,
20678207,aot,45080101.734513275,
20675919,aot,42585910.43157895,
20675863,aot,31201197.247191012,gas-used mismatch for 0x8132084d33b288fe6515a14398b8f7364862f50c5aebc754d3eb117d3056eb13: expected 273742 found 68338
20676852,native,54660299.91549296,
20678477,aot,51271853.35789473,gas-used mismatch for 0xa2de6cf83861a6cb24f639a9cdbd1032722f6830aee7beaac06a7ea84320aac0: expected 266951 found 219661
20676836,aot,82869243.0,
20680457,native,49800233.905660376,
20679171,aot,17167025.844,gas-used mismatch for 0x76b7e4b87e85e34d2616b962ca07f19d071ed56a06ecb72f60b0c532dbfb571c: expected 377828 found 249750
20681213,aot,39462355.44680851,
20675619,aot,77402799.61428571,
20678579,aot,64603942.114285715,
20680362,native,33512119.16438356,
20676251,aot,36849097.634482756,
20680670,aot,68753433.52307692,
20679285,native,40551554.212765954,
20680083,native,49535268.4,
20680674,native,29641937.885714285,
20681034,aot,29622522.29775281,gas-used mismatch for 0x2c81830dd2e38278194d837127cb2366489959737a1360d741eb6a2ca5e95136: expected 255435 found 64585
20679989,native,41248663.13186813,
20676214,aot,70528825.81967214,
20676721,aot,42352831.72727273,
20676952,aot,34375562.79452055,
20678048,aot,42028271.601626016,
20679934,aot,39313590.071428575,
20676556,aot,56798544.72839506,
20678489,native,41877868.233333334,
20677250,aot,56705850.22352941,
20675900,aot,41037449.648,
20676837,native,32435692.79245283,
20675808,aot,19180788.8375,
20676064,native,53529599.59223301,
20676801,native,50702106.03296703,
20680293,native,23341896.02118644,
20680164,native,103301891.39344262,
20678968,aot,20637947.576923076,
20678786,aot,59358521.590361446,
20681100,aot,45273491.37301587,
20678588,native,48174485.472527474,
20675864,aot,24579191.91566265,
20676310,native,59174380.16101695,
20678094,aot,57733796.114583336,gas-used mismatch for 0xc8a9ebba5fc65faa24b1ccc0a01c59351d9c526489f9d86edf6ee4a9f3e2fcf9: expected 307825 found 58096
20676801,aot,47280670.594339624,gas-used mismatch for 0xc8b06fcb5aed486580276ad6e07c77020c85580fa3990b7a18333b934a7df3b0: expected 201096 found 81726
20676455,native,42028031.20325203,
20678780,native,27228426.924324322,
20678524,native,41469136.79279279,
20677674,aot,37457269.4,
20676368,aot,37737315.6171875,
20678478,aot,65654922.633802816,gas-used mismatch for 0xd7a8b975d34c15573811f5cc776b418534b8eb8c677e08da4806ab5c579dbb02: expected 781022 found 317498
20678208,aot,48742868.24489796,
20676385,native,49345537.7421875,
20681214,aot,45415880.948979594,
20675920,aot,42982691.692307696,
20676853,native,39019706.613793105,
20676252,aot,31591487.43846154,
20675620,aot,29949835.224358976,
20675875,aot,21878383.173611112,
20680458,native,22360428.516260162,
20676837,aot,29874998.6284153,
20678580,aot,52928962.05,
20680363,native,8415402.301470589,
20680671,aot,43990975.675925925,
20679172,aot,66791266.29032258,
20679286,native,53233878.0,
20681035,aot,49856557.12631579,
20680084,native,51917970.469387755,
20680675,native,64919320.653333336,
20679990,native,49246307.78125,
20676557,aot,35135673.952380955,
20676953,aot,12345041.340540541,
20677251,aot,41645251.61904762,
20675901,aot,56146567.475,gas-used mismatch for 0x1cb1dd56e460c661d88513ca49b77991a549ff7a7db51a1d5c07d1eef06a7971: expected 418356 found 95868
20679935,aot,39804821.264,
20678049,aot,38525781.71014493,gas-used mismatch for 0x3c75819d617325dc7b614f4f392b10cfdf5ee4cae6095ca990bd7504eddacc01: expected 253435 found 69688
20676802,native,30811433.679389313,
20676722,aot,49965447.159292035,
20676215,aot,38130678.357615896,
20676838,native,35688241.95714286,
20680294,native,59085700.820512824,
20680165,native,38685975.02542373,
20678490,native,84236835.0410959,
20678095,aot,54355684.95454545,gas-used mismatch for 0x8ef8a011087adf73f72145f550a3c5e8a909491e8eed329ca327f2ba1f8a0c18: expected 264160 found 68098
20678969,aot,20521662.086580086,gas-used mismatch for 0xb3a2efe29e64144281e33a5db33d9b5782aa6ee13da3bccedc529930f4347181: expected 196103 found 81750
20675865,aot,54790703.14814815,gas-used mismatch for 0x50fb343b6639c9b856c47be3d3e11e86a9becaadae14f1b7d8150a90e68da358: expected 294336 found 223865
20676065,native,50627283.74166667,
20678479,aot,38291344.928571425,
20681101,aot,26440163.37244898,
20676369,aot,24729929.075144507,
20678525,native,42730274.59405941,
20678589,native,34603093.053333335,
20675809,aot,121716342.33928572,gas-used mismatch for 0x1332723f2595eed9986db8861b6ecfb4573ea54c6ba687f93f57ffdf0729b4e0: expected 269827 found 243234
20676456,native,20011066.909465022,
20678787,aot,46634517.23809524,
20680459,native,35695399.86111111,
20676311,native,48635193.3220339,
20676854,native,39793012.36792453,
20675876,aot,69016766.77049181,gas-used mismatch for 0x9e1465bee54b1c905a50ca005a478bca860ee5b68ed559e8be1823cdd03cf759: expected 1071523 found 668865
20677675,aot,21617618.680608366,
20676386,native,46811539.49504951,
20678781,native,112375674.64705883,
20675921,aot,56535087.32258064,gas-used mismatch for 0xdb4dc20b50a628d39f512941ad8cdff3fbf9e3707633592336cbbc1fce5edafe: expected 246978 found 127832
20676802,aot,34802796.984042555,
20678209,aot,11889376.646153847,
20680672,aot,60987916.93939394,gas-used mismatch for 0x18d852f3057ac94c2d54eb316f4e0e7f6787fa83cea3b24f3757517b2abdab85: expected 328700 found 95868
20681215,aot,38127692.63636363,
20675621,aot,38673798.68148148,
20678581,aot,45931330.425742574,
20676838,aot,37292681.09271523,
20680364,native,64213112.0,
20676253,aot,93468542.63636364,gas-used mismatch for 0x9bd946ad7d650175e0f590a6f3058d7acddd694779cd00ce680ff5a9113e324b: expected 285779 found 194166
20679173,aot,18216157.807829183,
20679991,native,42326832.15740741,
20680676,native,54633651.47674418,
20679287,native,91974013.625,
20676558,aot,46672453.722222224,
20676954,aot,72676746.18965517,gas-used mismatch for 0x128896fc596584e079e16dee9c558bdcbc681558e71cc8607d2a7fe3d842ec9c: expected 331220 found 94875
20680085,native,55657745.55913979,
20681036,aot,51139824.39655172,
20677252,aot,27719696.43373494,
20679936,aot,44473570.24761905,
20675902,aot,53424110.63265306,
20676803,native,38512584.375,
20678096,aot,43608123.0,
20676066,native,16605754.686868686,
20676216,aot,47180891.432432435,
20680295,native,43233676.690265484,
20680166,native,56392669.89772727,
20678050,aot,63271054.354166664,gas-used mismatch for 0x12045100f1dbcf3398353819804a5ca6d16a8bedd74dc82b0fb75e16eb109b8e: expected 350237 found 95880
20676723,aot,47435976.646153845,gas-used mismatch for 0x8dfb4fd996f8550f49ae5e23fd462ddd823a26c0eb81e194906a6ca3f000611e: expected 367665 found 95868
20678480,aot,54782591.83561644,gas-used mismatch for 0x0e43a09dffc0fc577943fe68b2c5bc6b81f56cb49e6fe506ab9def56d8fc6325: expected 278516 found 92667
20676839,native,68106754.74418604,
20678491,native,44273500.426086955,
20678526,native,40189182.6637931,
20680390,native,68190381.26027398,
20675810,aot,22472904.223880596,gas-used mismatch for 0x6709961b22f2bd6f5d78b6ae6f67592641bf9ca4b30782adbf1a1959d3e0b329: expected 294807 found 205651
20676370,aot,72739687.50819673,gas-used mismatch for 0xe0699329c273a9f01d4bb346f582e995bc8ca30245833c950a0afa50ea8193c6: expected 692114 found 580622
20678970,aot,75854284.03846154,
20681102,aot,53541734.32038835,
20678788,aot,52440992.7264151,gas-used mismatch for 0x35b42b530ac2c25c2d6c6223180b89227e96aef3331759e66012c440a9c4e2a1: expected 346640 found 95880
20680460,native,95645344.11320755,
20675622,aot,56649461.63013699,
20678590,native,83656955.4109589,
20680015,native,22984395.893617023,
20675922,aot,51467392.94318182,gas-used mismatch for 0x92e18c3c94c18c9f973de2c2397a6e159e258c7c4d0b36c5728e7ed28f07e606: expected 418368 found 95880
20681216,aot,42623444.24752475,
20676457,native,36403436.099415205,
20678782,native,55655449.564705886,
20675877,aot,43362572.056,gas-used mismatch for 0x1059a12ff2c1bf849aa6b3d6ad85689531063c708648ae3f0e20789dce001e50: expected 661234 found 198886
20678210,aot,73529149.85714285,gas-used mismatch for 0x353d8ddeb6c01f6f2538abdb7eae4df3856012ee10d068e195101136dd33c1dd: expected 405549 found 207781
20676839,aot,49745541.129411764,
20677676,aot,74979675.88157895,gas-used mismatch for 0xb380e9a702eea4f7698eb4aca6c7cfca7c3b0b5a62947a90695ef946cb4bdbc3: expected 218946 found 144547
20676855,native,59361127.30612245,
20676803,aot,44676543.68644068,
20676387,native,55027133.733333334,
20680673,aot,58179581.41,gas-used mismatch for 0x8a5a61ca7330732dadccd87531784bbbb7b3aa4870a853578907b79b596a60f1: expected 366018 found 95868
20678582,aot,54523132.89,
20679992,native,32944357.217391305,
20679174,aot,52601539.41052631,
20680086,native,46356684.3655914,
20679288,native,46758952.16037736,
20680365,native,89199747.05,
20676254,aot,42323295.74264706,
20681037,aot,23821646.677419353,
20677253,aot,56432014.18072289,gas-used mismatch for 0x027d42d3635d95aaab9b0fde2a16397428fc62c3f8616091cd072d88b61cea4c: expected 723965 found 622126
20679937,aot,27219245.68125,gas-used mismatch for 0x373d453caf737bd70d198cfda05dc8248acd371da19867f000669ff99db8a1c8: expected 351444 found 95928
20676955,aot,44094265.192,
20676559,aot,60106281.6,
20680677,native,49692908.40601504,
20676217,aot,45842204.79207921,gas-used mismatch for 0x869f6ca790ba4a2685f6f13ef5140fb0e3b6b70aeae5f2283156a28f61b14486: expected 449796 found 95892
20676724,aot,31455721.046153847,gas-used mismatch for 0xfea5513b7917d6ddb63e1ca2cf8f0377ed99046dd835426e09e94a141f3be249: expected 282545 found 153935
20680167,native,62463678.02857143,
20676067,native,78983260.92424242,
20676804,native,65059654.89772727,
20678051,aot,53052642.38709678,gas-used mismatch for 0x0bbe3fcbb677d6e4ff2f5a22020d627ead5d058697e1fa1af718bde1cf35d02d: expected 418368 found 95880
20675903,aot,55807516.6460177,
20678492,native,47269477.40594059,
20678481,aot,49403217.981132075,
20680296,native,38226477.74050633,
20678097,aot,57816226.8220339,gas-used mismatch for 0x88e6b94dbdaa3b6adb9cf9912e56a484017393927fad96c61991bd176aa871cc: expected 360163 found 317162
20676371,aot,53497653.37777778,gas-used mismatch for 0x46116956d33c3c492c70491b7edec90daaa65b4e78f0e3a20aff81bfe13f06cd: expected 459790 found 95892
20676840,native,60205996.854166664,
20678527,native,63941467.8117647,
20677677,aot,60909506.74545454,gas-used mismatch for 0x419fbb7115d03649427134cb890f4b476a4df1bf915c98eaeb1cf8711281911c: expected 1260614 found 730630
20678971,aot,65561798.375,gas-used mismatch for 0x222ccc1a2bff7baa0cc9551297dbc50f8f8c9eb6cc2bd408a7e48221729c9b16: expected 261769 found 69700
20675811,aot,94628854.15873016,gas-used mismatch for 0xb6faf08fa8fbccc0d69346f604abc9294bd141afca343ff125719777a71bf319: expected 2070515 found 1217130
20680391,native,36281928.36470588,
20678211,aot,54890902.7260274,gas-used mismatch for 0x82f3c27d305e3661b71df09a18a634e6e1d0bba01a2af477eae91806c09ad25c: expected 591958 found 95880
20681103,aot,39417689.65,
20680461,native,32424598.62758621,
20678783,native,17659322.38671875,
20681217,aot,31753579.685314685,
20675623,aot,42734510.72173913,
20680016,native,63230606.52857143,
20675878,aot,42138777.96363636,gas-used mismatch for 0x0920342158d7583622e2eda8ddd2458387de16fcf2d1cd306f0cc548ff0abc88: expected 149643 found 75258
20676458,native,84383425.3773585,
20678789,aot,37807909.28671329,
20675923,aot,43782590.666666664,
20678591,native,43812508.88888889,
20676840,aot,52008852.85714286,
20676804,aot,72601937.08,
20680674,aot,24127590.58,
20679993,native,80371389.49206349,
20676388,native,32853850.294444446,
20679289,native,38460885.27642276,
20680087,native,42185097.182608694,
20676856,native,57341600.63716814,
20679175,aot,52279978.68367347,
20676956,aot,49442868.32967033,gas-used mismatch for 0x9bb87497c0801a0df8e7aa0596636e27fae0bf37d02365a153d798e251cf4c2a: expected 333712 found 218983
20678583,aot,25602903.958847735,
20681038,aot,67999944.42465754,
20676560,aot,64882132.64788733,gas-used mismatch for 0x1fe3f49d0fba5aa476aac6244e6988b05902c5f34e9a0a05399a873f0e8f6502: expected 282545 found 153935
20679938,aot,46469315.50909091,
20676255,aot,4724053.411578112,
20680366,native,68965462.87209302,
20677254,aot,46961188.11570248,
20678281,aot,47842904.80645161,gas-used mismatch for 0xd3e369d2b39ddd77e53aea406bcb6944d3747c0603db64042b899081d579f4d8: expected 357068 found 315178
20676725,aot,54907405.98795181,
20675904,aot,63168464.41538461,gas-used mismatch for 0xc69e1abd13781bdf516cd17702cc027befc7b1c1064d45ae98618a737f9fdbed: expected 360912 found 153000
20680678,native,32191914.731182795,
20680168,native,46830550.53636364,
20678052,aot,42753858.08181818,
20676805,native,60797110.60240964,
20676068,native,50300492.4368932,
20678493,native,69626669.75714286,
20678482,aot,26207878.91891892,
20680297,native,55295227.0,
20678098,aot,37687815.47328244,gas-used mismatch for 0xc9b348e72f1e69265bebc89ec5c30836eff52f596d3e9362e195a4d86494442d: expected 248112 found 58096
20676372,aot,50987204.51578947,gas-used mismatch for 0xf81fe7a0c89213f3930ad4a20c49ed6da08afc5dd37a1bcb0343d179093ec1e8: expected 757938 found 444114
20678972,aot,30680250.470588237,gas-used mismatch for 0x16a332294c69137ec4fde00ff64742de6f3fb26b384351e9e972a87c4c3ca652: expected 213134 found 144528
20678790,aot,57202385.43939394,
20676841,native,39727693.95652174,
20675624,aot,46842325.02272727,gas-used mismatch for 0xdcd79b8deca534db4b53e7cb8ab9c88e6fb9fe4ba2b6a4d637a7cb584a9235de: expected 395281 found 189296
20677678,aot,54307725.177083336,gas-used mismatch for 0xc508556f424c7ff9eaf477a13851fa88025649d639a057b566443ed3bfbf2bbd: expected 1029932 found 618315
20678528,native,55615420.75268817,
20676459,native,4056401.1989752348,
20681104,aot,39999040.669117644,
20680392,native,83291163.01515152,
20678212,aot,52299483.89814815,
20681218,aot,45020435.43650793,
20680017,native,38291169.88965517,
20675879,aot,45980787.21487603,
20680462,native,55682627.09090909,
20676805,aot,64313817.24242424,
20675924,aot,61159656.10465116,
20678784,native,68933641.55555555,
20680675,aot,76617739.3,
20678592,native,41178875.18461538,
20675812,aot,23386088.897689767,
20679290,native,79247598.88679245,
20676389,native,58507423.361445785,
20679994,native,51460185.802083336,
20676857,native,27480336.766666666,
20680088,native,66643933.12820513,
20676841,aot,36769863.32571428,
20679176,aot,18508499.78877888,
20680367,native,84949490.84313725,
20678584,aot,70809213.24285714,
20676957,aot,78589397.66153847,
20681039,aot,58895419.96842105,
20677255,aot,67419608.20512821,gas-used mismatch for 0x77bf21cc812c09232f0a19ef48f6935a91f4f55e6a5c93d15367f57658d2b562: expected 196103 found 81750
20676256,aot,11215563.035849057,
20676726,aot,48126442.7,
20676069,native,69406937.76363637,
20679939,aot,47847269.38095238,
20675905,aot,43535456.04424779,
20678282,aot,56393483.66019417,
20676561,aot,43099831.95333333,
20678053,aot,77066679.6031746,gas-used mismatch for 0xb5e09a94402a5f47b9f46407389dad3da1ae1db984d7cd1066630bc915ea548c: expected 248329 found 53181
20680679,native,73938709.40789473,
20680169,native,47484315.19491526,
20676373,aot,39621204.32173913,
20678494,native,50260485.11320755,
20678099,aot,61447230.70666666,
20678791,aot,47708690.395604394,
20681105,aot,27941466.76033058,
20678483,aot,55719236.948979594,
20680298,native,31307742.602209944,
20678973,aot,51868453.02150538,gas-used mismatch for 0xa02985795890d2d64add709c11930164497e0cc6dbb9391be3e142912d58a7d5: expected 327892 found 95868
20676806,native,495914.2342865766,
20678529,native,57721985.19178082,
20675625,aot,36090358.233082704,
20676842,native,54772483.50526316,
20677679,aot,49005470.0776699,
20680393,native,31802519.16438356,
20675880,aot,68569071.72131148,
20681219,aot,32582711.773333333,
20680463,native,40199234.47826087,
20675925,aot,30295118.858064517,gas-used mismatch for 0xf0e5e6fdb32fea2d71d46d0f4f8e139529cea06f57d2b378f5bf8b1681713dd4: expected 323570 found 95868
20676806,aot,410166.9524318986,
20678213,aot,49726220.722222224,gas-used mismatch for 0x447164de4fb9e7d604a4a3cecdc5be9391afc54afc02a82fab4c22f5c6d7c2aa: expected 845020 found 338416
20680018,native,46478815.6036036,
20678785,native,56094897.41860465,
20680676,aot,47920793.81632653,
20678593,native,37613033.29007634,
20675813,aot,73851969.64788732,gas-used mismatch for 0xd643062ad31c04898d2737379cb61aff8dbfa128a2df7f00152275f67fd59991: expected 331595 found 95868
20676390,native,86819533.69642857,
20676842,aot,54477315.759036146,
20679291,native,60812495.21590909,
20679995,native,46112332.43965517,
20681040,aot,38422270.475247525,
20676460,native,133354498.83636364,
20676958,aot,9203709.211576845,
20679177,aot,56241880.093023255,gas-used mismatch for 0x5aa4c3bbd3398a0c4ee7debb229957db91e715bd3439c08d56e4ac90d776d45e: expected 258008 found 60507
20676858,native,81556734.35384615,
20675906,aot,26618566.089655172,
20676727,aot,13695242.940298507,
20680089,native,36747746.617142856,
20678054,aot,44324238.3125,
20680368,native,47455089.74264706,
20679940,aot,23220991.063636363,
20676562,aot,38366930.30578513,
20678585,aot,77858400.65,
20677256,aot,47839729.016666666,
20676070,native,11911.906870661627,
20680680,native,60845993.46575342,
20678283,aot,58427841.72631579,
20678530,native,45992383.025,
20676257,aot,101045636.60344827,
20680299,native,51807327.90123457,
20678792,aot,26123212.460674156,
20680170,native,56615499.739583336,
20676374,aot,58832897.97849462,gas-used mismatch for 0xf1cbfaca290d517773b09db1c4168ba0116422f4317141eecf215c7dc5b11d29: expected 381744 found 250140
20678484,aot,76123077.10344827,
20678974,aot,35302270.10638298,
20678100,aot,49992951.20869565,gas-used mismatch for 0x4d7d0056b60221e05d26751d0618b6e231155d104704c258b1f19d74952a287e: expected 191484 found 81750
20678495,native,53581265.027027026,
20676843,native,71148921.30882353,
20681106,aot,44830232.038461536,
20675626,aot,59287941.354166664,
20680677,aot,44902722.65882353,
20681220,aot,47157338.809523806,
20675926,aot,44950321.405660376,
20676807,native,89457495.29411764,
20678786,native,45132188.610526316,
20677680,aot,91872875.37931034,
20680464,native,69387723.92,
20675881,aot,86195699.67213115,
20680019,native,55987790.36363637,
20679292,native,40604792.52222222,
20678214,aot,63388277.21176471,gas-used mismatch for 0xcc01c21a7f9203d7d80686b91170bc3d5b9c58bc5dd941fa1817c7d8ab65e5cc: expected 361167 found 254522
20675814,aot,48606625.266666666,
20680394,native,52887004.15833333,
20676807,aot,86626699.21917808,gas-used mismatch for 0x053776ea85c3e9b2605d0984442697f1109e05a11e584727b17c901020b65264: expected 1498423 found 1447935
20676843,aot,73102449.43076923,
20678594,native,73969376.02666667,
20679178,aot,53969135.938271604,gas-used mismatch for 0x5722ad8800ff6cc0c96def4b0b8ec97a7bbe7c595b3e7f4480dcf38b763cc143: expected 266663 found 238343
20679996,native,43897549.3495935,
20676461,native,31701902.48447205,
20676959,aot,71820734.73333333,gas-used mismatch for 0x9d477ccac331fcfed7ec967600c0801c50dd37bd27210963d52a68e93f149cfc: expected 889463 found 646832
20676859,native,48105336.0,
20675907,aot,60234588.60493827,gas-used mismatch for 0x1520b34556b36aa20750c2061092e6cd84f42590f976a0ce264410dfffead66e: expected 201001 found 81738
20678055,aot,33591106.0,
20681041,aot,36473354.894117646,
20676391,native,59009721.54310345,
20680681,native,27864973.557971016,
20677257,aot,40464596.381355934,gas-used mismatch for 0x15bcdff9f9e7699178d3352119113e9699a9b96b93d2349176d85e7d229fc803: expected 277745 found 153935
20680090,native,68698105.43373494,
20678586,aot,48504113.41818182,
20676563,aot,74982589.23684211,gas-used mismatch for 0xe9a7d48fcf503b76c2811cb6d94526a6d467e870463ef33f3f41ab447ab0aac4: expected 402734 found 95880
20679941,aot,46608772.38211382,
20676728,aot,61575103.97,
20678531,native,42333422.71296296,
20678793,aot,62616381.47692308,
20680369,native,46024166.08148148,
20676071,native,90858417.19672132,
20680300,native,47274117.175925925,
20676844,native,38385074.62,
20680171,native,33397168.973509934,
20676258,aot,100883311.71698113,gas-used mismatch for 0xeff7dd51b80aa6d45f52d0b8bd0925da69a7326fdd27fef6007048a39037114c: expected 308306 found 268346
20678284,aot,69036056.94186047,
20678496,native,51153767.77272727,
20678101,aot,19773990.463601533,gas-used mismatch for 0x9090d21eea44cf6dcd13e8c3e4121a0935dafda1ab79f2c8809c8bb8281dfa0b: expected 437916 found 128893
20677681,aot,49315475.225352116,
20678485,aot,49987336.923728816,
20678975,aot,53226979.123809524,
20675627,aot,51310756.885416664,
20676375,aot,86964191.32394366,
20681107,aot,57836520.4,gas-used mismatch for 0xeb5630aad261bc393e8ea265201b80d54dea6d12e06ca55963652a0cfeaba623: expected 261779 found 69712
20680678,aot,28154442.356756758,
20678215,aot,46877222.44578313,
20680020,native,26721153.595092025,
20675882,aot,54255461.2375,
20679293,native,42622852.396039605,
20681221,aot,55638140.527472526,
20675927,aot,51190216.873786405,
20680395,native,43120063.34259259,
20676808,native,45490366.97520661,
20676844,aot,34525163.991304345,
20678595,native,51921692.13253012,
20675815,aot,30868923.375722542,
20680465,native,49504438.71666667,
20676462,native,51987711.28169014,
20678787,native,43252365.51048951,
20679997,native,49071844.40740741,
20678056,aot,38489399.255813956,
20681042,aot,33446046.158333335,
20679179,aot,44642897.547619045,gas-used mismatch for 0xfa7d31e20f0d55e9c51339ad3076c3a1622df8ad055562cc137d898f65a57b0e: expected 344297 found 98993
20676808,aot,48138089.18333333,
20676960,aot,65775907.96,gas-used mismatch for 0x349354f714034883f6e991f3ff4714ce780b2d4a559ee4c1db463ea9785ef6c7: expected 302129 found 245369
20676392,native,46572324.02970297,
20677258,aot,25662248.80952381,
20680682,native,41629670.79310345,
20680091,native,38489383.018181816,
20675908,aot,6273824.810285714,
20678794,aot,49409122.61728395,
20676860,native,28800186.150442477,
20680370,native,43703874.71111111,
20679942,aot,52564519.277777776,
20678532,native,23307078.51020408,
20676072,native,42696704.297029704,
20676729,aot,49966140.231578946,gas-used mismatch for 0x91f2660bdf64a0e10108ad750324589d21f22134145dd4e77d42551e687585d8: expected 863907 found 534848
20680301,native,45463871.85555556,
20678587,aot,47794620.61111111,
20680172,native,80986873.5,
20678497,native,35518711.069565214,
20676564,aot,54190157.725663714,
20678285,aot,36469256.62698413,
20676259,aot,50284346.96396396,
20677682,aot,81910160.52727273,
20678102,aot,68068752.57746479,
20681108,aot,29472029.32867133,
20675883,aot,50993461.84210526,
20678486,aot,26630121.10526316,
20676845,native,59658094.91509434,
20675628,aot,22709534.275555555,
20681222,aot,35466925.355932206,
20679294,native,61330075.1,
20676376,aot,52417809.05940594,
20678976,aot,54441469.14545455,
20680679,aot,76306982.05633803,gas-used mismatch for 0x0b02d2f72e2f280138fa10ab604c85d6dd5829c393f1fda3b8ea1e515636a497: expected 384777 found 95880
20680466,native,35535111.371681415,
20678216,aot,41136971.381679386,gas-used mismatch for 0x07bdcec319651df5569cc9c7dd7e9873a36f1b21fdcc4a2056ad991194cff94d: expected 277874 found 49274
20675816,aot,56743373.788732395,gas-used mismatch for 0x2a44931f6f52281997f60ecf588fae5a4357df5008d2c1fa974fb75c31c15412: expected 277874 found 49274
20680396,native,54396804.18604651,
20675928,aot,81413383.95081967,
20680021,native,43343013.94736842,
20676845,aot,57115860.930232555,
20681043,aot,40492173.10989011,gas-used mismatch for 0x9b261047dc0ac40d47a6530e130bacee14514e74f8414baa0790ab4414b26630: expected 149643 found 75258
20678788,native,41192258.4,
20676463,native,75304328.98571429,
20676809,native,80202195.39436619,
20679998,native,40944052.571428575,
20679180,aot,48084779.36190476,gas-used mismatch for 0xe80c5687ed5a35eeb8e52260b6a06badc2a1543f22850edccb85338b6af49995: expected 511818 found 291099
20676961,aot,52397645.182795696,gas-used mismatch for 0xceb0c399e4b261eac283184e852b273985d1db81da064c36183f2021c693dabf: expected 481330 found 428581
20678057,aot,70579355.36470588,gas-used mismatch for 0xf90e889e767a21ca3193bbac727744530407de7e818f4cbd673be0f169bf8abd: expected 391123 found 309404
20676393,native,41188400.31818182,
20680092,native,60076435.325,
20678596,native,53302564.11111111,
20676861,native,56387098.6056338,
20676809,aot,74719698.83529411,
20676730,aot,40319444.504761904,
20680683,native,40468093.99264706,
20675909,aot,87138582.45,
20677259,aot,101800313.6,
20680371,native,15708696.095092025,
20678795,aot,43800812.98373984,
20679943,aot,56322711.63333333,
20680302,native,40302203.487804875,
20678286,aot,78518514.13725491,gas-used mismatch for 0xce73af8d3d55d3f3f8cf5f45985e40889f768fb604557028d5e6447d80f32aa3: expected 234716 found 44630
20676073,native,56694262.86813187,
20678498,native,78563781.86792453,
20678533,native,71605622.09333333,
20676565,aot,33676424.14193548,
20680173,native,35185795.14723926,
20679295,native,18239156.78095238,
20678588,aot,61678603.57281554,
20676377,aot,31419545.568965517,
20681109,aot,37990804.375,gas-used mismatch for 0x801a1f266394a4940174c2cafb8aaf49c8e9f4fae0546e51ca60687080f75516: expected 854087 found 471835
20678487,aot,47659795.45,
20676260,aot,41603174.669172935,gas-used mismatch for 0xcbb96a6d5029fd4487ea908946ea696b65bec579d7a4921edd9e28b5a5cf782f: expected 282545 found 153935
20676846,native,34588289.89510489,
20675629,aot,61849195.7625,
20681223,aot,48536719.89189189,
20677683,aot,70923223.04705882,
20675884,aot,36578289.33888889,
20675929,aot,39026939.593495935,
20678217,aot,44141820.23728813,gas-used mismatch for 0xc56173a55c61ef1f5e60ba3db3477282b3f12429c3e794d6ac4700e597a38654: expected 348088 found 95880
20675817,aot,43507539.78448276,
20680680,aot,62971655.7037037,
20678103,aot,33008583.943127964,gas-used mismatch for 0x92443f5bd52601b5e50a023cd43870b4ceddb1412e5c7315f8f08a16d59eea21: expected 266942 found 219201
20678977,aot,59855869.21875,
20676846,aot,38130831.22463768,
20679999,native,34978968.10569106,
20680467,native,68100694.89156626,
20681044,aot,68865456.01428571,
20680397,native,54974068.733333334,
20676464,native,50722103.305263154,
20680022,native,73176672.90123457,
20676962,aot,46086242.81318682,gas-used mismatch for 0x44596ae28a9d2aa44ab9e3eed71750b64439c0fc96e50f8c6e4afbd77e03bbbd: expected 298249 found 232280
20679181,aot,49552012.86813187,gas-used mismatch for 0x1d484e1944d7593fa3ed2a0e7f21028678d7649023304990f483ce5882fe463d: expected 283823 found 238403
20678789,native,32066204.460674156,
20676810,native,81560510.30985916,
20677260,aot,7814496.94,
20680093,native,41950519.26724138,
20678058,aot,54513963.15,
20676862,native,44909072.72072072,
20678597,native,19153833.028776977,
20676394,native,50558734.82644628,
20680684,native,43041899.324074075,
20676074,native,49626354.54216868,
20675910,aot,64568899.85526316,
20676731,aot,64484983.55294117,gas-used mismatch for 0xf678931d6002007ab626c6833813cd19e38dd12ba1b347eee0473db9c38b053d: expected 619918 found 424766
20676810,aot,60571197.46666667,
20679944,aot,41133106.8699187,
20678287,aot,28748300.5,
20680372,native,70098561.80821918,
20680303,native,42682733.512195125,
20676566,aot,39687289.32653061,gas-used mismatch for 0xb31e75f8bdfe0744205e505302704ea4f25f26ae3490cdf03d2b01a6550e742f: expected 266675 found 238355
20678796,aot,45804308.0,
20678499,native,61319159.38554217,
20678534,native,48705655.87,
20681110,aot,34587483.0862069,
20678488,aot,41875793.72881356,
20676847,native,45750652.24761905,
20677684,aot,23663947.235955056,
20680174,native,42503850.7972973,
20676378,aot,103892030.0,gas-used mismatch for 0x7ecfc724f272f6ec56ad195d34bd7a6e904e9175e890ecd1881f887db31f3067: expected 248604 found 191663
20681224,aot,34608641.63120567,
20676261,aot,56765107.89,
20679296,native,94729989.96923077,
20678589,aot,40064905.85625,
20675630,aot,36651669.98,gas-used mismatch for 0x2a0645d099a18fb3c2298fc59afff69392d6aa4e264bad9486668d63d21a3d36: expected 304235 found 234866
20675818,aot,54719240.28205128,
20678104,aot,39287347.992,
20680681,aot,34738157.5890411,gas-used mismatch for 0xeee1acc2e6862ad75cda0f7cfb5114dede8182ee122d8f02443ad7c2a2ea2ac9: expected 1438922 found 1235884
20675930,aot,39509634.66165414,
20678218,aot,37257275.503496505,gas-used mismatch for 0xe7e95c7d2fbad5546a053ef2fe0438395b7d11f9c4d6a30f33bb7d39dc0136ff: expected 834551 found 338404
20681045,aot,8284634.001754386,
20676847,aot,44760055.53982301,gas-used mismatch for 0x65c990c215a426aafd87ff7129ae2ea16ee87b68b59989af2e6131539fcbb69f: expected 200879 found 81726
20680398,native,67874323.09859155,
20678978,aot,58595516.384615384,gas-used mismatch for 0x2347fa7356cd5f0230566fe6686370b13423bace572c78c5ca1b08c06ca15015: expected 306020 found 95880
20680468,native,38524818.68275862,
20677261,aot,69361370.72916667,gas-used mismatch for 0x33f007d7d22912aa3b78e9f517ae484710cfb6383f0dd01c0ee005ada3d6b10c: expected 196308 found 81738
20680023,native,45846150.68181818,
20680000,native,17377294.805882353,
20679182,aot,35331145.07284768,
20675885,aot,102916668.62121212,
20680094,native,55249109.266666666,
20678790,native,72885997.10958904,
20676811,native,23375827.352112677,
20676963,aot,27570798.447115384,
20676465,native,96638080.91803278,
20678059,aot,33714087.61589404,
20675911,aot,40120143.731481485,
20676863,native,65102426.45783132,
20680373,native,47865483.34736842,
20678797,aot,42666214.33,
20676075,native,36762342.2384106,
20676395,native,37854974.849673204,
20679945,aot,26957382.978723403,
20678500,native,46914988.15053763,
20680304,native,55355086.564705886,
20678288,aot,38351945.984962404,
20676811,aot,25853494.32888889,
20676567,aot,76707820.86764705,gas-used mismatch for 0x5c5b75641ffc42e2ec7cc2e99009ad4f2b250ff704cd8bd1690d65939bd3760f: expected 258008 found 60507
20680685,native,52782649.34166667,
20678598,native,96327570.22058824,
20678535,native,26743866.663265307,
20676732,aot,40275782.88957055,gas-used mismatch for 0xeceb65d3d1429cbffc89bec16c69a0058e8a776aeb363dad9678a4be01e9083d: expected 632331 found 319442
20681111,aot,39384007.20300752,
20678489,aot,39544618.97457627,
20676848,native,59883596.51764706,
20676379,aot,46361507.93877551,
20679297,native,44430621.82653061,
20677685,aot,57904827.315789476,
20678590,aot,83784744.79245283,
20675819,aot,40258292.10344828,
20681225,aot,39086694.46376812,
20675631,aot,57939930.9010989,
20680175,native,60010363.43157895,
20676848,aot,45870325.56,
20678105,aot,66183887.56,
20681046,aot,72683387.93939394,
20680682,aot,39159588.93617021,gas-used mismatch for 0xce656e16aa79b06f54664031a02554fb5f77d30291bd1296312aca32130c3ce0: expected 705918 found 95928
20680399,native,39188724.47328244,
20680469,native,33603079.455882356,
20675931,aot,45530809.585365854,gas-used mismatch for 0xdd09dc6472aca2a0b4bca9b0d93d48e17f305dd34bf7f4f7cd46ed830d4fcbd9: expected 1294876 found 700229
20678219,aot,48020974.80909091,
20676262,aot,42621500.75483871,
20678979,aot,37237507.55862069,
20676466,native,29381177.3671875,
20680001,native,45891714.65740741,
20680095,native,55966201.59259259,
20676964,aot,65528960.98630137,gas-used mismatch for 0xfc958405602bab544658c4af34535050d513f5cd46ed3acb36aefc83146e0270: expected 196285 found 81714
20680024,native,43168276.692307696,
20677262,aot,69913551.0625,
20675886,aot,38284503.72142857,gas-used mismatch for 0xfbc34a533c6e39af4b524eb56d6d2d1447cd53664d67abe99a98edb404d4fe4a: expected 367676 found 235420
20678791,native,45663150.075,
20676812,native,53651917.641509436,
20675912,aot,40254089.152,gas-used mismatch for 0x0b4f6b0bd4c96b655d1505d160032b1039d426c648cac33ffe7b5ca51f2ccd10: expected 532372 found 357033
20679183,aot,65105561.25242718,gas-used mismatch for 0xb8a5979dd24c93822c41e2038fe3090fd88f4dc3ac895ec33fd3bdfcd0db7295: expected 547228 found 234282
20676864,native,55182755.284210525,
20679946,aot,59613924.25333333,gas-used mismatch for 0x8e4be370b269bb815fad75732489fa46788777490f58dd862f51b7d6181bea01: expected 368437 found 98993
20678798,aot,43332902.99090909,
20676076,native,44280938.225225225,
20680374,native,56861293.12222222,
20678060,aot,27900416.786956523,
20680305,native,55157095.45555556,
20676812,aot,43374477.34234234,gas-used mismatch for 0x6e9725979025af30d8cf3421ecdb177120ed8625c1fbc8beb3ed1c05ddae598a: expected 269815 found 243222
20676396,native,50899284.36792453,
20676733,aot,32638940.970588237,
20679298,native,45786587.6,
20676568,aot,53571645.64,gas-used mismatch for 0x071419563898bfd0ca2a4adcd7db2b9fd9819716561681fcd5605b30381936a3: expected 347947 found 95880
20678289,aot,81179896.1,gas-used mismatch for 0x57e40eff4ef7782268d2705c3bf6e218c49117731f7867509b4c417319cc695f: expected 257999 found 60495
20678536,native,55833458.23863637,
20680686,native,54982267.86734694,
20678501,native,67939554.9010989,
20678490,aot,66612482.166666664,
20678599,native,59326428.417582415,
20681112,aot,53605533.87,
20676849,native,48390603.50434782,
20675820,aot,33970439.777777776,gas-used mismatch for 0xfc448e54f3b2ea798c724bbb03a5c72a92f8431c2fc9ece0d46219d6706a32b4: expected 305341 found 231971
20680683,aot,32433884.949152544,
20681226,aot,62145678.118421055,
20676380,aot,43990276.77037037,gas-used mismatch for 0x423424033514a7d6d2dde364fb5276e4ab434bd62aa17ef581255ac2ae6ffe2a: expected 589949 found 260260
20680470,native,16767062.719148936,
20677686,aot,22973479.204,
20678591,aot,44860272.40625,
20675632,aot,42088598.55371901,
20681047,aot,47364042.16504855,
20680176,native,35570008.88235294,
20676849,aot,41062617.20634921,
20680002,native,65304732.73214286,
20675932,aot,21800986.063636363,
20678220,aot,39647701.46875,gas-used mismatch for 0xed7e30093f972333d23d33cc1efc61a1254036f5a1d53a6664578668c8971aa9: expected 834539 found 338392
20678106,aot,59020240.92631579,
20678980,aot,55587504.62790698,
20680400,native,34985120.784810126,
20675887,aot,51588062.255813956,gas-used mismatch for 0xc4f083690a57a4c3a2d960153f08805507ebcad6d96e1bbaf915ee36892e4358: expected 368401 found 96683
20680096,native,49722685.75925926,
20677263,aot,38618187.84558824,gas-used mismatch for 0xf6f1c1c8a3e9622f80de09157d1caff162bdecbadbb7744a1f467e3f1a25a4ac: expected 271318 found 238889
20676263,aot,42932637.58169935,
20676467,native,59129146.48514851,
20680025,native,49566517.24324324,
20678792,native,27361331.218579236,
20676965,aot,41211727.42068966,
20676813,native,57672076.34939759,
20676406,aot,66457981.89333333,
20679947,aot,31796916.36708861,
20680375,native,51838209.244186044,
20676865,native,55624446.77,
20678600,native,42893095.55681818,
20679184,aot,47319082.6,
20680306,native,90258568.32142857,
20678799,aot,59581701.77,gas-used mismatch for 0xcb8fa2ce24167413c549151c771b9597f54144683e73b03d5104bc7062341fa0: expected 733897 found 203010
20676734,aot,48685041.699029125,
20678537,native,46304544.33,
20676813,aot,52695719.00952381,
20676569,aot,37187373.74814815,
20676077,native,40203037.806666665,
20678061,aot,78117295.2112676,
20676397,native,51144457.37962963,
20679299,native,35772385.58783784,
20678290,aot,20789528.972111553,
20681113,aot,55148851.90123457,
20676850,native,32314096.792792793,
20678491,aot,37927628.90780142,
20680687,native,71819170.65432099,
20678502,native,70253379.8375,
20678592,aot,40043436.25,
20680684,aot,37163193.85950413,
20681048,aot,32691603.79338843,
20677687,aot,75431826.25396825,
20675821,aot,50332168.80555555,gas-used mismatch for 0x652101ad79c3b55e208fe104d85cb673ce60809e5ab2310fab17b48bd701ae35: expected 415359 found 95880
20681227,aot,51859022.13265306,
20676381,aot,49806598.06481481,gas-used mismatch for 0xb8e8548aac81d8dc3d8f2c803c0a98e82f2b8f8bf2eed77ae17a423ff0d76d63: expected 835123 found 338404
20680471,native,42045939.78461538,
20680177,native,30570406.30625,
20675633,aot,48439850.93693694,
20676850,aot,42750573.09090909,gas-used mismatch for 0x37207d21961d7e24540581d6cabb0c7f8d9ee3979232818ab8760055b8205ede: expected 264067 found 215878
20680003,native,42863809.118644066,
20678981,aot,65030122.46666667,
20678221,aot,43591770.512195125,gas-used mismatch for 0xa3e34ede31d676e07f336155fc4ce84a183a8d7d15690b9c9905ca5054b9c708: expected 258140 found 243079
20678107,aot,47030030.6,gas-used mismatch for 0xe50b3672e8ad663b70f4c3fd80725aea6234e6ab066da15c245f780844c39c04: expected 533529 found 95928
20675933,aot,98160505.56923077,gas-used mismatch for 0x8ff10df10d48d53d8c9ca1b2d29a04970aada149d595799b3d8f12b29bdfcc88: expected 1497536 found 1250519
20680401,native,62835451.406593405,
20680026,native,40348530.96551724,
20676966,aot,57148148.381578945,
20675888,aot,49339170.432432435,
20676468,native,67379135.6125,
20680097,native,56774803.283018865,
20676814,native,58896812.92222222,
20677264,aot,58840338.7735849,
20676264,aot,57066476.27927928,gas-used mismatch for 0xf86cc75e8ad3bf8282ffc5a107df8e46cf31b78ad5b03c8d110fe791c058f298: expected 620526 found 37885
20678793,native,77049168.62820514,
20676866,native,53484364.43333333,
20676407,aot,57829895.873786405,
20678601,native,35495637.68115942,
20680376,native,29914435.372340426,
20680307,native,38318972.91538461,
20679185,aot,52652945.31632653,gas-used mismatch for 0x03ad42d77bc505e5373b8ff39299ebd1fccdb27bcfc3c2b23a02c5aae53b5c53: expected 306470 found 95868
20678800,aot,10872888.557017544,
20678515,aot,22786650.75862069,
20679948,aot,48552649.41322314,
20676735,aot,57217737.55555555,
20678291,aot,30318609.61875,
20676814,aot,42834503.75,
20676398,native,32572399.730769232,
20678492,aot,46736162.1122449,gas-used mismatch for 0x96a88ba6bb852aa0804ec831ffd53656aa36f8d12553d92cbefd26b0d9fc294b: expected 264079 found 215890
20676570,aot,51019240.96116505,
20678062,aot,35216883.94,
20680109,native,62196179.12820513,
20678538,native,81211833.4,
20680688,native,101813963.85365854,
20681114,aot,42107962.35772358,
20679300,native,68665409.04444444,
20678593,aot,34331227.827067666,
20678503,native,41102067.0,
20681049,aot,45533367.92727273,
20680685,aot,42464283.753968254,gas-used mismatch for 0x71bf5facdbf89b0d8f2ff258dddbfee453c2070dd495ff9c44da13925a44dfaa: expected 477125 found 296787
20680472,native,46341674.40860215,
20675634,aot,34588542.30833333,
20676382,aot,48530412.10204082,
20675822,aot,46000734.20720721,
20681228,aot,34761091.01282051,
20677688,aot,72447276.17948718,gas-used mismatch for 0xdc1a9b11b0cdbad7b54ec3b8f2d5ac17c6190e9138fd38f88acf84dbb155154f: expected 409103 found 95868
20680178,native,78558197.8,
20678222,aot,52268236.625,gas-used mismatch for 0x7931e99c5c74958192adb023a470d16994053656daf942908ca7c44e410e013d: expected 418747 found 326410
20676851,aot,28130966.36585366,
20675934,aot,20519817.377777778,
20680402,native,30712651.054054055,
20680004,native,81792533.94520548,
20678982,aot,70138679.6625,
20676469,native,35297550.68181818,
20675889,aot,33781494.941176474,
20678108,aot,38277244.06428572,
20677265,aot,52424364.7631579,
20676967,aot,6331900.512931035,
20676815,native,48808290.22105263,
20678794,native,57031588.192307696,
20676408,aot,24521169.339181285,gas-used mismatch for 0x7b3f45423a1a76263ccacd4caed1ba4515664fea29d9b0a178d9acbde0843724: expected 535452 found 257118
20676265,aot,57054404.94186047,
20680098,native,45468681.85950413,
20680027,native,80331006.55,
20676815,aot,53516752.64383562,
20676867,native,30670562.589595377,
20679949,aot,69778278.4264706,gas-used mismatch for 0xf54f66f688895c696154b1b07048e847faf699004b03825eaee2612ef9abcb55: expected 403550 found 95928
20678516,aot,73021949.32307692,
20678602,native,44553508.23140496,
20680377,native,44748261.15,
20680308,native,44234730.317073174,
20678493,aot,71361033.84615384,
20678063,aot,60703369.176470585,
20680689,native,54505819.86813187,
20678801,aot,102472809.26415095,
20676571,aot,94040230.01886792,
20678292,aot,88889843.95454545,gas-used mismatch for 0xadb9b959fb05907103e673873315934aa75970da4f30cb77dcd755d1f8aee76a: expected 257999 found 60495
20679301,native,61614027.19736842,
20678594,aot,50001883.02272727,
20680110,native,26792845.308056872,
20679186,aot,59520380.74285714,
20681115,aot,54147461.633663364,
20678539,native,43413928.3382353,
20676736,aot,57921878.91818182,
20676399,native,82343823.50666666,
20681050,aot,31246463.94117647,
20680686,aot,58229533.847058825,gas-used mismatch for 0x3fc85ad7bafb6e6f48136c2469303a63c06febd98abda96ec79b8d08c35eeb2a: expected 474298 found 296775
20678504,native,33675612.01265823,
20675823,aot,55662412.58024691,gas-used mismatch for 0x5569f53ad2731b42a9353002ff854a19b9c9ebf4e44ccefeee9570b23ff4ab8c: expected 490071 found 95868
20680179,native,26640968.29054054,
20680473,native,46929507.74576271,
20676383,aot,44897223.11818182,
20678223,aot,36467901.556521736,
20675635,aot,69457001.46666667,
20677689,aot,37759273.0625,
20681229,aot,54028337.93406593,
20680005,native,39680781.4368932,
20675935,aot,84598031.85714285,gas-used mismatch for 0x16107ee82686649229d8e7e6b95ab9ff604a928d3f9c83f0b850a3e0d6d62f1b: expected 990414 found 124496
20678983,aot,49890385.67326733,
20680403,native,3143005.855455568,
20677266,aot,85765118.86956522,
20676409,aot,76120202.18,gas-used mismatch for 0xeb71ec4b4a0d842e5f7d190853beb033873fa77c84062203e5e9774d11b95d66: expected 298323 found 232280
20678109,aot,62349295.7037037,
20679306,native,48584491.425925925,
20676852,aot,67954614.88172042,
20676968,aot,75214096.61904761,gas-used mismatch for 0xe1cebc6919698b341ad65fbe87842f8d08faa024daa966c421510d176baf8824: expected 726864 found 414440
20678795,native,38345213.024,
20676816,native,42774383.93220339,
20676470,native,101693422.93650794,
20680028,native,30195283.125,
20680099,native,71561005.52054794,
20676266,aot,72191313.62666667,
20680378,native,30801795.304347824,
20679950,aot,49911403.916666664,gas-used mismatch for 0xbd522c131c00711bc6f5a6be9cd316a6f907b960b8931a060b330f4fa2c8a3dc: expected 248300 found 53145
20676868,native,28567600.211764704,
20680690,native,41762371.76923077,
20678517,aot,50808241.15789474,
20676816,aot,42688730.89230769,
20678603,native,41009559.75572519,
20680309,native,44140922.12,
20679302,native,62627842.08450704,
20678494,aot,47366840.522123896,
20676572,aot,41422662.675,gas-used mismatch for 0xe82d83895dcdbbb64db4f822918314baada9552e3acb8fa5358499ff9ddf6d52: expected 322263 found 95868
20678540,native,63330340.09090909,
20678064,aot,62412698.325581394,
20681051,aot,42884509.24271844,
20676400,native,59451659.71232877,
20678293,aot,44220731.62601626,gas-used mismatch for 0xca3d131f4148f2c1355ebbe5bf8e79194dd8ede43cdcc9f3450f63bf6d6b08b6: expected 274173 found 68434
20680111,native,56181948.604166664,
20679187,aot,28345215.2979798,gas-used mismatch for 0x170206964d5660781263601ab25d945a1028c1999c853bdc363789f0320a9239: expected 283787 found 238367
20681116,aot,83983175.26229508,
20678802,aot,9693720.039370079,gas-used mismatch for 0x221643c7c0c038bc53231a981de3448b448ec30a95528167220433736e049311: expected 249825 found 53926
20676737,aot,55362500.729166664,
20680687,aot,57848601.38554217,gas-used mismatch for 0xf7e323a3e2d41908cca7ba1a4ee1c41a98eb94151f849b863de14381e816da7c: expected 474310 found 296787
20678595,aot,44777754.819548875,
20675824,aot,45002633.495238096,gas-used mismatch for 0xa8b729aec4ea1815d68f8abd275fa5eb840f505564b183f21bdf2fc7afb3b486: expected 261758 found 212288
20675636,aot,32004935.67132867,
20678224,aot,38906395.923728816,
20681230,aot,26155941.6,
20678505,native,75926132.2,
20680180,native,32260214.60526316,
20676384,aot,60458299.76344086,gas-used mismatch for 0xf2abdf11ebaab0c649778091c7608087082f085ab054fc90b25dfb00c05fad4d: expected 209340 found 82062
20677690,aot,41396044.6,
20680474,native,46639739.265625,
20680404,native,63363210.515151516,
20680006,native,70247501.425,
20677267,aot,13081834.259154929,
20676853,aot,31328668.51145038,
20676969,aot,42305738.29245283,gas-used mismatch for 0x7a441a8ab129077953c324842c3f99439bc98524dece2b38439df79182de1fc0: expected 196043 found 81726
20678110,aot,44175225.50925926,
20675936,aot,73686784.84705882,gas-used mismatch for 0x9e9f85e2bf0917f3ff9be60a77a105497edf57ee8dd810a3bba92392b0f7fd14: expected 447215 found 393119
20678984,aot,57080439.22580645,
20679307,native,12642831.75,
20676410,aot,42107132.73809524,
20678796,native,44203069.14159292,
20676267,aot,36852901.48648649,gas-used mismatch for 0x52cdc058f847d55d9351d7772cb4a63b99545cf0999f1d13b467ded19601ac27: expected 277745 found 153935
20678518,aot,43391582.15909091,
20680100,native,33773772.507246375,
20676817,native,54651670.554455444,
20680029,native,22747504.663716815,
20676471,native,47014378.85840708,
20679951,aot,54260418.23076923,
20676869,native,51486955.663157895,
20680379,native,48186982.0754717,
20676817,aot,49989678.14444444,
20680691,native,57476353.81052632,
20680310,native,83723206.98214285,
20679303,native,17810006.615384616,
20676573,aot,59647464.038461536,
20678604,native,86614986.18965517,
20678495,aot,47073031.573913045,gas-used mismatch for 0xf66abbcce14d74d9fa1bb2d1436af0526b05e4a17c1c7cc0d122639dd73cab2c: expected 664942 found 505437
20678294,aot,32775293.442028984,
20681117,aot,36182918.525,
20681052,aot,42112567.3826087,
20678803,aot,62687185.39726027,
20675637,aot,40183176.63809524,gas-used mismatch for 0x4a9f392a901325b8887cd04c7469a30714213e0769ed40a773fc5e089299c779: expected 843103 found 338416
20680688,aot,83815027.81818181,gas-used mismatch for 0xff4f5ddbad9c1f394155eff69880f18e6b74706128d2151184ca74b8d0f8f6d0: expected 474310 found 296787
20678065,aot,55755519.35643564,
20679188,aot,51243306.9,gas-used mismatch for 0xb23439d59c25646fb9c9afde4e90f7c5e72c6a86d0dd56b1aa49ef8bcd54e122: expected 344297 found 98993
20676401,native,44111077.8,
20676738,aot,28920366.52,
20675825,aot,40502200.176,
20678541,native,43519342.74666667,
20678596,aot,47060050.3,
20680112,native,78126873.0263158,
20678506,native,62084593.32394366,
20677268,aot,52229213.91549296,gas-used mismatch for 0xee381072eb7471940487ef497b833043bbbb744c3950e828b914bc57135c903b: expected 1438641 found 766697
20678225,aot,44077461.70229007,
20677691,aot,37773899.24390244,gas-used mismatch for 0xb7765f19b78bb94fc714f9c6ba40498cc296f25cbef64f9cc481ae94f4c30b5a: expected 248243 found 53073
20680181,native,88067878.88235295,
20680475,native,63575831.61643836,
20676385,aot,44563453.17391305,gas-used mismatch for 0x2819de31bb5caec76b34bd4460fc73b8d2bb1d3ffc9eef8b1c1319a0b33551fb: expected 185387 found 81786
20681231,aot,47558262.11904762,
20680405,native,44510507.43902439,
20676854,aot,38500621.83846154,
20676411,aot,43240909.85436893,
20676970,aot,38583233.8359375,
20680007,native,47179146.43902439,
20678111,aot,54485872.91578947,
20676822,native,40204405.83076923,
20678985,aot,35948913.80794702,
20679308,native,52663432.574257426,
20676818,native,4473742.011727079,
20678519,aot,43549871.0,
20676818,aot,4845961.922882427,
20676268,aot,49550899.018867925,gas-used mismatch for 0x3cf5330da3768603ace09f3604beb92cfd20627e7450113b282ea1d98ad4b1ed: expected 274443 found 98981
20680030,native,91729316.22916667,
20679952,aot,28799850.730994154,
20678797,native,59151508.07920792,
20680101,native,32245666.479768787,
20680380,native,51376681.989795916,
20680692,native,74354548.91803278,
20680311,native,29329133.922580644,
20676472,native,92758670.34482759,
20676870,native,58358929.49473684,
20676574,aot,33959948.71755725,
20678605,native,37436880.36440678,
20681053,aot,33514470.198473282,
20679304,native,66178303.0,
20678804,aot,15451941.174061434,
20678496,aot,60107858.27710843,
20681118,aot,16290704.237012986,
20680689,aot,40598097.927927926,gas-used mismatch for 0x5cf38ba90282af805cbb8fa94d48d9eba654e19b3f32dfe0d7f4bedc1983b154: expected 474310 found 296787
20676402,native,46664311.811881185,
20676739,aot,42277466.518181816,
20678295,aot,75015141.52857143,gas-used mismatch for 0x340a8899eb6fed82cadf10f938d3aa16a2ef17fefc18f7e8a9d69a43fefe25e0: expected 326896 found 115957
20679189,aot,44862764.860869564,gas-used mismatch for 0x70efd44c7b0f01c57d8547a448acd9b4579152bde83e7c0119b982f976c436db: expected 286998 found 92935
20675826,aot,42525535.66037736,gas-used mismatch for 0x964cc417805e2eacd269fee2b5f10312f2cb7a2edbd38d1d4b81b5b751307eb5: expected 1223936 found 1091886
20676386,aot,40706788.04819277,
20675638,aot,45138612.49206349,gas-used mismatch for 0x5c40b09d613fab4bcf7e59301aa0fde0960f0912d51145dbc77a5c0af3f6d965: expected 308436 found 237965
20680113,native,35686032.969924815,
20678597,aot,18235847.701438848,
20677692,aot,40283447.653465346,
20678226,aot,52398663.21176471,
20677269,aot,14976153.334355827,
20681232,aot,32404435.15625,
20680476,native,43940650.04,
20678507,native,43105477.52066116,
20680182,native,63630162.32857143,
20678542,native,52939334.895652175,
20678066,aot,87347998.41025642,
20676855,aot,54107931.638554215,gas-used mismatch for 0x0f46da4bad0cfddbdc63274c436f47c1a796396637e93c414182b53986b4c34b: expected 692967 found 581444
20680406,native,20830449.042372882,
20678112,aot,38461324.73043478,gas-used mismatch for 0x198300ba43103918b2ca16b3b80bdabcafe8c659a0c46627766c65a4f810019b: expected 599304 found 368589
20676819,aot,84472162.51162791,gas-used mismatch for 0x8df3b8f6f2ba85d3d5ab0bc2ff8d4d5b406c382010764301569404859398a34f: expected 366030 found 95880
20676412,aot,38731578.22142857,
20680008,native,54409985.69387755,
20678986,aot,54110717.384615384,
20676971,aot,51829398.481818184,
20680102,native,49092061.54666667,
20676819,native,89782079.67272727,
20676823,native,56991448.23,
20678798,native,46703663.823529415,
20680031,native,26024488.607954547,
20679309,native,23476618.426294822,
20680312,native,43308398.10227273,
20678520,aot,67455308.09876543,gas-used mismatch for 0xd6c13bea4d15fa1664b5f64cd9375fb6226a8cda32878817256deb0b645f97c8: expected 473023 found 291286
20676269,aot,32563134.701863352,
20676871,native,47604693.989247315,
20679305,native,40529748.3373494,
20680381,native,53581328.39795918,
20679953,aot,46492362.79230769,
20681119,aot,65509557.86666667,
20676473,native,48962704.982300885,
20680693,native,65284294.1978022,
20678497,aot,32078701.579310346,
20676575,aot,48873546.49565218,gas-used mismatch for 0x3627fe5f4fa90d1f33da064dd0fdb13c912844710fa0e8e7a53de6f5910ec555: expected 737999 found 460136
20678805,aot,77430886.63793103,
20679190,aot,55540627.225352116,
20676403,native,47771485.614583336,
20680114,native,42488225.87777778,
20676740,aot,52572969.838709675,gas-used mismatch for 0x51e3a5fa766e4dcacef93e6d3d1baabad51699851865d54599466f7bc936bc8b: expected 282545 found 153935
20676387,aot,46463893.583333336,
20681054,aot,48417214.11111111,
20678606,native,42806643.69032258,
20677693,aot,50665722.527472526,
20680477,native,36171865.9296875,
20678296,aot,74961525.94666667,
20678508,native,42371090.7,
20675827,aot,92758816.3968254,gas-used mismatch for 0xbea6ebb95c09f577209bb2453b38c98895a6c55e8dc11640069221965809fe90: expected 392947 found 355951
20677270,aot,64853463.692307696,
20675639,aot,84227234.02666667,
20678543,native,22810471.57017544,
20680690,aot,62727394.16,gas-used mismatch for 0x008d124f72fd023c1373d43e3237935a0aa6a3ffa44ffb1a001c303ebf1abd14: expected 474310 found 296787
20678598,aot,82196942.87671232,
20680183,native,42102235.45714286,
20681233,aot,40764916.896774195,gas-used mismatch for 0xc11ed83285bd411612f5f7e733f5bde50f8bbab8b9560da1574313f55635afa8: expected 201096 found 81726
20676413,aot,74737724.89583333,
20678227,aot,45044531.86986301,
20678067,aot,65783989.04444444,gas-used mismatch for 0x2734108acc4184bc804f3c9cc93cc21e714b8a7dae28683f479c8920e9eed95d: expected 248310 found 53157
20678113,aot,44970582.873873875,
20680407,native,72671523.16,
20676856,aot,55733884.60185185,gas-used mismatch for 0x84477a01f1755fee9e650db3c15739ba714e78aab4080cd76229b616a2b20402: expected 194655 found 81726
20676972,aot,19598336.519379847,
20678987,aot,35590391.0890411,
20680009,native,43215264.896825396,
20680103,native,34122597.16083916,
20676820,aot,44839576.24264706,
20676824,native,52175846.96842105,
20680313,native,46789090.05,
20678799,native,53290265.74757282,
20679310,native,63907549.05128205,
20678521,aot,47738813.132743366,
20676820,native,42918099.16428571,
20680032,native,24144513.06048387,
20676825,native,52437045.116504855,
20681120,aot,48599165.64210527,
20676270,aot,83255525.2625,
20676404,native,58734409.32876712,
20676872,native,53926659.915254235,
20676474,native,54784718.2631579,
20676388,aot,27753889.032051284,
20680694,native,68927808.46052632,
20678607,native,59984843.25,
20680382,native,37742348.662857145,
20675828,aot,13549535.3984375,
20681055,aot,26391583.735955056,gas-used mismatch for 0x2fabf4aa2570d4147937743d80e7ba75e315bef9aa6cf031fafea7ed525759b5: expected 705403 found 342410
20676576,aot,50513362.817391306,
20676741,aot,54429067.42045455,
20679191,aot,41440811.55725191,
20679954,aot,48117634.0367647,
20678498,aot,67648059.2840909,gas-used mismatch for 0xfc1df35529b1a7a968afc3b706f992c98380fc91603fb45c17f6b78244c5bcbd: expected 418356 found 95868
20680115,native,59256030.02197802,
20678297,aot,34761465.8046875,gas-used mismatch for 0x5da8aa6e96bc81022e1646b74fcaf353a98acca69f4f4722eb17d48df0647d21: expected 351738 found 95868
20678806,aot,50893389.138211384,
20675640,aot,42592298.18,gas-used mismatch for 0x1c2277cfa430cd8114dc88d219c5d3a015dac83e552e7a5a88106857920a2a0e: expected 303148 found 234328
20676414,aot,49854379.51428571,
20680478,native,25964218.746341463,
20678228,aot,48543564.02666666,gas-used mismatch for 0x5e454ce5d6df29bb4ab9ca5671a09f6549ed8e87f70189d47526042d77f34d1c: expected 258171 found 60710
20678509,native,35018772.29139073,
20681234,aot,31161060.926829267,
20677694,aot,47460889.54471545,
20678544,native,76184489.58490565,
20677271,aot,82157376.31746031,
20680691,aot,35215965.25165563,gas-used mismatch for 0x0149dd95dff46e0e7ad0e9b17866bbb25030e96dfeb76d9086f50a5f3d706b80: expected 3578695 found 461914
20678599,aot,46203479.07964602,
20680184,native,37600921.81428572,
20678068,aot,48974981.175925925,gas-used mismatch for 0x4138dff224579e9b05bccc1f6011f77c58da4c4171d87945a7309669bb9fde98: expected 273723 found 68314
20678114,aot,61128047.302325584,gas-used mismatch for 0x34f10222a28d26061e96c2482146658f714dc67ecfde38e2c4399989e16371a6: expected 266942 found 219201
20676857,aot,28010792.626506023,
20680104,native,20335302.02843602,
20680408,native,42836062.5859375,
20678988,aot,79098555.43076923,gas-used mismatch for 0x9a6d97acd6dae321baf4dee8eec471760164622390d014a8925e9a6c336cc158: expected 876176 found 746368
20680010,native,34347486.284810126,
20676821,aot,63823591.8372093,gas-used mismatch for 0xf549412444bb504f9f165078236853d9dd8522c97e1e9eef993a74129c1f3c98: expected 269827 found 238074
20679311,native,58042820.807692304,
20678800,native,13467045.725333333,
20676973,aot,70019347.84705882,
20680314,native,43896369.23015873,
20680033,native,57771585.5375,
20681000,native,24784079.2375,
20676271,aot,77350866.80392157,gas-used mismatch for 0x83f92d1d9f3b361e6933f7907db019f8f02bf06e1f09374d997ab532003bee4f: expected 808744 found 880648
20676821,native,64953809.13580247,
20676826,native,36817675.05925926,
20678522,aot,40249335.58783784,gas-used mismatch for 0xf18d53b0cced15be379876ad42987e26d703ec8bbd5350e99a6e9767229effd2: expected 256608 found 52875
20681121,aot,48549138.71818182,gas-used mismatch for 0xae011dfd9f702b93fc9a9bf96b61977577133e46209d2cccc966ffacea1fbbc3: expected 385127 found 317126
20676873,native,21677931.14893617,
20676577,aot,50241280.13253012,
20676389,aot,43812662.45454545,gas-used mismatch for 0xf6a2cd03509f720fed55fd31cb8f66476e486b9fcb7be556e388ed6204696953: expected 282521 found 153911
20680383,native,53226854.8372093,
20676405,native,70403259.97260274,
20678807,aot,45930789.82716049,
20681056,aot,52605365.52272727,
20675829,aot,19707382.18076923,
20679955,aot,59563420.85333333,
20676475,native,49211667.5945946,
20678499,aot,71081856.67213115,
20680695,native,17429578.762463342,
20680116,native,45986940.78181818,
20679192,aot,41643959.55555555,gas-used mismatch for 0x2f37819c1f2cb309c392505098c41cb345ca0df7fd53a08ebe3d107d467840a4: expected 458805 found 438255
20676742,aot,57262151.05940594,
20680479,native,62498420.571428575,
20678229,aot,48336234.354166664,
20678608,native,47157021.080882356,
20678510,native,45442503.366336636,
20678545,native,42611523.30434783,
20677695,aot,42669005.97413793,
20677272,aot,6245004.488549618,
20678298,aot,58759499.518867925,
20681235,aot,56240532.53684211,
20675641,aot,74735756.93150684,
20676415,aot,44976251.02290076,
20680692,aot,39990828.06504065,gas-used mismatch for 0x592707dfb65de00d58686cd1bdeb4635b8cf61c579f816f08c866dd0194d91b9: expected 1308156 found 714281
20680185,native,46920302.00990099,
20680105,native,37209758.875,
20678115,aot,38827496.384,
20678328,aot,47915436.95,
20676858,aot,86782082.94642857,
20678600,aot,42594408.32,
20678069,aot,29756661.48979592,
20678989,aot,45259360.22857143,
20680409,native,48693396.54455446,
20676974,aot,28487783.44099379,gas-used mismatch for 0x7f38d6c6dc8ce1a77ef857f5914655076204b4e06bdea7059e09369e8fc70c16: expected 608326 found 629874
20680011,native,36434166.0,
20676822,aot,36174111.503496505,
20676272,aot,46345773.05376344,gas-used mismatch for 0x3ff6e77e385738db1d935e4390d7c00c98b1d9478f813079164bd97cb4efe5e2: expected 185387 found 81786
20680034,native,67777234.35294117,
20680315,native,56336496.71428572,
20677812,aot,52176978.947916664,gas-used mismatch for 0x6d5cab1cbbd5af3902bb7dcba8ca8b6cddb0e935ca69156f3a8cdf7651847d00: expected 299271 found 229375
20676827,native,59467794.406976745,
20676288,aot,30717014.195652176,
20681122,aot,48692807.02970297,gas-used mismatch for 0xf229ae1a829e4f7b9908f44283215ffd96b9fdfb4486c9392aee08170a6a3125: expected 1121598 found 472949
20679956,aot,34844643.62162162,
20681001,native,97238475.1,
20678801,native,125417126.34,
20681057,aot,45844035.99,gas-used mismatch for 0xd1d3c147adf68bee44d6262a398db48866f3662193578c32e2c5202519c88ca7: expected 491517 found 252008
20676874,native,51554440.010526314,
20676578,aot,28524004.869318184,
20678523,aot,57087025.31132075,gas-used mismatch for 0x003b767ba91d2ef63e2a408cced1d74d1263dcd0bdadba39ec3c1d87b54730ee: expected 256627 found 52899
20676390,aot,67489112.8974359,gas-used mismatch for 0xb496496c76915f625fdf609ebadd872528173b8c3faa090ae50bd9f2bd742ca1: expected 449796 found 95892
20676476,native,49775915.177083336,
20678808,aot,42334205.666666664,
20680384,native,54465661.12037037,
20678500,aot,50455093.96296296,
20680696,native,32333373.57763975,
20675830,aot,83077550.97058824,
20680117,native,47415579.7735849,
20676743,aot,53929052.68131868,gas-used mismatch for 0x988844295d6f128c6ac24e8db2dc8cf056b06ec2ad67b46d50f1349b6824c88c: expected 191508 found 81738
20679193,aot,63222698.15384615,gas-used mismatch for 0x6d5e429e4ec3da299c536c38c4a4484f82c2ea1b23d62eaa76ab43a7a3663843: expected 266687 found 238367
20677696,aot,41678313.53773585,gas-used mismatch for 0xa4fd0c786fa43fc74ea4416a737fee968caaee6f1985ef9f8748da37fff131a3: expected 788844 found 822743
20680480,native,28131333.160621762,
20678546,native,69741872.97183098,
20678230,aot,43508856.63846154,
20676416,aot,48053881.322916664,
20680186,native,53876027.75,
20678299,aot,82959381.78688525,gas-used mismatch for 0xff339c1da44c2039205d149914f9425e6af8a66e82fc1c8520ffa151d923a3e8: expected 1229403 found 745479
20675642,aot,39365481.9057971,
20681236,aot,36966870.333333336,
20678609,native,44836820.15384615,
20678511,native,41594512.02649007,
20678116,aot,30909584.67857143,
20680106,native,65892940.26153846,
20680693,aot,45540492.5785124,gas-used mismatch for 0x39a4bc814f34f3f04397ba656959d404f3eff69243cc9b39fd8a67d04182494e: expected 4472531 found 161846
20677273,aot,79250109.46153846,gas-used mismatch for 0xbd1f1eb1045f4c762b5ecc8ed45d45895ff2384c2b400914410937d3754e3606: expected 547407 found 335276
20678601,aot,34791104.53658537,
20678329,aot,26330709.256830603,
20676859,aot,58231080.22891566,
20678070,aot,59356271.475,
20678990,aot,49492111.95049505,
20680012,native,58407893.35897436,
20680410,native,48237233.06363636,
20676975,aot,27320804.252688173,
20676273,aot,68175037.5890411,
20676823,aot,44536062.3539823,
20677813,aot,49206189.2631579,gas-used mismatch for 0x381ddcd2cc5c8600353be7abac2b0b7b874a5103ac853c908951990d66a1dac1: expected 1481915 found 660239
20680035,native,59229174.770833336,
20678512,native,36705277.264,
20678802,native,7468084.906779661,
20680316,native,36401235.35507246,
20679957,aot,46511452.94736842,
20676289,aot,63103602.666666664,gas-used mismatch for 0x2522f05b9bf9f9a1420f55e20e98b2676168906d0a7e44e06f61b7cf09d87f8d: expected 248329 found 53181
20681123,aot,49662300.699029125,
20676593,aot,16785994.04895105,gas-used mismatch for 0x1f83392f347fe73a2ad3da90d9cf192439291ac47d9cf25435fcee1abdc5fa88: expected 634557 found 720204
20681002,native,55544116.623655915,
20681058,aot,38703330.34586466,
20678809,aot,51385812.094736844,gas-used mismatch for 0x20e83532eed6685bd5042449b867fea2875dde3a439f0bc181a965aeb36917b5: expected 248252 found 53085
20678524,aot,50277437.59223301,
20676391,aot,54797323.97849462,
20680385,native,18550216.094339624,
20676477,native,50063655.80188679,
20680697,native,74783387.63934426,
20678501,aot,50672195.42,
20676744,aot,38882879.336,gas-used mismatch for 0x50e445db6c9be291b0b504a66009994a5d5d1796a6e6fd79a3700d4a4327e2bf: expected 204614 found 82062
20676579,aot,75064245.85542169,
20680118,native,38823607.74615385,
20680481,native,47596401.239583336,
20675831,aot,56544854.29032258,
20679194,aot,50458717.03773585,
20677697,aot,51956958.02105263,
20678547,native,36257642.5,
20678231,aot,49266224.297029704,gas-used mismatch for 0xd949046dc1bfd6ce541a3a08374b06686bd1b2dfb6ea5c6467111a8fa73aae16: expected 264160 found 68098
20680107,native,8574710.877016129,
20680187,native,22747424.201754387,
20677437,aot,45936195.27,
20678610,native,41070717.79310345,
20678300,aot,52855823.57,
20675643,aot,47446361.652173914,
20676417,aot,37865718.229813665,gas-used mismatch for 0x508313552d7556e65b1b1ec89c0966565525f3345af054cc0be711f81bdfeca6: expected 292068 found 206128
20680694,aot,63436405.30864198,gas-used mismatch for 0x843d546b97f1159450149363a876a0efe62869db90eb126ce8cfe899e15c4f97: expected 474310 found 296787
20678071,aot,34602159.00862069,
20678330,aot,38989852.45217391,
20677274,aot,58657280.63736264,
20678117,aot,64592910.98888889,
20681237,aot,41963007.97931034,
20678991,aot,44827704.97,
20678602,aot,38985395.70547945,gas-used mismatch for 0x0fd4d8dfd3b2f08061ed9478b8cce8422d60f0b542ce0318781a72f47026cfef: expected 278496 found 92643
20676860,aot,23648361.48372093,
20680411,native,31515777.913907286,
20676976,aot,86055390.2745098,gas-used mismatch for 0x74435866c9cecd76b557d8c750468495d8de6526d127a7881d6438c3998ab1b0: expected 293693 found 223781
20680013,native,67767115.65060242,
20678803,native,82728042.80392157,
20676274,aot,50458657.60377359,gas-used mismatch for 0x770e2077724dc1799908981c6f5b8ddc15735fa5c86370fe952a63fbc15f1b63: expected 574158 found 326416
20676824,aot,55030070.385416664,
20677814,aot,46552637.79047619,gas-used mismatch for 0x1ce0efdd71f7a9a3b848ece4e15d78ae077ac437967e799faf502ecf008eb45c: expected 843079 found 338392
20676290,aot,41467963.908163264,
20678513,native,68948209.61333333,
20680317,native,88366019.81967214,
20679958,aot,48520773.42975207,gas-used mismatch for 0x87e873a19909caccddcffd52bf0b1ef5b3192652e4d396a107f38edfa08f47c7: expected 189087 found 81786
20680036,native,58711605.943396226,
20676594,aot,70265317.1971831,
20676392,aot,56278158.5125,
20680386,native,82509265.28,
20681124,aot,36619630.0125,
20680119,native,36435569.7265625,
20680698,native,64117252.368421055,
20681059,aot,52895920.58260869,gas-used mismatch for 0x3d4fda61a7a25ba8b6c7181a768fb1db8e9217c4bebe5dde75e8d2e4c657a17a: expected 279928 found 245537
20678810,aot,30210604.43877551,
20678525,aot,44411198.23913044,gas-used mismatch for 0x9498857a0a901bcc82cd0e8ba2a0f06b7a88fc0c38b9ad4d2bc86b1b789df005: expected 286810 found 92619
20676580,aot,56323794.38888889,
20678502,aot,70139795.14084508,
20676745,aot,57459902.68888889,
20676478,native,55382836.39622641,
20680188,native,50867010.98630137,
20680482,native,43560347.9661017,
20681003,native,52097869.82857143,
20678548,native,53222055.03333333,
20675832,aot,15645516.969273742,gas-used mismatch for 0xfd35bfa38ba663bf574ed4b775f80892698ef769f7e971f0c806ddf46581e6e9: expected 323570 found 95868
20679195,aot,47803700.652542375,
20677438,aot,34021995.78666667,
20677698,aot,43253907.65034965,
20680108,native,69969242.7887324,
20678232,aot,33799549.03468208,
20680695,aot,12897531.761394102,gas-used mismatch for 0xd4127a94ded1ce858cdb742cb5ece47ccee8c941e3340e6d82554d631b374617: expected 474310 found 296787
20675644,aot,61707618.61445783,gas-used mismatch for 0x24bc6c0b1bab78795c8084fcfa3f3f9c527b79c9c8d502fd91ab89067fa7e067: expected 374070 found 95868
20676418,aot,45246632.53097345,
20678611,native,44334948.12307692,
20681238,aot,66145530.6617647,
20678301,aot,48498553.512,
20678118,aot,43912315.88429752,gas-used mismatch for 0x0f83de3f67a8412619acba25e63359f535fdf5bcd93f21c2c8eccaade4b06fe4: expected 248252 found 53085
20676861,aot,60505995.65,gas-used mismatch for 0x7c4bdaed16327a9c8796a76ab3aab650373a0038016b1f54c605f27aa7d2b7b0: expected 282545 found 153935
20677275,aot,33752552.2797619,
20678072,aot,33404866.57142857,
20676977,aot,48981390.817204304,gas-used mismatch for 0x2f7efd39161f60cc1f63feabfe149bf96eee8cd7ed22ccebfa730984245849c0: expected 586201 found 322876
20680412,native,40217980.666666664,
20678804,native,15716814.895833334,
20678331,aot,76658084.16470589,
20676275,aot,39656146.26956522,gas-used mismatch for 0xb11ca08603ce41d87671d3fbcb3904c1fb49ac06427dcf99b319859b6f797cdc: expected 406034 found 192257
20678992,aot,39334951.94409938,
20676825,aot,48639118.88172043,
20676291,aot,40831117.796460174,gas-used mismatch for 0x2b1b166344c8a17cd8ff539f7f9c6a5ca51e12ef53431f32bfb243441e4ce3e2: expected 282545 found 153935
20678603,aot,48072546.4047619,
20680014,native,53714276.19811321,
20677815,aot,63305173.83529412,
20680387,native,11225078.470588235,
20679959,aot,23448003.13592233,
20678514,native,76068829.7260274,
20680318,native,30458091.409836065,
20676393,aot,44177806.73873874,
20678811,aot,33469973.29310345,
20681125,aot,46818277.030612245,
20676595,aot,59311252.28409091,gas-used mismatch for 0xc9281549a294307da9b8f54c417ccf0ea00345cf82ecbd54a34d3197a5996537: expected 359160 found 98884
20680699,native,25242489.73214286,
20680037,native,42937701.60294118,
20676746,aot,46928978.76,gas-used mismatch for 0x8bf4e3ab59f754e76f07ca939665edab99db4f55115914ded101b1df99f4e7c3: expected 258008 found 60507
20681060,aot,30694324.648809522,gas-used mismatch for 0x6d343957009da0deb3d11a23bffd9a78bc19c5da0f66f97f08eb2b8f5ab47e39: expected 706242 found 95928
20680483,native,50724362.15909091,
20678526,aot,39452074.42276423,
20680120,native,49895060.25471698,
20676581,aot,42528140.15,
20680189,native,49925596.91836735,
20678503,aot,40617355.57936508,
20679196,aot,39182019.056603774,
20676479,native,17501873.524916943,
20681004,native,39433647.5,
20675833,aot,70786479.01333334,gas-used mismatch for 0x10318e178303161661e12647ed6fac1b11349c96aca3bc869fde25c3b5df4125: expected 323570 found 95868
20678549,native,42237573.94656488,
20678233,aot,40227307.234375,
20677439,aot,30066504.092896175,
20680696,aot,25534664.447761193,
20676419,aot,74829167.82539682,gas-used mismatch for 0x788c86010fa22fe5ccc13a1fd03668e343b55b4a9706c2b278f06385b8298afe: expected 185387 found 81786
20675645,aot,66626642.93150685,
20677699,aot,50857869.14782609,gas-used mismatch for 0x0557b89f714ff9150cfa1103aae433aa631372fa1d146aeb2b336aeeb126407a: expected 694288 found 192290
20676300,aot,50692192.13333333,
20677276,aot,39368926.86956522,gas-used mismatch for 0xae932cc1bc7e775f1de484d7be5570f1dbfa170d8f54483797993e4a89008973: expected 365498 found 48963
20681239,aot,84744581.3015873,
20680413,native,43946342.25,
20678612,native,44323444.15079365,
20678805,native,76824951.56521739,
20678302,aot,39394283.93571428,gas-used mismatch for 0xe633ee51eceb94aff594fb6e1d05bbcdacd3c6cd21619316602d817e0a0680b7: expected 332002 found 95880
20676862,aot,39367585.515384614,
20678119,aot,50055058.05405405,
20676978,aot,33509836.794701986,
20678332,aot,28089088.741573032,
20678073,aot,42823939.5319149,
20679960,aot,46575934.14705882,gas-used mismatch for 0x933a17c685921d17c3f3b07f7815b65141d904c65af0540146ce2e21d004cac5: expected 368437 found 98993
20678604,aot,74175263.28787878,gas-used mismatch for 0x93581a0bac0e8ed4049838e4f7a7405d0ad1292e5469239b2de8dc626dffb2a9: expected 248310 found 53157
20680388,native,58644559.23529412,
20676826,aot,37291161.99324324,gas-used mismatch for 0xf14fd9bb01c3cf4c583da9060a63be4a7ded43e17b49dd604f763759b14bb755: expected 364490 found 321984
20676292,aot,52558680.38095238,
20680319,native,59806504.378787875,
20676276,aot,66026759.02150538,gas-used mismatch for 0x4d4ec7b371d911467e6a655a7d049ccf314ffc1da322b3527b55719d25699772: expected 459790 found 95892
20678812,aot,61063036.23076923,
20678993,aot,71490164.67045455,
20678351,aot,30107039.742105264,
20680700,native,19913237.87966805,
20677816,aot,58297189.716981135,
20681126,aot,32614178.5398773,
20680038,native,40265581.36440678,
20678527,aot,57674461.84126984,
20679500,aot,56113325.895238094,gas-used mismatch for 0x1a14eb94c4601c80447d8c7645ac3b486d3657e2f81f0c75a6035c113027ef6f: expected 542967 found 95928
20681005,native,34172700.11570248,
20676747,aot,58445681.697674416,
20679197,aot,40592433.6460177,
20680484,native,46415894.05405405,
20676596,aot,24636608.790874526,
20681061,aot,42882021.515625,
20680121,native,59186893.36263736,
20678504,aot,41087428.52941176,
20680190,native,61907401.63736264,
20675834,aot,43958280.22123894,
20676394,aot,61489511.944,
20676582,aot,37010230.129411764,
20678550,native,71850196.5,
20676480,native,93530722.1076923,
20680697,aot,59561186.5875,
20676420,aot,31663043.927272726,gas-used mismatch for 0x0bb722784f56dad0f21f517d5f2c55958d8ccbe5076c3efe869ba3c239afebab: expected 327668 found 95868
20677440,aot,70059316.72857143,
20676301,aot,51682810.229166664,gas-used mismatch for 0xb2214069421c807c256051b59005f81c5330d14dea57fbcba8388860ac4d504e: expected 449796 found 95892
20678234,aot,50760162.09565217,
20677700,aot,35080457.2125,
20677277,aot,43954316.556521736,gas-used mismatch for 0x45009206684b3df19a6ade9671229a042c566fd54b2ce2c068bef164cd46f9cf: expected 378847 found 222282
20681240,aot,34574538.20979021,
20675646,aot,62601944.010752685,gas-used mismatch for 0xd83ed2d89131f117204ef74749ce24977622861dea0b0bc46d55c0852952f864: expected 247912 found 191663
20678613,native,49130744.56603774,
20680414,native,64283486.71764706,
20678303,aot,39938363.63636363,gas-used mismatch for 0x83c872572b4e8b86a6c3bd91f95453eab439289f038c3eac428d2bd514e38b28: expected 254484 found 181110
20676863,aot,57304228.489795916,
20679961,aot,70245118.64615385,gas-used mismatch for 0x8fbfff5eed3092c26d82ea423fdae3e97afbce798dea8ebb53d1e0644ee55e4e: expected 492104 found 95856
20678074,aot,77832205.25490196,
20676979,aot,40759503.1037037,
20678120,aot,48252297.70689655,
20678806,native,50243131.04958678,
20676293,aot,37261074.618644066,
20678333,aot,30244312.122222222,gas-used mismatch for 0x0765dd525069dff82066c9d36b89189b61a7830eb925362c01d11022e5720051: expected 397680 found 95904
20678994,aot,51736050.256410256,
20676277,aot,49912065.67045455,
20678605,aot,42329218.73282443,
20676827,aot,68160813.26027398,
20680320,native,46307955.718446605,
20680389,native,59943535.79120879,
20678352,aot,65540261.5882353,
20677817,aot,42784322.64835165,
20679501,aot,37116109.362068966,
20678813,aot,51156653.24390244,
20681062,aot,47440447.44871795,
20676748,aot,28697821.717948716,gas-used mismatch for 0xfa6684439a4e8ebc7f73a216e61daf7b349127f22d7ff24a7e2a95b6d349fe51: expected 252823 found 238170
20681127,aot,59044533.0,
20679198,aot,38356045.06349207,
20678505,aot,67224845.49180327,
20680039,native,45371737.31851852,
20678528,aot,59770881.952380955,gas-used mismatch for 0xa5ce13bc529aacdbae8888c34cad60e255792dca0541964382e92aad58d58dd2: expected 305163 found 95868
20681006,native,62712200.91764706,
20676597,aot,55513500.279569894,gas-used mismatch for 0xfcb6c7a2263da2315fa715ef3a2ed660773fa73ec44a1697d344e56ccb49e7f3: expected 1441935 found 677103
20680701,native,75969591.22222222,
20675835,aot,41223822.5754717,gas-used mismatch for 0xc2de9d2e1e17e41771e50b67925cb09204cbdf6cf58a0b0a35ff3504c5619d8c: expected 1191721 found 872843
20680191,native,30881295.300653595,
20680485,native,66273643.705882356,
20680122,native,11562657.5835141,
20676481,native,70411576.53448276,
20678551,native,24142847.550458714,
20678235,aot,62954945.384615384,gas-used mismatch for 0x5081196f5608b7f1688735286336f289e3740a49d4ff0b95e378805b50c8e801: expected 265409 found 68338
20676395,aot,39109261.20547945,
20677701,aot,50953870.6125,
20680698,aot,56055048.8,
20678614,native,37677402.77551021,
20675647,aot,39662080.82857143,gas-used mismatch for 0xcd47d830fc6a6b712a003554b294953f5362595125a53d35280ea6a90533e470: expected 304235 found 234866
20677441,aot,25413438.615,
20676421,aot,58530886.68888889,gas-used mismatch for 0xa561cb30e6dca991a57dd2aab962742f36da3054b9c027e175ebaf7d827e63b7: expected 308306 found 268346
20681241,aot,40681351.63716814,
20680415,native,36971146.333333336,
20676583,aot,115959480.58181818,gas-used mismatch for 0xb506841370fc54b2e2393397f3a6c24bb580fbdf2ee43546dc7a0294c8f2e549: expected 282545 found 153935
20676302,aot,51181611.76190476,
20679962,aot,32896924.64661654,
20677278,aot,52380873.90990991,gas-used mismatch for 0x33875272e5b61a1ecea190089ccd3e9e7ed7228fce95064957a607b6b847748e: expected 368984 found 95880
20676980,aot,38915366.328,
20678304,aot,49478614.0952381,gas-used mismatch for 0x815e0c2b8d4973bc797fc20ff707ca77f9a44882dad7e229f0bbf61ebeb98e66: expected 127917 found 56972
20676864,aot,44883342.664,gas-used mismatch for 0x8589006f1a5fa8648a58fb70472f0295cb2b916b3402abe388c13e04733afb07: expected 420544 found 257034
20676278,aot,49715894.35789473,
20678937,native,61504628.565789476,
20678121,aot,59770797.24210526,gas-used mismatch for 0x78c4eb14507d0945e4b028aa800984cb7b48236b8055b4519c9496245215c3ef: expected 248320 found 53169
20678075,aot,43414324.29285714,
20678807,native,49609755.03333333,
20678334,aot,72763825.96,gas-used mismatch for 0x373b0ba59591e63ea801a350b173126bb333077db6238ac0c30cc41f5aa753e3: expected 404136 found 317624
20681281,aot,61376148.55555555,
20678606,aot,41030197.20300752,
20680321,native,31410183.729411766,
20676294,aot,61631909.77,
20678353,aot,55689172.54081633,
20678995,aot,81562615.47945206,
20679502,aot,46261163.03478261,gas-used mismatch for 0xeb54536d00ece75018a261538cd6b06a21068be90ec3f9d6721697d629e8ce42: expected 446901 found 95928
20680040,native,32603408.831858408,
20678814,aot,23005255.79047619,
20677818,aot,33715345.98918919,
20676749,aot,47015964.90740741,
20681128,aot,31964954.416666668,
20681007,native,57425039.44,
20679199,aot,18526566.19572954,gas-used mismatch for 0xabfca97a15facd3d0d37d378231c7eeb5e3aa34a596eed2776ce7263adf3e8bb: expected 344297 found 98993
20680486,native,38565518.63716814,
20678529,aot,51635383.07526882,
20680702,native,61594326.35,
20680192,native,64482156.166666664,
20678506,aot,66896940.638554215,
20681063,aot,24675213.508833922,
20676598,aot,3170034.5909822867,
20676482,native,43101325.12173913,
20678236,aot,45985335.833333336,gas-used mismatch for 0xc37c76aa9aefd58cd464840afdddccdc01de7ce626f9055fb10f901653bc173b: expected 143372 found 84568
20678552,native,65553464.14705882,
20676303,aot,46885505.67142857,gas-used mismatch for 0xabd392e069762f070cdeeea3a1514ee9d2abd715dd05a284d2e72254269c2e45: expected 282545 found 153935
20680123,native,72526648.30666667,
20677702,aot,47827863.472527474,gas-used mismatch for 0xa7ecb651b192f1e3fd1165e2e86fad66a02f8c2be4ee25e4e644cbf0aef2d514: expected 266687 found 238367
20675648,aot,49672795.64705882,
20675836,aot,61825172.675925925,gas-used mismatch for 0xd2aa56f820cdc7d3a38d445a141bacea1e2a404c7ca972147ad186da5d026dc5: expected 1161881 found 358869
20676584,aot,45714710.51612903,
20680699,aot,18522911.044444446,
20678615,native,43796069.48695652,
20681242,aot,38308438.56198347,
20676422,aot,70227681.80882353,
20680416,native,23508477.76190476,
20676396,aot,74193004.03846154,
20676981,aot,74561955.83636364,
20676279,aot,52212561.63235294,gas-used mismatch for 0x1aafabb4bc63e37bfe0d28d9ae322aa89c5adf9a19c2ceb8e00ae06fe6defece: expected 262767 found 33517
20677442,aot,73625887.90588236,gas-used mismatch for 0x7725458026ab302ef493f6d7c72849c59241cb6c62b60cbb0767ade3853b884e: expected 266723 found 238403
20679963,aot,36509068.49006622,
20676295,aot,34063124.61111111,
20677279,aot,43143690.827067666,
20678305,aot,63363838.266666666,
20676865,aot,51053083.222222224,
20678335,aot,34102265.36170213,
20678808,native,41440237.858333334,
20678607,aot,64943437.1125,gas-used mismatch for 0x571223fa3b10c287dd88fba474dc24f46b9c55339abe212f0860463b35b1f615: expected 837579 found 177170
20680322,native,30198041.38235294,
20678938,native,59774284.68367347,
20678076,aot,59767896.41836735,
20680041,native,42956491.88,
20678122,aot,32931951.556650247,
20678996,aot,48454219.03539823,gas-used mismatch for 0x2ed214b8e68d935df6c79c93282153b6abf04df6f0bda640243fe08971e2b634: expected 747029 found 388817
20681282,aot,23160643.6900369,
20678354,aot,63578485.76923077,gas-used mismatch for 0x18f39d6d72acc8217f98b5b001a2d582f0cc0d59038fa6c6bcd51e6b52bcc86f: expected 246262 found 49116
20676750,aot,40037375.60176991,
20678815,aot,92485507.92727272,gas-used mismatch for 0x6421f8bea57ed143af36850c16bd0dcf67839d6d402d1c305e2c9e36074ac7e6: expected 947045 found 1052101
20681008,native,11081858.051724138,
20678530,aot,41530114.30107527,
20681129,aot,40827672.779661015,
20679200,aot,67354667.25,
20679503,aot,47799424.208,
20680703,native,41685741.33962264,
20677819,aot,88072772.0,
20680487,native,45233202.54471545,
20680124,native,50178695.024096385,
20678507,aot,38808753.08219178,
20681064,aot,91688406.60377358,gas-used mismatch for 0x70b073b5739377e8ae4d88b2d990bcc85cac466ecd5387dac7421a39de15e24e: expected 338824 found 354071
20678553,native,40259465.01652893,
20676599,aot,44719312.81818182,gas-used mismatch for 0x44ac231f266a7c07f42960cdde2eab82659534da98b8c7fe6b15a991f93aec8c: expected 277745 found 153935
20680193,native,100224568.87272727,
20676304,aot,36004565.4893617,gas-used mismatch for 0x0bf605528a392bea2bc403404d539838dfa0f58ddca321a3cbe0f353c05cb781: expected 670902 found 368589
20675649,aot,43428364.22413793,
20676982,aot,31625105.650943395,gas-used mismatch for 0x7715c395cd3096c32c444305d3121775161bbc3d43c00edbcb591cb97c4f54a6: expected 241805 found 177070
20676483,native,27069020.446511626,
20676397,aot,47793738.9875,
20677703,aot,58423737.39795918,
20675837,aot,48766148.163636364,
20676585,aot,45144020.78512397,
20680700,aot,19671127.184027776,
20676423,aot,30506854.651428573,gas-used mismatch for 0xcbfc0b502516f7ce7de8c6187f1395f1ede1592da80e9f4b9c9fcebca738b5ac: expected 323570 found 95868
20681243,aot,48477663.163636364,
20678237,aot,34896927.958549224,
20678616,native,31445133.216666665,
20676280,aot,53453742.38888889,
20677443,aot,44669043.875,
20677280,aot,53413552.45882353,gas-used mismatch for 0x0667aeb60f5d0a96df6d40c50f7a78c844ecea94c995afb17649922aabb32f84: expected 1198367 found 37961
20678306,aot,10910796.97080292,
20680417,native,96716953.38235295,
20679964,aot,53377765.657142855,gas-used mismatch for 0x50f1ff8e6b2789083b34b4d472fb77f7a803cc6dce2957920f2eb56408d53613: expected 197500 found 82074
20676866,aot,53093766.375,
20678939,native,62242592.45205479,
20678809,native,54739589.46315789,
20678336,aot,41630972.082706764,
20678355,aot,17778447.678733032,
20678608,aot,41516974.6446281,
20681283,aot,50642305.775,
20676296,aot,95174295.08823529,gas-used mismatch for 0xadc640d190e4b7986146449e4b2aa28d43659bf90341676b47ed971a1dbdf455: expected 185387 found 81786
20678997,aot,27205005.076470587,
20680323,native,75345352.08450705,
20678077,aot,52670804.21875,
20680042,native,10894106.830570903,
20676751,aot,54623035.78021978,
20679201,aot,26291888.281767957,gas-used mismatch for 0x5e8fa2d35f35d93edecb8667834b4a8030888fa2f202f89c0af1db65ce3d17ee: expected 327668 found 95868
20678816,aot,69725313.67105263,
20678123,aot,63327032.666666664,
20681009,native,66895433.3375,
20677820,aot,43896502.941747576,
20681130,aot,27947651.48292683,
20679504,aot,33516469.607594937,
20678531,aot,48774578.772357725,
20680488,native,44185651.268518515,
20680704,native,61846432.82795699,
20680194,native,47310174.97087379,
20680125,native,15502217.32506887,
20675650,aot,44198406.43396226,
20678554,native,52500827.64210527,
20676305,aot,21598182.18220339,
20678508,aot,42024022.65079365,
20681065,aot,20779508.323076922,
20675838,aot,39050165.39090909,
20676600,aot,96353944.94339623,gas-used mismatch for 0xccd2dc28404bc70eaec9552db8e7c25397b058ffa08966423234b1e041ab3d8e: expected 352943 found 95916
20676586,aot,43179615.116504855,
20677704,aot,28323692.31111111,
20680701,aot,63915662.633802816,gas-used mismatch for 0x1d1e09e58275a21286e68b91bac5c0fbdb6694ac61e8621cfce4dad1f157e0bd: expected 591952 found 296787
20676398,aot,28864405.5,gas-used mismatch for 0xb45ca724f11a2e8754104fe842230b1a27063fea877db20219fe874bdd7ccb1c: expected 262767 found 33517
20676983,aot,58695935.802083336,
20676281,aot,42894131.06315789,
20677444,aot,28726073.579710145,gas-used mismatch for 0x419fdc43f2a59610852c5ab1a32c23b8188bb0a25c4928928d2388138cd15c30: expected 612094 found 421758
20678238,aot,34422118.48648649,
20681244,aot,32004766.694444444,
20678617,native,63888315.915662654,
20676484,native,85958022.03846154,
20676424,aot,35273686.169590645,gas-used mismatch for 0x0a772492020db4b18191e198220d76874e08ccf417b0af72a5db906cbdc2d2bf: expected 353411 found 95892
20678940,native,47498261.676923074,
20680418,native,27101309.270588234,
20679965,aot,46724393.36036036,
20678307,aot,68365893.9875,gas-used mismatch for 0x4945da1e5fdf20a497ad5f1bd8f912ed3ae4939a60163fb6a1a93cca9b02db24: expected 286969 found 92899
20678810,native,29447607.589041095,
20681284,aot,25251978.29090909,
20678337,aot,45112132.8367347,
20677281,aot,71834799.17045455,
20680324,native,60685106.64,
20676867,aot,33895985.65060241,
20678609,aot,41235907.21487603,
20676297,aot,51459494.631578945,gas-used mismatch for 0x1dac880ac3081b6e947d14abb78f49591935e9aa1c3db174b6a8b311fe5d2344: expected 1188292 found 1077544
20678078,aot,39703417.696,
20679505,aot,31328089.150943395,
20678998,aot,51142803.805309735,gas-used mismatch for 0xe8d365b22485c956e7d92434749fb89d9d4cb4472f997fc512298a47e65ba1fb: expected 196103 found 81750
20678817,aot,40413363.265486725,
20678124,aot,82055832.90566038,
20680043,native,51338886.56435644,
20677821,aot,39645997.14655172,
20679202,aot,44454086.45945946,
20678356,aot,96862826.36363636,gas-used mismatch for 0x7aac1cff36bbf7e87534ecb63b628dfdd2899b75b11a66c4bcdc54963c4e7486: expected 234440 found 58096
20680489,native,51937172.20512821,
20676752,aot,43375432.13043478,
20678532,aot,24944705.111650486,
20681010,native,54100319.50925926,
20681131,aot,47682433.35135135,
20680126,native,63572258.61904762,
20678555,native,39251521.62608696,
20676306,aot,24839187.361111112,
20680195,native,42162600.41441441,
20680705,native,45790783.18965517,
20681066,aot,57851372.34117647,
20675651,aot,42793500.4765625,
20675839,aot,5038024.215458937,
20676587,aot,64864265.4,
20676984,aot,46580371.375,gas-used mismatch for 0x3143c6575e50d9758146cf5e7826cdb8b80a747d972479b25d3ee167b0d2c8f5: expected 345004 found 95880
20676601,aot,48072485.45714286,
20677705,aot,69063316.57746479,gas-used mismatch for 0xbf5de4ca51d1b31a87cd0c6a4cd528501a8e76babac0cde3ed0cf5ad17f866d2: expected 248252 found 53085
20680702,aot,54692689.93548387,gas-used mismatch for 0xfecf2b22be65c0102cb6347593f9ef5dcbf9932f73bc1dac998d47caf5076398: expected 585182 found 296775
20678239,aot,62305183.27142857,gas-used mismatch for 0x883641baa82f300ee51798f5e52f87aff594d594783ac649291eb3e1e0d614c4: expected 1097123 found 574674
20678509,aot,39976288.38064516,
20681245,aot,41487535.99047619,
20676399,aot,87363110.12698413,gas-used mismatch for 0x876c9a4ef0ca57c3bc8df88be00f15bca1413f70f31afb51f85ec38168729db3: expected 263249 found 196669
20676282,aot,43159760.03968254,
20678941,native,18051217.342741936,
20676425,aot,54378664.8,gas-used mismatch for 0xd8ee1dcf5b1d3672839e7c2928e2a35e4177767eb05a34c50e3e18c2ed456cbf: expected 270792 found 199162
20680419,native,59726509.2625,
20678308,aot,46842722.85263158,
20677445,aot,69892969.35555555,
20678338,aot,40942394.276190475,gas-used mismatch for 0x467c7569cfb521a54e69b8839b9e51e03cbbf8c37d2367ba9d46c51ca3fa2939: expected 385079 found 317078
20676485,native,57416948.574257426,
20679966,aot,33510753.71917808,
20680325,native,39295398.089108914,
20678618,native,64738801.479166664,
20678811,native,41191832.76422764,
20678610,aot,42109107.260416664,
20681285,aot,17195238.651162792,gas-used mismatch for 0xf15e5300ef7d747587ba14796888042680c543931e300b1821a014708150c691: expected 272310 found 240246
20676868,aot,26930487.17857143,
20676298,aot,60587746.59259259,gas-used mismatch for 0x0c18fb3dadecc97cbe0cd6f75f9acc0cc96a5bf7bbb0fd58f949a5025b5d46c8: expected 206855 found 174957
20678079,aot,37852663.912,
20677822,aot,47888899.93333333,
20680490,native,37467412.527777776,
20677282,aot,25163511.325490195,
20679506,aot,64160365.4625,
20678999,aot,44481775.81896552,
20680044,native,85287002.9,
20679203,aot,39681683.848,gas-used mismatch for 0x86c66b2336a1c36849319ac9a1dfee407840bf42f7d3c9a37bd05f3712d9d799: expected 491084 found 95868
20678818,aot,66196175.961538464,gas-used mismatch for 0xe15e5b9b3efc643e6ffcb100aa3c358ec308ee6b4c1c694cafd286b0851303cb: expected 246124 found 53037
20680127,native,36776799.025,
20678357,aot,54481646.23469388,
20681132,aot,32562782.692307692,
20681011,native,42709526.554545455,
20681067,aot,45146435.28395062,
20678533,aot,71005014.90476191,
20680196,native,36051280.03333333,
20678125,aot,71995071.77777778,
20676602,aot,25864112.270588234,
20675652,aot,20727242.533333335,gas-used mismatch for 0x48b41554e86c4492c7027e776f3d8f903ce8aa814489ee03149ab1408d1991c8: expected 442415 found 393119
20676307,aot,89408498.78688525,
20676588,aot,50360025.416666664,gas-used mismatch for 0x31951e9f277e9da2bce42dbc65fb380d2cfc74f2ec4151643e8fbc95ad8ebfb3: expected 313083 found 254556
20676753,aot,23084642.437288135,
20676985,aot,53388593.258064516,gas-used mismatch for 0xbb098c40326786d3c51fa52d14f12f228050367640dc3480609792fa2b14252c: expected 726870 found 414416
20678556,native,64078852.364583336,
20675840,aot,77201103.14705883,
20681246,aot,30429901.241830066,
20677706,aot,41712004.932330824,
20680706,native,34270024.28205128,
20676283,aot,43645615.981818184,
20680703,aot,35187044.161490686,
20678240,aot,52511431.67619047,
20678510,aot,58346649.37894737,
20678942,native,62805085.02469136,
20676400,aot,55871411.791666664,gas-used mismatch for 0x8c5ec972b03ec29f1da1cbd56426ab1ab6f68269e58ade66f752e63376c4017d: expected 185387 found 81786
20680420,native,40150804.6870229,
20677446,aot,38547531.0546875,
20678339,aot,53440206.01098901,
20678309,aot,58145450.95348837,gas-used mismatch for 0x246eb3c6cb089dda9ece6fdc551ab863f963724a30e9173caf3e63b68506d049: expected 669814 found 489443
20676486,native,49107536.947916664,
20678611,aot,33170768.06923077,
20678619,native,59238940.39726027,
20680326,native,26585697.816666666,
20676426,aot,50474053.4,
20681286,aot,57578302.626666665,
20679967,aot,22481218.668161433,
20678812,native,92588792.85714285,
20676869,aot,44466879.40869565,
20677823,aot,18604189.096638657,
20680045,native,29076512.993150685,
20676299,aot,49752450.55555555,
20678080,aot,49718743.01904762,
20678819,aot,52075098.435294114,gas-used mismatch for 0x7c14a3851ddd309738fd084702b9ebf41b95eaa5036d2d84949fe983871c866b: expected 248329 found 53181
20680491,native,62908307.1125,
20679000,aot,38844607.03053435,
20678358,aot,18897705.841897234,
20680128,native,45739964.02830189,
20681012,native,39244791.138211384,
20677283,aot,93395844.0,gas-used mismatch for 0x5e4d20ffc57f6b06dd50910ea023a67dd6caa48854f8100eb1655f81dfeb69d4: expected 278516 found 92667
20680197,native,60040632.776315786,
20678126,aot,64487758.2295082,
20678534,aot,44286514.85585585,gas-used mismatch for 0xc0d5bf7fed1fc0b4d5b1e4c4aa8ba1c6cf428ac4fa8857b03c3fe5f1fb7fd71c: expected 275264 found 243103
20681068,aot,47766989.097087376,
20679507,aot,53297554.07317073,gas-used mismatch for 0x0d995dc77a1d81fd10633864ed1110d8c01dbaf8bd7afd670367e6b16843843e: expected 537196 found 95868
20676589,aot,44402690.493827164,gas-used mismatch for 0x6bd592541b8dd00f2c9b06eecc47f254b65f8e2a9e01380dd46e531ae8a4f3ea: expected 277745 found 153935
20679204,aot,65692472.78494623,
20681133,aot,37189348.137931034,
20676986,aot,33862980.85106383,
20676603,aot,58338850.604395606,
20676754,aot,65518710.65753425,
20678557,native,47620909.333333336,
20675653,aot,58419401.13186813,
20678511,aot,36763119.908163264,
20680707,native,60864546.65753425,
20676308,aot,24310496.536585364,
20677707,aot,47144992.04854369,
20675841,aot,63216328.45783132,gas-used mismatch for 0xffb992202277be8f50ba0e88f6c8367906a114a400e2adfbaf363c5335fc016c: expected 305269 found 231973
20676487,native,25680171.985714287,
20681247,aot,45684908.84552845,gas-used mismatch for 0xcd816a79b58495996630e91fbc7281778ea7388847b6de39e685033f48c1bb21: expected 376464 found 251764
20680704,aot,63656383.65060241,gas-used mismatch for 0xb6fa016ac2dae232fb64dd9b333fc3009d434d28b45cbbe2941aefe2a8bf80ff: expected 248320 found 53169
20676284,aot,49649030.7027027,gas-used mismatch for 0x9b5b6616d42d9e22791b30a5538a891585e7f53c8f5fd443e0bf31e1b31eadc2: expected 277733 found 153923
20678241,aot,42566284.051851854,
20676401,aot,38408328.20714286,
20678340,aot,46262016.8019802,
20678943,native,27872994.444954127,
20680421,native,44482973.44715447,
20677447,aot,39450062.301470585,
20678620,native,45647149.70434783,
20678310,aot,59878023.65909091,
20679968,aot,75746297.50704226,gas-used mismatch for 0x60d9acdb345f4e9848426fc66a6e8bb8b561e2319a6f0287d24f8639cf78250c: expected 286820 found 92631
20680812,aot,19186405.35609756,
20676427,aot,39140594.76712329,
20678813,native,49058107.6632653,
20680327,native,49737062.30081301,
20678612,aot,49056850.49230769,
20680046,native,35741126.26190476,
20680492,native,46916837.86666667,
20681287,aot,48826416.827067666,
20678081,aot,53976835.37777778,gas-used mismatch for 0x99d7e24fc7422c463d5589b18ea3bd239218ee5bddaaed5affbac302feea5334: expected 392298 found 315282
20676870,aot,58128012.948979594,gas-used mismatch for 0x330bf4739e00f50b4ade93c5361a895eca519d11b8ea6eb72299da1c950ea338: expected 923068 found 862208
20679001,aot,69770420.70588236,
20680129,native,31400721.053333335,
20678359,aot,39439169.90833333,
20677824,aot,74157938.58823529,gas-used mismatch for 0xb7686170801bf9b62a377a1f25f683bd7410cecf429d5cd4286ebf8d8bab978b: expected 264055 found 215866
20678535,aot,23511632.785340313,
20679508,aot,68259044.2,gas-used mismatch for 0xd7db55d7f7da068c0b4f7894a3cbef10465fd36c0a7348223732376fc09c77c8: expected 655839 found 95880
20678820,aot,40659814.85443038,
20681013,native,64116465.02469136,
20680198,native,55807449.6,
20679205,aot,38089971.8515625,gas-used mismatch for 0xf1b53b0bacc3f0d3971132fd5e4d3924231bf3dee624d1e7a2be5d0ed2c16ec0: expected 248252 found 53085
20677284,aot,45110578.19166667,
20678127,aot,74844459.01369864,gas-used mismatch for 0x03ee788ed6b9a54764915dc79e4c75146459cc20435a2df4961ecbea3bfc923b: expected 834551 found 338404
20681134,aot,41424235.12,
20681069,aot,36595038.1986755,gas-used mismatch for 0xf3e1604552df4cbcb3958ba55f94a7a28941d21e0e6138705dedc40077353ddd: expected 255356 found 240498
20676590,aot,28970483.55721393,gas-used mismatch for 0x4070354dbe884fef191aec9904182823fcc7a62049e5011f176dd0369015f87d: expected 277745 found 153935
20676604,aot,25458918.416216217,
20678512,aot,35437323.166666664,
20676755,aot,58128428.97674418,gas-used mismatch for 0x43dd4a02f720ac96320de2ffaaba646e64ae809d4b5ecb533b7d353d1aa4c93c: expected 907627 found 117036
20678558,native,75142263.21538462,
20676987,aot,67578254.93827161,gas-used mismatch for 0x65da747c700ea7625bc3203bee749995a5c6fb894e469e4ca8a2f7eff17284f1: expected 253584 found 238337
20675654,aot,67339153.62820514,gas-used mismatch for 0x7c50b6ef477d20b467f167da699188a5b57cad24daca79af089bbb844efb023d: expected 299715 found 95904
20675842,aot,53609945.45679013,gas-used mismatch for 0x730c56e5e2687aa3317f579f64c61684139986f3cc5a3f0455ac0c456eea4f65: expected 282545 found 153935
20677708,aot,62434650.434210524,
20676309,aot,85428612.20754717,
20681248,aot,41192867.06306306,
20676285,aot,53984002.54216868,
20680708,native,57335994.03960396,
20676488,native,76965101.61428571,
20678341,aot,46826809.62,
20678242,aot,60173800.86419753,
20680705,aot,37768696.88965517,gas-used mismatch for 0x36a09d0b33569dc252fa1f01858a5757d3b8e50c3be3eefa80fab4383854e85a: expected 575550 found 296775
20678621,native,38034301.75221239,
20680422,native,40120404.29310345,
20676402,aot,43827297.425,
20678944,native,73136149.21538462,
20677448,aot,62011108.62962963,gas-used mismatch for 0x789e0c67872e5e2fe6b3ba188b503bb887ba88093edf2273b7984433af883fb7: expected 283739 found 238319
20680813,aot,83019290.875,gas-used mismatch for 0xf1b5fe61da0fb2333fdef8f5077c68bc54bf5dcf380b649435cc4d62e626b006: expected 607585 found 563568
20680328,native,26788356.28313253,
20676428,aot,63942303.65789474,
20679969,aot,31413488.450292397,gas-used mismatch for 0x5ee0fecee52b945b4fdb30729a18e1abd0cbc55cd2c2897311bc7b9f0fb2e577: expected 557842 found 95868
20678814,native,26333957.102564104,
20681288,aot,32966675.496296298,
20680047,native,39388222.66165414,
20678613,aot,45733279.36666667,
20678082,aot,21726775.995708153,
20678311,aot,68541452.33333333,
20680493,native,44296752.53448276,
20676871,aot,45482516.68103448,gas-used mismatch for 0xebabbddd0ca77b5efde1e1fc01720e74b78684407bb64ef0f599c59f5e10f589: expected 200891 found 81738
20679002,aot,49258918.67,
20681135,aot,34570540.24324324,
20680130,native,24530396.866666667,
20677825,aot,34105878.54109589,
20679509,aot,33255927.13986014,
20678821,aot,41276004.35652174,
20680199,native,23387331.906976745,
20678128,aot,51560102.988372095,
20678536,aot,52573046.85714286,
20678360,aot,102669197.7735849,
20681014,native,48453804.84955752,
20676591,aot,140638585.46666667,
20679206,aot,39757598.50684932,
20681070,aot,29367176.45945946,
20678559,native,54774683.49333333,
20678513,aot,57537902.790123455,
20676988,aot,28993481.18,
20677285,aot,56416363.123809524,
20676605,aot,94956921.5862069,gas-used mismatch for 0xbc455623ffd3a79b3c4c9a504e3449022c4cba963c2d04e8a5b3d4a23fac8cd0: expected 248329 found 53181
20680709,native,43098247.15662651,
20680203,native,33696624.08108108,
20676310,aot,39993676.60176991,
20676756,aot,44496049.22314049,
20675655,aot,38900690.64705882,
20676286,aot,55308404.65,gas-used mismatch for 0x59a371dabee220fb5183e8f1a6d4e86500ae335afa6b3b7c183a40e3f8223c82: expected 1287589 found 1142651
20681249,aot,41027640.49137931,
20676489,native,36860509.21875,
20678945,native,34181765.10185185,
20680706,aot,22039456.427230045,gas-used mismatch for 0x5b8c307913bfa106b27789b0b8e86059aedd20e6092542549c6333bbddccb19c: expected 577626 found 296787
20677709,aot,40988609.73426574,
20678243,aot,38853942.0,
20678342,aot,48339151.99137931,
20680423,native,32299017.76785714,
20678622,native,32201429.377142858,
20677449,aot,35983956.63768116,
20676403,aot,56950552.12871287,gas-used mismatch for 0x30ceddf4c824668dc7198d9cb70e687829613afe27f2f86d4ba292927d622bd3: expected 262767 found 33517
20680048,native,52427310.2625,
20676429,aot,59001166.325581394,gas-used mismatch for 0xb526d00e5aabe10ad03c31d2d00799e29119f66490b6c3558a344cb62f3fcd1a: expected 299345 found 229375
20679970,aot,42952358.301724136,
20680329,native,50887317.2735849,
20678815,native,75919259.20634921,
20680814,aot,43027605.3037037,
20681289,aot,34029495.30625,
20678312,aot,45923658.39047619,
20679003,aot,47694138.56666667,
20678614,aot,42645001.23809524,
20680131,native,75827808.50909092,
20680494,native,55626698.24761905,
20676872,aot,58839753.428571425,
20678083,aot,89427981.91176471,gas-used mismatch for 0xb91e30c661ccb8b657660c622168a97904833fdd91b714ec42912996913c2319: expected 239958 found 53133
20680200,native,42798274.51,
20681136,aot,57321135.40909091,
20679510,aot,37220166.180451125,
20678822,aot,57202824.45454545,gas-used mismatch for 0xd0d1abf0552c9682bd6320061939b2f01cacd193c9e27383af5baad35e350fdf: expected 255332 found 240474
20678514,aot,66190168.16,
20678361,aot,78076702.18333334,gas-used mismatch for 0x608f6bd4d25df37acd057da4fee6f17d8dc70dcd3b0b8d7750608453753656c6: expected 286820 found 92631
20677826,aot,46605954.824,gas-used mismatch for 0xa34e38fd3bc394d7a09443241e37a13fe85ba5379e726aec4547c25c434072fb: expected 288042 found 202773
20678129,aot,3441783.6222509705,
20678537,aot,41046000.888,
20676757,aot,55600241.74137931,
20678560,native,49346794.516483516,
20681015,native,49063248.53773585,
20679207,aot,31698162.96969697,
20681071,aot,75263429.6923077,
20676287,aot,42196756.05555555,gas-used mismatch for 0x62cef002f814f5fd4e4c2a55418755261c1baa08793f5d62dd432b1ff4bb8285: expected 2391682 found 499978
20676592,aot,51092837.98095238,
20680710,native,59722554.26744186,
20676311,aot,50506164.653465346,
20676989,aot,69113766.73255815,gas-used mismatch for 0xc7a71d449256e6b3ba0440caf5307c49c4f988a6b6df10abeb6eaf0f5dcec692: expected 555809 found 574557
20675656,aot,67013913.586666666,
20676606,aot,24612719.226337448,
20677286,aot,42235918.53642384,
20677710,aot,50766573.36046512,
20680204,native,66976442.45555556,
20680707,aot,47765430.66019417,gas-used mismatch for 0xb78f61c2e8517d2734632ce57ed9112d81520f03899c3f3538404ef071a1945e: expected 587258 found 296787
20678946,native,62870781.63529412,
20681250,aot,30533908.452736318,
20680424,native,34835232.34710744,
20678244,aot,70316843.3125,gas-used mismatch for 0xcb875701853a1c1d2ffeeeaf78c39c06daeb2452e7d056c8377e958616cad8f3: expected 385800 found 211173
20678623,native,65963953.64705882,
20676430,aot,25746301.75,gas-used mismatch for 0xbc79ed5b242a3e72c9f4be4535e486ccc26d4a1a90c51f566c95f52d6c1fbae0: expected 462126 found 279602
20680815,aot,53003758.1369863,
20676404,aot,56665481.86046512,gas-used mismatch for 0x426e2cf7d1a4906b941350e6d98b6b060c7fb0d09b4522cb8c21f8cfb8dccfcb: expected 459766 found 95868
20680049,native,48982788.408163264,
20676490,native,65807375.104761906,
20677450,aot,44070223.26829268,gas-used mismatch for 0x76669ad429379e374142a129571c2ce56aea4da42168bbc4aceac9817173ae53: expected 266663 found 238343
20678343,aot,56203509.85436893,
20680330,native,14685323.408695653,
20678816,native,86708634.87272727,
20678313,aot,19121673.52173913,
20679971,aot,50854421.56034483,gas-used mismatch for 0x67394d5b11193573d128366beaad65df3d612d53d804a701e8b594f30a3ec954: expected 344297 found 98993
20678615,aot,39522809.37931035,
20681290,aot,46551724.0173913,
20679004,aot,26663038.405,gas-used mismatch for 0x4e7056f27ebe355a86d68e2df7c3ea5d33be00c2a3c74fb85eac5b0a73deaa59: expected 384685 found 95880
20676873,aot,24797345.734693877,
20679511,aot,45066701.33009709,gas-used mismatch for 0x7c83c29388fd6fcc60ee1d09fc700583f31adc7e56a40a99373aa8d706a37f98: expected 196985 found 81646
20680201,native,37835606.9,
20680132,native,13643242.089655172,
20680495,native,37200238.90849673,
20678084,aot,56993110.231578946,gas-used mismatch for 0x4206b4bf21ada31af6d23c27b1badf67732410ae19821abfbdb3ec368c868fd9: expected 307825 found 58096
20681016,native,36886324.3539823,
20678823,aot,42868916.232,
20677062,aot,71667071.93333334,gas-used mismatch for 0xdcea6ebae6d060f77ff4e9a64364036482c297cd8d1753f1feafee9510f7ba19: expected 415978 found 226865
20680812,native,16122708.4140625,
20678561,native,68186629.50684932,
20678130,aot,95867706.18181819,gas-used mismatch for 0x65d118e19bc8b52a15b4a5a33370d2e136ba9c50f5b3acfcfc057523b1317ce0: expected 716520 found 475182
20681137,aot,68537561.01052631,
20681072,aot,33042997.862068966,
20678362,aot,52212240.47933884,gas-used mismatch for 0x5bbef46e2f11c6646e76b70c51f1bf00e5cfc9c6ec5a3068f06540f6accaaa49: expected 323120 found 95880
20676758,aot,27128225.671361502,
20677827,aot,60646410.14285714,
20678538,aot,74796642.0125,
20677343,aot,21402156.96442688,
20679208,aot,74046913.05333333,
20677287,aot,27271551.674846627,
20676607,aot,29970236.451612905,
20675657,aot,20301117.41493776,
20678316,aot,40620879.823076926,
20680711,native,12076.449642048961,
20680205,native,40615805.10810811,
20676990,aot,33921546.812865496,
20677711,aot,45453670.774774775,
20680425,native,37779914.944,
20676405,aot,77224479.37254901,gas-used mismatch for 0x1d4a5f09854ce59c31dcdaaf0f04ab0927978e629ffe08802668d809a1b32897: expected 1134564 found 703949
20681251,aot,54477624.68367347,
20678947,native,67296891.41975309,
20678245,aot,37158310.777777776,
20680708,aot,62894781.479166664,
20678624,native,40687971.76984127,
20676431,aot,57527035.53488372,gas-used mismatch for 0xbbae8866b5725bfa642c9e6772695b17927bbf74a868f0032c8adbd85a0d06ba: expected 374289 found 395754
20677451,aot,51760167.979166664,gas-used mismatch for 0xf17cbbef63a81402605702e7368cd6e88f0cc0d9978c24a573141c54196467c5: expected 386184 found 282222
20680816,aot,56602123.25263158,
20680331,native,48100837.895833336,
20678344,aot,52379981.94059406,
20679972,aot,36098804.60344828,
20678314,aot,69460526.41538462,
20681291,aot,30832024.18115942,
20678817,native,44620631.38738739,
20680050,native,40415088.11724138,
20676491,native,61712603.948979594,
20678616,aot,32026802.98125,
20679005,aot,28061615.335106384,
20676874,aot,53640965.715789475,
20678824,aot,45963611.08235294,
20680202,native,63365382.56338028,
20678085,aot,41507435.016949154,
20679512,aot,64120103.51612903,
20680813,native,79123881.3,
20680133,native,96710836.8,
20680496,native,49571655.71304348,
20681017,native,44722835.416,
20678363,aot,63996319.83098592,
20681187,native,49344806.39047619,
20677828,aot,110383613.55555555,gas-used mismatch for 0x45adb16de946798ff95a9c6e6f143f2297fa2dcce8d15c0fc11f8041d0aff111: expected 735087 found 420495
20679209,aot,29875438.360759493,
20681138,aot,55870273.32038835,
20681073,aot,40085238.13513514,
20678131,aot,24108668.1372549,
20676759,aot,86343395.98412699,
20677344,aot,79742694.66176471,
20676608,aot,50945413.96875,gas-used mismatch for 0x2b8084ce14722185b615d395566d51d409617b1c5256444fc761f37a7f6655f8: expected 384325 found 234888
20680712,native,78888033.94545455,
20678539,aot,40359101.66206896,
20677063,aot,56311904.088,
20675658,aot,62294732.11111111,
20677288,aot,98618638.03571428,gas-used mismatch for 0x18f0ba7c46c3a31e641bc6c0aadd1ca1694adf9acd49f3b64b617bcae7bfaf69: expected 1991555 found 913515
20678317,aot,48507809.61386139,
20677712,aot,51653212.29032258,
20677296,aot,6050584.274562584,
20680206,native,75588425.01315789,
20676991,aot,62939984.244444445,
20681252,aot,37043020.83206107,
20680426,native,59879790.48421053,
20681292,aot,39175491.0,gas-used mismatch for 0x489796587f0bc436d81bad179c58ed0e46e1b97779e5e5db78fe988136b6903a: expected 741361 found 735451
20678625,native,51793295.277777776,
20678345,aot,43751817.94444445,
20678246,aot,27507403.139303483,gas-used mismatch for 0x818d248f0ff1ba78069467fd00dddaa6fc534815bbb6d4f53b3f9684808a0a62: expected 341576 found 93307
20676432,aot,54821654.19318182,
20679973,aot,27534123.91411043,
20680817,aot,29803160.670807455,
20680709,aot,36652073.01282051,gas-used mismatch for 0xf9e9ddd7c582fb3ba6455888929303bf204eee886be506f6302e9051f99846bb: expected 581989 found 296787
20678948,native,81091121.12328768,
20678617,aot,49632088.7625,
20677452,aot,38688663.4527027,
20678315,aot,43126399.391666666,gas-used mismatch for 0x7fca0e28bf9f4a63ca4cea15d1ad44c0b8db6ff00310d04a4fc9cf3889bbb7dc: expected 266915 found 219625
20679006,aot,71915115.68627451,
20676492,native,38544366.22857143,
20680718,aot,7026389.503828484,
20678818,native,83296083.51470588,
20678364,aot,53363938.37735849,
20680332,native,106163213.26984127,
20680531,native,56309045.97777778,
20678086,aot,41947247.99137931,gas-used mismatch for 0xdf9391fe8f8fd073e3d2b7cbf2d6552ab89cbef6fe0125cb311b6f14541bceb7: expected 1025302 found 976627
20678825,aot,38087964.25531915,
20680051,native,91238786.54666667,
20680497,native,39134287.032,
20681018,native,48194953.4368932,
20680134,native,60554199.358024694,
20679513,aot,35928041.52941176,
20680814,native,39801672.54814815,
20677829,aot,46538672.051020406,
20681188,native,44296839.20720721,
20677345,aot,20952614.98387097,
20675659,aot,43494644.14772727,gas-used mismatch for 0x5777ba34c02415312f08118e5c317a04032b9860a416da78bbcb27698d305f12: expected 287345 found 153935
20676760,aot,33806275.48571429,
20676609,aot,92418350.2745098,gas-used mismatch for 0xbeb6acf88652d20cb857766ebcfc2b77b7d38f36ebba2fa4dfae58dab1e30101: expected 1347643 found 1089837
20678540,aot,54504007.244186044,gas-used mismatch for 0x2a0e807a5c50b5d246cbe37eafd1bc70ea2910d38d23b624a67d5f89fbf09f53: expected 350751 found 95880
20678132,aot,77956364.96969697,gas-used mismatch for 0x7e263c2c8faed8a826391b5c7108f40fedce6d2a9300d53becd6b80368be6f0e: expected 222518 found 80048
20677064,aot,36847388.41221374,
20680713,native,49764908.25,
20679210,aot,70661423.6,gas-used mismatch for 0x19efd93b85d84d037802cd8c6e574939c308f294fed8c02382634fab667860e2: expected 344297 found 98993
20681074,aot,51417648.93333333,
20680207,native,40208313.76415094,
20681139,aot,41561256.76027397,
20677713,aot,39625394.38016529,
20677297,aot,67208955.5479452,
20680427,native,41708186.97029703,
20678318,aot,74067618.54666667,gas-used mismatch for 0xfb278f5d0e80b69944e176a0b9726ee9007b0bf089ad3e4f01a01e065ea435d0: expected 418368 found 95880
20676992,aot,47370352.95145631,gas-used mismatch for 0x34d84a42d01d919c545683acec742453220a882457ce866ca7eb860061c818bc: expected 369133 found 95868
20681253,aot,28859824.18128655,
20677289,aot,67058778.94444445,
20676433,aot,42352138.79090909,
20678626,native,36221935.94871795,
20678247,aot,60677275.73255814,
20678949,native,42764313.04504505,
20678346,aot,44289133.00763359,
20681293,aot,47396260.45384616,
20680818,aot,38679287.048275866,gas-used mismatch for 0xa3fed97d6bfab0ea4413cc99d879a2082c0d696f4ec9896bbbf33c7e461577f6: expected 418787 found 222319
20677453,aot,46649882.138613865,
20678618,aot,53978245.45263158,
20680337,native,67566589.46052632,
20679974,aot,65523691.07692308,
20679007,aot,21134742.3256705,
20678819,native,61834083.46575342,
20680710,aot,68301885.6632653,gas-used mismatch for 0xf0d408ade39758d319503bda5043b6b0cede093a64a41591904637279543c427: expected 586226 found 296787
20680333,native,36521140.18253968,
20680719,aot,94000026.3018868,gas-used mismatch for 0x1516701d995d514fdb8dc419135ad68ed333e428a7f2a68f211025a41d89c5b9: expected 410539 found 296810
20676493,native,57715177.59139785,
20678826,aot,23957550.267676767,gas-used mismatch for 0x95cde5e54df5e95266b6fb6f9a62be17c76a81ac0fe2698e95cb3508f8aacd89: expected 333046 found 95892
20681189,native,34632319.83050848,
20681019,native,44191187.06930693,
20679514,aot,44350052.448979594,
20680532,native,47300374.35344828,
20680815,native,56706070.05263158,
20678087,aot,27217967.569444444,gas-used mismatch for 0x49c97b58ce8b41b488ba68b0c8d249a7986322f0a0df73d40f2940ea7e544d62: expected 244781 found 54992
20680135,native,36926779.61481482,
20678541,aot,25906485.633587785,
20677830,aot,64100288.65753425,gas-used mismatch for 0x39640721c9a08b2f5296e247347977c73eba8688a54b58191f6883e444756eb9: expected 387813 found 95880
20678365,aot,43252512.384615384,
20680052,native,57788282.39,
20680498,native,53607265.683168314,
20677346,aot,27199518.518134713,
20677065,aot,54780577.5,
20675660,aot,35255644.062937066,
20678133,aot,46593484.74285714,gas-used mismatch for 0x4dfd768712d4ac29970526476247323eb2858a264354438c79b376dbdbdec6bc: expected 313083 found 254556
20676761,aot,33587107.5,
20681140,aot,34606709.09756097,
20679211,aot,38625115.02380952,
20680208,native,55497377.075,
20681075,aot,31781968.993377484,
20680714,native,39925843.49230769,
20677714,aot,50073072.03225806,
20676610,aot,84188833.85714285,gas-used mismatch for 0x06bfd06f8061d94122ab379c8ce1d7fca0024deb85dff833c26634dca6791b45: expected 196985 found 81646
20681254,aot,54774724.95061728,
20677298,aot,73559166.95238096,
20680428,native,45762170.567567565,
20678319,aot,11973633.757990867,
20676993,aot,69836059.50617284,gas-used mismatch for 0x8816bad4dfa54549d605c3e7b4c5f5056893b95bdb206df287d6a5aa0e481660: expected 726800 found 414416
20676434,aot,26483047.934343435,
20677290,aot,52810799.55,gas-used mismatch for 0x86890baf21d103f65a576f808b92324937c6f78689e3de7f4072cbb23ac1708f: expected 258161 found 60698
20678950,native,63602282.91025641,
20680819,aot,42126630.336283185,
20678347,aot,35197433.65034965,
20678248,aot,10926252.635826772,gas-used mismatch for 0xcf979effac5cc19593b6bf1a81593ea34446c88b39183f4c7cb38f9b716d2b93: expected 392532 found 236783
20680338,native,10472051.282758621,
20678619,aot,54634107.21111111,gas-used mismatch for 0xb50a816846ae7e4ada666fdc29731d0eaf1e498089cd4494d32923faea3da800: expected 258188 found 243127
20681294,aot,46416070.24137931,
20678820,native,33882701.04615384,
20680334,native,40424225.510204084,
20678627,native,83942125.66197184,
20679008,aot,62239184.71232877,
20676494,native,44872261.0,
20680720,aot,32706001.181818184,gas-used mismatch for 0x5b1b789bedcc51e05772945e24f059955fe7e3810b4472678c5dfb2bac7245d5: expected 410539 found 296810
20679975,aot,29173048.581151832,
20680816,native,59182974.6,
20681190,native,46321044.96875,
20680711,aot,13579.377220555942,
20679515,aot,44274563.943396226,gas-used mismatch for 0xcb87f5e6ff0087550d95e9efa58f364e6ddb83110ddd855822d1db30f2096164: expected 196177 found 81750
20677454,aot,55466551.908396944,
20680533,native,16856037.539215688,
20678827,aot,73945495.69333333,
20678542,aot,50043969.25,gas-used mismatch for 0x710f0db8fb4128422a673e89470c407d9c63949bdf9cf47d97c94f0a32369924: expected 1222419 found 1249925
20680499,native,54697347.0875,
20681020,native,17751735.292604502,
20676762,aot,47273417.881578945,
20678134,aot,48958308.20547945,
20678088,aot,42346773.032,
20680136,native,43528883.809523806,
20677831,aot,68699452.69135803,gas-used mismatch for 0xfae2cad2cde631e2f7d08c5148879033ec6aa1374f3ad743efe750b5027bde58: expected 954419 found 500185
20678366,aot,47932899.619469024,
20677347,aot,85202262.1764706,
20680053,native,32590239.042168673,
20681141,aot,33451534.52892562,
20675661,aot,51718329.71111111,
20680209,native,33901624.62,
20681076,aot,34832859.131034486,
20679212,aot,42746243.2892562,
20676611,aot,34010075.38518518,
20677715,aot,52690540.104166664,
20680715,native,98855332.66037735,
20677299,aot,46146712.2735849,gas-used mismatch for 0x9b3bf0b15db20304c602231c202ffecdc0f2a24ec1a8072271f89233359985f9: expected 532699 found 346579
20677066,aot,73302418.02150537,
20681255,aot,47260483.571428575,
20680429,native,42614909.88617886,
20676435,aot,73950268.17857143,gas-used mismatch for 0x339cc8e55b4d71376ac71322e679d98e35b28bbbed7d566fda0f63444f517f7b: expected 305279 found 231983
20678320,aot,77967651.73529412,
20678951,native,37898630.22881356,
20680820,aot,39127593.46902655,
20676994,aot,50512003.20338983,gas-used mismatch for 0xdbf6c6923742a81da737941e9177474580adae61f101eb2a4beee2bb51eda3a4: expected 322720 found 232986
20678249,aot,107162377.88372093,gas-used mismatch for 0xefef05e3cff5ad68b85db375cd20787a079eacaf0a83fec13b632c6492343bc4: expected 308330 found 268370
20678348,aot,73869345.05882353,gas-used mismatch for 0x10d141898d6ff00a83ad3640a124e8ecc9b7b24a0b991cfe1b83436eef72e8e0: expected 360139 found 317138
20677291,aot,46990482.36283186,
20678821,native,45425150.495238096,
20680339,native,83222657.47619048,
20681295,aot,35403544.98571429,
20678628,native,33661247.90066225,
20678620,aot,51005286.088495575,
20680335,native,51300683.04347826,
20679516,aot,43585032.84375,gas-used mismatch for 0x1c26194e40664a32c29a5743c7c31ad06c82daf69311f093b29316f73509c2b5: expected 266963 found 219673
20678828,aot,73562397.54,gas-used mismatch for 0x883f60bd8eadd73347e84d65aa9cbea401a8696e84f8eead391a90a69e5280c0: expected 248252 found 53085
20680721,aot,45136388.84552845,gas-used mismatch for 0x220cf7afcce5142bd61e697da485a89f85d84e052807f7620bc9c24ae577bb0d: expected 410539 found 296810
20677455,aot,55239099.686746985,
20676495,native,65097752.91111111,
20680817,native,32626374.670886077,
20680712,aot,93133511.83018868,gas-used mismatch for 0xdc5f38dd84c230c1e0788a2ad7bf97e6cf8d01315a41f435daa29e911dfc8a5c: expected 600393 found 296787
20679976,aot,80309337.31428571,
20679009,aot,52364683.592,gas-used mismatch for 0xcb9e72eba527ce75d7d8ec47dd289f7b8aab70ee885021181030a3088495e492: expected 390888 found 98981
20678543,aot,26167289.2748538,
20681191,native,58806264.88636363,
20680137,native,55507112.61333334,
20678089,aot,36407343.734375,
20680534,native,54226684.36734694,
20677348,aot,69800040.3442623,
20676763,aot,46494183.88181818,
20681021,native,105726169.6,
20680500,native,19700535.3,
20681142,aot,19247907.23616236,
20675662,aot,62971102.55294117,gas-used mismatch for 0x0e018b043cd584e83e22badbed3b7cff940c133fac40758fa624210f3a1f6c0e: expected 421363 found 95868
20680054,native,38961060.42068966,
20681077,aot,49976189.13186813,
20678367,aot,53797661.86486486,
