id,run_type,exe_time,err
20828500,native,35365663.328125,
20825616,native,34660818.75735294,
20827000,native,73770785.04918033,
20825604,native,34850598.60144927,
20827351,native,33499107.74,
20827750,native,21196048.98765432,
20827304,native,53830067.40909091,
20828968,native,34246322.53793103,
20826812,native,43374599.132743366,
20827269,native,36039469.057142854,
20827093,native,40202228.056,
20827281,native,31483046.45341615,
20824000,native,59990878.1,
20824750,native,34668338.87586207,
20827562,native,41089098.18699187,
20824562,native,47351586.61904762,
20825640,native,41648598.57024793,
20827363,native,37698824.162962966,
20829062,native,30570408.524096385,
20827328,native,41965846.29752066,
20827187,native,66195985.71052632,
20828921,native,32431641.753164556,
20827468,native,46147748.75454546,
20826343,native,38453871.2556391,
20824468,native,49597212.01980198,
20824656,native,48748722.99056604,
20827375,native,27602649.784615386,
20824093,native,73571406.31428571,
20826625,native,13524810.492610838,
20826437,native,49643919.97029703,
20825781,native,41801698.112,
20824187,native,33352613.98757764,
20827656,native,44185072.069565214,
20825593,native,41810672.41269841,
20825675,native,36884843.062937066,
20827210,native,50576601.138613865,
20824375,native,43912398.05932204,
20825687,native,38137484.26428571,
20825500,native,35549776.15231788,
20824609,native,31818149.24117647,
20829250,native,18743259.080536913,
20827257,native,42186308.865079366,
20827234,native,44538487.74576271,
20826250,native,47510190.774774775,
20825875,native,60938684.56666667,
20825663,native,31910965.03409091,
20828875,native,66545567.60526316,
20824094,native,12536682.052023122,
20827001,native,38172716.29770993,
20828501,native,39823691.42307692,
20827563,native,29130929.25595238,
20826813,native,35730936.333333336,
20825605,native,20773677.71875,
20827352,native,49590416.61165048,
20825617,native,33942095.11875,
20827751,native,44004921.930434786,
20827305,native,30498851.285714287,
20827469,native,38592833.5625,
20825782,native,31883443.33112583,
20824751,native,43833177.3826087,
20824001,native,40327992.55555555,
20826344,native,35167114.157142855,
20825594,native,30575887.66455696,
20827282,native,22338302.285106383,
20827329,native,42590416.525,
20825501,native,39687055.13559322,
20828969,native,36690592.77857143,
20827188,native,33192702.058064517,
20827094,native,35978313.97260274,
20824469,native,38370661.86466166,
20825676,native,31617587.63291139,
20827364,native,43813224.55932204,
20824657,native,17782835.86138614,
20825641,native,41268234.63846154,
20826438,native,38171534.43609022,
20829251,native,46185200.76,
20827270,native,54456606.06930693,
20825688,native,36704375.875,
20827657,native,21014873.28125,
20827376,native,62774893.946666665,
20826626,native,47428404.358490564,
20828922,native,52439020.65591398,
20824376,native,48315659.53465346,
20827211,native,35840266.34246575,
20824563,native,56677255.64210527,
20826251,native,25811382.594871797,
20829063,native,66012042.47945205,
20827235,native,37873111.31538462,
20827258,native,30028900.624277458,
20825876,native,32714222.767741937,
20825664,native,33105615.92156863,
20824610,native,49105090.0776699,
20828876,native,30460300.095238097,
20824188,native,68573889.56164384,
20824095,native,58575105.51764706,
20825606,native,49522831.63736264,
20827283,native,42621463.902912624,
20827752,native,23500806.701492537,
20827377,native,37096188.75454546,
20827002,native,58535684.10465116,
20826814,native,61441556.2345679,
20827353,native,38675191.421875,
20828502,native,66455708.421052635,
20826345,native,42067165.09565217,
20827564,native,23938481.37727273,
20827470,native,36902675.41304348,
20825618,native,63520774.0875,
20824752,native,48157905.466019414,
20827306,native,37630712.607407406,
20824002,native,48347222.495145634,
20825502,native,52152384.22105263,
20824377,native,41364801.0,
20825642,native,35940445.60902256,
20827365,native,43816251.927927926,
20825665,native,53467219.0,
20825677,native,35298865.04964539,
20827330,native,42212623.56666667,
20825689,native,37780650.953125,
20828970,native,19493779.75,
20827189,native,49588294.74757282,
20827095,native,42065312.048780486,
20826439,native,49893756.091836736,
20824564,native,58211774.82716049,
20826252,native,35275426.507246375,
20828923,native,28263164.6,
20825877,native,46818934.445544556,
20824611,native,24913998.310526315,
20827236,native,28016665.005714286,
20825783,native,66430189.44444445,
20824658,native,74535229.5,
20827212,native,51811851.010416664,
20825595,native,57598686.610526316,
20827658,native,76186030.27692308,
20829252,native,67444461.47945206,
20829064,native,54478858.04444444,
20827259,native,52335855.29032258,
20826627,native,47872933.21296296,
20824470,native,38565156.56164384,
20827271,native,39026970.00699301,
20824189,native,51283574.75,
20828877,native,38377445.11594203,
20824096,native,54304062.38823529,
20825607,native,39823699.65079365,
20827003,native,28212962.732954547,
20827753,native,42704179.708333336,
20827284,native,65466882.53333333,
20827378,native,54485721.593406595,
20826815,native,28241410.3125,
20827354,native,28950718.274285715,
20826346,native,51061709.448979594,
20827366,native,9902484.67068273,
20828503,native,17040090.081699345,
20824565,native,46788660.70408163,
20827471,native,37114236.14492754,
20825666,native,16338424.825806452,
20824753,native,33109713.116129033,
20827565,native,62943386.975,
20827307,native,39149339.176923074,
20825503,native,31472857.319018405,
20825678,native,37736347.9924812,
20824378,native,55141038.593406595,
20825643,native,18443654.13427562,
20825596,native,41317733.56637168,
20827096,native,35275559.872340426,
20825690,native,47784295.43518519,
20826440,native,44482621.88495575,
20827331,native,40791781.9375,
20827213,native,41921496.11016949,
20827659,native,29904869.470238097,
20827190,native,37605113.986013986,
20826253,native,68784469.86666666,
20828924,native,40675491.8,
20825619,native,48250390.85344828,
20827260,native,31646496.23125,
20825784,native,30967850.269005846,
20825878,native,38479772.16428571,
20824003,native,16910766.809248555,
20829065,native,18106186.344594594,
20827237,native,54526835.56842105,
20829253,native,32229427.00595238,
20826628,native,55951877.623655915,
20824612,native,76356452.98571429,
20824659,native,58795568.604166664,
20828971,native,70898922.2,
20827272,native,33525810.67721519,
20824190,native,31414566.656626508,
20828878,native,50600887.66019417,
20824471,native,48388266.051724136,
20824097,native,29404763.864705883,
20825608,native,31585581.60897436,
20827379,native,13105167.289544236,
20827285,native,55233807.77906977,
20827004,native,45485972.2962963,
20826816,native,38677890.0078125,
20827754,native,57815328.08139535,
20826347,native,37972636.676923074,
20827472,native,33425244.344594594,
20825504,native,31989570.477419354,
20824566,native,35155142.68965517,
20827355,native,31244547.73006135,
20827566,native,33477697.213333335,
20827308,native,35054965.44755245,
20828504,native,51106536.20408163,
20824754,native,43422370.80869565,
20827367,native,72758903.60563381,
20827097,native,33818903.033783786,
20825597,native,40643908.37398374,
20825691,native,37685427.03076923,
20825667,native,86513915.20689656,
20825679,native,45946916.946902655,
20827261,native,28664698.005847953,
20825879,native,49122703.551020406,
20824379,native,17597989.41800643,
20825644,native,70770000.22535211,
20827191,native,32913614.70860927,
20827332,native,64973962.71794872,
20826254,native,49296676.84158416,
20825620,native,31068226.392638035,
20826441,native,44243778.358333334,
20826629,native,43170245.03603604,
20828925,native,42597945.22881356,
20827214,native,34796248.803921565,
20825785,native,30695784.24117647,
20829254,native,23997018.692307692,
20827660,native,30617676.245714284,
20827238,native,39523646.5390625,
20828879,native,35794727.2734375,
20824191,native,38440722.1875,
20824660,native,38287988.223076925,
20824004,native,58383367.06818182,
20824613,native,48338312.13592233,
20824472,native,35570336.578947365,
20827273,native,54468328.538461536,
20829066,native,66856384.906666666,
20828972,native,57714667.77906977,
20827286,native,31446865.93478261,
20825609,native,40709124.74166667,
20824098,native,44865743.387931034,
20826817,native,31634475.886666667,
20827005,native,36507963.4057971,
20827755,native,61300397.5131579,
20826348,native,110273818.18604651,
20827380,native,59053495.18604651,
20825668,native,35088463.5,
20828505,native,44780169.43809524,
20824567,native,37086027.95419847,
20824755,native,34391212.042553194,
20827567,native,46199959.03773585,
20827309,native,42106823.62068965,
20825505,native,45087488.154545456,
20827473,native,35756726.134751774,
20827368,native,38343091.365079366,
20825880,native,36348157.824,
20827098,native,36744844.53333333,
20826255,native,34761885.518796995,
20825621,native,51023838.56666667,
20827215,native,41359076.90740741,
20827356,native,62365101.5375,
20826630,native,47852695.16842105,
20825692,native,33575874.12582781,
20827333,native,29921844.151515152,
20827262,native,57065775.21590909,
20825680,native,77740579.5076923,
20824380,native,90685209.90196079,
20828926,native,34992535.166666664,
20825786,native,39572348.02479339,
20826442,native,34559018.62237762,
20829255,native,32474346.483443707,
20827239,native,24246251.004926108,
20824192,native,14464885.264880951,
20827661,native,44305536.072072074,
20828880,native,38326642.608,
20825598,native,45170632.585365854,
20824005,native,42506043.72972973,
20825645,native,43819935.6097561,
20824473,native,15572480.089783281,
20824614,native,42850853.82608695,
20827274,native,38710394.078125,
20827192,native,48268132.51724138,
20829067,native,54065289.13186813,
20824661,native,37565159.05072464,
20828973,native,36953021.35862069,
20824099,native,29655166.75,
20827287,native,51832562.54285714,
20827381,native,11712111.538271604,
20827006,native,42824328.53097345,
20826818,native,55159762.59139785,
20826349,native,38330498.53968254,
20827756,native,24763311.470873788,
20825610,native,31159268.145945948,
20827568,native,33034141.114864863,
20824568,native,33024836.86754967,
20827310,native,50449726.54,
20827099,native,56698031.435294114,
20826256,native,20680494.208163265,
20825506,native,46642263.90990991,
20824756,native,36663795.67132867,
20827357,native,29494264.046783626,
20827263,native,46525971.445544556,
20827474,native,52259597.32653061,
20827216,native,38907249.59375,
20825622,native,44729242.486725666,
20827662,native,16721362.572438162,
20825669,native,56634088.145833336,
20824381,native,30358225.273291927,
20827369,native,52573447.81,
20825881,native,22676558.253061224,
20828506,native,49534498.123893805,
20825693,native,66718308.820512824,
20825599,native,46028736.733333334,
20827334,native,50038611.5,
20829256,native,51190649.979166664,
20825681,native,29297704.777777776,
20825787,native,50709830.11881188,
20824662,native,38999966.90833333,
20827240,native,45379802.38938053,
20824474,native,51046427.208333336,
20826631,native,28169103.611650486,
20825646,native,20944292.804780878,
20828927,native,67323624.16049382,
20824193,native,73997680.94285715,
20824006,native,48036982.41818182,
20829068,native,43148053.37931035,
20824615,native,52236135.51,
20827193,native,41748322.967479676,
20827275,native,53031289.61165048,
20828974,native,31250622.273291927,
20826443,native,67368781.5340909,
20828881,native,79679948.52112676,
20824100,native,42091238.194690265,
20825611,native,39688881.8367347,
20827288,native,41608113.06034483,
20827007,native,27674485.542857144,
20826350,native,43846142.77876106,
20826819,native,34601773.28082192,
20827569,native,30504637.0375,
20827757,native,28423427.64088398,
20824569,native,28816375.82080925,
20824757,native,45430697.87755102,
20827382,native,80805174.13114753,
20827100,native,31051273.65822785,
20827264,native,22205391.71681416,
20827311,native,33603484.74509804,
20825623,native,26827472.97311828,
20828507,native,23927617.63902439,
20827370,native,30192320.327272728,
20827358,native,49237357.41747573,
20825682,native,33247499.921985816,
20826257,native,62806491.9125,
20825694,native,49986718.46875,
20827663,native,63606144.679487176,
20827217,native,35349039.72972973,
20825788,native,26794931.71270718,
20829257,native,12720954.186700767,
20828928,native,43351266.33009709,
20825670,native,35353229.93150685,
20827335,native,39334405.29365079,
20827475,native,38039789.42553192,
20825600,native,33039483.781456955,
20824382,native,40016178.664122134,
20825882,native,67396073.6849315,
20825507,native,40764877.65942029,
20824663,native,48118111.49504951,
20824616,native,44005496.10377359,
20825647,native,48933528.37,
20824007,native,30652653.149068322,
20824475,native,43902720.93965517,
20826632,native,48549616.23300971,
20829069,native,27940699.747191012,
20827241,native,44273821.19166667,
20824194,native,43498385.6,
20827276,native,40675338.6504065,
20827194,native,45924227.26724138,
20826444,native,34905223.21917808,
20828882,native,35331062.5,
20828975,native,55868518.744444445,
20825612,native,41543575.70434783,
20824101,native,28187371.758426968,
20827289,native,47309625.61904762,
20826351,native,36055371.876811594,
20827008,native,22621981.572033897,
20826820,native,32456557.045161292,
20824758,native,27671370.157894738,
20824570,native,50216448.1122449,
20827570,native,44894897.669565216,
20827758,native,40386003.634920634,
20825624,native,49262822.93548387,
20825683,native,44054316.25471698,
20827101,native,47351946.8490566,
20827312,native,39477848.912,
20827265,native,50785022.979166664,
20827336,native,48470298.182795696,
20826258,native,30016766.521472394,
20827664,native,33444989.027586207,
20828508,native,55472412.04651163,
20825789,native,42501000.61061947,
20825601,native,32403765.573333334,
20829258,native,50289764.10526316,
20827371,native,30171455.19653179,
20825695,native,46309153.53703704,
20827359,native,39779155.49230769,
20825883,native,24352705.298507463,
20827476,native,32977868.834437087,
20825671,native,41655709.01652893,
20828929,native,13573552.114882506,
20824664,native,30414340.9875,
20824383,native,40223201.25203252,
20824008,native,41232565.159292035,
20827218,native,49816769.20952381,
20827383,native,60277540.91578947,
20824617,native,40044175.02439024,
20825648,native,52370446.56842105,
20829070,native,40229925.58677686,
20825508,native,48705650.0,
20824476,native,42053586.01724138,
20826633,native,53836052.78021978,
20827242,native,46063410.62135922,
20827277,native,33059460.116438355,
20826445,native,57105480.58974359,
20828883,native,41974252.58181818,
20827195,native,36503695.162962966,
20828976,native,37568089.76153846,
20824195,native,33611957.20625,
20825613,native,33860290.88666666,
20824102,native,44284810.4,
20827290,native,19529915.83082707,
20825625,native,54425997.21176471,
20824759,native,39240963.396825396,
20827571,native,22499795.381818183,
20826352,native,60437482.74117647,
20826821,native,37836427.992592596,
20824571,native,42505970.141666666,
20825684,native,23244215.733944952,
20827759,native,33758496.69032258,
20827009,native,81091355.3015873,
20827337,native,39783356.0,
20827266,native,44203253.5,
20827102,native,34902485.76821192,
20827665,native,39904894.859375,
20827372,native,31580897.848101266,
20827313,native,38965355.41304348,
20828509,native,38411111.0367647,
20824384,native,35900381.419117644,
20825672,native,33685331.16,
20826259,native,38761450.39855073,
20825696,native,32286694.83125,
20824009,native,25767387.060606062,
20824665,native,40417146.61904762,
20825602,native,65752510.5625,
20829259,native,51874577.92079208,
20828930,native,46170044.946902655,
20825790,native,77432853.87142856,
20829071,native,25625153.23979592,
20825884,native,64411671.3373494,
20824618,native,35663339.172413796,
20824477,native,36200852.75735294,
20827384,native,42454116.02439024,
20827360,native,60594300.333333336,
20825649,native,15178644.504249291,
20827219,native,32759924.730994154,
20827477,native,79433780.35294117,
20825509,native,45133334.4137931,
20826446,native,49450745.76,
20827243,native,33796546.14193548,
20828884,native,29790260.220238097,
20827278,native,47780723.927927926,
20826634,native,36272399.73076923,
20828977,native,64066281.790123455,
20824196,native,46442167.782608695,
20827196,native,40326801.06206897,
20825614,native,50005468.1122449,
20824103,native,46075123.21818182,
20827291,native,21687807.636363637,
20826353,native,31794613.165562913,
20825626,native,37101392.396946564,
20827572,native,47394758.3592233,
20826822,native,52377242.291666664,
20824572,native,35575896.81428572,
20824760,native,56143348.69892473,
20827010,native,50409662.72527473,
20825685,native,49123536.5,
20827760,native,31494869.50931677,
20825673,native,38699535.74576271,
20827338,native,44071028.69565217,
20827103,native,37791006.676923074,
20827373,native,36134806.572463766,
20827314,native,41482721.825,
20828510,native,34651628.2,
20825791,native,36411984.6640625,
20824666,native,39999347.00813008,
20827267,native,54132763.526315786,
20826260,native,40621978.84,
20825697,native,36583907.85507246,
20827666,native,31341227.699421965,
20829260,native,32742118.444444444,
20824010,native,38261012.323308274,
20827478,native,29908971.25,
20829072,native,56410280.152941175,
20824385,native,43474886.848,
20827385,native,26904060.241935484,
20824478,native,41121211.23966942,
20824619,native,29833495.852941178,
20827361,native,29551896.635294117,
20825885,native,43156388.42975207,
20828885,native,42549830.072072074,
20825603,native,54115381.1,
20826447,native,35585442.6884058,
20828931,native,48815629.26126126,
20827244,native,40334136.73170732,
20825510,native,35656273.04137931,
20827220,native,39843727.55384615,
20825650,native,53734253.94,
20827279,native,62672970.9625,
20826635,native,43396119.76521739,
20828978,native,12390461.337349398,
20824197,native,49165520.32673267,
20827197,native,37881109.45185185,
20825615,native,60997507.011764705,
20824104,native,38962879.05343512,
20827292,native,55786326.07058824,
20826354,native,44999860.92380952,
20826823,native,27129692.308988765,
20825627,native,42487417.525,
20827573,native,41109511.93333333,
20827104,native,35484300.47154471,
20827011,native,32481584.32,
20824573,native,28088493.74863388,
20825686,native,39103181.944,
20824761,native,31677405.3125,
20827761,native,50492384.70408163,
20825886,native,37629891.342857145,
20827339,native,39277115.864,
20825674,native,59782669.81927711,
20827315,native,36717675.396946564,
20827667,native,30718828.753333334,
20827374,native,51032359.145833336,
20825792,native,35869870.427536234,
20826261,native,51074076.22105263,
20829261,native,30287607.155279502,
20824667,native,32714709.954838708,
20828511,native,42295928.42276423,
20824479,native,30990453.43137255,
20824011,native,34164661.93793103,
20827268,native,33121863.628205128,
20825698,native,48757391.78640777,
20824620,native,50489331.3877551,
20824386,native,55907792.67045455,
20829073,native,44050915.252173916,
20827386,native,11523421.889135255,
20827362,native,43766131.117117114,
20824515,native,40048937.27272727,
20826448,native,22019574.920353983,
20827245,native,36860651.85714286,
20828932,native,40863318.483333334,
20825511,native,35677415.27857143,
20827221,native,37946262.375,
20827479,native,37741715.0472973,
20825651,native,45676443.37735849,
20828886,native,69724499.20547946,
20827280,native,38147835.76335878,
20824198,native,39687131.071428575,
20828979,native,48749463.708737865,
20826636,native,30759219.04,
20827198,native,51937580.75268817,
20824105,native,37508637.652173914,
20826355,native,35128077.25675676,
20828687,native,73229534.1971831,
20827293,native,45970325.53448276,
20827105,native,25312881.79,
20827574,native,35931194.37241379,
20827340,native,24731207.300518136,
20825628,native,48074730.336363636,
20826390,native,49736792.35,
20827012,native,40929869.296875,
20824574,native,40024373.9375,
20826824,native,83388943.53968254,
20824762,native,36508210.25531915,
20827762,native,31175295.549707603,
20825887,native,40156371.12307692,
20824281,native,49960746.96774194,
20825793,native,35906350.83916084,
20827316,native,48957469.43636364,
20827668,native,54319902.97959184,
20828944,native,69102784.61538461,
20826262,native,45570829.796460174,
20826366,native,41380364.2421875,
20828512,native,42197921.49166667,
20824668,native,33507079.141935483,
20827387,native,90013612.4,
20829262,native,44504925.576271184,
20829074,native,34040285.21917808,
20825699,native,49125922.6407767,
20824480,native,54243649.427083336,
20827322,native,31233054.99375,
20824621,native,49561022.94059406,
20824012,native,65487477.5875,
20828933,native,19142947.18045113,
20826449,native,70814445.15714286,
20824387,native,39698212.2481203,
20827246,native,53669426.768421054,
20825512,native,39448820.23809524,
20824516,native,43798093.512,
20827222,native,45685319.99115044,
20827480,native,61203714.83950617,
20827199,native,41438476.59,
20825652,native,35641561.02797203,
20828887,native,29589351.691428572,
20826906,native,5517914.136458334,
20824199,native,33238915.80392157,
20826637,native,56689578.55813953,
20828980,native,46644789.83962264,
20827294,native,48954617.92307692,
20824106,native,32577126.741935484,
20826356,native,34195651.167832166,
20828688,native,38358644.690476194,
20825629,native,31668000.163398694,
20827575,native,33443617.466666665,
20827106,native,51450440.12,
20824763,native,38451869.072,
20826391,native,37205089.4962406,
20824575,native,34578778.28671329,
20827763,native,41980030.43362832,
20826825,native,14640208.005780347,
20827341,native,69568504.49315068,
20827013,native,59431729.84883721,
20825888,native,41463022.41322314,
20828945,native,39666520.80165289,
20825794,native,45502513.06603774,
20824282,native,35701697.120567374,
20827317,native,44106444.63636363,
20829075,native,51346274.56666667,
20826367,native,34063781.49315068,
20828513,native,37114997.3037037,
20824481,native,35387439.47058824,
20824669,native,36734573.36764706,
20826263,native,34875100.76351351,
20824622,native,42250169.573913045,
20827323,native,30661838.72392638,
20827388,native,53503336.78494623,
20827669,native,53184421.64285714,
20825700,native,41433033.24793389,
20824013,native,39387233.336,
20824388,native,26616662.258064516,
20825513,native,31695356.682119206,
20829263,native,42590701.832,
20826450,native,33994740.24666667,
20827247,native,29700726.64285714,
20827200,native,32724812.67586207,
20828934,native,54203412.255555555,
20827223,native,35314244.56737588,
20827481,native,26033861.47643979,
20824517,native,39110191.93846154,
20825653,native,30794454.423312884,
20828888,native,30750240.85625,
20824200,native,41678176.3553719,
20828981,native,36532440.941176474,
20826638,native,62634566.8,
20826907,native,72108604.68571429,
20828689,native,29660573.277108435,
20827295,native,46454309.486725666,
20826357,native,36916067.87857143,
20824107,native,44706937.85123967,
20827107,native,45481009.23300971,
20825889,native,52274134.23076923,
20827764,native,30774714.130718954,
20825630,native,40904587.0661157,
20827576,native,35435051.90070922,
20826392,native,15836438.791277258,
20827342,native,40019886.55371901,
20827014,native,35271008.572463766,
20824764,native,25396299.870192308,
20826826,native,64635618.7368421,
20824576,native,44897905.81818182,
20828514,native,21605034.02314815,
20829076,native,37517061.944,
20828946,native,27440084.360655736,
20826368,native,17556037.740213525,
20825795,native,44332506.46902655,
20827318,native,32225292.923076924,
20827224,native,39645271.63106796,
20824482,native,35473742.5248227,
20827324,native,571647.6363322198,
20827248,native,41508775.74528302,
20824670,native,31405511.20245399,
20824014,native,35206697.03623188,
20824623,native,43548517.27826087,
20824283,native,60199772.32954545,
20827389,native,31811820.5,
20826264,native,45851626.82300885,
20826451,native,40232651.983333334,
20825514,native,43536220.238938056,
20824389,native,44585103.04424779,
20825701,native,35012471.38666666,
20825654,native,12414903.241558442,
20828889,native,35354900.083333336,
20827670,native,37090401.35862069,
20828935,native,34645296.141843975,
20829264,native,35788177.03448276,
20824518,native,31696135.248366013,
20827201,native,64242202.29333334,
20827482,native,46646331.40776699,
20826639,native,31660368.255172413,
20824201,native,40445018.0,
20828982,native,44538524.75221239,
20826908,native,37023748.633587785,
20827296,native,40825455.18253968,
20827765,native,29416028.993975904,
20825631,native,35108593.14492754,
20827577,native,32574204.226027396,
20824108,native,36117445.12142857,
20827108,native,12858862.521091811,
20826358,native,36026480.35135135,
20828690,native,33161219.652941175,
20825890,native,37375108.03546099,
20827343,native,26255346.126262628,
20826827,native,29048406.80116959,
20827015,native,33668798.993548386,
20828515,native,48315241.683168314,
20826393,native,73325969.2112676,
20829077,native,40567075.296,
20824765,native,50327688.03773585,
20824577,native,77755789.03030303,
20827249,native,31641821.7124183,
20827225,native,39428699.1484375,
20827319,native,32260866.525,
20825796,native,49353256.02857143,
20824015,native,40888967.63636363,
20826369,native,71971666.53521127,
20824483,native,31180655.847058825,
20824671,native,32784301.734177217,
20824624,native,36013218.67832168,
20826265,native,51430191.010416664,
20827390,native,23325741.18859649,
20828947,native,57375533.0,
20824390,native,15650101.816199377,
20824519,native,32268019.162162162,
20828890,native,23213956.84651163,
20824284,native,42343267.666666664,
20827325,native,74176714.9,
20827202,native,30837628.88819876,
20826452,native,55271472.24731183,
20828936,native,16297253.984126983,
20825702,native,29986063.102857143,
20827671,native,41809612.792,
20825515,native,53552702.89108911,
20827483,native,37521708.95384616,
20825655,native,76496883.11428571,
20826640,native,39115896.42307692,
20829265,native,37624490.94039735,
20824202,native,37861087.98518518,
20826909,native,32604702.967948716,
20828983,native,35202660.87586207,
20827297,native,38164928.97709924,
20824109,native,33388253.65068493,
20825632,native,37042665.14705882,
20827578,native,37916734.278195485,
20827109,native,52894600.18888889,
20828691,native,36244053.507246375,
20827766,native,60163980.8,
20824766,native,27859736.018987343,
20826359,native,51538493.34951457,
20827344,native,54206571.233333334,
20826828,native,36345351.74637681,
20825891,native,26743017.039800994,
20826394,native,19677889.308300395,
20828516,native,39434606.41269841,
20827016,native,38958930.383458644,
20824578,native,38264101.8671875,
20829078,native,47015504.481481485,
20825797,native,46905792.64356436,
20827250,native,55318117.47311828,
20828937,native,57473495.9,
20826370,native,41971767.371681415,
20827226,native,37468973.8,
20827320,native,56279103.155555554,
20826266,native,32665506.506666668,
20828948,native,32273980.357615896,
20824672,native,47373497.07619048,
20824625,native,50878403.051020406,
20824285,native,23976398.174757283,
20824484,native,50997454.0990099,
20827326,native,30725304.186335403,
20824016,native,34487240.161290325,gas-used mismatch for 0x459ca209a520aabc9b3541ce0d71dc634d5d255d764373dd5deb6d315f864801: expected 138852 found 56972
20825703,native,30408095.84177215,
20824520,native,45600654.93636364,
20828891,native,31813441.906832296,
20827672,native,37345842.223076925,
20826453,native,54927633.34065934,
20827391,native,56686738.95555556,
20827203,native,44855191.69565217,
20824391,native,73196706.48571429,
20825516,native,37212712.69565217,
20827484,native,44883486.513274334,
20825656,native,43457614.60169491,
20824203,native,53778947.86021505,
20829266,native,49873395.96116505,
20828984,native,42513228.66115703,gas-used mismatch for 0x8455c707a8694675ed9ed39e7c48a8f6ca1be33d240ea74cce908f6c76170792: expected 110817 found 56972
20826641,native,51633110.53333333,
20826910,native,34567224.909677416,
20824110,native,9387936.307086615,
20827298,native,42230550.09322034,
20825633,native,55327987.6125,
20826829,native,68253767.80327868,
20824767,native,30798691.125827815,
20824579,native,36378931.15044248,
20826360,native,45204817.60952381,
20827767,native,38925308.808,
20827579,native,42429576.05217391,
20827110,native,46629252.0952381,
20828692,native,39962061.1300813,
20825892,native,45691090.268518515,
20827345,native,30949801.722891565,
20828517,native,35068486.91608392,
20827227,native,34207620.60902256,
20827017,native,51460434.81632653,
20829079,native,36522580.23703704,
20826395,native,57986859.48888889,
20825798,native,53331645.38888889,
20827321,native,32450389.256756756,
20826371,native,28741451.254335262,
20827251,native,40943557.2892562,
20825704,native,42382902.722222224,
20828938,native,41483396.48760331,
20826267,native,35695786.212765954,
20824485,native,33862560.910344824,
20824673,native,35524788.36879433,
20828949,native,38838398.461538464,
20824626,native,34994740.6013986,
20824286,native,58376663.240963854,
20824392,native,33146442.81954887,
20824521,native,26730493.408602152,
20827327,native,40985998.744,
20827392,native,29492956.18452381,
20826454,native,38063263.05384615,
20827673,native,45126063.531531535,
20827204,native,36064090.35460993,
20828892,native,42951503.10569106,
20824017,native,47284445.68103448,
20825517,native,32475376.746835444,
20827485,native,54998120.9010989,
20825657,native,46562338.89090909,
20824204,native,39033878.296875,
20826911,native,35119254.75,
20826642,native,26584964.0,
20829267,native,41761814.11382114,
20828985,native,34333629.04666667,
20824111,native,65201548.18666667,
20825634,native,17886334.739285715,
20826830,native,30127103.56140351,
20824768,native,60385332.87951807,
20826361,native,49101448.36734694,
20824580,native,43499182.44067796,
20827299,native,46836565.211864404,
20827768,native,27727621.333333332,
20827580,native,34537668.70666666,
20828693,native,37696148.0882353,
20827111,native,41078358.253968254,
20825893,native,50095878.38613861,
20827346,native,34514951.47333334,
20828518,native,27746950.049723756,
20826372,native,73089586.01587301,
20825799,native,24414620.55172414,
20827228,native,30829482.214285713,
20827018,native,37505386.074074075,
20829080,native,45032953.61061947,
20828939,native,34461682.774436094,
20829156,native,42072535.43220339,
20826396,native,46963227.074074075,
20824486,native,34809145.52898551,
20824674,native,28015013.942196533,
20826268,native,37642456.816793896,
20825705,native,51098825.22772277,
20824627,native,40685150.76422764,
20824018,native,31146992.874125876,
20824703,native,33672270.49315068,
20827252,native,58706841.428571425,
20827674,native,32393596.213333335,
20824287,native,38310075.25925926,
20828950,native,69650911.28571428,
20824393,native,58013990.44318182,
20826455,native,39882844.26190476,
20827393,native,52144274.833333336,
20824522,native,35555139.359477125,
20827205,native,40155385.8,
20827486,native,14054590.753541077,
20825518,native,41121185.025,
20828893,native,41153358.91056911,
20825658,native,24876685.548387095,
20824205,native,33890075.80689655,
20828986,native,46949638.322222225,
20829268,native,57673958.6375,
20826643,native,7993341.659270998,
20826912,native,50386582.67346939,
20825635,native,85764702.26415095,
20824112,native,54825628.80645161,
20827300,native,49180384.10752688,
20826831,native,31527884.720496893,
20826362,native,33220234.65625,
20827581,native,32736754.562091503,
20827769,native,22429235.333333332,
20827112,native,34630208.73571429,
20828694,native,30229313.515151516,
20827347,native,43728188.63963964,
20824581,native,36238911.37748344,
20825894,native,47292088.23809524,
20824769,native,48036315.27586207,
20826373,native,50562770.81052632,
20824675,native,7897747.9184,
20827229,native,34591703.37837838,
20825800,native,42595575.70247934,
20829081,native,52894036.83157895,
20827019,native,38257773.59259259,
20829157,native,27282851.38172043,
20828519,native,82138657.95238096,
20828940,native,41681700.936,
20826397,native,36459104.04964539,
20826269,native,29173655.193181816,
20824487,native,41831036.592,
20824628,native,31303440.801242236,
20825706,native,38608685.2519084,
20824288,native,15246625.888217522,
20827675,native,35463445.0141844,
20824704,native,38015927.7368421,
20827253,native,38458363.77099237,
20827394,native,28473849.74857143,
20828951,native,33394525.67948718,
20824394,native,51079802.0,
20826456,native,54527641.838709675,
20824019,native,39625718.54285714,
20825659,native,43820155.6460177,
20827206,native,38585459.333333336,
20828894,native,29306943.880681816,
20824523,native,39291400.18115942,
20825519,native,16807338.566153847,
20827487,native,65119024.2375,
20828987,native,37932013.6,
20824206,native,47531826.30555555,
20829269,native,42135900.86776859,
20826644,native,73898323.77941176,
20826913,native,51415416.33,
20825636,native,32714357.6484375,
20826832,native,37232957.015384614,
20828695,native,31052011.815068495,
20827301,native,42935124.516949154,
20824113,native,40582919.19847328,
20826363,native,45604126.20388349,
20825895,native,26921576.21637427,
20827582,native,36983418.90225564,
20827113,native,47633796.20792079,
20827348,native,52412486.36666667,
20824582,native,38862503.65873016,
20826374,native,41390431.86666667,
20827770,native,38927112.347826086,
20829158,native,8114362.27072758,
20827230,native,47140496.42,
20825801,native,40292579.34710744,
20827020,native,42879784.68468469,
20828941,native,36487066.358778626,
20824770,native,44056422.487804875,
20829082,native,46699076.33018868,
20826398,native,45102218.594339624,
20825660,native,14321073.844067797,
20824676,native,65827749.15789474,
20828520,native,37672405.03623188,
20825707,native,40814422.61788618,
20826270,native,37154248.72463768,
20824629,native,61347142.01234568,
20827254,native,33997209.5890411,
20824705,native,30350687.09090909,
20824289,native,69899319.76056337,
20827676,native,36524571.54285714,
20824488,native,40212771.78518519,
20828952,native,34339973.30821918,
20824395,native,43974526.946902655,
20826457,native,40272101.624,
20827395,native,44599448.094827585,
20824020,native,34603725.56164384,
20824524,native,28900408.670588236,
20825520,native,39593462.31355932,
20827488,native,34517838.02898551,
20827207,native,29490259.317919075,
20828895,native,31498890.484662578,
20824207,native,43404384.5,
20828988,native,46004421.20909091,
20829270,native,40604071.93495935,
20826645,native,38124489.47619048,
20826914,native,40323469.272,
20825637,native,49504773.6407767,
20826833,native,31035213.220238097,
20824114,native,30865749.062111802,
20826364,native,55314143.68181818,
20828696,native,22849510.730434783,
20827349,native,35198841.2,
20827302,native,29111614.322404373,
20827583,native,37904595.71111111,
20825896,native,42729472.54471545,
20827114,native,35023862.2027027,
20826375,native,44230136.96460177,
20824583,native,52087164.469387755,
20827771,native,26900091.560209423,
20827231,native,30442311.24117647,
20825708,native,42015317.43809524,
20828942,native,32261206.562091503,
20829159,native,43601827.75833333,
20825802,native,35001488.29054054,
20827677,native,38049187.14049587,
20826399,native,45415518.07079646,
20827021,native,51238906.25242718,
20829083,native,49768362.79611651,
20824771,native,41893102.29365079,
20824677,native,35783326.80689655,
20828521,native,41618000.1300813,
20827255,native,33853357.245033115,
20826458,native,32622796.90410959,
20824489,native,31279988.79113924,
20824706,native,42967789.66949152,
20824290,native,42082346.62809917,
20824630,native,38623144.933823526,
20827396,native,41727842.22608696,
20826271,native,64755460.79487179,
20828953,native,50142692.82,
20825661,native,79308221.04285714,
20824525,native,12863450.625641026,
20827208,native,54910085.511627905,
20827489,native,53425908.8,
20824396,native,49864946.20388349,
20828896,native,41285449.07079646,
20824021,native,49069099.06603774,
20824208,native,58395832.0,
20828989,native,33914201.74125874,
20829271,native,29471986.298136648,
20825521,native,77686348.55714285,
20826915,native,30709715.85,
20826646,native,34620331.66438356,
20825638,native,36773500.35,
20824115,native,16917044.39,
20827303,native,29890586.726708073,
20826834,native,36814469.48529412,
20826365,native,25571707.57070707,
20825897,native,33899710.731884055,
20827115,native,31448843.794871796,
20828697,native,74053675.95454545,
20827772,native,28278755.939759035,
20826376,native,40052129.79338843,
20827584,native,44025453.016949154,
20824584,native,34103956.62162162,
20827350,native,42132579.11278196,
20825709,native,46184423.41904762,
20827232,native,41551671.99166667,
20828943,native,51500502.75510204,
20829160,native,30095827.356725145,
20828522,native,59159336.881578945,
20829084,native,31240931.65625,
20825803,native,53304393.47,
20827022,native,22319992.075,
20824678,native,42843242.90677966,
20827678,native,42889985.23577236,
20824490,native,42733117.06034483,
20827397,native,47377745.514563106,
20826400,native,44008013.16260163,
20826459,native,44511326.573913045,
20824291,native,36507312.428571425,
20827256,native,51348352.27,
20824631,native,36449065.5,
20824772,native,39369339.326241136,
20826272,native,32411672.60625,
20824707,native,32640497.931677017,
20827209,native,33058695.583333332,
20824397,native,38218174.5112782,
20825662,native,42488194.219512194,
20828897,native,49777404.53465346,
20828954,native,34948411.757763974,
20827490,native,36758300.38410596,
20824022,native,40972973.09929078,
20828990,native,42049504.57692308,
20826916,native,52701820.67368421,
20824526,native,83590067.4923077,
20829272,native,69432987.57894737,
20824209,native,35577977.79141104,
20825522,native,33941320.161490686,
20826647,native,35765266.134615384,
20825639,native,39034978.155555554,
20825734,native,34560032.5648855,
20826531,native,44269160.366336636,
20826835,native,32667283.3630137,
20827116,native,13084163.873315364,
20825898,native,55580860.97727273,
20827773,native,31225171.17647059,
20828698,native,29627675.582822084,
20824116,native,70441518.97183098,
20826377,native,34751115.39716312,
20824585,native,30682752.120253164,
20827585,native,30665477.128834356,
20825710,native,11500073.521939954,
20826484,native,34874839.98648649,
20827421,native,30056958.3,
20827233,native,35635327.60273973,
20829161,native,55450128.35555556,
20828523,native,40597838.08130081,
20825804,native,16843174.12371134,
20829085,native,28603093.91573034,
20824491,native,30061113.98159509,
20826401,native,34035782.57446808,
20824632,native,50434468.64444444,
20827679,native,31142948.891566265,
20826460,native,46449852.86792453,
20825546,native,40164150.61061947,
20827398,native,55966351.406593405,
20824679,native,53425588.74489796,
20824708,native,18684678.548148148,
20826273,native,44336871.44144144,
20824773,native,36681277.11764706,
20827023,native,70914328.43835616,
20824292,native,39836552.93076923,
20824503,native,59531434.61627907,
20828898,native,26477766.1827957,
20826413,native,39752681.272,
20828955,native,36995240.640625,
20824398,native,51676306.34375,
20827491,native,20892985.658436213,
20824210,native,46367703.48421053,
20826648,native,40010566.08737864,
20824023,native,36002005.02173913,
20824527,native,30918477.05,
20828991,native,38131442.59398496,
20829273,native,29665872.611764707,
20826917,native,43981621.95652174,
20825523,native,33036545.01935484,
20826953,native,28438600.443243243,
20826836,native,8494495.638655461,
20825735,native,31496920.87878788,
20825899,native,39508966.182608694,
20826532,native,49628305.36792453,
20828699,native,35054356.36170213,
20827774,native,32425512.232258063,
20826378,native,28882375.19883041,
20824117,native,35633879.39285714,
20827117,native,71451250.16901408,
20824586,native,42178004.34146342,
20827586,native,27375397.75897436,
20827515,native,29805222.052941177,
20827422,native,39904007.7578125,
20828524,native,34770987.58219178,
20829086,native,42516185.655172415,
20826485,native,47871449.300884955,
20825711,native,83666468.06153846,
20825805,native,76019361.71212122,
20824492,native,29567711.194117647,
20829162,native,34809036.333333336,
20825547,native,25270779.323076922,
20824293,native,54057330.575,
20826274,native,27880349.587878786,
20826402,native,43126074.36,
20824633,native,35983670.470198676,
20826461,native,32139230.629139073,
20828956,native,29817013.42580645,
20826414,native,35723507.80916031,
20824774,native,40056871.53333333,
20827024,native,30655974.52795031,
20824680,native,42280750.00847457,
20824504,native,39037932.21428572,
20827680,native,44672438.25,
20827492,native,52924089.53763441,
20824709,native,59368210.28915662,
20826649,native,40943898.89830509,
20824399,native,36982417.35460993,
20827399,native,45058154.80508474,
20828899,native,51115773.346534654,
20828992,native,40951393.85344828,
20824211,native,41148530.952380955,
20824528,native,33935280.62068965,
20824024,native,47850021.23584906,
20825524,native,34116708.55862069,
20826918,native,25761460.34,
20829274,native,35821056.37820513,
20826954,native,33107353.225,
20825736,native,20494955.857777778,
20825900,native,35109265.98571429,
20824118,native,39608083.55932204,
20826837,native,71764046.95714286,
20826533,native,44758058.380530976,
20828700,native,29383704.805882353,
20827775,native,32807937.37419355,
20826379,native,55952485.05263158,
20827118,native,41611739.592,
20827587,native,45593042.194690265,
20824587,native,33047532.56441718,
20828525,native,42100374.827586204,
20826486,native,46652735.99074074,
20827423,native,32789561.512658227,
20829087,native,17830876.51202749,
20824493,native,36823691.2867647,
20827516,native,28559676.994736843,
20829163,native,33625856.10666667,
20825806,native,42884694.3553719,
20825712,native,45132372.43965517,
20825548,native,59271101.011627905,
20824634,native,42694094.96666667,
20828957,native,38641063.092307694,
20824294,native,38907424.933823526,
20826275,native,48282007.6036036,
20826462,native,41272960.078125,
20824505,native,10669197.309623431,
20826403,native,39339843.77142857,
20824212,native,41922132.925925925,
20826415,native,41959284.28455284,
20824775,native,38907283.766917296,
20824681,native,39794947.70229007,
20827025,native,54682506.875,
20826650,native,29896972.96491228,
20824710,native,37035874.95714286,
20827493,native,52387421.45918367,
20825525,native,23173717.182266008,
20827681,native,61473132.86363637,
20827400,native,35605117.027027026,
20828900,native,8978924.342372881,
20828993,native,12558535.437054632,
20824025,native,29551232.420454547,
20824400,native,61848682.12790698,
20824529,native,34708629.921568625,
20829275,native,42166706.41322314,
20826919,native,51941559.893203884,
20826955,native,30022337.205298014,
20827776,native,14439367.971731449,
20825737,native,70672288.64788732,
20824119,native,33322543.13970588,
20826534,native,29678819.322981365,
20825901,native,55941113.84090909,
20826838,native,39097509.984375,
20828701,native,36019413.294117644,
20826380,native,36058401.13970588,
20827119,native,30636607.13043478,
20827517,native,33059545.21875,
20827588,native,27312728.016666666,
20829088,native,51702838.04545455,
20824494,native,29290321.751552794,
20828526,native,32570675.2,
20824588,native,41110512.952380955,
20826487,native,35526726.08571429,
20827424,native,34591967.820689656,
20825549,native,47723690.694736846,
20829164,native,43448706.49565218,
20825807,native,45125935.86111111,
20825713,native,36259492.84246575,
20824635,native,34723236.73758865,
20828958,native,29708577.94047619,
20824295,native,23220829.572727274,
20826276,native,23127084.348837208,
20826463,native,36881523.2481203,
20826416,native,38733278.479674794,
20824682,native,13046373.986595174,
20824776,native,26256586.893617023,
20824213,native,28353544.46590909,
20824711,native,34340169.64705882,
20826404,native,52356838.25263158,
20824506,native,52673188.336842105,
20827026,native,50783957.08,
20827682,native,40621703.38333333,
20826651,native,65363808.4868421,
20827494,native,33522196.80794702,
20828901,native,64579835.32394366,
20825526,native,56784175.21590909,
20827401,native,44596046.5045045,
20824530,native,39156031.8828125,
20824026,native,43570129.30508474,
20824401,native,61378751.3,
20828994,native,63158729.16049383,
20829276,native,56319735.42045455,
20826920,native,51475382.89473684,
20826956,native,32345934.15068493,
20825902,native,20339366.23222749,
20827777,native,42442741.422413796,
20825738,native,35166201.24657534,
20824120,native,30076859.505681816,
20826535,native,39619463.23664122,
20826839,native,39210689.192307696,
20828702,native,43674908.252173916,
20827518,native,19409681.54347826,
20827120,native,38567454.97794118,
20824495,native,19689911.227091633,
20826381,native,59510118.406593405,
20827589,native,31870810.703030303,
20828527,native,49972663.41,
20826488,native,44852428.50442478,
20825550,native,28145083.061797753,
20829089,native,33248505.079754602,
20828959,native,26684718.16374269,
20825808,native,31522270.175,
20825714,native,41460224.53448276,
20826277,native,52552392.975903615,
20829165,native,35025933.02666666,
20824636,native,48258208.425742574,
20824296,native,57789225.5125,
20824589,native,27793902.018957347,
20826405,native,38646738.68644068,
20824507,native,38758845.788135596,
20826417,native,25247902.96923077,
20827425,native,53736443.67619047,
20827683,native,48627097.25274725,
20826464,native,40764923.54471545,
20824683,native,55935102.75,
20824214,native,33483194.506666668,
20827027,native,34466611.585185185,
20824777,native,61284517.240963854,
20824712,native,54159623.88421053,
20826652,native,34504628.321428575,
20827495,native,32744666.832258064,
20828902,native,46690816.723809525,
20825527,native,35910570.16428571,
20827402,native,40369190.69105691,
20824027,native,27435972.033707865,
20824531,native,31708505.849673204,
20824402,native,41728340.362068966,
20828995,native,43399113.876106195,
20829277,native,42281440.541666664,
20826921,native,42760818.5,
20826957,native,36011599.40559441,
20825903,native,50213657.302083336,
20827778,native,40211917.344,
20825739,native,53576478.48888889,
20828703,native,41956223.32743363,
20824121,native,32295215.478527606,
20826840,native,32526258.438709676,
20827519,native,32148990.602649007,
20826536,native,42100385.8699187,
20827121,native,55549051.72527473,
20824496,native,36254881.57857143,
20826489,native,45927300.518867925,
20827590,native,37949446.53793103,
20825551,native,64222255.21794872,
20826382,native,52848606.58095238,
20825715,native,38318556.877862595,
20825809,native,41263553.484126985,
20824637,native,36645094.294117644,
20828528,native,44071951.34126984,
20829166,native,35195903.23076923,
20828960,native,66757723.0,
20829090,native,51619203.36792453,
20824590,native,54923091.744444445,
20827426,native,8304844.441898527,
20824297,native,44980015.017699115,
20826278,native,50095101.25,
20826418,native,58345115.14117647,
20826406,native,37254133.326241136,
20826653,native,41729884.567567565,
20826465,native,40419031.896825396,
20824215,native,37453546.97037037,
20824508,native,42041731.97619048,
20827496,native,35865391.6953125,
20827684,native,50466224.20952381,
20824684,native,58055537.166666664,
20824713,native,36113222.93478261,
20825528,native,33789765.61643836,
20827028,native,38685598.0137931,
20824778,native,42169135.870229006,
20828903,native,36085450.137931034,
20827403,native,39280378.88888889,
20828996,native,32343813.261437908,
20826922,native,29111907.66455696,
20824532,native,56513312.14444444,
20824028,native,37200296.114285715,
20824403,native,46743558.18018018,
20829278,native,37021502.347826086,
20826958,native,9661695.399563318,
20825904,native,58455061.3125,
20827779,native,26740381.96111111,
20825740,native,23893309.336363636,
20828704,native,30737319.04819277,
20826841,native,37098632.358778626,
20827520,native,35587650.442857146,
20824122,native,47529869.72072072,
20826537,native,38176343.55555555,
20827122,native,29568884.830409355,
20824497,native,35576165.0942029,
20826490,native,26409295.977142856,
20826383,native,38650953.198275864,
20825552,native,33222400.116438355,
20827591,native,30358191.220858894,
20825716,native,23670387.451923076,
20829167,native,33401277.454545453,
20824216,native,43129838.80612245,
20826654,native,17906167.137931034,
20824591,native,32418102.470588237,
20829091,native,27734009.305555556,
20825810,native,77125858.16923077,
20824298,native,47373625.571428575,
20826419,native,51997091.23076923,
20827427,native,51678054.28125,
20824638,native,46660538.336283185,
20828961,native,39993667.0,
20828529,native,54265949.104166664,
20826407,native,32248651.39215686,
20826279,native,37581525.60150376,
20824685,native,13207049.730555555,
20824509,native,38156918.9921875,
20827685,native,46186744.943396226,
20827497,native,54270994.04444444,
20826466,native,70742440.52857143,
20824714,native,56607027.52325582,
20824779,native,32094191.16,
20827029,native,33523734.642384104,
20825529,native,41784622.375,
20828904,native,36866935.45714286,
20826923,native,33884922.821428575,
20827404,native,44903061.79130435,
20824029,native,17858717.93726937,
20824533,native,27578063.491803277,
20824404,native,50573109.8877551,
20828997,native,55204461.15789474,
20829279,native,32012846.948717948,
20825905,native,36397937.48760331,
20826959,native,51020260.2,
20827780,native,18777835.69402985,
20825741,native,51336297.32,
20826842,native,54123181.53488372,
20827521,native,35998365.79259259,
20824123,native,35822617.641221374,
20828705,native,42082387.82926829,
20826538,native,48536155.32380953,
20824498,native,30545969.24698795,
20827123,native,40738740.71428572,
20826491,native,63885858.0,
20826384,native,36928088.64335664,
20829168,native,30797569.083333332,
20825553,native,48999927.718446605,
20827592,native,27678793.123655915,
20828962,native,34454829.23809524,
20825717,native,46883230.50862069,
20824510,native,38890917.49137931,
20824217,native,45365709.69090909,
20824592,native,54609181.894117646,
20824686,native,49098026.44210526,
20828530,native,26434827.819148935,
20826280,native,69229953.54411764,
20826420,native,37206537.5648855,
20827428,native,47504064.14563107,
20824299,native,34258848.4527027,
20825811,native,63209501.2368421,
20826408,native,43692298.32743363,
20827498,native,34517564.326241136,
20824780,native,20674967.365957446,
20826655,native,63630013.166666664,
20824715,native,28414987.188571427,
20827686,native,45504374.45454545,
20826467,native,59450228.270588234,
20827030,native,30214295.08433735,
20824639,native,46108620.708333336,
20829280,native,31891059.83076923,
20829092,native,58410993.229166664,
20825530,native,54161555.91111111,
20826924,native,51592814.3125,
20824030,native,42116273.24347826,
20827405,native,49567288.551020406,
20828905,native,54469627.78494623,
20824534,native,41366167.516666666,
20828998,native,27433811.84574468,
20824405,native,35146954.08074534,
20825906,native,41569552.817391306,
20826960,native,38065516.27205882,
20827781,native,31102039.78125,
20827522,native,35227235.84210526,
20825742,native,46285305.49090909,
20826843,native,35019732.716216214,
20824124,native,34063905.446666665,
20826539,native,39180163.91869919,
20828706,native,54070603.56842105,
20827124,native,26406378.795698926,
20824499,native,34745376.365517244,
20827593,native,37652586.048780486,
20825554,native,25734265.492307693,
20826385,native,43505444.423728816,
20826492,native,43243335.76859504,
20829169,native,40507837.872,
20826421,native,34384265.865079366,
20825718,native,11965038.443418013,
20824687,native,15329701.816720257,
20828963,native,35867922.81333333,
20824300,native,10828622.195652174,
20824593,native,36992173.30434783,
20824511,native,52304531.59,
20824218,native,34345695.22875817,
20827429,native,38025428.47794118,
20827499,native,33099130.296774194,
20826409,native,30800441.15882353,
20824716,native,28811717.286516853,
20824640,native,37196403.15873016,
20826281,native,33616645.02484472,
20826656,native,61504905.87951807,
20827687,native,38616598.18518519,
20824781,native,45528698.93913043,
20825812,native,58857360.95698924,
20826468,native,57583491.83516484,
20827031,native,48161012.03703704,
20829281,native,49322473.485436894,
20825531,native,37083777.680851065,
20828531,native,52342293.577586204,
20826925,native,21967480.51260504,
20824031,native,31776996.919254657,
20828906,native,34057512.46,
20824535,native,34910560.8115942,
20829093,native,43337887.5,
20827406,native,43399889.46666667,
20828999,native,52574333.91836735,
20824406,native,46790702.63636363,
20825907,native,17977110.13043478,
20826961,native,56802690.4117647,
20827782,native,51096611.76699029,
20827523,native,41511051.416666664,
20826844,native,38048661.219512194,
20824125,native,51510517.908163264,
20828707,native,37164843.5037594,
20826540,native,37416473.14074074,
20825743,native,69593655.325,
20824500,native,23964759.985365853,
20827125,native,40858060.398373984,
20827594,native,31465285.40372671,
20826493,native,34700821.5942029,
20825555,native,48764691.51428571,
20826386,native,46493109.32727273,
20829170,native,46789042.083333336,
20826422,native,48096469.872727275,
20824688,native,64157871.5875,
20828964,native,34116596.089655176,
20826657,native,33790317.74814815,gas-used mismatch for 0x503b77cf800539153395ee92b4d965bffd5150bc5927821b431f0a90c2175400: expected 121752 found 56972
20827500,native,43604808.82857143,
20824512,native,27009956.56353591,
20824594,native,36595584.73529412,
20827430,native,35160063.816176474,
20824219,native,33296268.993377484,
20825719,native,62529831.058823526,
20824301,native,60833932.04819277,
20824641,native,40578052.65289256,
20826410,native,35398161.65,
20826282,native,42623462.49137931,
20824717,native,40899879.74166667,
20826469,native,14812501.871875,
20824782,native,32824787.28104575,
20825813,native,38927386.39230769,
20827688,native,45177209.18103448,
20827032,native,45878811.17142857,
20829094,native,30974938.815068495,
20829282,native,41532723.53333333,
20825532,native,36161272.6013986,
20828907,native,36627437.198529415,
20824536,native,43939624.32173913,
20826926,native,32507728.075949367,
20824032,native,62265891.85,
20828532,native,44237029.38842975,
20827407,native,57096535.11578947,
20824407,native,36442479.91428571,
20829000,native,43041853.05343512,
20825908,native,86272327.62295082,
20826962,native,39420102.080882356,
20827524,native,48883375.90625,
20826845,native,38951705.85714286,
20827783,native,59850704.65934066,
20825744,native,30230497.059602648,
20824126,native,34139576.51351351,
20828708,native,59900966.12345679,
20826541,native,39478322.38888889,
20824501,native,43466242.061946906,
20827595,native,30156164.93452381,
20827126,native,49356920.0,
20825556,native,15448955.856230032,
20826494,native,29663062.78857143,
20829171,native,35418589.71111111,
20826387,native,44292088.9537037,
20824642,native,33392739.076271188,
20828965,native,28667895.993939392,
20826423,native,32581629.836601306,
20826658,native,22321017.440366972,
20827431,native,54578426.57647059,
20827501,native,41248493.144067794,
20824513,native,27226996.388888888,
20824689,native,47400332.64545455,
20824595,native,40747310.9047619,
20824220,native,27243671.860215053,
20825720,native,37355548.278195485,
20824302,native,45171375.1,
20827689,native,37140749.266666666,
20826283,native,39624434.495934956,
20826411,native,59626970.481481485,
20824718,native,41221710.833333336,
20824783,native,37674252.515625,
20825814,native,33503068.45390071,
20826470,native,74281047.73846154,
20829095,native,43849210.127272725,
20827033,native,46451021.104761906,
20829283,native,30289327.4,
20828533,native,52214837.511627905,
20825533,native,29543729.444444444,
20824537,native,39733725.88617886,
20828908,native,45025214.45689655,
20826927,native,63049751.3875,
20824033,native,55349095.39784946,
20827408,native,41177301.227642275,
20829001,native,30297134.06626506,
20824408,native,7747328.984827586,
20825909,native,26726089.925,
20826963,native,44289061.88495575,
20827525,native,34073951.26896552,
20826846,native,31895888.49375,
20827784,native,34792931.84246575,
20825745,native,32899778.954838708,
20824127,native,50618783.697916664,
20826542,native,35226516.37671233,
20828709,native,41501167.21538462,
20824502,native,28155521.409836065,
20827596,native,24444070.942307692,
20824643,native,31458940.218543045,
20825557,native,70817101.9,
20827127,native,55618489.15789474,
20829172,native,37240006.01449275,
20826495,native,69092572.40789473,
20826388,native,28999899.45945946,
20827432,native,65508803.8630137,
20828966,native,38775890.368421055,
20826659,native,62188796.461538464,
20827502,native,32305338.955696203,
20824514,native,30255232.29411765,
20824221,native,38353105.66923077,
20826424,native,67581444.15789473,
20824719,native,37639209.389312975,
20826284,native,35985752.62411348,
20825721,native,38768192.44360902,
20824596,native,39970237.03968254,
20824690,native,34575789.11258278,
20824303,native,43581832.66949152,
20825815,native,36537801.9,
20824784,native,44057192.44067796,
20826471,native,44023641.12068965,
20826412,native,44983784.13333333,
20827034,native,54597640.25274725,
20829284,native,36366673.68115942,
20828534,native,20106947.085271318,
20827690,native,44635478.578947365,
20824538,native,42116984.89655172,
20829096,native,63965527.88235294,
20828909,native,15476382.629746836,
20825534,native,40367298.79365079,
20826928,native,42136504.672413796,
20824034,native,35357689.26241135,
20827409,native,38625742.13740458,
20829002,native,43279494.584070794,
20824409,native,79654821.70491803,
20826964,native,46722667.76699029,
20825910,native,56941596.23863637,
20827526,native,33465170.993150685,
20826847,native,36539515.42028985,
20827785,native,39784536.54135338,
20825746,native,39409926.222222224,
20826543,native,46476037.447916664,
20824128,native,36169664.557142854,
20828915,native,54305332.26373626,
20827597,native,35459769.95555556,
20827128,native,51025119.63529412,
20828710,native,46175234.35344828,
20824644,native,41488323.6446281,
20825558,native,26735861.591623038,
20829173,native,36094788.16312057,
20826496,native,40848034.37398374,
20827433,native,44523067.126126125,
20828967,native,37101048.879699245,
20826389,native,52374019.708333336,
20826660,native,63281039.345679015,
20827503,native,41408197.76422764,
20826859,native,61252699.270588234,
20825728,native,30152266.337748345,
20824222,native,43928416.82300885,
20825722,native,33720190.903448276,
20826285,native,39024736.53125,
20824720,native,36859414.152173914,
20826425,native,46663454.04545455,
20824691,native,40968056.23577236,
20824304,native,62351952.725,
20825816,native,40964155.61788618,
20824597,native,36051459.06896552,
20824785,native,25247936.726829268,
20827035,native,50237033.21052632,
20826472,native,52478991.89795918,
20826929,native,23205901.656716418,
20829285,native,40619679.58730159,
20829097,native,49628117.551020406,
20828535,native,55830889.06593407,
20825535,native,43602696.96551724,
20827691,native,46727712.10909091,
20827410,native,33531931.36296296,
20828910,native,48918815.428571425,
20824539,native,60177385.30681818,
20824035,native,33106227.99375,
20829003,native,48504397.73469388,
20824410,native,30434423.58235294,
20826965,native,33172416.8,
20827786,native,27915843.785714287,
20827527,native,36512773.58461539,
20825911,native,40876067.575,
20825747,native,36540072.951219514,
20824129,native,37997119.12931035,
20826848,native,36457024.15942029,
20826544,native,46641089.81818182,
20828711,native,29110404.166666668,
20827129,native,36911517.136,
20824645,native,39393738.04504505,
20828916,native,36225416.777777776,
20827598,native,33760575.65384615,
20825559,native,40868179.62711865,
20827609,native,28185153.608433735,
20829174,native,29165156.40350877,
20826497,native,19632135.1953125,
20826853,native,41634174.88983051,
20827434,native,57012901.67058823,
20826661,native,40973591.47413793,
20827504,native,33543591.251748253,
20824223,native,24817271.689473685,
20824305,native,37842608.5,
20825729,native,52676288.05494505,
20824692,native,50454145.96875,
20826426,native,40840667.49586777,
20826860,native,39223789.45112782,
20825817,native,30881311.633540373,
20825723,native,54703981.08421053,
20827036,native,66517248.36764706,
20824786,native,15009825.73939394,
20824598,native,27974065.467741936,
20826286,native,54598195.610526316,
20824721,native,63690851.6375,
20828536,native,38917409.02586207,
20829286,native,50388224.010526314,
20826473,native,42264066.855932206,
20826930,native,31103693.71165644,
20829098,native,52232666.916666664,
20827411,native,43263657.069565214,
20825536,native,45958882.99099099,
20828911,native,52714333.957894735,
20824540,native,30929268.57142857,
20827692,native,61195885.823529415,
20829004,native,34557647.93103448,
20824036,native,41292649.60869565,
20824411,native,44718485.53333333,
20826966,native,33556436.02,
20824130,native,48953874.87654321,
20827528,native,19825949.56704981,
20825912,native,38140925.15602837,
20827787,native,68975879.30666667,
20825748,native,50606114.70754717,
20826849,native,42099581.90625,
20826545,native,36652880.35714286,
20827130,native,24558679.025,
20828712,native,36922244.45652174,
20828917,native,26372496.12755102,
20824646,native,40328636.723076925,
20827599,native,32046093.717791412,
20829175,native,37126874.585185185,
20825560,native,55582710.38613861,
20827505,native,22396322.03167421,
20826498,native,56437915.844444446,
20827435,native,37990687.6617647,
20827610,native,49451000.36111111,
20824306,native,7678.214016974363,
20826662,native,38730666.74285714,
20824224,native,33962370.52666666,
20826854,native,47547607.669565216,
20825730,native,36989430.830882356,
20824722,native,26024292.520467836,
20825818,native,37683466.515625,
20826861,native,40031792.80487805,
20825724,native,26008502.141361255,
20826931,native,30115128.62837838,
20827037,native,37317763.566176474,
20824693,native,46017324.68103448,
20826427,native,36894274.283783786,
20828537,native,36461074.62962963,
20824599,native,58209909.52941176,
20827412,native,39712937.03603604,
20829287,native,46930928.88679245,
20826474,native,46997347.66981132,
20824787,native,92483061.01818182,
20829099,native,27793740.443181816,
20826287,native,33776880.702380955,
20825537,native,40681050.52892562,
20828912,native,37705626.19847328,
20827693,native,45831728.594339624,
20824541,native,11083771.605150215,
20824037,native,49913768.152941175,
20829005,native,34477561.05263158,
20824412,native,19451672.80912863,
20826967,native,21110846.40677966,
20827529,native,39107389.17460317,
20825749,native,39990343.556603774,
20824131,native,55476514.989795916,
20825913,native,38779461.78625954,
20827788,native,26394763.336787567,
20826850,native,40953750.112068966,
20826546,native,42002453.53448276,
20827131,native,48504652.53333333,
20828713,native,35937026.125874124,
20824647,native,24198246.875,
20828918,native,57549570.729411766,
20827600,native,33550911.066666666,
20827611,native,29032056.44516129,
20825561,native,10502603.512295082,
20826499,native,37834968.74045801,
20829176,native,49898244.49504951,
20827506,native,65147227.666666664,
20824225,native,40962480.90909091,
20824723,native,40566511.0338983,
20827436,native,44172926.152542375,
20825725,native,32444414.462068964,
20827038,native,37062358.525,
20826663,native,52969372.833333336,
20826855,native,38961221.366412215,
20825731,native,60158807.988372095,
20825819,native,28180409.594444446,
20826862,native,44854495.576576576,
20824307,native,77038983.94117647,
20828538,native,41141907.094827585,
20824694,native,37265885.07092199,
20824788,native,26583972.724324323,
20824600,native,35263216.64827586,
20826932,native,34550353.3607595,
20826475,native,37261906.25185185,
20829288,native,27128512.310526315,
20827413,native,56227773.89247312,
20825538,native,9480146.252747253,
20826428,native,25964367.251121078,
20827694,native,33723739.30463576,
20826288,native,48876168.66037736,
20828913,native,37599878.5,
20829100,native,31819515.664864864,
20824038,native,52161410.217821784,
20824542,native,74065084.0,
20829006,native,46306273.53043478,
20824413,native,40228761.5625,
20826968,native,22354161.86511628,
20827530,native,31291041.435897436,
20827789,native,18751858.028225806,
20825750,native,31318683.0,
20825914,native,47854384.59047619,
20826851,native,27467174.89759036,
20824132,native,38495535.45185185,
20826547,native,36737681.144,
20828714,native,35163197.53900709,
20827132,native,35167757.76551724,
20824648,native,50034883.46236559,
20828919,native,37315383.384615384,
20827601,native,27246519.016666666,
20827612,native,23134758.901408453,
20829177,native,29886496.837349396,
20826500,native,44547807.76271187,
20827507,native,41211858.08130081,
20825562,native,79958817.13846155,
20824226,native,16295249.509433962,
20825732,native,60297891.73076923,
20827039,native,46814225.8,
20826856,native,33288216.546666667,
20827437,native,32489290.20245399,
20826863,native,28988138.994219653,
20826664,native,48908982.99056604,
20828539,native,47775924.52040816,
20824308,native,54979668.125,
20825726,native,70799485.06578948,
20824724,native,49076650.973451324,
20825820,native,75300657.60294117,
20824601,native,57140639.28235294,
20824695,native,36680472.14705882,
20826476,native,25208399.285714287,
20827414,native,40273932.21487603,
20824789,native,36758901.551724136,
20829289,native,52073003.020833336,
20826933,native,50873086.97272728,
20826289,native,28806148.44,
20826429,native,67925025.97260274,
20825539,native,83172357.38333334,
20828914,native,42966717.88333333,
20829101,native,55999461.96666667,
20824039,native,33765628.324324325,
20827695,native,36840257.08,
20824543,native,19275274.992753625,
20829007,native,53183964.6344086,
20824414,native,48579203.973451324,
20825751,native,39470585.984126985,
20826969,native,60331344.692307696,
20827531,native,36459302.41216216,
20825915,native,38501506.69465649,
20827790,native,47969821.33913043,
20824133,native,34756194.538461536,
20826852,native,42205698.79338843,
20826548,native,33937586.2260274,
20828715,native,38561845.8,
20828920,native,43307715.28571428,
20827133,native,35118308.09558824,
20827602,native,19529993.90225564,
20824649,native,57255211.3877551,
20829178,native,44097776.089108914,
20826501,native,34887369.68595041,
20827613,native,41672535.10569106,
20825733,native,34433412.45864662,
20825563,native,57126828.86363637,
20827438,native,68083878.86363636,
20827508,native,36964741.573426574,
20827040,native,29377660.756906077,
20824227,native,68639188.42307693,
20826857,native,48850973.56481481,
20825821,native,35160351.558823526,
20828540,native,31261011.722891565,
20826665,native,34072305.69032258,
20827415,native,18713954.106719367,
20826864,native,55450072.48421053,
20824725,native,42158839.78571428,
20824309,native,39879278.29710145,
20824602,native,39340870.34074074,
20824790,native,52913506.333333336,
20826477,native,38060131.78571428,
20829290,native,34316114.0,
20826290,native,36471607.223076925,
20825727,native,36460625.557575755,
20826934,native,33815085.0890411,
20824696,native,66608917.51136363,
20824040,native,13581385.394179894,
20826430,native,61553699.39506173,
20828593,native,38867397.94656488,
20829102,native,41712483.36585366,
20824544,native,28578088.374269005,
20829008,native,38027802.496,
20827696,native,50545409.67961165,
20825540,native,58658930.12222222,
20824415,native,22606862.786363635,
20827532,native,46998835.284210525,
20827538,native,31885902.68382353,
20826970,native,30441625.392638035,
20825916,native,31757364.807692308,
20825752,native,40385272.2556391,
20827791,native,32170650.16993464,
20824134,native,13772452.7075718,
20826549,native,38280715.4609375,
20827134,native,32239935.313333333,
20828716,native,52494727.17821782,
20826502,native,48436829.95454545,
20829179,native,35312957.4,
20827614,native,19216091.545454547,
20825125,native,97452794.21311475,
20824650,native,52626232.591836736,
20825564,native,36479543.703125,
20827509,native,46406418.297029704,
20827603,native,89017774.01538461,
20829015,native,48772593.21238938,
20826858,native,9343114.577142857,
20827041,native,40522830.35714286,
20828541,native,53263360.451612905,
20824228,native,40700520.65079365,
20827439,native,43826808.688,
20824310,native,46110962.98058253,
20827416,native,71791034.29230769,
20825822,native,39266351.76086956,
20826666,native,48254514.08108108,
20826865,native,45076032.076271184,
20824726,native,49680460.679245286,
20824791,native,34045399.69594595,
20826291,native,62774709.90789474,
20824603,native,35590913.68275862,
20826478,native,47668128.6509434,
20826431,native,36866432.418439716,
20826935,native,42557074.53719008,
20829291,native,46373028.279661015,
20829009,native,20629936.151376147,
20829103,native,32457378.055172414,
20824697,native,49876900.495238096,
20827444,native,43997866.57522124,
20824545,native,64907668.03947368,
20827697,native,13010545.93164557,
20828594,native,38866962.63043478,
20824041,native,69859996.05333333,
20825541,native,40383705.936,
20824416,native,22088602.162303664,
20826971,native,42915674.97087379,
20825753,native,9708775.015521064,
20827539,native,21797053.206008583,
20827533,native,35965912.23076923,
20827792,native,22094730.40465116,
20825917,native,58815678.63529412,
20824135,native,46892725.75925926,
20826503,native,42889024.06451613,
20827135,native,31674708.09202454,
20826550,native,51172882.104761906,
20828717,native,27328503.005524863,
20829180,native,35780914.176470585,
20827615,native,38429936.50793651,
20824651,native,18422738.2556391,
20825126,native,37782534.624060154,
20827042,native,36620870.551724136,
20825565,native,37314747.134751774,
20827604,native,34985951.9020979,
20827703,native,40238783.274336286,
20827510,native,67517009.65753424,
20829016,native,43764524.518181816,
20827440,native,30506952.439759035,
20824311,native,42322021.36440678,
20825823,native,42178351.654867254,
20826479,native,38940863.91304348,
20827417,native,48852602.33980583,
20828542,native,55579794.94623656,
20826866,native,29726594.20238095,
20824727,native,28958209.552941177,
20824229,native,37496668.31034483,
20829104,native,28095933.9,
20824604,native,33980971.20979021,
20826667,native,59592582.50588235,
20826292,native,70530950.64615385,
20824792,native,32781411.974358976,
20829010,native,35589717.6870229,
20826432,native,37274971.22900763,
20826936,native,38234482.46031746,
20827445,native,40165031.38333333,
20824698,native,53687773.5,
20824042,native,27074203.93989071,
20827698,native,55006798.04444444,
20824546,native,50948461.98,
20828595,native,43220016.59322034,
20829292,native,56003427.81,
20825542,native,28670933.262295082,
20824417,native,76747728.53968254,
20827534,native,23237297.143589742,
20827540,native,36613080.19847328,
20826972,native,31904382.87647059,
20827793,native,48168588.59405941,
20825754,native,59544613.42045455,
20824136,native,53815710.09210526,
20825918,native,93919754.7254902,
20826504,native,56037684.87777778,
20828718,native,55014677.45454545,
20827136,native,47046271.73275862,
20826551,native,47376596.930434786,
20827616,native,42944386.948275864,
20829181,native,44244008.78512397,
20827704,native,22768407.426229507,
20825127,native,39417629.333333336,
20824652,native,67546000.4520548,
20827511,native,37811449.392,
20827605,native,38122189.448,
20827418,native,39434920.93877551,
20829017,native,41588735.132743366,
20825566,native,35145060.43835616,
20827043,native,26496769.041666668,
20827441,native,70251107.51470588,
20824312,native,45431468.952380955,
20824728,native,47476175.01136363,
20824605,native,45592855.97959184,
20825824,native,38341546.333333336,
20826867,native,43806712.448275864,
20828543,native,53240714.948979594,
20824230,native,36609738.77037037,
20824793,native,32957595.096551724,
20829105,native,49208643.3877551,
20829011,native,40118255.05833333,
20826293,native,56522325.45783132,
20826480,native,52841538.58947369,
20826668,native,29885792.42857143,
20826433,native,53425378.385416664,
20826937,native,83413048.76666667,
20827446,native,25878560.884210527,
20824547,native,16596857.720689654,
20825543,native,48947847.34065934,
20824699,native,39142071.10526316,
20829293,native,36113583.09022556,
20827699,native,41705712.63333333,
20828596,native,35191792.77142857,
20824043,native,39601199.484615386,
20824418,native,34603764.63513514,
20827535,native,54897193.52222222,
20826973,native,21688617.260869566,
20827541,native,37377846.58695652,
20827794,native,33094352.419354837,
20825919,native,50394812.623655915,
20825755,native,69957316.90410958,
20824137,native,39237997.22900763,
20826505,native,44621106.78095238,
20827617,native,32763210.5,
20828719,native,31821804.093167704,
20827137,native,37971430.885496184,
20826552,native,25212819.244897958,
20829182,native,31610583.254658386,
20824653,native,30506661.12121212,
20827705,native,59623338.54117647,
20825128,native,29275337.35,
20827512,native,31095506.826086957,
20827606,native,33843873.29139073,
20829018,native,42639445.8220339,
20827419,native,38185539.325925924,
20825567,native,29920744.53038674,
20827044,native,48499408.333333336,
20827442,native,45724458.7027027,
20824313,native,45386001.930434786,
20824729,native,38252537.441176474,
20824606,native,37542969.74074074,
20825825,native,47012819.08490566,
20826868,native,15223590.926035503,
20829106,native,26964304.822580647,
20829012,native,58729928.55421687,
20824794,native,37982720.234042555,
20826481,native,30857248.970238097,
20826294,native,32600710.21875,
20824231,native,44428261.861788616,
20826669,native,41245231.512,
20826938,native,40100911.68595041,
20828544,native,46451190.888,
20826434,native,46436812.41739131,
20827447,native,82774527.92063493,
20824044,native,24521966.883838385,
20824700,native,38390971.33846154,
20827700,native,30609831.9689441,
20825544,native,54156819.25,
20824548,native,71709057.52112676,
20829294,native,36381125.26950355,
20828597,native,40525099.85714286,
20824419,native,38601582.366412215,
20826974,native,45836158.19417476,
20827536,native,29790104.485549133,
20827542,native,27982368.171270717,
20825920,native,32238665.115942027,
20827795,native,51684999.07777778,
20824138,native,36410636.2,
20825756,native,36333045.19847328,
20826506,native,39308895.1300813,
20828720,native,29887243.405228756,
20827618,native,39611634.4453125,
20826553,native,64671598.788732395,
20827138,native,38374857.051851854,
20825129,native,41287859.13636363,
20829183,native,45453398.06363636,
20827706,native,42540458.155172415,
20824654,native,34158976.833333336,
20827513,native,33213720.066666666,
20827607,native,33132787.264900662,
20827420,native,42549042.016666666,
20829019,native,32311642.613496933,
20827443,native,31484671.493150685,
20825568,native,34412406.384615384,
20824730,native,33144782.643835615,
20824314,native,33196124.183006536,
20827045,native,44201927.39830509,
20829107,native,50257296.77894737,
20824607,native,36552942.44755245,
20829013,native,32756875.649006624,
20825826,native,43295907.858333334,
20826670,native,30183174.75949367,
20826295,native,68297300.7260274,
20826869,native,75718949.85294117,
20826482,native,31592275.843373492,
20824232,native,47132176.9245283,
20824795,native,14496071.504043126,
20826939,native,43146256.855932206,
20827448,native,30858913.467948716,
20826435,native,40352233.05691057,
20828545,native,46499558.50909091,
20827701,native,38762275.99236641,
20825545,native,41457543.71666667,
20829295,native,42964966.56034483,
20824701,native,52763460.969387755,
20824549,native,37034982.13768116,
20824045,native,42261138.333333336,
20828598,native,26119670.855,
20824420,native,65289105.45,
20827537,native,28524482.713483147,
20827543,native,31038764.50625,
20827796,native,43450067.39814815,
20826975,native,41471332.77099237,
20825757,native,37911440.36153846,
20825921,native,36837281.83561644,
20824139,native,14927497.353932584,
20826507,native,49422392.17475728,
20828721,native,25259893.163265307,
20826554,native,28920659.00613497,
20827619,native,37683490.35714286,
20827139,native,45563930.477876104,
20825130,native,37854451.39230769,
20829184,native,27865492.459016394,
20827707,native,32256099.582781456,
20824655,native,51149573.27,
20827514,native,29024372.466292135,
20827046,native,39361919.90082645,
20827608,native,38266075.957446806,
20825569,native,53151106.56043956,
20824731,native,25156794.57948718,
20829020,native,33233756.5,
20824315,native,36823151.15789474,
20828640,native,31169040.664705884,
20829108,native,52963464.80645161,
20824140,native,58354897.68888889,
20829014,native,30579859.98159509,
20826671,native,39364640.227642275,
20825827,native,39286308.5234375,
20824608,native,43517446.40869565,
20826870,native,30739910.801242236,
20826436,native,55018821.575,
20826940,native,47755815.33009709,
20824233,native,41791139.26446281,
20828546,native,33158386.54054054,
20826296,native,66107183.44871795,
20826483,native,79478403.52307692,
20827449,native,48007318.38679245,
20824796,native,72951653.08450705,
20824550,native,43863973.74074074,
20824046,native,64845534.126760565,
20829296,native,31375877.875,
20827702,native,38499525.29007634,
20824937,native,31581498.43030303,
20824702,native,48032855.372727275,
20828599,native,69734153.97260274,
20824421,native,42634246.45945946,
20826976,native,38178025.10569106,
20827140,native,35375567.94482759,
20827544,native,43215315.1779661,
20827797,native,34858190.52054795,
20825922,native,43539693.056603774,
20825758,native,33567480.5882353,
20827163,native,40390339.55555555,
20826555,native,41734649.633663364,
20826508,native,34010596.96129032,
20828722,native,60842021.61176471,
20827620,native,35352455.38356164,
20827708,native,21473220.146788992,
20824843,native,39942134.504,
20825131,native,38579139.22962963,
20829185,native,53036384.22448979,
20826882,native,34502447.22972973,
20827047,native,49649631.68,
20828663,native,17623612.64604811,
20825570,native,10507237.739754098,
20829021,native,37692754.45801527,
20826519,native,40016325.08783784,
20824316,native,44276646.3362069,
20828641,native,58094829.83950617,
20824732,native,63653954.086419754,
20824141,native,43333236.62962963,
20829109,native,27725273.444444444,
20825769,native,7970165.203125,
20828781,native,28397404.923497267,
20825828,native,47898899.02857143,
20824444,native,43125181.99166667,
20826871,native,35289718.74125874,
20824234,native,32612237.97385621,
20826941,native,35589445.55319149,
20828547,native,43727597.18518519,
20826672,native,55458817.20792079,
20826876,native,32384685.337837838,
20824797,native,48207968.19387755,
20827450,native,32806034.58108108,
20824047,native,44800003.93396226,
20826297,native,53921485.5625,
20828616,native,42171004.31896552,
20824938,native,52074472.93406593,
20824551,native,32272637.608695652,
20829297,native,45418985.443478264,
20828600,native,55805075.77906977,
20824432,native,65462943.53947368,
20825923,native,18696955.418181818,
20827141,native,37435590.70434783,
20827545,native,36219821.21428572,
20827798,native,9224861.354651162,
20826977,native,34900399.042553194,
20824422,native,46510028.83783784,
20825759,native,37081287.47692308,
20827164,native,57822695.705882356,
20826556,native,31561094.128205128,
20826509,native,50372072.64444444,
20828723,native,18751192.87984496,
20827621,native,32821072.185430463,
20827709,native,63028634.2,
20825132,native,34232159.47260274,
20824844,native,52420245.70408163,
20826883,native,48897333.42,
20829186,native,34010928.897435896,
20827048,native,33435558.020547945,
20828664,native,20566857.12345679,
20829022,native,32670958.860927153,
20825571,native,26876263.28723404,
20826520,native,44090236.19130435,
20824317,native,42708511.983050846,
20824733,native,19892546.56640625,
20828642,native,41523884.18699187,
20829110,native,54144538.72631579,
20825829,native,53216018.05555555,
20824142,native,66140974.67901234,
20828782,native,36028052.44927536,
20825770,native,77095574.81818181,
20824445,native,36227005.10869565,
20826872,native,43244712.387931034,
20826942,native,19199021.319391634,
20824798,native,32035795.386666667,
20824235,native,37205819.60869565,
20826877,native,35309167.36363637,
20826673,native,40090170.42063492,
20828548,native,44608738.00833333,
20824048,native,32472807.221518986,
20824939,native,27867555.817679558,
20828617,native,40170802.76,
20826298,native,49260002.60377359,
20827451,native,48375378.60869565,
20829298,native,41815717.11304348,
20824552,native,44616185.618644066,
20828601,native,17330959.850847457,
20824433,native,37382043.0,
20826978,native,29263313.583333332,
20825924,native,71537171.66197184,
20827142,native,40766065.625,
20827546,native,38138169.669117644,
20827799,native,71042198.21917808,
20824423,native,54687013.77419355,
20825760,native,46182415.45045045,
20826510,native,35184229.95804196,
20826557,native,34000892.85620915,
20827165,native,43567195.608,
20828724,native,47646472.99074074,
20825133,native,55723033.3625,
20827622,native,27593256.676923078,
20824845,native,33954765.9109589,
20827710,native,25268827.101941746,
20829187,native,42676288.89090909,
20826884,native,32399112.633986928,
20827049,native,25934852.76165803,
20824143,native,39468767.106796116,
20828665,native,63626022.18666667,
20824734,native,41205602.04310345,
20826521,native,44449881.41818182,
20828643,native,34573836.66206896,
20824318,native,48795923.44761905,
20829111,native,55008695.14772727,
20829023,native,69764129.40845071,
20825572,native,81112348.32786885,
20826943,native,64217396.23076923,
20826873,native,47023080.78571428,
20828783,native,32445107.51633987,
20825830,native,17789207.882550336,
20825771,native,36348359.875,
20826878,native,28486260.315151516,
20824446,native,47498119.777777776,
20824236,native,35860987.43478261,
20826674,native,51449822.2631579,
20824799,native,56577445.18181818,
20824049,native,36865675.7,
20828549,native,53390569.06593407,
20824940,native,29302557.319277108,
20828618,native,44281693.518181816,
20829299,native,49961534.1368421,
20827452,native,33320616.286666665,
20824553,native,31562701.230769232,
20826299,native,36849236.43478261,
20828602,native,68711169.52054794,
20824434,native,36898219.30821918,
20826979,native,34872414.5035461,
20827143,native,41059699.81081081,
20825925,native,39121499.68253968,
20825761,native,26899666.154696133,
20824424,native,45574090.768518515,
20827800,native,18511427.185714286,
20827547,native,44094003.016,
20826558,native,25013903.04477612,
20826511,native,39719194.1015625,
20828725,native,22442340.050458714,
20827166,native,55752238.21111111,
20825134,native,37673214.27407408,
20827623,native,27472717.03723404,
20824846,native,32035294.44375,
20827711,native,59935144.38372093,
20829188,native,44180215.483050846,
20827050,native,29233332.629213482,
20826885,native,31958724.29479769,
20824144,native,41236611.025,
20828666,native,57356963.42222222,
20824735,native,58103209.53488372,
20826522,native,39298321.35294118,
20824319,native,51393586.8367347,
20828644,native,55866146.593406595,
20825772,native,55095464.75294118,
20829024,native,28619286.767955802,
20825831,native,59673443.79487179,
20829112,native,32954060.57142857,
20825573,native,75873599.25,
20828784,native,36263333.95714286,
20826944,native,38102265.68571428,
20826874,native,31021874.31547619,
20826879,native,43815716.70731708,
20824237,native,40749245.1875,
20824050,native,39837415.18333333,
20824800,native,48996533.58095238,
20826675,native,25714527.230046947,
20824447,native,49029736.654545456,
20828550,native,36274664.23076923,
20824554,native,42364969.44444445,
20826300,native,23339764.03482587,
20824941,native,24860011.08450704,
20827453,native,41234955.70247934,
20829300,native,50633637.02040816,
20828619,native,52590438.44,
20828603,native,40673842.79661017,
20824435,native,36405730.34558824,
20825926,native,48525158.47959184,
20826980,native,41673360.47933884,
20827548,native,30485854.411347516,
20827144,native,54943114.395833336,
20824425,native,33473297.35714286,
20825762,native,34288991.05673759,
20827801,native,43321148.5,
20826512,native,35570281.36170213,
20826559,native,49827781.54,
20828726,native,24998187.58208955,
20827167,native,34311317.34265734,
20825135,native,35185995.38297872,
20827624,native,40534419.81300813,
20824847,native,59701598.90361446,
20827712,native,40926945.984375,
20826886,native,32787389.83448276,
20829189,native,52920885.30693069,
20827051,native,57371374.24731183,
20829025,native,34728237.026086956,
20824145,native,41829100.922413796,
20824736,native,37839360.88095238,
20824320,native,47821278.366336636,
20828667,native,41190439.746031746,
20829113,native,45012129.73786408,
20828645,native,46148415.518867925,
20826523,native,52939144.27368421,
20825832,native,39452012.21428572,
20826945,native,29876786.7375,
20825574,native,32273737.564102564,
20825773,native,60520517.63953488,
20828785,native,34664268.91891892,
20826875,native,36232245.97260274,
20826880,native,27609966.569892474,
20824238,native,33943620.74834437,
20824051,native,17569456.56756757,
20824448,native,37078393.51470588,
20824555,native,52359623.795698926,
20828551,native,32741841.14102564,
20824801,native,34387604.4117647,
20826676,native,70660414.84507042,
20826301,native,55847523.07692308,
20827454,native,21174525.37759336,
20824942,native,54705151.32258064,
20828620,native,34410218.806666665,
20829301,native,36286083.04895105,
20828604,native,51795842.71428572,
20825927,native,26670451.295918368,
20827549,native,37534985.8015873,
20826981,native,34651943.986666664,
20824436,native,65304704.82716049,
20827145,native,23261588.19736842,
20825763,native,38969421.9389313,
20824426,native,44147396.336283185,
20827802,native,33610034.05063291,
20826513,native,37918653.27480916,
20828727,native,38830976.578125,
20827168,native,25951969.979591835,
20826560,native,38926103.74074074,
20827625,native,33538260.639097743,
20825136,native,31635663.75949367,
20824848,native,33962187.35714286,
20829190,native,9907509.37414966,
20826887,native,50660932.25,
20827713,native,26975791.37569061,
20829026,native,36581175.671875,
20827052,native,20699815.70588235,
20824146,native,37669120.65625,
20824737,native,36464011.32061069,
20828646,native,44708640.39805825,
20825575,native,46588664.92473118,
20828668,native,39946726.99173554,
20826524,native,35210746.20567376,
20826946,native,34561209.09929078,
20824321,native,48004462.48571429,
20829114,native,38755548.75,
20828786,native,35207396.169117644,
20825774,native,34161247.89041096,
20828569,native,29987062.217948716,
20826881,native,30250831.025316454,
20825833,native,44938161.008,
20824239,native,32509610.187096775,
20824052,native,39411203.5078125,
20826677,native,38446912.09375,
20824802,native,40196497.70731708,
20828552,native,55422784.25274725,
20824556,native,35222551.245033115,
20826302,native,42474472.80508474,
20824449,native,37150220.64137931,
20824943,native,70985977.8235294,
20829302,native,40395208.495934956,
20828621,native,68071446.51470588,
20828605,native,41253149.398373984,
20827455,native,68606770.79487179,
20827550,native,52664177.27472527,
20825928,native,41700361.279661015,
20824437,native,32421645.609271523,
20826982,native,39506238.772357725,
20825764,native,40497030.36666667,
20827146,native,38484700.64492754,
20827803,native,40284312.728,
20824427,native,63910546.26923077,
20828728,native,27706090.20218579,
20826514,native,45068166.96551724,
20827169,native,36165590.24827586,
20826561,native,27149270.06842105,
20827626,native,44807870.20689655,
20825137,native,42748223.144067794,
20824849,native,37070927.0882353,
20826888,native,33179056.57246377,
20829191,native,51491996.54285714,
20829027,native,41230012.95762712,
20827714,native,39351899.24,
20824147,native,36504345.14482759,
20824738,native,36194213.79710145,
20827053,native,49118168.74528302,
20825576,native,38907761.86956522,
20826525,native,20643903.818181816,
20828647,native,46683066.1779661,
20829115,native,55285177.76136363,
20826947,native,50704539.9,
20824322,native,34706411.26,
20828669,native,49481616.08181818,
20825775,native,36081061.006896555,
20828570,native,32231240.23125,
20828787,native,63637602.45679013,
20824240,native,12480803.015544042,
20825031,native,38414473.18796992,
20825834,native,42577122.076271184,
20824803,native,49063148.364583336,
20829303,native,39569762.882882886,
20826678,native,32388361.296774194,
20828553,native,38046564.58730159,
20826303,native,7767.276414994325,
20824557,native,33413300.52739726,
20824053,native,85082186.2,
20824944,native,51996150.071428575,
20824450,native,45249063.75,
20827551,native,31210785.897435896,
20828622,native,83764739.1,
20824438,native,37877159.96694215,
20827456,native,38259231.54285714,
20828606,native,42191557.93965517,
20825929,native,28831528.38011696,
20825765,native,37151854.94656488,
20826983,native,38350791.2890625,
20827147,native,28924446.770588234,
20827804,native,47070162.62857143,
20824428,native,52306233.67741936,
20828729,native,25441222.413265307,
20826562,native,58690995.21794872,
20826515,native,28850549.639344264,
20827170,native,23110796.545454547,
20827627,native,38412528.853846155,
20825138,native,63543027.8625,
20824850,native,51197800.26,
20826889,native,42549087.925,
20829192,native,33477461.034246575,
20829028,native,39914140.97619048,
20827715,native,10652769.205940595,
20827054,native,42321689.21666667,
20824739,native,33354330.258064516,
20824148,native,37484256.83687943,
20825577,native,39653423.0952381,
20826526,native,55430740.59090909,
20828571,native,43165429.882882886,
20828670,native,19204109.158490565,
20828648,native,33561258.451612905,
20825776,native,38247735.4140625,
20824323,native,36679148.872340426,
20826948,native,40049310.31851852,
20828788,native,32925272.05,
20829116,native,40507441.78985507,
20824241,native,48815089.87962963,
20829304,native,49397087.96875,
20825032,native,34106235.038461536,
20825835,native,44074677.375,
20824804,native,43123617.225,
20824558,native,37690441.54814815,
20828554,native,48455883.4537037,
20826304,native,108022885.97826087,
20826679,native,38522778.88111888,
20824945,native,23342009.66197183,
20824451,native,38775658.684210524,
20824054,native,50859404.64814815,
20828623,native,36018126.0942029,
20827552,native,38892133.65942029,
20827457,native,38220860.00763359,
20824439,native,42117122.46031746,
20825766,native,26546487.779487178,
20828607,native,35882458.04794521,
20826984,native,39135276.7,
20827148,native,34081539.11486486,
20825930,native,69624077.34246576,
20827805,native,29669709.070588235,
20824429,native,17003424.37062937,
20827171,native,44524517.39805825,
20828730,native,22466460.14473684,
20826516,native,35320869.37777778,
20826563,native,62061114.5,
20827628,native,38689672.25384615,
20824851,native,45077505.7264151,
20825139,native,34888720.56081081,
20826890,native,49261286.77272727,
20829193,native,46100981.783018865,
20829029,native,34230618.306666665,
20827716,native,39202406.91056911,
20827055,native,33142438.54109589,
20824740,native,47333965.2,
20824149,native,39525834.97037037,
20825578,native,35758392.20979021,
20826527,native,47555170.09259259,
20828649,native,40373238.18333333,
20828572,native,8245.283502787799,
20825777,native,35396035.72413793,
20828671,native,60513976.06024096,
20829117,native,34595097.089655176,
20826949,native,35234654.04109589,
20824324,native,55027689.989473686,
20828789,native,31904894.19620253,
20829305,native,42228614.699115045,
20824805,native,30353193.70967742,
20825033,native,42744797.628318585,
20824242,native,40441393.5546875,
20825836,native,43314027.96521739,
20824559,native,37810411.83969466,
20826305,native,25515444.74468085,
20824946,native,47931493.22,
20828555,native,31247579.484662578,
20824452,native,28419519.345454544,
20826680,native,50721138.071428575,
20824055,native,40703984.43965517,
20827553,native,39055200.23577236,
20827458,native,40848058.33050848,
20828624,native,37096074.41958042,
20824440,native,29435581.468208093,
20828608,native,35502000.89361702,
20826985,native,34811258.54109589,
20825931,native,40884937.391666666,
20827149,native,38600580.70769231,
20825767,native,63350128.02469136,
20827806,native,34457053.37062937,
20824430,native,51776939.89,
20827172,native,32979546.986486487,
20828731,native,37018411.79389313,
20826517,native,36386461.87857143,
20824852,native,11844786.228365384,
20826564,native,46392790.656,
20825140,native,49138582.56435644,
20827629,native,40862703.06870229,
20826891,native,31424591.11801242,
20829194,native,29876943.828571428,
20829030,native,35069596.06993007,
20827056,native,33659491.43150685,
20827717,native,67339959.29333334,
20825579,native,35367384.0075188,
20824150,native,35479299.70289855,
20824741,native,50476551.02912621,
20828650,native,38453877.6097561,
20826528,native,48095140.84466019,
20825778,native,37723133.875,
20826950,native,34421697.66428571,
20828790,native,31003736.243589744,
20824325,native,41826704.415254235,
20825034,native,39841664.53333333,
20828573,native,74493350.12121212,
20829118,native,29972270.29761905,
20828672,native,48774455.83495145,
20824806,native,59093616.65060241,
20825837,native,38305966.53658537,
20824560,native,44401242.69811321,
20824243,native,36579460.35294118,
20829306,native,41450108.29007634,
20826306,native,36366740.77941176,
20828556,native,47321000.56435644,
20824947,native,61427270.358024694,
20826681,native,55447095.93181818,
20824056,native,32565735.246666666,
20824453,native,72168072.1969697,
20828625,native,13457711.202247191,
20827554,native,28695469.619318184,
20827459,native,47042715.5,
20828609,native,40740226.391666666,
20824441,native,42443505.050847456,
20826986,native,37876338.870229006,
20825932,native,44509965.1981982,
20825768,native,35376603.54285714,
20827150,native,24815732.916256156,
20827807,native,26982040.43243243,
20824431,native,30558939.541666668,
20827173,native,45948350.4,
20828732,native,25440206.21674877,
20826518,native,57826020.72093023,
20826565,native,47433609.56122449,
20824853,native,37346739.25735294,
20825141,native,48644746.89108911,
20826892,native,50655922.071428575,
20827630,native,48363660.820754714,
20829031,native,55483433.76744186,
20829195,native,50089514.43564356,
20827057,native,41229780.62809917,
20827718,native,36033759.42142857,
20824151,native,42552453.203539826,
20825580,native,33749319.178807944,
20828673,native,44128216.71,
20824742,native,36936815.26428571,
20828651,native,36489941.65034965,
20824326,native,40667209.56896552,
20826529,native,35247504.93103448,
20825779,native,67318269.81333333,
20828791,native,22992205.371040724,
20825035,native,41295493.104,
20829119,native,42030940.97560976,
20824807,native,29417856.046242774,
20828574,native,59179852.70930233,
20825838,native,51287861.2,
20824244,native,15923408.3498452,
20826951,native,52181507.30909091,
20826307,native,55907761.7,
20826682,native,35948503.79259259,
20824561,native,34924052.80124223,
20829307,native,35193926.548387095,
20828557,native,40581118.29365079,
20824948,native,40903387.4453125,
20824057,native,33318740.24050633,
20824454,native,49431617.18446602,
20827555,native,39485089.484615386,
20827460,native,50594184.822916664,
20828626,native,78201622.03076923,
20824442,native,38517139.8046875,
20825933,native,40227957.78571428,
20826987,native,45773847.48648649,
20826530,native,38183614.19847328,
20827808,native,3291028.112185687,
20827151,native,33331480.07096774,
20828610,native,55582935.32258064,
20828733,native,29898831.055900622,
20827174,native,20672355.567901235,
20824456,native,57402794.35294118,
20828675,native,51683114.04301076,
20826566,native,42650442.67,
20825142,native,27029835.388888888,
20826893,native,35370631.05263158,
20824854,native,77717676.09230769,
20827631,native,42346381.300884955,
20829032,native,37848494.26190476,
20829196,native,51941172.14285714,
20827719,native,32172365.60784314,
20827058,native,43107513.56896552,
20824152,native,46601817.981132075,
20825581,native,49066951.46534654,
20824743,native,43203185.50925926,
20828674,native,35144440.90909091,
20828652,native,38233329.9609375,
20824327,native,45180271.9537037,
20825780,native,34558335.62237762,
20828792,native,29258151.057142857,
20824808,native,32947587.303448275,
20828613,native,23062064.476190478,
20825036,native,25304466.266009852,
20824245,native,49261527.45,
20825839,native,39040800.618320614,
20828575,native,53315459.34375,
20826683,native,32327188.174825177,
20826952,native,38725396.95384616,
20826308,native,37012962.01481482,
20824949,native,39089997.8699187,
20829120,native,53474957.97087379,
20828558,native,33571120.25,
20827556,native,48397374.68867925,
20829308,native,56079849.03333333,
20824058,native,47337957.60377359,
20828581,native,24993190.275,
20827461,native,36282822.39705882,
20824455,native,46174158.36363637,
20828627,native,38052305.723076925,
20824443,native,52874613.65934066,
20826988,native,39607066.62698413,
20825934,native,38892113.32061069,
20826319,native,44896387.57522124,
20827152,native,43045101.46280992,
20827809,native,51495504.48514851,
20828611,native,36420749.23648649,
20828734,native,16084389.904024769,
20824457,native,48927470.45631068,
20827175,native,40867808.479674794,
20828676,native,38088256.72794118,
20826567,native,35461601.95,
20825143,native,39862835.676923074,
20827632,native,30475984.326923076,
20826894,native,42096743.864,
20824855,native,42122441.376,
20829033,native,33500157.928104576,
20827720,native,35611180.691176474,
20829197,native,39007028.1015625,
20827059,native,41282395.277777776,
20825582,native,49989721.35,
20824744,native,35158087.60135135,
20824153,native,42515514.55384615,
20824328,native,45086531.94444445,
20828653,native,24360463.153846152,
20826994,native,42402150.25,
20828681,native,40157831.13333333,
20828793,native,52006060.92473118,
20824809,native,60300627.025,
20828614,native,33973511.19594595,
20825037,native,53525486.21978022,
20828576,native,28475446.10559006,
20824257,native,37036521.865079366,
20824246,native,51744009.1,
20824950,native,32934048.384615384,
20826309,native,50501636.368421055,
20828559,native,42547810.074074075,
20825840,native,44144388.17699115,
20829309,native,39034349.05833333,
20827557,native,31346592.705128204,
20829121,native,43051942.37931035,
20826684,native,53350717.166666664,
20827462,native,38764152.44144144,
20824059,native,31682856.339743588,
20826997,native,39475812.72357724,
20828582,native,48425042.657142855,
20829625,native,30410997.40372671,
20828628,native,34845734.205298014,
20825935,native,24576496.18719212,
20826989,native,48247944.106796116,
20826320,native,46273197.231481485,
20827153,native,57263320.697674416,
20827810,native,58645489.76923077,
20827176,native,58581605.17808219,
20828735,native,31015896.1,
20828612,native,54436466.39795918,
20824458,native,67142039.30666667,
20828677,native,33163661.940397352,
20827633,native,40877839.44144144,
20826568,native,32044187.156626508,
20825144,native,57454963.68604651,
20826895,native,32282107.893333334,
20824856,native,33612560.470198676,
20829034,native,40182303.032,
20827721,native,37831705.0234375,
20829198,native,24623134.768472906,
20827060,native,34917337.37671233,
20824154,native,44996891.98095238,
20825583,native,35778261.57333333,
20824329,native,37461946.07857143,
20828794,native,22697420.19266055,
20828654,native,49347787.3490566,
20826995,native,43066620.99166667,
20824745,native,62447650.430232555,
20824810,native,34020546.05806451,
20828682,native,42924846.528,
20825038,native,62758202.26506024,
20828615,native,72342893.16438356,
20828577,native,39650998.90977444,
20824247,native,53389848.75789474,
20828560,native,41236967.040650405,
20824951,native,29838327.50867052,
20829310,native,48660056.9009901,
20826310,native,38121548.41428571,
20829122,native,58282669.93975904,
20827558,native,32082608.683544304,
20824258,native,34258148.09202454,
20825841,native,36688962.85106383,
20826685,native,46629857.981981985,
20827463,native,62853913.49411765,
20824060,native,34241932.788461536,
20826998,native,40164561.0625,
20829626,native,38318048.49206349,
20828583,native,45935649.345454544,
20828629,native,42263053.94214876,
20826990,native,22920484.293023255,
20826321,native,35338207.080882356,
20825936,native,53250344.279569894,
20827177,native,43557108.777777776,
20827811,native,36138734.13768116,
20828736,native,17139549.563333333,
20827154,native,36958201.572413795,
20828678,native,38780897.825,
20825312,native,74206685.68181819,
20824459,native,59248836.37647059,
20827634,native,23154782.71830986,
20825145,native,34604973.176470585,
20826569,native,66222482.76923077,
20826896,native,34032883.40410959,
20824857,native,12306531.6185567,
20829035,native,32036444.40425532,
20827722,native,38014621.5859375,
20829199,native,56428635.255813956,
20827061,native,60316508.30588235,
20825584,native,11212690.040909091,
20824155,native,55494920.31111111,
20828655,native,46185712.2,
20824330,native,40213747.78125,
20828795,native,47748007.75238095,
20826996,native,33779924.58,
20824746,native,33809694.9109589,
20825218,native,26927762.988764044,
20828683,native,31706806.48387097,
20824248,native,36660775.7265625,
20825039,native,39425319.93650793,
20829311,native,29888133.89375,
20824811,native,59953703.488372095,
20824952,native,37621053.71755725,
20828578,native,50508234.79,
20825842,native,34352828.04137931,
20828561,native,21047740.118577074,
20827559,native,46689555.36111111,
20824259,native,22288932.99134199,
20826311,native,62442933.481481485,
20829123,native,49551704.13592233,
20826686,native,64392431.684210524,
20827464,native,15756501.811501598,
20824061,native,38498823.28461538,
20826999,native,25279842.6,
20829627,native,27267732.294736844,
20828584,native,36388279.06382979,
20828630,native,32417761.474683546,
20826322,native,46571045.53,
20825937,native,46159656.42727273,
20826991,native,52627243.469387755,
20827812,native,37086231.97826087,
20827178,native,38253550.38297872,
20828679,native,36004807.09774436,
20827155,native,43164838.30894309,
20828737,native,37183973.44137931,
20825313,native,34067694.97241379,
20824460,native,46861533.265486725,
20827635,native,31249417.54117647,
20825146,native,40028213.01526718,
20826570,native,62975176.118421055,
20826897,native,41741676.18333333,
20824858,native,78447554.73529412,
20829036,native,36608996.8115942,
20827723,native,29347123.22857143,
20829200,native,33887556.28220859,
20827062,native,38030067.856,
20825585,native,63279237.223684214,
20824156,native,55083461.89010989,
20824249,native,19636555.04524887,
20828656,native,31469318.411764707,
20824747,native,53208116.47674418,
20828796,native,19554565.61328125,
20824819,native,39481937.275,
20825219,native,56186224.96511628,
20824331,native,68369565.22535211,
20828684,native,44167744.72972973,
20824812,native,36395724.02290076,
20825040,native,13060599.88235294,
20824953,native,24797798.35897436,
20829312,native,56869216.94186047,
20827560,native,36644601.796875,
20825843,native,60592247.618421055,
20829124,native,29653537.147239264,
20826312,native,38429277.896,
20828579,native,42898702.80508474,
20828562,native,63896706.333333336,
20826687,native,38903451.62307692,
20824062,native,39243477.232,
20825265,native,36917473.86466166,
20827465,native,70505887.94285715,
20824260,native,87939274.23809524,
20825938,native,39549961.80869565,
20828585,native,58638126.12048193,
20829628,native,45818088.12962963,
20828631,native,38768236.21052632,
20826323,native,41826243.848,
20827813,native,48811765.32673267,
20826992,native,55988146.538461536,
20828738,native,25673291.882978722,
20827156,native,28173625.106741574,
20828680,native,41560881.144,
20827179,native,51320251.59259259,
20825314,native,44070044.03333333,
20824461,native,37349856.84558824,
20827636,native,35873732.5367647,
20825147,native,43349807.847457625,
20826571,native,40119311.472,
20826898,native,11082565.331914894,
20829037,native,32488613.42,
20824859,native,21860948.666666668,
20827724,native,32141683.975,
20829201,native,41071393.312,
20824820,native,35314442.70769231,
20824748,native,41407375.2962963,
20824250,native,49804213.315789476,
20825586,native,51084536.69306931,
20827063,native,63626034.21686747,
20824157,native,48361578.24528302,
20828657,native,39585785.5882353,
20825220,native,39141616.45384616,
20824332,native,45015605.22881356,
20824954,native,44261346.104347825,
20828685,native,37626580.0,
20828797,native,89535599.58333333,
20827561,native,33390119.562091503,
20829313,native,44575900.42727273,
20825041,native,80788135.20634921,
20826313,native,40461489.94444445,
20825844,native,45739099.04237288,
20824813,native,48152515.858333334,
20829125,native,40822670.70992366,
20825266,native,35863840.129770994,
20828580,native,40014722.526315786,
20826688,native,45808838.026548676,
20824063,native,31882832.125,
20824261,native,35071156.83969466,
20828563,native,57333141.15384615,
20827466,native,76983428.6557377,
20825939,native,47894378.443396226,
20828586,native,35681834.67832168,
20827814,native,32142013.06,
20828632,native,35790300.45454545,
20829629,native,42493303.854961835,
20826993,native,32206622.593548387,
20826324,native,38923348.4,
20828739,native,36325665.007407404,
20827157,native,23758453.745192308,
20827180,native,27585186.782857142,
20828587,native,46278316.64545455,
20825315,native,73233964.12121212,
20827637,native,42240989.686956525,
20824462,native,51282844.941747576,
20826572,native,42639101.5045045,
20825148,native,8237372.1872,
20826899,native,70036806.46478873,
20824860,native,49830486.67368421,
20829038,native,37534596.86466166,
20827725,native,33672490.66438356,
20824749,native,34000469.28244275,
20824821,native,26113860.6284153,
20824251,native,48138566.95,
20827064,native,31159951.170886077,
20825587,native,39307975.136,
20829202,native,53599344.475247525,
20824158,native,26836590.90425532,
20828658,native,42061827.75,
20825221,native,50335546.551020406,
20824333,native,40672033.20338983,
20824955,native,41939566.825,
20824814,native,33854844.45801527,
20828798,native,44218475.68141593,
20828686,native,14791212.099173553,
20825042,native,36104391.79285714,
20824831,native,38895510.9,
20829314,native,45786862.53982301,
20825267,native,31861141.762820512,
20825845,native,44473162.26956522,
20824064,native,39124483.15833333,
20827467,native,28194668.57894737,
20826314,native,58868672.97777778,
20824262,native,38714707.656,
20826689,native,47374466.175925925,
20829126,native,76045789.28787878,
20824269,native,49326098.6509434,
20828564,native,42539424.21138211,
20825940,native,61620570.59210526,
20826578,native,41541916.479674794,
20828633,native,47667576.75238095,
20828828,native,34035947.666666664,
20829630,native,31467989.964285713,
20827815,native,48201495.89380531,
20827181,native,35495026.74125874,
20826325,native,47689468.344827585,
20825316,native,12654257.198511166,
20827158,native,56836979.0,
20828588,native,47551914.679245286,
20828740,native,32621230.320224717,
20827638,native,32905992.903225806,
20824463,native,40249886.97560976,
20824861,native,54842663.84615385,
20826900,native,35592329.566176474,
20826573,native,40382718.1,
20829039,native,43962576.68,
20825149,native,74347367.66176471,
20827726,native,32968640.339285713,
20825851,native,33035438.780645162,
20824822,native,60963622.38554217,
20825588,native,26453774.663157895,
20824252,native,51146451.46,
20829203,native,35795213.52898551,
20827065,native,42657517.663716815,
20824159,native,44029837.78761062,
20825222,native,15702622.67785235,
20828659,native,37146025.672,
20824334,native,39871161.45528455,
20824956,native,43271734.827586204,
20824815,native,53282254.5,
20828799,native,35268982.93793103,
20825043,native,38262658.6,
20829226,native,38101662.669565216,
20824832,native,15612930.263636364,
20824065,native,34339260.1037037,
20829315,native,19929914.632,
20825846,native,39010702.23577236,
20825863,native,36073898.4,
20825268,native,32848200.253333334,
20824263,native,44327453.45945946,
20826315,native,31813193.58433735,
20824270,native,37584355.578947365,
20826690,native,58676913.61363637,
20828565,native,49427132.46534654,
20825941,native,31946207.57142857,
20829127,native,64683627.56790123,
20826579,native,45400205.35454545,
20829631,native,33270564.287671234,
20828829,native,35104264.90909091,
20828634,native,60682423.45348837,
20827816,native,30128379.076470587,
20827182,native,44708234.06896552,
20827159,native,35340720.75177305,
20826326,native,36891464.02068966,
20825317,native,51844671.822916664,
20828741,native,23429627.227488153,
20828589,native,27493856.531578947,
20827639,native,40718213.7578125,
20824464,native,40955620.88,
20826901,native,35264378.88721804,
20825150,native,9303381.34509804,
20824862,native,30987088.949438203,
20829040,native,42003674.5,
20826574,native,45557549.10169491,
20827727,native,34442694.56962025,
20825852,native,35438045.50967742,
20824823,native,50409102.50495049,
20829204,native,37515647.71851852,
20825589,native,52440063.703296706,
20824160,native,36520416.044117644,
20827066,native,40652105.68,
20824253,native,33262035.86956522,
20828660,native,31583580.139240507,
20825223,native,74544496.88235295,
20824335,native,19986247.717647057,
20824816,native,7430007.974164134,
20825044,native,29880406.98125,
20824957,native,38874102.907692306,
20828800,native,39771093.08264463,
20829316,native,17257661.79496403,
20825847,native,44421679.24761905,
20829227,native,32426913.679738563,
20826316,native,31401844.122137405,
20825864,native,30303536.42236025,
20825269,native,35660868.441176474,
20824833,native,55708600.666666664,
20824066,native,61306279.488372095,
20824264,native,33758979.44516129,
20824271,native,53425905.17894737,
20828566,native,27588908.08839779,
20826691,native,48121954.466019414,
20826580,native,39395030.0,
20829128,native,43846089.336363636,
20825942,native,45235898.81981982,
20829632,native,47165578.83809524,
20828742,native,26880161.679738563,
20827817,native,29924742.01226994,
20828830,native,44025589.43103448,
20827160,native,32235888.420289855,
20828635,native,55902100.06451613,
20827183,native,45466620.054545455,
20826327,native,37716273.366412215,
20825318,native,42758049.55833333,
20828590,native,60810693.530120485,
20827640,native,39579728.166666664,
20826902,native,38778859.859375,
20824465,native,44767329.68181818,
20824863,native,39682361.2892562,
20825151,native,71700377.52857143,
20829041,native,51600931.96842105,
20826575,native,34554374.68571428,
20827728,native,49649118.43,
20828661,native,38293011.55855856,
20825853,native,33962645.93918919,
20824824,native,31128610.813664597,
20829205,native,37582083.19083969,
20824161,native,38151723.828125,
20827067,native,31655586.95652174,
20825590,native,46566717.483050846,
20826317,native,24223945.845303867,
20824254,native,55868888.18367347,
20825224,native,45202105.72972973,
20828801,native,59856145.19736842,
20824336,native,55853101.155555554,
20829317,native,22577840.045454547,
20825045,native,37713573.383458644,
20824958,native,45562107.17272727,
20825848,native,23904131.46190476,
20824817,native,68779429.48,
20825865,native,22257577.417391304,
20829228,native,43674542.0338983,
20825270,native,30102996.654761903,
20824834,native,34825444.37931035,
20824067,native,30469008.321637426,
20824272,native,16493485.022364218,
20828567,native,39182886.0625,
20824265,native,53885612.54,
20829129,native,32097387.86708861,
20826581,native,26186092.403061226,
20825943,native,24950240.702439025,
20826692,native,30188979.376344085,
20829633,native,33053077.587837838,
20828743,native,27065050.07329843,
20828831,native,35932892.32867133,
20827818,native,42168109.609375,
20827161,native,80541451.3968254,
20828636,native,52685019.72448979,
20827184,native,49287868.25742574,
20825319,native,37409071.78985507,
20828591,native,44481726.567567565,
20826328,native,48712683.84955752,
20827641,native,33668716.2027027,
20826903,native,31962368.65030675,
20824864,native,49791622.49,
20824466,native,47324793.81081081,
20829042,native,37614213.35507246,
20826576,native,45543113.21818182,
20825152,native,43711014.00769231,
20827729,native,35318997.71428572,
20828662,native,44390880.057142854,
20827068,native,36475699.656,
20829206,native,44207686.1981982,
20825854,native,51967801.9375,
20824825,native,51053071.89108911,
20824162,native,33984809.43333333,
20825591,native,28408790.267045453,
20825225,native,29042318.777108435,
20826318,native,59776880.90123457,
20824255,native,47336772.0952381,
20828802,native,33794327.48275862,
20829318,native,18171964.148550726,
20824337,native,49300655.95,
20825046,native,37719710.165413536,
20824959,native,35796602.89361702,
20824818,native,36171301.68115942,
20825849,native,37911566.698529415,
20825271,native,45230308.78181818,
20829229,native,38518654.42222222,
20824068,native,33017295.41958042,
20825866,native,48133377.81818182,
20824835,native,38766245.7867647,
20825944,native,21939669.25870647,
20824266,native,43347361.71304348,
20824273,native,60446341.941176474,
20826582,native,33544106.98013245,
20829130,native,38510899.11851852,
20828568,native,68930034.62666667,
20828744,native,15306750.95049505,
20829634,native,39343682.9140625,
20826693,native,58844225.62962963,
20828832,native,36213575.7368421,
20827819,native,33326346.93150685,
20827162,native,29297417.570588235,
20827185,native,21474805.67099567,
20828637,native,50169199.6952381,
20825320,native,27140705.87978142,
20828592,native,41056782.6779661,
20826329,native,32735575.886666667,
20827642,native,30270790.765060242,
20826904,native,43801527.9245283,
20824467,native,37810519.62142857,
20826577,native,66620997.884615384,
20829043,native,38717801.072463766,
20824865,native,50918761.22727273,
20825153,native,58671873.010526314,
20827730,native,34100067.732026145,
20824267,native,35306634.696551725,
20824826,native,35919493.758865245,
20829207,native,38543903.057971016,
20827069,native,37525335.68965517,
20824163,native,29275899.097297296,
20825592,native,37818731.84558824,
20825855,native,55644369.52380952,
20825047,native,27761475.65714286,
20825226,native,49944921.77142857,
20824256,native,54056020.11827957,
20829319,native,18344393.989510488,
20828803,native,32155674.612716764,
20826062,native,45915683.49166667,
20824338,native,37873664.6993007,
20828125,native,53578184.666666664,
20824960,native,39859427.19548872,
20824069,native,23490990.10900474,
20825272,native,45422550.805309735,
20824836,native,40142611.64285714,
20829230,native,47149069.663636364,
20825850,native,48883747.43362832,
20825867,native,44157512.90243903,
20825869,native,14987657.6375,
20825945,native,72889618.83823529,
20824274,native,39427113.18253968,
20829131,native,23959612.414285716,
20826583,native,68625538.60563381,
20824890,native,37029583.77037037,
20828745,native,37153696.33834586,
20828833,native,30581939.16891892,
20829635,native,34866610.8,
20826694,native,47019556.68571428,
20827820,native,20099466.64940239,
20828638,native,38671260.171875,
20826718,native,33024713.616438355,
20825321,native,52436401.29032258,
20826330,native,35429479.86231884,
20824351,native,54749720.49462365,
20827186,native,66310884.10526316,
20827643,native,33531682.794701986,
20826905,native,29034843.122699387,
20826706,native,68591336.02816902,
20829044,native,31810009.31372549,
20824866,native,28390393.36416185,
20825154,native,15616517.666666666,
20827731,native,29031984.147239264,
20824268,native,37094773.030075185,
20827070,native,20646911.831932772,
20824827,native,34404764.87837838,
20825856,native,40552753.10619469,
20829208,native,66206532.2375,
20828126,native,28967685.87837838,
20826331,native,26483534.646464646,
20825048,native,55652110.244186044,
20824164,native,79193218.73015873,
20825227,native,39918697.3515625,
20824175,native,34059457.57333333,
20829320,native,22761141.473913044,
20826063,native,23613096.625592418,
20824339,native,33076831.0,
20828804,native,30027376.474285714,
20825273,native,44865326.05217391,
20824961,native,36550116.37837838,
20824837,native,27797797.886486486,
20829132,native,35497140.41958042,
20829231,native,42244511.21487603,
20824070,native,57267190.729166664,
20825870,native,66041940.08,
20825868,native,35736210.027027026,
20825946,native,39851967.04615384,
20828834,native,30531832.594771244,
20829437,native,47696754.0952381,
20824275,native,35086015.36423841,
20829636,native,63055518.36986301,
20824891,native,33091815.522580646,
20826584,native,41787094.328,
20828746,native,38807695.503703706,
20826695,native,50210151.333333336,
20827821,native,47298178.84761905,
20829812,native,50519164.18604651,
20825322,native,31508000.503311258,
20827644,native,20977954.610328637,
20826719,native,40762318.232,
20828639,native,36087802.81118881,
20824352,native,37541354.13970588,
20828816,native,57325497.925,
20824828,native,55193937.451612905,
20824867,native,56874819.87654321,
20829045,native,43118869.46017699,
20826707,native,38282332.46923077,
20825155,native,63993254.315789476,
20827732,native,44783159.27184466,
20829718,native,35265710.315789476,
20825857,native,25495248.303867403,
20827071,native,50898845.07,
20827081,native,56719412.27906977,
20829209,native,23447420.370192308,
20828127,native,42386012.172413796,
20826064,native,48840170.35483871,
20826332,native,53298639.315789476,
20829321,native,18383888.233333334,
20825228,native,43798591.139130436,
20824176,native,42357093.15702479,
20824165,native,45764413.48275862,
20825049,native,49908980.36111111,
20824340,native,51302101.2,
20829133,native,43794496.62135922,
20824071,native,58174092.45,
20828805,native,52999125.4,
20825274,native,42545366.11016949,
20824838,native,50039538.811881185,
20829232,native,42662501.982300885,
20825871,native,55122164.16470588,
20824962,native,77201570.36363636,
20825947,native,18343020.512820512,
20828822,native,38938708.96946565,
20828835,native,27845371.530054644,
20824892,native,50691431.625,
20828747,native,10437338.939732144,
20829438,native,30128746.339285713,
20829637,native,27212238.216216218,
20824276,native,38742465.56923077,
20826585,native,51785384.541666664,
20829813,native,26389490.377659574,
20826696,native,57771832.86046512,
20825323,native,41405282.72413793,
20827822,native,44131309.68333333,
20829765,native,24256505.796116505,
20826720,native,33117746.660256412,
20827645,native,80038293.6557377,
20828817,native,31119084.73939394,
20824353,native,49485289.3592233,
20824829,native,38693647.03076923,
20826708,native,56192728.28205128,
20824868,native,52970295.91836735,
20829046,native,33271246.183006536,
20825156,native,42050260.15652174,
20827733,native,18135569.094405595,
20829719,native,32695033.384615384,
20825858,native,51306557.051020406,
20827082,native,47747429.66981132,
20829210,native,43094740.991304345,
20827072,native,36745385.28368794,
20828128,native,43424267.618644066,
20826065,native,30201385.32142857,
20826333,native,54321872.0,
20829322,native,25601655.205,
20824166,native,36559483.86466166,
20825229,native,59818670.75294118,
20824177,native,32031581.66875,
20825050,native,40721237.71428572,
20829134,native,45259132.63888889,
20825275,native,36938107.333333336,
20824072,native,29442749.490797546,
20824341,native,33413092.196319018,
20824963,native,19223464.88211382,
20825948,native,46634467.625,
20829233,native,29765894.81325301,
20828806,native,27969510.12105263,
20825872,native,37803874.7518797,
20824839,native,40354959.73846154,
20828823,native,12661364.522077922,
20828836,native,36161327.233082704,
20829638,native,41515906.31858407,
20824893,native,43122664.18018018,
20824277,native,44791336.36792453,
20828748,native,51977042.87777778,
20829439,native,43190013.79310345,
20826586,native,40521519.3,
20825324,native,15695719.490506329,
20826697,native,39522535.35772358,
20829814,native,40766739.166666664,
20827823,native,32550837.329032257,
20827646,native,36272526.8,
20826721,native,41359624.608333334,gas-used mismatch for 0x45a813f65566c831d9c77b65aa8f1bdd813b69cf2f8bf53d9234dfbe8a391292: expected 127917 found 56972
20828818,native,41871813.38333333,
20824354,native,59581096.12048193,
20829766,native,61680944.45783132,
20829047,native,22298342.417475726,
20825157,native,32730080.507246375,
20826709,native,51352839.48,
20824830,native,39804577.98518518,
20824869,native,28291727.38797814,
20827734,native,27650224.46590909,
20829720,native,52080979.957894735,
20825859,native,27955834.055555556,
20829211,native,37940213.69172932,
20827073,native,38714352.28244275,
20827083,native,39586217.099236645,
20824167,native,36150552.71631206,
20828129,native,43823951.71666667,
20826334,native,53315917.928571425,
20824178,native,45912751.93396226,
20829323,native,25848979.004694834,
20825230,native,42804726.47933884,
20826066,native,44347829.93495935,
20825051,native,23909214.545454547,
20829135,native,33292443.33544304,
20825276,native,78695141.26153846,
20824342,native,43868175.3362069,
20824073,native,46153762.87826087,
20825949,native,31006557.090361446,
20829234,native,34958353.93150685,
20824964,native,51481232.95049505,
20825873,native,33614974.87741935,
20828807,native,27981113.452631578,
20824840,native,44363704.73553719,
20828749,native,13740662.290410958,
20829639,native,39092782.10526316,
20828824,native,85623123.33333333,
20824278,native,40219179.34375,
20824894,native,44758524.5,
20826587,native,33684985.38,
20829440,native,43012806.39669421,
20829815,native,56835361.85185185,
20828837,native,69890106.8,
20826698,native,36004517.397351,
20825325,native,79391511.38235295,
20827647,native,46726649.03603604,
20826722,native,43106829.075,
20827824,native,39805444.9924812,
20824355,native,47946115.106796116,
20825158,native,34969301.832,
20828819,native,56571050.527472526,
20829767,native,45301296.57522124,
20826710,native,31460510.787096772,
20829048,native,47330365.3592233,
20828810,native,55774437.90361446,
20824870,native,31830281.54,
20827735,native,37730645.18796992,
20829721,native,27913579.614906833,
20825860,native,77888063.22222222,
20824168,native,39027970.25471698,
20827074,native,37527584.54198473,
20829212,native,34496242.22758621,
20827084,native,36339929.391608395,
20826067,native,22438195.8125,
20826335,native,47363663.76699029,
20829324,native,21226960.25106383,
20828130,native,40126282.366412215,
20825231,native,47273385.66019417,
20824179,native,46488999.768518515,
20824343,native,39047858.07317073,
20829136,native,34182418.68874172,
20825052,native,67602047.0375,
20825950,native,58077497.870588236,
20825874,native,27544172.280898876,
20824074,native,38216503.731884055,
20825277,native,41428531.692307696,
20824965,native,50762343.56435644,
20824279,native,34334048.3984375,
20824841,native,39004474.2109375,
20828808,native,45508473.64864865,
20828750,native,44039664.7079646,
20829640,native,23955114.08450704,
20828825,native,41136796.0,
20824895,native,48712845.683168314,
20829235,native,53495238.80555555,
20829441,native,10696721.634693878,
20826588,native,54977065.64835165,
20828838,native,26905158.961325966,
20829816,native,56556336.50537635,
20826699,native,68789589.64,
20827825,native,52781805.07954545,
20826723,native,14447385.52892562,
20825326,native,26259314.398058254,
20827648,native,31715521.006060608,
20824356,native,44621671.584745765,
20825159,native,45164638.817391306,
20828820,native,38594451.0,
20829768,native,34256545.833333336,
20828811,native,31647933.72891566,
20826711,native,43774112.541666664,
20827736,native,28268949.573099416,
20829049,native,70793558.76712328,
20824871,native,15578413.26764706,
20829722,native,40210450.584,
20827085,native,35377167.05555555,
20825861,native,29859141.011695907,
20826068,native,18348350.945833333,
20824169,native,66823757.881578945,
20829213,native,30930393.03012048,
20827075,native,33842629.11612903,
20829325,native,18367146.70110701,
20826336,native,42431523.06896552,
20825232,native,30826528.322981365,
20824180,native,27928442.494382024,
20828131,native,37504329.09022556,
20824344,native,30391778.307692308,
20829137,native,51207548.10752688,
20826601,native,27390895.745664738,
20825951,native,39273179.601626016,
20825053,native,51307677.989583336,
20825278,native,32910251.837837838,
20824075,native,48526160.6407767,
20824280,native,33239842.698630136,
20824966,native,32194666.175,
20824842,native,34451817.04895105,
20828809,native,29411017.470238097,
20828826,native,40034806.675,
20826589,native,38386139.56481481,
20824896,native,30337676.7625,
20828751,native,44226290.81081081,
20829236,native,31100498.6625,
20829817,native,46321308.29069767,
20829641,native,54990475.333333336,
20828839,native,38829445.80165289,
20829442,native,65166086.40789474,
20827649,native,41546419.63478261,
20826700,native,47582342.10377359,
20827826,native,40779193.82539683,
20825327,native,15042463.566091955,
20826724,native,67148214.28767124,
20829769,native,38656030.42748091,
20828821,native,37579450.8962963,
20824357,native,40868734.115384616,
20828812,native,38002683.424,
20825160,native,48227330.330434784,
20826712,native,44926429.38938053,
20829050,native,52604584.70526316,
20827737,native,38600636.1617647,
20824872,native,67265643.62650603,
20829723,native,42207086.24324324,
20827086,native,36127524.25714286,
20825862,native,61826363.927710846,
20824170,native,32158019.21875,
20829214,native,35697195.9929078,
20827076,native,39344476.2421875,
20826069,native,84500032.75409836,
20826337,native,37513726.96376812,
20825233,native,57642049.307692304,
20828132,native,41424959.984,
20824181,native,44615169.11666667,
20829326,native,43962792.3515625,
20829138,native,38028610.9389313,
20824345,native,47836913.236363634,
20825952,native,38172813.244444445,
20825279,native,29312717.339181285,
20825054,native,41479473.3984375,
20828757,native,16638296.43613707,
20824076,native,55344460.239583336,
20826602,native,46081675.43650793,
20829056,native,33324924.232258063,
20824967,native,32877423.957575757,
20824897,native,28663093.41436464,
20826590,native,35331542.4527027,
20828752,native,14816079.946478873,
20828827,native,45565414.95652174,
20828312,native,47980759.67256637,
20829818,native,30122911.38235294,
20829642,native,42728057.92035398,
20829237,native,70572143.19178082,
20828840,native,46536721.12068965,
20829443,native,33959048.59615385,
20827650,native,33471245.54347826,
20826701,native,25649091.680851065,
20829770,native,37776350.774774775,
20826725,native,6206.834132882634,
20827827,native,33901641.333333336,
20825328,native,63319864.41975309,
20826713,native,50410127.192771085,
20824184,native,17827974.922261484,
20825161,native,29037459.48447205,
20824358,native,44106236.513274334,
20828813,native,30409925.26190476,
20829051,native,29343718.484848484,
20827738,native,26472011.524590164,
20829724,native,36726221.483333334,
20824873,native,27683518.285714287,
20827087,native,40607488.69491526,
20829215,native,30049908.64375,
20824171,native,36032292.05072464,
20829220,native,47662724.647619046,
20826070,native,22683965.92477876,
20827077,native,32295692.53374233,
20826338,native,41528419.49137931,
20825234,native,56118647.697674416,
20829139,native,30144203.64556962,
20824182,native,37930706.908396944,
20824346,native,17789680.533333335,
20828133,native,41895568.772357725,
20829057,native,30630043.188405797,
20825953,native,28086895.143646408,
20829327,native,56560103.96703297,
20825055,native,30378460.975903615,
20828758,native,47520383.2264151,
20826603,native,18025046.00711744,
20824077,native,59049826.77647059,
20828753,native,41580437.026548676,
20825280,native,58346507.5,
20824898,native,21990000.154506437,
20824968,native,48679498.18095238,
20826591,native,37474527.8962963,
20825406,native,37726814.08888889,
20828313,native,46146633.268518515,
20829643,native,20888216.75518672,
20829819,native,47775555.73584906,
20829238,native,26982885.675531916,
20828841,native,37310034.53125,
20829444,native,44205869.426086955,
20827651,native,40703699.00813008,
20829771,native,32814006.594771244,
20826702,native,47453673.78703704,
20826726,native,61918917.790123455,
20828814,native,28766256.20625,
20826714,native,33263982.60130719,
20827828,native,38743417.9117647,
20825329,native,56500517.48863637,
20825162,native,31714152.04375,
20824185,native,43628785.10344828,
20829725,native,28594019.633986928,
20824359,native,29926654.41011236,
20829052,native,43812778.55,
20827739,native,46003039.79310345,
20824874,native,61670937.575,
20827088,native,28347907.542857144,
20829216,native,46381223.28181818,
20824172,native,52974003.51578947,
20829221,native,31627888.85714286,
20827078,native,31003538.279503107,
20825235,native,44849937.94594595,
20826071,native,67114560.82716049,
20829140,native,40598749.504,
20826339,native,44544974.083333336,
20824183,native,43996647.194690265,
20829058,native,27788579.513812155,
20828134,native,39078649.36923077,
20829328,native,19101295.09398496,
20825954,native,48461531.883495145,
20824347,native,69010637.52112676,
20825056,native,57086118.847058825,
20828759,native,27561540.486187845,
20828842,native,38385849.783783786,
20824078,native,39600420.512,
20826604,native,64025894.73239437,
20824969,native,38236123.2109375,
20829644,native,37475915.722222224,
20828314,native,37912345.8,
20825407,native,27235252.62430939,
20829239,native,43746585.19090909,
20829820,native,42992409.46902655,
20824899,native,77711744.37704918,
20826592,native,17745446.897009965,
20828754,native,39557601.03816794,
20825281,native,38296737.89855073,
20829772,native,19738382.94468085,
20827652,native,24091979.408653848,
20829445,native,58231037.417582415,
20826703,native,45930863.00909091,
20826715,native,26361083.661111113,
20829726,native,30238566.2,
20827829,native,31464302.7278481,
20825330,native,48629275.13,
20826727,native,72594713.01515152,
20824186,native,34887976.62237762,
20825163,native,52943101.623655915,
20828815,native,49477568.358490564,
20824360,native,43564275.855932206,
20829053,native,35359713.80141844,
20827740,native,33857003.925675675,
20824875,native,51155567.15841584,
20827089,native,44110321.18584071,
20829217,native,12421449.26419753,
20824173,native,36179916.0,
20829222,native,20140684.155462183,
20827079,native,49790653.02970297,
20825236,native,33144616.410958905,
20826340,native,29628493.85549133,
20829141,native,38123119.65925926,
20826072,native,40032618.85714286,
20829059,native,56189823.96666667,
20826613,native,47436106.252173916,
20829329,native,46777540.117117114,
20824348,native,44044795.22881356,
20825955,native,44136500.74380165,
20828135,native,64777251.894117646,
20825057,native,33494323.048484847,
20828760,native,38211200.27536232,
20826605,native,41794847.333333336,
20825408,native,39544500.3,
20828315,native,18949058.366666667,
20825282,native,24521501.215789475,
20824079,native,46213056.23275862,
20829821,native,30968155.186335403,
20824970,native,33449411.877419356,
20824900,native,44849580.49557522,
20829240,native,52778183.87755102,
20829645,native,62269476.85882353,
20828755,native,25506015.21393035,
20828843,native,76770422.94117647,
20826593,native,71793284.12857144,
20827653,native,51678651.56989247,
20826716,native,31785061.286713287,
20826704,native,39305580.772357725,
20829773,native,56723128.578947365,
20829446,native,44731211.324324325,
20826728,native,36032804.76923077,
20827830,native,38561587.57936508,
20829727,native,50812692.10204082,
20825331,native,35532119.90070922,
20825164,native,37393069.698529415,
20829054,native,39427713.840707965,
20829218,native,76573924.48484848,
20827741,native,38089077.35555556,
20824876,native,49480026.41111111,
20824361,native,44599037.18181818,
20827090,native,51233235.13186813,
20827654,native,15967728.938709678,
20824174,native,34236235.42666667,
20829223,native,94595428.96226415,
20825237,native,69286035.95774648,
20827080,native,39090182.10144927,
20826341,native,58452589.84337349,
20829142,native,50130247.92079208,
20826073,native,39529922.396946564,
20824349,native,31353505.310126584,
20829060,native,43541994.83898305,
20829330,native,32273668.24050633,
20825956,native,36634643.26086956,
20826614,native,44681640.83050848,
20828136,native,36272425.27142857,
20825058,native,29291072.169590645,
20828761,native,34555013.06896552,
20829822,native,44874085.82653061,
20826606,native,37418680.96376812,
20825409,native,63522053.1875,
20825283,native,31859512.670886077,
20824080,native,44660911.43362832,
20824971,native,55803057.277777776,
20829646,native,44416779.95454545,
20828756,native,23856673.230769232,
20824901,native,16195191.99380805,
20828844,native,39588561.015625,
20828316,native,81754801.95238096,
20829241,native,51209948.190476194,
20825453,native,58818774.938271604,
20826594,native,39805022.21538462,
20829447,native,44296736.51351351,
20826717,native,52128594.873786405,
20826729,native,32015039.745341614,
20826705,native,43001561.78125,
20829728,native,27153104.82722513,
20827831,native,45708622.345132746,
20825165,native,28505452.335227273,
20829774,native,51920723.65740741,
20829219,native,34593792.07857143,
20829055,native,43613030.75221239,
20825332,native,40612265.16923077,
20827742,native,43691908.01724138,
20824877,native,34459837.783783786,
20824362,native,59712581.2,
20827091,native,14397288.713114753,
20827655,native,60199848.20481928,
20829224,native,46650679.81481481,
20828406,native,51425826.08,
20825238,native,26938615.67368421,
20829144,native,33241219.846153848,
20824350,native,39845459.7735849,
20829143,native,29963379.30625,
20826342,native,39557836.296875,
20829331,native,16527384.258302582,
20826074,native,51962474.54945055,
20829061,native,20759767.343478262,
20826615,native,39307529.73728813,
20825059,native,45026452.40776699,
20828762,native,18548758.276923075,
20828137,native,46143216.63106796,
20825957,native,65822038.875,
20826607,native,15515237.07973422,
20829823,native,39076177.21052632,
20824902,native,29451608.35333333,
20824972,native,29037081.333333332,
20824081,native,40746090.6779661,
20825410,native,39163957.9453125,
20825284,native,65477898.13333333,
20829242,native,32767527.34814815,
20829225,native,33026973.79054054,
20828845,native,30242278.496969696,
20829647,native,39525984.39849624,
20828317,native,50489602.571428575,
20826595,native,52438242.2,
20829448,native,30879005.062068965,
20825454,native,44669958.983050846,
20829150,native,45285864.783783786,
20825968,native,41996002.895238094,
20826730,native,37368568.82442748,
20824984,native,45095299.774774775,
20827832,native,33075413.31125828,
20829775,native,38894579.8359375,
20825166,native,36526383.03623188,
20825429,native,32064193.8404908,
20829729,native,62446467.26744186,
20825333,native,61438418.275,
20827743,native,33203408.269230768,
20824878,native,38576523.2962963,
20824363,native,47411584.86666667,
20826156,native,38189074.6,
20827092,native,64767025.345679015,
20825078,native,18067870.381944444,
20828407,native,42283895.99166667,
20829153,native,26093577.88,
20829332,native,29293174.777777776,
20829671,native,33529067.913907286,
20825101,native,42785745.32727273,
20825239,native,50600346.09009009,
20829145,native,93881510.98181818,
20826075,native,42087125.275,
20829648,native,35121618.26143791,
20828763,native,39057802.618644066,
20825060,native,34645090.32867133,
20826616,native,31147019.35757576,
20825958,native,30476036.0,
20826608,native,54072373.31111111,
20828138,native,43090046.96031746,
20829824,native,14287654.193641618,
20825411,native,41565649.5045045,
20824082,native,41040533.788135596,
20825285,native,30814401.25,
20825359,native,42337157.73275862,
20824973,native,44532938.75,
20824903,native,74813448.76470588,
20829243,native,52852186.56989247,
20828846,native,34697929.58571429,
20828318,native,15982577.003215434,
20825007,native,53802412.52222222,
20829449,native,32348133.25165563,
20826596,native,35833862.993103445,
20825455,native,18353008.582706768,
20826731,native,35047755.178571425,
20825969,native,45275133.72727273,
20824985,native,31941559.42580645,
20829151,native,45298567.518181816,
20829776,native,36324552.58778626,
20827833,native,39145859.408,
20825430,native,31622704.51552795,
20825167,native,42523326.97560976,
20829730,native,30547103.0,
20825334,native,43083005.26956522,
20824879,native,40308559.94594595,
20827744,native,20489644.098765433,
20824364,native,26999025.19148936,
20829788,native,32656292.30666667,
20826157,native,34110175.583333336,
20825079,native,56587217.45454545,
20829333,native,17764564.874074075,
20829672,native,32736166.265734266,
20825240,native,29892600.4375,
20828408,native,46530364.93636364,
20825102,native,51596588.97802198,
20829154,native,40586256.32539683,
20829649,native,35389588.39705882,
20829146,native,50678347.73469388,
20826076,native,50491538.0,
20828764,native,13986218.896067416,
20825061,native,60112640.95180723,
20826617,native,62143059.55,
20826609,native,36024334.428571425,
20825959,native,82140662.33333333,
20825286,native,48609412.79591837,
20829825,native,59167578.87209302,
20825412,native,31631208.81547619,
20824083,native,44300952.73043478,
20825360,native,28661888.262857143,
20828139,native,58035258.520833336,
20829244,native,40584866.6984127,
20824974,native,39395723.74264706,
20825008,native,34935852.73972603,
20824904,native,66715541.73076923,
20828847,native,41394133.488,
20829450,native,15197078.788571429,
20826597,native,28797516.955555554,
20828319,native,62236638.62352941,
20825970,native,47405408.40625,
20825456,native,76745086.0,
20826732,native,33927442.80794702,
20824986,native,42221297.71900827,
20829152,native,36168811.57931034,
20829777,native,35165532.6554054,
20825168,native,37864648.792,
20827834,native,35535620.62091503,
20825431,native,40927039.86776859,
20825335,native,35091709.687943265,
20829731,native,49810142.428571425,
20824880,native,38935280.70769231,
20827745,native,46723054.29661017,
20824365,native,56387463.94623656,
20829789,native,41962021.79130435,
20825080,native,41059970.87037037,
20826158,native,35342217.29285714,
20829334,native,24053229.404040404,
20825241,native,32069656.1986755,
20828409,native,38214353.99206349,
20825103,native,36462817.28985507,
20829673,native,33287910.64375,
20829147,native,23726837.62085308,
20829650,native,46571352.79047619,
20828765,native,40759462.488,
20826077,native,38710467.7480916,
20825062,native,36105996.06666667,
20826618,native,46380167.4,
20829155,native,54331151.54285714,
20825960,native,24775265.21276596,
20826610,native,39021761.103174604,
20825287,native,47579634.16,
20825413,native,43137795.35135135,
20829826,native,54050805.92307692,
20824084,native,56548312.058823526,
20825361,native,42903537.18103448,
20824975,native,30686079.93670886,
20824905,native,33040389.992857143,
20828140,native,44648654.73728813,
20825009,native,29999403.593939394,
20829245,native,33119459.85,
20828848,native,39191703.8359375,
20829451,native,67569106.60294117,
20828320,native,48556921.66336634,
20826598,native,34833329.26027397,
20825971,native,32980302.139240507,
20825457,native,60582273.2962963,
20826733,native,42856408.4661017,
20825019,native,45357269.554545455,
20824987,native,49233521.91428571,
20829778,native,46579529.5,
20827835,native,18229488.458181817,
20825169,native,49167497.74757282,
20825432,native,43374659.04424779,
20824881,native,40021795.048,
20825336,native,47442764.916666664,
20829732,native,45999205.88095238,
20827746,native,45411619.2920354,
20824366,native,41040988.92682927,
20825081,native,36084234.94736842,
20826159,native,47912334.12,
20829790,native,53268435.15,
20829335,native,28918797.31213873,
20825242,native,32440714.62837838,
20825104,native,31110429.33986928,
20828410,native,50857965.9009901,
20826078,native,29057072.284810126,
20825063,native,35548465.95488722,
20829674,native,41251784.1796875,
20828766,native,38878585.2519084,
20825113,native,28071535.01734104,
20826619,native,35517193.3,
20829651,native,33310403.310559005,
20829148,native,90515582.125,
20826611,native,23730963.118483413,
20825961,native,59965362.87209302,
20825288,native,31242425.406060606,
20825414,native,59228762.361445785,
20825362,native,45671106.66336634,
20824085,native,21870161.633333333,
20829827,native,33256278.198717948,
20829246,native,18154380.093283582,
20824906,native,28951560.6875,
20828141,native,39077116.276923075,
20824976,native,67555298.82894737,
20825010,native,57499429.09090909,
20829452,native,31330170.01840491,
20828849,native,57426698.27710843,
20828321,native,37074596.222222224,
20825458,native,30395197.49019608,
20826599,native,42658246.99152543,
20824988,native,25704415.022857144,
20825972,native,47608700.40952381,
20825020,native,45948578.79207921,
20826734,native,53096431.08791209,
20825170,native,30915374.14375,
20825433,native,35701369.192857146,
20829779,native,42331206.63636363,
20827836,native,66549044.618421055,
20824882,native,52048433.526315786,
20825337,native,38968108.72,
20829733,native,40656467.833333336,
20827747,native,31841965.18125,
20824367,native,13887863.035812672,
20825082,native,46813322.51428571,
20829791,native,46191779.858490564,
20826160,native,45172565.358333334,
20829336,native,19162458.901818182,
20825105,native,31792081.275641024,
20826079,native,53116788.98863637,gas-used mismatch for 0xd0cf6f916688d55930e30fa4a2c900d7ad014fc54a9cbf14a88551b066cf1d8f: expected 110817 found 56972
20828411,native,31911147.183006536,
20825064,native,41422610.82882883,
20825243,native,42921728.8203125,
20829675,native,39639459.61111111,
20825962,native,34174832.38888889,
20829149,native,31772436.09032258,
20826620,native,51044857.0625,
20828767,native,30540700.14619883,
20829652,native,47194748.44761905,
20825114,native,45598229.28695652,
20826612,native,64106064.4125,
20825289,native,49344080.00970874,
20825363,native,41826684.74166667,
20828142,native,34422762.56153846,
20825011,native,37662658.675,
20829828,native,50559500.267326735,
20829453,native,29293295.378205128,
20825415,native,67229025.81927711,
20824977,native,33534244.36170213,
20824086,native,63176785.61445783,
20824907,native,63994115.90361446,
20828850,native,41848144.7027027,
20829247,native,62400891.105882354,
20825459,native,52469747.384615384,
20828322,native,45193063.53982301,
20824989,native,65379614.881578945,
20825973,native,37055088.36029412,
20826735,native,1439601.4063218392,
20826600,native,63751494.73493976,
20829780,native,25059165.93548387,
20825021,native,55497897.421052635,
20824883,native,31317289.94375,
20825171,native,53425649.78640777,
20825434,native,69527575.32051282,
20829734,native,28932444.5875,
20825338,native,33525968.263513513,
20827837,native,54275113.03960396,
20825083,native,35966286.12,
20824368,native,72731216.07142857,
20827748,native,36483173.90322581,
20826161,native,33876270.894039735,
20829792,native,48300811.29565217,
20825106,native,30311058.99378882,
20829337,native,23054817.383333333,
20829676,native,38121928.96551724,
20826080,native,48508881.554545455,
20825065,native,38516745.96376812,
20825963,native,33814171.99315068,
20829653,native,40974406.37288135,
20828768,native,34967421.87586207,
20825013,native,45272396.946902655,
20825115,native,31157875.575,
20825364,native,49556578.03488372,
20826621,native,56103739.34065934,
20825089,native,46157285.61,
20825244,native,61606479.49462365,
20828412,native,63965144.91836735,
20829829,native,35988358.428571425,
20828143,native,36926096.7518797,
20825290,native,11177490.14516129,
20824087,native,35414689.955882356,
20825416,native,24701119.52195122,
20825012,native,32169543.53416149,
20824908,native,38381897.28333333,
20824978,native,45117047.28828829,
20829454,native,16719462.356037151,
20825460,native,55315356.52325582,
20828851,native,43511018.37391304,
20829248,native,53217206.63333333,
20824990,native,48420473.65263158,
20825022,native,36331590.97560976,
20828323,native,47039984.81818182,
20825300,native,35923808.178571425,
20825974,native,69230698.86666666,
20829781,native,54487882.71428572,
20826736,native,78541535.33333333,
20829735,native,42474618.805309735,
20825435,native,71288783.74285714,
20825172,native,44200451.95652174,
20825339,native,44882178.51351351,
20827838,native,41913508.22881356,
20824884,native,47718065.355932206,
20824369,native,30584539.86904762,
20825084,native,48203600.63888889,
20827749,native,33843030.31081081,
20829338,native,22837583.224489797,
20829793,native,24119970.16915423,
20829677,native,31321166.786206897,
20826162,native,49367266.73584906,
20825107,native,45709932.58558559,
20825014,native,7781266.294014084,
20825066,native,37517274.223076925,
20825365,native,47833714.04301076,
20829654,native,46266157.62376238,
20826622,native,12635130.95212766,
20826081,native,25072049.095022626,
20825964,native,41952743.504065044,
20825090,native,30248109.639240507,
20825116,native,35989541.83916084,
20825245,native,42026157.52173913,
20828769,native,42648700.040650405,
20828413,native,38466350.452380955,
20828144,native,28333527.503067486,
20829830,native,32518384.23178808,
20825095,native,54522228.72289157,
20824088,native,49341900.0,
20824909,native,41080389.14782609,
20824979,native,42383633.21238938,
20825417,native,49399544.908163264,
20825291,native,82303425.31034483,
20828852,native,35008521.278195485,
20825461,native,46346854.28571428,
20829249,native,37946643.28244275,
20824991,native,53193133.46590909,
20825023,native,14459256.712609971,
20829455,native,64313388.18072289,
20825975,native,5536473.855813953,
20829782,native,55287437.41860465,
20826737,native,47897503.75510204,
20825301,native,55897515.42045455,
20828324,native,44026844.60344828,
20829736,native,39535908.928571425,
20825436,native,30985406.779141106,
20827839,native,33295888.083916083,
20825173,native,59965764.74117647,
20825340,native,59367213.313253015,
20824885,native,34304397.83108108,
20828863,native,34389529.608391605,
20824370,native,29960549.462427747,
20825085,native,51848911.01,
20829339,native,25875698.259067357,
20829678,native,23056202.964444444,
20829794,native,50675064.77669903,
20826163,native,17035704.46226415,
20825108,native,36489110.91489362,
20825366,native,39657024.515873015,
20825067,native,37592001.114285715,
20826623,native,62154146.776315786,
20825015,native,75091533.52941176,
20826082,native,33467967.273972604,
20828770,native,32805287.76712329,
20825117,native,29364821.00595238,
20825246,native,40362363.520325206,
20829655,native,34616815.78881988,
20825965,native,37741875.12142857,
20825091,native,79218633.23076923,
20828414,native,32235956.618181817,
20828145,native,42883845.03448276,
20824089,native,36609673.984615386,
20825096,native,42455292.576271184,
20824910,native,25367066.66,
20829831,native,43134955.168,
20824980,native,33880343.766666666,
20825418,native,37632543.41304348,
20825292,native,61037146.23529412,
20828853,native,35743906.608391605,
20825462,native,37117093.39007092,
20826015,native,43197880.03478261,
20824992,native,51437938.16831683,
20825024,native,55150516.08888889,
20825302,native,34560156.41304348,
20829456,native,44533379.97619048,
20829783,native,43549064.637931034,
20825976,native,89225395.9,
20826738,native,43809903.516666666,
20828325,native,48635359.27272727,
20825437,native,38886152.49206349,
20827840,native,43645831.220338985,
20825341,native,44567580.371681415,
20825174,native,36227780.51048951,
20824886,native,40777486.264,
20829737,native,48594375.672413796,
20828864,native,44162130.34259259,
20825086,native,35795563.6617647,
20824371,native,50040086.66037736,
20829340,native,21436853.251121078,
20825109,native,36039049.76153846,
20829795,native,39866704.89256199,
20826164,native,77961560.58333333,
20829679,native,55199568.95604396,
20825367,native,32717953.102739725,
20825118,native,27965897.5,
20826624,native,40705517.6097561,
20825016,native,41554305.28455284,
20825247,native,41684044.8,
20826083,native,47440960.38181818,
20828771,native,34103888.49333333,
20825068,native,50794903.11111111,
20825966,native,30445238.957575757,
20829656,native,56252243.89772727,
20825092,native,44678911.65765766,
20828415,native,29312951.175438598,
20828146,native,36506389.59398496,
20825097,native,22458360.572727274,
20824911,native,22734755.671296295,
20824090,native,41766978.096,
20829832,native,49740305.114583336,
20825419,native,48277395.10891089,
20824981,native,50027307.485436894,
20825463,native,30332781.46060606,
20826016,native,34086639.11724138,
20828854,native,47076050.556603774,
20825293,native,37237453.78571428,
20825025,native,39324071.3902439,
20824993,native,31136187.50625,
20825303,native,41566402.80508474,
20829457,native,32496891.496732026,
20829784,native,29686715.994117647,
20825977,native,40520937.704,
20826739,native,56267677.78021978,
20827841,native,30855034.848484848,
20825438,native,45086709.37190083,
20825342,native,48278238.733333334,
20828326,native,39858512.02836879,
20825175,native,56317677.93548387,
20824887,native,54013783.21428572,
20829738,native,30905122.24590164,
20828865,native,35292744.76712329,
20824372,native,58864277.345679015,
20825087,native,44071675.69491526,
20829341,native,21507072.0373444,
20826165,native,38669922.25833333,
20825110,native,81821765.04918033,
20829796,native,40641774.853846155,
20825368,native,53608657.989247315,
20825119,native,70425908.5,
20825248,native,31679530.793548387,
20829680,native,40935394.333333336,
20826765,native,49409816.24752475,
20825017,native,47253919.38181818,
20829657,native,33918698.7,
20826084,native,36722626.364285715,
20825093,native,30877543.613496933,
20825069,native,34623517.4527027,
20828147,native,30239181.052287582,
20825967,native,55022632.0,
20828772,native,33848342.26086956,
20828416,native,65367518.80263158,
20825098,native,58191439.67469879,
20824091,native,37592468.375,
20824912,native,42823921.0338983,
20824982,native,38829274.387931034,
20825420,native,42189305.4054054,
20829833,native,35461599.11724138,
20825294,native,38110111.047619045,
20826017,native,35721717.492753625,
20825464,native,62150119.3875,
20828855,native,43385685.0173913,
20825026,native,35725022.1884058,
20824994,native,17859305.20503597,
20829785,native,34604498.25384615,
20825304,native,36334386.71755725,
20829458,native,60944819.73493976,
20825978,native,42965424.31034483,
20826740,native,43073859.08264463,
20827842,native,45043957.97272728,
20825343,native,48093528.67619047,
20828327,native,48355529.89108911,
20825439,native,43083235.80991735,
20824888,native,28910222.674698796,
20825176,native,47731425.583333336,
20829739,native,35653481.95652174,
20825088,native,35701680.02307692,
20828866,native,39493394.07692308,
20824373,native,47409609.63809524,
20826166,native,43979019.07619048,
20829342,native,23193895.045454547,
20829797,native,36544563.166666664,
20825111,native,93831868.05454545,
20825369,native,52663703.604166664,
20826766,native,22146772.36238532,
20829658,native,51007184.64835165,
20825249,native,35947124.74125874,
20825120,native,29420286.21590909,
20826085,native,53112382.96703297,
20829681,native,33348774.329192545,
20825018,native,33382131.21875,
20825094,native,27199366.188481674,
20828869,native,21288941.55,
20828148,native,56595199.461538464,
20828417,native,28610260.565714285,
20825070,native,37330406.26,
20825099,native,36762691.74637681,
20828773,native,32693155.641618498,
20825421,native,40302567.682926826,
20824913,native,62669269.777777776,
20824092,native,54193761.3877551,
20824983,native,30271865.252808988,
20829834,native,44968397.486725666,
20825295,native,52606090.041666664,
20825027,native,48393930.92079208,
20826018,native,23444079.633027524,
20828856,native,39502361.928571425,
20824995,native,69961647.52941176,
20825465,native,33530801.56962025,
20829459,native,31591959.115942027,
20829786,native,50307497.56435644,
20825305,native,54698497.24731183,
20825979,native,37553567.36029412,
20826741,native,58851301.97647059,
20827843,native,43385587.00925926,
20825344,native,27253703.78918919,
20828328,native,41866217.18333333,
20824889,native,78689678.98461539,
20825440,native,46642696.58181818,
20825177,native,26542843.638743456,
20829740,native,49477970.916666664,
20824374,native,43827764.78640777,
20828867,native,22766256.92,
20828218,native,38689641.42748091,
20826167,native,51157884.51612903,
20829343,native,25357546.07253886,
20825112,native,29158684.005714286,
20829798,native,39932931.67175572,
20829659,native,33002478.62162162,
20825370,native,60861246.54216868,
20825250,native,35098228.67586207,
20826767,native,52286277.08163265,
20825121,native,34372738.18666667,
20829682,native,29833452.89440994,
20826086,native,55430474.375,
20828870,native,38689155.17460317,
20829787,native,59532621.62962963,
20829906,native,51150813.114583336,
20828149,native,30698187.98757764,
20825071,native,73554767.90769231,
20828774,native,34816517.145038165,
20825100,native,41893743.41322314,
20828418,native,36629958.93006993,
20825476,native,30807465.674846627,
20825422,native,42113860.93650793,
20828857,native,38884573.63478261,
20828872,native,45975311.768518515,
20825028,native,20877550.41125541,
20824914,native,30886851.08426966,
20824996,native,42753904.445454545,
20829835,native,43679975.75423729,
20825296,native,41982377.26271187,
20825466,native,29420870.052941177,
20829460,native,43885981.31531531,
20826019,native,86504820.33928572,
20825001,native,30636909.645962734,
20825306,native,46239869.87962963,
20825980,native,47123097.73584906,
20826742,native,35348922.07692308,
20825345,native,25305281.958115183,
20827844,native,44718327.25,
20825441,native,28492014.64117647,
20825178,native,41772982.26086956,
20828329,native,48095416.873873875,
20829741,native,28536201.756906077,
20827937,native,51323469.22772277,
20828219,native,58354361.78888889,
20826168,native,41284677.7398374,
20829344,native,39302632.4453125,
20828868,native,93063061.21818182,
20829799,native,35804779.1171875,
20825447,native,35555871.75714286,
20829660,native,36655814.48529412,
20825371,native,55581639.125,
20826768,native,31638966.787096772,
20825122,native,30534439.931677017,
20826087,native,16162977.042904291,
20825251,native,51383366.591836736,
20829683,native,35005205.45945946,
20825488,native,39787715.568,
20828871,native,36351837.885714285,
20829907,native,47834991.3047619,
20828150,native,58050550.92941176,
20828775,native,47545126.027027026,
20824998,native,38358081.924812034,
20825072,native,50209487.067961164,
20825477,native,45121991.67961165,
20824997,native,72492322.14285715,
20828858,native,41683004.53982301,
20824915,native,37633232.68461538,
20825467,native,24866432.953846153,
20828419,native,65039244.921052635,
20829836,native,34220270.20689655,
20825423,native,37436924.120300755,
20828873,native,33536279.68243243,
20825029,native,61696022.0375,
20825297,native,30285031.88235294,
20829461,native,38074252.79259259,
20825002,native,23398957.375586856,
20826020,native,50594770.72277228,
20825307,native,48634271.86,
20825981,native,32737031.94375,
20826743,native,37685473.10687023,
20825346,native,65745033.37142857,
20827845,native,38506313.04615384,
20825179,native,56176885.0,
20825442,native,50396355.75,
20828330,native,37205340.4296875,
20829742,native,32376739.11258278,
20827938,native,34474552.73758865,
20826169,native,35059800.984962404,
20828220,native,45505053.0,
20829345,native,31464372.625,
20825444,native,49305263.0,
20829800,native,31313442.490322582,
20825448,native,38931327.96031746,
20829661,native,46180555.55555555,
20825372,native,40931946.24,
20825123,native,25651567.075,
20826088,native,71431178.74647887,
20825252,native,35075203.92715232,
20825298,native,19637264.8671875,
20826769,native,47304989.25423729,
20829684,native,32071499.606060605,
20825489,native,40164969.4296875,
20829908,native,52815893.87368421,
20828151,native,45872477.981818184,
20825073,native,56899623.483516484,
20824999,native,38633386.15942029,
20825478,native,36825024.908396944,
20828859,native,38217705.56349207,
20828776,native,42643639.64,
20825030,native,41161850.74336283,
20828420,native,49201050.56435644,
20825424,native,40906605.3553719,
20825309,native,46751029.41739131,
20828874,native,46337256.29090909,
20829837,native,52391729.89108911,
20825468,native,69827537.34666666,
20829462,native,16302375.903536977,
20825308,native,40029989.52542373,
20825003,native,41205419.84920635,
20824916,native,53910233.09090909,
20826021,native,35124902.006410256,
20826744,native,43566585.094339624,
20825347,native,38782898.20634921,
20825982,native,56724941.19354839,
20825180,native,36263167.77862596,
20828331,native,51014922.817204304,
20827846,native,68536105.86666666,
20825443,native,45828169.10619469,
20829743,native,39590478.35714286,
20827939,native,40360681.948275864,
20826170,native,39506735.796875,
20829346,native,33685424.24137931,
20829801,native,35806883.231884055,
20825445,native,48603043.7735849,
20828221,native,32865802.74233129,
20825449,native,38941194.06923077,
20829662,native,53394946.92473118,
20825373,native,32481595.987096775,
20825124,native,25952559.794736844,
20826089,native,29770628.751552794,
20825253,native,38685189.62698413,
20825299,native,75126526.07692307,
20825490,native,36551610.08148148,
20826770,native,27719776.262295082,
20829909,native,39629473.30894309,
20829685,native,47884840.27027027,
20828152,native,55620708.43333333,
20825074,native,35791181.948148146,
20825000,native,42156448.40833333,
20825479,native,56160414.97777778,
20828860,native,51143691.0,
20829665,native,31382861.025,
20825310,native,24673159.93877551,
20828777,native,39503383.05925926,
20825425,native,30074977.288235296,
20825004,native,64711526.2368421,
20825469,native,45917617.96226415,
20828421,native,61798094.97647059,
20829838,native,31252434.086705204,
20828171,native,36840374.19259259,
20824917,native,44451420.71551724,
20825382,native,35042140.77483444,
20829463,native,54145113.1,
20826022,native,47973128.718446605,
20826745,native,52474966.822916664,
20825348,native,31265904.69375,
20825983,native,30352151.54819277,
20828332,native,44985179.85714286,
20827847,native,22993552.68325792,
20825181,native,60089833.53409091,
20827940,native,53444801.03409091,
20825394,native,44092455.8362069,
20829744,native,53401856.051020406,
20826171,native,59864833.34117647,
20828222,native,26855708.12865497,
20829347,native,51890841.97,
20825446,native,44777961.72413793,
20829802,native,46925786.04504505,
20826090,native,34518108.49230769,
20825450,native,33738962.04666667,
20829664,native,35227834.073529415,
20829663,native,30371232.98809524,
20825374,native,34014327.6554054,
20825491,native,38534624.45528455,
20826771,native,35467585.25185185,
20829686,native,7735622.214285715,
20825254,native,26544472.27363184,
20829910,native,46872516.80188679,
20825482,native,43906078.03333333,
20828153,native,30293046.57738095,
20825075,native,45033406.91818182,
20829953,native,39621221.34146342,
20825480,native,35234580.67391305,
20825005,native,24739082.772727273,
20828778,native,34703130.5037594,
20828861,native,27052022.355555557,
20825311,native,26506501.25945946,
20825383,native,51803809.525,
20825470,native,37447201.17037037,
20829666,native,40518775.6984127,
20828422,native,40296161.18699187,
20829839,native,41499817.30434783,
20825426,native,71410911.3,
20828172,native,51203699.625,
20824918,native,49507802.76,
20826746,native,43192455.58252427,
20826023,native,37978511.359375,
20829464,native,42723266.391666666,
20828333,native,28255470.4875,
20825984,native,44283989.41441441,
20825349,native,35264056.37062937,
20827848,native,69633751.33802816,
20825182,native,7927335.8984375,
20827941,native,35524191.54135338,
20825395,native,30593354.63803681,
20829745,native,37705081.86231884,
20826172,native,43345303.923728816,
20825427,native,44196836.04237288,
20828223,native,46966417.38888889,
20829348,native,30339605.46987952,
20825451,native,31499219.816993464,
20829803,native,40304856.19166667,
20826091,native,47732426.941747576,
20825388,native,16974213.962837838,
20825375,native,75060292.64705883,
20826772,native,39633420.16030534,
20829911,native,33780551.08275862,
20825492,native,52331506.85436893,
20825255,native,50605224.88118812,
20829687,native,65888099.756410256,
20828154,native,38556132.631578945,
20825483,native,48268783.61818182,
20825076,native,39871756.54347826,
20828779,native,24622611.75252525,
20825481,native,47907207.72727273,
20825006,native,38385206.919117644,
20829954,native,39022015.68965517,
20825384,native,33591796.81699347,
20825194,native,42154803.8699187,
20828862,native,30366206.179775283,
20829465,native,33958238.7398374,
20829667,native,35928699.99300699,
20828173,native,51219738.666666664,
20826788,native,32038849.2375,
20824919,native,43051898.30434783,
20825471,native,46612163.483333334,
20828423,native,54002997.69,
20826747,native,26286891.12565445,
20826024,native,11467861.948430493,
20828334,native,51222531.98863637,
20829840,native,48359568.415254235,
20825350,native,40718092.29268292,
20825985,native,38461384.876811594,
20827849,native,34889747.10344828,
20827942,native,45555086.04504505,
20825183,native,74985874.96969697,
20825396,native,49995359.723809525,
20829746,native,37315437.42962963,
20826173,native,12384988.61,
20828224,native,37925260.015384614,
20825428,native,45110627.486725666,
20829349,native,32893456.496732026,
20825452,native,30889157.425,
20826092,native,46552643.99056604,
20829804,native,48164750.63106796,
20825389,native,60095789.086419754,
20825376,native,43454339.344827585,
20829912,native,64029293.57333333,
20826773,native,47214679.02830189,
20825256,native,42726234.06034483,
20825493,native,33768514.26,
20829688,native,32082353.85625,
20825484,native,29918213.803680982,
20828155,native,74186597.3030303,
20825077,native,38003016.176923074,
20825473,native,37393198.06349207,
20825385,native,40657289.83969466,
20829955,native,46012284.86363637,
20825195,native,50715951.322916664,
20829668,native,25276026.916230366,
20828424,native,44624100.44,
20828780,native,67746689.325,
20826789,native,35565092.18571428,
20828174,native,42437165.3902439,
20825472,native,41261960.96666667,
20824920,native,39017930.84962406,
20828335,native,49919862.694736846,
20829466,native,45716234.90082645,
20826748,native,58552761.67469879,
20829841,native,32929096.474683546,
20826025,native,67854423.51851852,
20825351,native,58725489.67469879,
20825986,native,37251655.4822695,
20825184,native,34430921.06993007,
20827943,native,39941557.872,
20827850,native,45347092.573913045,
20825397,native,38557471.91304348,
20829747,native,39566141.6953125,
20829859,native,14009991.182089552,
20826174,native,65686743.921052635,
20829350,native,26537226.128205128,
20828225,native,48099749.81481481,
20826109,native,53929378.489795916,
20826093,native,39982964.648,
20829805,native,47093096.018867925,
20825390,native,86405726.75,
20825377,native,29097560.35151515,
20826132,native,40427204.92413793,
20829913,native,34603283.82442748,
20826774,native,33605519.03546099,
20825494,native,36813747.01526718,
20829689,native,37748787.30081301,
20825257,native,49509130.58181818,
20825485,native,66626729.384615384,
20828156,native,49198831.02912621,
20828159,native,34001653.00675676,
20829956,native,7777.6960938048915,
20825386,native,54926740.930232555,
20825474,native,37884135.0078125,
20825196,native,27544295.055248618,
20829669,native,32965900.933774833,
20828425,native,32652273.298013244,
20826790,native,53747972.777777776,
20825475,native,29977955.46470588,
20829806,native,33713369.19310345,
20824921,native,50370575.26530612,
20829467,native,31909977.264900662,
20828175,native,33768267.75163399,
20826749,native,42556638.423728816,
20828336,native,35694807.90909091,
20829842,native,66030609.94871795,
20826026,native,46429128.17142857,
20825352,native,48435705.824074075,
20825987,native,44513498.2920354,
20825185,native,47465727.89622641,
20827944,native,39089428.54074074,
20827851,native,49684364.820754714,
20825398,native,47344583.97142857,
20829748,native,38637709.93129771,
20826175,native,38438230.176470585,
20829860,native,61874243.469879515,
20829351,native,29324278.782857142,
20828031,native,37798856.13076923,
20826110,native,43168338.30894309,
20828226,native,48220327.873873875,
20826133,native,48330506.316831686,
20825391,native,48205275.824074075,
20826094,native,66683875.87654321,
20826775,native,24031651.243781094,
20829690,native,31068912.22875817,
20825378,native,43542698.9296875,
20829914,native,35815051.02649007,
20825495,native,39106678.0,
20825258,native,47073745.62135922,
20825486,native,28850484.191011235,
20828160,native,33782458.66896552,
20828157,native,31882185.245614037,
20828453,native,40056315.618320614,
20825991,native,28514027.111111112,
20825387,native,33533592.69032258,
20828426,native,41966965.216216214,
20829957,native,71800324.41176471,
20829670,native,28548457.005780347,
20824922,native,46429023.08421053,
20826791,native,39837841.624,
20825197,native,64753528.1627907,
20828176,native,38531616.3984375,
20829468,native,51376947.958333336,
20829807,native,45996473.761061944,
20826750,native,33175644.993333332,
20828337,native,34889931.09150327,
20826027,native,39118867.12,
20829843,native,39402037.50909091,
20825186,native,36389927.46280992,
20825353,native,36494898.10769231,
20825988,native,50266276.905263156,
20827945,native,38413201.333333336,
20827852,native,23914843.531707317,
20825399,native,36866783.452380955,
20829749,native,27613467.900552485,
20829861,native,45591687.4245283,
20826176,native,49729440.17,
20828227,native,32968660.713235293,
20828032,native,37522648.5112782,
20829352,native,33367111.39102564,
20826111,native,35451305.20567376,
20826134,native,41326456.56896552,
20825392,native,34364297.09589041,
20829691,native,29647639.472392637,
20826776,native,51802983.11578947,
20829915,native,48841185.1632653,
20825496,native,36900430.624060154,
20825379,native,32099806.596153848,
20825259,native,39755588.96551724,
20826095,native,68854037.12,
20825487,native,50428562.98058253,
20825992,native,52227242.10989011,
20824923,native,33895653.02173913,
20828454,native,44013805.3539823,
20828158,native,26962431.968421053,
20828161,native,48604549.99090909,
20828427,native,36044823.87857143,
20825380,native,50698343.732673265,
20829958,native,41115697.484126985,
20825497,native,41438065.833333336,
20826792,native,41608430.016949154,
20829808,native,44281128.236363634,
20825198,native,51615943.37,
20829469,native,38646463.88970588,
20828338,native,62096737.7625,
20828177,native,47642384.55371901,
20826751,native,41977103.78947368,
20826028,native,48957579.893203884,
20829844,native,29047459.651685394,
20825354,native,14140572.255882353,
20825989,native,43424532.75206611,
20825187,native,40108605.32857143,
20827853,native,41822477.90909091,
20827946,native,52710311.67619047,
20825400,native,42673735.44166667,
20829750,native,35056977.25827815,
20826177,native,48547506.057142854,
20828228,native,46541888.267326735,
20829862,native,57467143.55913979,
20829353,native,34229995.93835616,
20828033,native,36275303.34057971,
20826112,native,42494805.03305785,
20826135,native,36307574.26086956,
20829692,native,34922151.56390978,
20829916,native,35479452.484126985,
20825393,native,40617704.951219514,
20826777,native,44341396.36363637,
20825260,native,33902825.2,
20828359,native,49667148.9,
20826096,native,50140354.22,
20826120,native,48760602.30555555,
20828382,native,27392020.43258427,
20825993,native,46482425.21904762,
20824924,native,34136608.37671233,
20828165,native,45657183.46363636,
20828428,native,45259901.14285714,
20829959,native,13971625.212827988,
20828162,native,43112320.50847457,
20825381,native,50387518.60204082,
20825498,native,29040160.72159091,
20828455,native,56342322.854166664,
20826793,native,70955967.50704226,
20829470,native,28223875.61764706,
20829809,native,33065963.651612904,
20825199,native,39234883.25954199,
20828339,native,41721512.048,
20826029,native,47645300.352380954,
20828178,native,35890618.862068966,
20826752,native,34613297.754966885,
20829845,native,41881976.45528455,
20825355,native,60476265.197674416,
20825990,native,38108210.9921875,
20825188,native,42140106.63559322,
20827854,native,45870669.70754717,
20827947,native,44871431.731481485,
20825401,native,51604865.583333336,
20829751,native,12417356.562962962,
20829863,native,50041443.989247315,
20829354,native,33937160.67832168,
20826178,native,36424067.58940397,
20828229,native,39507409.15,
20826113,native,39900932.65079365,
20828034,native,49769035.5,
20826136,native,52019331.37755102,
20829693,native,38305501.08888889,
20826778,native,32982344.60784314,
20829917,native,43634351.6,
20825261,native,13352911.148418492,
20828360,native,48989173.19417476,
20826121,native,34127328.44520548,
20826097,native,43414357.75833333,
20828166,native,33023169.0,
20824925,native,65740608.626666665,
20825994,native,39234769.21374046,
20828163,native,30799545.0625,
20828429,native,40159683.95419847,
20828383,native,66350143.053333335,
20829390,native,38983650.93129771,
20829960,native,60883458.035294116,
20828456,native,36742185.90977444,
20829471,native,49285253.677083336,
20825499,native,64923261.1625,
20826794,native,37651384.00763359,
20826103,native,44714325.65765766,
20829810,native,28930090.666666668,
20825200,native,46034596.08490566,
20826030,native,38358859.024,
20828340,native,34226906.10344828,
20828179,native,46024231.50925926,
20826753,native,48017556.300970875,
20825357,native,32107461.780141845,
20829846,native,46673915.518518515,
20825402,native,28274798.643356644,
20825356,native,55055695.68888889,
20827948,native,36972113.96,
20825189,native,45036341.18918919,
20827855,native,40187787.23966942,
20829752,native,55513732.87368421,
20829355,native,26090042.408602152,
20829864,native,46907694.0,
20826179,native,28023560.254335262,
20826114,native,38927626.3984375,
20826137,native,29213196.85380117,
20828035,native,36346324.76428571,
20828230,native,54326111.03125,
20826779,native,52082784.6875,
20829694,native,34603137.39726027,
20829918,native,37868274.155555554,
20828361,native,38843990.16030534,
20826122,native,57388913.68181818,
20825262,native,68823790.38028169,
20826098,native,41894118.53658537,
20828167,native,35768481.08275862,
20824926,native,30194848.423529413,
20828164,native,31680295.55757576,
20829961,native,30954006.441717792,
20825995,native,115444781.6521739,
20828384,native,35015681.0472973,
20828430,native,34881304.37086093,
20828457,native,62356383.333333336,
20829391,native,40346282.827067666,
20825201,native,66896056.63235294,
20828370,native,40392348.424,
20826795,native,37300086.057971016,
20829472,native,42446197.453125,
20826104,native,36773293.262068965,
20829811,native,46602852.48648649,
20825191,native,29435358.369863015,
20826031,native,34600196.60135135,
20828180,native,21673161.758474577,
20826754,native,33521877.073333334,
20828341,native,39724342.51908397,
20825358,native,43161299.78512397,
20829847,native,64458201.723684214,
20827949,native,38494796.74045801,
20825403,native,45477462.60869565,
20827856,native,63571526.88888889,
20825190,native,59258515.21111111,
20829753,native,44639389.10344828,
20829356,native,31042582.936170213,
20829865,native,40204698.29565217,
20826180,native,52199329.41935484,
20829695,native,23890113.397790056,
20826115,native,37686550.8203125,
20826138,native,53770255.011627905,
20828231,native,44941315.56363636,
20828036,native,41959901.94067796,
20826780,native,28729940.539325844,
20829919,native,37996629.723076925,
20828362,native,28316638.579545453,
20825263,native,29427907.416666668,
20826123,native,14831093.248554913,
20826099,native,39089859.573529415,
20828168,native,36953923.091603056,
20824927,native,39100300.05263158,
20825202,native,12876669.379310345,
20825996,native,43263068.876106195,
20828385,native,35957366.308823526,
20829392,native,39117280.18644068,
20829962,native,65458005.22666667,
20828431,native,44158002.981981985,
20826796,native,38632683.5859375,
20828458,native,61006243.197530866,
20829473,native,27325308.193370167,
20828371,native,56501465.755555555,
20826105,native,17421256.20689655,
20825404,native,58327172.44705883,
20825192,native,30592140.73809524,
20826032,native,33213678.153846152,
20828342,native,24996835.167487685,
20826755,native,33879032.42307692,
20825193,native,44867105.718446605,
20829848,native,35674476.46099291,
20828181,native,73985895.80882353,
20827950,native,60591124.76470588,
20827857,native,24494956.766666666,
20826106,native,50837417.38095238,
20829357,native,33468954.2,
20829754,native,38115010.97777778,
20829866,native,43087548.2601626,
20826139,native,33837317.615384616,
20829696,native,51412685.85,
20828232,native,35326761.45384616,
20826116,native,40341010.3046875,
20826181,native,46654228.766666666,
20826781,native,51751607.90625,
20828037,native,41262576.42748091,
20829920,native,43043414.50847457,
20828363,native,45472836.7962963,
20825264,native,37219011.42748091,
20826124,native,51936984.09677419,
20828169,native,42140435.5,
20826100,native,47606099.81553398,
20824928,native,54542072.05813953,
20829393,native,33287167.363636363,
20828386,native,33837494.93006993,
20825997,native,44081853.69090909,
20829963,native,47318874.22772277,
20825203,native,62796228.641975306,
20828170,native,40266340.180451125,
20826797,native,36815335.52380952,
20828432,native,34324166.105960265,
20825405,native,41169240.09565217,
20829474,native,42553920.0173913,
20826800,native,26138930.933701657,
20828459,native,43569794.0173913,
20829976,native,56399256.692307696,
20824931,native,43376418.36792453,
20828372,native,49440079.342857145,
20826033,native,62271658.03703704,
20828343,native,59555218.927710846,
20829849,native,37563426.51145038,
20828182,native,45716461.85185185,
20826756,native,37454817.20979021,
20827951,native,64590460.118421055,
20827858,native,39455975.74615385,
20826107,native,63097372.6625,
20829358,native,20777814.268292684,
20829755,native,58410670.8372093,
20829867,native,19339192.311594203,
20829697,native,31488451.84177215,
20826182,native,15961539.42857143,
20826140,native,47269331.72727273,
20826117,native,43624749.860869564,
20828233,native,55984746.77419355,
20826782,native,25966796.049261082,
20828364,native,39176449.844827585,
20828038,native,37252841.481203005,
20826118,native,38086814.43650793,
20829921,native,49868216.216981135,
20826125,native,41225099.88888889,
20828347,native,38535049.99236641,
20825998,native,37120166.71428572,
20826101,native,59213575.3372093,
20828387,native,38881603.56153846,
20824929,native,38400296.52857143,
20829964,native,33254378.393333334,
20829706,native,36721865.86466166,
20829394,native,60655767.73493976,
20826798,native,32519775.296774194,
20825204,native,47065921.415929206,
20828433,native,41146768.6504065,
20829977,native,38121183.68595041,
20824932,native,34194332.62937063,
20826801,native,41392930.57024793,
20828460,native,39978990.984,
20824930,native,45598921.791666664,
20829475,native,63302772.95294118,
20828344,native,34464079.868965514,
20826034,native,42322969.67768595,
20829850,native,30510629.806060605,
20828183,native,42849377.0,
20826757,native,32227290.352564104,
20827952,native,37659328.17557252,
20828373,native,77085714.33333333,
20827859,native,52324363.03333333,
20826108,native,47458533.81132075,
20829359,native,32586270.80666667,
20829988,native,47816680.10810811,
20829756,native,41099596.04958678,
20829868,native,55492288.897435896,
20829698,native,35041547.06428572,
20826141,native,38439513.692307696,
20826183,native,42242882.93333333,
20826783,native,33289504.63829787,
20829982,native,58602306.62790698,
20828234,native,40539375.6,
20828365,native,46417647.81132075,
20828039,native,33527630.35333333,
20826119,native,51794428.02970297,
20826126,native,36869367.63970588,
20828348,native,38047710.9453125,
20829922,native,19962864.310714286,
20825999,native,34799701.54609929,
20828388,native,45280230.95283019,
20826102,native,47532989.37142857,
20829965,native,38744563.7890625,
20829707,native,51547319.635416664,
20829395,native,47931857.84761905,
20828441,native,68557374.32876712,
20825205,native,37592125.328125,
20826799,native,38857087.81538462,
20828434,native,46702951.65048543,
20829978,native,42562747.725,
20826802,native,32950777.751633987,
20828461,native,33531886.073333334,
20824933,native,40994866.13846154,
20828345,native,53945118.2962963,
20829476,native,29954170.217647057,
20826035,native,39786909.08461539,
20826758,native,35693715.780141845,
20827953,native,32716993.217948716,
20829851,native,61129255.011627905,
20828184,native,54841416.030612245,
20828374,native,40263232.80152672,
20827860,native,33244115.23125,
20829366,native,41715289.88095238,
20829360,native,24106910.50462963,
20829989,native,41780007.858333334,
20829757,native,31453186.82208589,
20829869,native,45923509.981981985,
20829699,native,51168043.428571425,
20826142,native,43373077.95689655,
20829983,native,30757734.099378884,
20826784,native,37383434.65925926,
20828235,native,37725119.38095238,
20828394,native,12042926.852777777,
20828040,native,36457805.007407404,
20826184,native,86995475.13114753,
20828366,native,28064160.78817734,
20826127,native,50968103.6632653,
20828349,native,52817222.4375,
20829923,native,60852213.618421055,
20826000,native,35589387.44927536,gas-used mismatch for 0x50addaa09eab5234a155a3f739c6ac61302e179c0ca2e40c5503eadf706939da: expected 110817 found 56972
20828389,native,29921388.86956522,
20825206,native,39725360.655172415,
20828265,native,45260752.09259259,
20829396,native,27326292.129213482,
20829929,native,64835336.88,
20829708,native,35716397.433566436,
20828435,native,38767939.13333333,
20827984,native,29763743.55862069,
20828442,native,45537773.33913043,
20829966,native,56139960.802083336,
20829979,native,34228713.074324325,
20826803,native,60991403.074074075,
20824934,native,51201676.06122449,
20828462,native,38449367.321428575,
20828346,native,55183374.296703294,
20829477,native,36070353.28571428,
20826036,native,45737334.10810811,
20828185,native,37355289.676923074,
20829852,native,38548415.8828125,
20827954,native,43496941.18584071,
20826759,native,29989946.32972973,
20827861,native,45641581.92727273,
20828375,native,44622725.104347825,
20829361,native,45126032.23584906,
20829367,native,48208843.95283019,
20829990,native,36955362.92142857,
20829758,native,45163210.75454546,
20829870,native,37494696.65625,
20829700,native,19864641.927419353,
20826785,native,11183531.493333334,
20826143,native,52801566.34,
20829984,native,38256372.97794118,
20826185,native,47393825.61386139,
20828041,native,33573824.91025641,
20828236,native,46977757.817391306,
20828395,native,79700861.28787878,
20826128,native,36995471.562962964,
20828350,native,42816610.58260869,
20828367,native,78263656.05882353,
20825207,native,37475514.20769231,
20829924,native,47890664.20909091,
20826001,native,36785955.571428575,
20828390,native,31091604.755681816,
20828266,native,51215588.69306931,
20828436,native,46192229.472222224,
20829967,native,35663699.45185185,
20829397,native,49584010.5462963,
20829930,native,51106893.84466019,
20829709,native,32318339.94642857,
20828443,native,33356725.62745098,
20827985,native,43699863.00847457,
20829980,native,33317680.195804197,
20824935,native,41917065.922413796,
20826804,native,49948330.22857143,
20828463,native,38542898.562962964,
20829941,native,49198925.84259259,
20826037,native,38177815.59541985,
20828186,native,44016039.46296296,
20829478,native,36979265.28104575,
20829853,native,37433809.55725191,
20827955,native,51958262.270833336,
20826760,native,38926666.7518797,
20827862,native,37824886.71538462,
20828376,native,56207443.23863637,
20829362,native,28959167.29411765,
20829368,native,32760306.0,
20829991,native,43403611.56603774,
20829759,native,34821343.88652483,
20829871,native,38367801.33846154,
20829701,native,63699767.9375,
20826144,native,20493313.672340427,
20829985,native,49671856.40594059,
20826186,native,49635932.23,
20829994,native,35321333.19580419,
20826786,native,63455359.01234568,
20828042,native,50994748.302083336,
20828396,native,43528066.74336283,
20826129,native,32175040.593548387,
20828237,native,34522366.32515337,
20828368,native,37936470.344,
20828351,native,58123698.64772727,
20825208,native,33685110.81506849,
20826002,native,34231025.61702128,
20828267,native,26499508.06842105,
20824936,native,34307745.6637931,
20829925,native,52847200.943396226,
20829968,native,32005515.25949367,
20829398,native,32302652.06451613,
20828437,native,33835617.98734177,
20829931,native,38733204.5546875,
20828444,native,31692632.06875,
20827986,native,41014575.219512194,
20829981,native,12091849.084134616,
20829710,native,26339665.464646466,
20828391,native,60609459.94736842,
20826805,native,36854691.84246575,
20829942,native,57103123.88372093,
20828464,native,51220039.52380952,
20826038,native,38112058.08148148,
20829854,native,44003089.93965517,
20828187,native,63713932.56626506,
20829479,native,37464347.062937066,
20827956,native,51265580.731481485,
20827863,native,31807707.363636363,
20826761,native,35643482.73509934,
20828377,native,54962638.720430106,
20829363,native,43057312.21487603,
20829992,native,37927112.53435115,
20829369,native,34683911.12258065,
20829760,native,50104390.65048543,
20829872,native,44156819.35652174,
20826145,native,67061250.72727273,
20829702,native,35347508.042553194,
20829986,native,29116458.736842107,
20829995,native,36164862.31851852,
20826787,native,36031775.376811594,
20826187,native,39774454.223076925,
20828043,native,60626703.2125,
20828397,native,36866053.26190476,
20828369,native,46175868.94505495,
20828238,native,24046312.77184466,
20826130,native,44583680.47272728,
20826131,native,47985271.26,
20825209,native,39514874.08730159,
20828352,native,55476784.53333333,
20826003,native,50406730.23469388,
20829969,native,39648449.38888889,
20829932,native,36886321.70676692,
20829399,native,31180096.693251535,
20828268,native,64304837.38271605,
20828445,native,40502114.06896552,
20826050,native,36608684.0,
20827987,native,36531880.096296296,
20828288,native,43176046.55284553,
20829711,native,37755852.6984127,
20829926,native,40996128.256,
20828438,native,52523056.838709675,
20828392,native,47807057.22857143,
20826806,native,38852351.5078125,
20829943,native,30058579.0,
20828465,native,29085827.58426966,
20826039,native,52242730.82795699,
20828188,native,33611306.47586207,
20829855,native,31293806.98125,
20829480,native,35289585.93571428,
20826762,native,34317502.4117647,
20827864,native,43432812.168141596,
20827957,native,43235777.711864404,
20828378,native,48329737.716981135,
20829364,native,27132673.942105263,
20829993,native,39414837.547619045,
20829370,native,39882848.515625,
20829761,native,14818641.635294117,
20826146,native,1946029.876793249,
20829873,native,11756588.214750541,
20829703,native,47799507.41509434,
20828007,native,36142473.85185185,
20829987,native,45050192.26724138,
20829996,native,45769850.42477876,
20828044,native,54230814.39795918,
20829935,native,43177538.09009009,
20826188,native,54279919.07920792,
20828398,native,52374625.020833336,
20826150,native,45504028.45945946,
20826056,native,44382035.36111111,
20829856,native,38498184.14492754,
20828239,native,73183317.35616438,
20825210,native,37704995.926470585,
20828353,native,39188230.809523806,
20826004,native,36598571.96428572,
20829712,native,47985592.125,
20828289,native,54303267.24691358,
20828446,native,37301162.84375,
20829400,native,40464808.41322314,
20828269,native,42422795.449152544,
20826051,native,38172485.08396947,
20827988,native,42529872.49152543,
20829933,native,36797676.13986014,
20828439,native,36106074.27659574,
20829927,native,31347168.947058823,
20828393,native,43440563.97413793,
20829970,native,50469994.330434784,
20826807,native,40024096.571428575,
20826040,native,15943279.520689655,
20828466,native,52555107.488372095,
20829944,native,80737163.38333334,
20828189,native,37045877.0,
20829481,native,48261153.489795916,
20829997,native,41404013.495934956,
20826763,native,56975574.88235294,
20827958,native,38536183.53174603,
20827865,native,38118268.10769231,
20828379,native,44684186.76699029,
20829998,native,38881138.84920635,
20829365,native,34064329.28965517,
20829371,native,31390436.533333335,
20829762,native,69885198.9,
20826147,native,88669256.89655173,
20829874,native,59115151.21176471,
20829704,native,38179842.190476194,
20828008,native,41836899.09166667,
20829999,native,30371955.65030675,
20828356,native,48772031.33009709,
20828045,native,36041398.79389313,
20829936,native,34774255.202797204,
20828399,native,35307526.32413793,
20826151,native,41810937.312,
20826189,native,57656243.87912088,
20826057,native,49137665.14851485,
20825211,native,38434262.95689655,
20829857,native,52487092.552083336,
20828240,native,38994154.23664122,
20826005,native,48130113.578947365,
20828354,native,44711127.14545455,
20828447,native,27917059.20994475,
20828270,native,19816327.528,
20827989,native,54527269.76744186,
20828290,native,43063499.43902439,
20828440,native,14696793.795857988,
20829713,native,34496113.77639752,
20829401,native,29815042.90909091,
20826052,native,33118939.784313727,
20826044,native,59867761.725,
20829934,native,63612851.084337346,
20829928,native,35600523.6554054,
20829971,native,63341457.2875,
20826808,native,19806188.81395349,
20826041,native,71435475.2,
20829945,native,47163732.2735849,
20828467,native,44972570.198275864,
20828190,native,41830431.448,
20826764,native,36982231.48888889,
20828300,native,34373458.69594595,
20829482,native,45916022.5945946,
20827959,native,46176606.872727275,
20827866,native,37347053.57446808,
20829372,native,37243590.13846154,
20828380,native,41798990.79230769,
20826047,native,51058832.811881185,
20827890,native,63536346.62790698,
20829763,native,43752122.68965517,
20826148,native,48907225.66990291,
20829875,native,50975205.0625,
20828357,native,35376034.865079366,
20829705,native,34145676.12162162,
20828046,native,32165359.787671234,
20828009,native,37925204.926470585,
20829413,native,28313118.259668507,
20829937,native,39700406.38095238,
20826190,native,47888102.677777775,
20828400,native,37163527.65413534,
20829858,native,40729338.675675675,
20826058,native,22573469.93488372,
20825212,native,42500235.14782609,
20826152,native,45255404.25471698,
20826006,native,39634484.333333336,
20828241,native,43624655.47826087,
20828355,native,51594253.78125,
20826053,native,29807652.98630137,
20828448,native,46625448.0776699,
20829714,native,26132087.22631579,
20828291,native,29319267.11235955,
20828271,native,57765534.05555555,
20829715,native,54372145.06593407,
20827990,native,46663821.734513275,
20829402,native,35364121.4137931,
20826045,native,29018395.88690476,
20828294,native,37567189.4887218,
20827995,native,49231168.95145631,
20829972,native,30660321.0,
20826809,native,41909088.27118644,
20826042,native,38699789.112,
20829946,native,38524086.593495935,
20828468,native,47845309.93396226,
20828191,native,43480978.52727272,
20828403,native,49583795.791666664,
20829483,native,29631553.154761903,
20828301,native,44258791.43362832,
20827960,native,40685504.253968254,
20827867,native,35348020.82857143,
20826048,native,57230895.15662651,
20828381,native,34867443.66438356,
20829373,native,53843635.875,
20827891,native,37006538.3015873,
20829764,native,47976473.77272727,
20828358,native,38145095.32539683,
20826149,native,40396228.4351145,
20829414,native,15932559.87062937,
20829876,native,38724951.933823526,
20829407,native,67182892.47435898,
20828010,native,48930943.16504855,
20828047,native,38629928.20714286,
20828401,native,31942668.16083916,
20826191,native,39733703.56153846,
20829938,native,22884265.39574468,
20826049,native,39541336.46280992,
20826153,native,24754681.62,
20826059,native,34304368.126666665,
20825213,native,36318847.72727273,
20828242,native,33189588.774834435,
20827913,native,29558338.21142857,
20826054,native,48302109.37864078,gas-used mismatch for 0x3b63f352f5e34a96f811f62587a554574a4c4dcdda24203689fbd0f2b590d57f: expected 110817 found 56972
20826007,native,45647027.65833333,
20829716,native,25516786.458563536,
20828449,native,34330013.070512824,
20828272,native,36761624.503703706,
20827991,native,49316578.97,
20827878,native,38330435.16793893,
20826046,native,68716482.92105263,
20828292,native,38385720.979020976,
20828295,native,53255096.469387755,
20829403,native,44148243.9765625,
20829973,native,36917365.42962963,
20826810,native,37303995.7867647,
20827996,native,38351181.02797203,
20826043,native,49360496.614583336,
20829947,native,49833769.80612245,
20828469,native,15185875.303797469,
20828404,native,33437143.40714286,
20828192,native,33648905.30136986,
20829484,native,25821500.683937825,
20827868,native,40505379.02586207,
20828302,native,85243790.57142857,
20827961,native,50316457.10204082,
20829374,native,20897273.0877193,
20829425,native,43190452.050847456,
20828306,native,58395052.27906977,
20827892,native,27400826.29189189,
20828078,native,41438476.68468469,
20828054,native,35200171.19580419,
20828253,native,47446098.836363636,
20829877,native,40734985.456,
20829408,native,32857780.34,
20828048,native,40361216.048780486,
20829415,native,71993866.43661971,
20828402,native,45216541.518518515,
20828011,native,40097020.70769231,
20826192,native,38467696.692307696,
20826060,native,35568509.492753625,
20829939,native,67441026.6,
20826154,native,44919316.216216214,
20829717,native,63323514.15662651,
20825214,native,25219871.2372093,
20828243,native,31972339.46835443,
20827914,native,40043688.8359375,
20826055,native,43397536.1,
20826008,native,32946481.634615384,
20826061,native,39275816.14285714,
20828276,native,37803453.77099237,
20827992,native,46847677.416666664,
20827879,native,34068230.333333336,
20828273,native,49756690.29245283,
20828450,native,50692790.58181818,
20829404,native,34270948.65248227,
20828293,native,76816166.98412699,
20828296,native,33413723.230769232,
20829974,native,25616172.85221675,
20827997,native,42311229.45454545,
20826811,native,51568572.07920792,
20828405,native,52501149.63636363,
20828297,native,33039309.1375,
20829948,native,39138147.120300755,
20828470,native,57473769.65934066,
20828193,native,30431649.50595238,
20829485,native,62250442.31395349,
20827962,native,44655786.37735849,
20828303,native,46332830.6,
20827869,native,47387975.083333336,
20829375,native,30633875.935294118,
20829426,native,27773550.679558013,
20828307,native,62328553.906666666,
20827893,native,45926604.38938053,
20828079,native,12617704.407594936,
20828055,native,57547511.30120482,
20828254,native,57239622.6,
20829878,native,47465724.56190476,
20829409,native,39149428.216,
20828049,native,38471945.83471075,
20829416,native,27034783.426229507,
20826203,native,41378092.686956525,
20828012,native,33786759.2260274,
20829405,native,47758085.802083336,
20826155,native,30359265.29411765,
20829975,native,18974384.821292777,
20826193,native,48138607.17142857,
20829940,native,42375467.80508474,
20828244,native,52586675.96703297,
20827915,native,37055207.375,
20825215,native,80698772.16666667,
20828298,native,46014449.7,
20829882,native,27084028.731182795,
20826009,native,57768824.04395604,
20828277,native,36898353.41353384,
20827880,native,12592914.778054863,
20827993,native,40260822.495934956,
20828066,native,41489435.071428575,
20828019,native,29446308.189873416,
20828451,native,37510887.067669176,
20828274,native,39834420.578947365,
20828013,native,33884137.013333336,
20827998,native,21190025.35714286,
20827901,native,47506755.99166667,
20828452,native,48037028.69306931,
20827907,native,58631934.897435896,
20829949,native,36206611.1884058,
20828471,native,43331243.82644628,
20828194,native,37064541.85,
20829486,native,32366333.406060606,
20827870,native,34985934.91780822,
20828304,native,35004311.60135135,
20827963,native,41313775.71538462,
20829376,native,40898206.032520324,
20829427,native,63206773.55555555,
20828308,native,44090910.72413793,
20827894,native,47274804.07272727,
20828056,native,58792877.98717949,
20828080,native,83533067.4,
20828255,native,25398723.654028434,
20829410,native,29117095.925714284,
20826204,native,18561379.91634981,
20828050,native,47317101.86486486,
20829879,native,44900970.84166667,
20829431,native,35751701.02836879,
20829417,native,58848571.54545455,
20829406,native,23635924.19047619,
20828101,native,41191888.219512194,
20826194,native,26511300.832432434,
20829894,native,40252525.23664122,
20828245,native,37492679.81538462,
20825216,native,58828281.93975904,
20827916,native,36307162.02142857,
20828299,native,47744021.58163265,
20829883,native,33486734.6993007,
20826010,native,36587549.347826086,
20828278,native,47757409.63809524,
20827994,native,34802698.54285714,
20828275,native,50500000.76344086,
20828025,native,39727461.15702479,
20828014,native,43864480.71287129,
20828020,native,38898160.375,
20828067,native,33927992.20945946,
20827881,native,77249552.75409836,
20829950,native,28865039.57142857,
20827902,native,39384255.712,
20827999,native,54873499.14772727,
20828089,native,43280333.876106195,
20827908,native,33213902.15068493,
20828060,native,51427383.684210524,
20828472,native,19753505.944,
20828195,native,29002345.730994154,
20827964,native,39994070.36440678,
20828305,native,26570702.854054052,
20827871,native,43642147.2920354,
20829487,native,26376785.28717949,
20829377,native,39510930.29310345,
20828051,native,34027073.15753425,
20827895,native,26533721.27840909,
20829428,native,42828649.616,
20828309,native,29136214.983146068,
20828057,native,28890252.210526317,
20829411,native,35569520.217391305,
20828081,native,68647741.87671232,
20828256,native,39733323.96,
20826205,native,93897876.34,
20829880,native,37436744.1,
20829432,native,32848652.555555556,
20826226,native,40184843.53448276,
20829434,native,43849888.39655172,
20829418,native,18387484.82181818,
20828102,native,34913235.31506849,
20826195,native,69469934.73972602,
20829378,native,14124471.685358256,
20828246,native,26492902.85074627,
20829895,native,36699376.306666665,
20827917,native,30385682.174698796,
20825217,native,35198455.427586205,
20829884,native,51964840.091836736,
20828015,native,30712312.7027027,
20826011,native,43475190.152542375,
20828279,native,43002967.520325206,
20828026,native,40209714.015873015,
20828028,native,46477774.75675676,
20828090,native,29499145.59006211,
20828068,native,45741650.194690265,
20829412,native,36297480.80645161,
20828021,native,58719720.692307696,
20827882,native,47126970.69444445,
20828000,native,36607418.87142857,
20827909,native,34250478.11258278,
20827903,native,54964183.47311828,
20829951,native,62561770.75294118,
20828061,native,55168318.08163265,
20828196,native,55207610.94623656,
20828473,native,72150876.97142857,
20827872,native,22129102.004385963,
20827965,native,31789876.85443038,
20829488,native,34538016.68571428,
20828200,native,54994974.428571425,
20828206,native,40813380.06153846,
20828052,native,38434596.71544716,
20827896,native,50207889.715789475,
20829429,native,34411184.44680851,
20828310,native,44761090.460869566,
20828058,native,38803752.816793896,
20828082,native,19597526.512096774,
20828257,native,34396382.70921986,
20829531,native,51351672.84158416,
20829435,native,45277249.25,
20829433,native,56218502.397435896,
20826227,native,40818169.8220339,
20826206,native,62425572.4375,
20829881,native,50002255.85,
20829419,native,54408091.61363637,
20828103,native,38070048.62962963,
20828247,native,53426686.964705884,
20826196,native,49084211.35,
20829896,native,65728352.315789476,
20827972,native,38991323.6640625,
20827918,native,53079729.208333336,
20829379,native,63896526.4,
20829885,native,38268047.40625,
20826012,native,27369654.795698926,
20828280,native,31616855.730769232,
20828027,native,33353856.24657534,
20828016,native,62857225.81927711,
20828029,native,44361725.22123894,
20828069,native,43704887.981981985,
20828113,native,38818734.01626016,
20828022,native,37281932.192307696,
20827883,native,35295823.92198581,
20828001,native,17430914.314487632,
20828091,native,63576828.28395062,
20827904,native,40658997.128,
20827910,native,61085947.8,
20829952,native,52511536.16842105,
20828062,native,47668755.05555555,
20828474,native,46102820.9537037,
20828197,native,55051733.40860215,
20827873,native,27300308.26020408,
20829489,native,17271724.28104575,
20827966,native,45952290.89380531,
20828201,native,37955424.09022556,
20828053,native,44175419.263636366,
20828207,native,49481059.472222224,
20827897,native,37411152.20567376,
20829430,native,42917235.17355372,
20828311,native,44948628.573913045,
20828059,native,69661723.66666667,
20828072,native,46745947.68367347,
20828083,native,66985022.6,
20829436,native,51314547.74489796,
20828258,native,67492179.5,
20829532,native,40353377.7,
20826228,native,55644690.279569894,
20826207,native,44901934.14655172,
20828248,native,35776167.56097561,
20829420,native,27088268.155339807,
20828104,native,27568679.302702703,
20829897,native,36855063.392,
20827973,native,31917597.42,
20827919,native,30181842.15060241,
20829380,native,51406031.591836736,
20829886,native,32639521.269230768,
20826197,native,51172837.19491526,
20826013,native,48558392.091836736,
20828017,native,33869671.25874126,
20828281,native,44439876.34259259,
20828030,native,35146964.138211384,
20828023,native,39269328.634920634,
20827884,native,33598242.46,
20828114,native,36509145.176470585,
20828070,native,36157823.26573426,
20828002,native,69117836.85714285,
20827905,native,44083085.7,
20828092,native,47303388.51428571,
20827911,native,59749852.1686747,
20826238,native,32602427.69178082,
20828475,native,71586547.03278689,
20828198,native,46180128.83,
20828063,native,39331789.109375,
20827967,native,37626590.29007634,
20827874,native,58936856.22891566,
20829490,native,44825761.83783784,
20828202,native,22668389.92825112,
20827912,native,34753003.08391608,
20828208,native,46149322.47619048,
20827898,native,44992723.018867925,
20826232,native,38164638.12698413,
20829888,native,43100736.56521739,
20827925,native,42433162.0625,
20828073,native,34167911.36486486,
20828084,native,35540372.3,
20826229,native,31660516.685897436,
20829533,native,39437107.94656488,
20828259,native,50643944.44,
20826208,native,67893536.45333333,
20829421,native,37638435.9117647,
20829898,native,28729047.347058825,
20828249,native,64398957.04705882,
20828105,native,48471242.21818182,
20827974,native,47663797.34951457,
20829381,native,39900578.0859375,
20826198,native,28429940.585227273,
20829887,native,48406290.63809524,
20827920,native,39792989.28275862,
20826014,native,54301477.14736842,
20828212,native,40538711.53448276,
20828018,native,44666023.9826087,
20828282,native,54528136.95,
20828115,native,16812710.340983607,
20827969,native,53886960.68235294,
20828024,native,48459354.89090909,
20827885,native,60488543.21176471,
20828093,native,31363547.692307692,
20828071,native,38663397.496296294,
20828003,native,48419486.6509434,
20827906,native,14070303.973404255,
20829578,native,13935637.432876712,
20826239,native,42644752.48695652,
20828476,native,48914462.1875,
20828199,native,32270843.98666667,
20828064,native,56572809.35164835,
20827968,native,43673849.663716815,
20826233,native,34487102.01470588,
20827875,native,43299384.18699187,
20828285,native,55086044.703296706,
20827899,native,40482518.355932206,
20828203,native,71497124.42253521,
20829491,native,47681456.1,
20828209,native,46484119.53773585,
20829889,native,53436630.5625,
20828074,native,13337742.168900805,
20828085,native,51640666.21111111,
20827926,native,33031758.620915033,
20828260,native,34129601.666666664,
20829534,native,31285219.923076924,
20826230,native,37651222.115384616,
20826209,native,45911877.38679245,
20829422,native,44099274.31858407,
20829899,native,43806337.018018015,
20828250,native,38455356.19548872,
20828106,native,7981186.992592593,
20827975,native,44719202.2,
20829382,native,19044382.88671875,
20826199,native,54101785.31868132,
20827931,native,43470555.75652174,
20828215,native,35207646.50714286,
20828213,native,33859479.30821918,
20827921,native,42175005.166666664,
20829423,native,37144405.93129771,
20828283,native,32863673.758169934,
20827886,native,40289493.78512397,
20827970,native,39358462.40625,
20828094,native,39217395.4375,
20828116,native,75711440.95454545,
20828004,native,41677331.53333333,
20827888,native,60338549.27160494,
20827887,native,42747884.32,gas-used mismatch for 0xe904eeba91e642fe1da2c716985d14862c118f25a8f15f8c5461be15bd415e68: expected 127917 found 56972
20828216,native,59047442.302325584,
20826240,native,41211079.76,
20828477,native,45735044.40776699,
20828286,native,44494599.50862069,
20829579,native,79731490.55882353,
20828065,native,43986601.04424779,
20826234,native,47769726.45918367,
20827876,native,45572830.56190476,
20826244,native,64288654.7875,
20828210,native,38801597.62698413,
20828204,native,41709525.35344828,
20827900,native,40121987.79365079,
20827889,native,35520397.84137931,
20829492,native,43346891.61666667,
20829890,native,33386282.576923076,
20828086,native,19780216.15625,
20827927,native,50711767.78571428,
20828261,native,41254246.504065044,
20826231,native,46556589.08181818,
20828075,native,66347654.91860465,
20829535,native,53195706.091836736,
20829384,native,25597993.005405404,
20829900,native,29252060.226993866,
20827971,native,49234461.62222222,
20826210,native,57728702.125,
20828251,native,43055219.60344828,
20829383,native,55106315.10465116,
20827976,native,45566752.845454544,
20827932,native,36370503.17557252,
20828110,native,14427723.354166666,
20828107,native,74118789.27272727,
20826200,native,45086279.85454545,
20827922,native,40295885.58260869,
20828284,native,42324483.556521736,
20829424,native,29782198.023391813,
20828214,native,46481646.1981982,
20829903,native,46325885.11111111,
20828117,native,42038484.54954955,
20827928,native,50580233.74489796,
20828287,native,32522460.352564104,
20828217,native,28714275.824561402,
20829601,native,46222856.47619048,
20828095,native,45709094.981981985,
20826241,native,35324910.02857143,
20828005,native,38196668.404255316,
20828478,native,34973553.71034483,
20829580,native,27843775.881081082,
20826235,native,28773887.34502924,
20826245,native,23669304.05116279,
20827877,native,41544485.36363637,
20828205,native,38049140.907692306,
20829493,native,36171128.06015038,
20828211,native,59054654.22352941,
20829891,native,17329375.218518518,
20829901,native,51051631.13592233,
20828087,native,72789871.61971831,
20828262,native,20269745.732,
20829536,native,45283114.14545455,
20828076,native,62791837.166666664,
20829385,native,37697583.623188406,
20829892,native,55004213.24,
20829613,native,34438150.87417219,
20826211,native,40603298.0,
20828252,native,40596956.15873016,
20828263,native,61207564.525641024,
20827977,native,37415516.231884055,gas-used mismatch for 0x2e902db181c40625689733b59649d2d9bd7449df1edc6b8ad647026d5aaeb3c8: expected 110817 found 56972
20826242,native,47681793.531531535,
20826201,native,50124886.63265306,
20828111,native,62869036.86419753,
20827933,native,57509499.02105263,
20828108,native,54570028.88,
20828098,native,35275283.38970588,
20827923,native,39789299.46564885,
20829904,native,24427599.359223302,
20826202,native,53712579.27368421,
20828118,native,50222521.62,
20826236,native,38843666.60273973,
20827929,native,38411065.14285714,
20829893,native,57451195.54945055,
20828096,native,38002607.58646616,
20829554,native,64901765.45,
20828479,native,41457007.12396694,
20828006,native,42754543.33884297,
20826247,native,77900588.96923077,
20829607,native,22779158.87280702,
20829602,native,66994179.7125,
20829581,native,34291461.88,
20829494,native,25669303.219101124,
20829905,native,29974697.3,
20828264,native,22624390.53539823,
20828109,native,36619480.50735294,
20829387,native,18205333.925,
20826246,native,43806182.55,
20828112,native,36945161.03759398,
20829902,native,35894386.18518519,
20828088,native,30119509.2,
20829619,native,44074827.00833333,
20829537,native,37182332.97058824,
20828077,native,50826883.47619048,
20829386,native,38720674.624060154,
20828099,native,56943989.43956044,
20829614,native,32011691.333333332,
20827930,native,45053424.49090909,
20827978,native,28457898.36416185,
20826243,native,29027531.25882353,
20826212,native,65288687.666666664,
20827934,native,28583989.097142857,
20829542,native,35815498.91111111,
20827924,native,37405693.06015038,
20828119,native,42701564.22123894,
20827935,native,46665027.20792079,
20829566,native,35977060.389312975,
20826237,native,38265596.12857143,
20828097,native,38120032.823076926,
20828488,native,33943253.48571429,
20829603,native,31858793.993243244,
20829555,native,48564067.67272727,
20828480,native,45779589.10810811,
20826248,native,71885005.9,
20829608,native,57212184.233333334,
20829582,native,52605416.62105263,
20829616,native,32609009.854304634,
20828122,native,31482794.869281046,
20829495,native,81189485.49180327,
20829539,native,41678499.90677966,
20829388,native,40149512.79230769,
20826214,native,65164327.125,
20829572,native,35725776.40410959,
20829589,native,49977931.445544556,
20829610,native,23700455.70909091,
20829615,native,49784908.45631068,
20829538,native,34140677.83448276,
20829620,native,52205851.54368932,
20828100,native,44415796.41441441,
20829617,native,45868474.44144144,
20829609,native,32965649.9375,
20829540,native,65413720.69135802,
20828120,native,43667910.51304348,
20826213,native,29239669.44047619,
20829548,native,38625649.3125,
20829543,native,38727176.445454545,
20827979,native,83995678.48333333,
20829575,native,36522139.02941176,
20829569,native,33369661.737931035,
20827936,native,38652284.144,
20826249,native,39503870.00769231,
20829567,native,37070525.5319149,
20829389,native,34996821.11188811,
20829556,native,38452352.575,
20829551,native,33654994.14193548,
20829604,native,49527474.79,
20828481,native,37672933.5859375,
20828489,native,40371303.21428572,
20828121,native,34326007.344,
20828124,native,36869466.61165048,
20826220,native,44243174.10909091,
20829583,native,28843530.583333332,
20828494,native,67428294.85714285,
20828123,native,39695183.52,
20829496,native,46319633.75238095,
20829595,native,54160249.54945055,
20829573,native,31892523.477419354,
20826215,native,46001794.222222224,
20826217,native,46153361.00970874,
20828497,native,50724757.93333333,
20829611,native,71570973.01369864,
20829590,native,47073134.55855856,
20829545,native,34663444.27586207,
20829621,native,11211840.661052631,
20829618,native,36323281.834586464,
20829560,native,30249774.6686747,
20829570,native,42556745.0661157,
20829541,native,68215315.66197184,
20829549,native,63398209.34210526,
20829507,native,43735239.551724136,
20826216,native,57060703.65934066,
20827980,native,32581528.675,
20829544,native,52916111.346938774,
20829576,native,34052472.45751634,
20829563,native,49842115.07,
20828491,native,37460635.11029412,
20829519,native,30559292.98787879,
20829501,native,57626532.06451613,
20829568,native,48252324.653465346,
20828490,native,42496417.91262136,
20829612,native,42534215.29565217,
20828482,native,31296209.77124183,
20827981,native,35698290.44927536,
20829605,native,49102124.106796116,
20829498,native,42811013.407079645,
20826221,native,41608223.641666666,
20829584,native,40905025.16260163,
20828492,native,7903.583300693756,
20828495,native,47654568.77669903,
20829552,native,51135051.63809524,
20829557,native,60298332.7,
20828485,native,55513336.68235294,
20829497,native,38151421.875,
20829553,native,35106708.4057971,
20829596,native,42984391.5,
20829574,native,32208589.40397351,
20828486,native,36999127.78625954,
20826218,native,43196235.10344828,
20828498,native,52635807.53763441,
20829591,native,41227181.208333336,
20827982,native,45114048.25225225,
20829546,native,25743467.836734693,
20828499,native,33305513.325925928,
20829561,native,40572653.50862069,
20829622,native,70590957.9859155,
20829571,native,31277071.73006135,
20829592,native,51230292.46534654,
20828496,native,33036905.40397351,
20829550,native,20175477.53877551,
20829508,native,28461907.556818184,
20826219,native,36917764.625,
20829593,native,30087414.466666665,
20826223,native,40483811.61788618,
20829577,native,42153837.37288135,
20827983,native,59356542.270588234,
20829623,native,32037122.66891892,
20828487,native,34354051.03816794,
20829564,native,37030378.25517242,
20829520,native,48372000.52830189,
20829502,native,29236375.222857144,
20829547,native,53949152.8631579,
20829525,native,61521957.65789474,
20829558,native,51308036.28712871,
20828483,native,37187277.59541985,
20828493,native,78298795.4590164,
20829559,native,44057804.67768595,
20829606,native,30690500.927710842,
20826222,native,31572625.375,
20826224,native,46541925.320754714,
20829499,native,52580783.3367347,
20829585,native,34836559.69594595,
20829624,native,33228957.562913906,
20829562,native,40254885.75384615,
20829586,native,42670600.11304348,
20829528,native,15965592.277227722,
20829565,native,64654874.897435896,
20826225,native,40473045.768,
20829597,native,18790519.092592593,
20829522,native,42188902.61016949,
20829521,native,41514049.203125,
20829503,native,46229308.05128205,
20829500,native,35167026.448529415,
20829523,native,39827728.88429752,
20829529,native,35920179.31034483,
20829504,native,32129936.506756756,
20829526,native,41845075.62162162,
20829587,native,31682565.611570247,
20829505,native,30497005.936936937,
20829524,native,20462047.43243243,
20829598,native,35333867.16981132,
20828484,native,28122038.96031746,
20829509,native,12302808.590909092,
20829588,native,26114267.59602649,
20829599,native,31238751.168,
20829594,native,28505957.759398498,
20829530,native,27797859.5234375,
20829513,native,28020492.95238095,
20829527,native,28526315.944444444,
20829510,native,54941584.27142857,
20829517,native,20760016.92696629,
20829516,native,51507792.676923074,
20829506,native,34464707.88495575,
20829518,native,25189749.51034483,
20829600,native,25053552.377777778,
20829511,native,26094802.317880794,
20829515,native,54096126.05,
20829514,native,12762610.26557377,
20829512,native,22430178.662983425,
20824750,aot,33704846.359375,
20828734,aot,16158236.621527778,
20828781,aot,25631670.5,
20825604,aot,31847537.427586205,gas-used mismatch for 0xb635bd3ccaa093175ad565453d83cd13d5a0704b598acc1d2ad27c36426ae406: expected 555669 found 95880
20827375,aot,26415781.323863637,
20826718,aot,29672081.75625,gas-used mismatch for 0x403035d9104bfd1564456f7970dece5dbdfbb457a7aafe9dc2aebf3af5638df8: expected 591242 found 174639
20826625,aot,13405267.002680965,
20825500,aot,36033185.676691726,
20827046,aot,38188404.64285714,
20827750,aot,20590773.20746888,
20828500,aot,35453522.781954885,
20824187,aot,33811097.87837838,
20824281,aot,45396745.39814815,gas-used mismatch for 0x8868de39d1f642dbc1ad87fecef14f147da6ec5933a39a7bef92dafadb1e0001: expected 264043 found 215854
20828604,aot,53207701.69892473,
20828598,aot,26056433.51020408,
20825781,aot,36821376.321428575,gas-used mismatch for 0x4279c1746f5838d6675bdfcb007e9c269f0e08d23f084320a05cb73d71e43b87: expected 773155 found 442336
20825687,aot,35391260.9858156,
20824000,aot,51711820.95555556,
20826343,aot,35458621.33561644,gas-used mismatch for 0xa5ee250b91b02574d4f54ec4123a59d661429d213bab6432e6d5c1020c828e7d: expected 277745 found 153935
20828640,aot,28256068.75,
20829250,aot,17188133.321311474,
20825595,aot,52405398.34408602,
20826250,aot,47773675.297029704,
20825734,aot,31030398.43030303,
20827000,aot,74260112.03076923,
20825875,aot,55188053.8,
20824292,aot,37469076.52592593,
20828616,aot,41321335.84166667,
20825610,aot,26990693.974093266,
20828593,aot,36668034.26950355,gas-used mismatch for 0x00ec7e1420d2755803c3b0b784c10316113180cefb477fd9787c31a44073ea08: expected 868737 found 563147
20824093,aot,58218575.125,
20826437,aot,49680597.9245283,gas-used mismatch for 0xd92e9a3695a1e8dfd5b1769efd354bd9104a19a5566266e97864aa1b5b868b75: expected 324110 found 95880
20825593,aot,36705422.85,
20824375,aot,41591659.5,
20826812,aot,43115365.672413796,
20824140,aot,50898130.864583336,
20828828,aot,34429931.568627454,
20827093,aot,40408003.64885496,gas-used mismatch for 0x83b1ee173c037bceb705c6a8fab70f0aa78b3249ebca8e20aa605e82f476b2ab: expected 630104 found 72386
20825598,aot,39579398.77862596,
20825640,aot,42470585.92561983,
20825616,aot,35346711.31333333,
20824328,aot,43866596.16949152,
20824304,aot,61660045.18518519,
20828687,aot,67527198.43835616,gas-used mismatch for 0x68a04458343a57d9311d910b704ee745c8dcb9bb599b27fe907a1921757606c9: expected 86394 found 35506
20824234,aot,33362662.385093167,
20827187,aot,67079857.243589744,
20824286,aot,59994492.71590909,
20828875,aot,66826743.25333333,
20827376,aot,60361038.9,
20828735,aot,31188769.239263803,
20825605,aot,20347198.796078432,
20824751,aot,42910626.19008265,
20828782,aot,34956356.90410959,
20825501,aot,38401906.0,
20827047,aot,46376120.15238095,
20824001,aot,37392466.704,
20825617,aot,29578928.075949367,gas-used mismatch for 0x6b4d6a5d33ff6ef675c8eb487d27ddcb83e522ec29916c3bcc47ab2482c43aa1: expected 405421 found 95868
20824282,aot,34377606.2739726,
20828501,aot,36681488.88405797,
20826813,aot,36589540.834586464,gas-used mismatch for 0x785279b42154da53aebac53f0d146602aae0c9409cca57bba9e0219d2d259d85: expected 217503 found 207463
20825688,aot,34581903.61643836,gas-used mismatch for 0x7da4a17ac1e8beec89cb1b1ebbdc895d1c8115661dbf7f2aadd9080929d694ea: expected 262900 found 245609
20826626,aot,44101939.5,
20827751,aot,43080100.4,
20825596,aot,39045974.276923075,gas-used mismatch for 0x760bd37527154747040c7a02cd91062d0075a44780158bd613ce1c87a540636f: expected 262900 found 245609
20825782,aot,31652592.48214286,
20825594,aot,26882441.452127658,gas-used mismatch for 0x6a626d78866900740a487bfc0401766f176c2e1105a4fe9df49c629302bcbd30: expected 366031 found 306362
20824094,aot,11894945.346420323,
20825611,aot,37024517.96240602,
20826438,aot,34245629.90909091,
20826719,aot,42518056.664122134,gas-used mismatch for 0x4b5d3773e1b0f805e4173ca99c782a6903bee462ad6758057d1559d199535d6a: expected 258482 found 199172
20825735,aot,30100601.88235294,
20826344,aot,34728223.682432435,
20827094,aot,33870678.3006993,
20828594,aot,35040879.28671329,
20827001,aot,36515310.07971015,
20828641,aot,54275238.62222222,
20824188,aot,64813758.615384616,gas-used mismatch for 0x57431af0db7af5033b651aeff96f3cf1e1731001ede89c0c57fd8c80462f88a3: expected 446176 found 95880
20826251,aot,25801501.33653846,
20828688,aot,36880701.23076923,
20824305,aot,34619913.85,
20828829,aot,33167701.78,
20824329,aot,34192759.54482759,
20828617,aot,39252783.06923077,
20825641,aot,36598474.63235294,
20828599,aot,70318034.94520548,gas-used mismatch for 0xbba100cebcefaec0189b467fbbd3b7d7856d9d1b61c165c8f985d0ba5663fa63: expected 438932 found 189601
20825876,aot,32893653.9375,
20824376,aot,45413489.77272727,
20824293,aot,50348652.58415841,
20824141,aot,42410296.5,
20824235,aot,34928315.44055944,
20825599,aot,44103808.747826084,gas-used mismatch for 0xc7f71928963fb78aef6314621837fcd53cea210b50e57825936959d1cdc0bd84: expected 674105 found 469421
20828605,aot,41691539.16923077,
20824287,aot,33684508.08108108,
20827188,aot,32283133.544303797,
20828876,aot,27949818.152941175,
20829251,aot,46713487.43636364,
20827377,aot,35351558.323308274,gas-used mismatch for 0x405bf32b5a706a710113d0c3630271391eeae8924cc1ebe0c1579525fd01c9e9: expected 253584 found 238337
20828736,aot,16944417.593442623,
20827048,aot,34012578.1862069,
20826627,aot,44599243.47619048,
20827095,aot,39672638.2972973,
20824752,aot,47848534.08490566,
20825502,aot,47198187.75471698,
20825606,aot,48264933.19811321,gas-used mismatch for 0x19642473e8c0e0081f677e9f443f1d34ff0a3cd54a34d442ff5d4f3a24f06504: expected 277745 found 153935
20825783,aot,57584648.89156626,gas-used mismatch for 0xc0034c347798f40f853874f25d733989edd25cd6bf01c02dd2b0ee93300036c2: expected 2008283 found 842817
20824002,aot,45312299.872727275,
20828783,aot,33204662.795031056,
20827752,aot,22802794.67111111,
20824283,aot,52628116.79591837,
20826720,aot,30724870.852564104,
20827189,aot,46040502.204301074,
20827562,aot,39324748.664,
20825689,aot,36911096.7,gas-used mismatch for 0x892f79b61e4fd304e4dc3e6873b81b8a7b38459b5c90cfb6e111c285a101c20f: expected 277745 found 153935
20825597,aot,41250497.07438017,
20824306,aot,7740.482207667206,
20826814,aot,58447011.42045455,
20825612,aot,37393623.074074075,gas-used mismatch for 0x258c14b978777e2bc39ee84589ccdbb52feac46ae7a5942daedcb5ffcac34417: expected 1582345 found 1046840
20826252,aot,34219650.384615384,
20824189,aot,47031830.39047619,gas-used mismatch for 0x6815a22909ab3bb4f299c959369ebc701ac893e85e8d1ca996a3ebb32d33db97: expected 252862 found 238302
20824095,aot,54002034.83516484,
20828502,aot,66736709.875,
20828830,aot,41430819.50413223,gas-used mismatch for 0x70a32ba2c054fbcc063d15f8481bddd4a2dcdf9e6d53c5653e85f07b79524423: expected 226533 found 216493
20824330,aot,37705386.2631579,gas-used mismatch for 0x002a9493e0fb53908a85d780ab191cd80bde53c8c87678b9bff270506eb6112b: expected 358828 found 284824
20824236,aot,33978203.33566434,
20826439,aot,48763036.38095238,
20828642,aot,40323387.31746032,
20828618,aot,43034126.12931035,
20825736,aot,21863785.51020408,
20828600,aot,55856802.34090909,
20828689,aot,28312603.071823206,
20827002,aot,54318744.09375,gas-used mismatch for 0xe9874ff0567d2349060fe38acbfd23a41889ea3c08fa9c619a662ec5e2e543d3: expected 1358230 found 473340
20825642,aot,33129405.658064514,gas-used mismatch for 0xe758892083d19eed57f623b4e14a5e32d03316b5e970d18eade14ffd6c912c23: expected 322803 found 95880
20828595,aot,39749176.56153846,
20825618,aot,61587575.277777776,
20824288,aot,15375037.796923077,
20824294,aot,35707873.74468085,
20824377,aot,42263040.90833333,
20829252,aot,64228341.131578945,gas-used mismatch for 0x7378104a872d4aaa7aaac84f586c32b2be9726d8aa33b34e28a0a13064e1ed3a: expected 264055 found 215866
20825600,aot,32430312.410256412,
20828606,aot,41910977.7,gas-used mismatch for 0x408e5e84532d8fa5a6c89882729d56a0a222a5d6118fbe5cb411e87fa0d4539e: expected 871007 found 791997
20824142,aot,60557426.5060241,
20826345,aot,42355764.223076925,
20825877,aot,48661203.85454545,
20828877,aot,35317777.006896555,
20827378,aot,50073622.267326735,
20828737,aot,33469751.509933773,
20827753,aot,41822900.627272725,
20827049,aot,26399431.035353534,
20824003,aot,14183060.653521126,
20826628,aot,54111732.43157895,
20825690,aot,46001018.83962264,gas-used mismatch for 0x454c9ddb398f2dac5301021cd5bd6b3bb28bc6b145267fb1f6abbbed23a01532: expected 912850 found 889914
20828784,aot,34007554.2027027,gas-used mismatch for 0x2abe93b9e579ef9ee12b7a32913d27aaf494a1649c57e57c5727369b9d095997: expected 207527 found 80060
20825784,aot,29359769.26011561,
20825613,aot,33060067.67132867,
20827096,aot,34283415.90066225,
20824753,aot,31701377.223602485,
20825607,aot,37642304.183823526,
20827563,aot,27736400.5,
20824298,aot,45984302.972222224,gas-used mismatch for 0x1099d3872c613053375a4ea62fb1348c65f805be1fb33143486d69e9ee5cf7b3: expected 484869 found 400828
20827190,aot,33448194.866666667,
20828601,aot,18208720.851711027,
20824331,aot,67699092.05633803,gas-used mismatch for 0xc11d93e3c846c3021b30da42d9658ddb2dbd9c5f313709bf68dc7c33bad9522b: expected 294146 found 205243
20826815,aot,23970266.557142857,
20825503,aot,32492959.214285713,
20828596,aot,36328648.515384614,
20824284,aot,39994123.21538462,
20824237,aot,40726226.01652893,
20826440,aot,44449861.73873874,
20826253,aot,67164511.5,gas-used mismatch for 0x39a3c911b5cf1be3589a40f9dbca65238a6e92991d64700d173ae69f097199be: expected 307010 found 95880
20828503,aot,16467496.814696485,
20826721,aot,40652199.44360902,gas-used mismatch for 0x45a813f65566c831d9c77b65aa8f1bdd813b69cf2f8bf53d9234dfbe8a391292: expected 127917 found 56972
20828643,aot,34327137.71232877,
20828690,aot,29252266.415204678,
20824307,aot,68219648.02666667,
20827003,aot,27238193.108108107,
20824096,aot,53370322.239583336,
20824190,aot,30952795.099415205,
20826346,aot,49905308.75,
20828831,aot,33370256.70886076,
20825737,aot,60627284.294117644,
20825601,aot,31925838.8125,
20829253,aot,29118079.960674156,
20825878,aot,35608639.79020979,
20824295,aot,24022687.084070798,
20824289,aot,64285197.790123455,
20825643,aot,17682126.424920127,gas-used mismatch for 0x20895213f5bd01cdb5ec831e7a72f7eec99a1202de77789509ce82d2cb707a5b: expected 316770 found 164096
20824143,aot,39630823.54961832,
20824378,aot,51435099.28712871,
20828619,aot,50427166.154545456,
20825619,aot,44467505.91056911,
20828878,aot,47739511.1,
20828607,aot,39402453.74285714,
20827379,aot,12253427.74509804,
20828738,aot,23936264.71212121,
20825785,aot,28981725.894039735,
20828785,aot,32590460.351724137,gas-used mismatch for 0xa9bb9ebe3e8acf1962a85639906e6f6fc32a2aa03a7114847e84299b145d8ac0: expected 401644 found 342038
20825691,aot,36109430.125,
20825608,aot,30253827.277419355,
20827097,aot,32790368.58108108,
20827564,aot,21515839.574561402,
20828644,aot,52871867.475,
20824299,aot,32350969.894039735,
20827754,aot,53096074.47959184,
20826629,aot,42013455.06896552,
20824754,aot,40913847.875,
20825614,aot,48706721.45631068,
20827050,aot,29082159.833333332,
20826254,aot,47734313.4,
20824285,aot,23105522.533653848,
20824004,aot,54467902.010752685,gas-used mismatch for 0x602bef89b9fc00bb5cb0dd1a50bd223bf9a4ceaeb5fb1faeb9d3ff38acd5917a: expected 193279 found 124267
20828602,aot,64417564.44,gas-used mismatch for 0x3c800873e2de604fc590ec890e8e6b854c000d979704e77c0a9f1395b8898f8e: expected 374096 found 96727
20824238,aot,31394291.888888888,
20826816,aot,36258201.503703706,
20827191,aot,33085809.816993464,
20827004,aot,45053726.19417476,
20824332,aot,41287863.49166667,
20828691,aot,34365666.4822695,
20824097,aot,27838531.011560693,
20826722,aot,40017713.17886179,
20826441,aot,40342401.06504065,
20824191,aot,37417798.77099237,
20826347,aot,34669262.97857143,
20828504,aot,48067770.058252424,
20825644,aot,67679526.53030303,gas-used mismatch for 0xadeb6a4d7c3a9ac0fb8bc678a177157603dd3405a99ce1cdcd4bc45108c63f56: expected 277745 found 153935
20828832,aot,33906412.28082192,
20828597,aot,41102889.7265625,
20824308,aot,51568723.354166664,
20824290,aot,39076313.30578513,
20825620,aot,29449450.957055215,gas-used mismatch for 0x81456057e55a6dd18e49fe11bdca5f3643363cdb6648bba3723ab4d65ccdf3e4: expected 314471 found 295082
20825738,aot,35083434.65,
20824379,aot,15405125.089783281,
20829254,aot,24029691.723004695,
20825504,aot,35574367.55625,
20828620,aot,33114008.761589404,
20825879,aot,45559111.30909091,
20824144,aot,38478048.192307696,
20824296,aot,57281210.294117644,
20828608,aot,34495209.758865245,
20828879,aot,33960783.4109589,
20825602,aot,58043285.47311828,
20825786,aot,38387663.9765625,
20825692,aot,30812362.474683546,
20828739,aot,33091782.006410256,
20825615,aot,51410680.81318682,gas-used mismatch for 0x1484b93ab8d5fa1c2190b7adaff3f38a94ee83a67d6dddacb2b0f1fe041d832e: expected 217497 found 207457
20828786,aot,34346755.85810811,
20827565,aot,62099459.14102564,gas-used mismatch for 0x16c64ecafabdbaf17b119875bc1a77fe2dc786208f1f0c08849a544f3ae3aac2: expected 434180 found 189649
20824300,aot,11084466.81489842,
20825609,aot,39053564.90625,
20827098,aot,34502747.30136986,
20824239,aot,31119281.821192052,
20824755,aot,33405412.11258278,
20824192,aot,13677591.334319526,
20827005,aot,34072940.282608695,gas-used mismatch for 0x3a6de7924dd33e7314e4b3e805ec3aacdc84029c339393fabda0e16bd6833d9b: expected 443190 found 95880
20824005,aot,42222031.01724138,
20828645,aot,43339522.83898305,
20828505,aot,40325788.85585585,
20826630,aot,47774397.4537037,
20827051,aot,52619664.08421053,
20827380,aot,60853102.13333333,
20827755,aot,60502217.10843374,
20826723,aot,13804025.47368421,
20824333,aot,39660884.48,
20826817,aot,31320236.036809817,
20828603,aot,40865423.166666664,gas-used mismatch for 0x08ca44523d8422fa540bb444cd660342be612090b64b607db7bc9ff4588e4158: expected 372927 found 329119
20827192,aot,41686380.10569106,gas-used mismatch for 0x7a49d54fa144a13164caea5b919b1fcbc3b784dea654e4151b2f66cda19e99c3: expected 277745 found 153935
20825739,aot,45555464.84,
20824562,aot,50038267.2735849,
20824098,aot,41161731.34166667,
20824257,aot,34468947.61702128,gas-used mismatch for 0xef2773c35fd738354daa6913f8c26f4423b69045a93508f0dfeb1d53ee16b1e2: expected 266951 found 219661
20825645,aot,38713718.95384616,gas-used mismatch for 0xfa5740dc1ce56d8cc985e9bb7bc68527435ad2c3329453e2ffb758a36c726667: expected 1299251 found 1186854
20824145,aot,41079180.666666664,
20825505,aot,42824247.08490566,gas-used mismatch for 0xd73c733d07368b879a89b77dc5f9681c4ef2b3b4f930d35a3230abbb60686c04: expected 213476 found 144540
20828833,aot,27817265.34269663,gas-used mismatch for 0xefb1e9d3aa594b555f12c239e34e41c8b2a3e40f357d3827ade01eb4ba151af2: expected 369475 found 95868
20826348,aot,108169793.2,
20828692,aot,40005437.568,
20824309,aot,35860432.2,
20826255,aot,35343908.43478261,
20828621,aot,64000709.557142854,gas-used mismatch for 0xef0d4765c81306553fd490b0cd947c66df313638cfb25aaf053f525d17e949a0: expected 537298 found 71666
20824297,aot,42884823.16190476,
20829255,aot,30716450.10625,
20825880,aot,34788389.97857143,
20824291,aot,34450391.49668874,
20824380,aot,76575231.96923077,gas-used mismatch for 0x6bad792eb0c62d3eb21a958b32fcd9621f45562f1548377f2e3e513ca4e69406: expected 174060 found 145468
20825621,aot,49291477.43809524,
20826442,aot,35059873.9378882,gas-used mismatch for 0x8ad76c428f00bd887cb22083b5664bd5801ec612f85f271e12c8351293d200d8: expected 707327 found 206607
20828609,aot,39825217.0,
20828880,aot,37794973.129770994,
20825603,aot,49115832.53465346,
20825787,aot,50287713.448979594,
20825693,aot,63230754.75308642,gas-used mismatch for 0xcbb8d8f792da420fdb29e1189e4393eac276bd0b74817d94e92ea4bdeda85975: expected 289043 found 255002
20824240,aot,12325710.137931034,
20827566,aot,31986905.65625,
20828787,aot,59592639.83529412,
20826671,aot,38292653.781954885,
20824301,aot,58370989.70454545,
20824756,aot,34447978.45205479,
20827099,aot,53663358.663157895,
20827006,aot,41324204.138211384,gas-used mismatch for 0x8340f4ab8c44b697948e16ab220efb851c32a6e62a67b6894e3f8aeb0e1b98a6: expected 420740 found 234792
20826631,aot,24573996.019230768,
20827052,aot,20925962.922764227,gas-used mismatch for 0x3a151ed5c53a17499f6b067e8655052e58016f0a1de7bf0d8815263bd957bb2b: expected 913231 found 914581
20828740,aot,30371750.905759163,
20828646,aot,44138436.0,gas-used mismatch for 0x7dae4917139207a7d6d4f76a16072d1f063a224fb9ac5e8d0307f8b184798ce9: expected 206138 found 80048
20824193,aot,63130770.2962963,gas-used mismatch for 0xc32ce4511301fe2c10610d47c482a314e4fcae159ba0a2ef05052b41bf86ab37: expected 415871 found 98969
20828125,aot,54901190.38,
20824146,aot,37891236.58730159,
20825881,aot,20918264.605504587,
20824334,aot,37667505.06015038,
20824006,aot,46236468.50434782,gas-used mismatch for 0x1aacd8c8cadd4082b5af180c67dd166f543627cfe49c0c526b286a0b349e82da: expected 314335 found 187024
20825646,aot,21469553.68220339,
20827756,aot,25112693.11904762,
20828693,aot,38712115.21428572,
20828506,aot,43860622.30833333,
20827193,aot,38710025.77099237,
20827381,aot,12314743.84580499,
20824351,aot,51244902.89108911,gas-used mismatch for 0x2b2e54b0b0af04c6943ecf24e7a0c5f60e5cab6065f472748ae1b6090e1d6fd0: expected 277745 found 153935
20825740,aot,24954519.742857143,
20825506,aot,44452097.43478261,gas-used mismatch for 0xaadb03257bfd72a27b3e16bab46747ff50c15f0521d9c654f1fe6bca4abc85b1: expected 277745 found 153935
20826818,aot,51375214.77,
20824163,aot,26318574.066666666,
20828834,aot,28957097.305555556,
20824563,aot,53063366.208333336,
20829256,aot,51096211.15384615,
20824258,aot,30887058.152046785,
20824310,aot,42861856.80833333,
20824099,aot,30180767.353932586,
20826349,aot,39266207.11029412,
20826724,aot,65372741.6125,
20826256,aot,20928307.53359684,
20828622,aot,82133310.71666667,
20824381,aot,28938568.28729282,
20826531,aot,43772849.625,
20825622,aot,44293770.141666666,gas-used mismatch for 0x22ce8208a4345be6ff42cf4d7d71ef0bbdaec7ed61ddb3378178be0906e2f7d3: expected 239344 found 188918
20826443,aot,54954705.70967742,
20826390,aot,46180793.37037037,
20828610,aot,52566733.396039605,gas-used mismatch for 0x27bbea41fa2bdfe932929e645a2b7df698ac3bda6ff7e857ce4a2e0eda884b0f: expected 464676 found 95868
20828881,aot,72314212.21917808,
20825788,aot,30466909.348571427,
20827567,aot,43317303.330434784,
20828788,aot,29770970.829411764,
20825694,aot,51783052.34,gas-used mismatch for 0x4f44205fb478ee0e0667c074eca370592fa76fe9d96975c2f7a08273d9f55780: expected 157701 found 55973
20827007,aot,27194474.967567567,
20824241,aot,45834381.91304348,
20828741,aot,21573528.54042553,
20824302,aot,42305558.76859504,
20826672,aot,47074750.56363636,gas-used mismatch for 0x45cd72bfa2a35ffe05212316885c04602d043d548cecbbf04ec2a2ddb1d25eaf: expected 196055 found 81738
20828647,aot,41577507.958333336,
20827100,aot,29642272.08,
20827053,aot,46400368.79245283,
20828507,aot,22739719.134259257,
20824757,aot,46152620.28318584,gas-used mismatch for 0x5bd086ec8549cb3891998d5d2a94dc9420fc78f6e48dafe6bd3ca1ba89fa9750: expected 282545 found 153935
20824335,aot,18507631.08058608,
20827757,aot,24663175.776119404,
20824007,aot,31571652.14556962,
20825647,aot,46661778.06603774,gas-used mismatch for 0x68b1ea969b5d3a3e9e788dbf7942feeb6a826df4f34484c22d2535529b978071: expected 277745 found 153935
20824194,aot,39659090.640625,
20826632,aot,46606947.927927926,
20825507,aot,34616702.0,gas-used mismatch for 0x62da0f94032d8c6428174ecdb47fd05a0b987a4a98c9e2fd5cff4ae867f15674: expected 266663 found 238343
20827194,aot,41273310.94166667,
20828126,aot,29913882.105882354,
20824147,aot,32638110.018987343,
20825741,aot,48008321.04854369,gas-used mismatch for 0xb22c93c519674638b8485c7ae3ec9d95fa41f92bc5917983ab60ad588d06564a: expected 264067 found 215878
20829257,aot,12600068.955958549,
20826819,aot,33576901.41780822,
20828835,aot,25660677.272251308,
20828694,aot,27408421.87027027,
20824352,aot,35148426.31034483,
20825882,aot,66377422.64473684,
20824259,aot,20069699.06504065,gas-used mismatch for 0x992414ba27eec89389909ca1d68771233ae5cd1215166a339275b5b3c7ca3a6b: expected 258976 found 241985
20826725,aot,5919.869992567187,
20824311,aot,37645550.6,
20826350,aot,42864363.60909091,
20824100,aot,39164828.7734375,
20824564,aot,49998840.74257426,
20828623,aot,34521695.37762238,
20824164,aot,71405228.48529412,
20826257,aot,62707318.2631579,
20824382,aot,36140711.557971016,gas-used mismatch for 0x74ea03094d560d72fe1b6d997f6eb1615d09526c3a5a1ddd6d62298592a1ee5c: expected 322803 found 95880
20826532,aot,49489701.73469388,
20827382,aot,80726848.65079366,
20825623,aot,28428359.551136363,
20826444,aot,32850411.24503311,
20826391,aot,33769593.26712329,
20828611,aot,33824302.01324503,
20828882,aot,33889552.9924812,
20827568,aot,31251469.782051284,
20825789,aot,40946228.088,
20827195,aot,37811742.584745765,
20827008,aot,21234904.5,
20825695,aot,45435733.690265484,gas-used mismatch for 0x668ef3dff7e4b29f487083c309026a53cca1d65afb64791e6566153b1c3df12a: expected 345358 found 163865
20827758,aot,37252053.54961832,gas-used mismatch for 0x7d0063f2d46d5c2703f5a18c2863846cc54209ecdec1456b8b60d6f7b1b2c6be: expected 694836 found 379781
20826673,aot,38689002.640625,
20828648,aot,30938383.50310559,
20824195,aot,30369039.39375,
20824242,aot,39018193.223076925,
20825742,aot,32193635.76,
20824758,aot,26897630.758064516,
20825648,aot,50418695.833333336,
20828508,aot,53320375.52222222,
20827054,aot,38143527.571428575,gas-used mismatch for 0x9a60ec67634d8904049c75ad72e6cb785b70972b0ef0613db30278f0c1da4f60: expected 882601 found 182413
20824148,aot,33315925.6369863,
20827101,aot,43048171.39655172,
20828836,aot,34372792.73103448,gas-used mismatch for 0xe84798610a954976a0005166626f8d3b61e0c1612dbb6e77ef97f7d1910167df: expected 200915 found 81762
20825508,aot,44853527.04545455,
20829258,aot,50108132.93684211,
20824008,aot,39887658.690476194,
20828695,aot,29184117.12716763,gas-used mismatch for 0x1a3d5bdf3fe9e6b4617e03add86dcdf804949ee6477ecc8acec1efb40a975f2c: expected 802495 found 606619
20828127,aot,41443508.25833333,
20826633,aot,47755445.666666664,gas-used mismatch for 0x6e32a7e9f3043a9caf323e92784bd621883facf6ad3a062cf76a4e54cd1d0024: expected 305703 found 95880
20826820,aot,31451353.325,
20824353,aot,45784054.50925926,
20826726,aot,55386274.44318182,gas-used mismatch for 0x9f1cfa52e891ea13f8420ca9086ef19cb1cf3d1248aafe3b1d027c2ffaaafaa8: expected 198242 found 188202
20824336,aot,57362412.95698924,gas-used mismatch for 0x9a326a2a9f395daace046e06fd2b2f80aa74171d8d9173b33fdb4f08836b8e7d: expected 375496 found 255521
20828789,aot,35572225.850931674,
20826351,aot,32956666.569536425,
20828742,aot,28523841.21212121,
20824101,aot,27649069.381215468,
20824303,aot,45909457.47107438,
20824565,aot,42334562.70689655,
20826258,aot,28955605.602339182,
20825883,aot,25994066.58095238,
20824165,aot,44847999.45217391,
20824383,aot,39803437.76422764,
20824312,aot,47008759.37931035,
20828624,aot,36460947.45517241,
20824260,aot,78217929.86153845,
20826392,aot,14986720.91111111,
20825624,aot,45868691.67619047,
20826533,aot,42368150.69565217,gas-used mismatch for 0xbc971c4e2264cbcba0572c3cbe8bbd50f04e2777b9dd1e1d895aeb245ecbd6fd: expected 391211 found 95868
20827383,aot,51403812.11578947,
20826445,aot,52998911.19318182,
20828612,aot,49495876.603960395,
20828883,aot,39618389.86666667,
20827569,aot,30238436.903030302,
20825790,aot,62915629.17283951,
20828649,aot,38672373.9375,
20825696,aot,30412750.852941178,
20824243,aot,34877482.37762238,
20824102,aot,41800275.056603774,gas-used mismatch for 0xc6dfea3cb260f8e6fa942623176dabffc9d18299cf1da06ade29bbc63924da84: expected 323078 found 95880
20827759,aot,31868763.47204969,
20827055,aot,31778760.96202532,
20826674,aot,50692173.06930693,
20825649,aot,15028293.988338193,
20826821,aot,35476473.837037034,
20824009,aot,24144656.346153848,gas-used mismatch for 0x65ca61ef490c4221e38da056cd95584e8094d44593ec66cf146b453cb39fe53f: expected 331118 found 94851
20824759,aot,37304689.74074074,
20824149,aot,35037657.56849315,
20827009,aot,77350891.47058824,gas-used mismatch for 0xea598342bcdcee6c1ffb9472c58fbb216c6a04e45265ee767498e5810244caef: expected 306986 found 95856
20824245,aot,48316020.6875,gas-used mismatch for 0x5a4171000acf089920420eb701f952c7cdda55a024b044b85c7bef90a329c5ae: expected 385280 found 95880
20824196,aot,42491120.74796748,
20824313,aot,41385308.39805825,gas-used mismatch for 0x781c24632dfd1eef73d96952767e9e490d73024b9498669a5a13266566ade6a1: expected 446685 found 95868
20828128,aot,41613813.425,gas-used mismatch for 0x8ef9f8162d33f6362c8db51289dfb9e577e1b206a053aa53d02f20c6d8be531d: expected 305229 found 95868
20827102,aot,32628479.2125,
20828790,aot,29881856.933333334,
20825509,aot,42540120.19834711,
20828509,aot,40105376.87407407,
20826634,aot,32695614.09375,
20828743,aot,25972815.261780106,gas-used mismatch for 0x37b406c4ed2433638d2a3f4420392c8b1200ea96a283160f6f8e583253d0362f: expected 198279 found 81646
20828696,aot,21848726.573170733,gas-used mismatch for 0xfb849a0f6864a610f47955523b544d9e0fc46e21b3d2cd35c52651cdd14672fe: expected 363613 found 95880
20825743,aot,61028833.79069767,
20828837,aot,67607724.19753087,gas-used mismatch for 0xb6233adc2cd0237ecde66ee3e2ef684d0fdf1419f7a4bbf66bd3144342c7172e: expected 294250 found 313858
20826352,aot,56536298.89010989,gas-used mismatch for 0x7384afe78757c8806185e7a790c4f88a4a6fc67fc0c24925ee9cb378f628b506: expected 324098 found 95868
20829259,aot,51833271.61165048,
20824354,aot,59687878.333333336,
20826727,aot,65246135.820512824,gas-used mismatch for 0xac13c3f7a36875a50f0085bc1586efc9b5edd56edb2db22c4bad07eb38c0729a: expected 611475 found 195961
20824337,aot,48553416.12037037,
20827196,aot,42281451.13986014,
20824566,aot,33617175.96774194,
20826259,aot,33531674.96732026,
20825884,aot,53682429.21505377,
20824166,aot,34032918.49006622,
20824384,aot,33837328.41059603,
20824261,aot,34161799.29333334,
20828625,aot,13586450.837438423,
20826534,aot,28792943.309392266,gas-used mismatch for 0xfbbbe5d2754fa5f191ad7f4a82e7c505ef32da05bf4cbd43e4323fda236ea12f: expected 222724 found 212684
20828613,aot,20600210.869387753,
20825625,aot,52469551.1,
20826393,aot,69305357.34666666,
20826446,aot,47443367.12037037,
20828884,aot,28693002.86885246,
20827384,aot,43412398.358333334,
20827570,aot,42211566.9661017,
20825791,aot,34030296.47260274,
20828791,aot,20953267.259259257,gas-used mismatch for 0x3451f7d7ce20a5214bb5a7a3dd0d4be96d115229885ef6e3ab06ea583ae2d510: expected 379681 found 95880
20828129,aot,40910854.324074075,
20824244,aot,15462952.657232704,
20824150,aot,32946000.673758864,
20827760,aot,30665040.03726708,
20826675,aot,21864963.14347826,gas-used mismatch for 0x6fda2cf5db1bcb1e9cc257dbf09d7ef009aa1626368f28d655af83517a3a8ae3: expected 274998 found 238256
20827010,aot,51308494.277777776,
20828510,aot,33170201.335714284,
20828650,aot,38212160.37037037,
20824010,aot,36597211.98518518,
20824103,aot,45353239.63063063,
20825510,aot,34444853.52142857,
20825650,aot,47653289.504761904,gas-used mismatch for 0x7bc93ad183d999e2c55e84d740c3b2cf857d2b5afcffcae32a7e620b90ad4621: expected 509318 found 174554
20825697,aot,37547193.89285714,gas-used mismatch for 0x0266f718830818d160b682e947e601a3ee8334f53fca64406e524e8e35ff60dc: expected 277745 found 153935
20826822,aot,49052089.57,
20828697,aot,69473564.33823529,gas-used mismatch for 0x3c9f261204e2e429cfc98bf83827563eee20939a0b3a1dd026747816e6c3500d: expected 207846 found 195006
20824314,aot,30882133.925,
20827056,aot,33016168.360759493,
20824246,aot,49337491.702970296,
20828744,aot,15038043.723723724,
20824355,aot,46073798.574257426,
20826353,aot,28109263.057803467,
20827103,aot,36916617.5367647,
20826635,aot,40941721.2892562,
20825744,aot,27572516.76243094,
20829260,aot,31163445.875816993,
20828838,aot,27022297.627027027,
20824760,aot,52774918.15,
20827197,aot,35840073.34351145,
20824338,aot,34749278.179310344,
20824197,aot,48647600.7079646,
20826728,aot,34587268.574324325,
20824567,aot,34667346.0,gas-used mismatch for 0x917265d335640409fd1243c08a8465dc2d41bd14ec3aafcac243f747223964f3: expected 204766 found 82074
20825885,aot,40624332.80487805,
20824167,aot,33622465.567567565,
20826260,aot,39789649.56923077,
20824262,aot,36217204.25925926,
20824385,aot,38190742.43609022,
20826535,aot,36831229.104,
20825626,aot,36451194.3359375,
20828614,aot,31523923.541935485,
20826394,aot,19114297.961977188,
20827385,aot,24993293.545918368,
20826447,aot,35272359.608391605,
20828885,aot,40661244.43089431,
20828626,aot,71121288.74285714,
20827571,aot,22403288.5,
20828130,aot,35426901.268115945,
20827011,aot,32831304.66896552,
20825792,aot,33244046.451612905,gas-used mismatch for 0x97daa27d7e5acca00566e6647935f06ed3c1bd4633d61cfd3411661b5496dc64: expected 391716 found 95880
20828792,aot,28567776.077777777,
20827761,aot,49041893.62135922,
20826823,aot,26191434.59574468,
20824151,aot,42015562.38842975,
20825651,aot,44206569.882882886,gas-used mismatch for 0x1a0c4f64c1876d6a711c2efb8727b82ec8e541dcb9a3f02d498fa2726c2a54f0: expected 277745 found 153935
20829261,aot,28780391.215189874,
20828698,aot,28964644.716763005,gas-used mismatch for 0x0b3a9f56177c84f1c5806ec55d881e55601f906ec681a031a828197b6d120e2f: expected 360151 found 317150
20824356,aot,40666840.51304348,
20825511,aot,32925548.31372549,
20824315,aot,33018739.111111112,gas-used mismatch for 0x45c3e1f653af7de49a20ac01de985050110c1cbbfd3d4afb46049d9e5fdbc842: expected 1010648 found 146829
20828651,aot,34344832.817567565,
20826676,aot,75038208.91176471,
20824104,aot,34877065.6,
20824011,aot,30070438.564705882,
20825698,aot,46826993.12037037,gas-used mismatch for 0x1c63e8f70b28aaa36b2faefe487467e5c3cdc355ed7807f848f8c076bd95e010: expected 410115 found 360819
20827057,aot,40070125.91056911,
20824761,aot,29996079.4601227,gas-used mismatch for 0x90f774cf8df2fedf516a329f130e6349ad5d2f4b6ceef1b47ffeee25ebde05c4: expected 216725 found 203885
20826354,aot,41561726.583333336,gas-used mismatch for 0x5ceae6b4ae8da2bb226ef2f76b71da04f99e04ca297a5dd9d65bdaafa0491532: expected 305691 found 95868
20824247,aot,50694175.989795916,
20825745,aot,30369515.44848485,
20827104,aot,34577225.61643836,
20828745,aot,34234232.27333333,
20828615,aot,73454303.46153846,
20828511,aot,44217851.64285714,
20826636,aot,29220561.861878455,
20828839,aot,37227216.4609375,
20824263,aot,42528410.0952381,
20824568,aot,33076667.723404255,
20827198,aot,50312643.08163265,
20826261,aot,49430314.60215054,
20826729,aot,30096988.43670886,
20824198,aot,35979517.374045804,
20825886,aot,36610767.88148148,
20825627,aot,39606841.5,
20826536,aot,38405621.69465649,gas-used mismatch for 0xca122b7c99c7303d8294009ccea442bb2f59a6ab9552970ab08c76b4f674422c: expected 906494 found 758791
20824168,aot,38354384.692307696,
20824339,aot,31363617.3625,
20827386,aot,11381252.745327102,
20828804,aot,28362663.831460673,
20824386,aot,55329897.90322581,
20826448,aot,22670899.453333333,
20826395,aot,52428488.010526314,
20828627,aot,34712865.42553192,
20828886,aot,66484350.0,
20827572,aot,45853109.279661015,gas-used mismatch for 0x323da323fb41e9adb7dc9dbc4b07499e460ce6acfbfbe4454a478eb922ce78ed: expected 781633 found 182207
20828131,aot,34233922.91780822,
20825793,aot,34052693.873333335,gas-used mismatch for 0x0f5708829aa4220af6158fdc39f59be3f09867313852fc54750a79411ba711e6: expected 266927 found 219637
20828699,aot,33512104.143835615,
20827762,aot,27599052.670212764,
20827012,aot,40338110.0075188,
20825652,aot,34131052.602649,gas-used mismatch for 0xa811109724eab4ba987797b38230a0630dd06fc6f1fa14e88234bf37cc4725cb: expected 347172 found 305150
20824357,aot,40826927.288,
20828652,aot,37894176.79699248,
20824105,aot,34638252.45517241,
20824152,aot,47645931.25454546,
20824316,aot,41447081.712,
20825710,aot,11518510.023094688,
20824248,aot,36115060.60283688,
20829262,aot,43678451.46341463,
20824762,aot,35170899.01351351,
20826355,aot,33768770.006451614,gas-used mismatch for 0x9756e4e70354dd0f525752ba4966b31de2c65c834aa2d5401abef3206241400a: expected 264613 found 242611
20827105,aot,24080539.31455399,
20824012,aot,62661615.55421687,
20828793,aot,53175437.333333336,
20826677,aot,38857183.34057971,
20828746,aot,34598205.14383562,
20825699,aot,51075208.32380953,
20825746,aot,40141063.853846155,
20826824,aot,83119656.50793651,
20826637,aot,54108915.389473684,gas-used mismatch for 0x7256223b597e40080390640770063f79b29ee10fb3b7e357f7c5860bb6802aab: expected 88961 found 55173
20828512,aot,38637153.624060154,
20827058,aot,44512323.30081301,
20825512,aot,40824214.55072464,
20824569,aot,30566545.46987952,
20828840,aot,41365044.96031746,
20824264,aot,31844692.939393938,gas-used mismatch for 0xa0d371bb1b5898d3bb5c07e1b449562b9c903872df5faae3fcd8c8d010073db6: expected 277745 found 153935
20826730,aot,35898627.92907801,
20825887,aot,38201390.45801527,
20827199,aot,41431529.208,
20826262,aot,44194893.18644068,
20828805,aot,50397708.161290325,
20825628,aot,42435271.05833333,
20824199,aot,32752509.748466257,
20824169,aot,64326542.538461536,
20824340,aot,48077643.175925925,
20824387,aot,37076446.538461536,
20826537,aot,41066223.13740458,
20827387,aot,81279032.8,
20826449,aot,69649156.09589042,gas-used mismatch for 0x1f16e3b57657b2fb64777b4aad1e8801bb797a8715779bc03f292cdf124f106c: expected 277745 found 153935
20828628,aot,32364915.620915033,
20828887,aot,28344343.394117646,
20826396,aot,47217158.88495575,
20827573,aot,40395052.344,
20827763,aot,38988713.16,
20828132,aot,39069887.6328125,
20825794,aot,45151204.769911505,
20825653,aot,30455808.618181817,
20824106,aot,31403896.816455696,
20824763,aot,36761847.5390625,
20828700,aot,30693201.33714286,
20826825,aot,13871579.938235294,
20825747,aot,34459533.38405797,
20827013,aot,59321663.40909091,
20824153,aot,36124720.678571425,
20824317,aot,39250872.7421875,
20828653,aot,24996657.879069768,gas-used mismatch for 0xcaae361f360c75c944a35294562697cbbd22ae9f1ee0e60f0a2b09f9105ece83: expected 312594 found 238684
20828794,aot,21790441.00869565,
20825711,aot,74798507.92063493,
20826356,aot,33669317.02027027,
20826678,aot,30550951.732919253,
20829263,aot,40289131.6,
20824013,aot,37571013.669172935,
20826731,aot,34427128.4921875,
20828513,aot,33728739.83916084,
20825700,aot,39877210.072,
20827106,aot,49663327.40594059,
20828841,aot,35860007.73015873,
20824249,aot,20160701.554716982,
20825513,aot,31819411.129032258,
20828747,aot,11227977.416666666,
20827059,aot,39322366.3515625,
20824358,aot,47945779.09090909,gas-used mismatch for 0xb53cc2137ab3fb9caa82ceb95f0f9c5949fe81cf1510d9cb348fa881dc9f0055: expected 837953 found 907456
20826638,aot,64536507.35526316,
20825888,aot,37693646.6,gas-used mismatch for 0x3a0eff78202a26b4e6849c3b6aad1e5da12e781c43ac508c5fb1951bc6d5a992: expected 2977541 found 1846042
20824265,aot,47234725.4,gas-used mismatch for 0x5b9d34616e8aca16b4cee7d7e9507aecd98beddc27687f846db142b0d8dc1c07: expected 497736 found 183249
20824570,aot,48383111.28571428,
20826263,aot,31916374.397350993,
20827200,aot,30964945.56962025,
20828806,aot,24588502.731343284,
20825629,aot,29899848.90909091,
20824170,aot,29357762.426900584,
20824200,aot,39786063.08730159,
20824388,aot,25926574.2746114,
20824341,aot,28817262.847953215,
20827388,aot,51048032.239583336,gas-used mismatch for 0x3504253d02d59399d94120a9ac1774530dc70d674f72eabcaf291168aea45adf: expected 365695 found 306026
20826538,aot,45087455.054545455,gas-used mismatch for 0x031448a53e5aecdad89cc43bcd456e60d60267c341aef72f6827f6f0c1a2db26: expected 204766 found 82074
20826450,aot,30636532.88198758,
20828629,aot,39175668.253968254,
20828888,aot,30340616.938650306,
20826397,aot,36435248.79310345,
20827764,aot,30568553.884615384,
20827574,aot,36833931.22142857,
20828654,aot,44250468.71818182,gas-used mismatch for 0x6c139a19151472820d93b9a6635cf49b7c7c1fcfd0cd8897a7da8b72b036d0f9: expected 344785 found 99005
20824154,aot,40763256.01626016,gas-used mismatch for 0xb2851bebde15a8f6ace842357d0cdb1528a3e5cf2d751213b16388ac095f34dc: expected 1594122 found 215422
20826826,aot,61080589.71052632,gas-used mismatch for 0x4696d5dd907884c0b951e6460fb249e1c1400aadf468b2609f844cee77e5fdc5: expected 195418 found 81646
20824318,aot,43638465.330434784,gas-used mismatch for 0xb1be2c83a5c67e847df2d3cad67ab4c30547dd3083861f0f070232479cc6abe8: expected 483473 found 283440
20828133,aot,42393256.55384615,
20826679,aot,32909485.986486487,gas-used mismatch for 0x069b7387018a5f689c416efa4219e9ed1fa316e9e0385520bbe6a67bfa8571e7: expected 417096 found 172565
20824107,aot,39447126.025,
20824014,aot,32283727.16129032,gas-used mismatch for 0x199b0f498e84f5d30df457912259367ba1a2d9e01820f529a4388cf75cc274f1: expected 333394 found 95880
20825795,aot,43181798.92173913,
20824171,aot,33037563.796875,
20826732,aot,31396269.96732026,
20825654,aot,12514102.235294119,
20824764,aot,22315799.186666667,
20828842,aot,36601840.578125,
20826357,aot,33922805.66433566,
20826264,aot,41287175.5462963,
20825712,aot,38114891.823076926,
20828701,aot,35481498.71014493,
20827014,aot,33918768.26027397,
20829264,aot,32636990.185430463,
20828795,aot,46110483.20952381,
20827060,aot,34236731.99285714,
20825514,aot,42134071.35344828,
20824266,aot,42038942.67826087,
20825748,aot,45030706.48648649,
20825701,aot,31177768.521472394,
20828748,aot,45351655.13207547,
20828514,aot,21494278.510373443,
20828807,aot,25276981.275510203,gas-used mismatch for 0x2c345514384ecfd562de4de5d90119e9710d0802f839fcb095d8f86fa7771db7: expected 527298 found 449617
20824359,aot,28662161.6,
20824250,aot,48902333.53773585,
20825889,aot,48529720.25714286,gas-used mismatch for 0x434695c719d87ef2c2e3a993c425fff9a7279fa757f55fa08f42b4bd7f501c23: expected 264541 found 242539
20827107,aot,45166188.26724138,gas-used mismatch for 0xf008e60ab8f04c2342c9c7e080ff25010e2268a8c542ff41aaafa750fcc09355: expected 315934 found 311255
20826639,aot,33101846.38125,
20827201,aot,61306501.125,
20825630,aot,39466078.365079366,
20824571,aot,43493327.55932204,
20824389,aot,40936601.84166667,
20824201,aot,39593044.453125,
20827389,aot,31189570.301282052,
20824342,aot,41537591.968,gas-used mismatch for 0x57db003c13889b5ae98bf46a2327d7f961785f40497cbc44c644681557315ce8: expected 412485 found 219348
20828889,aot,34682683.63703704,
20828630,aot,32057969.532051284,
20826451,aot,37838807.94074074,
20826539,aot,43187231.6328125,
20826398,aot,42530211.43362832,
20827765,aot,27580371.107526883,gas-used mismatch for 0xe13e69c86e248f4d90c19709d7df031bb5a997363d6d45eb259c18998180074b: expected 158578 found 126711
20827575,aot,32188393.16,
20826827,aot,27175431.976608187,
20825713,aot,33084159.662162162,
20828655,aot,46185739.48648649,
20825655,aot,72349648.43076923,
20824319,aot,49491440.666666664,
20824155,aot,54634671.21875,
20824015,aot,40244829.0078125,
20828134,aot,35647283.91780822,gas-used mismatch for 0xc893f319402026d01c76dc2e6d2afca16f6e4290bdf6e55ab949d52ff7030744: expected 2132991 found 1451110
20824765,aot,44196916.017699115,
20825515,aot,43685836.66086957,gas-used mismatch for 0x939131614c718460efcaa98a95e198ceb25463ab721bcc5be2cc775df052aed0: expected 1042889 found 871383
20825796,aot,47666980.54716981,
20827015,aot,32611387.698717948,
20824108,aot,34827880.38,
20828796,aot,18053024.736111112,gas-used mismatch for 0xfb1368ccf6bffbe5d6665856cddcfe88d853952137159c282a9a45f495dd62fc: expected 404046 found 95880
20826680,aot,51264325.40776699,gas-used mismatch for 0x07b3b4253b4f7a177bd961c7c04fcf6df0e022422fbd96a84f66d080226fd3e9: expected 209352 found 82074
20826733,aot,41456483.79365079,
20826358,aot,33580148.787096776,
20824360,aot,41205458.77118644,gas-used mismatch for 0x3e031dc65ea896331c3fabf9eca144f21f5a212b95795a3e92ecbfbfc93ebcb7: expected 277745 found 153935
20828808,aot,44305607.95495495,gas-used mismatch for 0xda97afa5abb029927b739b2c7074211e0fc658a5ef361963c741ba7a99a93a42: expected 207440 found 194600
20824267,aot,33841350.49668874,gas-used mismatch for 0x17f80f3795d4fc84d771794c33c3938b5a98bc35b5b723c018f844db328cada3: expected 387931 found 95868
20827390,aot,21898990.466019418,
20829265,aot,33883656.456953645,
20825749,aot,40642529.70634921,
20826265,aot,54080891.28571428,gas-used mismatch for 0x002ae403ce894b39a9ac8e74cd5d70d4cb0b52456a284e9616ff14b82e31a020: expected 200891 found 81738
20825702,aot,28518516.433333334,
20828749,aot,13787896.440944882,
20824172,aot,54321745.77,
20827108,aot,12904245.363171356,
20828702,aot,44157706.06666667,
20828515,aot,46883986.43396226,
20825890,aot,34818094.79054054,gas-used mismatch for 0x4e76fee5033adc1b573db2936a863d626be38e01e70634fcdbeaa156ffb687f8: expected 439765 found 319794
20827061,aot,56693710.10752688,
20828843,aot,71836928.04411764,
20824390,aot,15539282.807807807,
20824572,aot,36521475.25714286,
20825631,aot,34258632.430463575,
20826399,aot,42605436.4375,
20824251,aot,49562068.268518515,
20827202,aot,30934300.23121387,
20824202,aot,35475668.08275862,
20828890,aot,21764306.217777777,
20824343,aot,37405355.85185185,
20828631,aot,37828126.358778626,gas-used mismatch for 0xf00742d9293dd8cc3632cc6f9c566f39d12134c445b01bee104ef5b39c95bb93: expected 359406 found 317408
20826640,aot,41887145.27536232,
20826540,aot,35774231.27142857,
20826452,aot,54580361.385416664,
20827576,aot,34693135.205882356,gas-used mismatch for 0x39af9f5631a09c991d1f30e33de6b188dcdaf952729afba5a90e59f55258664b: expected 258200 found 243139
20827766,aot,56009939.37209302,
20826734,aot,47511633.70454545,
20828656,aot,30535563.602649007,
20826828,aot,35382007.68874172,
20824320,aot,45702443.333333336,
20825656,aot,38912938.73846154,gas-used mismatch for 0x66bc349e469039dee623c31732982bdca253b5170192d739a9ed2a497e663644: expected 839088 found 338404
20825714,aot,38837892.353846155,
20824016,aot,30592745.52121212,gas-used mismatch for 0x459ca209a520aabc9b3541ce0d71dc634d5d255d764373dd5deb6d315f864801: expected 138852 found 56972
20828809,aot,27390158.59659091,
20824766,aot,27869836.86885246,gas-used mismatch for 0x60d65de0532201649ffeed0ebb48337a8f51e3277f38a4d317be55688b829859: expected 280282 found 309093
20825516,aot,34769703.055944055,
20824109,aot,31659125.519230768,
20825750,aot,30072025.938650306,gas-used mismatch for 0xf8e5ee81e6c85d4acfb6b79f9b28b719b85da9f826d32db734432a64059ea9fc: expected 266951 found 219661
20827016,aot,37903402.3,
20826681,aot,51593271.614583336,
20824156,aot,51701169.03960396,
20829266,aot,47652424.72815534,
20827062,aot,34461852.5035461,gas-used mismatch for 0x9c5cd25c813072c2ea1604e9fd7829bc04c70926ae2974692e1aaf4559851559: expected 198354 found 169762
20826359,aot,48282781.37037037,gas-used mismatch for 0x56414dd3f1346b1d6b186c336cc1e44c1641f80b14ef157317345001c50a4cb8: expected 277745 found 153935
20826266,aot,33096656.219354838,
20827109,aot,51490789.908163264,gas-used mismatch for 0x81789a01acd13ceabc8c6d582cdecefc221aca83647d0bd81fda34c8cc08e6c4: expected 390652 found 322649
20828135,aot,56873046.80645161,gas-used mismatch for 0x47ea0e057e3bc6b529edb18ebcff2de0337349a0ea9e6b299eb05f1fdb76eb1a: expected 750908 found 116872
20825703,aot,29991699.076023392,
20824173,aot,34729018.78082192,
20824361,aot,41491024.78571428,
20824268,aot,36944622.51724138,gas-used mismatch for 0xa22b4a0c2bbd996b36117cb3a6a8903914e7356c85c12c40d66842fd78d8c8cb: expected 264079 found 215890
20828750,aot,42108734.93495935,gas-used mismatch for 0xd6e0928efb8a58d6a12744010104f80073b019ae23ca4601823d717dfaec1a40: expected 454545 found 95868
20828516,aot,38366638.79389313,
20828703,aot,41766626.601626016,
20825797,aot,48869506.00900901,
20827203,aot,42186216.481818184,
20825891,aot,25190180.985714287,
20828632,aot,33948568.11111111,
20827391,aot,57483168.9010989,
20828797,aot,80818819.75384615,
20826400,aot,39926343.08730159,
20825632,aot,36874247.347826086,
20824573,aot,26280442.353535354,
20824344,aot,30211573.15060241,
20828891,aot,30890553.439759035,gas-used mismatch for 0xa5a00251f1c6381cf83e53171789c46089710618fdb054847388ea9ec52b8253: expected 360151 found 317150
20824252,aot,48097467.10185185,
20824203,aot,50724225.28712871,
20828844,aot,41906319.56390978,
20824391,aot,76346288.20588236,gas-used mismatch for 0x3a9888ee6146505d894e61f6589da0a7b52bb0e7bf54e236f28b3c6896882878: expected 158616 found 126760
20826641,aot,47387949.12037037,
20826541,aot,38900111.26153846,
20826453,aot,51572648.571428575,gas-used mismatch for 0x6908960c43afebba0f053eea4240a0f3de48c7d1e148abad0bfaa5e3439ee2a0: expected 305633 found 95928
20827577,aot,31302014.70945946,
20828657,aot,36834283.128,
20827767,aot,36042592.992592596,
20826735,aot,1355609.7728215768,
20824017,aot,39537482.40495868,gas-used mismatch for 0x805fc4f5a445fab28a3c7520cd43008bc82b1bc10176f7d3fcd0daeef01b0716: expected 328432 found 95880
20824767,aot,29829901.0125,
20824110,aot,9402100.072124757,
20825715,aot,35591711.123188406,gas-used mismatch for 0xeb8502faacf3c01c10d75491027edba97515842ccdd4acaa16f9e9067ca119a9: expected 547309 found 279704
20826829,aot,57889728.81395349,gas-used mismatch for 0x11d872ba38479465c848442f0a11b14eaa669ed821545681f697d3f159203d84: expected 1074089 found 653394
20824174,aot,32344940.72463768,
20825517,aot,30906795.3625,
20828810,aot,53251360.63736264,
20825657,aot,43896713.876106195,
20824321,aot,47300939.49074074,
20828136,aot,34962877.884615384,
20827063,aot,36739067.50381679,gas-used mismatch for 0x25ddd5c5d8438b017fafd85fc39aef4f025267508029fa4b104b6bc0b52a1fbc: expected 6874588 found 135038
20826682,aot,33402265.098039217,
20826360,aot,46784808.39047619,
20828517,aot,33112126.986486487,gas-used mismatch for 0x001f4ff0b2406a9c0f1be2c228ee68e021c952d1195db44165860f46d92982db: expected 324098 found 95868
20826267,aot,33601161.053333335,gas-used mismatch for 0xcb8495fb5b491cc20ad64ff44322bb839eea4daece473714f285be4395581d98: expected 173605 found 153923
20827017,aot,53244231.35714286,
20827110,aot,44515746.2972973,
20825704,aot,40754988.98347107,
20828704,aot,28658549.647058822,
20825751,aot,40816045.17037037,
20824269,aot,45997849.46363636,gas-used mismatch for 0x1efe96cdbaca3572c7efe6d3bd66ca2c93fd81cc1c69ccfa456002eae3aafeaa: expected 264079 found 215890
20828633,aot,46717334.952380955,
20824362,aot,54198915.06451613,
20829267,aot,42340366.47154471,
20825798,aot,48479994.75728156,
20824157,aot,48230722.45945946,
20825892,aot,42773435.12711865,
20828751,aot,42787322.94214876,gas-used mismatch for 0x112639ecf22bd405f57ff0a7701cd66084b4bfa4b534769da66b0cd6aea78eb7: expected 348175 found 95880
20824392,aot,31497091.963235293,
20827392,aot,31571960.86956522,
20827204,aot,34561017.222972974,
20828798,aot,44358277.163636364,
20824574,aot,36323824.79230769,
20826401,aot,32793733.43137255,
20824345,aot,45158466.00925926,
20828892,aot,37817093.610687025,
20824253,aot,29859366.69642857,
20825633,aot,55727326.20879121,
20824204,aot,37827845.58778626,
20828845,aot,28983567.792134833,
20826542,aot,31410269.34177215,
20826642,aot,25531643.72906404,
20826454,aot,36406583.71428572,gas-used mismatch for 0xc3e25c877ac4122f8fd60489b8a091631be945aca1b330269d3243209288e033: expected 305703 found 95880
20827768,aot,28286291.22857143,
20828658,aot,42713717.21487603,
20827578,aot,39320646.56737588,
20826830,aot,28358910.883333333,gas-used mismatch for 0x188482dc5a0d4d104629f5bf948274436ddc042c20324399b9807964d38a5a70: expected 220826 found 53691
20825716,aot,24125379.32093023,gas-used mismatch for 0xe7b16adf57cc750d6896296c75a611b9acb5dbfc04c1a9876102afafa8cca5dc: expected 269017 found 271430
20824111,aot,57735868.20879121,gas-used mismatch for 0xf67601d297af4ac532cb6721ae789d0793d362cf8e14b833c24ae428bb70e148: expected 161958 found 117246
20824018,aot,30975300.304093566,
20825518,aot,38668020.5859375,
20828811,aot,29493680.514619883,
20826683,aot,31754584.555555556,gas-used mismatch for 0x05e33230d331e42ad6c3059adf1e97c40f8d3ffc436f169fe2593dc47014c07c: expected 215376 found 205336
20824768,aot,59977874.45454545,
20824175,aot,32129089.575,
20824575,aot,33491940.92857143,
20825658,aot,24887305.616113745,
20824322,aot,34099563.66013072,
20826736,aot,74391935.83823529,
20828137,aot,43569779.23728813,
20828799,aot,33022476.86764706,
20825752,aot,34886120.705882356,
20828518,aot,26967921.668393783,
20827064,aot,30702251.023121387,
20829268,aot,56091119.23863637,gas-used mismatch for 0x0e90dad66163bae1ee5e4f907b2142fdf6ce327a7d494bd568b13b1f42bd2d22: expected 204571 found 82074
20826268,aot,36981570.95035461,
20825705,aot,48529588.6952381,gas-used mismatch for 0x9745d23e6de957a1602850992243d69389194084f0d05642809379e53d29fae8: expected 378578 found 258607
20827018,aot,38460698.55555555,
20826361,aot,49614338.905660376,
20824393,aot,55473456.62222222,gas-used mismatch for 0xeaebd52f02d743577df6a0c42b83d7c0345e3da8f3558bda8dffc1fea264e7e0: expected 375464 found 95880
20825799,aot,24117372.151658766,
20828705,aot,40864704.96183206,gas-used mismatch for 0x2ac5d25f1cc57dc5b39d21ec11b394f076daa1afa0a1896bf6c47da0036fff1e: expected 190682 found 178893
20824270,aot,36421829.88965517,gas-used mismatch for 0xe22e237fa460bacf9123bbc16b357e1b7d82f674231fbe6833264bb415977fe9: expected 468685 found 430995
20825893,aot,45208723.53097345,
20828752,aot,13696410.628571428,gas-used mismatch for 0x00f14a8f860124a46bcd9807bec13428d0766463cf4af66ca67a737d182e33a3: expected 362581 found 95880
20827393,aot,50454066.052083336,
20824363,aot,45502983.477876104,
20824158,aot,25066884.27142857,
20826543,aot,44961761.99009901,gas-used mismatch for 0x485efec0c1987e0a559f59561173c77d20f95fee551038f2e700dd43dbae885e: expected 606465 found 480191
20828634,aot,56641078.88172043,gas-used mismatch for 0x47c82033d5eda00fdf3d5d4700e6d6ee0bfe43d446f6b353b1d95b31e1753c1a: expected 849078 found 543488
20827111,aot,42057156.40458015,
20827205,aot,38999085.2406015,gas-used mismatch for 0x96b7680ca73dda3f7cbe8777025c8d3d512edc2993775554bb2084eab0931fdf: expected 264601 found 242599
20824346,aot,17917259.94256757,
20825634,aot,16669543.33226837,
20826402,aot,42299901.146153845,
20824205,aot,32976025.2125,
20826643,aot,7807233.298780488,
20828846,aot,34696152.85333333,
20828893,aot,42204984.05343512,
20824254,aot,53722607.27722772,gas-used mismatch for 0x578549c8008f3ad61dacd0106a92e80e2c2427bc7f7df438475b3d076af74815: expected 264043 found 215854
20826455,aot,42890527.35772358,
20827769,aot,21963146.24770642,
20827579,aot,43233484.39130435,gas-used mismatch for 0xe9383d68eb897a6953d81ebea16bac6b1ec15328c8364813a4c744fd6467abf5: expected 266939 found 219649
20828659,aot,38414171.241134755,
20826831,aot,30730096.385093167,
20824112,aot,53176401.01098901,gas-used mismatch for 0x4f25655eb76af4fe5ec0bc25b30560d50b3ce0c41053961e9eef46516b7f4edf: expected 1134821 found 691083
20825519,aot,15973516.248427672,
20826684,aot,52378962.447916664,gas-used mismatch for 0xef5a8f39514c5186725d722d31fdaa98a2d041b88f197c56ff71412919411602: expected 196290 found 187301
20824769,aot,42480005.61016949,
20828800,aot,39272593.593495935,gas-used mismatch for 0xe9afe147a884fa26d9e5007a8c2d4ce45363cc11b48b889a0f1e411bdbd74fdc: expected 283751 found 238331
20824176,aot,39505185.6171875,
20824019,aot,38723464.78518519,
20825753,aot,9679962.703846155,
20828812,aot,38106032.01449275,
20825659,aot,41740551.16260163,
20828519,aot,72718811.51470588,gas-used mismatch for 0x19489919af8afd72d1b5b92bbbbc70cc5f244ddf8af0e5eb8238d60d41153f5f: expected 1923628 found 957679
20828138,aot,37728850.22794118,
20824323,aot,36587680.28671329,
20826737,aot,44687038.19130435,
20826269,aot,25799735.333333332,gas-used mismatch for 0x9642ebf136165d9ea9074ad47d35196a90dc92954cba32bd27120067c4fad3d5: expected 196055 found 81738
20827019,aot,34501318.80821918,gas-used mismatch for 0x90e149fe2d5a2c9d977a55b665127420e01ce6ea0aad0e5194d01bef83c2fcc3: expected 1916050 found 1142302
20825717,aot,48695401.881355934,gas-used mismatch for 0xf93503bb0de5b60392aca54066676f8f0d789d2085e3d24e8f0ec6a205c45e0b: expected 363598 found 384401
20824576,aot,44241699.28571428,
20825706,aot,37806388.45925926,
20827065,aot,41455471.2601626,
20829269,aot,37452930.64705882,
20825800,aot,41838642.02479339,
20825894,aot,43917729.31531531,
20824159,aot,42935754.56637168,
20826362,aot,30838055.88690476,
20828706,aot,51056724.39795918,
20824394,aot,48729264.0952381,
20827394,aot,26917598.67368421,
20828753,aot,39871698.5,
20824364,aot,27623160.456989247,
20824271,aot,50887356.8,
20827112,aot,31283475.19018405,
20826544,aot,44322256.32173913,
20827206,aot,36704265.307142854,
20824206,aot,44352592.283018865,
20825635,aot,80644259.8888889,gas-used mismatch for 0x2d5ff12ff08a239e03ddf7a00c438a8847b933b768b6e9961f964c8f74bbc799: expected 247013 found 191409
20828635,aot,49340880.71818182,
20826403,aot,36175996.25735294,
20824347,aot,67323261.23684211,
20828894,aot,28480795.308988765,
20824255,aot,47254973.159292035,
20826456,aot,51029171.14851485,
20828847,aot,41133467.244444445,
20826644,aot,75516124.04225352,
20827770,aot,33940464.34965035,
20827580,aot,31739219.57615894,
20828660,aot,29663896.18404908,
20824770,aot,38862114.4137931,
20826738,aot,38499959.96396396,gas-used mismatch for 0x20f56fe5222d9dc93af028786b93a565e406179c4c3901881ce788961fa0e799: expected 351649 found 164010
20826832,aot,35598011.10144927,
20825520,aot,38419569.712,
20824113,aot,35123260.615384616,
20824177,aot,29232130.48214286,
20824020,aot,32843159.76821192,gas-used mismatch for 0xf7eafb2d3c973d5a5c57c9552a51d4044567f5b4ae1450e84d8ae0c5aff325fc: expected 407303 found 287332
20828801,aot,56581328.0,
20828813,aot,26784094.508196723,gas-used mismatch for 0xf9953d1d85a8abedc0939731df54369d2d83aded97554f9e5b71024325f6295f: expected 344785 found 99005
20826685,aot,46178364.78761062,
20825754,aot,54643988.52272727,
20825660,aot,14216018.32506887,gas-used mismatch for 0x39c982d7729fc29a5cdd6ffa908f3d87734eb88779bf38811c47653f0f662e56: expected 611587 found 196045
20828520,aot,33793618.946666665,gas-used mismatch for 0xbea8ccfb58f6a5213107a73a7e3449f65518375931e8d523f584ca7cfa72d797: expected 360175 found 317174
20825895,aot,26508265.607954547,
20828139,aot,49284552.554455444,
20824577,aot,73282087.52941176,gas-used mismatch for 0x06d631b6726a26b34d9658786697ff74ca828bbfeb3023e380271997dbeffbb5: expected 682276 found 426205
20826270,aot,33777660.76821192,
20827020,aot,41087771.3902439,gas-used mismatch for 0x4b9259175dabde28d9c6bf6930b6742b0101ba831b709f05092278887fc3290e: expected 361019 found 170603
20825718,aot,12164902.506976744,
20827066,aot,37715070.55384615,
20828707,aot,34774533.63829787,
20829270,aot,39903841.603174604,
20824324,aot,53677414.65625,
20825801,aot,38984671.12307692,
20825707,aot,40034039.02290076,
20824365,aot,49998524.197916664,
20824395,aot,43507250.07826087,gas-used mismatch for 0x4f4b3b7990effae767becf94147ec1c66b7aa0dfe2c52422bb763160069721da: expected 308307 found 234735
20828754,aot,35662694.94326241,
20825636,aot,28894941.94375,
20827113,aot,46097294.0,
20827395,aot,42090013.30833333,
20826363,aot,42467669.76422764,gas-used mismatch for 0x80c51351d44aa25bd1899ece879810b12531eb62f6576e6e97eed9191a091e03: expected 666936 found 284581
20827207,aot,27636394.5359116,
20824160,aot,37864505.47552448,
20824207,aot,41051371.01626016,
20826545,aot,36520568.758865245,
20824272,aot,17247062.654952075,
20826404,aot,51357101.72631579,
20824348,aot,40553965.30578513,
20824256,aot,49959945.92222222,gas-used mismatch for 0x5e2ddbb5bc50d06bc7bd102f9d476ed3effb25e00c233bc99c881ccfffe0858a: expected 264067 found 215878
20828636,aot,50077632.30612245,
20828895,aot,31415876.09375,
20826457,aot,39059520.366412215,
20828848,aot,38471639.733333334,
20826645,aot,38152571.98473282,
20827771,aot,26343191.18134715,
20827581,aot,31371340.125,
20828661,aot,36309058.47794118,
20826739,aot,52066236.92631579,gas-used mismatch for 0xb62e26a3b8dbf6863c88eafbe672833aae180e90f01432295a9756a1ebd057fe: expected 906833 found 708290
20826833,aot,28745890.61988304,
20824771,aot,36085612.85714286,
20824114,aot,28049436.497076023,
20825521,aot,64234393.53947368,gas-used mismatch for 0x2158be3fc5fda136b9b0584bab47bc676236ba466402b3b670c9815d460b147f: expected 282521 found 153911
20824178,aot,42414580.8362069,
20828814,aot,26807188.365168538,
20825896,aot,40334197.652542375,
20824021,aot,48464433.46666667,
20828140,aot,39419137.23140496,
20828802,aot,33998526.986928105,
20828521,aot,36922578.65925926,
20825755,aot,63930100.85897436,
20827067,aot,30090113.49068323,
20827021,aot,44943197.127272725,
20827114,aot,31903535.260273974,
20826686,aot,72247218.34666666,
20828755,aot,23860974.546341464,
20825661,aot,66286031.743589744,
20824325,aot,39736924.26829268,
20829271,aot,28799542.125,
20828708,aot,58661199.894117646,
20827208,aot,52385037.197674416,gas-used mismatch for 0xbe361a63fe6f021173b35ac0b35adb7c5b41c826d66ae20f1f476a3e7fa728d0: expected 468584 found 95904
20824366,aot,39555819.32,
20824161,aot,36381132.3203125,
20826364,aot,47444120.38834952,gas-used mismatch for 0x24c6bc1488f219ae10af6419d71ba9ed89b715f76bdc4f25c9babba8a0bd21c4: expected 327125 found 95880
20824578,aot,39297695.28148148,
20825708,aot,38668038.276923075,
20826271,aot,62661999.0,
20825637,aot,48295102.300970875,
20827396,aot,38115609.36923077,
20825802,aot,34664893.07284768,
20824349,aot,29770002.734177217,
20824208,aot,55357896.29545455,
20826546,aot,40412855.0661157,
20825719,aot,59362922.96590909,
20824273,aot,58018427.14814815,
20824396,aot,45788994.04347826,gas-used mismatch for 0xce51996377edec559f79705f53534af8df2d43e3235d5e7c512e58ba9d8c5479: expected 369487 found 95880
20826405,aot,37460211.847328246,
20828637,aot,45516274.675925925,gas-used mismatch for 0x23a9ac7613cdd6f49317f183c2ba4fda31e63f3a850ced12c749b52d5eeadf32: expected 213476 found 144540
20828803,aot,29430647.545454547,
20826646,aot,33269577.126984127,
20828896,aot,41243936.11570248,
20826458,aot,31616166.82051282,
20828849,aot,53847868.14814815,
20827772,aot,28349156.852272727,
20827582,aot,35585134.71014493,
20828662,aot,42029414.36363637,
20824772,aot,34763762.344827585,
20826740,aot,40028554.75384615,
20826834,aot,35170138.19310345,
20825522,aot,31021587.96273292,
20824179,aot,46962822.18181818,gas-used mismatch for 0x0176c7834e2df285505d3a855a7d41aada94602656fbb0f06a6706b96ca3e3a5: expected 889844 found 902478
20824115,aot,17666272.66013072,
20824022,aot,36862774.27205882,
20828546,aot,32326640.816993464,
20828141,aot,34553017.946666665,gas-used mismatch for 0xb7e5750b9196b6861d764df1b2a018d653e996ed478ea6636bceda891b245380: expected 884515 found 85198
20825756,aot,33165562.973509934,gas-used mismatch for 0x30f42afe9e79d60eef2adccf86c0ca600c227d3c6acaa8de2f8864421af4d059: expected 916514 found 93596
20825897,aot,35125974.60273973,
20828522,aot,57661440.02272727,gas-used mismatch for 0x2000bc4a11a31e5c29c6c262ef9e3a720c54f669b26c6cf04dd28edd99fee408: expected 369487 found 95880
20828815,aot,47548315.82882883,
20825720,aot,37150574.75833333,gas-used mismatch for 0xc85f78dcb42d9e105925f8577f15a77a2348f7421fe8fc1f46e51d84bd4cadc1: expected 277745 found 153935
20827068,aot,34535448.38513514,
20825662,aot,41188708.56666667,gas-used mismatch for 0x29f71487e6066e33eda52cca7d538927e4ebec5f4cc0ac53bf25c288bc1f2e98: expected 277745 found 153935
20826687,aot,37502412.455882356,gas-used mismatch for 0x749a1debedff6eefef05914ff0393155da5560c5f8dc046b9f668d50184ceb32: expected 345532 found 95880
20825803,aot,55043214.0,gas-used mismatch for 0x5e6d641214a3bd55eb8c71e431446bf21a2d4cd6720519e2048e3486288bba74: expected 277721 found 153911
20827115,aot,30393763.247058824,
20824367,aot,13312108.798955614,
20827022,aot,20546127.798449613,
20824274,aot,39637800.92173913,
20828756,aot,23922906.197247706,gas-used mismatch for 0xf59b8fb12433255cf7df3886106f61dcfb163a0266afa7e3b9a5e9c36b110887: expected 266723 found 238403
20824326,aot,37276335.3382353,
20826365,aot,25434425.546341464,
20824162,aot,31247935.963636365,
20826272,aot,30830025.626506023,
20826547,aot,34694659.65034965,
20828709,aot,39262360.06015038,
20825638,aot,36883090.58695652,
20825709,aot,44572022.77391304,
20824209,aot,28525169.616666667,gas-used mismatch for 0xe7b0acd4efdafa37468133ebfa977f54fad60ba1e62b550b363f383f7396a4e6: expected 282545 found 153935
20827209,aot,32631400.98159509,
20829272,aot,63036010.21686747,gas-used mismatch for 0x9d16e7f152a5102ce6df408df87ace1cef76983db1dce397fff07645d826b738: expected 874995 found 666545
20827397,aot,43664407.458333336,
20824350,aot,37847442.71111111,
20824579,aot,34986345.164556965,gas-used mismatch for 0xa3613f9d5e315f25b298e83f91d4f46b5e8a99ac2a72571f28ad2e03c672c0d5: expected 633744 found 95892
20825722,aot,32298255.670886077,
20826406,aot,35357819.4,
20826647,aot,32192189.986486487,
20828638,aot,36919359.944055945,
20824397,aot,38735719.22857143,
20828897,aot,47654247.18367347,gas-used mismatch for 0x909daaf3f8b9820f9a853ddfeaacbd9c1956d4856d72084d5f8b403a1ba87741: expected 386575 found 95868
20826459,aot,42814609.53448276,
20828850,aot,42603607.6171875,
20827773,aot,31663005.37341772,
20827583,aot,33919260.716216214,
20828663,aot,16798767.308474578,
20824773,aot,34289693.92307692,
20825523,aot,31805264.561290324,
20826835,aot,32852312.19178082,
20826741,aot,50978628.489795916,
20824180,aot,25867859.03626943,
20824023,aot,33847327.951724134,gas-used mismatch for 0x707e7eb8ca48ccd7f7fa3465ad30787382abfa154f8bcfdcd60131a7029d35bf: expected 199930 found 82074
20828142,aot,32684920.477124184,
20825757,aot,36148149.56428572,
20825804,aot,16513228.298611112,
20825721,aot,36084226.42222222,
20828547,aot,42142779.175,
20828523,aot,35727221.096551724,gas-used mismatch for 0x126d3a28fbb11157b7e323a15f54e015addb870f7a2f364f65c5f00f85ac886f: expected 1833092 found 969867
20825898,aot,54424565.32631579,gas-used mismatch for 0x9104a4ab79c533b5a5696f63a5cb5642726575800a59ceccae0fd97e3e771cda: expected 324098 found 95868
20825663,aot,27123486.52688172,gas-used mismatch for 0x995eb4cc669a0a46aa53e118e87b6cffe46eef1c1590041cba08c1ebd0a6e15c: expected 410897 found 95880
20824275,aot,31343371.68874172,
20824116,aot,69054869.0,
20827116,aot,12943293.75515464,
20826688,aot,43830571.31858407,
20826273,aot,42852320.531531535,
20827069,aot,34339791.52317881,
20828757,aot,15488346.356037151,
20828816,aot,55056801.90322581,
20827023,aot,66259385.12328767,gas-used mismatch for 0xe8f8c65c7f8eab3a969f47a8250de93cd3941029ae194e96e477947915a6accd: expected 252774 found 238144
20825728,aot,28346594.051136363,
20824327,aot,42846409.483050846,
20825639,aot,37351544.72058824,gas-used mismatch for 0xc8f1592dfe30b84631f26b7adeec8304d56fbdf62bebc6dccf05be7117fb467c: expected 439214 found 189593
20828710,aot,40859081.825,
20825731,aot,49052433.25742574,gas-used mismatch for 0xf51567b68dffcb4e30fc34ccd607dbf3b68e5dd9f2b6dee67525301c2f750ef4: expected 432946 found 395264
20829273,aot,27528436.4640884,
20825125,aot,69906187.91428572,gas-used mismatch for 0x68d352e995abc1b7705c4757b7c07605f2aa6be960c904193a89c1cd277b8d95: expected 272540 found 240504
20827398,aot,51953740.0,gas-used mismatch for 0x37d82d638e4cdb160827434b768366652a8d6f0b50e25a9ee2945cbd2b8ea2f6: expected 949532 found 665562
20826366,aot,39336506.83969466,
20824210,aot,47489704.80188679,
20826548,aot,33165871.851612903,
20827210,aot,43255335.698275864,
20825723,aot,45387409.123809524,
20824368,aot,72760926.90410958,
20826407,aot,30167829.618181817,
20824580,aot,44700530.45689655,
20826648,aot,38607420.359375,gas-used mismatch for 0xd1a96648eb9ee86a895c0ef818bfcccf04ddad73c53c9a1a42844b4ccac6b819: expected 264079 found 215890
20828639,aot,35537565.82269503,
20824398,aot,47977501.905660376,gas-used mismatch for 0x585c8f9965cb41d2e8f9b9cd0b085ee9474da6285005b00089b32baff53b9cae: expected 912035 found 1003516
20828898,aot,26658869.373056997,
20826460,aot,43383450.96551724,gas-used mismatch for 0x94115bd754d301cff8eb57ea67a9c022b675d2e03b3c4296bf5820405cc1e0be: expected 404042 found 407115
20828851,aot,39152689.16101695,
20827584,aot,41331474.56097561,
20827774,aot,34737761.26875,
20826836,aot,8250686.316558441,
20828664,aot,20996054.476,
20824774,aot,43137462.077586204,
20826742,aot,31976964.14102564,gas-used mismatch for 0xb67018cda9a80377ad67113c435a93ffc8cd3305b52115b6e1e3a974ebdd9d49: expected 272432 found 240474
20825524,aot,34613447.37179487,
20824181,aot,40282633.32539683,
20828143,aot,32235373.018987343,
20827070,aot,20772714.269565217,
20825664,aot,31882270.632258065,
20828524,aot,33898020.17218543,
20828548,aot,40996290.504,
20825899,aot,40385752.5078125,gas-used mismatch for 0xb35f10f6da3916160545f5f0a235311d59e164db43daa358389061d339576ee2: expected 272432 found 240396
20824024,aot,50620426.309734516,gas-used mismatch for 0x056ab07ee7f3ddda83a7a38f62f73846bf87df34df5d02be31396767b8e6f3fb: expected 327125 found 95880
20824117,aot,32006358.82278481,gas-used mismatch for 0xfb89f19c99c2d60648456639e6f2347594fb559085a0c881bcf1a9066a222ed7: expected 1599294 found 198694
20828817,aot,29367577.953216374,gas-used mismatch for 0xdf7cbef9ddb821859805c3ce9aabda464812311c99c78bf950e3bee918e4bec8: expected 217468 found 207428
20825758,aot,33952975.20886076,
20827117,aot,65290558.57333333,
20825805,aot,74485233.24285714,gas-used mismatch for 0x4420b69c6de0fb7caf297613fbce469b587a1d6e569de59c74fdcc434f0719b5: expected 277745 found 153935
20826274,aot,27032452.663157895,gas-used mismatch for 0xc1dccad911b9540e8a56e9523a5817d97d30e288006db9a996fd8c359364e330: expected 282533 found 153923
20826413,aot,40308087.27407408,
20828711,aot,27933062.245714284,
20825729,aot,44649136.24324324,
20825730,aot,35313967.55944056,
20824276,aot,37052598.0,
20824369,aot,29886538.85549133,
20826649,aot,38360090.29661017,
20825732,aot,53932709.3655914,gas-used mismatch for 0x2377d3fb9833c6cc0876d4cfc67a798f66b267ad7eca12f1f921d817ce32616e: expected 277745 found 153935
20827024,aot,30845435.68235294,
20824581,aot,31005593.25165563,
20826689,aot,47804941.123893805,
20829274,aot,31806162.64102564,
20828758,aot,45792801.10619469,
20827211,aot,33845961.70860927,gas-used mismatch for 0x3f340074450b7d1c1d265fa02c64f5118576f3b7fafbb37b316bebce2b7dac8e: expected 615769 found 605360
20826549,aot,36615381.731884055,
20825724,aot,25555920.459183674,gas-used mismatch for 0x5888a0b5b32e5c816c2ede210323ec71d2e0a3a8d5fb2ccc6603802edd400497: expected 272480 found 240444
20825126,aot,36158673.89361702,
20826410,aot,35285345.94927536,
20827399,aot,42183299.28099173,
20824211,aot,38563501.69172932,
20826367,aot,34786291.43918919,
20826408,aot,41848302.655172415,
20827468,aot,44097563.592920355,
20828899,aot,46643936.8877551,gas-used mismatch for 0x621f370d1b2ba42a04d69ebc46ef56aded1e881e0f5c6d2dd0e75df467c87d29: expected 423972 found 164331
20824399,aot,33955559.48,
20826461,aot,32156183.689655174,
20828852,aot,32660395.966216218,
20827585,aot,30070094.493975904,
20828665,aot,58894678.64705882,gas-used mismatch for 0x2011b9135bb3a3d99fd26c1c81fd6a7afbb1c0e904bfb6064fd4a307289e5cbe: expected 443178 found 95868
20825525,aot,22749221.14084507,
20827775,aot,31133470.470588237,
20826743,aot,35771914.20689655,
20824775,aot,35704536.04794521,
20824182,aot,36598229.66433566,
20828144,aot,27301931.122340426,
20826837,aot,74030085.80821918,
20825665,aot,45719026.36363637,
20826550,aot,46093561.1875,
20824025,aot,27744016.356756758,
20828818,aot,40755446.84126984,gas-used mismatch for 0xcb892a0f16d430122993e49569ace6d4938c05c7a9d2dbdf7e880e1f55bf9d08: expected 454545 found 95868
20828549,aot,48286441.70476191,
20825900,aot,37176708.226950355,
20825806,aot,41865556.2601626,
20827071,aot,46716225.567567565,
20824118,aot,38836667.46666667,
20825759,aot,36479978.27972028,
20828525,aot,43159536.309523806,
20827118,aot,40400947.8125,
20826275,aot,43633323.79310345,
20824277,aot,42797429.99137931,
20825127,aot,38530000.488,
20824370,aot,28647927.12,
20828722,aot,59023455.27272727,gas-used mismatch for 0x1f402a8df6f5d3858503882fb28b6679e2ef8be58126b0fd78714c9dfde40c26: expected 595701 found 356612
20828712,aot,37002163.006896555,
20828759,aot,26857028.37894737,
20825733,aot,34097354.27814569,
20824582,aot,36889241.17142857,
20827025,aot,49833094.41904762,gas-used mismatch for 0x57d3bec45b3da04b583a6e26087e48d53f24ff00bd2afea433e82b7d85ed6f4a: expected 201276 found 81738
20826414,aot,38104879.39726027,
20828900,aot,8783325.717153285,
20826650,aot,30460504.808988765,
20825725,aot,32115067.024539877,
20826409,aot,29244794.444444444,
20824212,aot,41553714.064,gas-used mismatch for 0x08e2e2bf03220cf8ecaa3e950902fcdc8948bd94492b21025ccd12a9dba0f3c8: expected 479582 found 443248
20829275,aot,38513524.18439716,gas-used mismatch for 0x4a07f81e7bae272a205294c9657d4d3ffb96f3c0bf09c0d6653bc52f37a0cfed: expected 783854 found 477049
20827140,aot,37256366.85620915,
20826368,aot,18258828.965870306,
20827212,aot,49304921.37962963,
20827469,aot,37932611.330827065,
20826690,aot,63966506.174418606,gas-used mismatch for 0x2e88b39deca1c077a740c9e35b1efc13912f531964ef8d0b8519038b0aad7275: expected 864308 found 791997
20827400,aot,36087884.38709678,
20824400,aot,58178963.6627907,
20826462,aot,39627851.432,
20828853,aot,34525656.5945946,
20826411,aot,67938326.79545455,
20827586,aot,24961131.45595855,
20824183,aot,40858369.87,
20828666,aot,53087271.010752685,
20826744,aot,39829006.536,
20824776,aot,25639116.065,
20827776,aot,13978370.475065617,gas-used mismatch for 0x610edef8a39b24389e71f4ce35d7531a9461c96eae49f880573a6bb244496c64: expected 345544 found 95892
20825526,aot,57568626.266666666,
20825666,aot,15921402.679738563,gas-used mismatch for 0x6ab55e0395736d590d4f00def7f9ab2f8860e0a764654ea39290f39821892484: expected 272480 found 240444
20826551,aot,43170609.04545455,
20827119,aot,28919731.448717948,
20828145,aot,40502660.90082645,
20826838,aot,36807644.52898551,
20828550,aot,34504256.43571428,
20825807,aot,48254799.51485149,gas-used mismatch for 0xffba8d48304eeae5f2aba7ebe09bcc2a6802b8d4449e68bbecfa0bd478c4fd36: expected 272468 found 240432
20824119,aot,29598347.066666666,
20828526,aot,30723060.5625,gas-used mismatch for 0x21bb965bebb843d370cf5c4a6a214d23643bbaa982076f7c3417d16d9a7308ec: expected 207527 found 80060
20824026,aot,39080908.625,
20825760,aot,35411153.25,
20826276,aot,21698513.21491228,
20827072,aot,34035536.43448276,
20825128,aot,26390938.723404255,
20824278,aot,37799218.73282443,
20828819,aot,52433955.65625,
20828760,aot,39878204.1,
20828713,aot,34343853.92307692,
20825901,aot,54937010.03225806,
20829625,aot,29570894.18235294,
20824213,aot,26458115.005617976,
20824583,aot,47799059.85148515,
20827141,aot,35429726.81481481,
20827026,aot,47520338.31818182,gas-used mismatch for 0x99d029c5f53ca30295e5c98c9a43edc48dc11ed5a405c72b90140c8c5110b39c: expected 386587 found 95880
20826415,aot,39904717.578125,
20824371,aot,46909476.51304348,
20826369,aot,69644322.85915492,gas-used mismatch for 0xa16d0ff7baed8e4ce1f1d5d42c8d039db86d21f6f287953a53b570252ef5b9e4: expected 264577 found 242575
20825726,aot,56743898.47777778,
20826378,aot,28713251.1,
20827213,aot,40049817.2601626,gas-used mismatch for 0x5781dd80df9f50e08ff5be5726a20c7bf5e2268a2331334d708257ec8464c71b: expected 264613 found 242611
20829276,aot,52347567.421052635,
20828901,aot,60146420.06024096,
20827470,aot,34419275.5890411,
20826651,aot,63429463.2875,
20828723,aot,20161841.438162543,
20827401,aot,41529350.66101695,
20826691,aot,45905407.91891892,
20824401,aot,56433135.87777778,gas-used mismatch for 0x25f0931ea7acf93d28f3a9c5c06517117820c18c1f4252806fc4aeb8bb2c1d14: expected 310915 found 237333
20826463,aot,36399404.51449275,
20828854,aot,44497343.75238095,
20826412,aot,43653126.6446281,
20824184,aot,18130513.694736842,
20827587,aot,50274916.734513275,
20824777,aot,58792451.590361446,
20826745,aot,49198211.27722772,
20828667,aot,38760153.885496184,
20827120,aot,36775565.24390244,
20825527,aot,34754058.56551724,
20827777,aot,43490667.09756097,
20828551,aot,30759162.03164557,
20825667,aot,73061797.35294117,
20828146,aot,35267212.68571428,
20826839,aot,37876136.95419847,
20824120,aot,27031466.268817205,
20828527,aot,47020784.809523806,gas-used mismatch for 0xd57ee0a8a230e430450b693879bcd37a1b9e7aa78d34df63a103e0c1c09a5154: expected 365575 found 95880
20825761,aot,27038228.55191257,
20824027,aot,27692758.23655914,
20825808,aot,32538202.913043477,
20826552,aot,26829877.06829268,
20824279,aot,33531962.84931507,
20826277,aot,49878402.00990099,
20827073,aot,38142763.77862596,
20828761,aot,34073364.64335664,
20828820,aot,36662388.87142857,gas-used mismatch for 0x25cb769b03fa1647abbadca2f5c92634ac46ac5948a42ba11973ba9fcbad7ccc: expected 277306 found 313717
20825902,aot,19558240.736,gas-used mismatch for 0x6708997640e8199ed8d3942f80b6c8492da9643c911cff90f15c4f7dc545dfdd: expected 255504 found 168369
20825129,aot,41864151.52892562,
20824214,aot,31051201.575949367,
20829626,aot,35583204.94074074,
20824584,aot,32697175.058064517,
20828714,aot,34009527.846666664,
20827142,aot,37288933.5037594,
20827214,aot,31937361.43150685,
20829277,aot,41045716.405172415,gas-used mismatch for 0x5a8b99bbe21907dec3d95d4bfd05c8ff4e11f1a9502e86b078a4167f9ea86f30: expected 215078 found 205038
20825727,aot,28577834.05952381,
20826370,aot,41125189.63559322,gas-used mismatch for 0xe76727a0ffe1c78f7a84ab65c00b5791833fa982d30f248df9510e1bc4e84636: expected 277745 found 153935
20827027,aot,34174281.95333333,
20827471,aot,34609705.21428572,gas-used mismatch for 0xc5c8d50f972aaffde8c2aed8f1dd75f0210ee75b7459240dd2be58442bf7efdc: expected 525307 found 95868
20826692,aot,26343843.79411765,
20826416,aot,36316363.518518515,
20826379,aot,51482705.905263156,gas-used mismatch for 0xc944e78544212d2aee0a0d175d728843a142814a79987d2393298a547820a31d: expected 373341 found 253370
20827402,aot,38108034.30534351,
20826652,aot,33072660.629139073,gas-used mismatch for 0x574251a1d184debfc33a586f45bf77a2c0a70cf8e27b7a1c0e08fcab448372e5: expected 738214 found 431880
20828902,aot,45813076.268518515,
20824372,aot,55234846.95555556,gas-used mismatch for 0x23cd61d576192ba902ee0898621eae2e95029a62c9a9a9cdd80e8ad91e36999a: expected 1119047 found 955946
20824402,aot,39109589.184,
20828724,aot,48242231.716981135,
20826464,aot,38166857.578125,
20826906,aot,5838081.051058531,
20828855,aot,43150442.56198347,
20827588,aot,26078679.98888889,
20824185,aot,42011983.571428575,
20827121,aot,51191556.614583336,
20824778,aot,37067671.657142855,gas-used mismatch for 0x8e576c30235e37ead68ca8d93c537dcfb742647b44f9a2d9661e43b123099353: expected 360103 found 317102
20826746,aot,38996184.872180454,
20828668,aot,41326362.484375,
20827778,aot,38302632.641221374,
20825668,aot,33602743.431372546,gas-used mismatch for 0x38becbf0e462c5d1f3b0663bffa9c9d04a0eead0e4a152dcd815251c66f2ea15: expected 443202 found 95892
20829627,aot,25693610.48,
20828552,aot,56862159.91111111,
20828147,aot,29447195.835227273,
20825903,aot,49142275.28125,gas-used mismatch for 0xa37abe37818341caf8cb17581d6fb22cf30eadafd6a752a8ab3b9244c8c308d6: expected 693238 found 329178
20828762,aot,18074736.055555556,
20825528,aot,34868653.05063291,
20825762,aot,33923782.45333333,
20825809,aot,41122390.98373984,
20826840,aot,30874800.89017341,gas-used mismatch for 0xa2d0985fb644d0f017887c9ac7b3459591f321bb72cd0f8360ae306b6b9785c6: expected 639867 found 338036
20824121,aot,30739126.085714284,
20825130,aot,36948462.65441176,
20827074,aot,35085066.222972974,gas-used mismatch for 0xbf2f9ec687e49a402ad40bef83aa6112dd8ec4930c701ab00759c9a6329143b9: expected 255259 found 238211
20828528,aot,39530647.075187966,
20824280,aot,33125199.917721517,
20824028,aot,37863773.234042555,
20824215,aot,33203898.954248365,
20826278,aot,44822726.74137931,
20826553,aot,61940097.61445783,
20824585,aot,29569858.11764706,
20826371,aot,27921870.584795322,
20828821,aot,37937774.93571428,
20829062,aot,29925921.365384616,
20828715,aot,36827506.52898551,
20826653,aot,39466277.637931034,gas-used mismatch for 0xb3aab33a94dfb17c96f7d4d82ca202c37c55480ef5d5405c204f7a28b8a3dcef: expected 252036 found 206926
20827143,aot,39498625.45864662,
20826417,aot,23479541.75,
20828725,aot,22256209.40375587,
20826380,aot,35680333.60869565,
20829278,aot,37092755.048275866,
20827472,aot,33526582.814102564,
20827403,aot,38035953.234375,
20827215,aot,37975787.80689655,
20827028,aot,36696914.79054054,
20824403,aot,44530900.64655172,
20826693,aot,58193050.516483516,
20828903,aot,36644177.79452055,
20824373,aot,51183664.6,
20826465,aot,42712286.233082704,
20828856,aot,36860645.2962963,
20826907,aot,71450646.36,gas-used mismatch for 0xed49e3cb2058e0005147c67fca7025e45b5b073f1de3583aa6daa403eed4c2f6: expected 705016 found 384063
20827589,aot,29514199.69032258,
20824186,aot,32771910.446666665,
20826747,aot,23892037.518134713,
20824779,aot,32255990.63030303,gas-used mismatch for 0x82658be5a4ca2fb0292a0b8baeb3349ddbdca0c382b50e97121cc32a456d0680: expected 262792 found 245501
20828148,aot,56099072.67469879,gas-used mismatch for 0xdd2a25dc8566c788b240c637bb7daf695b6e2cd2e6f4bfce141b3ea637e50783: expected 923257 found 906923
20825669,aot,48581164.15841584,gas-used mismatch for 0x524f723f3824f455c87e2afa4947fb28e9803ccab6327a895295de0b2c81aacb: expected 825769 found 85112
20828669,aot,45118702.468468465,
20827779,aot,26251820.68877551,
20829628,aot,44415080.925925925,
20828553,aot,35392606.22857143,
20825904,aot,56038418.68181818,gas-used mismatch for 0x329f356f6441e1a61723440f40c47d29f05731a35fd9cc31f5de38a23185c391: expected 262852 found 245561
20827075,aot,30531095.413333334,
20827122,aot,34467696.469879515,
20826279,aot,34341903.56521739,gas-used mismatch for 0xeb14c616aa4b4ea83a23495305ae3a779bd1da69877941131aabdcedb3056870: expected 376096 found 256194
20825529,aot,39096378.4375,
20828763,aot,38939670.28244275,
20825763,aot,38199632.02290076,
20825131,aot,35472737.1884058,gas-used mismatch for 0x42e2e980f39eaf032b778b510c25093079466b4e747d88e568d79f78a9968396: expected 391685 found 95880
20826554,aot,27082840.358381502,
20824029,aot,17598010.465454545,
20826841,aot,36126580.68115942,
20824122,aot,43115751.19130435,
20824586,aot,38022285.407692306,gas-used mismatch for 0x2647548573c654db05cb1eb1f211782a6117784c2126e1f24099ed78e20eded2: expected 402757 found 398078
20828822,aot,37392113.50793651,
20828529,aot,52613283.03157895,
20825810,aot,77882474.67692308,
20828716,aot,51184768.346534654,gas-used mismatch for 0x3a96d2fc32cf63d9424f3f9344c7e076f12d915a6466b5935b75d435bb8e4a5c: expected 370351 found 95868
20828726,aot,26764815.045714285,gas-used mismatch for 0xdc04d659440911282ed17f60354620c52a8719ee6ecc5d14ea562932fecb0ff9: expected 205094 found 53797
20824216,aot,40079301.03968254,
20826654,aot,17946232.528776977,
20826765,aot,47996663.352380954,
20827144,aot,47825983.33980583,gas-used mismatch for 0xc3792718db50ad363c5bbd5c43e726534fd2f03ceae435d48eb82ba7521bbd2d: expected 183607 found 81786
20829063,aot,70054252.85714285,
20826372,aot,69553158.01333334,
20826418,aot,55666661.766666666,gas-used mismatch for 0x4c86325debb165a24e6998456d5c2b67a22e4691c08d8cde34cc0892665c40ad: expected 557072 found 480053
20829279,aot,33024009.39869281,
20827473,aot,34342557.9862069,
20827404,aot,42901353.347457625,gas-used mismatch for 0x39dd66e1f6055222fa7e720905d5967977518b59062341aca41ca8b01707600b: expected 367828 found 95868
20826381,aot,51841890.96039604,gas-used mismatch for 0x8f969f467a86ecb0e8d382facda048ef8ce122108dc5d0173b8afc8e03d35249: expected 277745 found 153935
20827216,aot,36787538.63703704,
20827029,aot,32863657.373333335,
20828904,aot,33784161.56164384,gas-used mismatch for 0xe6070daae3703603b2674ee4dc2fd880caa0e15e832c67133ca7f5821217331e: expected 907566 found 333990
20826694,aot,46227922.7962963,
20824404,aot,49218488.0,gas-used mismatch for 0xa26e0f1b725b8ce97bb538361c4110a36bdb1be5a3298278e4a648fbdc7b3b8f: expected 488856 found 95880
20826908,aot,35908083.33566434,gas-used mismatch for 0x5aa8a1d2adda7274041296e81dba769950ad2fb5f20c75b64cbeeae4dfe586d1: expected 684869 found 501072
20824374,aot,43188913.45528455,
20828857,aot,36955180.782608695,
20826466,aot,74076573.02666667,
20827590,aot,34254560.43971631,
20826748,aot,57309416.3372093,
20828312,aot,43326540.072072074,
20824780,aot,21011484.995475113,
20825905,aot,35267434.91538461,gas-used mismatch for 0xbeaa7c4b84d6080dd6953772aed92fe3a687591809108f10a8053de8ec58c623: expected 74686 found 31229
20828670,aot,18679735.408,
20825530,aot,54005947.74074074,
20825670,aot,33416738.91724138,gas-used mismatch for 0x78d27b7c816c28683d8cd6529e23739b1f4ba8942e29063b3992a5a89710aabc: expected 432946 found 395264
20828149,aot,29179434.825301204,
20827780,aot,20038485.613821138,
20828554,aot,44992824.50943396,
20825764,aot,38875699.51239669,
20827076,aot,38422822.3828125,
20829629,aot,38431490.1796875,
20828764,aot,13830450.770538244,
20826280,aot,66235272.71830986,
20827123,aot,38377027.625954196,
20825132,aot,33146605.58108108,
20824030,aot,39685297.72357724,
20826555,aot,38690764.6328125,
20824587,aot,29162226.193939395,
20824123,aot,32446007.662251655,
20828823,aot,12586274.858247424,
20826766,aot,19447579.677966103,
20828727,aot,35177894.955882356,
20828717,aot,25881382.842105262,
20826842,aot,51844429.78947368,
20824217,aot,43548653.46017699,
20826655,aot,62838050.21794872,
20829064,aot,52148132.20930233,
20828530,aot,26917274.740932643,
20829280,aot,31450247.712328766,gas-used mismatch for 0x57de2cab38e35eb27adcd76c7f9b685d14d648854fdd5236828d34de4dc510ae: expected 817480 found 540753
20825811,aot,58676919.3373494,
20827145,aot,22563381.009049773,
20826373,aot,46537651.699029125,gas-used mismatch for 0x400a021578f21a006bfb7a195697e1a1ffd0943ba34625dc79220ddcdfcb82d2: expected 329240 found 95880
20826419,aot,49102251.052083336,
20827474,aot,49572320.548387095,
20826382,aot,46967349.66019417,gas-used mismatch for 0x2edc3002365b6939ad5d8c71cb3a1af12af4f8001079c5c66d37aa324255af58: expected 182583 found 173594
20827405,aot,46618585.8,
20828905,aot,52938237.04705882,
20827030,aot,28165585.25142857,gas-used mismatch for 0x282e6be3254082111264957ddbb019d058fe705460e43dfca459bc43e9eb8bf1: expected 294419 found 82074
20827217,aot,35811701.455882356,
20826909,aot,28930213.878205128,
20828858,aot,36713650.54237288,
20826695,aot,45809315.836363636,
20824405,aot,33392081.65359477,
20827081,aot,53008954.25263158,
20826467,aot,55029767.277777776,
20826749,aot,39880679.97413793,
20827591,aot,34250438.70481928,
20828313,aot,45258471.35135135,
20824781,aot,45918945.58558559,
20825906,aot,40975140.216,gas-used mismatch for 0x736f1bba148772775b89ca335f1129dfccacce5e387da5f748e1cc1d82280dca: expected 320024 found 99696
20829630,aot,28714749.765060242,
20827781,aot,32021146.506410256,
20827124,aot,26160803.574468084,
20827077,aot,30077902.11904762,
20825671,aot,41312095.416,gas-used mismatch for 0x6aa2a85fdad3e0e192652d14c0b1976f42ae2e9b961a68f2885150e7111beb45: expected 380713 found 95880
20826556,aot,30895935.896774195,
20828671,aot,56279281.989247315,
20828765,aot,40290837.8359375,
20826281,aot,31013212.78787879,
20825531,aot,37922991.52447552,
20828555,aot,31855161.44578313,
20828150,aot,58788191.8,
20824124,aot,32471626.16129032,
20824031,aot,30239307.17261905,
20825765,aot,39019298.39855073,
20826843,aot,32610353.49019608,
20826767,aot,49240377.27184466,
20825133,aot,45820902.644067794,
20828718,aot,49805715.07920792,
20824588,aot,39013748.5,
20826656,aot,54390808.86021505,gas-used mismatch for 0x7650958f15f17c5d65d2cef076adee1e0d8859aa1c544d0c1c5f0658b99b1d93: expected 390818 found 98964
20824218,aot,32031166.59493671,
20829065,aot,15364577.369369369,
20829281,aot,50090686.231578946,
20827031,aot,46879425.28571428,gas-used mismatch for 0xfbbe6a93276cdfc8c57bf15f6713f37406dcc524cd63f39c16256cf92024c2c4: expected 328420 found 95868
20828728,aot,28256469.85714286,
20826374,aot,40156002.76190476,
20828824,aot,80895219.2,
20827146,aot,36686514.23571429,
20825812,aot,53712659.091836736,
20827475,aot,34895875.14864865,
20828531,aot,44498260.37288135,
20826420,aot,37377173.566176474,
20826383,aot,37036439.89285714,gas-used mismatch for 0xc3c3450d7250638e03d30f59f1871b93e2db2db7578ce5a9bf0613f6dc70bd43: expected 277745 found 153935
20827406,aot,39828650.666666664,
20828906,aot,32921343.37341772,
20827218,aot,45746069.07272727,gas-used mismatch for 0x1b548bb1e987550275e04b0d0714079e37f451cea54da2fa2b5c17bd2c9e1f21: expected 409592 found 95880
20828859,aot,34457627.52413793,gas-used mismatch for 0x6505dbff48ae1d286495169f2c31a7dc59c32ce0f928832e5d71b9e6c762d5b1: expected 198556 found 186767
20826910,aot,31418783.620253164,
20824406,aot,44513460.10377359,
20826696,aot,57241351.31818182,
20827082,aot,43024359.99137931,gas-used mismatch for 0x2044e5a7dbcf1032c3a804e9ec75ca6c982e9688ed3245b437335a8de7a10298: expected 517315 found 95880
20826468,aot,52993669.571428575,gas-used mismatch for 0x28be289746cfef46d62d372ec7c4e077cfb5ad838cd89f2804631997b7142806: expected 510491 found 131422
20827592,aot,25958589.254054055,
20826750,aot,30683382.86875,gas-used mismatch for 0xb5d0132b63300134aabeb7d02c7f200a6ace63f935d6a905710ede46990afb25: expected 141799 found 141766
20828314,aot,36905434.74285714,gas-used mismatch for 0xb9cffd57948834fb43c155c7bd61605388426ebaa8a136b86c4acaa3b8d2b4e3: expected 112434 found 75185
20825907,aot,16596106.44295302,gas-used mismatch for 0xa0c41e9de14f30816104e85627e31986b8a1decda73c5fb78916ad65a45a31f5: expected 262852 found 245561
20824782,aot,31944962.561290324,
20825532,aot,34377689.21481481,
20827782,aot,47233684.17475728,
20825672,aot,31852894.61935484,
20829631,aot,33192478.895424835,
20827078,aot,30118555.63253012,
20827125,aot,37176661.7867647,
20825134,aot,34689549.19083969,gas-used mismatch for 0x791a950e1868eb9a367481bbee431b8166a43e81a0af89578377a92dbf68fc4f: expected 427327 found 121260
20828672,aot,45772594.46363636,
20826557,aot,32133068.89570552,
20826282,aot,42199107.516666666,
20828766,aot,37284103.93478261,
20825766,aot,25566332.067357514,
20824032,aot,59047572.024096385,gas-used mismatch for 0x5d325824b1bbd507c3a127119a5a541d645bb4323f4fda53d82ef5ece1ddbbdd: expected 160160 found 84393
20828556,aot,46040621.805309735,gas-used mismatch for 0x907b1e367c8c10d1317abe644baa927200a5bf64380e5cf4fc0c2c5c0ef99bea: expected 375199 found 98969
20824589,aot,22643097.85915493,
20828151,aot,45167333.817391306,
20826768,aot,28955395.777142856,gas-used mismatch for 0xeb992b44556844b7bffd0fc3a19d8abde40bf736f9638e218178dc98ae1d6bcf: expected 208658 found 198618
20828719,aot,30412640.563636363,
20826657,aot,34047906.55405405,gas-used mismatch for 0x503b77cf800539153395ee92b4d965bffd5150bc5927821b431f0a90c2175400: expected 121752 found 56972
20828729,aot,24027905.587064676,
20826844,aot,36432100.63120567,
20824125,aot,55426933.36734694,
20828825,aot,41677135.31034483,gas-used mismatch for 0x0f7127d5e9cb4e6852ff8de4d2590922df89f43bbf54586121f8d6e1cb88caea: expected 292798 found 153935
20826375,aot,43664324.336283185,
20826421,aot,32587434.662251655,
20828532,aot,40843898.00833333,
20829282,aot,42345563.38016529,
20827147,aot,28958746.477272727,
20825813,aot,37349888.52592593,
20827476,aot,31648724.79375,
20827032,aot,48064695.56481481,
20829066,aot,67421000.2763158,
20824219,aot,35420299.79746836,
20826911,aot,34407682.31428572,
20828907,aot,35164791.12142857,
20827219,aot,29503298.0,
20826384,aot,37592789.98630137,
20824407,aot,36216057.96453901,
20827407,aot,57325199.428571425,
20828860,aot,52357553.84466019,
20827083,aot,37938174.59259259,
20826697,aot,38974972.078125,
20826469,aot,15969374.127218936,
20827593,aot,37450714.8962963,
20826751,aot,37582837.39097744,
20828315,aot,18764573.436781608,
20824783,aot,35757168.7132353,
20828673,aot,42081514.93333333,
20827783,aot,50763218.291666664,
20825533,aot,29720087.11904762,
20825673,aot,38242062.407692306,gas-used mismatch for 0x2074296db86698ea276044417897578cffa6b6493fd01aa9124e14e5fe93eb32: expected 277697 found 153887
20829632,aot,45062577.49090909,gas-used mismatch for 0xde16438ca0e492ba0691d8dcdfd7397516d0f31f10c12df71f1236efe9ccc70c: expected 277745 found 153935
20827126,aot,44948573.981481485,
20824033,aot,49799123.08421053,gas-used mismatch for 0x28538cebb35f287654ce78fe76230b5c190fd66d1b24ea602fea11107ce33f55: expected 391575 found 271604
20826283,aot,38092574.216,
20825135,aot,32684664.464052286,gas-used mismatch for 0x680995ddc50ee9c4dc54eabcb172e0fa865f7f2feb6ce656f3f7c6046ae4df68: expected 1191273 found 893436
20824126,aot,32589605.466165412,
20826558,aot,25134761.658163264,
20825908,aot,77474005.6031746,
20828557,aot,39483689.43220339,
20827079,aot,48182842.91428571,
20828767,aot,29807490.042168673,
20825767,aot,61002301.12048193,gas-used mismatch for 0x02f3f9f4856ebcf2539f0acbbbf03775780fd1b6c49a2bc6c0a2a2d8fbad65e2: expected 485751 found 449417
20828720,aot,29092975.361445785,
20826845,aot,34657294.70289855,gas-used mismatch for 0x231c6c3257a1810a7a5a0f99afe0945a1bd6902cbc4a3f931b3b9d20273f1411: expected 212279 found 202239
20826769,aot,39372932.861788616,
20828730,aot,21394136.150442477,
20828152,aot,53964210.9,
20824590,aot,53223775.302083336,
20826422,aot,41685667.89655172,gas-used mismatch for 0x0b590654dec8b47ae111fdc52c5ad257fbcab6025a27cdfa2d0e241d78c888e3: expected 601495 found 319462
20827148,aot,33283875.531034485,gas-used mismatch for 0xdc7f130a38ebbe71d1a17f613cbbdee68a44fdc238887a2211475ad4fc377e8d: expected 403474 found 152976
20826658,aot,23865282.16289593,
20826376,aot,39690998.424,gas-used mismatch for 0x062498e89ca2060f0b35f98a2cba7d3ad2c85f1d7fa9b70f42078b54b1a7a971: expected 322791 found 95868
20828826,aot,40266440.992,
20825814,aot,33791750.24827586,
20828533,aot,49932239.5,
20829283,aot,30151740.222222224,
20824220,aot,25028940.133333333,
20829067,aot,47499028.37864078,
20827033,aot,44247274.973913044,gas-used mismatch for 0x3a57872fce7cba6272160c41d313f583dd5a02c12bb09128a447dc5f53a21662: expected 306118 found 301439
20827477,aot,71820026.85294117,
20824408,aot,6449234.421768707,
20828908,aot,43342597.04310345,
20827220,aot,37667952.0,
20826912,aot,48214555.95049505,
20826385,aot,39857099.664,
20827084,aot,34194997.36153846,
20827408,aot,38577713.528,
20828861,aot,26150632.915789474,
20826698,aot,33026351.71917808,
20826470,aot,73445399.38235295,
20826752,aot,32634275.53125,
20827594,aot,33761535.2969697,
20828674,aot,33913591.02127659,gas-used mismatch for 0x19ac6a2976a0229288d2c2ec0f481a376c88ed993770760a8a6cd97cb179c77c: expected 266627 found 238307
20829633,aot,31305962.751633987,
20827784,aot,34752765.40559441,
20824034,aot,31959804.65562914,gas-used mismatch for 0x1f111c30851894869b31a7fc039802f256bcd883281790a7733ae012283295e9: expected 160160 found 84393
20827127,aot,52751557.17582417,
20825674,aot,60028156.654320985,
20824784,aot,43000043.36363637,
20825136,aot,30418141.846625768,
20825534,aot,38150514.323308274,gas-used mismatch for 0xa7987b15ce02829b541477dcbb70728bbe2d58490ad3c6fcce16653f630612c3: expected 424475 found 246686
20826284,aot,32934924.821192052,
20826559,aot,47005947.00990099,
20828316,aot,72191960.74285714,
20828558,aot,32133852.266666666,
20824591,aot,32101859.652173914,
20824127,aot,44949684.309734516,gas-used mismatch for 0x92557ab047309af491886c2a0b197b1ccf8cd552ef0ec861bc3e5f02bab4a45c: expected 1665217 found 1805186
20826846,aot,30574741.53548387,
20828721,aot,24284557.054187194,
20827080,aot,35002588.47945205,
20828153,aot,28563742.30994152,
20828731,aot,36593807.81203008,
20825909,aot,25568633.414634146,gas-used mismatch for 0x58446a62e3140ecf59230dd48a1cf23116e77b261c965b161944fb325bba10ca: expected 262864 found 245573
20828768,aot,33036267.851612903,
20825768,aot,35892126.25342466,
20826423,aot,30594768.702531647,
20826770,aot,28121918.64893617,
20827149,aot,37778801.70769231,
20829284,aot,34717339.007246375,gas-used mismatch for 0x77c4f86c66784de54ea8c23f47ecd007584b95da46e98ffc4e927957cd63d9ec: expected 374862 found 278090
20825815,aot,34591737.46428572,
20828534,aot,20212701.577075098,
20824221,aot,34014789.634482756,
20826377,aot,34926433.906666666,
20828827,aot,44237165.40833333,gas-used mismatch for 0xa92dd52f022a69bb023b216185ec8a8ec368c05dcd562bedf12af2dd20e01f43: expected 277745 found 153935
20826659,aot,59207433.98863637,
20829068,aot,42897266.03478261,gas-used mismatch for 0x7787ff046b7544c39febfdbaf16c2617bde9ef0a3c78a5e36f162b04193c0f8d: expected 366007 found 306338
20827478,aot,30022823.062111802,
20827034,aot,46499684.33018868,
20828909,aot,14974600.624242425,
20827221,aot,38581168.78947368,
20827409,aot,38423331.38842975,
20828862,aot,28178078.85964912,
20827085,aot,32361757.14666667,
20826913,aot,49383248.14851485,
20826386,aot,44315174.576576576,
20826699,aot,63016721.47945205,
20824409,aot,79480108.6984127,
20826471,aot,41255497.26,
20827595,aot,27919005.699421965,
20826753,aot,44626759.104347825,
20826285,aot,37000196.25619835,
20824785,aot,23166275.692682926,
20824035,aot,30034225.8125,
20825675,aot,32531524.682758622,
20829634,aot,37620375.5367647,
20825535,aot,41032366.88983051,
20828675,aot,49071773.30188679,
20827785,aot,37672393.733333334,
20828406,aot,48313918.64516129,
20828559,aot,41048908.016666666,
20828317,aot,48818997.58415841,
20826847,aot,35615109.02222222,
20828732,aot,24556253.19387755,
20825137,aot,40454550.82926829,
20824592,aot,51777843.46315789,gas-used mismatch for 0xa1296f8d6218eb379f9b27d13e672e89d8905240bb0adb309b887defff86a397: expected 201108 found 81738
20824128,aot,34729582.2260274,gas-used mismatch for 0xb7cd000aec3e82dc645ba61e3e68f63a1d20ddb7b08cf81c58ffa5f6e0ad9b48: expected 276136 found 242045
20828154,aot,37366176.8828125,gas-used mismatch for 0x5294ecae3a662bba1f282589d736d5b1246e3750e509af50f5c493fbe6e99ffe: expected 383282 found 95916
20827128,aot,49715259.49056604,
20825910,aot,53792902.23655914,
20828769,aot,37461973.63703704,
20828359,aot,47199740.083333336,
20825769,aot,8238739.887835703,
20826560,aot,41160242.007246375,
20829069,aot,27147693.807228915,
20826771,aot,34323837.446666665,
20826424,aot,65265132.897435896,gas-used mismatch for 0x8e475d410c8f3d42d0dcc650d9f943c697fcc694476f7929cf5968ff85bd02b5: expected 330205 found 218979
20827150,aot,24806206.5625,
20829285,aot,39612855.671875,
20825816,aot,38069272.30075188,
20828733,aot,29619652.375,
20828535,aot,52727434.53,gas-used mismatch for 0x4d1f54a81db25267d736875fdfb71fcc9a489274c25ad97776676e0de96ab488: expected 308578 found 207353
20826660,aot,60586423.50588235,
20824222,aot,43735221.6,gas-used mismatch for 0xcf830c5a9d779a2dc04e7f747ca96ec706e7d2dede029cb73fb34e1cae69d237: expected 362728 found 95868
20827479,aot,33876132.241830066,
20826700,aot,44889243.47777778,gas-used mismatch for 0x10083c4d7a01878972b1275c0ee2fe0acc4b64954f1e463f2a66ee43d916b248: expected 1747308 found 1075952
20827035,aot,47727784.432432435,
20826387,aot,48239026.88983051,
20827410,aot,32659724.156862747,
20828863,aot,33833653.820689656,
20827222,aot,43441225.15,
20828910,aot,52312259.18518519,gas-used mismatch for 0xf450b53d0a759a2c44129004ef30fd428ffd4778ca759fb9229f7d663b345998: expected 344785 found 99005
20827656,aot,40947005.134920634,gas-used mismatch for 0x4b3a0d8bcf35acd9a8de97aa69f56bb358df1f5274a027c4ec5888b012ab5542: expected 529259 found 95880
20824410,aot,30407595.397515528,
20827086,aot,35988422.62328767,
20826914,aot,41103203.671875,
20826472,aot,53337586.22772277,
20827596,aot,22587274.26851852,
20826754,aot,29819258.064705882,gas-used mismatch for 0x5814107069140b45f2f315b8b27fd05e1067414560bd6ce323528671347d0d95: expected 286132 found 221280
20824786,aot,15169947.154545454,
20827786,aot,27102490.298245613,
20826286,aot,50647101.35789473,
20824036,aot,35387980.6,gas-used mismatch for 0x007e37510104e1728403b7d2ff2fd0ba1519e054f7f316a3929b4531fbb8b253: expected 160184 found 84417
20825536,aot,44975661.99029126,
20828676,aot,34481431.37857143,
20828318,aot,15547931.029032258,
20825676,aot,31909689.0625,
20829635,aot,33573150.425675675,
20825911,aot,40372899.17699115,gas-used mismatch for 0xc212dd3bf2594504956157bd4a0e9427588ca60e1f7fe7381ef5e854854eb3fe: expected 289103 found 255062
20824129,aot,36492879.2631579,
20824593,aot,35020366.879432626,gas-used mismatch for 0x764a2e5345e5755b9ded5799ce9e90687a36e8953336159eeaed094880bbcfa0: expected 385151 found 317150
20828155,aot,70449997.01470588,gas-used mismatch for 0x9faafd23db3314d4baecbb3001ce22e2bf9112bcac9abef3c26a32e66cb810d7: expected 368588 found 95880
20826848,aot,33526698.763513513,
20825138,aot,57112198.02325582,
20827937,aot,51081917.83,
20828407,aot,43370453.14049587,
20827129,aot,35063711.94520548,
20828770,aot,31870398.99375,
20828360,aot,45370504.58558559,
20826425,aot,43749536.576576576,gas-used mismatch for 0xb165e4026bdbe7bd2705c4f49ab019868c6e6a6156aa0544fb357ea0eee9f50c: expected 149570 found 75185
20826561,aot,25721398.81122449,
20827151,aot,31865410.75483871,
20828560,aot,42621026.74074074,
20825817,aot,29956895.84375,
20829286,aot,49939547.6122449,
20829070,aot,40306513.46875,
20826772,aot,38363946.669117644,
20824228,aot,38525306.08943089,
20826388,aot,26381114.1875,
20825770,aot,74455362.71212122,gas-used mismatch for 0xc7fa56f6587d0ab7716b1a4940041107a38310c11e28b072eae182b23ef037df: expected 942200 found 703575
20828536,aot,35702885.34057971,gas-used mismatch for 0x805f0b572f03e463075ae922064b2dbdcecd6ea351c9c3d38cf8a1780d07c057: expected 407798 found 95868
20826661,aot,40147387.064,
20826701,aot,25349103.852040816,
20824223,aot,24619024.36407767,
20827480,aot,54597358.44086021,gas-used mismatch for 0x3be7174700f3863e11c19a1f5ea8a5b1879223a17ec01cb80245506e5e4c1cb2: expected 481349 found 440215
20827036,aot,62510749.615384616,gas-used mismatch for 0x3e70578a50f75b3a6fcf339d962fcebf3f320dc1aca2b80aaf5defc9106d69cd: expected 344225 found 95880
20827223,aot,31825808.793548387,
20827411,aot,42982413.20338983,
20827657,aot,19385199.64940239,
20827087,aot,38851398.80833333,
20828911,aot,51067624.5,
20824411,aot,42143376.9137931,
20828864,aot,44411233.44067796,
20826915,aot,30450237.0,
20826473,aot,40169691.85123967,
20826755,aot,30537815.732919253,
20826287,aot,29650567.97647059,
20827787,aot,68549052.38666667,gas-used mismatch for 0xb6432e692fb93cfd39e721dc7433b3fe2c37dadd4512bd14443b22fe138a3d12: expected 815388 found 802564
20824130,aot,45970964.58252427,gas-used mismatch for 0x36b5d1ad149e981bde64dc86d2d23ef8716c427af311048812adcf681e64f5f8: expected 587310 found 392201
20827597,aot,39711297.72413793,
20828677,aot,32781804.419354837,
20824037,aot,49015424.141509436,
20825677,aot,34900541.58219178,
20825537,aot,39957317.60769231,gas-used mismatch for 0xe12e09a2e678e8e69a26f367c82e0a00239d6c8377e7f28828ac7c7dbbf9979e: expected 360097 found 222306
20826849,aot,36816101.926470585,gas-used mismatch for 0x4842d551b82333d1877cdfaf0dc0a79592cf61916c2e46e63f87c48cf8319bbb: expected 607331 found 395931
20824787,aot,94728433.47272727,
20824594,aot,35916434.11188811,
20829636,aot,58874724.233333334,gas-used mismatch for 0xe224b175113a6a9fefc8f98ee689b30fc6d8988adb1c180ab66b4e6217901aef: expected 590652 found 346236
20825912,aot,35053474.03333333,gas-used mismatch for 0x0b1a1c6f4ec34aa42a33144ef63a106a4889cb99197d9474e6881433589060d8: expected 191483 found 131101
20825139,aot,32363919.954838708,
20827938,aot,34862952.6993007,
20828156,aot,45661643.75221239,
20824229,aot,33813138.68253968,gas-used mismatch for 0x5cd92a43c44984860053822eb368ba983af6a6009c853b9892b53794520f45bf: expected 289019 found 254978
20827130,aot,24624401.645320196,
20828319,aot,64749520.654320985,
20828408,aot,42205128.27272727,
20828361,aot,37032465.46564885,
20828771,aot,32736207.212903228,
20826562,aot,54360309.593023255,
20826426,aot,39313839.192,
20826773,aot,44469582.873786405,
20827481,aot,23858300.272727273,
20829071,aot,24980815.134328358,
20828561,aot,19424050.86923077,
20827152,aot,40708031.520325206,
20825818,aot,37164716.45925926,
20829287,aot,45235147.17117117,
20826662,aot,35357535.02290076,
20828537,aot,35287028.404255316,gas-used mismatch for 0x5f3eb4b284740f698e25f5988c662ef2f0ae7dd880c6125d3c7ae85d300b1427: expected 512261 found 361049
20826389,aot,50947100.166666664,
20825771,aot,35479617.94594595,
20826702,aot,44846988.40909091,
20824224,aot,34316279.32191781,
20827224,aot,37773873.93333333,
20827412,aot,38824197.192307696,gas-used mismatch for 0x8441bad964dfd5d63a52ddcac93d604a7edeca49e63dffeebc106616aeff5445: expected 258116 found 243055
20824412,aot,19611804.23505976,
20827037,aot,36381226.34265734,
20827658,aot,68341234.71830986,
20828912,aot,36893334.794117644,
20827088,aot,29155811.361111112,
20826916,aot,47928170.041666664,
20828865,aot,34618595.35294118,
20826474,aot,42632752.1981982,gas-used mismatch for 0x03ee6e0c088d3758421f2f9c15b403bd02f83e85eb5387b84af5106579eeb99d: expected 957650 found 805635
20826756,aot,33560527.331125826,
20828678,aot,36744899.80152672,
20827788,aot,26475422.42857143,
20826288,aot,46283102.6,
20824038,aot,46607445.29245283,gas-used mismatch for 0x48230fb964da65c70043006deee9920c756334df267cc8be179044bebcaa8039: expected 380701 found 95868
20825678,aot,35680101.31884058,
20824131,aot,51402321.61,
20825538,aot,9780892.293333333,
20826850,aot,38084021.977443606,gas-used mismatch for 0xb066460c7783d7ecc6ca04697c5ba99a06a06aad6329a2eff673b577da43dfd2: expected 196111 found 81738
20827598,aot,32073536.175757576,
20829637,aot,25586614.204081632,
20828157,aot,27209814.35359116,
20824230,aot,35086312.70212766,
20824595,aot,37831642.837037034,gas-used mismatch for 0x7c8d7304b8225492bcbee40e5550f066bde66df45b7b8064c9db16cc4dc84b39: expected 266675 found 238355
20825913,aot,38978488.669172935,
20827939,aot,37023736.03571428,
20824788,aot,28031075.469387755,gas-used mismatch for 0xd6e07365a9f9966bfc22d6e9c9b6e5336ef12de0a86c4e2b7a08729ac802ae3c: expected 207710 found 82074
20827131,aot,47294820.472222224,gas-used mismatch for 0x6c147a306340b9fceae9e3fbf1808efb0f930f19273dae481f27850ec7c9d823: expected 386104 found 327045
20828409,aot,34603672.64137931,
20828362,aot,28067690.87845304,
20825140,aot,50655164.00943396,
20825819,aot,27310770.20224719,
20826427,aot,31085365.34969325,
20828320,aot,47930449.30188679,
20828772,aot,30622877.410714287,
20826774,aot,31626349.760736197,
20827482,aot,45561554.333333336,
20827153,aot,55001603.98901099,
20826563,aot,57213384.516483516,
20829288,aot,26798461.60732984,
20829072,aot,54310273.16483516,
20828562,aot,60994372.69879518,
20826663,aot,50858224.06122449,
20826759,aot,26757560.74129353,
20826703,aot,43963007.84259259,
20828538,aot,42688060.3203125,
20825772,aot,47173926.336363636,gas-used mismatch for 0xe7e7c9d2164bf6f93262809a3ae6431428d70d7b34a22a919614e61733fe8433: expected 195355 found 53976
20827225,aot,36838547.45,
20824413,aot,37418418.347457625,
20824225,aot,39628240.73282443,
20828913,aot,36212880.248,
20827413,aot,52422882.74489796,gas-used mismatch for 0x5593505993d7db24d84bac4961080d62eb964001370e311c1c5359ce801e307b: expected 258116 found 243055
20827659,aot,29056828.369318184,
20827038,aot,36297636.95862069,
20828866,aot,38193678.473684214,gas-used mismatch for 0x78c3422122b4047cfbcededa6aba7cbf82882522c60817291197c8e06cf2481f: expected 277745 found 153935
20827089,aot,44250312.76271187,
20826917,aot,43554642.16949152,
20826475,aot,36592317.37241379,
20826757,aot,31283188.48387097,
20829638,aot,42548557.01111111,
20824132,aot,35091093.67938931,
20827789,aot,18269450.531365313,
20824039,aot,32574141.426666666,
20826289,aot,27296126.355191257,gas-used mismatch for 0x05af63cb92d52603a3c683bde6dcdc83d4c9cb4b9ffaa30f27c99c7d6428a5cb: expected 385175 found 317174
20827599,aot,30748885.878205128,
20826851,aot,27035863.005405404,
20825679,aot,40647856.585365854,
20828679,aot,34114681.64189189,
20825539,aot,78755957.17460318,gas-used mismatch for 0x8c4829000925cb811ed57b580ed801a772dded0519c9a589210f01ba4ae3cd29: expected 2327416 found 1548363
20828158,aot,25797834.282051284,
20824231,aot,40404824.12,
20827132,aot,32470893.205298014,
20825914,aot,44741074.54545455,gas-used mismatch for 0x27296407d74cfb5274cda986a6e3aea42c1a5ede4d6fef8899caabc213f665e4: expected 171348 found 131025
20824596,aot,38997807.823076926,
20824789,aot,33131489.373333335,gas-used mismatch for 0x92d541d3839c00cff2cd4653a5df9716558cd01fa1abffa6f627e489f5ae9e8d: expected 480380 found 444046
20827940,aot,50353000.86734694,gas-used mismatch for 0xbb550e64d1f2021ed9f4ce2b628afd853a38b5be842c42f38e10c72d72185dc2: expected 2621365 found 2549447
20826664,aot,45054049.77894737,
20828410,aot,47429510.0,gas-used mismatch for 0xc442f1b2c8c3d26baef12fb7ca1934f8898176fe27d5fafcc5dd4e9274bbe333: expected 1012467 found 504535
20828363,aot,43112059.867256634,
20825141,aot,48082015.20388349,
20828773,aot,27479303.568181816,
20827154,aot,32774155.405594405,
20826428,aot,21704266.649122808,
20826775,aot,22874403.819444444,
20828321,aot,32995003.52317881,
20825820,aot,71194447.72727273,
20826564,aot,39833119.656,
20827483,aot,35031837.11347517,
20825773,aot,55074200.19736842,
20829289,aot,50137633.12,
20828563,aot,52184494.68817204,
20826704,aot,37814847.335877866,
20829073,aot,42367200.35772358,
20824226,aot,15721111.726688104,
20828539,aot,41284659.833333336,
20827226,aot,34575242.70344827,
20824414,aot,44647473.5,
20828914,aot,38137570.46825397,
20826760,aot,40256458.86956522,gas-used mismatch for 0x86d028efecf61123ee6c5c83daad890a2cea41362a1939e49491b67809a1093f: expected 262780 found 245489
20827414,aot,37153009.919117644,gas-used mismatch for 0xe69377ac0c2d605483fa0406f9fe5b77d2133897a08f518c828ecc8ea81334b9: expected 552935 found 95868
20828867,aot,21663696.623893805,
20827660,aot,27605520.61748634,
20827039,aot,42821290.73043478,
20827090,aot,47518483.99009901,
20826918,aot,25166800.93,
20826476,aot,25156073.543010753,
20826758,aot,33990125.74074074,gas-used mismatch for 0x7e77674230bffb7f4150ae30c58c06525536aec64a102665a2036b9fe6ba0447: expected 306998 found 95868
20829639,aot,37751796.64885496,
20825540,aot,49484127.46875,gas-used mismatch for 0xc1b934a3a2e756c036e8aa73bcb2449664527bf07c0a0fd0976210c6f313da82: expected 815499 found 568489
20824133,aot,32452326.95,
20824040,aot,13757437.731578948,
20826290,aot,33897198.88235294,
20827600,aot,32807465.43037975,
20828159,aot,31820161.516556293,
20824597,aot,32182677.317241378,
20827790,aot,42195078.015625,
20825680,aot,64457466.10843374,gas-used mismatch for 0x4df147270696d884c9f5e1ed32cb4d221457f135dafe0ad11410966b696bd58a: expected 692339 found 279716
20827155,aot,40288433.026086956,
20826665,aot,31327394.75483871,
20826852,aot,42520324.512,
20825915,aot,37139983.54074074,
20824232,aot,46766066.548672564,gas-used mismatch for 0x16576218aab67dfa3e03c5c9287363a3eb578cd0804d145488ce94b09220268f: expected 937221 found 746176
20827941,aot,32222027.848101266,gas-used mismatch for 0xe3c0723e33b42e9cbeb3ed7eb3b4f27cbe243ddc4ab0e744490df404649df897: expected 198439 found 189450
20827133,aot,33961077.8013245,
20828364,aot,37154922.36764706,gas-used mismatch for 0x457c5ac84ec947dd797adf04bbda248d8aac8759f3fa22053b5371933d82c34f: expected 363968 found 95880
20824790,aot,44442631.09565217,gas-used mismatch for 0x9aaece2b407bc8426f1ff53c8e4074c5aee3550bde09808e866a7db2cc168728: expected 497629 found 138637
20825142,aot,26096468.539267015,
20828680,aot,41685491.86666667,gas-used mismatch for 0x3b2b41252b3cfa73c840b50f187c260935d58f07873a00906a5af16902ed1aa5: expected 266747 found 238427
20825774,aot,32715622.170212764,gas-used mismatch for 0xa1fb78bccf0aef7878d277c350c7d6e86ff14feb7ab67855af78e080efa97dee: expected 305691 found 95868
20828411,aot,31115930.433526013,
20828774,aot,35177885.43918919,
20825821,aot,34765675.73426574,
20826429,aot,67107821.92,
20826565,aot,47710929.31428572,
20827484,aot,43844356.23275862,
20828564,aot,38354359.6015625,
20828322,aot,44731227.288135596,
20829290,aot,31423349.310559005,
20826776,aot,51115442.67,
20826705,aot,37995519.225563906,
20824415,aot,20778053.316666666,
20828540,aot,28668575.965714287,
20826761,aot,31093923.145695366,gas-used mismatch for 0xd216c9f49be387a26b70e51d98a38df86bb7a54d956c79300b53cdbf15dca568: expected 277745 found 153935
20828915,aot,53526603.161290325,gas-used mismatch for 0x78fb72b01bea02f4d2b82f2852d621255a3d79d18419a23bdd69660c97ff5f5d: expected 321479 found 298277
20827040,aot,25384500.564705882,
20827415,aot,17067198.25266904,gas-used mismatch for 0xfe16c3077872e33ffaa22a841c287ec49a3bf5d77f914777b7cf8031cdef58e6: expected 277745 found 153935
20829074,aot,33510704.23125,
20827227,aot,32346780.79113924,
20824227,aot,66160464.061728396,gas-used mismatch for 0xa2b713e0cf76851e4b5bf906a6173cc5348df039cfdab95d3062138ae7b99497: expected 262900 found 245609
20827661,aot,43303734.126126125,
20827091,aot,14604502.618233617,
20826477,aot,35578876.52592593,
20826919,aot,47554792.316831686,
20828868,aot,87861983.71698113,
20829640,aot,21646958.807174888,
20829812,aot,47910870.179245286,
20825541,aot,36686088.39130435,gas-used mismatch for 0x8053a8efd9435fc15de1e3338da461211ca8c2ab2a6589ec47ac1bb9a1d0ccc9: expected 554831 found 504599
20824598,aot,24870764.569892474,
20828160,aot,31903194.133333333,
20827791,aot,31029243.39873418,
20824041,aot,61707222.98765432,
20826291,aot,56131244.13333333,
20824791,aot,32975627.062937062,
20827601,aot,27734327.79581152,
20827156,aot,28231361.942857143,
20826666,aot,43708422.25225225,gas-used mismatch for 0xeb5fffc9242b4e966ffb97644356b204f6fab92da823cb2fd9591e06d292190a: expected 368901 found 98981
20825681,aot,27486345.688172042,
20825916,aot,29693656.88095238,
20826853,aot,39730633.5546875,gas-used mismatch for 0x46f6abe649f17d962e8f095e99dbd261875ba448d143891e4d386f10bd61a06b: expected 703290 found 258032
20824134,aot,14983800.872727273,
20828365,aot,43580483.46956522,gas-used mismatch for 0xaa858a68ef729278ee99f4cd2a2f4cb0e0201a4d2949bdfffb61358a64dd38f4: expected 264457 found 242455
20827134,aot,30108401.57894737,gas-used mismatch for 0x9b0a9b40f8ffd7ef4b08fe5b0b352de255b564ffef143507ebb5d830ce2b2a7c: expected 266927 found 219637
20827942,aot,42673974.483050846,
20825775,aot,34041481.41891892,gas-used mismatch for 0x1417f9bc26439d0626dc82bdc0048fe9ac477ad0bed62b1e38a20f3b8ba51181: expected 126317 found 97865
20825143,aot,38077408.06666667,
20824233,aot,44007210.704,gas-used mismatch for 0xfb85cb4bdf2917daef63955f4441a12fb0eb86e9be4a941da3ff322d332e99dd: expected 262792 found 245501
20828681,aot,35929039.97931034,
20828412,aot,50295720.64356436,gas-used mismatch for 0xc44bb556479137dc1b0981b33ef72dfb8ead3ae994ab8bcc5b089336a0144b08: expected 839088 found 338404
20825822,aot,35795145.86013986,
20828775,aot,44504954.38983051,
20826566,aot,43425698.61157025,
20826430,aot,56921884.8021978,
20829291,aot,40370496.190476194,
20827485,aot,53987257.346938774,
20828323,aot,42515682.3553719,
20826777,aot,41716892.88095238,
20828565,aot,48322636.37037037,
20826762,aot,34271649.62162162,
20829075,aot,43716463.01724138,gas-used mismatch for 0x933fb1d78c8119c23832dc6529e12719f24076d49fc90eca144378e609da10a4: expected 353953 found 239772
20828541,aot,49812562.39805825,
20827228,aot,31346562.613496933,
20826706,aot,71211385.8,
20824416,aot,22331144.158333335,
20827041,aot,36279936.62857143,
20825312,aot,76224782.18461539,gas-used mismatch for 0x298a3efaa013fae24949b36e57066615468d4d6e5b30d8bf28752283573b8164: expected 365640 found 322637
20828916,aot,36728093.70212766,
20827416,aot,66797113.60526316,gas-used mismatch for 0x848149f0aef33a69aa53ef80d5e0aaa9b7d171ccac0e7be262ff83554736d849: expected 386575 found 95868
20827662,aot,16073518.987301588,
20827092,aot,59808334.23076923,
20826478,aot,45496551.7,
20826920,aot,54294279.421686746,
20828869,aot,19626086.486166008,
20829641,aot,50402418.527472526,
20829813,aot,22768617.28095238,
20825542,aot,26301792.079787236,gas-used mismatch for 0xfa60bb6979744466e9e67c8db07a5058cd137d362686a57a831ca54c99656312: expected 277733 found 153923
20824599,aot,55567949.04395604,gas-used mismatch for 0x463c5caf9d3aa3c8ff63f7a233bb73c0ccd1390210734bcdac4bcd153cf59015: expected 484600 found 95880
20824792,aot,29698095.432258066,
20825682,aot,29422958.075949367,gas-used mismatch for 0x4294eb39308faecf886679b48bb345d48abe9c407830dfc561bbc8d0e3649994: expected 1521274 found 682117
20827792,aot,19845770.716,
20826292,aot,64882082.26027397,
20824042,aot,25918959.196969695,
20827157,aot,22974345.181818184,
20826854,aot,39691862.74796748,
20828161,aot,45792449.56034483,
20828366,aot,23014981.402843602,
20827602,aot,19084062.783882786,
20827135,aot,28953136.409356724,
20825917,aot,51760219.73469388,gas-used mismatch for 0x0d9e7ff4c94680fd8898a3f7be8a75f09b945b526f0df32182b0246438ede787: expected 350662 found 95880
20824135,aot,42803212.422413796,
20828682,aot,37717900.4140625,
20825828,aot,45931554.18867925,
20826667,aot,57921150.14285714,gas-used mismatch for 0xaef6b3b4397bdfa01e1273b91d96fb7e3ea774dbf58a95157c838abcdf5e5102: expected 404832 found 131322
20827943,aot,40179136.13740458,
20825776,aot,38352595.04444444,
20825823,aot,42805592.71304348,gas-used mismatch for 0xd97ea27a0bd8693ed55373c81894f7433f3f0e0a79784ed0957b7832b895bcaf: expected 419205 found 393815
20826567,aot,34070033.97826087,gas-used mismatch for 0xf18ccd1de30eeecd4767081e3c7caff9dea2ead40771d19d4e91b2bbc06300d3: expected 303401 found 130924
20828776,aot,39658308.5952381,gas-used mismatch for 0x230c164b2a99192184fe56d94f751a4cd526aaae687790259b4be153871b63ea: expected 624660 found 421056
20828413,aot,36494579.21481481,
20825144,aot,57186888.29032258,
20827486,aot,13422696.191135734,
20826431,aot,32677826.953642383,
20826778,aot,29333361.0,
20828566,aot,23562489.260663506,gas-used mismatch for 0x1e6c715335b82b35d40f131560fba5e764c4fa568a4c10ffb92989fc9d3de10c: expected 473348 found 95880
20829292,aot,44779880.584070794,gas-used mismatch for 0x57c223bdb9c842e98dd2646bcc5fbe3ba5f27359940e132beb2211db48ed0c05: expected 742334 found 482607
20828917,aot,25515438.533333335,
20828542,aot,51892287.2,gas-used mismatch for 0xcb4d92fac6d83d89766e0655b62fe7fe64b99161239b6bf15afb199b5542c61e: expected 829385 found 874754
20827042,aot,33132712.87837838,
20828324,aot,39060405.6,
20827229,aot,32366741.045161292,
20826763,aot,55266136.96774194,
20826707,aot,36415953.34558824,
20825313,aot,32745918.2875817,
20829076,aot,34431693.60784314,
20827417,aot,45660305.79090909,gas-used mismatch for 0x31ebb4de34de4f6d621324af96f7c11e87ba8887e0ac20c5eed220b84c97f4b1: expected 271091 found 247624
20826764,aot,33946398.07092199,gas-used mismatch for 0x8a14ce20abb784dfb4a5f9c0493ee30d0ea5dd723dd1415ce47130ed2e1c0096: expected 1571318 found 1639820
20824417,aot,73187808.75714286,gas-used mismatch for 0xce8a08e758153ed4ee91fcab6a6068deeb8ca7e6e39c5fc65909960c85adf967: expected 484600 found 95880
20827663,aot,62492319.625,
20826479,aot,37373381.058823526,
20826921,aot,42165223.4,
20828870,aot,38127311.571428575,gas-used mismatch for 0x8f7b3ca1fbb0d9a5ecbbd21a37e51cb97f918c732719b6a32a6c5f2ebe62138a: expected 717675 found 356178
20829642,aot,41599258.86776859,
20829814,aot,40216457.19512195,
20825543,aot,48518611.13333333,
20824600,aot,31162381.716216218,gas-used mismatch for 0x485dee72ccdb4b4661319bd0096be4288d297c2500e80e831546f9503dcf765a: expected 634776 found 95892
20825683,aot,38653835.984615386,
20827158,aot,49585755.25263158,
20827793,aot,49866808.81904762,
20824793,aot,36488738.48630137,
20824043,aot,37629085.333333336,
20828683,aot,31248424.19333333,
20827944,aot,34944059.7368421,gas-used mismatch for 0x8d699635e30870ddf936c5369363ca3a6c53de703dffc66c16c8fc59eb986648: expected 443894 found 71390
20826855,aot,37563863.57971015,
20824136,aot,52193247.802083336,gas-used mismatch for 0xaa9675141e4557a688d94e9e4c802e04e58bf320de46a734f020af2f4fcfe0eb: expected 1358765 found 1153774
20826293,aot,55008606.32258064,
20827136,aot,43706318.577586204,
20828162,aot,43694752.69421487,
20825777,aot,33794468.95035461,
20827603,aot,77096703.81538461,
20826668,aot,27412625.133333333,
20825918,aot,76692759.06060606,
20828367,aot,69821857.05633803,
20826568,aot,30258313.44785276,
20825824,aot,34633178.05,
20828414,aot,30878945.310126584,
20828777,aot,36745242.86259542,
20827487,aot,59946079.675,gas-used mismatch for 0xf2bb414e33723d0bfc86038a115268f4c4dbe27b26188334c5e98de8e93754a5: expected 437478 found 96751
20825829,aot,54307410.258064516,
20825145,aot,33147991.1,
20826432,aot,35178962.442857146,
20829293,aot,35321403.808823526,
20826779,aot,49202369.20792079,
20827043,aot,22063407.54418605,
20825314,aot,40117861.28318584,
20827664,aot,32505969.23846154,
20828543,aot,49446259.41,
20828567,aot,36967621.787234046,
20826708,aot,52597771.34408602,
20828453,aot,37572476.14876033,
20827418,aot,36468922.70992366,
20827230,aot,44424089.627272725,
20828918,aot,54504667.67032967,
20826712,aot,43239769.43103448,
20829077,aot,35449499.24285714,
20824418,aot,33532217.773972604,
20828325,aot,46661056.53097345,
20826480,aot,51082305.70408163,
20826922,aot,27795874.539772727,
20828871,aot,33869825.45714286,gas-used mismatch for 0xf921b111209e5a569ee8de315e7d1521fdd7762744b06ff36d2dd3c73c8edd23: expected 220031 found 209991
20829643,aot,19812816.16733068,
20829815,aot,51726537.030612245,
20825544,aot,53412222.864583336,gas-used mismatch for 0x2882336f3a1bd8a8b2e01c1621ece2cf07105d88375c60bbaffc6c3520ff5f47: expected 345358 found 163865
20824601,aot,51666372.916666664,
20827159,aot,34568692.096551724,
20827794,aot,31067962.006060608,gas-used mismatch for 0x52bd780994d5008050b30224eb5c5c12491df31667316ca88847c4f10719831d: expected 237236 found 111082
20826856,aot,31243015.403846152,
20825684,aot,24034889.510729615,
20824794,aot,33639631.588607594,gas-used mismatch for 0xb7a8c1cbda82f31c1792f918f3524f9d0f071e5b4a644e723076f2a0dca48653: expected 1156399 found 185181
20828163,aot,29612054.81325301,
20827945,aot,36885209.19259259,gas-used mismatch for 0x6e6f32e780a0a66ccc3864bf60b668e0edbd1228b3d89efe649caae4e3e83e56: expected 811132 found 460946
20828415,aot,26440154.839779004,gas-used mismatch for 0xc67b83529e7f3ca906afced7ef77497ef4243225cc8d608e7d052ac46fa9d331: expected 362581 found 95880
20826294,aot,29912087.39285714,
20824137,aot,36341900.773049645,
20824044,aot,24917582.9375,
20828368,aot,35982580.03703704,
20827137,aot,37304017.183823526,
20828684,aot,37980013.44927536,gas-used mismatch for 0x3a1fa6f374f8ba99f42c20116b7976c63c1881bb559bb326bf704387d04cb1a0: expected 266675 found 238355
20825778,aot,36445003.89361702,
20826669,aot,37591065.46666667,
20825146,aot,36924485.53125,
20827488,aot,34745321.44055944,
20826569,aot,60334227.144578315,
20827604,aot,33795082.431372546,
20825830,aot,18163889.32862191,
20825919,aot,50293505.54285714,gas-used mismatch for 0x21ec57a71f6725aa5861f65b1cb50593159a3b5aeb1f1d0638a02dbc890d2623: expected 191451 found 131069
20828778,aot,33478197.322580647,gas-used mismatch for 0xb340239ec8a2402c6ec55d67a2d175b3c5dbe4f5d34d36f9bf6f92e8b311c317: expected 307285 found 95880
20825825,aot,49024513.4245283,
20826433,aot,49105789.504761904,
20827044,aot,47232000.7037037,
20829294,aot,35269032.119205296,
20827665,aot,37336003.53623188,
20825315,aot,67823717.71052632,
20826780,aot,30046159.75,
20827231,aot,27895439.26966292,
20828544,aot,39872177.15384615,gas-used mismatch for 0x6697d99c46b9898cd41d42977f4b2c0a39146ef35c89a649624520cb40c7f6f6: expected 365400 found 206226
20828919,aot,36889604.13235294,
20826713,aot,47108020.95283019,gas-used mismatch for 0x19d881f46d00621b8ce06f7b44736e530d93b42a9bbb0b25a170f2bef88c48de: expected 249638 found 184340
20827419,aot,36140688.87857143,
20826709,aot,46915312.08108108,
20828454,aot,42795002.29752066,gas-used mismatch for 0xf04735f2f20231e7fcfc245f607e3880bcbe68e0500a181bf3fd7c2478ffa81d: expected 305691 found 95868
20824419,aot,36745768.77622378,gas-used mismatch for 0x5ec14352316f8078103174cfc8cbb2b3deae6a9d753d7640234aa7e507b4bd73: expected 394481 found 274510
20829078,aot,45741113.14159292,
20828326,aot,34749404.58,
20826481,aot,29593074.371794872,
20828568,aot,69840391.38372093,gas-used mismatch for 0xa61ec1f11dbc637b91e899da69e0957cd93883131ccc383947bbab14d300b1c8: expected 819747 found 909150
20826923,aot,33811981.6884058,
20828872,aot,45223174.0,
20829644,aot,36773073.9632353,
20825545,aot,39699801.92,
20824602,aot,36875749.88811189,
20829816,aot,58828575.854166664,
20827160,aot,31798932.424836602,
20828416,aot,60660518.27160494,gas-used mismatch for 0x7e5c534980d35647fdc704d4e50b5f8af9ccdca7e8d2d829eb014198b1eebc27: expected 649471 found 391528
20827795,aot,51134972.97029703,
20825685,aot,49335694.78,
20824795,aot,13950792.967391305,
20826857,aot,45538371.867256634,
20828369,aot,43617917.991304345,gas-used mismatch for 0x8610ae89dc4dc8304385f58526184a29d8df8efced6b41baa211cc76e1a49c81: expected 860742 found 588159
20824045,aot,40564644.968,
20828164,aot,29983676.66285714,
20824138,aot,35009673.048275866,
20825831,aot,58727892.84210526,
20828685,aot,32593039.814102564,
20825779,aot,62715688.0375,gas-used mismatch for 0x1e84b0753fb288af765adf2430585c68d81acd5a806b9ea00cdcc34ba6f5cccb: expected 568394 found 366232
20826570,aot,57838272.069767445,gas-used mismatch for 0x6ec342c9bd31a52e8218b17b9fc95c48533434cc71e3fc4428440e0ef05f7677: expected 225758 found 215718
20827946,aot,47246457.70909091,
20825147,aot,41130274.325203255,
20826670,aot,29657090.04,
20827605,aot,38611334.0234375,
20827138,aot,35867353.28965517,
20827489,aot,49971483.058252424,
20828920,aot,42041654.13265306,
20828779,aot,23773733.17431193,
20825920,aot,34140104.7125,gas-used mismatch for 0x3a0c22cb59422ed3339e9e49bd016fd84b8a277a532c7cd4040d9f742b460d4b: expected 262864 found 245573
20826295,aot,71061711.06410256,
20825826,aot,42853589.512195125,
20826434,aot,45580318.87068965,gas-used mismatch for 0x5b275e3156d0cdd0c698e2cef4a6dcc23367b0f13b1282c781192364de08227e: expected 190036 found 53742
20827045,aot,41309090.01626016,gas-used mismatch for 0xfe2bd30ab4bfa29dae2f7c343ccd95283080dea96a2c862100bc08c979fa3ddb: expected 276712 found 272033
20828545,aot,45830924.88888889,gas-used mismatch for 0x7a240268af28c91505efe7216ae94bb6b91e7284c88d47f1bbd97ae30dcd5bc4: expected 282533 found 153923
20827666,aot,28329911.783333335,
20825316,aot,12956964.927680798,
20828569,aot,28869179.48275862,
20829295,aot,43939883.30508474,
20826710,aot,30363018.305882353,
20827420,aot,41627823.192,gas-used mismatch for 0xd6013b3a5150a95398f6cd7a24e37899eef134f0219fdc6058eff5da2a113988: expected 360139 found 317138
20826714,aot,32196486.618181817,
20828455,aot,49857797.19811321,gas-used mismatch for 0x30fa07acd65756ec1a6b0f0db66d5befac0a38c5c5d144583ad820ae14a40dfe: expected 848161 found 338392
20826781,aot,51471245.358490564,
20827232,aot,41051507.34074074,
20829079,aot,37567490.61764706,
20824420,aot,61964330.89156626,
20826482,aot,29265846.19883041,
20828327,aot,48494534.768518515,
20826924,aot,50327680.79591837,
20828873,aot,33218735.45695364,
20829645,aot,59474041.989247315,
20829817,aot,45400450.09009009,
20824603,aot,33465469.715189874,
20825546,aot,45310268.12396694,
20825148,aot,8316252.726943942,
20827161,aot,82358131.41269842,
20828686,aot,13904851.875722544,
20828417,aot,27497556.704918034,
20824796,aot,72384596.95454545,gas-used mismatch for 0xb345ae050fc964d89e37becb145629f0471c38b0ac4386886634c6e0e7dc2ef2: expected 381885 found 175093
20826858,aot,9431852.19160584,
20827796,aot,43019785.61983471,
20824139,aot,13792429.96,
20826571,aot,42000942.27118644,
20825780,aot,33969261.47333334,
20828165,aot,44179604.051724136,
20824046,aot,66849551.276315786,
20827606,aot,32854884.841059603,
20825686,aot,41501432.54615384,
20827947,aot,46665199.333333336,
20827139,aot,45835318.34234234,
20828370,aot,40430518.52941176,
20825832,aot,42208083.21374046,gas-used mismatch for 0xb7345bc4ff1e87953aa7d493c02e4e722af507388b05c212b2d7baf2df8ec4c1: expected 245716 found 84942
20827490,aot,33281286.237179488,
20828570,aot,30446460.236486487,gas-used mismatch for 0xe0614b1cf0592c6bbd837899eb2da43ba5b9b078d3f478dc1861008640b98122: expected 417864 found 95880
20825827,aot,43214996.456,
20828921,aot,32549538.73939394,
20826296,aot,59268800.9125,
20825921,aot,37860442.2406015,
20826435,aot,38443012.022556394,gas-used mismatch for 0x0f8790be81bdf4079332365c2fb3cc6d4440fc98326f4005ee4b616ce7d76493: expected 611494 found 322876
20826782,aot,23666442.172727272,
20829296,aot,30331687.17791411,
20829080,aot,43836364.73786408,gas-used mismatch for 0x84bd9bf0aaebea6f5dc1183d18882d3597e8306e62863ee701bac9fbc6572f95: expected 366019 found 306350
20826788,aot,34521198.125,
20827667,aot,32229867.67857143,gas-used mismatch for 0x48b91cf3f8f2cf352b5217b20b35e50b0a0fc2a7b9be0782ec97d660c992d5c9: expected 368576 found 95868
20828476,aot,47105500.14,
20826715,aot,26150270.036649216,
20827421,aot,28835652.65909091,
20828780,aot,62975521.44705883,gas-used mismatch for 0xa7f73442e722da6d4d8b6b167bebe5d9bb5cdb018787fa9a97ecf35382dd27db: expected 328420 found 95868
20826711,aot,42235392.301724136,
20829437,aot,50685053.95283019,
20828456,aot,38644579.390625,
20828874,aot,44707342.255813956,
20824421,aot,42161810.10344828,
20827233,aot,34477438.49019608,
20825317,aot,58191238.6122449,
20826925,aot,20100576.894957982,gas-used mismatch for 0x9e6826d80225ac0c390ca0fe3951bbcfd8ac308312669729d47573a94dd86c3f: expected 359523 found 95880
20828328,aot,42046699.3362069,
20826483,aot,76270558.12121212,gas-used mismatch for 0xd9d8289835fd1276445d6558178ce1ceb6f0322ca81e6d75b39a789f56c251de: expected 429806 found 95880
20829646,aot,43329554.60344828,
20825547,aot,24112695.226600986,
20824604,aot,32729576.57615894,
20829818,aot,29000438.23033708,
20827162,aot,28268818.255681816,
20826062,aot,42228773.69369369,
20828166,aot,31907070.793333333,
20826436,aot,51032222.26213592,
20828418,aot,36095938.58219178,
20824797,aot,48036861.0,
20825218,aot,26914569.93548387,
20827797,aot,34228881.222222224,
20826859,aot,58537293.53409091,
20827607,aot,31508534.093167704,
20826572,aot,42043334.38842975,
20825149,aot,66764851.04938272,
20824047,aot,44722179.782608695,
20828581,aot,25165975.51231527,
20827491,aot,21277470.218487393,
20825833,aot,39656572.0625,
20828571,aot,44496733.56481481,
20827948,aot,37531969.3115942,
20825968,aot,42125432.872,gas-used mismatch for 0x22b4ef6992250b56f133198d28b5d4319e2e49140fe05e74c2a2f249eaff4794: expected 204766 found 82074
20828371,aot,55686045.376344085,
20828922,aot,55252184.07954545,
20827703,aot,39462555.4140625,
20828587,aot,41804438.752,
20825922,aot,39758476.34615385,
20826297,aot,53156997.625,
20828457,aot,56514061.44578313,gas-used mismatch for 0x641f3c9c2a958400819f97e7303d21c6227106a79c6c3b9ce793777aa7e3bb78: expected 869413 found 398707
20829156,aot,40023038.5,gas-used mismatch for 0xa2774b15c80c2216bbd73629ec980f291c2a176e5973e344b516fbdd93e64cc3: expected 1227073 found 1037099
20826789,aot,32753836.8807947,gas-used mismatch for 0x3a6044b8014ea1ecf0de19798ba98c8a35d9993861bc5248fcbbc1115ed47265: expected 270885 found 238361
20826716,aot,31633596.378205128,gas-used mismatch for 0x4dc1a9e6a41304fe272baa57bd752fef47d57ea8f42e78f00572ffd336bf0c4f: expected 448346 found 393817
20829081,aot,51298401.87368421,
20827422,aot,38383977.512,
20826783,aot,33305201.125,
20827668,aot,46702911.5,
20826015,aot,38495245.03333333,gas-used mismatch for 0x554284dd840ed0beec49ae63b7092382a70cff1b8706303d0d75a176ddb9c39a: expected 277745 found 153935
20829438,aot,28487373.67052023,
20828584,aot,35957404.39716312,
20827234,aot,44389159.56435644,
20828477,aot,44042165.93220339,
20828329,aot,43806665.3125,
20824422,aot,43184351.845454544,
20825318,aot,44559554.21904762,gas-used mismatch for 0x103a00046079d2f1ff445ffd12b2b183477c082156129f575610769994ca6dfa: expected 262804 found 245513
20829297,aot,46553939.15,
20826484,aot,33170263.386666667,
20826926,aot,32600479.221518986,
20824605,aot,44199456.230088495,
20829647,aot,37087086.44755245,
20825548,aot,49315729.36,
20829819,aot,45378938.2735849,
20827163,aot,37843821.89312977,gas-used mismatch for 0x4166f2610821c0f5dde18d58c87474e1af3e300a121ad007bfe76f54e28534ee: expected 360055 found 317054
20828167,aot,32493530.873333335,
20827798,aot,8684506.758064516,
20824798,aot,29539036.91411043,
20825150,aot,9540048.454545455,
20826063,aot,22221393.04680851,
20827175,aot,38811148.95419847,gas-used mismatch for 0x3a9534c44263c4266581b13dca2b09e8d1a3a9f922c04c04f092925d91d2417c: expected 309491 found 95892
20827608,aot,31204042.532051284,
20828572,aot,8085.493451820121,
20826860,aot,34999565.36363637,
20825219,aot,53814892.279569894,
20828582,aot,46897516.21428572,
20828419,aot,63254985.675,
20824048,aot,30184220.463855423,
20827492,aot,45209187.10810811,gas-used mismatch for 0x69815bc7e0a435e519508b39cd2f267b0b5dd0d75159eb5c465cc4b80328dc45: expected 1814427 found 579812
20825969,aot,41677498.675,gas-used mismatch for 0x05961f8ebea6c8c1982ec8b99979daf9401441fa7eec0f727955be4d8e42d565: expected 1008456 found 468934
20827949,aot,36500683.782608695,
20825834,aot,41088336.317073174,
20826016,aot,34265272.538461536,gas-used mismatch for 0x94c91733d90b0a9f8bbfab0cca04457e11bc56d38c7c0c60ca71dfb92096aaec: expected 272504 found 240468
20829157,aot,27064508.245714284,
20828923,aot,27088852.14054054,
20827704,aot,22486717.816143498,
20828372,aot,45704057.34259259,
20826573,aot,40291573.9,
20828478,aot,33834470.73076923,
20825923,aot,17673203.416382253,
20826784,aot,36710329.28125,
20826717,aot,46933390.69811321,gas-used mismatch for 0xb64d19ec08529d7cbd8652e058f107339d92e961d995eb9bd756f1baa4849b6f: expected 364265 found 305143
20828588,aot,45146802.973913044,
20826298,aot,47523995.783018865,
20827423,aot,31374935.01242236,
20826790,aot,52136868.35714286,
20828585,aot,57376757.91860465,
20828458,aot,60694316.64772727,gas-used mismatch for 0xfbc31bd2634ed34dfeb768e6ea62b053b276b51e42c58046b36ebd347b52484c: expected 528059 found 448435
20827669,aot,48394613.518867925,
20827235,aot,37465560.03759398,
20828330,aot,36310801.266666666,
20824423,aot,52517579.35483871,
20825319,aot,35865542.49285714,
20829082,aot,48396559.52727272,
20829439,aot,39582415.05263158,
20826485,aot,43597366.0173913,gas-used mismatch for 0x79f4082ba8610f4030db1a17c68e3d1a2716cf17719f3eb55dd9a3a1786a36a3: expected 295313 found 95868
20829298,aot,41200927.68461538,
20826927,aot,58677007.20454545,
20824606,aot,36817702.50434782,
20825549,aot,49232149.733333334,gas-used mismatch for 0x4fcc0515a1095e31739f1a6c761afcf56c831b6b01158c75c7b2d1ca2329fc33: expected 277745 found 153935
20829648,aot,32735736.082278483,
20829820,aot,44015857.34166667,
20827164,aot,55778278.35555556,
20828168,aot,36834728.98550725,gas-used mismatch for 0x2ccda3f57b1c4bf973e35c07e9f74f36c63f862e4153b3c02c7685941a5295d2: expected 345532 found 95880
20827609,aot,27968177.33714286,
20827176,aot,55830249.035294116,
20826861,aot,35974002.7,
20829158,aot,8116233.904397706,
20825220,aot,37436495.58778626,
20824799,aot,54734945.86813187,
20826064,aot,47864725.97169811,
20825151,aot,66328911.473684214,
20824049,aot,34267244.326241136,
20827799,aot,70661732.46575342,
20825835,aot,41658712.194690265,gas-used mismatch for 0x096bd441205e50da86473aa328634ddc2067dc4f49d4c9561716043ced1c863a: expected 327636 found 98969
20828583,aot,45416440.4054054,gas-used mismatch for 0x0a499cf01bd12d2113aca154664c568bedb7e717679eb14e36a284519ab0d6f4: expected 347658 found 297970
20827950,aot,56133802.46511628,
20825970,aot,44811339.53982301,
20827493,aot,50367021.591836736,
20828420,aot,48203626.4,
20826017,aot,35371444.5,
20828924,aot,38946754.9296875,
20826785,aot,10712401.842332613,
20828573,aot,74169261.38235295,
20827705,aot,57133437.0,
20828589,aot,27926566.832369942,
20828479,aot,39556950.4047619,
20826574,aot,40738447.02479339,
20828373,aot,61876044.525,
20826882,aot,32025007.23529412,
20828586,aot,32705533.560283687,
20825924,aot,66571163.83098592,
20827236,aot,27920906.79761905,
20827670,aot,32033361.630136985,
20827424,aot,33326248.13245033,
20824424,aot,43647797.25925926,
20825320,aot,25837804.260638297,gas-used mismatch for 0x3173eb1a53b03e581f599676a425eeb2e5376467c6c9528904ff15dc1938d717: expected 277745 found 153935
20828459,aot,39682086.733333334,
20828331,aot,47252536.485436894,gas-used mismatch for 0x1666597e5254ac10d589ec2508cf47f564d984e503614c94cd1aac4c6e298a1e: expected 384062 found 170159
20826299,aot,35719435.566433564,
20826791,aot,37839155.85925926,
20829440,aot,40677762.84126984,
20829083,aot,50774225.6407767,
20826486,aot,41577934.916666664,
20829299,aot,47782141.73584906,
20826928,aot,39380580.8,
20824607,aot,39120869.64189189,gas-used mismatch for 0x927a80d4500adf9548905ab53fa466d45e3ffdfa5bcf58b465f973056606c0e6: expected 360103 found 317102
20825550,aot,26468750.543010753,
20829821,aot,30472020.098265897,
20827610,aot,45689560.445454545,
20827165,aot,40512231.32061069,
20828169,aot,40370070.44615385,
20828429,aot,37967555.75609756,
20829649,aot,40902696.39864865,gas-used mismatch for 0x447514a88d9254ec22e93c16608529be0e91ce6e246ca7a9b610beaf3a935c73: expected 271079 found 247612
20827800,aot,17278183.079310346,
20829159,aot,42438600.39669421,
20824050,aot,38377301.44274809,
20825221,aot,49551793.32380953,gas-used mismatch for 0x737ac5e487da61f4555dac6eac2ba37062250ea58e2cf0b4404824d34df3f1bc: expected 412502 found 153000
20824800,aot,47841936.41441441,gas-used mismatch for 0x99593aff3eb25858dbece9fa47d6364244a088d59245da056894f46093643bca: expected 350958 found 163865
20827177,aot,42256951.753968254,
20825152,aot,37225799.571428575,
20826862,aot,45891653.25833333,
20827951,aot,60333022.361445785,gas-used mismatch for 0x5008152be6f25b59cb911054de2a2a4e1665d79bccbec6353b10a1308a248848: expected 438475 found 96751
20825836,aot,42299462.50847457,
20827494,aot,31277274.472392637,gas-used mismatch for 0xafebaf0c538b971ae0cb682557172b3cc7419826c6261ae0ad42e99d645efcca: expected 459464 found 183670
20825971,aot,32712027.57419355,
20826065,aot,33800046.43030303,
20827706,aot,40869347.25619835,
20826018,aot,22087972.904166665,gas-used mismatch for 0x525ef24860307865f668dc854e6a07de983693aca733a8f026889cad33827a4d: expected 188822 found 53698
20826575,aot,33744155.56849315,
20828480,aot,42974217.77391304,
20828925,aot,41167855.288,
20824425,aot,30334812.6,gas-used mismatch for 0xbca888032990497cc89934e8d963ed1786aca27cb8327e3d8c23cba6b0fef095: expected 848052 found 338392
20828374,aot,36852772.1884058,
20828968,aot,35497284.678571425,
20826786,aot,59954157.77647059,
20828574,aot,69790322.47435898,gas-used mismatch for 0xa1f55152642b93402d3d8a369cff75efd934e0c51883eaa1037732668e12cdb8: expected 198354 found 189365
20825321,aot,51209861.46875,
20826300,aot,22004629.048672568,
20828590,aot,67417158.51282051,
20825925,aot,41761314.528,gas-used mismatch for 0x1d9f11688ea12c769fc041b2ec7921d62b2f4bde18414480b1ea557dcd48b0e4: expected 350220 found 226829
20828332,aot,42057124.60169491,gas-used mismatch for 0xde6f4611c7037aceedab95c0712b8c93d285cdb23dc0d8c79b17f564df54875d: expected 459126 found 95928
20828460,aot,39970088.43902439,
20827237,aot,53247709.18681318,
20827425,aot,45378142.86363637,
20826792,aot,41251607.791666664,
20827671,aot,42363333.568,
20828421,aot,60471006.76923077,
20826883,aot,54804284.98,
20829084,aot,29902760.944099378,
20829441,aot,10442179.268839104,
20826487,aot,33179406.56756757,
20829300,aot,48674921.82,gas-used mismatch for 0xf90ab4a3d5dc5d9994fdf87b781a11fc0533a3d819bf1aee3c65114db4c8cc20: expected 324385 found 95880
20826929,aot,21759993.856502242,
20824608,aot,41184704.853658535,gas-used mismatch for 0xef730f5f40ba0f213beeb19842209e547939b615fcdb5524b1862804f54b3e9c: expected 430885 found 189601
20825551,aot,63437908.197530866,
20827178,aot,34666576.8359375,
20827611,aot,29216262.895953756,
20825837,aot,36107422.46341463,
20829822,aot,45536333.85344828,
20828170,aot,33541519.79054054,
20828430,aot,30912696.29375,
20825222,aot,15148521.606707318,
20829160,aot,28743272.15909091,
20827166,aot,43500953.391666666,gas-used mismatch for 0x3ded19e970b5331728fa63443cb91293aa8ee3e0f7dcd5db061e1f269828da47: expected 3052927 found 91354
20825153,aot,50886637.52040816,gas-used mismatch for 0x5ffa9378a2789c2ca537971cd1f11c093c905f24deab774b49d61abf157c4f72: expected 283818 found 320229
20827801,aot,42113794.30894309,
20824801,aot,33779713.98101266,
20824051,aot,18221134.322147653,
20826863,aot,27075391.3,
20829650,aot,46717836.663636364,
20827495,aot,30159921.99404762,
20826066,aot,40319251.09756097,gas-used mismatch for 0xfbae3642bece8aeaeda78f9bb296a521434064e5ecbdc27267e55603e0d3cce8: expected 160142 found 84375
20827952,aot,36759766.23448276,
20827707,aot,30634282.921686746,
20825972,aot,47601744.309734516,gas-used mismatch for 0x5a4f75e3f8d8039a2e00ccbf665fdba8595b6ac77f8f4a096d9982d780a910ec: expected 264055 found 215866
20826576,aot,42897805.288135596,
20826019,aot,83764974.70491803,gas-used mismatch for 0x65c6798a836dfdb586d9f10f865772937bdeb5c642d0f517322c2c2cfc63b2ac: expected 262816 found 245525
20826787,aot,32470470.62745098,
20828481,aot,37833742.25362319,
20825322,aot,31351822.490797546,gas-used mismatch for 0x943855d8e1c74ffa1efa6da65e3cadd245d3675e0af342027939f6652fe0cd70: expected 201851 found 110570
20828375,aot,41467933.98373984,
20828591,aot,43559222.0,
20828926,aot,36054509.33108108,
20827426,aot,8258075.960191083,
20826301,aot,41329645.04,gas-used mismatch for 0x0e9b220e762604d28455b44c0a13c05bf8017fe7ee5aa35a552e2c5ba41431a9: expected 653274 found 118594
20824426,aot,42730889.398373984,
20828461,aot,33600807.42,
20827238,aot,39233604.823076926,
20828969,aot,38812191.86764706,
20827672,aot,34646727.613793105,
20825926,aot,46748795.763636366,
20826884,aot,31914741.54037267,
20828422,aot,38128670.88888889,
20828333,aot,29918254.467741936,
20826793,aot,64169257.8375,
20828575,aot,55196727.6,
20826488,aot,42400170.36666667,
20829085,aot,28268064.92631579,
20829301,aot,34813707.82978723,
20829442,aot,63492356.4939759,
20826930,aot,30514383.91411043,
20824609,aot,30376264.220238097,
20825552,aot,32104858.56,
20827612,aot,21950406.409302324,
20827179,aot,44970196.70909091,
20829823,aot,34116216.95555556,
20828431,aot,42750212.13043478,
20828171,aot,35026221.43571428,
20825838,aot,51686537.86,gas-used mismatch for 0x000d203a2cc0e13f403b9fe044ce8c9e600b77b215f17b3135eedaf2037989d4: expected 277745 found 153935
20825154,aot,15537813.403076923,
20826067,aot,20424759.557939913,gas-used mismatch for 0xd105539ae47f65c546106ff3370febd20a732248277c6779c63d149f553e2b46: expected 2037762 found 1158609
20827802,aot,31935076.352564104,
20829161,aot,54443733.777777776,
20824052,aot,39093995.90243903,
20824802,aot,40615226.6446281,
20825223,aot,69109904.38028169,
20826864,aot,48797504.36893204,gas-used mismatch for 0xae51f1767fb0c874525a8a0cd3682a441d7ffab64f8a548a5dd17d808cf77abc: expected 369475 found 95868
20827708,aot,20251569.3697479,
20827167,aot,36988141.7260274,
20829651,aot,31533820.03125,
20827953,aot,30919738.943037976,
20827496,aot,35347336.63513514,
20825973,aot,34360684.35664336,
20828482,aot,29646451.652173914,
20826577,aot,62618376.102564104,
20828376,aot,54198470.42352941,
20826020,aot,47529308.07619048,
20828382,aot,26341646.025906734,
20827239,aot,23222833.824390244,
20827427,aot,50097162.35164835,
20828462,aot,35248356.60869565,
20825323,aot,37782223.7593985,gas-used mismatch for 0x78b14675e6572737734304d49a115fcb18e7764fa2af0c28ffa40923966a766b: expected 277745 found 153935
20827673,aot,44379860.93518519,gas-used mismatch for 0x8474cd4c274ea4b24874856fb74a645c6e46c09e9bac4ee0e64a2eba791e3a79: expected 283763 found 238343
20828927,aot,59878060.86746988,
20828592,aot,38756228.29323308,
20828970,aot,17548926.33447099,gas-used mismatch for 0x830631819ab9f8c73ce4e07cca482677cb8e669b153aaa9725f9392c4d4dda42: expected 665891 found 376531
20826302,aot,38457282.333333336,
20824427,aot,60271228.32530121,
20826885,aot,27728195.65730337,
20825927,aot,25219347.650485437,
20826794,aot,36846496.016,
20828576,aot,27613116.4375,
20828334,aot,49606532.00990099,
20829443,aot,30507130.238410596,
20826489,aot,43648795.12068965,
20828423,aot,50603705.885714285,
20829302,aot,39614741.23577236,
20829086,aot,45350421.97560976,
20826931,aot,30232526.85549133,
20824610,aot,47423992.89814815,
20829824,aot,13630285.80592992,
20825553,aot,51841153.58181818,
20828432,aot,30385852.17857143,gas-used mismatch for 0xd7a8a92a7c874536f9499a7a5f6b191f0696a4618631105b79cdb4538669fcfd: expected 200965 found 81738
20827180,aot,27935422.479591835,
20827613,aot,42621620.827067666,gas-used mismatch for 0x9084f0bdf18dcd8a18a134427ddaec368c17c328d85cf18dada3278cb7ce373b: expected 382206 found 95868
20826068,aot,17786132.385416668,
20827803,aot,40467430.672,gas-used mismatch for 0xea1e66d94ee51aa983b04b0ac61d5fb43c699bb32a71e3c634724a183b9083a6: expected 266939 found 219649
20825839,aot,38720445.348148145,
20828172,aot,51360495.63106796,
20825155,aot,59147210.23529412,gas-used mismatch for 0xe42a15325c446d53f82dc3b373e8ace90c76d2990305f70572580996a2559570: expected 305691 found 95868
20829162,aot,33578219.45806452,
20825224,aot,44152929.460869566,gas-used mismatch for 0x93fe6e5401c1beec6743a6ed0d9d6d3e6fca0fbe4a16ae21ec4d6daf3acfac53: expected 258116 found 243055
20824803,aot,44501629.84347826,
20829652,aot,45837309.981981985,gas-used mismatch for 0x5437e889751a24929bc435f29061f479aae3db4ffa82efc0ed85386d262fe400: expected 338098 found 316961
20824053,aot,85163821.95081967,gas-used mismatch for 0x85efbab48931f149213c9ad2d98092fdb23396a8d914eed91fc400baa886375e: expected 204626 found 82074
20827168,aot,25386813.414634146,
20827497,aot,50167478.07,gas-used mismatch for 0x08d6d9911e01ae19843a52d376eb057a2a3d0a9c7c8965b97988bca66c9de730: expected 196272 found 81738
20826886,aot,31957050.082706768,
20827954,aot,45984100.28695652,gas-used mismatch for 0x89b51656f6d06d01694a77a20a774f3052685ae8a143e4704eb7cce7ca9f9335: expected 255332 found 240474
20827709,aot,62784682.51807229,
20825928,aot,40249239.481481485,gas-used mismatch for 0x77ea9735613c937cddfdc6edccfadbe00ca1b43c03d9269e965e6a7021698fc1: expected 270168 found 252877
20827428,aot,45575156.06666667,
20826021,aot,31726092.17721519,
20825974,aot,66031227.320512824,
20826865,aot,43792145.171875,
20825324,aot,15659808.150943397,
20828335,aot,46452341.78409091,
20826578,aot,39287138.13076923,
20828483,aot,37884610.78571428,gas-used mismatch for 0x7221ed26a5618d5bc5172ef9c29f7b3abc328aa47df48ad07a2c3e02e71befad: expected 784670 found 867393
20828463,aot,35921621.43571428,
20827674,aot,31146279.12658228,
20828377,aot,53741322.05263158,
20829015,aot,43135850.628318585,
20826303,aot,7758.652755428245,
20828928,aot,43515010.23728813,gas-used mismatch for 0xcc94d04c519e8ae13e6aa084ddfb1550c253aaa28bacc2140d33d5f5491beed0: expected 870974 found 947351
20828971,aot,65664997.30136986,
20827240,aot,47867477.6173913,
20828577,aot,36356061.18518519,
20826795,aot,35743959.77622378,
20828383,aot,66010493.90123457,
20826490,aot,21214420.14718615,gas-used mismatch for 0x5b10d35288292ebcb175fadcb086f7c64241d6d6a00eab4b9834a6b9bda8fb76: expected 306998 found 95868
20829303,aot,38086271.37190083,
20829087,aot,17642594.77689243,
20824428,aot,53508629.15,
20829444,aot,43700340.78333333,gas-used mismatch for 0xfe57d00a18be4a6a15665b0c784bc2db9d22437cdbe5a3fb7bdec668420ff1f1: expected 200946 found 81738
20828424,aot,44109273.137931034,
20826932,aot,31801174.464052286,
20824611,aot,24670473.242718447,
20825554,aot,24573580.51,
20829825,aot,56389288.428571425,
20827614,aot,17897878.675,
20827181,aot,33536857.125827815,
20827804,aot,47631693.089108914,
20828433,aot,42776818.264,
20825840,aot,43876197.37288135,gas-used mismatch for 0xe927958f690019f98c784f0f474caa1b38491828b6c13173e5940141d35384e0: expected 500064 found 128237
20825156,aot,39888484.30894309,
20828173,aot,47689866.62962963,gas-used mismatch for 0x23382cd82280cda8632c146478e28d4cbe1a0f92f1245f18d2498d5a6984716d: expected 287345 found 153935
20829163,aot,31599907.225,
20825225,aot,27921119.590163935,gas-used mismatch for 0x85797ea970cd09e8c99f80abd864e3f782a2645fe4035f8e572dafc63d7d3d40: expected 390815 found 98976
20824804,aot,39921764.6328125,
20829653,aot,38214496.58646616,
20826887,aot,46849910.86111111,gas-used mismatch for 0x7bbf8b45f3a1fa8bfdfb4fabd30dc31b655f0c4fd4db2a4bf1b01422aae78275: expected 272616 found 309027
20827169,aot,33573846.666666664,
20827498,aot,32825308.16129032,
20825975,aot,5742293.199304751,
20827710,aot,23320452.959641255,
20827955,aot,48306097.38834952,
20826069,aot,84079680.33823529,gas-used mismatch for 0x2db970167b6c101ceb582ca76a0b3a7ce2b7b4853d522fdc5cbcc5881c8455b4: expected 160146 found 84379
20828929,aot,12956129.797260273,
20826579,aot,44123490.11504425,
20827429,aot,36445947.020979024,gas-used mismatch for 0x170261471562fd8e814f4d37b3bdac7fb2c0933f4357dc33ca5488f2da87ba4e: expected 528647 found 408934
20825929,aot,29547748.333333332,
20824054,aot,50137217.0462963,
20828336,aot,35764778.212765954,
20828484,aot,36275744.14893617,
20826022,aot,46025604.619469024,
20825325,aot,72078988.0140845,gas-used mismatch for 0x2950c69cd4214f77053806634c004aa89fd23d370e965f73322c34e1f8823495: expected 857527 found 198329
20828464,aot,47176271.8,
20827675,aot,32890777.057692308,
20828378,aot,45405546.432432435,
20829016,aot,44490945.948275864,
20826866,aot,30993493.243093923,
20826304,aot,106195036.47916667,gas-used mismatch for 0x76caf49ff3661025737cccb6ec9b59235d188b0fedfa50acc64111cc74e2b506: expected 277745 found 153935
20828384,aot,33770523.78767123,
20829088,aot,53405346.54945055,gas-used mismatch for 0xda96c5d7502ff9ec49adb4acbeba1e891049066ebf36463e082cec6fefed4fda: expected 1302763 found 810018
20828578,aot,47516622.21296296,gas-used mismatch for 0xfecffc032b819d53e90c6fe42622de54258411ac513c0f86ea159f760fb3a72d: expected 365575 found 95880
20826796,aot,37798782.35507246,
20826491,aot,57402542.244444445,gas-used mismatch for 0xfa93a6d319941a1f2dfb5f1ddabbc302c9c13798e642bfba3679c8249c43dbbe: expected 345532 found 95880
20829304,aot,48126943.87962963,
20828972,aot,57842510.64772727,
20824429,aot,16874902.617161717,
20828425,aot,31533131.044871796,
20827241,aot,46272731.23966942,
20829445,aot,53508668.32653061,
20826933,aot,45455493.48695652,
20824612,aot,70115560.91176471,
20825555,aot,48752811.35454545,
20827805,aot,27837163.27840909,gas-used mismatch for 0x9beb5b724db08cfce6b749b817ab916bfad84352ac58d82e3e5d66c1fe1955c8: expected 310634 found 95868
20829826,aot,52383974.231578946,
20825157,aot,31264250.901960783,
20827182,aot,42035992.55,gas-used mismatch for 0xc290ac5235bb9fcc98466375e782c7510b0b2f1bb77b3621382a312a1c0c90df: expected 402518 found 98969
20827615,aot,39543979.618320614,
20828434,aot,44606726.46296296,
20828174,aot,40070322.46280992,
20825841,aot,35855303.18439716,
20827499,aot,33167084.47857143,
20829164,aot,42187317.347457625,
20825226,aot,46636224.06603774,
20824805,aot,29831371.35714286,
20826888,aot,31761262.567741934,
20827170,aot,22112450.728888888,
20829654,aot,42823597.29310345,gas-used mismatch for 0x391793cde89da53d1c37d8a624dff769be97d6fb6a3e72cf97f1159068c0c476: expected 363613 found 95880
20826070,aot,21636173.63090129,
20827711,aot,56825024.70454545,
20825976,aot,79715837.55555555,gas-used mismatch for 0xc76b015d2507d02bfafbbb787b799daf236fb35890de08067e5fa1c61d46eac4: expected 159148 found 83381
20826580,aot,37299481.7443609,
20827956,aot,43803772.23478261,
20827430,aot,33819513.1,gas-used mismatch for 0x51d3a228990ee0004aecce552d1c42a2f400cdadb2203bdd654588b0e1390ef1: expected 262804 found 194839
20828930,aot,42629214.16101695,
20828465,aot,27166318.97237569,
20828337,aot,31540606.025,gas-used mismatch for 0x217430b3d0c78ca57017cb3fee581c098e4812c6a3d4b1e16cfefba624dacc64: expected 578037 found 95928
20825326,aot,23520412.525581397,
20824055,aot,39544434.39230769,
20828485,aot,53967126.957894735,gas-used mismatch for 0xa459e33a77cdf2b7a16a82ae59e227a3cea04d708e5d2dda655b1bdad47d071a: expected 206855 found 174957
20825930,aot,67216836.45333333,gas-used mismatch for 0xbe7c9a1dcff35b1c4288c018e3305fd1232ca1a86a36bafdaefe0bc55bb170db: expected 277745 found 153935
20826023,aot,38952823.781954885,
20828379,aot,41391894.5785124,
20827676,aot,37601989.22794118,
20826492,aot,40696102.74774775,
20828385,aot,34498047.4,
20829017,aot,40304432.17073171,gas-used mismatch for 0x1b4af39eb595752c559963ac38679a2516e6e3dc4701a1a511f0451fe6c75009: expected 257886 found 238244
20826305,aot,24998316.666666668,
20829089,aot,31358375.449367087,
20828579,aot,39665526.928,
20828973,aot,33393611.265734266,
20826797,aot,34396099.97260274,
20829305,aot,40484608.52892562,
20827242,aot,42333458.2972973,
20826867,aot,44192289.76984127,
20828426,aot,39182230.8015873,
20824430,aot,49113011.6509434,gas-used mismatch for 0x8639c557cffc11e786465b0ab2be36f359ec1aa0a162e41c09a9f35ff6964861: expected 301796 found 208427
20826934,aot,33735172.303448275,gas-used mismatch for 0xbf30773ec47b3721b434bf7b60aa1fe91d9e741decf07ed6779311f7a018edc9: expected 212279 found 202239
20829446,aot,42685321.90434783,
20824613,aot,44651555.35344828,gas-used mismatch for 0x5bfcdd26d41d762d34c0f1939546211c6166b4b16afae9a55df9a2000cd87c95: expected 282545 found 153935
20827806,aot,32666017.839743588,
20829827,aot,29396565.12280702,
20825158,aot,32651455.774834435,
20825227,aot,28881864.5875,gas-used mismatch for 0x1c26f82934772edc225c90b27de551af658de8dd98a1b3cadd57fcc9a52cbdb0: expected 7826023 found 2987349
20828435,aot,37843318.0234375,
20828175,aot,31745433.481012657,
20827183,aot,46262696.15044248,
20829165,aot,33519294.59310345,
20827616,aot,44470845.81415929,gas-used mismatch for 0x69b9db49612613297f3dfb7c54ee7899d2ca98eea04984a9cca7d6cb9f6e2334: expected 272598 found 204178
20825842,aot,34795162.572413795,
20827500,aot,41419068.42276423,gas-used mismatch for 0xd1084454afb6f8c99ab75b7a51e718e7ca81ae6a69d5476d5b0078fdd7e82338: expected 528227 found 95880
20826889,aot,40688477.73043478,gas-used mismatch for 0x5de1eac13563c9a3754dc1cd66a6369b96c81048b0c35dd791eeecafa9c9ab31: expected 203124 found 82074
20825556,aot,17653674.190031152,gas-used mismatch for 0x7f00fc3fffa277d6229a715e48d36e03367db73ce6cbd9755194b0283a4322ee: expected 262780 found 245489
20824806,aot,54223047.21978022,gas-used mismatch for 0x94dadfd114860a27e6f9036059ebad1c4c15ea80d852756f7b71a230df8a306a: expected 255368 found 240432
20827171,aot,41341180.99137931,
20829655,aot,30437488.695652176,
20827431,aot,52198567.19318182,gas-used mismatch for 0x16c4c3a9cb56506985d3b982908c7b1373733e3bfa8a09a64d7b51615e9d76c9: expected 307264 found 305385
20827712,aot,38390945.35772358,
20826581,aot,25166556.645,
20828466,aot,49938769.0,
20828931,aot,45353912.657142855,
20825327,aot,14463442.746355684,
20826071,aot,64603037.28395062,gas-used mismatch for 0xbee28789dd7ed10d840d80074cab44d00407c7a79583fd5591daa459e643a9c2: expected 272335 found 238385
20825931,aot,38616593.484126985,
20824056,aot,31716120.300653595,
20827957,aot,41566867.15447155,
20828486,aot,34831481.45390071,
20828338,aot,57723784.270588234,
20826024,aot,11801898.776995305,
20829090,aot,43279490.99009901,
20828386,aot,32620769.506756756,
20825977,aot,45480008.208333336,
20827677,aot,39054844.6870229,gas-used mismatch for 0x41f3270b7e5bc5f3ee379e1c3d43e43575e94521279ca1bc6600c048c5519309: expected 360115 found 317114
20828380,aot,37798613.30075188,
20829306,aot,36322678.96,
20826493,aot,34479157.762237765,
20826798,aot,29550397.7625,
20828580,aot,36441597.316176474,
20829018,aot,44065230.58260869,
20826306,aot,33911051.14,
20826868,aot,13717886.129213484,
20828974,aot,31899941.720496893,
20829447,aot,44254489.96875,
20827243,aot,33050440.051612902,
20828427,aot,33873089.30136986,
20824431,aot,27216475.516853932,
20826935,aot,38146580.8015873,
20824614,aot,42992196.365079366,
20828436,aot,46413437.972222224,
20827807,aot,26611700.479591835,
20825228,aot,41227230.083333336,gas-used mismatch for 0x6f1ecbdb1db54805da0da0ff5733df20c3993000d482aaad3325d06af86fe4de: expected 254920 found 210709
20829828,aot,48633141.666666664,
20827617,aot,31649002.66875,
20829656,aot,51108968.91578947,
20825159,aot,44570973.92,gas-used mismatch for 0x9b2f5934d2c24f8321bc2ae97043bb0a5a23fe16231d15ba0256077130aad84c: expected 740244 found 374861
20829166,aot,33762921.73717949,
20825843,aot,61339718.61176471,gas-used mismatch for 0x8152e184aea8cfba4d75d4a58d0c0de7dea7b03f5e0b96a8f7cd82e4dfda6b0a: expected 345904 found 163865
20826890,aot,47102592.36111111,
20827501,aot,40226176.21428572,
20824807,aot,28798920.602209944,gas-used mismatch for 0xe75bce9d8dfa12b0b0f15f38324d643d98413859d0613bac9f05940658a1535c: expected 414205 found 372183
20827184,aot,45922153.451327436,
20828176,aot,38189541.02836879,
20827172,aot,30903752.493975904,
20827713,aot,25843813.661538463,
20825932,aot,46381299.952380955,gas-used mismatch for 0x0db2510ea9a5f39a3626cc5fc83ac3dc36a7270dc2be5e5d708d8755bf9a53a1: expected 459082 found 174627
20826582,aot,32485268.451612905,
20828932,aot,41453903.30508474,
20827432,aot,63636163.25882353,gas-used mismatch for 0xcbfc89eefd9f1d56ae7f35c86d98e68d1ac4afc0b5e619806f8007415137bff3: expected 383598 found 121813
20825328,aot,54296424.07526882,gas-used mismatch for 0x9087060269643e9ee6d7a8562262d674244504a4c72c488f52b92ec89189ec5f: expected 371817 found 175140
20829091,aot,26426259.908602152,
20828467,aot,40804678.6015625,gas-used mismatch for 0x6f28755b96a5f486d1e692c133a9c52760d31de8b39b02b151bb6644a621c337: expected 1620634 found 1673541
20824057,aot,31633892.44375,
20826072,aot,35715704.78767123,gas-used mismatch for 0x73ffa7703235a6dfde594d7521e80618eec4941d0e971f66efebe194dd5cb8d2: expected 386575 found 95868
20827958,aot,37004278.6962963,
20825557,aot,74185173.21052632,
20829019,aot,29947088.794871796,
20828381,aot,32736228.23529412,
20828487,aot,33877673.26282051,
20828339,aot,38906951.68148148,
20829307,aot,31992865.96875,
20828387,aot,42066536.85950413,
20826494,aot,27627826.16129032,
20827678,aot,39692208.04580153,
20826025,aot,64909150.98795181,gas-used mismatch for 0x1d596b091648c9c243d2d458890e829b76d874f1bf0cd0a76fa85aee7120fbb0: expected 485739 found 449405
20828031,aot,37140447.625,
20826799,aot,36325060.34246575,
20829448,aot,29465229.555555556,
20826307,aot,53648527.35714286,gas-used mismatch for 0x3568562761cd29838336f832db891a4f394f8b07522d3075c3e04a197c0af2dd: expected 190084 found 53790
20825978,aot,46262837.11666667,
20827244,aot,40784595.56198347,
20828428,aot,44630859.81034483,gas-used mismatch for 0xb65be1c3ec46e1402ee53c79e5c91e0dfe25f8e057fc3a1213900469a17c13c0: expected 1191360 found 1390780
20828975,aot,57437480.23655914,gas-used mismatch for 0x9a8b73121de387d7d7a8917e2d7d58b5beee46f81a7d77c4afd551681604eed2: expected 532866 found 376849
20826869,aot,73196869.10958904,
20826936,aot,37779195.296875,
20824432,aot,67063273.83950617,gas-used mismatch for 0x099814bc7eba9e46da90ff2542672f8c1477c27d5e8c9be8b6f57dd42ee74ee3: expected 529235 found 95856
20825229,aot,54777488.23529412,
20824615,aot,52095466.770833336,
20827808,aot,3109136.385180649,
20827618,aot,37071031.044117644,
20829829,aot,32821581.96732026,
20825160,aot,42213407.78761062,
20825844,aot,40243977.56097561,
20829657,aot,33045791.444444444,
20828437,aot,34346157.19620253,
20826891,aot,29864098.31547619,
20827185,aot,21598079.169565216,
20829167,aot,31988771.206451613,
20824808,aot,32085780.96153846,gas-used mismatch for 0xd7ae61201b51db7bbb9eb927b2930a6205c4e8f336567e4e1c7f1198ba52301c: expected 329240 found 95880
20827714,aot,33114191.278145697,
20824058,aot,43335734.961904764,
20827502,aot,31609519.278787877,
20827433,aot,42765223.73873874,
20826495,aot,62370924.86363637,
20828177,aot,40472179.634920634,
20827173,aot,45659119.053097345,
20828933,aot,17468455.694158077,
20828468,aot,45051700.358490564,
20829092,aot,49379141.82178218,gas-used mismatch for 0xccb83e25ec7d876a83b92d547885cdf022ceea9b5b3f031a1240efabe9cce368: expected 535861 found 370568
20825933,aot,40710209.609375,
20825558,aot,26513507.824468084,
20826870,aot,30041365.89090909,gas-used mismatch for 0x4d087c92fbf372546a99166bf33bd300c1eed8f3d34e5bd704d246aa02fbb234: expected 214287 found 201447
20825329,aot,49425323.718446605,
20829020,aot,31164270.51875,
20826073,aot,37544598.06521739,gas-used mismatch for 0xb6c0d6bdd80dece72c52a5ef640f24ae649346b9ab38492d90716f7fa3d7c8f3: expected 160152 found 84385
20828488,aot,33394843.466666665,
20826583,aot,76860028.01470588,
20827959,aot,43666461.69166667,gas-used mismatch for 0x94421072c26cc511cf2eb7aeffe917bdd26d08968102223701a70251cf801973: expected 341572 found 85328
20828340,aot,33415718.581699345,
20828388,aot,43210906.43478261,gas-used mismatch for 0xb48acf3b72840db7d740e77e04f1f174eb6d64ebe80f914a722e91d13d7c1c6d: expected 324373 found 95868
20827679,aot,30101030.325301204,
20826308,aot,34468308.59558824,
20826026,aot,43061215.79130435,gas-used mismatch for 0x178d750b89e85e71db64a50b2a6364c5a518e47cdf47fc63498b20c4887342b5: expected 273074 found 49274
20826800,aot,25486068.08163265,
20829449,aot,31250915.89375,
20825979,aot,35201840.54347826,
20828991,aot,36813235.6984127,
20829308,aot,53990425.52040816,
20827245,aot,31781873.615384616,gas-used mismatch for 0x991fbfc677258c0fe7d32d53c2d5040980397d56a8871bbc017ab93effcb2b61: expected 360199 found 317198
20828032,aot,36095914.04964539,
20828976,aot,36429906.05925926,
20826937,aot,71620182.25,gas-used mismatch for 0xe4ce30e86f9218d1cef35e9edebbba6f94b90fbd0afacbb7a4dff0cfa7227f0f: expected 510491 found 131422
20824937,aot,29696324.273809522,
20824433,aot,35540617.608391605,gas-used mismatch for 0x4b2ed321ca96098824448581353636f45457c4ba8d5fc194b7e3f64bce040236: expected 266939 found 219649
20825230,aot,42558398.84166667,
20827619,aot,34009198.66896552,
20827809,aot,50883170.873786405,
20829830,aot,30761281.295180723,gas-used mismatch for 0x0eb75ae04f22823fd7b9d7e671e02f0d0a565864a0cefb962661651a4e6ede14: expected 912145 found 1001552
20828438,aot,50244100.40625,
20827174,aot,19168374.29032258,
20824616,aot,48112171.87068965,
20825161,aot,28971783.55,
20827715,aot,10057732.027722772,
20825845,aot,43395577.05932204,
20824809,aot,55941992.3,gas-used mismatch for 0x2d8c2cabc4425ee4015c91868f1c0bf3c03b5e53449eb26cb30c7ca2c7ef16ae: expected 443202 found 95892
20827186,aot,62145003.974358976,
20827434,aot,53954444.96666667,gas-used mismatch for 0x6f6117939113f105b116fa052445a425616483ef4c35b7bae05d6dcf4a6018b0: expected 552935 found 95868
20826892,aot,49762650.95049505,
20829168,aot,30916168.426900584,
20826496,aot,38193053.115384616,
20828469,aot,15213375.6749226,
20827503,aot,38203198.992592596,gas-used mismatch for 0x06e3ec1f7976aa5b41853ddf07ded942224324c65e9defa0688c991a99468b16: expected 385280 found 95880
20829093,aot,24962077.770408165,gas-used mismatch for 0x0e5c996771d989c718750224640ea58941613a45389d2c7114c3050706d02072: expected 656050 found 118570
20829658,aot,43757137.666666664,
20825934,aot,36254315.607407406,gas-used mismatch for 0xf21802d991b0b6e195d1d0dd53e325d75dacd2998f9a7927bdc73af735f8c8c1: expected 160154 found 84387
20824059,aot,33101242.322981365,
20825330,aot,47199829.55,
20828178,aot,38246196.20714286,
20826309,aot,46611135.76136363,
20825559,aot,40870703.336,gas-used mismatch for 0xa391bee89d0008622de3bb563d9581089e798181c5754c0f8d42b78882f43eb7: expected 376741 found 256770
20826871,aot,31942050.432258066,gas-used mismatch for 0xd0341060efede44a86b0099ad648b21990ed550f5077dcb4ace180de02bd938b: expected 350662 found 95880
20828489,aot,37712139.515873015,
20826074,aot,46572922.80582524,
20827246,aot,50179068.47777778,gas-used mismatch for 0xceacadcab3d6310ca967e6026c4aae0132ddee1ad1875a81e48382507b3fb1a3: expected 438324 found 95868
20828341,aot,37322501.46551724,
20829021,aot,37367954.125,
20828934,aot,56503493.03125,
20829309,aot,36243639.48,
20828992,aot,37743687.692307696,gas-used mismatch for 0x109133fc033b230a0aa3965bacf6b5acedba497b8f96251c0e3660a5fb0ebee4: expected 605356 found 182772
20827960,aot,40654143.99186992,
20826584,aot,39323489.34351145,
20826027,aot,37123345.05384615,
20829450,aot,14180786.484507043,
20827680,aot,42925571.14159292,
20828389,aot,29199688.229411766,
20825980,aot,47161325.266666666,
20828033,aot,34059336.220689654,
20826801,aot,38698047.9,
20824938,aot,44921632.60952381,
20826938,aot,35286092.97872341,gas-used mismatch for 0xe0e2f83d10b7558f3dee2105b83519b50282bb678580c9d465e11e700e3b4403: expected 359214 found 222672
20828977,aot,59979226.530120485,gas-used mismatch for 0x120c21f92d0c1c12fd9cfe5353b149660fd5627b41a0fd5ce0be04ce3d7f5382: expected 519715 found 370640
20824434,aot,32806462.922580644,
20827620,aot,35986442.28985507,gas-used mismatch for 0x7ea1bdd23c130b5d69e2d593a5db3de25c87ee06989abc7ccc697bbb450e3fbd: expected 383166 found 283997
20825231,aot,45380471.159292035,gas-used mismatch for 0xdc99b0990b1998e72b7e5396909105f4247b945ce31092a755dc1d1f1dacfc89: expected 324098 found 95868
20824617,aot,37941821.921875,
20828439,aot,33859298.47333334,
20825991,aot,27045442.699481864,gas-used mismatch for 0x458882cd3fa8b9e891fd3caaf494ef2939eb877d80861a6f2eecee4187ff9640: expected 262852 found 245561
20829169,aot,39124772.92063492,gas-used mismatch for 0xbe9dcce48b0ef544cc6311a14a06731a2b9478eb66622f01abdbb95fc55f40ba: expected 631996 found 400269
20825846,aot,38116509.669117644,gas-used mismatch for 0x7f4c2275fdf7d0e9efd283d2fb61daf1805d726fd8e86e2738f2057e04f963f4: expected 1446472 found 1351812
20826497,aot,19929827.608695652,
20825162,aot,31289456.4,
20827810,aot,55177308.315789476,
20827716,aot,40701620.96183206,
20829831,aot,41775459.828125,
20827435,aot,35696421.77241379,
20824810,aot,32806825.291925468,
20826003,aot,48304784.11320755,
20829659,aot,29946981.52,
20826802,aot,31339555.8,
20829094,aot,29718646.57803468,
20826893,aot,35180303.09933775,
20825935,aot,24858020.629107982,
20825331,aot,34595752.682432435,
20824060,aot,32716762.086956523,
20828470,aot,55321946.905263156,
20828179,aot,44248767.6,
20828490,aot,40927083.75609756,
20825560,aot,48107062.09259259,gas-used mismatch for 0x7de34ee591a629e4f43360a4fe1d8c862f89d5c6ff1eac97b31a33ee59b3fecf: expected 454557 found 95880
20826310,aot,36090366.33793104,
20826075,aot,39106005.180451125,gas-used mismatch for 0xa6c974a6d8fa76d8f8b81f7893eb403c3f7573edbd066d560bca5969bca8972f: expected 160126 found 84359
20827247,aot,30068606.61403509,
20828342,aot,24603299.895238094,gas-used mismatch for 0x6b130d82a1099c025b3b5b4620fe8dbe72fc3da3e4123ecd2264be2264b45d99: expected 277704 found 217316
20826872,aot,40904143.70769231,
20827504,aot,38682582.50326797,gas-used mismatch for 0x36e561661b373152435c8e6681121c3f85141eebdf429be96690313b5f7ccb32: expected 365707 found 306038
20829022,aot,30794391.805714287,
20828993,aot,11997915.824200913,
20825981,aot,30801024.273291927,
20829310,aot,46027554.513274334,
20826028,aot,49215398.76699029,gas-used mismatch for 0x56753e89c46c003fd94e2b169d31e83dd10ea1e50f41689d750a4ea7845d5925: expected 696664 found 509849
20826939,aot,41883333.477876104,gas-used mismatch for 0x97c790c2c848d2939106f6e916c395dfe3ea10ed5037c38f7ecc95c5daf59710: expected 535065 found 95880
20827681,aot,51269184.92079208,gas-used mismatch for 0xce5aacc4acb9e06f798ceb05abc8d210dfeb80e4e72a3e52c1409a2352158206: expected 360139 found 317138
20828935,aot,34836771.17307692,
20828390,aot,28651393.629834253,
20828978,aot,12130333.24213075,
20827961,aot,48307796.53703704,
20828034,aot,46347329.477876104,
20826585,aot,55383377.614583336,
20824939,aot,29559188.50285714,
20829451,aot,63001997.144578315,gas-used mismatch for 0xd4ce6814e3e2fd6361b145722f5c186e3b8d5adb720dd6961c517530378d879d: expected 389565 found 317181
20824435,aot,35370819.20945946,gas-used mismatch for 0xefd2a72a47c0bcacb95fcd2e181256e1d13d735f75d7e152c1100c0aef5c7490: expected 295783 found 242314
20828440,aot,14555910.065088758,
20824618,aot,33384278.79054054,
20825232,aot,30924875.23214286,
20827621,aot,31568214.782608695,
20827436,aot,39685356.551724136,gas-used mismatch for 0x2c786381157d9e3776c76fef0c1b41a063f890cfaf32287d7e11678f7d30c98b: expected 329228 found 95868
20825992,aot,48767874.22448979,gas-used mismatch for 0x94a3e2294e16210debe10a166a917c21acd927f6e298653c406be03f234e760d: expected 1171265 found 1040344
20825847,aot,42534373.06779661,
20826498,aot,50772620.18947368,
20827717,aot,64430716.776315786,gas-used mismatch for 0x4b5f10e2e04b214dac3beac295b3cf38d44bb5ca344bf9f9fda49a2d98124bf2: expected 454179 found 417183
20829170,aot,45284296.1,
20825163,aot,45780387.88181818,gas-used mismatch for 0xe2acb768a12870f7624cbbe8c3457c0c2054362d744c6e3e43e5f2e6ebe4b138: expected 838713 found 229290
20829832,aot,47406751.32038835,
20825561,aot,10255849.053932585,
20826004,aot,35977719.89855073,gas-used mismatch for 0x6e6f2eeae8ba58a44ebac07af9b622a7452cb811c00184dca175fc7c76aba364: expected 277733 found 153923
20829660,aot,30465763.80981595,
20827811,aot,35965708.16438356,
20828180,aot,21366098.754385963,
20825936,aot,50355233.62,gas-used mismatch for 0x9cc5bd743c01ee56c6fa5aa169a996fe74bbc810b2c1e57a84ec7aec84604f0e: expected 160090 found 84323
20828471,aot,41029384.949152544,
20829095,aot,42173284.33898305,
20824061,aot,37679834.76923077,
20824811,aot,56998633.84615385,
20825332,aot,37899215.421052635,
20826894,aot,39672719.8828125,
20828491,aot,33870554.82876712,
20826029,aot,44818117.208333336,gas-used mismatch for 0xbd7099eb1aae7ed0a0502602030cdb9ac1559e2b8b0f0339756d27946dd99cff: expected 277745 found 153935
20826803,aot,59768914.87209302,
20827248,aot,39290462.91269841,gas-used mismatch for 0xc0dbac0d3381973e9996e116fb426ce5fa75b96330692e3c2d423db7707c9aaa: expected 252886 found 238326
20826076,aot,48441563.42,
20828343,aot,56508299.593023255,gas-used mismatch for 0x2d179e366c77ad47c9d678fd464021d89bdba4c45dbef65e51ddd8aa3f4b24d9: expected 353679 found 95880
20826873,aot,44024404.07964602,
20826311,aot,60684556.8125,
20829311,aot,27870455.423529413,
20827505,aot,22845228.553097345,
20827962,aot,37344325.333333336,gas-used mismatch for 0xe3d77828b14c0fab16a32d77ab6638c84a91ecf41e24ecc9dff442a7b27a65fc: expected 529987 found 129056
20826940,aot,45284214.68181818,
20824940,aot,28258713.987951808,
20829023,aot,70649906.74285714,
20826586,aot,39923242.43220339,gas-used mismatch for 0x313a4bb6304d350651e80ce786c92a19f312970d040626a249df9e056183c46f: expected 344237 found 95892
20825982,aot,52316958.697916664,
20827682,aot,39705353.222222224,
20828979,aot,47117688.24074074,gas-used mismatch for 0x30f96ddaf2c9ee09a15aa9c74e418fe4009110b5453d8d0ac5a63eb771246b50: expected 366731 found 359538
20828391,aot,50939343.574257426,gas-used mismatch for 0x0792071a8a9c68c8d5e4e2e4691508c5dcea8de6a0aac2bc717b3d0ef3705196: expected 772630 found 131422
20828994,aot,61188754.84883721,gas-used mismatch for 0xab5e0e401fef9604a38eb26388cc01ad1fc8265983063eae076604f05ea0180e: expected 993018 found 720703
20828936,aot,16575669.175,
20829452,aot,28712655.034285713,
20828035,aot,37936177.63768116,
20824436,aot,60296786.48192771,gas-used mismatch for 0xa72403a6e47aad4492231bf8747c8f6e411cb047e2ba7514fc65c2e38e93363e: expected 409920 found 95868
20825233,aot,54279670.197674416,
20824619,aot,29367545.099415205,
20827437,aot,29430350.47878788,
20827622,aot,25417217.352040816,
20825848,aot,23100159.721153848,
20828441,aot,68444945.4109589,gas-used mismatch for 0x0e6487048ff8433f9dd83485d2db6876fb7797c08fb69f17ea4855cc054be16a: expected 427997 found 95880
20827718,aot,35099134.29078014,
20826499,aot,34704883.007246375,
20826005,aot,49534172.97894737,gas-used mismatch for 0x10bc57e87fb6a0ab7e9690b676a0b004b054bea4aab1f13b04cd35be7d7550b0: expected 219230 found 156037
20825164,aot,35067957.125,
20829833,aot,32280442.08108108,
20825993,aot,47063879.04716981,
20829171,aot,33782679.96,
20828472,aot,18647457.65891473,
20827812,aot,36822901.09558824,gas-used mismatch for 0x71ebb0887f8de5d9837e2301275afe4a2c05a63346107c2f5489295f2edb7183: expected 305691 found 95868
20825562,aot,61576877.85,gas-used mismatch for 0x48fb61d879a5526d055393396515de7e5153b76a9301db0387e5354a49a59d52: expected 386587 found 95880
20828492,aot,7617.829964372715,
20829661,aot,41180828.487804875,
20824062,aot,38423565.516666666,
20829096,aot,58491278.95348837,gas-used mismatch for 0xdcb90b41d46b6e64a7fdde5824abfb6fcc479eebe1850b4ae62829a391977daa: expected 492918 found 132663
20828181,aot,72730072.73846154,gas-used mismatch for 0xad20266f93fbb7da56f57484c380f0ff95bfbfc5d0a1377f88999f3ab926e0d5: expected 303210 found 238477
20826895,aot,30145477.625,
20828344,aot,30027578.01226994,
20826077,aot,37368512.93984962,gas-used mismatch for 0x264409cdd722b04c014c9921b7b7f95fdfb70b7bcee31b2deedc8f179fef84b4: expected 360199 found 317198
20827249,aot,31146896.88125,
20826030,aot,36758843.948529415,
20826312,aot,33556521.572413795,
20824812,aot,36068267.057142854,
20826804,aot,46645733.47619048,
20825937,aot,48097972.62264151,gas-used mismatch for 0x5631d451822c23c60bed1a60e4618697dfa19a0908de91eb6a414744f00069dc: expected 385651 found 95868
20826874,aot,29493717.702857144,
20829312,aot,54569203.166666664,gas-used mismatch for 0xa80e1eb4f65cac3e8cdcb548811b364c419b4263b5aafbcb0c28ac340a9547d1: expected 477837 found 273293
20827506,aot,59327591.2375,
20825333,aot,58636423.97647059,
20826587,aot,30608988.52173913,gas-used mismatch for 0x96eaf74d5b917216295c451e9981167460c1b75dcbcda82f050acd12c3309a8f: expected 430964 found 172204
20829024,aot,27760754.755681816,
20828036,aot,42131439.93877551,
20826941,aot,33909821.04195804,
20827683,aot,46807372.78095238,gas-used mismatch for 0xa683e1e132c1454925aefd390c50502411a3c8e0bc5885e3f5aeeae5667e1f78: expected 546026 found 451013
20824941,aot,23436813.95412844,
20825983,aot,30602451.67647059,
20829453,aot,27122743.50273224,
20824437,aot,32478832.85714286,
20828995,aot,43267615.02586207,
20828980,aot,42930465.59130435,
20827963,aot,40435048.20740741,
20828392,aot,47186228.13636363,
20828937,aot,57783647.02272727,gas-used mismatch for 0xb143fffe5de21cf5d70cb7dd741f9ceceb286efae2905ceb742eee45645b5bcb: expected 325194 found 341058
20827623,aot,25080493.529126212,gas-used mismatch for 0x32899fe39fa9a91013384ac2dd71f26d573a534b9604349b473e48593b5ed9bf: expected 776036 found 172529
20827438,aot,67414715.78947368,gas-used mismatch for 0xba98cff4e11fae7198ba3c284c8bb20620d48384f1b9679102a270eb56835182: expected 333763 found 95904
20825994,aot,37489153.76335878,gas-used mismatch for 0xb7b053afb7e27a78bff7ec2fc02e7e31fb5243205071b4fbba92e1bf864e5011: expected 788849 found 546047
20824620,aot,50166000.88679245,gas-used mismatch for 0x8f87249f82f304e67be031b0d41d1e55c67226ce5aa21168bb75075ab5e3536f: expected 264613 found 242611
20827719,aot,33238952.0,
20825165,aot,27553508.19148936,
20826006,aot,38881007.082706764,gas-used mismatch for 0x1c99568d59816803ee3bd4336759de28fc2763429b838ea211683c3bfd36d662: expected 160170 found 84403
20825234,aot,56546153.4,
20826500,aot,41108440.396825396,
20825849,aot,39330395.588652484,gas-used mismatch for 0x0ecc137c6ed587303cdd9cbe71f115081f7a8b29205ffabcc0e2651e97da7f35: expected 469731 found 471965
20828442,aot,44420434.38333333,
20825563,aot,48286420.29523809,
20829834,aot,42670179.81300813,
20827813,aot,48625632.3047619,
20824063,aot,30286042.047058824,
20829097,aot,46506868.54285714,
20829662,aot,50052584.126213595,
20829172,aot,39875596.61702128,
20826896,aot,32405747.83544304,
20828473,aot,76509169.05333333,gas-used mismatch for 0x1f9361b0c8f1596ca20d63d90199663c35e0cc78c5e61f9aafc2f65457bfcc40: expected 659412 found 321791
20826313,aot,37466378.218045115,gas-used mismatch for 0x8bcaa5549f137cdac821bddf6f9bccf3dc7aada3932723eb51d764407ec96286: expected 196320 found 81750
20826875,aot,32415330.026666667,
20826805,aot,33605710.317567565,
20826031,aot,32512749.17721519,
20828345,aot,53060217.770833336,
20824813,aot,42871347.0173913,gas-used mismatch for 0x841027283aa4779d3aab50d101e3aec311c8709471e66eb32ac476a0e9b26d40: expected 212383 found 202343
20826942,aot,19023649.881422926,
20827507,aot,38866212.44,
20826078,aot,29387566.191256832,gas-used mismatch for 0x0bea0c84610195d84418489319c36bf436aad8a3a36a507c61e3a6d407df0691: expected 360597 found 328969
20827250,aot,54030709.905263156,
20828182,aot,48725438.123893805,
20825334,aot,42255832.00884956,
20829313,aot,42244337.0338983,
20827684,aot,45864745.81132075,
20829025,aot,33399662.84,
20828493,aot,79427242.51470588,
20828938,aot,39886918.44444445,
20825938,aot,41136036.392592594,gas-used mismatch for 0xd903687b0a3efc80e63ff14370a4c4679276bf5066a992ce8afc6208073f1041: expected 160144 found 84377
20829454,aot,15083014.87761194,
20825984,aot,43336752.22413793,
20828037,aot,38879374.53623188,
20828981,aot,35458666.75,
20826588,aot,56167679.94736842,
20824942,aot,52540729.07920792,
20828996,aot,31493760.307228915,gas-used mismatch for 0xae82f52ecae378a68ca90e7d41c4dec6cc677716e5d0f2eb924f633f9d689f52: expected 383095 found 322239
20824438,aot,38157882.448529415,
20827964,aot,39761785.15079365,
20828393,aot,41374345.75833333,
20827720,aot,34668240.58571429,
20827439,aot,38936791.58015267,
20825235,aot,42048950.98275862,
20825166,aot,35587365.97872341,
20824621,aot,47498583.26415094,
20825995,aot,107174511.45652173,
20828443,aot,30318038.50310559,gas-used mismatch for 0x444159bcf2eee908af8d9bac5681db065e3d80588cc4536b493a7339b9b81fcb: expected 208453 found 144540
20827624,aot,40977036.375,
20826501,aot,31297432.180124223,
20825564,aot,32221813.561290324,
20826007,aot,41272158.26984127,
20829835,aot,40596724.74166667,
20825850,aot,43851467.077586204,
20827814,aot,32172542.49375,gas-used mismatch for 0xf5de659a6c35277326ae99ad5c81e72d69559dc22b87e9e92a64c1c9f7d73517: expected 622343 found 509262
20829663,aot,27458909.56353591,
20824064,aot,35513370.944055945,
20826876,aot,28423820.05263158,
20828346,aot,50045132.64285714,gas-used mismatch for 0x19d2d94d2aad906a864a939080bd12377eacfe5d37b5253d760460448e3b7aa2: expected 820632 found 173305
20826314,aot,52883456.48888889,
20824814,aot,32620224.76,
20826943,aot,60505131.397435896,gas-used mismatch for 0xebf39e864c31cc30439a214af07bc955a20ab601a794681c1707e93237c757ab: expected 255380 found 240522
20826806,aot,35347888.673758864,
20828474,aot,43354833.48275862,
20829173,aot,34717780.44520548,
20829026,aot,33460609.44055944,
20826079,aot,47274131.943396226,gas-used mismatch for 0xd0cf6f916688d55930e30fa4a2c900d7ad014fc54a9cbf14a88551b066cf1d8f: expected 110817 found 56972
20826032,aot,32459181.39102564,
20825335,aot,33530692.96,
20829098,aot,54110246.42,
20827685,aot,44703678.46296296,
20825939,aot,45634048.63106796,
20827251,aot,38868301.0,
20829314,aot,39173573.6640625,
20828183,aot,39971662.76335878,gas-used mismatch for 0x8463a9b986738a257ecebd8f8521a9de9977ff0d8fcdc36d13b4ca3a11f77888: expected 484612 found 95892
20826897,aot,41586545.1015625,
20827508,aot,35811199.556291394,
20828982,aot,43274969.231481485,
20828939,aot,33343954.02,
20828494,aot,59740524.96296296,
20824439,aot,39400125.36283186,
20826589,aot,36635475.96875,
20828394,aot,11258140.913551401,
20829455,aot,58024658.255813956,
20828038,aot,36324601.202797204,gas-used mismatch for 0xda357b59934394c5ae189559fdfc6e761757462ec7b5eaeeaccddaf542ec6191: expected 345520 found 95868
20827965,aot,31459837.56441718,
20825985,aot,38395727.0,
20824943,aot,59932272.61176471,gas-used mismatch for 0x1887297eb7269d840dd2f7428958e3da8738fa1fb284a532a45677b8619da2eb: expected 328471 found 95868
20828997,aot,51423730.5,
20825236,aot,29256084.9625,
20827721,aot,37130029.17557252,
20824622,aot,42573158.3963964,gas-used mismatch for 0x65d967fb359708973ff8a7144dd832e455d368ec775ae716d1b861717b5e4c4b: expected 391969 found 172585
20827440,aot,28426463.745664738,
20825996,aot,40524936.65833333,gas-used mismatch for 0xc615b7d6311d281995e6f82e731865fafe8965c6a413d30f2200dce1a901a963: expected 277745 found 153935
20826502,aot,45455689.41111111,
20827815,aot,43634572.13265306,
20827625,aot,31160285.0397351,
20824815,aot,50553869.12087912,gas-used mismatch for 0xb165fc550f6f235f801f90b7457098a72b53beffcdbfda7b67b2bd77eca276c5: expected 545524 found 184107
20825565,aot,32006645.33108108,
20826898,aot,10875001.0875,
20826008,aot,30813640.34177215,gas-used mismatch for 0x6e5556eb0356e96c3595fb484f58445bf785a6a123df66ecd060fa186a0a8a6c: expected 160144 found 84377
20828444,aot,31568036.627329193,
20829836,aot,32460069.15068493,
20825851,aot,31028841.66013072,
20826315,aot,28139911.771929823,
20824065,aot,29750613.75,gas-used mismatch for 0xef899266c35b707e00f3ee09dd3a6a9a138bfe4b338109c7d237780ba086a4ee: expected 1579982 found 181594
20826877,aot,32141152.39215686,
20828347,aot,37779885.3129771,
20825167,aot,39182502.4351145,
20826807,aot,39229051.048,
20829174,aot,30033453.233128835,
20829664,aot,34614449.4137931,
20826033,aot,59789610.358024694,gas-used mismatch for 0x792617170c7f7232b6f711ad881629e1dfd4b8ca9db0475f99e250725cdf831c: expected 849917 found 656683
20825336,aot,39282188.4214876,gas-used mismatch for 0xc05c1f42cd1d271410fd5a08f329e73ff2037552d5050069026b2881a848c6a8: expected 303854 found 95940
20829099,aot,27344354.794285715,
20829315,aot,18674832.360153258,
20826080,aot,42051289.152542375,gas-used mismatch for 0x5f677cf054dfcd40ee9fb1e502ab42b18edf2762050430696248aa2470f34708: expected 329240 found 95880
20826944,aot,36015435.7739726,gas-used mismatch for 0x7d8f2e057f6cc7e1ad0176bf56e91f06e1a122d372a5b8ffb23573536e9f8856: expected 265631 found 201675
20827686,aot,42600891.90434783,
20827252,aot,53337237.258064516,
20826590,aot,31458642.337748345,gas-used mismatch for 0x37b62d0b334e815ceb220fc9f6a082b2c7bcf53a1d9f1a8275e5bccddd7f057c: expected 273938 found 139875
20828039,aot,31779282.25874126,gas-used mismatch for 0xa4c6d8e7531b5d2d7c895a946ff64419446f47b863d14d8b1c78ed2b684cddb5: expected 200879 found 81726
20828983,aot,33706056.608391605,
20825940,aot,55489695.12222222,
20828475,aot,69047391.92957747,
20828184,aot,52084405.8631579,
20828940,aot,38448328.84615385,
20824944,aot,46747398.63333333,
20829456,aot,37973698.04,gas-used mismatch for 0xbf0ae93bf457ec5d299a73fae168c82ffc4fab1f5156930c81fd2191bdb28b77: expected 277745 found 153935
20829027,aot,42889194.3671875,
20824440,aot,28941295.772727273,
20828495,aot,45963504.477477476,
20828998,aot,26292088.462427747,
20827509,aot,44680662.516949154,
20827966,aot,40912541.4661017,
20825986,aot,36062914.847826086,
20828395,aot,78936092.62121212,gas-used mismatch for 0xd08d20a7b821c0cbd7cfa35ee954e04db5b291eb2207afab3666826c2ef6ec90: expected 385281 found 95904
20825237,aot,49771673.97029703,gas-used mismatch for 0x36a562a8b90f289ff24b16981e48a487cde28ff4a3ba8bd31ab334fecee89f51: expected 7814832 found 2513206
20827722,aot,38305306.166666664,gas-used mismatch for 0x9619a7ec2eec01539ed9c588ac67154ebe68c67f4653863eef40f077c8714f38: expected 282533 found 153923
20827441,aot,68719369.3150685,gas-used mismatch for 0xc8c0cc16e2d186db918b56f980d3646fab2d4b415f57140af121a6ba0adb9eeb: expected 379719 found 320621
20825997,aot,42621171.38016529,
20827816,aot,29644893.81547619,
20826503,aot,41005378.46875,
20824623,aot,46444037.93333333,
20829028,aot,40944446.08,
20825852,aot,32065586.41875,
20827626,aot,41738374.832,
20826009,aot,50294379.58252427,
20828445,aot,41938387.024,
20826945,aot,29685845.198757764,
20825566,aot,34573663.43037975,gas-used mismatch for 0x7c8fd4f5691fdd5d741b3fb726406c961d2dd53de5bf063c7ff94795896ddc43: expected 432958 found 395276
20826878,aot,27986303.897849463,
20826034,aot,36483875.5,
20828941,aot,34476305.10769231,gas-used mismatch for 0x3c8e173ae71641a35324c5dbda2dbff0551bca1bee73613c223019605b59bfa4: expected 170812 found 148148
20829316,aot,16830546.816666666,
20829837,aot,49035871.19444445,
20826899,aot,63475124.9,
20826316,aot,31960446.836363636,
20829100,aot,27449934.56284153,
20824816,aot,8316421.245227606,
20829665,aot,29316700.323699422,
20825337,aot,37630088.55555555,
20824066,aot,58115186.4,
20826081,aot,21317091.3,
20828348,aot,35220999.71333333,
20828496,aot,33359111.79389313,
20825168,aot,34526477.470198676,
20829175,aot,35253024.16216216,
20826591,aot,36589266.5,
20827253,aot,35690298.03546099,gas-used mismatch for 0x4011b962ad801556fcdd94afac69150ac61e184b05455b48fa0f494ca4c26d26: expected 614361 found 117685
20828984,aot,40169865.976,gas-used mismatch for 0x8455c707a8694675ed9ed39e7c48a8f6ca1be33d240ea74cce908f6c76170792: expected 110817 found 56972
20827687,aot,37938754.816176474,
20828040,aot,36664883.928571425,
20827281,aot,29609217.61403509,
20824945,aot,22058842.11061947,
20826808,aot,20691088.84532374,
20829457,aot,32496850.424836602,
20825941,aot,30521797.812865496,
20825987,aot,40178666.51351351,gas-used mismatch for 0xeab9f81718ff92b829b3265dff8cf6808ec72643c39f6b08935144854c8c5366: expected 217525 found 207485
20828185,aot,38248551.8115942,
20824441,aot,42292297.88617886,
20828999,aot,48193251.6407767,
20827967,aot,36712992.04285714,
20828396,aot,42291482.79130435,
20827510,aot,60939140.26506024,
20825238,aot,25424987.0,
20827442,aot,44657961.5462963,
20825998,aot,34819071.72592592,gas-used mismatch for 0x1efc6e4a141cfdb7ceb0060b48432580e1fc40ffadcfe2d4bb9e67daa2c20b8c: expected 277745 found 153935
20827723,aot,29640279.25730994,
20824624,aot,33602820.61643836,
20827817,aot,30105908.462857142,
20826504,aot,49303890.62376238,
20826900,aot,33647106.52592593,
20825853,aot,31377961.717948716,
20826010,aot,34725259.28671329,gas-used mismatch for 0x3f6ae10137a06574495c354a929722f0ad39114ce5b87b0f9309b8167c55bced: expected 159160 found 83393
20829317,aot,21714649.462222222,
20829029,aot,31771382.4875,
20825567,aot,26297944.042105265,gas-used mismatch for 0x8f6cc72228b42fbb8814d13b6509cd03eeea0b56c0141ac42c093812de72f187: expected 874403 found 645940
20828985,aot,31826480.86713287,
20826317,aot,23807178.9375,
20829101,aot,54331764.95604396,gas-used mismatch for 0xbcc366bbc7a302a81e3c89ffb4f5154c54cd3703fbe2efd91cdc01f738d2a2f3: expected 252871 found 238218
20826946,aot,31333925.10625,
20828942,aot,30883076.30625,
20825338,aot,30339557.061349694,gas-used mismatch for 0xe3e2937a7a02d66142ae9c4a3ce021ff8b99cb873e575f7625fb57d2c8d2385a: expected 263392 found 95928
20827627,aot,38343582.67938931,
20826879,aot,38130761.29007634,
20829838,aot,29345111.774566475,
20826035,aot,36289526.65248227,
20828446,aot,35992393.62237762,
20826592,aot,16424038.266666668,
20824817,aot,61248025.7,gas-used mismatch for 0x7caf135344c7c21d15855df3da4dbfc5fbd9d11e6d65369e7c07b871d2df2497: expected 573107 found 392167
20825169,aot,47169538.981132075,
20829666,aot,36507303.075187966,
20826082,aot,33400662.628205128,
20824067,aot,29032250.861111112,gas-used mismatch for 0x7231d521cc6e72de83d381655c8d53746fe873159d66e13e7f5afb02e039bda7: expected 125683 found 97231
20827282,aot,21089886.316017315,
20828497,aot,48551198.3490566,
20828041,aot,30933788.417721517,
20827254,aot,32929498.614379086,
20827688,aot,42502298.391666666,
20829458,aot,58292991.061728396,
20828349,aot,51671743.8,gas-used mismatch for 0xa3b52a01d7460d9f2058de30b92d66b4f52c694a2f1795e90bfd6ed24193f970: expected 290866 found 228989
20829176,aot,48043161.54285714,
20824946,aot,47068828.7264151,
20827511,aot,34099597.1640625,
20825988,aot,47813833.37142857,gas-used mismatch for 0x752ed09ae15ce251bd961587286760314ad2f7e9f511c74f1063b26a1369e1f3: expected 277745 found 153935
20825942,aot,44770346.74336283,
20828186,aot,43728936.860869564,
20826809,aot,41203293.03125,
20829000,aot,37697544.4887218,
20824442,aot,36616249.75714286,gas-used mismatch for 0xba4fef37e31bf9e1f72502bf1a118acb39a0b7f3b88e28081ebb23670937a15e: expected 433419 found 374297
20827968,aot,43858173.08695652,
20828397,aot,33508046.758169934,
20827443,aot,31401291.84768212,
20825999,aot,34415465.09219858,
20827724,aot,31755900.187096775,
20825239,aot,48262503.34234234,gas-used mismatch for 0x189bbb9a8d71fd6e5bef0bde6ee9de7dc2c9dfc4ef736de26b37ae193505f21c: expected 303237 found 263930
20826505,aot,41045395.675925925,
20824625,aot,49128270.3,gas-used mismatch for 0xf2cc2a65ac843aad47c090ba708f899fbd6a46f87a069c92f9412d051827581c: expected 266699 found 238379
20828447,aot,26996963.475903615,gas-used mismatch for 0xbd681458c6e9b4a821e0a1ac438fa7e93c0b581ff95f22c3e59dbef8346a6a72: expected 370172 found 278989
20825568,aot,32424044.47260274,
20828943,aot,41394792.548672564,gas-used mismatch for 0xd7e311fa8de8955a91b992973da53ae0ec32308bf191130756492a9f664efd7e: expected 1650584 found 206373
20829318,aot,17813448.40925267,
20825339,aot,36040951.60902256,gas-used mismatch for 0x7ddbed12a89c2c0c1c3aaf76c0b9dd97dacb61e3114e885e84caf6ff5562a88a: expected 324098 found 95868
20827818,aot,41950848.456,
20829030,aot,32700197.35333333,gas-used mismatch for 0x0f32f639c60d2fedb0f6639b40a91102f3b83ed45b40a4908911bf3efa394102: expected 322791 found 95868
20826880,aot,25557519.054054055,
20826901,aot,33110434.612903226,
20829839,aot,39495861.594827585,
20827628,aot,37017454.87692308,
20826011,aot,40674932.68595041,
20826947,aot,44551699.07619048,
20825170,aot,31249075.066225167,
20829102,aot,38238788.610687025,
20825854,aot,52371546.37,gas-used mismatch for 0xe6285a93a64de8ee353341d89420169e82a80a8a30e10d482e14019c27a98e68: expected 411901 found 379673
20828986,aot,45804792.28181818,
20826083,aot,45354068.99056604,gas-used mismatch for 0x6e68e700c1dcea256b00d311a3e6e97d963d32ab5f308a8571a8aa577623bf58: expected 282509 found 153899
20829667,aot,34465232.797202796,
20827283,aot,40044666.881355934,
20829177,aot,28809087.950920247,
20825989,aot,41139740.25,
20824818,aot,36959662.62857143,gas-used mismatch for 0xcbca3a095c6aeeec60be117b14d7045eb1065881ad98a8c1fecef35c158c4d99: expected 328220 found 95892
20826036,aot,44011291.90434783,
20826810,aot,34382345.4296875,
20826318,aot,61326814.97647059,
20824068,aot,32325809.141935483,
20827255,aot,32818300.215686273,
20827512,aot,29810750.570552148,
20827689,aot,36104153.0942029,
20829459,aot,30862956.82822086,
20826593,aot,66729596.653333336,
20828042,aot,48733503.96116505,
20828498,aot,51090497.04,
20828350,aot,40000047.015625,
20824947,aot,61571747.011764705,gas-used mismatch for 0x586b81f8cde422633a5f011481315a0a7d1fe1a6e388a0e76bb6679e9ec480e0: expected 282545 found 153935
20825943,aot,24688710.55121951,gas-used mismatch for 0x58145893ca24458e25a7a572c51c1d964c98dd8b512e8fe92792526dd41eae82: expected 315008 found 224351
20827969,aot,49406747.583333336,
20828398,aot,49908000.18367347,
20829001,aot,31391739.226190478,
20824443,aot,49074945.01941747,
20828187,aot,62820625.36470588,
20826000,aot,34409895.08219178,gas-used mismatch for 0x50addaa09eab5234a155a3f739c6ac61302e179c0ca2e40c5503eadf706939da: expected 110817 found 56972
20827725,aot,32853675.38410596,gas-used mismatch for 0xdf7ae0f046d268af50073cf8e7ef477729232c78c5eda4b2d790c2cb49419663: expected 378663 found 281635
20827444,aot,40924709.2,
20826506,aot,37399182.46564885,
20825240,aot,29059604.497109827,
20825569,aot,50020304.78947368,gas-used mismatch for 0x457ac4b6a40f874d37f4aa71d3aefeec044475db12b8a7c872dc07424585dd63: expected 196225 found 81762
20824626,aot,34694558.0,
20826012,aot,25199051.13,gas-used mismatch for 0x11b6f9059d12cad031449b3a21454a30a83320a38fe4f9a33d02a6e3505091f8: expected 160132 found 84365
20827629,aot,37786818.76153846,
20828448,aot,47262417.95454545,
20827819,aot,32465535.852564104,
20829319,aot,17220641.593548387,
20826881,aot,29628627.98265896,
20826084,aot,33790304.84931507,gas-used mismatch for 0xbf448c1182dc543d79d1ac011b644fcfc9b120526accbf3e4ca17b0dc469f2b4: expected 198461 found 189472
20825340,aot,57802108.44318182,
20829840,aot,41922921.861788616,
20825171,aot,48906053.02912621,
20829668,aot,23352191.924882628,
20828499,aot,33777733.099236645,
20828944,aot,64813384.975,
20829103,aot,30387945.470588237,
20826902,aot,39732535.205882356,gas-used mismatch for 0x05470e2b5cf427fd08981bf82d8843f9ff5ea0508cc903c983683f8bf976a1ff: expected 385127 found 317126
20829178,aot,42174794.779661015,
20826948,aot,38003583.45,
20828987,aot,36746174.08510638,
20826037,aot,35440584.773049645,
20825855,aot,51596484.92079208,gas-used mismatch for 0x10a303eefa37dc15464992d94827984978f97355039212f74a38326274e99558: expected 277745 found 153935
20826811,aot,49604599.554455444,
20825990,aot,37302505.70289855,gas-used mismatch for 0x867fe09bdc8bd5d79acda46b01e59c56a40e849af84e14bd3a337ae21369fbfc: expected 243390 found 195210
20824069,aot,22230118.80263158,
20829031,aot,58647944.1368421,gas-used mismatch for 0x5b234ee7d00b25965b76cd7e22284d45ed3e60c0aaa1b29f28442d6a7b9bc432: expected 428327 found 95868
20827256,aot,50302513.020833336,
20827284,aot,63189101.8,
20824819,aot,37694507.635714285,
20827513,aot,31333834.44848485,
20829460,aot,41044161.376,
20828043,aot,55149771.10989011,
20828399,aot,33636587.32824428,
20826594,aot,37520613.86666667,
20825944,aot,21602689.65,
20824948,aot,42739170.1300813,
20827690,aot,38404182.63829787,
20824444,aot,40119909.60169491,
20828188,aot,36139603.192307696,
20827970,aot,38107635.58015267,
20826319,aot,47429419.87288135,
20828351,aot,57901611.766666666,
20829002,aot,41937275.11016949,
20827445,aot,37849480.208,
20826507,aot,46516296.31632653,
20826001,aot,34874274.867132865,gas-used mismatch for 0x59221f51f16eb76ce87e18c883de23851d62397d39b6d9f3265190da7e13eb87: expected 409811 found 237329
20827726,aot,28840032.763005782,
20825241,aot,31569525.08125,
20825570,aot,10069270.258064516,
20825172,aot,42982966.809523806,
20826013,aot,47306258.809523806,gas-used mismatch for 0x7879c125300721df277654f33ba4553b1c1783672af1f8de9f1e31d698fce825: expected 580117 found 319915
20829343,aot,23567309.3125,
20828449,aot,32042453.769230768,
20829320,aot,21805744.346320346,
20827630,aot,44557286.333333336,
20824627,aot,38955829.366412215,
20829104,aot,27041490.6519337,
20828945,aot,38551521.03125,
20827820,aot,19789447.122222222,
20826085,aot,50790356.95918367,
20829841,aot,29911618.723529413,
20826903,aot,30594652.333333332,
20829669,aot,30796643.11309524,
20825406,aot,36406446.212765954,
20825341,aot,45607484.07826087,
20826949,aot,34203487.93333333,gas-used mismatch for 0x68ee645e8800e0c834e497c651f8b6e0f99b8f1a4ea758ea28da5ee6a0684acb: expected 327117 found 199382
20825856,aot,39137456.3,
20828988,aot,44481868.15044248,
20826904,aot,41228993.80991735,
20829179,aot,35525395.7027027,
20826038,aot,37923244.22463768,gas-used mismatch for 0xfc93fe3be02079e1155daa4ae1a84409d47c5363fc6d0cea35dcb21fa2f64542: expected 265562 found 213781
20829032,aot,38929991.17037037,gas-used mismatch for 0xf1d108b17f6842200b034f460593280f301fe7bab7fcf7a34f7aee75848d5fe6: expected 277745 found 153935
20827285,aot,52412757.49473684,
20829531,aot,49374686.82524272,
20827257,aot,38768967.54074074,gas-used mismatch for 0x7a1e18b6261b1aff228cd7603cee2b2bec41fd5a0bdbf469b1cd2c6cdb29a755: expected 349618 found 95868
20824070,aot,52795364.11,gas-used mismatch for 0x7bdb7cf9cfcb185a3843d8b8c01f848ccf8b04f7df3cad94cf12ca30ca482dd2: expected 264079 found 215890
20827514,aot,26310977.52,
20828044,aot,51731917.01,
20829461,aot,37086453.02857143,
20828189,aot,38018643.34126984,
20824820,aot,35305742.89240506,gas-used mismatch for 0x380600c5e0dd58ac7084e10b8bc926af3bc6ceb3f886af86378728877b99d399: expected 227719 found 217679
20826595,aot,55271914.635416664,
20825945,aot,69111315.38157895,gas-used mismatch for 0x9151aba24420532fe6493b6d5edde9a9e5e82d97326538d5e9a64ad50a0a6e54: expected 425776 found 305805
20824949,aot,38795224.93984962,
20827691,aot,43740194.088495575,
20828400,aot,39422005.5177305,
20824445,aot,34819265.32,
20826320,aot,46567741.154545456,
20829003,aot,46732806.75454546,
20827971,aot,50360298.809523806,
20828352,aot,58298378.74725275,
20826508,aot,31078802.883870967,
20827446,aot,25604221.3626943,
20827727,aot,29731258.19375,
20826002,aot,33505989.54109589,
20825242,aot,30338109.739130434,
20829321,aot,18197715.208791208,
20824628,aot,29588590.163636364,
20826014,aot,47211641.190476194,gas-used mismatch for 0xd9f2ba0a196130dda421b1bc5062d3861b3157b89b1eecdd53223cb3bf0740b3: expected 404780 found 172549
20827631,aot,40992237.85344828,
20829344,aot,38093204.278195485,
20825173,aot,60098864.56818182,gas-used mismatch for 0x48b2cd06da191005ffee1af06ca064503c66428c18ccf7ce430a63a333b4d981: expected 460288 found 423954
20828450,aot,44659060.39090909,
20828946,aot,26862197.06077348,
20825571,aot,32546965.885714285,
20829033,aot,32681993.807692308,
20828989,aot,34434766.30827068,
20826086,aot,54992309.802325584,
20827821,aot,45471545.7264151,
20829105,aot,48239446.38095238,
20825407,aot,25668571.610526316,
20827515,aot,27903979.2875817,
20829718,aot,37407087.85925926,
20829670,aot,26533939.968421053,
20826950,aot,32184475.544303797,
20826905,aot,28987875.234285716,
20825342,aot,50417429.9223301,gas-used mismatch for 0xb8b7a52271afa9be0c4e5e559361e937d50e6ecd6ef620a2659f354018c14736: expected 198330 found 53698
20827286,aot,29603834.963855423,
20825857,aot,25762907.46268657,gas-used mismatch for 0x879a70adf44bef2dce7d1ee06da68ee071130b11e81886785abd47022be8c216: expected 703154 found 511757
20829842,aot,58876338.38823529,
20826039,aot,50823530.41836735,gas-used mismatch for 0xe47fde45ce4901affda1e0712ffbbd81ca56977f5c6a7d95786017f61102865d: expected 345520 found 95868
20829180,aot,32242012.64556962,
20827258,aot,27713934.895027623,
20829462,aot,15675717.625,
20828045,aot,34437826.71724138,
20824071,aot,55537381.538461536,gas-used mismatch for 0x53ea220e57b24002f9bba3cac0b9ebcf879ff1acfe47cbc89922c9909e894431: expected 333382 found 95868
20829532,aot,41169558.66923077,gas-used mismatch for 0x479c6398b7ef2d156f1a75eade850ec9d7aba080662e4eb42781cf8bd9238760: expected 264661 found 242659
20824821,aot,26276065.345945947,
20828190,aot,39141421.096,
20826596,aot,31904035.63870968,
20828401,aot,28502235.222222224,
20827692,aot,47544878.43809524,
20824950,aot,32193888.85625,
20825946,aot,39201547.872180454,
20827972,aot,37232391.672,
20829004,aot,32878566.086666666,gas-used mismatch for 0x206da95423bc38ce6b2ba8db7ec58830ea2a1f4a7e1dc81879eb506d08872566: expected 254418 found 205870
20826321,aot,32587604.722580645,
20824446,aot,43999352.094827585,
20828353,aot,37785944.165413536,
20827447,aot,76552032.75757575,gas-used mismatch for 0xbdf3c2ca75435a2a2f01a99f07ebde9c264546e0309f66741c230bbec44fa179: expected 676939 found 377900
20829906,aot,52148477.989795916,
20825243,aot,39295922.103174604,
20827728,aot,49639156.268518515,gas-used mismatch for 0xb4f5748a01a89624ae61809ed16606bcb121c9529fa3aadc899ba9a9e98a0308: expected 274139 found 200887
20825174,aot,34252607.58646616,gas-used mismatch for 0x46bab66ef6548429fe6d5311468010198b9573b196c18e88a4907341ed8c8362: expected 345101 found 343222
20827632,aot,28917174.91411043,
20828451,aot,35085777.066176474,gas-used mismatch for 0xfafb28cc53efb3f46d8a00d1af1cd81b4b698471a8cc3259515b7c0bd1f22ce3: expected 758678 found 93709
20827697,aot,12699114.040431267,
20828990,aot,38716391.546875,
20826509,aot,56747987.48571429,
20829322,aot,24796478.96097561,
20828947,aot,49598119.54736842,
20829345,aot,30621271.693251535,
20829719,aot,33536814.595588237,
20825408,aot,37615893.3359375,gas-used mismatch for 0xb90376fdc4f98b94ba07ee7892e1820923d6853c7f743a53cd063ca15bdf5d07: expected 471243 found 540671
20824629,aot,59936674.705882356,gas-used mismatch for 0x86cb2b78554daec99969ac5f1a87313efd4b1eb8bffac680068bc96d42cf4dad: expected 266951 found 219661
20829671,aot,34188486.347826086,
20826951,aot,46609152.25510204,gas-used mismatch for 0xf72cc8773173f723113469960538b63a65e6b3f4cf50bda36a6403abf9ad7d0a: expected 352803 found 237424
20829106,aot,25562504.60103627,
20829034,aot,40114989.00813008,
20825572,aot,79842877.1724138,
20826087,aot,17259199.712837838,
20827822,aot,44122830.81081081,
20826040,aot,15076126.330158731,
20827516,aot,27917277.726775955,
20829843,aot,37693703.91056911,
20829953,aot,39412578.682926826,
20824072,aot,27996822.030674845,
20825858,aot,49253154.6632653,
20825947,aot,18613070.995555557,
20827259,aot,50241108.59139785,
20829005,aot,34162506.381355934,
20827287,aot,48211823.22857143,
20829181,aot,41447200.63636363,
20829463,aot,50664287.472527474,
20828046,aot,30808573.329113923,
20829533,aot,37319277.97692308,
20826597,aot,26551641.425414365,
20828402,aot,43892615.106796116,gas-used mismatch for 0x790b481a15983d9c013a58549da2e7fa17d1c8ffd940d959997ff377982b8f32: expected 1204242 found 763043
20826322,aot,45443889.68181818,
20824951,aot,28017246.44642857,
20825343,aot,52334694.56190476,
20824822,aot,56897349.83529412,
20827693,aot,43906118.333333336,
20828191,aot,43246875.923728816,
20827973,aot,28524083.529411763,
20824447,aot,43858948.66990291,
20828354,aot,44042328.13592233,
20827448,aot,30413816.847058825,
20825244,aot,49254036.09,gas-used mismatch for 0x80d556f75ad2b36d6cda514c5e6914819b2d3edd467d26dedb1d635cfa500601: expected 1906934 found 1343011
20829907,aot,45527096.690265484,
20827729,aot,33900612.182432435,
20827984,aot,28777226.64242424,
20827633,aot,40504719.46341463,
20829323,aot,23489715.45971564,
20827698,aot,53014372.61290322,
20825175,aot,48563245.25925926,
20828948,aot,29792304.147058822,gas-used mismatch for 0xbb8987e5dbacf62f826fc6b048e31489eca5ec855d3d4760c1ebb29509d787e3: expected 344785 found 99005
20829346,aot,32627753.532051284,
20829720,aot,51816104.572916664,
20828452,aot,47910210.277777776,
20829107,aot,47401508.50943396,gas-used mismatch for 0x0780085e0ae33b835400ee8d470d4a3bf2f82782e7f729dc966802370b29efdd: expected 344785 found 99005
20827823,aot,30226805.542168673,gas-used mismatch for 0xa0244a5554ff7956da66ab4166df0a72468a0e6a4624e4a762ede1eefbb504bf: expected 266675 found 238355
20826952,aot,36338031.24285714,
20824073,aot,42538240.29245283,
20829672,aot,32464626.582278483,
20829035,aot,30860811.64285714,
20826510,aot,37234463.2972973,
20824630,aot,36351923.41258741,
20825409,aot,66055002.78947368,
20825573,aot,72846891.65714286,gas-used mismatch for 0x233441bc9cff80456d8057d993b5912651cc80a0b356b7b74ee89b7063b87aae: expected 391364 found 98981
20827517,aot,30251024.51785714,
20826088,aot,68892062.65333334,
20825859,aot,28621619.886363637,
20829954,aot,33308806.322580647,
20825948,aot,45926729.83783784,gas-used mismatch for 0x993229dea4068b519f55e3fa62ea2774fd799242d324b74e43803ada87190ac6: expected 237771 found 194178
20826041,aot,70634038.17333333,
20829844,aot,27926586.689473685,
20827260,aot,32475481.892405063,
20829534,aot,30124238.86309524,
20827288,aot,39860667.78461538,
20829182,aot,31532797.852760736,
20828047,aot,35176115.64383562,
20826323,aot,38758565.03053435,gas-used mismatch for 0x9033c36bd6ac1a58beffb82c2956a2b6a8c976cd5d8d6cee2e3e9718a217996d: expected 211463 found 201423
20824952,aot,36660753.88888889,
20829006,aot,46063360.07826087,
20828403,aot,46378446.268518515,
20826598,aot,33463806.875816993,
20829464,aot,42443201.8699187,
20827694,aot,31300976.6,gas-used mismatch for 0xc2b5c0904b5df86c2fdeb4d7acf9affa6eaef1471ca2c5a6f6a1261ff3161c4e: expected 443178 found 95868
20824823,aot,50293740.79611651,
20825344,aot,26984003.343434345,
20828192,aot,34576338.14,
20824448,aot,35083437.59589041,
20827974,aot,44798679.208333336,
20828355,aot,58463405.510204084,
20827449,aot,46056467.88679245,
20829324,aot,20679342.605381165,
20827730,aot,32102156.60130719,
20825245,aot,40209355.06349207,
20829908,aot,51993285.89795918,
20827634,aot,22411655.312217195,
20827699,aot,38650690.232,gas-used mismatch for 0x9e57692cc9497ae6cab100cd4c86c9db46880174d2a052f2996890e1d23c6150: expected 708933 found 321406
20828949,aot,37651258.9921875,gas-used mismatch for 0x847b8213b940917a70859979e44c394f5dd3cfb39f19156c2d2d15b03719e556: expected 282533 found 153923
20825176,aot,45979884.8,gas-used mismatch for 0x4efd515cb4da514dbc2b94c2ebd7aa19d2ec87c5b27f27e6f9fb11ab072b271c: expected 195325 found 186336
20827985,aot,43319833.62809917,
20829721,aot,25889036.136842106,
20825574,aot,30928477.178807948,
20829347,aot,45092377.64864865,
20826953,aot,25495121.984615386,
20827824,aot,33837130.45333333,
20825453,aot,56265713.76136363,
20829673,aot,30820504.725,
20824074,aot,35571047.17142857,
20825410,aot,35851572.94927536,
20824631,aot,34746565.5862069,
20829036,aot,34374357.06081081,
20826089,aot,29862072.259036146,
20829108,aot,51210309.36,
20826511,aot,38159740.44360902,gas-used mismatch for 0x4c2355c9059cb66e07aa00a5dc75b2e8636f36fed6ad6d5a5cbc595167e446e1: expected 275176 found 240455
20827518,aot,18827213.74907749,
20829955,aot,38382101.1484375,
20824953,aot,24354906.47643979,
20829845,aot,37170643.15789474,gas-used mismatch for 0x1bb40c520ec95b669935c631ba3c80d573022c484d04e061e077aea78b0f5617: expected 655473 found 161755
20829535,aot,48489289.042105265,
20825949,aot,29868972.173410404,gas-used mismatch for 0x03af6d265163cb011d44e80a3569de95e64bcbf4ab1603832ac4e3d7db34363c: expected 360115 found 317114
20828404,aot,31319855.266666666,
20826042,aot,37300437.52205882,
20827261,aot,29677296.1875,
20826324,aot,33987074.92465753,
20828048,aot,39422554.76190476,
20826599,aot,38820694.11904762,
20825860,aot,78797976.84615384,
20824824,aot,30830532.647058822,
20827695,aot,34412629.680851065,
20827289,aot,44949014.477477476,
20829183,aot,45749316.769911505,
20829465,aot,31655498.300613496,
20828193,aot,28706436.694117647,
20825345,aot,24549041.936893202,
20827975,aot,42171114.44144144,
20829007,aot,50773935.42,
20824449,aot,33481757.027027026,
20828356,aot,49499082.942857146,
20829325,aot,17406168.771929823,
20827450,aot,32366825.75949367,gas-used mismatch for 0x9c4dd56cd3f4130b5d0d8e722e89a0e004e487a2de74e6ab7cfe953cb30c561b: expected 327125 found 95880
20827731,aot,28838852.005847953,
20825246,aot,40108478.690476194,gas-used mismatch for 0x5a6da59fa2a27064cdd53643d26d48f3e7456234bd1f16db1053619ada5b4ba8: expected 277733 found 153923
20827635,aot,31594307.981012657,
20827700,aot,28482542.92,
20829909,aot,39035035.890625,
20824075,aot,46655878.22105263,gas-used mismatch for 0x532c893bbd22ee45d7c58dab5d155871f2b782b70a6fda4f436d160bd6702617: expected 264067 found 215878
20825177,aot,25837175.45128205,
20829722,aot,39313739.76190476,
20829956,aot,7615.087227239285,
20827986,aot,39991594.12698413,
20828950,aot,69677418.34246576,gas-used mismatch for 0x59d113d0025cada81fb501bf589890022b6193a82533e2c8c795eb2108e8bbd1: expected 884549 found 955437
20826954,aot,31695502.980769232,gas-used mismatch for 0x0e49228d1ddcc1d35d1125b74e05497baaa072fbbbf5277e18df84b68e9a6a1d: expected 400378 found 309104
20825575,aot,44413186.24324324,
20829674,aot,37992141.333333336,
20829348,aot,28569824.016853932,
20826512,aot,33694052.15384615,
20825454,aot,41689892.391666666,
20825411,aot,40022548.544,
20824954,aot,45079613.14563107,
20829037,aot,32577666.564102564,
20826090,aot,33952164.0,
20829536,aot,42707300.85454545,
20829109,aot,27882864.622340426,
20827519,aot,30126164.04117647,
20824632,aot,48360564.783018865,
20827696,aot,48678197.240963854,
20829846,aot,42599713.74137931,
20825950,aot,52292712.95698924,
20826043,aot,46431947.62857143,
20828049,aot,37660824.6796875,
20828405,aot,46453810.12264151,
20827825,aot,54498904.64,
20826325,aot,42291771.78861789,gas-used mismatch for 0xae61a0d50dbae784e5162188fad7c51f4c1441c231bbf61998afda50338319e1: expected 396766 found 226865
20829184,aot,25592397.508287292,
20825861,aot,30183850.23391813,
20827262,aot,57990399.96666667,
20829466,aot,39256512.74576271,
20824825,aot,46173579.4245283,
20826600,aot,57518780.12790698,
20829008,aot,34021947.70629371,
20827290,aot,18875492.26119403,
20827976,aot,42728819.930434786,
20825346,aot,61627444.084337346,gas-used mismatch for 0x247d7407ed1b123ca28cfa4b3e4e5bfe1074429f4dce6e71470e3320083e3d1d: expected 411898 found 95892
20824450,aot,40011909.27642276,
20828194,aot,35085153.51048951,
20828357,aot,35088021.03703704,
20827732,aot,43999907.486725666,
20829326,aot,36935190.24264706,
20825247,aot,39181912.72357724,
20827451,aot,41676798.578125,gas-used mismatch for 0xc25f24c4eb251ef46f5e0f18e9d5c330827a46d155cd7969bde771b27e083f30: expected 277745 found 153935
20827701,aot,35741888.40559441,
20827636,aot,36853289.97202797,
20829723,aot,39627227.32,gas-used mismatch for 0xbbe6ce6c7d74a3e74eb5312a743032f315b07e1cf99a2b5733063fba6f09e12e: expected 499475 found 95928
20829910,aot,45202307.11304348,
20826955,aot,27187490.84864865,
20829957,aot,66438593.0,gas-used mismatch for 0xa1981fd579ce00ab9a4fe48b26043dd1106e400acf910d4503f808ff1382a53f: expected 851051 found 916399
20828951,aot,32384449.942307692,
20825178,aot,37843307.58695652,
20825455,aot,19549894.00395257,gas-used mismatch for 0xcca5855f14c0d27ae1c79b60bd7db4ac8f1bd1f1e9ca2393bbb5dcba6616851a: expected 262756 found 245465
20825576,aot,37016189.38518518,
20827987,aot,35814976.27027027,
20829675,aot,39063485.844444446,
20826513,aot,37458357.28985507,
20824076,aot,58213549.13265306,gas-used mismatch for 0xc5aa7cdbfd55c047957ebd5643c8374b11f2815c82b3366ccc2bd48f402ff2f7: expected 264055 found 215866
20826091,aot,43729454.48695652,
20829349,aot,32854147.093167704,
20829038,aot,35659751.4822695,
20827826,aot,37849242.690476194,
20825951,aot,38818055.6984127,
20827520,aot,35431917.72413793,
20824955,aot,42284024.368,
20827738,aot,26212766.959183674,
20829537,aot,34877696.894039735,
20829110,aot,52726412.75728156,gas-used mismatch for 0x056f2cd6e936eb75bc817c82353ba58a300ee4f3cdb22c29cf21dcb43c2c58cf: expected 322791 found 95868
20824633,aot,34217422.64705882,
20825412,aot,33043266.300578035,
20826044,aot,60735081.62352941,
20828195,aot,28337000.467948716,
20825581,aot,47897386.34259259,gas-used mismatch for 0xbd90ab9a451946f8864dd3b01f59f30f932f165e779dc3b12c793fa1d213632a: expected 783630 found 597177
20828050,aot,44437198.13559322,
20829847,aot,62575803.22093023,
20826326,aot,35248955.8627451,
20827263,aot,43899504.11016949,
20826601,aot,27297058.62105263,
20824826,aot,34368642.153333336,
20829009,aot,20280133.75,
20827291,aot,22491222.84255319,
20827977,aot,36446912.14893617,gas-used mismatch for 0x2e902db181c40625689733b59649d2d9bd7449df1edc6b8ad647026d5aaeb3c8: expected 110817 found 56972
20825862,aot,64392777.55421687,
20824451,aot,35769858.02142857,
20829185,aot,54426433.504854366,
20825347,aot,38536870.282608695,
20829467,aot,33615551.834285714,
20828358,aot,38074644.13235294,
20827733,aot,17406903.72982456,
20829327,aot,52503396.13186813,
20825248,aot,30342776.295180723,
20827452,aot,32560167.86708861,
20827702,aot,36341878.67832168,
20826956,aot,33147802.91891892,
20829724,aot,35235205.78767123,
20825577,aot,35831672.60869565,gas-used mismatch for 0x0dd6d82c40799e69822f3d620aabed9b535bd5f5a2880e5e2ddb2c329512d2c3: expected 906679 found 646766
20827637,aot,42036742.134920634,
20829958,aot,37496698.62222222,gas-used mismatch for 0xf9fef3fe9b2b7de82d1838efce01cdc359b374320d7aeb129db2a684e4b784bd: expected 277721 found 153911
20829676,aot,36153495.66153846,
20825179,aot,48557108.66990291,
20825456,aot,74621750.6764706,gas-used mismatch for 0xa10cb2e170d199a375a1a6fedaec3214c3f2e8c9dc25a8a44a0b54e434ddafe1: expected 1287515 found 865652
20828952,aot,33512943.116129033,
20827988,aot,41396822.90833333,
20829911,aot,34079767.34355828,gas-used mismatch for 0xdd03dc6736b911d225f669ed41f6fc5140c0419025ce104a1848682bceae2318: expected 411732 found 429762
20824634,aot,39714317.86792453,
20826514,aot,42576232.81355932,
20829350,aot,24728148.653658535,
20826092,aot,44148283.03478261,gas-used mismatch for 0x8d865c284fa9534954eaa11d955105d834199547eeff11795678562422e429fa: expected 277721 found 153911
20824077,aot,54870368.91208791,gas-used mismatch for 0x7769688864fad2bef5711a9c81013197e6093708c090efa771a0f452b51ae443: expected 294888 found 98969
20827521,aot,33174240.116438355,
20828196,aot,53633840.25925926,
20825413,aot,42237409.333333336,gas-used mismatch for 0x1c01bd55a97d88fe3d1321cf26c03b70f9a3e6a445ca9d198299d1745c754b45: expected 287333 found 153923
20825952,aot,36593101.926470585,
20827827,aot,32279829.225,
20829039,aot,38622331.8984375,
20824956,aot,41856160.25423729,
20826045,aot,27574046.331460673,gas-used mismatch for 0x582352d62505335e913e893f719a930b3017f8ea2a0166e70cd9c6f342a137ef: expected 338215 found 226693
20827739,aot,43005890.09322034,
20829848,aot,32273006.307692308,
20829538,aot,33854595.13907285,
20829111,aot,53016188.44210526,
20825582,aot,42345315.87288135,gas-used mismatch for 0x621d4d96fc9ed755f2972050b40ae265c70fc3b76d3e30d2ab0bcb3dff9ddfe8: expected 364277 found 305155
20826602,aot,37918040.22314049,
20827292,aot,52680777.406976745,
20824827,aot,32132134.954248365,
20829010,aot,33183162.16438356,
20827264,aot,22427267.849557523,
20828051,aot,34286035.522580646,
20827978,aot,27782344.106741574,
20829186,aot,31413469.533333335,
20824452,aot,28240244.114285715,
20825863,aot,31801395.51552795,
20826327,aot,40069345.051851854,
20825348,aot,29756461.25,gas-used mismatch for 0xcd085c62d51e9fab9a29b02ac1a9ae93d68b8ee84ea8d5a92580155e5a8760b1: expected 272513 found 177500
20827644,aot,20225831.072815534,
20829468,aot,53464336.123809524,
20827734,aot,28639114.111764707,
20829328,aot,17489201.457142856,
20825249,aot,34695127.83783784,
20827453,aot,34369440.46099291,
20829912,aot,62527257.18461538,
20829959,aot,13699664.08169014,
20825578,aot,33419254.561643835,
20826957,aot,34420124.86013986,
20829725,aot,27557532.4,
20827638,aot,31837155.96202532,
20825180,aot,32991024.391891893,
20829012,aot,56829496.78494623,gas-used mismatch for 0x509a9c44fe8a4bd036f3ecd60014813256933e514c8e8fcf98c05cc5e92cbbfa: expected 572594 found 357244
20828953,aot,46431848.30188679,
20826515,aot,27028678.092896175,
20824635,aot,35291928.18439716,
20824078,aot,36133077.95488722,
20829351,aot,27341824.215053763,gas-used mismatch for 0x3e9a8b46293c9a5085a11699386eb3556019b8860add91bb628f3475426117e9: expected 194129 found 53788
20825953,aot,25040746.331578948,
20825457,aot,60058339.82954545,
20824957,aot,36191295.407692306,gas-used mismatch for 0xbfb0df48da0c44a4b168487817c91883f6e5723769316f6707baca12771555e3: expected 409964 found 95880
20827522,aot,34996524.92307692,
20825414,aot,56256286.02325582,
20829677,aot,32121673.409356724,
20827989,aot,52809436.4,
20827740,aot,33893254.314685315,
20829040,aot,39308901.7109375,gas-used mismatch for 0xbb4491e247620e436149a736ade0934728fbe89f1f46d64040f1764b1476fdd7: expected 417965 found 239714
20826093,aot,41525976.753968254,gas-used mismatch for 0x9cc049e1e61b1245e3b3dffb555b85414939bfa3e9c7bd81f0576909e5b36cb3: expected 158782 found 139196
20829539,aot,36991034.56923077,
20827828,aot,36983449.24264706,
20828197,aot,54370292.96842105,
20825583,aot,33750697.15441176,
20829112,aot,30223698.2375,
20826603,aot,18210156.831578948,
20827265,aot,47416729.37623762,gas-used mismatch for 0xb3e3d83ff859feda7e0ec8e8a6d4fbdcd9546502b53da706fd9cc608307e7d9b: expected 264055 found 215866
20828052,aot,37029486.36923077,
20829849,aot,42225516.3359375,
20826328,aot,41385268.531531535,gas-used mismatch for 0xf03f831b0d3ae323bd269f3e5bf8d0e00eb33777a2e5b7959efc6697668f0269: expected 1294799 found 930193
20829011,aot,38634084.016,
20825864,aot,28449999.29090909,
20824828,aot,50912771.427083336,
20827293,aot,41959352.99152543,
20826046,aot,63375675.06410257,
20825349,aot,31987412.74125874,
20829187,aot,40044243.25384615,
20827979,aot,79987495.3442623,
20827645,aot,73066629.03174603,gas-used mismatch for 0x2d145677b4cc890b88e05853fbdd6a16e524e5a5123c9bc25d1384e2de187e56: expected 651843 found 424181
20824453,aot,68625287.67123288,
20829469,aot,36238003.808823526,
20827735,aot,37205790.89855073,
20829329,aot,44928302.16216216,
20825250,aot,34743554.72,
20827454,aot,20581715.034883723,
20825579,aot,35634705.927536234,
20826958,aot,10155545.497005988,
20829726,aot,29790365.285714287,
20829960,aot,54424716.84210526,
20829913,aot,35752618.96774194,gas-used mismatch for 0x4e2f86a44085745fd29d7c90f3fe17a6a1a6e610cf04b33467130c6d55adc58a: expected 258200 found 243139
20825954,aot,43977141.945454545,gas-used mismatch for 0x8f8ae000cbb7675247a1b0fd8a18e174a7b3a4699f83cbc6a146508af87d8c6d: expected 843389 found 338404
20825181,aot,48211961.472222224,
20828954,aot,31133392.36875,
20827639,aot,39718326.88148148,
20826516,aot,33862980.966887414,
20829013,aot,33380508.2375,
20829352,aot,32779118.39869281,
20829678,aot,22249217.44090909,
20825458,aot,30616364.060606062,
20824079,aot,44111238.72881356,
20827523,aot,40388491.277777776,
20827990,aot,42367619.01724138,
20824958,aot,46294852.336283185,gas-used mismatch for 0x6828741dbd411c0fdb69de8a545dccec2dc67970e52c8f9083dc652c7a399f0f: expected 365767 found 306098
20827829,aot,31238687.051282052,
20824636,aot,50060822.25471698,
20825865,aot,21912725.633333333,
20825415,aot,62484228.5882353,
20829041,aot,43869103.333333336,gas-used mismatch for 0xb56be683b09c2a8cb8a16319d6a84fcc90bce7c011b7206ca6278c9bf21936d8: expected 196309 found 81738
20826047,aot,47021473.541666664,gas-used mismatch for 0xa9bcfb75f7e05187d8a501d0e76031ea8079232e1f7530f6e177df901aec36ea: expected 200891 found 81738
20827741,aot,38316811.54545455,
20826094,aot,62354092.55813953,gas-used mismatch for 0x1e3f3f4c77306767e003b33030d735fbac76c9b9b465598d3cc0f0a2785d8ee7: expected 277745 found 153935
20829540,aot,67064636.253012046,gas-used mismatch for 0x93efbe94d3023513fba2c5f87155e684b69200a74f3f696e5b7cf0ce969a1b51: expected 264625 found 242623
20825584,aot,12364186.753424658,
20828198,aot,47566802.28695652,
20829113,aot,44381296.40677966,
20826329,aot,30694512.3313253,
20829850,aot,29637703.098265897,
20828053,aot,42276842.39669421,
20826604,aot,63493432.8,gas-used mismatch for 0x1081bd9f3fc68e740f4ab5edaab8270be7df2bd81a3590a9b63843e296a7e8be: expected 324110 found 95880
20827294,aot,45005737.03478261,gas-used mismatch for 0x87a9bc7282723a825e7aa94e25bdc7ea8508060f702044261bcd7d7bfb855a57: expected 713198 found 679780
20824829,aot,39386337.7734375,
20827266,aot,42075807.68,
20827980,aot,30833472.40372671,
20829188,aot,40278817.15447155,
20829929,aot,63057212.759036146,
20825350,aot,41244583.9296875,
20827646,aot,34587661.92413793,
20824454,aot,48519844.17821782,
20829470,aot,26869901.25,
20829330,aot,30565678.103225805,
20827736,aot,26853808.145945948,
20825251,aot,46585078.4537037,gas-used mismatch for 0x11156220064bbec4333c351e8db66b80fd3e5d4476cffa95221ddbbe149b15fa: expected 624153 found 174587
20825580,aot,32354410.108108107,
20829727,aot,49781000.554455444,
20829961,aot,28659696.011560693,
20827455,aot,63791504.6875,
20825182,aot,7615323.059541984,
20829914,aot,31948029.682119206,
20826959,aot,49503375.571428575,
20826517,aot,33231493.04195804,
20827640,aot,37602244.86923077,
20829353,aot,32798874.85620915,
20825955,aot,44048102.96666667,
20828955,aot,36407939.573426574,
20825416,aot,24148099.40314136,
20825459,aot,45997224.583333336,
20827524,aot,46540891.54716981,
20829014,aot,30476091.30357143,
20827830,aot,35971266.65248227,gas-used mismatch for 0x106a17be3d015f813a4f93d96933616f38e5c6aa5a0aa83cf20d44cd8ebc13de: expected 803411 found 258111
20824637,aot,34696383.573426574,
20827991,aot,45247830.75454546,
20824959,aot,34995816.11034483,
20824080,aot,41136859.056,
20828199,aot,30428022.716216218,
20825866,aot,43246382.0862069,gas-used mismatch for 0x76c7a4cd6bc27317ccd8d50d48bb5b974fe7a2424f27be6373c0e26a04941dd9: expected 616790 found 252152
20827742,aot,41143275.31355932,gas-used mismatch for 0xa1bfe436d3fa972e0284a4b5538a5174321cbc482d5bba4a67cea6c894115e28: expected 826832 found 644274
20826048,aot,44355690.07079646,gas-used mismatch for 0x6697fd6b12fd5e5cc7092dc7f023757a2f488a66bdb0201e22c9c76ef72391ef: expected 217525 found 207485
20826605,aot,39545923.380530976,gas-used mismatch for 0xde809c9b6b5e35531da676e29878538c1a1bd617103463ad323adf8ba877526d: expected 404132 found 95916
20829679,aot,51083507.85,
20829541,aot,63274875.93150685,
20829042,aot,37058134.19178082,
20828054,aot,32068540.0,
20826330,aot,32507521.4,
20829930,aot,45328023.3877551,gas-used mismatch for 0x2d0de0d69543fc5d2597a2ea8b9aa82ffd1dd908131b82f2fe8d2975fa857a0c: expected 707478 found 649379
20829114,aot,33498688.046666667,
20826095,aot,63586568.679487176,gas-used mismatch for 0x509635b6d2a243742679607b35c0355d09db112509e9cadc96756b587b93e219: expected 838148 found 657827
20829851,aot,55383695.20454545,gas-used mismatch for 0xca3b67f481cddb3efbcb76ff3b967ea5d78a4a280b1abb215f32b6567c1e5506: expected 497736 found 183249
20827267,aot,48765219.85148515,gas-used mismatch for 0x54871a020d8e6538aaee9a186275f3790502e7fa19f574d1c75d1f515dff0d02: expected 223599 found 144559
20825585,aot,58646430.67058823,
20827295,aot,44306743.51304348,
20824830,aot,36876830.768115945,
20829189,aot,46001884.277777776,
20827981,aot,33859864.38064516,
20824455,aot,43764354.67961165,
20825351,aot,62549384.86746988,gas-used mismatch for 0x442509ec66c9a0de598ce30103fa4f2ab06ef419c8eead9da923592fd35fecb0: expected 255404 found 240468
20827647,aot,44329414.24778761,
20829471,aot,48116277.2264151,
20827737,aot,37393136.81818182,
20829331,aot,15822583.424148606,
20827650,aot,31673957.625,
20825252,aot,34258637.85806452,gas-used mismatch for 0x0303096692b08513222dd6eea2f75b72f69b3a34e6dead8876ba1b30920b61f5: expected 406586 found 245172
20827456,aot,32481017.725490198,gas-used mismatch for 0x2cce1a196926a4da89d79f7ca7330b4b77ddaf4b41016020d3e1643c6dbcd106: expected 482761 found 330110
20826960,aot,37491140.924812034,gas-used mismatch for 0xf96e055d55d6bd2b3a3b75dab36b2070b47750fbfce5b8b7abe596e5ccadbcff: expected 226842 found 214002
20829728,aot,25520370.42,
20827641,aot,32363110.261437908,
20829915,aot,46601058.68518519,gas-used mismatch for 0x65bbdc4a100efcf63ab16285cce4daae0e0b18ee691a84ddce8903dac86c3ec1: expected 277745 found 153935
20826518,aot,54484040.75268817,
20829962,aot,55704076.54444444,
20827525,aot,33608687.17073171,
20828956,aot,28088484.844444446,gas-used mismatch for 0x9e2d31831590986b99f75244b46b9356c2c66f7f0948bc4431fedd4b20a06c6f: expected 909048 found 994461
20825417,aot,46856762.02912621,gas-used mismatch for 0xbfec55c291054a4aae6575a0def9d31b1e4be6da22efd17b3bfbd68b7cd4f5be: expected 182547 found 173558
20828218,aot,36814385.67938931,gas-used mismatch for 0x8d377d3ee381ace1a78db6d810183b51d506f65c173bc3135ba112e0e1278ddd: expected 283960 found 176939
20825183,aot,73573256.26027398,
20829354,aot,33676282.24375,
20825586,aot,51605875.23076923,
20825956,aot,35462751.81560284,
20829931,aot,35565493.36923077,gas-used mismatch for 0xbd728716420d6dbd2e68a212b47164594b5a354ea9162081045fad92254a3fda: expected 450818 found 95880
20826606,aot,36579550.828125,
20828200,aot,51468442.366336636,gas-used mismatch for 0x946ba14773e3a2d085cc390f9344c312b767ad9825b3e348059c952b1dde6071: expected 1396129 found 1368291
20826331,aot,23915599.276923075,
20829680,aot,31357277.183006536,
20827831,aot,43145189.16216216,
20827743,aot,31107123.53125,
20825460,aot,47618693.52380952,
20824081,aot,39224010.0,
20826049,aot,36763458.774436094,
20824960,aot,35697579.152173914,
20829542,aot,33855706.09090909,
20829043,aot,36248115.25185185,
20827992,aot,45086420.31531531,
20824638,aot,44622276.09565217,
20825867,aot,43063185.56910569,
20828055,aot,56582015.60227273,gas-used mismatch for 0x0a387fd0294ef868bd46c227e846a08012c60de35de53efaf35948aeab6f5fdf: expected 606567 found 411758
20829852,aot,38274828.3129771,
20827296,aot,38427991.06349207,
20826096,aot,40395453.08264463,
20827268,aot,30378486.307228915,
20829115,aot,58386424.72093023,
20829190,aot,9552643.061776062,
20824831,aot,37794444.389312975,
20825352,aot,42967730.4054054,
20827982,aot,40349659.74796748,
20827648,aot,30116580.666666668,
20824456,aot,52818284.67368421,
20829472,aot,39184468.40740741,
20829765,aot,23825525.246511627,
20829332,aot,29645994.588888887,
20825253,aot,39498508.7421875,
20827651,aot,40158359.92307692,
20827457,aot,37422293.635714285,
20826961,aot,53507577.5,
20827642,aot,30504300.34117647,
20829963,aot,44356011.42477876,
20826519,aot,33262273.714285713,gas-used mismatch for 0x5a53b4d541329a8b7a7bab7eed60593a81317c753e402f90cfebed5e42e2c57b: expected 282545 found 153935
20829729,aot,58349430.73626374,
20828957,aot,37948659.94074074,
20829681,aot,30550977.48630137,
20829916,aot,37596967.0890411,
20827526,aot,35002710.916666664,
20825418,aot,34715352.233333334,
20827744,aot,20595419.276595745,
20829355,aot,25703376.243902437,
20828201,aot,36152336.18518519,
20825184,aot,34357238.56,
20827832,aot,33081411.966666665,
20825957,aot,64706699.4375,gas-used mismatch for 0x82c87d980670a8204e67ca1367bf6b3500d34dd0031a5c0feb79b560355364e8: expected 790416 found 506757
20826332,aot,39821517.49230769,gas-used mismatch for 0xf24247ef866f097c92e85ee8e273cb5f2c321e9c36577ef5d5bbfc857b10851d: expected 655990 found 118510
20828219,aot,57841013.989583336,gas-used mismatch for 0xa8ab90038a4b335b6b04fa0aeb2a2365d65a1b1db07a3ddad05526ce9100f2da: expected 715193 found 173776
20825587,aot,39483565.6617647,
20824961,aot,34271148.88111888,
20826607,aot,15864775.63880597,
20825461,aot,43499673.12711865,gas-used mismatch for 0x2b941fcac3e15c9fb0f2d9245a37aa17505aa448f4c95753ccb6c152aa2b2fbe: expected 1096111 found 1099123
20826050,aot,36031870.9929078,
20824082,aot,39149071.02307692,
20829044,aot,30241620.060240965,
20829932,aot,37542843.0979021,
20824639,aot,39875966.928571425,
20827269,aot,32830322.715231787,gas-used mismatch for 0x91149a4a6b5bcf324beb9be5ea0865af397e1ede318df190827af3f954d27e39: expected 575349 found 95880
20827993,aot,40350594.9,
20826097,aot,40891679.28455284,gas-used mismatch for 0x473c828f26d1f2174d9781edee984d5ebb6d962622462bd036bb10ba7cdce0a2: expected 201013 found 81750
20829853,aot,35584733.05673759,
20829543,aot,39923364.47058824,
20824832,aot,14093365.0,gas-used mismatch for 0x47c24541b731e647cfe29a098cf2e642cdfb93bbf86786e4b37b8ae3b9955bd5: expected 369487 found 95880
20825353,aot,33908762.18439716,
20827297,aot,39989288.64885496,
20829191,aot,40734403.95,
20825868,aot,34744543.537974685,
20827983,aot,49695798.97,gas-used mismatch for 0x832412a3d29222d73e12867cf32db731163293fba4bf7dff4283418d4197de22: expected 4810337 found 2547567
20828056,aot,58863808.538461536,
20829116,aot,39028643.08219178,gas-used mismatch for 0x7be28bccbf48d8424bf5cf791588f5e7ba7b5f114d834a9e789b4296b874a284: expected 408273 found 95868
20827649,aot,40872967.144,
20824457,aot,45132973.15652174,
20829473,aot,27392213.464480873,
20829333,aot,17557319.44,
20829766,aot,59949214.1978022,
20827652,aot,21904043.02631579,gas-used mismatch for 0xce76b9ae7fe9bde45042228c56eba84c9740c49010777d86340086b29251a8b1: expected 350662 found 95880
20825254,aot,23188206.65258216,
20826520,aot,42518323.89622641,
20827458,aot,37853681.45038168,
20827643,aot,31369771.64516129,
20828958,aot,28946882.175757576,
20826962,aot,36401364.071428575,
20829730,aot,28783403.394117646,
20829964,aot,32274776.63870968,
20827527,aot,34342175.26241135,
20829682,aot,28890356.96,
20829356,aot,29264451.593939394,
20827745,aot,41885007.35344828,
20828202,aot,25437461.25531915,
20825185,aot,45034794.29245283,
20829917,aot,40175833.05555555,
20825419,aot,48443177.88679245,
20825958,aot,29046790.31764706,
20825588,aot,22924539.763888888,gas-used mismatch for 0xdeb55a9476c2a230bd1fbc589d52953da1d3085cb0a29f647e93862329db1b1c: expected 1445086 found 1010701
20826333,aot,50305043.58064516,
20827833,aot,37119425.022556394,
20825462,aot,32741659.82,
20828220,aot,43163558.21551724,
20824083,aot,39940350.752,
20827994,aot,31145018.580645163,gas-used mismatch for 0x422b568a7d5f77abaf6a9700c02221c7e829a5c691c8e43e6a507720ffc1a2e1: expected 365591 found 175550
20826051,aot,35903476.092857145,
20824962,aot,69898024.65753424,
20828057,aot,30574898.85333333,
20829933,aot,35247991.634482756,
20829544,aot,48070588.802083336,
20827270,aot,44305673.2920354,
20829045,aot,40868979.390625,
20826098,aot,38927860.65625,
20824640,aot,36207355.86986301,
20825354,aot,13994149.301630436,
20826608,aot,55061994.82653061,
20828007,aot,34101918.31724138,
20829192,aot,32574354.490322582,
20824833,aot,56930451.37777778,
20825869,aot,14820585.33427762,
20827298,aot,42550512.98373984,
20829854,aot,46365150.211864404,
20829117,aot,32871688.316129033,
20825031,aot,36147935.81560284,
20824458,aot,64815006.49333333,
20829474,aot,39742831.641221374,
20829334,aot,23656635.28508772,
20829767,aot,43543471.95041322,
20825255,aot,48969049.305263154,
20827653,aot,47549187.554545455,
20826521,aot,43823477.026548676,
20825429,aot,29492691.31764706,
20827459,aot,44465946.71287129,
20829683,aot,32140470.326086957,
20826963,aot,45790906.43809524,gas-used mismatch for 0xd2c304ea1628f26c90a35034f20c8cfdc15a870c024914ab1fa9cb1e052ded3e: expected 430892 found 95868
20829965,aot,37432453.76984127,
20827528,aot,18071926.066666666,
20829357,aot,32465728.88,
20826334,aot,50136517.43877551,gas-used mismatch for 0x5f560ce7ca351d27d4a572cfe5f11dbe797e956626c93402882c3eece7b6790f: expected 277745 found 153935
20825186,aot,35305365.69503546,
20827746,aot,43664634.265486725,gas-used mismatch for 0x4f9f10f0645fff6315893b74f342421f32197b0b333153d2a92a16b79421e042: expected 526743 found 484901
20827834,aot,31612920.163398694,
20829918,aot,36435653.22794118,
20828959,aot,27842738.607526883,
20826052,aot,30060998.788819876,gas-used mismatch for 0xff6c880e2dc4151e932c93ae9b9ae9a540c29262eb6e7eb1885eaa1243091de7: expected 686587 found 331126
20828203,aot,66958822.86666667,
20825420,aot,42914227.47107438,gas-used mismatch for 0xb02da572eaab879ea2e1245a6c03295673e6c8e52ee44b07b8ac6267c70e2095: expected 322221 found 127447
20825589,aot,51525175.78947368,
20827995,aot,46469075.089108914,
20829731,aot,49752343.19811321,
20826609,aot,32993863.79389313,
20824084,aot,56060644.06818182,gas-used mismatch for 0xcbe40e34ddfc9f0ac60240469a55325c09106f9d6d1107bba245f951448c081a: expected 277745 found 153935
20825463,aot,31847768.26060606,gas-used mismatch for 0xb251b52610f18216748f52edb0a8436566d6c5b084a14169a284962042010dd6: expected 258164 found 243103
20828058,aot,35928100.64444444,gas-used mismatch for 0x24572448ad3d7ad82d4fcad41732f01fb5ae0fb90146c740afe55f610465e1ad: expected 286818 found 203510
20824963,aot,18509212.06766917,
20828221,aot,27561134.890710384,
20825959,aot,77810859.07575758,
20827271,aot,33760201.3986014,
20829934,aot,59318988.98795181,
20829046,aot,33019049.294871796,
20824834,aot,32705150.56081081,
20828008,aot,39657082.768,
20826099,aot,37555502.97777778,
20829545,aot,35990765.50675676,
20829193,aot,41707479.652542375,gas-used mismatch for 0x9b6e0da483411dcffe685cb945c4b762920ab78f2f799108f2d2bb10bbf4ab84: expected 737623 found 760900
20825355,aot,60351751.53488372,gas-used mismatch for 0x00b4ba9cd1c0e71bda3b96e4660c7fe7b35c4e3214ecbc45be13bc2ac1f07b80: expected 678796 found 383407
20829118,aot,31132739.31372549,
20824641,aot,40636426.58778626,
20825032,aot,31324179.073333334,
20829855,aot,29128421.479532164,
20827299,aot,39995702.21428572,
20825870,aot,59723762.34117647,
20824459,aot,57927575.55555555,
20829475,aot,54850213.34408602,
20829335,aot,27478578.423469387,
20829768,aot,31641732.392638035,
20825256,aot,43390112.88095238,
20827654,aot,16819967.830670927,
20825430,aot,30238945.21686747,
20827460,aot,46560449.1,gas-used mismatch for 0xf9806f31e3d35aec5719b84fc2b75c1c5a2800c687fedb8b8bb5f272495bed6e: expected 552935 found 95868
20829684,aot,29813579.46470588,
20824085,aot,19823139.263888888,
20826522,aot,40287291.88405797,
20826964,aot,48904485.34951457,
20827835,aot,18026503.5018315,
20827529,aot,38214169.88721804,
20826335,aot,46095045.675925925,
20829966,aot,43707957.938053094,
20826053,aot,28849568.21637427,
20827747,aot,30998557.54819277,
20829919,aot,36991399.058823526,
20829358,aot,20795421.737254903,
20827272,aot,31122920.303225808,gas-used mismatch for 0x3e03764503b3d383d1d75dbbb39ebda6c2309b5c4b8cdc4593239c288b676bbd: expected 395780 found 95868
20825187,aot,35940732.10344828,
20825960,aot,23585944.50236967,
20826610,aot,36914584.75,
20829935,aot,42733230.190476194,
20825464,aot,53795204.09677419,
20828960,aot,65703755.72839506,gas-used mismatch for 0x8cb5c8f4176ce84aa36047c067c3cd1b3127c7140dcb89a00c578fb8f95c77ae: expected 1552713 found 1830325
20828222,aot,26214792.517948717,
20825421,aot,41198094.484126985,
20829732,aot,38966117.41984733,
20824964,aot,50012691.574257426,
20825590,aot,44059941.87288135,
20827996,aot,35513318.527027026,
20828204,aot,42124118.1015625,
20828059,aot,70862460.58571428,
20829047,aot,21302990.236514524,
20826100,aot,44962788.83783784,gas-used mismatch for 0x9893ba69eb9601f8e49da378f32d9c22dba61d12d2170b2a98ce895a80711889: expected 483909 found 95880
20829546,aot,25031255.883495145,
20829194,aot,27836724.153005466,
20825033,aot,40026741.37190083,
20824835,aot,36585233.83561644,gas-used mismatch for 0x73a6aec71289907032e1e1b8b35ed92f4340545a1d6ff123ea7bcbf417db0626: expected 542619 found 227154
20828009,aot,37068866.212765954,
20824642,aot,32561527.72903226,gas-used mismatch for 0x362847d20fc85ba59d0c8cd3b817330859e642c6c0b5f4de70d5a7beaf0b83fc: expected 697182 found 407833
20829119,aot,41246697.31746032,gas-used mismatch for 0x7f80e77db03eb725d64856828ed36f1b57629c81196b136ddbbf045c061d84aa: expected 298538 found 197293
20827300,aot,48691922.346534654,gas-used mismatch for 0x660d951e1a21429639329b652df602d39dd1a568bf571b0e3642435595a7ae26: expected 789209 found 758599
20825356,aot,51846133.75510204,
20829856,aot,35277320.52739726,
20825871,aot,53357527.135416664,
20824460,aot,45206935.26373626,
20829476,aot,26451935.425414365,gas-used mismatch for 0x10500d154ba31f0fde0d7a3b1560cebff270b58a98fb1a7995e9226f7ff41526: expected 204626 found 82074
20829336,aot,17411240.51291513,
20829769,aot,37107712.776923075,
20827655,aot,53971404.35227273,gas-used mismatch for 0xb83d6e76855510bae1e3e2939d543ae7428db58a94ed9272a83e825c68c639e4: expected 1550709 found 819069
20825257,aot,42066375.48,gas-used mismatch for 0xe011f8f15a55d9aba17c122f79ad62ab9a10841213f3b4ffa9332ec6903a7a03: expected 391067 found 306398
20825431,aot,37155178.38970588,
20827461,aot,35255060.73103448,
20827748,aot,31499301.561643835,
20826523,aot,54817270.72727273,
20826336,aot,36384386.8828125,
20829685,aot,47504062.972972974,
20824086,aot,57581684.15909091,gas-used mismatch for 0xd35daccee9b62a75319b7bd4834b645ca3f9c22254257a509cb28cd762948c06: expected 277745 found 153935
20827836,aot,63822052.95890411,
20826965,aot,31997841.88819876,
20826054,aot,42918044.68103448,gas-used mismatch for 0x7fc32187135388e6e221882c500981b5a822571cdb385e34ef13598d31c42f1b: expected 816738 found 84863
20829359,aot,31624844.621118013,
20827273,aot,53679481.182795696,
20829967,aot,34027153.96666667,
20827530,aot,33870567.31677019,
20829920,aot,41224853.08730159,
20826611,aot,22877883.751111113,
20825465,aot,32909699.064102564,
20829936,aot,36185820.22377622,
20829733,aot,38701369.1,
20827997,aot,40706294.816,gas-used mismatch for 0xe3662ce29ee75eb88cd3193f44e763faf15bb685463819b8a9c745fa5bfb5311: expected 191484 found 81750
20828223,aot,44613626.39823009,
20828060,aot,49581247.5,gas-used mismatch for 0x5db0862f01b7ae4eb75f2f041ce1710b58277f532480b1b020949fe1a31563ba: expected 63838 found 67576
20825188,aot,41547238.421052635,gas-used mismatch for 0xae152f26d4486a11d2a49d370b04e5ae37b58e97743c9dd7ba1a7245b2d737e2: expected 348529 found 95916
20828205,aot,36533744.75362319,
20825591,aot,29535101.68852459,
20824965,aot,49718032.7735849,
20825422,aot,38562797.219858155,
20828961,aot,40487363.11764706,gas-used mismatch for 0xa9724adedecab0ceb22e11504ed38ad081255515cad391981fc0fbb319e252b8: expected 198444 found 81646
20829048,aot,46193752.407079645,
20825961,aot,61195666.38709678,
20829195,aot,50486773.104761906,
20829547,aot,52347172.49,
20826101,aot,57379995.31111111,
20824461,aot,35545506.082706764,
20824836,aot,38625323.979020976,
20825357,aot,33578145.5,gas-used mismatch for 0x99d01c8f614e25f0579e6a5c63b686ff93d4f550a263868af932f29fe755f105: expected 221855 found 211815
20825872,aot,36158089.392592594,
20829120,aot,48908521.46296296,
20824643,aot,32195076.43859649,
20829857,aot,49877304.58415841,
20825034,aot,41092514.0,
20828010,aot,51936923.87735849,
20827301,aot,44869775.666666664,gas-used mismatch for 0xe29548a18250ec31ff1b566fac2726fbde771bf63a4e2cea4f906a5ac3c6e1be: expected 86274 found 35386
20829477,aot,36508153.26573426,
20829337,aot,21137604.417391304,
20829770,aot,36435659.63235294,
20825432,aot,41094144.126126125,gas-used mismatch for 0x76c4b9037432e7dd038dabab1f6ea3ae1396d0ae6a0041585575e58ae8fac74f: expected 988185 found 824774
20825258,aot,46224028.6407767,gas-used mismatch for 0x5579e077528caf901b3357feedd41619a7a9c6d6ba4d8b6a03e762e7a7d501cd: expected 266663 found 238343
20829976,aot,50516133.60204082,
20827462,aot,36501008.853846155,
20827749,aot,31952197.444444444,
20829686,aot,7742966.087301588,
20826055,aot,37307195.18253968,
20826337,aot,35556727.428571425,
20826966,aot,32128425.54901961,
20827837,aot,49131244.99029126,
20829360,aot,22089640.37272727,
20826524,aot,36112333.60810811,
20829968,aot,30059557.10429448,
20824087,aot,36414649.12328767,
20827531,aot,32644604.0,
20825466,aot,28771940.339181285,
20829921,aot,44440629.93636364,
20827274,aot,35906927.95862069,
20827998,aot,20826077.881355934,
20828962,aot,33167004.94074074,
20828061,aot,48947512.77,gas-used mismatch for 0x803ceadd0f9386f71c4be9f13893e3d86c7b3f36db0ded99996d7b5d9b2a774f: expected 344785 found 99005
20829734,aot,27411729.338797815,
20829937,aot,37034172.625,gas-used mismatch for 0x6b6a73d7d27b58122b6a92eb977cc7b910ad24e85f552beaebf1fe5837e5d022: expected 352573 found 95880
20825189,aot,40354367.17886179,gas-used mismatch for 0xd28b989ec339a3fddd2bea06dec53c8641459526cff3bed4afe7caf09be837ad: expected 370476 found 95880
20828224,aot,33893868.18,
20828206,aot,37709660.83206107,
20826612,aot,66544272.94871795,
20824966,aot,28591370.16,
20825592,aot,37843993.53435115,
20825423,aot,37097420.7368421,
20825962,aot,31637278.556962024,
20829548,aot,35217464.135714285,
20829196,aot,48544869.60952381,gas-used mismatch for 0xa2a2f2b06b3711818ae579cbe954fc7f73c2171c52809cb22b9568cfc192f109: expected 1089091 found 1248986
20824462,aot,46349391.43564356,
20827302,aot,28133144.386503067,
20826102,aot,43162885.324324325,
20828011,aot,36260002.7443609,gas-used mismatch for 0x49855edbe4ed9408cdbe77c44a422af4e6cf882e6c25a1a97224723aae2b3d26: expected 231904 found 127000
20825358,aot,38177323.234375,
20829121,aot,40065988.55371901,
20825873,aot,30943839.125,
20824837,aot,28228334.091891892,gas-used mismatch for 0x164b0a5a1f932cab1f5448598477ffc67e7329f432e69cfb7e9ea1f611eb136d: expected 674399 found 439874
20829858,aot,37922120.14285714,
20825035,aot,37572522.23703704,
20824644,aot,43094563.20325203,
20829049,aot,70211274.56578948,
20829478,aot,32137147.35897436,
20829338,aot,21822450.37759336,gas-used mismatch for 0x8c334f1e955679974242eeccb306246a4182e70795e473c688612c3473c6f9fe: expected 344785 found 99005
20829771,aot,32871748.66875,
20829977,aot,35340575.30136986,gas-used mismatch for 0x8c7d857f4dfeafd895235875f2a93314e978ae9d4d14000c7221420874fe9279: expected 480639 found 183237
20825433,aot,36784075.5945946,
20825259,aot,39326166.74814815,
20829859,aot,13802667.115902966,
20829361,aot,45030640.63636363,gas-used mismatch for 0x57bfdc28b72c01db6c22cbce75f7efb3e105191935197c176eb7504ade05c3d9: expected 516440 found 95880
20826967,aot,20891192.633744854,
20827463,aot,63769731.488372095,
20827838,aot,36568274.98518518,
20826525,aot,20403357.125,
20829687,aot,61270990.511627905,
20826056,aot,45264514.00826446,gas-used mismatch for 0xbfe64f35d9ecb16983cac9133262effbd4de4956e79a46de9f190d39bc7e8cc6: expected 289031 found 254990
20827532,aot,45688655.0,
20826338,aot,40731882.36923077,
20829969,aot,36322608.326241136,gas-used mismatch for 0x47c064737a174f068bbb3b6aae9efa3350a2a830b61659be843653778f77ab29: expected 301126 found 95940
20825467,aot,24041946.35096154,
20829938,aot,21569784.367713004,
20824088,aot,46848187.29090909,
20829922,aot,17017637.827242523,
20828062,aot,44449921.44144144,
20827275,aot,52346046.08421053,
20828963,aot,34290032.8445946,
20825190,aot,50463620.91,
20829735,aot,40843596.104,
20824967,aot,28978096.70760234,
20828207,aot,45716163.14414415,
20828225,aot,43660178.094827585,
20827999,aot,55358978.14736842,
20825963,aot,33063744.32191781,
20825424,aot,38391081.46923077,
20826613,aot,46130403.663716815,
20824468,aot,48522915.0,
20829549,aot,59131658.51764706,gas-used mismatch for 0x5b770310a30fcb0daeb0201c43e46e0fa4103aaab34034ebe96f6c622bd248a4: expected 375945 found 96751
20827303,aot,28148881.89017341,
20829122,aot,57820890.18518519,
20829197,aot,38040975.26717557,
20824463,aot,36959931.984962404,
20828012,aot,32358621.895424835,
20825874,aot,27152831.76243094,
20826103,aot,45598987.2,
20825036,aot,22490315.189814813,
20829694,aot,31971936.052980132,
20825359,aot,43314524.98275862,gas-used mismatch for 0xacd4c72ad7ea84f4891eb599872d74db0d0528736dce07a28fa8219f32099f3e: expected 272492 found 240456
20824838,aot,46557692.25242718,
20829050,aot,39483986.19834711,gas-used mismatch for 0x9539b29e068a8b55f0a82f1eab761b855ee943f3493f07ec12a97ae16afdcbec: expected 653214 found 118534
20824645,aot,37588140.809523806,
20829479,aot,36593289.879699245,
20829339,aot,24917008.846153848,gas-used mismatch for 0x3f1a07d99c2e480ed02c5ef9ffea33e3e01f8ae746c3c22b99bc5f9200dabcd3: expected 199466 found 81738
20829772,aot,18991913.54893617,
20825434,aot,53911197.78021978,gas-used mismatch for 0x916664adaf47488e196ba8d5c7d9108cff06bcf2f11d006bde44637fa9c7da40: expected 7214161 found 2797221
20825260,aot,33807508.365517244,
20829978,aot,39824243.833333336,
20826968,aot,22216558.650224216,
20827464,aot,15892588.146964855,
20829688,aot,32276343.215686273,
20825191,aot,28726210.68874172,
20829860,aot,59785669.55813953,
20826339,aot,42016835.61016949,
20827839,aot,32425076.43125,gas-used mismatch for 0x02cc503a0287c2a672c023b844ddcec156b0c3323bb60815bd00bd863b7467c1: expected 336293 found 331623
20826057,aot,49138202.29523809,
20829362,aot,29519185.398907103,
20829970,aot,42677004.05,
20826526,aot,51634110.346938774,
20827276,aot,39876970.11111111,
20828063,aot,38155942.81203008,
20824089,aot,36118870.10810811,
20829939,aot,69619312.7236842,gas-used mismatch for 0x146bba84e49fab58597956ec8ed1b19bdbeb21839e17f2d843f4fd3c3587052f: expected 218946 found 144547
20825425,aot,28977615.115151513,
20829736,aot,37205745.25,
20829923,aot,60480220.5,gas-used mismatch for 0xb680d0fd556f309b14e05ceb7b7d0613d841167ce1c496ff3c66074bb72f3169: expected 1116750 found 991625
20824968,aot,41829995.75206611,
20828964,aot,36145469.84246575,
20825964,aot,39048700.646153845,gas-used mismatch for 0x5324e8215ee93103a19512cf501a3e0c99df4c6873e64d203eca3579553ca64d: expected 380713 found 95880
20827533,aot,39470868.693333335,
20825468,aot,73437867.85526316,
20824469,aot,37675739.37777778,gas-used mismatch for 0xff633eb558be881e0ba41f8c674668c90ea91d9d8ec3f87ee5a0f5df18b9dd07: expected 279183 found 247564
20828000,aot,34579289.27333333,
20828226,aot,45611105.4,
20828208,aot,45511494.556521736,
20829550,aot,20596951.035856575,
20829695,aot,25743228.227979276,
20824464,aot,39903779.23809524,
20826614,aot,45784992.333333336,gas-used mismatch for 0x98deece16be6e2c10f3b0789ef19f01196c50f6c5f77392eed038f53a281ebb5: expected 991423 found 965324
20829198,aot,24748277.08450704,
20829123,aot,46885530.74774775,gas-used mismatch for 0x1166cee47f69e1561fe3acc59dc8310913b09bc15f88c40461cdd1fe5754c845: expected 834105 found 573645
20829051,aot,29483771.777108435,
20828013,aot,34637061.833333336,gas-used mismatch for 0x519246fda0b3d4d1e963f30adf81e25ef0a8b5c697ac4673fe4b2858740ea83a: expected 381892 found 283955
20827304,aot,54647131.578947365,gas-used mismatch for 0xc2b7705d0db848630176c16c54c21a318bf03aff49d009b6a2f997763f7c2624: expected 213519 found 144528
20826528,aot,45606686.144067794,gas-used mismatch for 0x02856f077d9429753265f60696da05a736fb4bb59fe0677d193f3fa1161239ec: expected 228232 found 107638
20825360,aot,28776750.34408602,
20825037,aot,47270980.06363636,
20824839,aot,38265479.37037037,
20826104,aot,36687667.783783786,gas-used mismatch for 0x196317b3d2a867682fdc242b824564e3c361f1857562f5a1f7ea9e926be334b1: expected 254149 found 209807
20824646,aot,35545798.027027026,gas-used mismatch for 0xebd4ed91588f8bd3ca5091e4b8bcb5543dfc379d5054f9e885c75d2e6fa09afe: expected 323078 found 95880
20829480,aot,35192375.99315068,
20829340,aot,21473170.450643778,
20829773,aot,52133439.97849462,
20825261,aot,10173745.679089027,gas-used mismatch for 0xf21fe93ee310d9e5ed7e01034c903e23c7897b2e1f2b81a337de4d43e481d7fa: expected 771417 found 172565
20829979,aot,30370029.702531647,
20825435,aot,69792859.45070423,
20826340,aot,28579103.576470587,
20827465,aot,67235368.91428572,
20829689,aot,35280196.071428575,
20829861,aot,44537230.86111111,gas-used mismatch for 0x00f37ff8b9e8c745399d286d99c79e702d3509fd0e6d2bee54096b4e1460f05a: expected 275192 found 243031
20826969,aot,54040028.55913979,
20825192,aot,29342935.529411763,
20827840,aot,41140447.483333334,
20829363,aot,41551577.15,
20824969,aot,36003823.192,
20826527,aot,43092056.58260869,
20826058,aot,23472770.84,
20828965,aot,26420681.94054054,gas-used mismatch for 0xb133037316403b115c3243531b45d2fc74d7bf466156652e71970b830cd59c1b: expected 845506 found 622402
20828227,aot,31743417.685314685,
20829940,aot,42710290.03478261,
20829924,aot,44316535.114285715,
20824090,aot,39621326.36153846,
20828064,aot,54073996.43157895,
20829971,aot,62704425.44705883,
20829737,aot,40809355.593495935,
20824470,aot,33439255.75172414,
20828001,aot,16941807.211805556,
20825965,aot,35934996.50714286,
20827534,aot,21805769.14285714,
20825469,aot,44331901.18918919,gas-used mismatch for 0xa4adce2db43da042f033664cd8571c2d57b011398ed5de8f0d34515c35e4a8a3: expected 258188 found 243127
20825426,aot,68202860.0,gas-used mismatch for 0xae4b9821027998a75920536720ae0ee51842a2612a50ac5e36ed243dca5689a5: expected 292774 found 153911
20828209,aot,44863413.43396226,
20827277,aot,35329735.088607594,
20824465,aot,41847281.25862069,gas-used mismatch for 0xe8543473ce4f422b77d070397ece07597912313cdf771ec67d4684c07c1600ed: expected 279207 found 247588
20829551,aot,30968312.64556962,
20827305,aot,29067254.493975904,
20829124,aot,29288709.21818182,
20826615,aot,36708760.75735294,
20826105,aot,15532310.098101266,gas-used mismatch for 0xf6547ebdc3dbbd8b0e43d816cbf428c6827d922e7f3e03e3b982ebce73184fa5: expected 207878 found 138348
20828014,aot,40893688.26984127,gas-used mismatch for 0x4e5cce6b649e64322c05c88abf48446c0e2a4f6c249cbdc777f30ce83b9e860f: expected 588220 found 319442
20829052,aot,39582789.6484375,
20826529,aot,33500094.815068495,
20824647,aot,23136377.774647888,
20829696,aot,48348413.41818182,
20825038,aot,55886724.93333333,gas-used mismatch for 0x11346a53015c1533180949bba6d4738e9253d68ea992ebe049cfc4b227f1cebe: expected 1161830 found 252665
20825361,aot,42074917.95,
20824840,aot,41326640.4609375,
20829199,aot,61762842.23655914,
20829481,aot,47558567.824074075,
20829341,aot,20568139.65145228,
20829774,aot,47514099.75675676,
20829980,aot,31815829.099378884,
20825262,aot,64413430.975,gas-used mismatch for 0xfec3b71bc8c38bbf1c6d6dc9b1b9b191dfcc7c8e4782f5f4108390cf0e034cb2: expected 736825 found 630602
20825436,aot,30146329.097142857,
20829690,aot,29572270.8,
20826970,aot,29490663.063583814,
20825193,aot,43659862.06779661,
20826341,aot,56571827.24175824,
20827841,aot,31404839.38095238,
20829862,aot,52387462.86,
20827466,aot,73502437.0,
20826059,aot,34697032.36986301,
20824970,aot,31454127.072727274,
20829364,aot,28092636.930107526,
20828966,aot,38516187.352,
20829988,aot,41963649.11382114,
20829925,aot,44899414.972222224,
20829972,aot,27300875.516666666,
20827535,aot,53404000.39772727,
20824471,aot,42918723.698275864,
20824091,aot,36711608.29710145,
20828228,aot,45466427.097345136,
20829941,aot,49214495.69811321,
20828210,aot,36273845.1884058,gas-used mismatch for 0x97017be76796a878ca595608d70f0a10b25137bdeb442e38dea8b5f2d94e82a1: expected 2630094 found 2201343
20825470,aot,36259116.319148935,
20825966,aot,30174426.356725145,
20828002,aot,66118434.85333333,
20824466,aot,46507452.70476191,
20828065,aot,44163744.05,
20829738,aot,28235753.236842107,
20826616,aot,29189841.406060606,
20825427,aot,41194272.5625,
20827278,aot,45368975.00884956,
20827306,aot,39059075.07633588,
20829125,aot,40945530.448,
20829697,aot,29218964.90625,
20828015,aot,28931085.46470588,
20829053,aot,33282379.84,
20826530,aot,37907471.76470588,
20825362,aot,44352976.39090909,
20826106,aot,47662680.02830189,
20829552,aot,48553986.84684685,
20824648,aot,48662309.190476194,
20825039,aot,40131675.682926826,
20824841,aot,39083013.25,
20829200,aot,29847445.832369942,gas-used mismatch for 0x9b12f6983c03986da9c94772863a07f3f5f086f71ed76b3720af3e31d3496cdc: expected 1014620 found 539065
20829482,aot,42904272.75238095,
20829342,aot,22324564.211009175,
20829981,aot,12173447.153658537,
20829775,aot,38829630.96183206,
20825263,aot,28082355.982954547,gas-used mismatch for 0x82f82886d9cba539efd1469d4b8dad84c6555586245e04315cc5c56fc9992eb4: expected 292033 found 98969
20825437,aot,35103992.37762238,
20829691,aot,27279695.393063582,
20827467,aot,26682014.302857142,gas-used mismatch for 0xe114b8e0d6b27526bc1022578a7ad87035cd754e93b31c2a07b56860cb40029a: expected 266951 found 219661
20826971,aot,40455966.546875,gas-used mismatch for 0x20f230c25d53690fd77ffa3632bbb0bafaa651ddc51507b614cc2ba69751caff: expected 349433 found 95880
20825194,aot,38984637.73015873,
20826342,aot,37109955.692857146,gas-used mismatch for 0x463e633ac2b0475f40970536e0616a0ed8adab3d6d316b614f0f9fa81fa3df43: expected 313019 found 95880
20827842,aot,44172001.405172415,
20824971,aot,55679224.45454545,gas-used mismatch for 0x09aa585897f97a6f8d384d2909085c3ba07cc02105fed79de4635f55ed32da14: expected 840393 found 486119
20829365,aot,33234460.073333334,
20829989,aot,39263980.184,
20829863,aot,48149454.81132075,
20829926,aot,39376669.520325206,
20828066,aot,39422665.79130435,gas-used mismatch for 0xcbed48d74cc197d861b8b3d4a18fb486468b005687bbe9035cec9cab6a235394: expected 283137 found 95904
20829942,aot,54074908.38823529,
20825471,aot,40279227.4137931,
20826060,aot,37957452.879432626,
20829973,aot,34761302.317567565,
20829739,aot,34733234.85106383,
20828229,aot,34524829.62837838,
20827536,aot,30783373.943820223,
20825967,aot,53386105.53125,gas-used mismatch for 0x229446afffe72256781017eae6cb3ae2c3bfbbe81e5ee4f05ece0e8384b1e2ec: expected 280132 found 245741
20828211,aot,60227513.85882353,
20824467,aot,33274475.843137253,
20825428,aot,44856864.93965517,gas-used mismatch for 0x28833803b8dc77a69a50d43187ac06e9193463713c3ea9ab20ec19361b224549: expected 224728 found 80060
20826107,aot,59881475.76923077,gas-used mismatch for 0x5427806eb3b269399af52f18d27a165466b664e10d975e89d9c420c7ad513e81: expected 166847 found 84385
20827279,aot,60497389.44578313,
20824472,aot,41294659.07857143,gas-used mismatch for 0x37c3699c6a533ae8f288076c17702e638677190103fd27e9595f45e19057cb30: expected 263068 found 245777
20828003,aot,52851631.25242718,
20827307,aot,38524014.571428575,
20826617,aot,62369228.25882353,
20829698,aot,34206086.94039735,gas-used mismatch for 0x3a54a78fb3153c01273f1fa1d2cace4c2621be227f07bc430bec88ff3ca1b2d3: expected 365779 found 306110
20824649,aot,54709150.87951807,
20829126,aot,74360542.69014084,gas-used mismatch for 0xc06c82caa2b52150219ea773f17c32422e00d91d548ae2941a5780787e911188: expected 366043 found 306374
20828016,aot,63530205.8375,
20824092,aot,57416456.708737865,
20829553,aot,32696283.92948718,
20825040,aot,12306487.66270784,
20825363,aot,40942951.248,
20829054,aot,39196113.81884058,
20828967,aot,45994203.5319149,
20824842,aot,38152761.17391305,
20829982,aot,62021678.45783132,
20829201,aot,43641312.551724136,
20829483,aot,33011573.677419353,
20829927,aot,29058827.780898876,
20826619,aot,34300040.48648649,
20829692,aot,33394571.293706294,
20825438,aot,38761415.21875,gas-used mismatch for 0xd87fc46ac51f434d7672e17b6db55c311d417c3fed1480a40b1ec37154eed1bf: expected 400382 found 95916
20829776,aot,37631786.64539007,
20825264,aot,37530801.07857143,
20825195,aot,49364705.54736842,
20824656,aot,48422995.8,
20829943,aot,30224562.777027026,
20829366,aot,41193448.387931034,gas-used mismatch for 0x38f8e8aef74c3f3c3f8c91e0bf3262c7861db1044372b198d463aab4d1e89acd: expected 353384 found 95880
20824972,aot,28824847.43452381,
20828067,aot,34211543.60902256,
20824515,aot,40055169.94166667,
20827843,aot,41511186.48275862,
20829974,aot,22809884.098522168,gas-used mismatch for 0xf2a956aa32283d327bd68259ba82a47b7b46c5286b7ee2987dfda85a7440be63: expected 298619 found 216274
20829864,aot,42796494.423728816,gas-used mismatch for 0xc3427b86ed1efcbf069fb1c78fd71ea61000ccffcb31745c5ccdfc6bea948813: expected 634776 found 95892
20826972,aot,32366164.156069364,
20829990,aot,35248784.0137931,
20826061,aot,39601060.976,
20824473,aot,14527055.33445946,
20825472,aot,36165039.03546099,gas-used mismatch for 0xc0732a5b53eae9d50a757c3c85b996b942e38b70863f079039de0f497551011d: expected 324110 found 95880
20829740,aot,47103012.603960395,gas-used mismatch for 0x8df4c8158e3cd1262912cd73ecf0c952c2112d77cc3a99d8a1bc7cf3abe3998f: expected 385151 found 317150
20825078,aot,18454545.89230769,gas-used mismatch for 0x6f751f95f41ac659124837b309e49548e5eb04b44a7e388acb58fb66bc61b8b4: expected 542922 found 86340
20827537,aot,27588784.664772727,
20827328,aot,46314813.74576271,
20828212,aot,36420746.7578125,
20827308,aot,36142075.428571425,
20828230,aot,48472880.46534654,
20825206,aot,39289636.44615385,
20827280,aot,37900722.05555555,gas-used mismatch for 0x567bdd06f29d6f7200fddf08ff3eee9ad7c00aa0840398b21ad12bd858cd4707: expected 218699 found 82074
20826108,aot,45344145.057142854,
20829127,aot,55667891.934210524,
20824538,aot,40653560.518181816,
20829390,aot,37507232.992592596,
20824650,aot,49397840.947916664,
20829055,aot,44202240.84,
20825441,aot,27858861.70857143,
20828017,aot,36608328.62857143,
20829554,aot,56497887.68181818,
20825364,aot,49046615.3047619,
20824843,aot,40570616.02586207,
20826618,aot,49138689.36363637,
20829699,aot,53167150.94059406,gas-used mismatch for 0x3e3834df3b5c927d0e61d2c659458c5ba44a6ee276d42ff3abfc279bccab2bc4: expected 484941 found 95880
20829983,aot,31956864.01935484,
20828004,aot,48240726.483333334,
20825041,aot,80918866.57575758,gas-used mismatch for 0x72e176b0c7caa8f9fa3d7ee6eb20b80f064054114e17d7278c459468d4c83342: expected 1405815 found 1206794
20829202,aot,51211801.14285714,
20829484,aot,25680601.990243904,
20829928,aot,34263310.245033115,
20829693,aot,35332271.368421055,
20826620,aot,52320915.126213595,gas-used mismatch for 0x6aa3fa7a5ac2d374da2af85ebdaa484bb722ab7006d35404740fb93b66e4ef6a: expected 88961 found 55173
20825439,aot,38341498.114503816,
20829777,aot,34058393.85333333,
20824657,aot,16566380.389078498,
20825196,aot,26213827.42051282,
20825265,aot,41062181.396946564,
20824973,aot,41884370.112068966,gas-used mismatch for 0x3c3ea2caa67dc175c6206bdc986181d42a4bd9ef7f197a590522c912936df414: expected 517136 found 284886
20829367,aot,46178683.06603774,
20829975,aot,18162629.119402986,
20827844,aot,40579326.227642275,gas-used mismatch for 0x5e6779188fcaa3c49bd08e6fb9b3a1d78cf58a240377eb6d795199b5710aafdf: expected 139898 found 80082
20824516,aot,39531093.79365079,
20824474,aot,47912591.14285714,
20828068,aot,43957338.20869565,
20825473,aot,35766292.64885496,
20824491,aot,30725145.391304348,
20829944,aot,78454760.6984127,
20829741,aot,26747852.442622952,
20829056,aot,33530355.686440676,gas-used mismatch for 0xdabd5337e929bcab34e191ae2ae1115ab796c3914ab831c1e36333ff43de8e06: expected 573258 found 472223
20829865,aot,40917773.93650793,
20829991,aot,41254738.125,
20827538,aot,29692933.36196319,
20826973,aot,25250307.31279621,
20825079,aot,56090345.22352941,
20828213,aot,32271774.29411765,
20829700,aot,21192192.841530055,
20827329,aot,44062596.43478261,
20825207,aot,35694308.585185185,
20827309,aot,41833663.50413223,
20826109,aot,50153832.177083336,gas-used mismatch for 0xbb5970d2e09aa416bbb78adaa905ede6c253421a5bbac5b3eee3378d65f1c96a: expected 272480 found 240444
20828231,aot,39330243.5,gas-used mismatch for 0x7a41ec1bda5a18e5d4fa59f9011f43c73809a7daf4fc8f09cea6b11729ae5b69: expected 876464 found 880185
20829128,aot,48510552.895833336,
20825212,aot,41810085.40833333,
20825365,aot,47559625.177777775,gas-used mismatch for 0xfb42158cac80ba48436edcabce18cfda9dbcb5aed718db60d3f2ac9db007a879: expected 213592 found 82074
20824651,aot,20699779.995918367,
20828005,aot,34540043.91269841,
20829391,aot,35996268.75,
20829555,aot,43393916.3539823,gas-used mismatch for 0x2cb338bb529835dfe9b81a885e2a4b25e27cd13554f4206e9fdb29555e55ac07: expected 420762 found 226902
20829378,aot,13589909.255555555,
20825442,aot,47410636.61165048,
20824539,aot,59254766.08235294,
20829984,aot,37379709.93129771,
20828018,aot,44082955.4661017,
20824844,aot,50417192.41,
20825042,aot,34732730.241134755,gas-used mismatch for 0x8d90e802c56fa94715950b9565bc75ac46bd2d32a8329d00ee69afe6888b1000: expected 322791 found 95868
20829203,aot,34137822.87162162,gas-used mismatch for 0x47e5385fa70ab2875726f8f3d159e2993eefa124f494305d563bedf1f4cd39d6: expected 546547 found 208500
20829485,aot,61913257.2125,
20828265,aot,42129404.72881356,
20824703,aot,34647303.32692308,
20826621,aot,52583619.70526316,
20825440,aot,44688064.67826087,
20829778,aot,45563039.16521739,
20824658,aot,68742295.58666667,gas-used mismatch for 0x86576d1dd77027b6b09a490249a153bcc4aa519c1d2199bdf055a205f25d030e: expected 488781 found 131322
20825266,aot,36897858.52173913,
20825197,aot,57160091.89010989,
20829368,aot,33030820.525641024,
20828006,aot,39345135.41538461,gas-used mismatch for 0xcc4e2d1ba7bc86f852a8485361178db375e18d796bb0eb116d67d117e5551b41: expected 431608 found 263754
20824974,aot,37281700.635714285,
20825474,aot,34638212.73103448,gas-used mismatch for 0x3fbb9bd94a356620675f8b4de936e315984801092343617b58a00bf9894fd9ed: expected 258200 found 243139
20824517,aot,34702965.76,gas-used mismatch for 0x98b8e34ff00032fa1116b1a2028e43df3766aea53c303dec5bbb6247702d9ff1: expected 482832 found 95892
20827845,aot,38230659.0942029,
20828069,aot,40768810.2734375,
20825080,aot,40046224.56896552,
20829742,aot,31340183.00621118,
20824492,aot,29266525.107954547,
20829057,aot,31133210.024242423,gas-used mismatch for 0xe65fdf71ec551063a8c13aa1e1470db8f694a6b7c8f786e8dd8f912b0c4a5fb3: expected 474736 found 437969
20824475,aot,43044714.23140496,
20829945,aot,42186713.3495935,
20827539,aot,20634376.896,
20829866,aot,39998554.358778626,
20829129,aot,31229632.506756756,
20826110,aot,41316631.55932204,gas-used mismatch for 0x30d353e8d18363fed87d4c6b63541186567d2c1a270fcf7837e80f81d34204bd: expected 166823 found 84361
20829992,aot,36097909.22666667,
20829701,aot,60120183.29487179,
20828214,aot,43564180.608333334,
20826974,aot,47146494.17391305,gas-used mismatch for 0x93de61633c7ed7d7956f31e4ae62cfe260ffb545f944475021ce831051d7592b: expected 296665 found 333076
20825208,aot,32147824.9875,
20827330,aot,41002174.14285714,
20828232,aot,32652698.576923076,
20827310,aot,48973937.93396226,
20825213,aot,33809205.921568625,gas-used mismatch for 0x8558d642df7f5fe84feb98a2af8a57a45d76d20d77bbaf86265c9b8ba7caab25: expected 264031 found 215842
20829379,aot,58267956.19736842,
20824550,aot,41489800.83050848,
20825366,aot,38917707.74637681,
20829392,aot,37240991.65942029,
20824540,aot,29464810.654545456,
20825443,aot,41327370.21666667,
20829556,aot,37556171.782608695,gas-used mismatch for 0xabd1dda0c279a1eef0e731494855b6dcd78ce3c3445706ec92e3535660e801ae: expected 204791 found 82074
20824652,aot,64042882.85,gas-used mismatch for 0x83e7a8827eff57f0d0497310adb07fe2ada188c579a04fd14b6d941134c28469: expected 324373 found 95868
20829985,aot,49396381.94736842,
20828019,aot,28411811.17919075,
20825043,aot,37661733.919117644,
20824845,aot,33368055.689873416,
20829486,aot,30395684.63703704,
20829204,aot,37243459.17730497,
20828266,aot,48139853.277777776,
20824704,aot,36045574.452380955,
20829384,aot,24002391.10714286,
20826622,aot,13259382.13164557,
20829779,aot,38352512.92063492,
20824659,aot,46726068.75728156,
20825198,aot,47535670.408163264,
20824975,aot,29706788.148387097,
20825475,aot,28475486.28313253,
20829369,aot,31758646.89032258,
20825267,aot,31740954.26993865,
20829706,aot,34127125.97931034,
20824518,aot,30331570.801282052,
20825081,aot,32968616.993243244,
20828070,aot,35064484.226950355,
20829743,aot,37127416.233082704,gas-used mismatch for 0x4f13b7710e828e842fd6eade8cccfd14902c6fc150f7b7ac7b5a48aa118c22fd: expected 390496 found 95868
20827846,aot,63819303.7,gas-used mismatch for 0x519c6e3db6c8c1bbcefe40eb7314cb9c0247a1c60f86d3b97401efef85185700: expected 255320 found 240384
20829946,aot,35893140.78947368,
20827540,aot,33848228.24827586,
20824493,aot,35404885.510344826,
20824476,aot,41470113.23966942,
20829058,aot,28517805.194594596,
20829702,aot,32843168.925675675,
20826975,aot,36127525.96296296,
20829867,aot,18835206.40714286,
20828215,aot,33870641.9109589,
20829130,aot,38647033.816176474,
20825209,aot,34109075.48275862,
20827331,aot,38646283.58778626,
20828233,aot,50234603.27,gas-used mismatch for 0xaba4f1d3e4da49a961d276000ffc79182f96917a846099c898721409cb22cc50: expected 3159102 found 2848581
20825214,aot,24833073.925,
20826111,aot,35378013.71523179,
20824541,aot,10810827.648401827,
20827311,aot,32039891.98125,
20829993,aot,41107744.624060154,
20824551,aot,30281846.134969324,
20825367,aot,32714313.64666667,
20829380,aot,49724424.428571425,
20829393,aot,32067926.28846154,
20824653,aot,28786417.386363637,
20828020,aot,38402415.208,
20825444,aot,49984805.97029703,
20829986,aot,26912019.240837697,
20824846,aot,31892894.64556962,gas-used mismatch for 0xd29506b47707ac73213f6e91a7774afb420270c5e68dbafa2f115658af5c3736: expected 235633 found 54044
20825044,aot,30008781.30357143,
20829487,aot,24512377.105,
20829557,aot,56588455.87096774,
20829205,aot,37642159.301470585,
20828267,aot,26597453.151515152,
20824705,aot,29255163.777777776,
20829385,aot,35148803.96453901,
20829780,aot,23345504.823809523,
20824660,aot,37140101.744,
20826623,aot,55039031.91208791,gas-used mismatch for 0x231d6d84561846b805dd6131380e33ae61b7048f1ac90a7b08c2bcdaf613fd0e: expected 3883463 found 1688455
20825199,aot,36437998.266666666,gas-used mismatch for 0x5f591227ec1716787508033cfc58e118474448a20bdf6df91c1c15cfe07c8a42: expected 372916 found 95868
20825476,aot,28866388.789473683,gas-used mismatch for 0x20689c2df2edf3a1b5e2888795f73d5af3c8b0e48c2da418b4c1cc15d4013861: expected 444710 found 123533
20825268,aot,32136324.575342465,
20824976,aot,59618114.42352941,gas-used mismatch for 0x9df66cdbba5ea0edca0b134e084a99e5b12aabe5d21ad50ffdbb0abb2520d630: expected 282545 found 153935
20824519,aot,33592071.1986755,
20829370,aot,38576266.323308274,
20829744,aot,108714.59500280111,transaction validation error: lack of funds (14071006528823541) for max fee (16512095600000000)
20829707,aot,50407513.04854369,
20827847,aot,22593927.652777776,
20824494,aot,30755974.38607595,
20828071,aot,35478918.44927536,
20825082,aot,44938464.56363636,
20824477,aot,34833321.82857143,
20825215,aot,82649569.91304348,
20827541,aot,34912222.92142857,
20829703,aot,42833494.061946906,gas-used mismatch for 0x94498bd36d8bff677c30b0d18cc9cfea7beef92b2126ca85e04f6287b53bbd99: expected 365767 found 306098
20829947,aot,47065629.504854366,
20829131,aot,22344963.490740743,
20825210,aot,34718949.125,gas-used mismatch for 0xa95525a832a66526d693274cde6c4a5b4b23dba74a526075cd43d797be540c4a: expected 270654 found 199929
20826976,aot,37318088.907692306,
20829059,aot,52773272.56989247,
20828216,aot,56544040.870588236,
20826112,aot,37831817.375,gas-used mismatch for 0xcd16a1caa384b930a5e859d6a5bd2c5dfab3f0e6aa3c0303bbb037a92bcf8e9e: expected 166805 found 84343
20828234,aot,36495805.01449275,gas-used mismatch for 0x9eec00497fdbb4f46bcbf744e0b84797770bd15d1f4773a7b66d860becd0868d: expected 224077 found 54058
20829868,aot,54725528.428571425,
20824847,aot,52876034.51428571,
20827332,aot,64221867.820512824,
20829994,aot,33474249.473333333,gas-used mismatch for 0x9df32bcbb5e7a2f342a8539eac2c1b19853a771c807d2213285287ff601816f3: expected 428609 found 223572
20827312,aot,38640268.734375,
20825368,aot,48200716.927083336,gas-used mismatch for 0xd56688a02a59f36fa0690c3d5c9bb519acb779740e944bc7877f3274af1e3486: expected 348475 found 95880
20824552,aot,43595054.6637931,
20829381,aot,38203628.16793893,
20824542,aot,66857155.626666665,
20829394,aot,55293612.30681818,
20828021,aot,50237561.7,gas-used mismatch for 0xb60b7b2a6b4a31aa5f3f28b0b5bb3be6b21c6bfa19d4dcb10c1bc69d5d2b74ed: expected 2609151 found 2532441
20824654,aot,32873861.916666668,
20829987,aot,41878429.25833333,
20825445,aot,45651969.38938053,
20825045,aot,36793629.96183206,
20829488,aot,32651643.0,
20829558,aot,50957144.08,
20829206,aot,42817348.6460177,
20828268,aot,59582004.21794872,
20824706,aot,43146912.47154471,
20829386,aot,38033620.14705882,
20829781,aot,47740973.93396226,
20824661,aot,36756785.696551725,
20826624,aot,41519167.0625,
20825269,aot,38033536.075187966,
20825200,aot,45364724.747826084,
20824977,aot,30398889.935294118,
20829745,aot,35286404.1862069,
20825477,aot,44897233.449152544,
20824520,aot,45039395.619469024,
20829708,aot,34470474.68275862,
20829371,aot,31494643.80357143,
20824495,aot,19027897.93207547,
20828072,aot,45737968.22727273,gas-used mismatch for 0xf905c8994447ea00126d53f5b555add44873f2526713057ac23771e04299b9df: expected 329240 found 95880
20825083,aot,32638438.012658227,gas-used mismatch for 0x42854d83f6e527c5f9a8aa8969edc0e28a78d4a4300a8d543e64f086351bb53a: expected 277745 found 153935
20824478,aot,35569457.66206896,gas-used mismatch for 0xf35c5d246c12ba5828c3a65355b8f6259948d7eb03140a7220630e24de535cbc: expected 2685554 found 929940
20827542,aot,25433124.246305417,
20828217,aot,28374795.90857143,
20829948,aot,37291293.10869565,
20825211,aot,39653257.1796875,
20829704,aot,37516996.47857143,
20827848,aot,69769453.85333334,
20824848,aot,33723971.326241136,gas-used mismatch for 0xc24fe183a8f4195a69f1eede2323b3ed8f6f555de433e5ec75e86af7c4d8bcc7: expected 380701 found 95868
20829060,aot,42305768.12,
20829132,aot,36112576.13907285,
20825216,aot,58689478.06451613,
20826113,aot,38408979.64492754,gas-used mismatch for 0x8034c20158d5842beacf3002b4ea0622347d7ddaad2cc79dae0401c4e73510c7: expected 397798 found 360802
20826977,aot,34968592.4248366,
20827333,aot,30024762.090361446,
20829995,aot,33886132.16339869,gas-used mismatch for 0xc32446e11a11c0b07554a4d26baa2a3a1e530ce255cc412437395c9a09ed2297: expected 258236 found 243175
20828235,aot,37408114.737931035,
20824543,aot,18906606.838461537,
20827313,aot,36180557.2,
20829869,aot,45374406.88333333,
20824655,aot,48019741.18367347,
20825369,aot,53654612.17821782,
20828022,aot,36202272.05072464,
20829382,aot,18404578.62413793,
20825046,aot,37502154.015625,
20824553,aot,32621527.240963854,
20829395,aot,48990737.35185185,
20824526,aot,77512624.4,gas-used mismatch for 0xfa01a87988f2702cc087353f324e389d36d1f605825154e20140a6708064fde4: expected 276852 found 272182
20825446,aot,43636471.62809917,
20829559,aot,36742956.7037037,gas-used mismatch for 0x76da9a489001d206ab373f974db583dd8db355022faa43ff2bc2115b0e2332aa: expected 322803 found 95880
20829489,aot,16598093.022151899,
20829207,aot,37542551.794117644,
20828269,aot,41773853.00833333,gas-used mismatch for 0x45e572baa2313e735011742a7abf10587ef9abfaf2d7808e14733cd374139eb7: expected 715193 found 173776
20824707,aot,29823955.167701863,
20829387,aot,18332585.724381626,
20829782,aot,53918643.69318182,
20824726,aot,44309137.486725666,gas-used mismatch for 0x6bb8c50ce4bcd96b3ade2105dcfae07477af57862b1a905d8ccbce3bd0ad5852: expected 499888 found 313765
20824662,aot,38238257.051851854,gas-used mismatch for 0xcf3ba2487332567d6a84a2e498a07c54e6846f0099c0daad19ce2e6538643ef5: expected 372818 found 95892
20825201,aot,57870275.08139535,gas-used mismatch for 0xbdb59c24051a7935b2478cf0e2fc19be2ec9cd881e0ebf809a87b21303044db4: expected 624070 found 431206
20825270,aot,31019095.072727274,
20829746,aot,34956315.17730497,gas-used mismatch for 0xbea8dba9b37003a3a57c2c3030bf38affa8785d75b4cbe830df30f4ce98044fa: expected 271953 found 249951
20824978,aot,42117191.20661157,
20825478,aot,35463960.90780142,
20825084,aot,44562361.723809525,
20829709,aot,30515625.48192771,
20829372,aot,36024880.99264706,
20824521,aot,27471965.797872342,
20827543,aot,28605086.726190478,
20824479,aot,30690226.858895704,
20828073,aot,31434536.20886076,
20824485,aot,32213422.026490066,
20824496,aot,37176448.85314685,
20827849,aot,31678057.68627451,
20829949,aot,35004998.94482759,
20829705,aot,32599630.743589744,
20829144,aot,32875570.89032258,
20829061,aot,20651313.410788383,
20824849,aot,34831647.2,gas-used mismatch for 0x2ffe0fb0287691df00c42de3b6bc1aacf17578287a4a141aebb3bf4a740dc6b2: expected 200867 found 81750
20826114,aot,36941241.437037036,gas-used mismatch for 0x0795ba5dbf5ebe756bdb215ea9e628c3623f514dc438b4162d307817d3ed97f5: expected 168569 found 84387
20825217,aot,30428640.34355828,
20826978,aot,27545837.322404373,
20827334,aot,48775287.78095238,gas-used mismatch for 0x0b9ab8ac7e6ebb55bc10a86d7afc1a118544e61ad32ef3fab8a1b6ebaa201325: expected 346049 found 164010
20829133,aot,43202226.38333333,
20829996,aot,42348269.483333334,
20824527,aot,29907375.276595745,
20829870,aot,36364490.29007634,
20827314,aot,41363590.041666664,
20824554,aot,40981829.527777776,
20828236,aot,43233557.16101695,gas-used mismatch for 0xf0cb2a9685eddb0dd4d04ca7eb3e65ea40a9e2f5e5f54fab4950e3d835f9995f: expected 322791 found 95868
20828023,aot,39196883.664,
20824482,aot,33839724.233333334,
20824544,aot,30007530.535135135,
20829383,aot,50523899.6,
20825370,aot,63749996.39534884,gas-used mismatch for 0xc4f07e82ac18107be19e2de38603cd4d5e1ce68fb28d4ac4a1707d531097c2cd: expected 209407 found 82074
20829396,aot,28344952.9,
20825047,aot,29091567.813829787,gas-used mismatch for 0x9ac7026442571d4510ab36bb7fdfa177e1d46b9a43c7116c7fdfe80683406b7d: expected 392024 found 395051
20825447,aot,34314240.166666664,gas-used mismatch for 0x67fecd3901357ecb39c920e1a38d9c3afbc44a769491595dd7807075c9b04ec3: expected 385115 found 317114
20829560,aot,28905512.629834253,
20829208,aot,61074185.35294118,gas-used mismatch for 0x81a8baa2b735b04fc3ed6be29fdc1e769cd04b37754be276473de60a3d77e99b: expected 579953 found 360597
20829490,aot,47577391.99137931,
20828270,aot,20122170.96370968,
20824708,aot,18183312.329710145,
20829388,aot,34368358.36170213,
20829783,aot,41026502.288135596,
20825202,aot,12263183.09574468,
20824727,aot,29516139.115606938,
20824979,aot,41490176.008695655,gas-used mismatch for 0xddf3b3e022bd7598f1be9c04f54e396da3d2fa065c919da37c51d03415419865: expected 323078 found 95880
20824663,aot,48417018.13265306,
20825271,aot,49278553.37894737,
20829747,aot,38831898.2,
20825085,aot,49119253.17346939,gas-used mismatch for 0x2876da5376a2dbe6d0b499296192bffd62d3cae2d73cb565a3f2b822756d50d9: expected 277745 found 153935
20825479,aot,54631476.472527474,
20827544,aot,39273309.23140496,
20824522,aot,30782803.98136646,
20829710,aot,24316406.417061612,
20829413,aot,26271667.125714287,
20827850,aot,42774051.647619046,
20824486,aot,32854524.93918919,
20829145,aot,90210886.92156863,gas-used mismatch for 0x84a9da088a65bdd47d9514c10d67367185e3dd3ea8f945f94bd888500545b1e7: expected 829984 found 825253
20829373,aot,53317093.62244898,
20828074,aot,13732544.696,
20824497,aot,35032795.02142857,
20824679,aot,49162573.97727273,
20824480,aot,52284184.25,
20826979,aot,35106649.3115942,
20827335,aot,38164918.84552845,
20827351,aot,31170426.006060608,
20824850,aot,43991459.0173913,gas-used mismatch for 0x7e7956ead1b0fedf078a093b318d50b16e452e72241146579e583e68621bce32: expected 198149 found 186360
20826115,aot,35970895.6,gas-used mismatch for 0x7ee62442725e83572b5f8e69fa43ae52871a92f08cb9aabbac74f7af2c482900: expected 166865 found 84403
20829871,aot,36843070.99206349,
20829950,aot,28079497.21989529,
20829997,aot,36707452.54814815,
20829134,aot,45304651.699115045,
20824555,aot,47332118.300970875,gas-used mismatch for 0x2cba246b758901ed4a596f136cbb626aebe31d67bc402033c74d6ec9a1e8688f: expected 661842 found 225131
20824528,aot,34482330.067567565,
20827315,aot,36689056.19083969,
20828237,aot,29657256.156626508,
20828024,aot,43571529.02586207,
20824483,aot,29656976.794285715,
20824545,aot,56227678.13953488,
20825371,aot,55431986.279569894,
20825448,aot,37733061.859375,
20829397,aot,45775192.40952381,
20829712,aot,46398928.25454546,
20825048,aot,54535378.166666664,gas-used mismatch for 0xd458ba2e6f8aed4b52d4a7f37a06354ad483fd70b8e7451b7fa96e718876e41f: expected 258152 found 243091
20829561,aot,39611195.722222224,
20829491,aot,42031011.61016949,gas-used mismatch for 0xcd2d56008001deffc83c4c054ae539331b9387df32f6fed41f41690318c82f55: expected 386563 found 95856
20829209,aot,23252945.618181817,
20828271,aot,53808787.694736846,
20829389,aot,33935875.66225166,
20824709,aot,60745851.87209302,
20829784,aot,28961778.53409091,
20825272,aot,44309389.3963964,gas-used mismatch for 0x964860347fe590ad300595841c543aaf0da03e6cfe5a7a825a2e5d9527b262a6: expected 295906 found 205853
20825203,aot,61141912.70454545,
20824980,aot,32518124.060240965,gas-used mismatch for 0xefb5b76f1aa2d56cdec545f5056b4a1a95bb7cc4b983495cd64ca5880edd6eae: expected 405378 found 95880
20824664,aot,33434442.36708861,
20824728,aot,48861196.32727273,
20829748,aot,38674244.733333334,
20825480,aot,34005447.21192053,
20825086,aot,36722704.63013699,gas-used mismatch for 0x686d52a7f85dde8fd822af96d880280ec1cbccb3ec3f89d18ef76ecb0d917a34: expected 224627 found 80060
20824523,aot,35873536.30496454,
20827545,aot,34631718.0945946,
20829711,aot,36477379.5942029,
20829146,aot,48475376.78095238,gas-used mismatch for 0xa7ef54d69391a582e2b99e6336c13be8efd63f9f033aa5868ab05c9d81379ab5: expected 300149 found 226485
20827851,aot,46565272.916666664,
20824851,aot,41924006.83783784,
20824487,aot,37790165.03571428,
20829374,aot,21668382.3375,
20829414,aot,16997658.673846155,
20824481,aot,35669119.78321678,
20824498,aot,29351165.11797753,
20828075,aot,56035750.48888889,
20827352,aot,49631250.5,
20826980,aot,39879088.31538462,gas-used mismatch for 0xbc046b42c3eb2758b5ab2a12fcdeca810d7f7c2a28cc0f7dbb412e68a883686b: expected 469731 found 471965
20827336,aot,45888347.83783784,
20829872,aot,42711196.077586204,
20826116,aot,39221316.73076923,
20829135,aot,29461390.166666668,gas-used mismatch for 0x32be18c179a1d5393e672656e5aa3d2acc395588214c02e2b2e388c32256e922: expected 1181722 found 929531
20824680,aot,46322416.11382114,
20829998,aot,37054324.37777778,
20824556,aot,32526654.301282052,
20829398,aot,31833415.99236641,
20828238,aot,22513147.69955157,
20825449,aot,38715834.81034483,
20824529,aot,34754924.803921565,
20829951,aot,59942932.50526316,gas-used mismatch for 0xaca22d6f14ea8120d4fc0002c34cefd323f92acf353b95d5fbc9a241b06a0303: expected 627379 found 571209
20824484,aot,49628834.54455446,
20827316,aot,49405127.54054054,
20828025,aot,42561894.18333333,
20829713,aot,33719438.492753625,
20824546,aot,46995293.0754717,
20825372,aot,39503661.62698413,
20829562,aot,37671596.28571428,
20829210,aot,40251328.17272727,
20825049,aot,46433367.5,
20829492,aot,40876880.336,gas-used mismatch for 0x91e9b684cd4a159e10c6dee71af9fe5c81959bbd0ce1ae40e849db35620bd3d2: expected 404778 found 95880
20828272,aot,33888968.33561644,
20829785,aot,33567399.62837838,
20824710,aot,36038488.09090909,gas-used mismatch for 0x569a3892be8620b8fb4eed234fd8dce159d76a39700a7e4ef08ced9f99d71826: expected 391918 found 95892
20827890,aot,58069702.20879121,gas-used mismatch for 0x2d505ea78f31e93cc5de92c1fedb6b533d6f963f016c0fa7f803d950d0a8b48e: expected 581624 found 367331
20829749,aot,25844829.222857144,
20825273,aot,44816269.52727272,
20825204,aot,42181559.708333336,
20824665,aot,38401117.603174604,gas-used mismatch for 0x6c68966aa770152aad0a6d29eea84a7f621dfd11718c49e09b788f14ade64b93: expected 395780 found 95868
20827546,aot,34720487.68115942,
20825481,aot,42941794.30434783,gas-used mismatch for 0x85e5125ff87d4bb120402096539952d01e47ff2480e3dd4e22b30f7cb0bfcdf8: expected 277745 found 153935
20825087,aot,39699279.666666664,
20824981,aot,45784598.70909091,gas-used mismatch for 0xcda591604aebecee62b912fb575c27b6ac32c6f850ca532499025e1a01ae50f6: expected 264043 found 215854
20824729,aot,36047827.77857143,
20824524,aot,28638370.31460674,
20829147,aot,22752692.53181818,
20829138,aot,36268117.72142857,
20824499,aot,32278285.864864863,
20829375,aot,29461082.210526317,
20824488,aot,35842815.62237762,gas-used mismatch for 0xd66f49b3ae322f1d59a55ba084eba4c6ea127215e2bcfc13c68990366e875b2a: expected 348475 found 95880
20827852,aot,24463040.17431193,
20828028,aot,43875510.46017699,
20829873,aot,11604810.647619048,
20827353,aot,36061921.85185185,
20824852,aot,13620511.527777778,
20826117,aot,39942239.01652893,gas-used mismatch for 0x4839430cc535a5b0c6e0d04ccd639e7eba0496caadda94d749278e7e9e9467c8: expected 367816 found 95856
20826981,aot,32143764.416666668,
20829136,aot,31883563.987179488,
20828076,aot,66713164.27160494,gas-used mismatch for 0x5011b7962f8defba96c4f2fc47b450f8d00fd2091d611cce8f45c12392ac1c16: expected 270440 found 95904
20824681,aot,36574162.6617647,
20825101,aot,41808556.190476194,
20824557,aot,34030653.95714286,
20827337,aot,39597165.95488722,
20829399,aot,29240138.479532164,
20829999,aot,29323157.855555557,
20829415,aot,72614298.12,
20825450,aot,31980093.044871796,
20824530,aot,35671153.19863014,
20829714,aot,25161778.660098523,
20824547,aot,16623731.810289389,gas-used mismatch for 0x409eaef3d0eaf58e66d3cfa834fae60f1fb75a4be38789278e29365a48e7b5b3: expected 257802 found 238160
20827317,aot,42480803.80833333,
20829952,aot,49955891.25242718,
20828026,aot,38731103.875,gas-used mismatch for 0x2a633f726c1a1eaa8aee30539bc0159ea3b2dcc2209bf669c1e2a710f75774b1: expected 637964 found 302859
20825373,aot,32118585.949367087,
20828239,aot,69290242.42307693,
20825050,aot,37839957.96825397,
20829211,aot,34852207.22666667,
20829493,aot,37223900.722222224,gas-used mismatch for 0xcec430fdedf075190e196363a772219515e2403fcaf991b898f07c1403677b84: expected 264067 found 215878
20829563,aot,50333853.768518515,
20828273,aot,49482726.99047619,
20825205,aot,35641162.90625,
20825482,aot,38607134.11304348,gas-used mismatch for 0xf921e2cb09596b767d161bd6fac1fbe6ffa4544c0f4bd7e414d6156895882b20: expected 367828 found 95868
20824711,aot,32866048.675675675,
20829786,aot,46975906.310679615,
20827891,aot,34038538.62937063,
20825088,aot,35224898.48888889,
20824982,aot,36176224.9389313,
20824666,aot,39294354.432,
20825274,aot,41947672.43902439,
20827547,aot,37871851.6,
20829750,aot,33661501.35294118,
20824525,aot,11134616.773033708,
20829376,aot,39529855.355932206,gas-used mismatch for 0x49fccaca717a48e964c459b1d19f355fb835033f547759af25e35a0c35a54cfa: expected 647842 found 505437
20829139,aot,30317680.71153846,
20824730,aot,34531044.95483871,
20824500,aot,22588136.69683258,
20828029,aot,42406447.736363634,
20824489,aot,30010035.325301204,
20827853,aot,39399631.056,
20829148,aot,84546637.04918033,gas-used mismatch for 0xe786dfa6bec6fd6ef2092012486b811b1e426138d2a7e6c9cb13e9d980423806: expected 1062699 found 886729
20829874,aot,56535766.41860465,
20824853,aot,36910732.18115942,
20826118,aot,35586888.879432626,
20827354,aot,29228296.9375,
20827338,aot,42863686.53636364,
20828077,aot,45300578.83962264,
20826982,aot,38043419.18461538,
20829137,aot,52389746.885416664,
20824682,aot,12968107.35,
20824558,aot,35802031.51428571,
20825102,aot,49547885.93,
20825054,aot,38367351.9765625,
20829400,aot,36838765.85294118,
20828027,aot,33763361.152671754,
20829416,aot,27192727.1,
20828240,aot,35306225.416,
20824531,aot,31677890.493333332,
20825451,aot,33207880.94375,
20829715,aot,51829243.448979594,gas-used mismatch for 0xb386f62f3c64b1c59073169e4938dd68f343bbf7c19901140230f117b0b1ebdd: expected 191484 found 81750
20827318,aot,31222278.677018635,
20825452,aot,28570739.348314606,gas-used mismatch for 0x9f04037496d648a2f0cde071e408c13ff97a4abe7b1a46d226cf3674ba95446a: expected 480636 found 183249
20824548,aot,64928904.60526316,
20825374,aot,33134815.66013072,
20825051,aot,22093829.990825687,
20829212,aot,34709246.692307696,
20829494,aot,24566920.733990148,
20829564,aot,32416107.529411763,gas-used mismatch for 0x917c962c4b0d7bc7ada49e7dc0d121b17266d978f3fd977feeff1c4c10a26e9c: expected 362581 found 95880
20828274,aot,38248961.27536232,
20829401,aot,28669146.41142857,
20827548,aot,26205374.539325844,
20825483,aot,43392171.30578513,gas-used mismatch for 0x8b838932faf613ad354b9baf2c00d6171001d3561bccb7d890fef5be5625bd0a: expected 1993012 found 1107705
20829787,aot,55645203.13333333,gas-used mismatch for 0xb18a7a42d48333918364f04577f279a28c40774e9576395bcda2b47bd9d19414: expected 410897 found 95880
20827892,aot,26401897.44897959,
20824712,aot,50559322.72815534,gas-used mismatch for 0x8a0257b505c8cb8e5e7317530193b2e72bf815363e3db54f92b651b46426af48: expected 431310 found 372188
20825089,aot,44233588.82608695,
20825275,aot,35487502.6,
20824667,aot,31789190.85714286,
20829377,aot,37866440.912,
20824983,aot,29457554.403225806,
20824559,aot,35918484.426573426,gas-used mismatch for 0xdf7317c3357608db98a009a5565dbe28b5a24a44895872a7b711265073fefe4f: expected 217764 found 82074
20829140,aot,34976216.45714286,
20829751,aot,12929891.784688994,
20824490,aot,40175018.381355934,
20828030,aot,34531239.28082192,
20824731,aot,25994405.67171717,
20824501,aot,44337476.637931034,
20827339,aot,36206463.20769231,gas-used mismatch for 0x787d579238ca5e51c8d1a20d3607dcb5bd2b40aff6925cacedbd713d764e3346: expected 369487 found 95880
20829149,aot,32062962.698717948,
20827854,aot,43342611.75,
20826983,aot,35700713.63235294,
20825055,aot,29232485.366013072,
20825288,aot,27476861.789772727,
20824683,aot,52325819.766666666,
20828078,aot,39880817.096,
20827355,aot,29505904.825842697,gas-used mismatch for 0x5a66f169a5916a56a812480ca9155495a31c36b1e2de34ba61652d15b34b5af2: expected 213307 found 210024
20826119,aot,48851519.60377359,
20825103,aot,33868051.89361702,
20829875,aot,49653269.99047619,
20824984,aot,40111301.56349207,
20824738,aot,33991935.986013986,gas-used mismatch for 0x010fdf5109c4b76b1a177cf702d4f680b56a4482bcb72d61cca83a847a87c126: expected 378449 found 258547
20824854,aot,69908687.08219178,
20825052,aot,59475552.975903615,
20829716,aot,24112079.471794873,gas-used mismatch for 0xd59eb11b1efa3e555a6d79af225288a86df1ed4a6f38fb8170ff617ee0b48fdf: expected 196332 found 81762
20828241,aot,41792566.45762712,
20824532,aot,56346971.28571428,gas-used mismatch for 0x76a6038db96ea2356acf5b4425cb7455d253ed84ff74808ac7fc5d92f36387a8: expected 257802 found 238160
20827363,aot,37538813.04511278,
20829226,aot,37137528.65413534,
20829417,aot,59350556.53488372,
20827319,aot,31528554.42236025,
20825375,aot,66555210.27941176,
20824549,aot,34990895.24657534,
20829213,aot,29071782.458333332,
20829425,aot,40291892.81300813,
20829565,aot,65973683.2625,
20829495,aot,75234211.04285714,
20828275,aot,47948761.958333336,
20829402,aot,34725603.04109589,
20825484,aot,28970068.52840909,gas-used mismatch for 0x88436321b77948ea9db1288c9e4d9d8760fe4d170408e6fa5462f149e7436c82: expected 262816 found 245525
20827893,aot,43586460.11304348,
20825276,aot,64396535.40789474,gas-used mismatch for 0xddc0e5a763b9309dd3872f7c74940f7674730796e0f9338328a8fc1570b8db61: expected 242925 found 201792
20825090,aot,28438809.125,
20824713,aot,34053269.3445946,
20829788,aot,32501498.98136646,
20824668,aot,31992920.246835444,
20829141,aot,37768443.45864662,
20827550,aot,50859895.21978022,
20824714,aot,54484135.26136363,
20824560,aot,44731842.6,
20825113,aot,29150962.443820223,
20829752,aot,50970821.802083336,
20829419,aot,51842271.74725275,gas-used mismatch for 0xef1734a145d855dc0676505eef5fac6f871c0d5aa7367371e6e28e7c55e0faac: expected 692870 found 530191
20827549,aot,40999598.461538464,
20826984,aot,36925690.07936508,gas-used mismatch for 0x4ab452ab24f9b4ed14f66dcb9e9652fdaed1e8ccd3db3c2ef57ca17054ce73a9: expected 277745 found 153935
20824502,aot,28364805.138121545,
20827340,aot,25563962.62121212,
20825056,aot,55013821.322222225,gas-used mismatch for 0xd54632123587b8905884b5c72cdc7f09a7c32a714514d9969b367e823bb993c1: expected 391671 found 271700
20825289,aot,46800261.43396226,gas-used mismatch for 0x8dd12ea754090b65ce4b7a68f545f598766464edfaaa55647c49ebb29f1602ea: expected 613362 found 549081
20829150,aot,43754807.62711865,
20828079,aot,11764033.256351039,
20827855,aot,39847470.776923075,
20824732,aot,64140370.825581394,
20825104,aot,29663367.18128655,
20824739,aot,31242200.74375,
20824684,aot,52760037.63265306,
20826120,aot,42876678.46666667,
20824985,aot,31416702.315151516,
20824855,aot,38389519.16030534,
20827356,aot,61039545.54216868,
20829876,aot,36901984.85714286,gas-used mismatch for 0xd3aa4f934d42c1990c45ffe51ab12a9a63d44ac61d0afbe19acfc7316009017d: expected 482746 found 252211
20825053,aot,49340383.40594059,
20829717,aot,60324354.65060241,
20829227,aot,31443904.69047619,gas-used mismatch for 0x48d7f9f90cb9d33ca0c95acf5177d650ec2f6e61365cdcedd662ca8a1dd2270d: expected 188159 found 178119
20829426,aot,26794144.2972973,
20824533,aot,27843163.174358975,gas-used mismatch for 0x3232919eff2cacba1c5b895f99cfd103d4d504025c051a448b35d8f7eea665a6: expected 312128 found 95868
20829418,aot,17740953.745874587,
20828242,aot,34002970.582822084,
20825376,aot,42109480.60330579,
20829214,aot,36321483.40559441,
20829422,aot,43626173.05833333,
20827320,aot,58394509.23076923,
20827364,aot,45285961.832,
20829566,aot,35136490.58741259,
20829496,aot,46521419.225225225,gas-used mismatch for 0xae1be7f139817728478069fd04f86c934322f5a4039ecea7ae6a8de36a502f08: expected 277745 found 153935
20828276,aot,35767050.83846154,
20825277,aot,37306450.359375,gas-used mismatch for 0x16141fc0a19dfbedf206fd9cc8bfac6a4e11702f1fdeee02b780cdaa3f13a564: expected 672587 found 161767
20829403,aot,38627788.96031746,
20825485,aot,58275486.98795181,gas-used mismatch for 0xd4974bc408b903ad22134681c7da4fa7f8ac4f0a1cc4188cc2cd1a97b8cb6d75: expected 277745 found 153935
20827894,aot,45182026.58181818,
20829789,aot,38452199.365079366,gas-used mismatch for 0x90ade89a14316c62b4903bffdf16ef6b6ec16b122a156abd8975e7ba8f5c917a: expected 1699924 found 1760077
20825091,aot,71253014.80882353,gas-used mismatch for 0x1cde86c4a39c514c235b4cb272e0bae3048863b647cff1b5a1562ae13470b0f6: expected 814620 found 876270
20825107,aot,42030486.381355934,
20824669,aot,35311557.18439716,gas-used mismatch for 0x308826ef88aa8114ef30f91f6202966c487521b3ea5d8257310790f83d0dc43d: expected 380725 found 95892
20827551,aot,30369028.3803681,
20826985,aot,32802302.687022902,
20827341,aot,67631158.78688525,gas-used mismatch for 0xf51fda7958571962656fa35528032960e202d8401ee586023520fb6211532576: expected 351682 found 203566
20829420,aot,23645712.48292683,
20829142,aot,48702575.85436893,
20824561,aot,29968747.300613496,
20829753,aot,40305359.57024793,
20824715,aot,29448668.539772727,
20827322,aot,31961164.8757764,
20824503,aot,57573522.61627907,gas-used mismatch for 0xe1565ced0e7dc1380b0f8daaf94711d8547d77b06e06f66b02a1c44a8d8f9a70: expected 391964 found 394991
20825114,aot,41829347.959349595,
20825290,aot,9768853.883040935,
20825057,aot,29314869.152941175,
20824685,aot,13427462.660112359,
20829151,aot,46936873.8,
20825105,aot,32072513.051282052,
20824856,aot,31005900.525,gas-used mismatch for 0xc8e4bd3fa1f9c0665df70dd90dcf692020c026bdfc5e7dccae562faa169dabf6: expected 264055 found 215866
20824986,aot,40622777.05833333,
20827357,aot,28839654.24855491,
20824733,aot,19731054.735849056,
20825110,aot,72390082.63934426,
20826121,aot,32333169.95652174,
20824740,aot,44189539.87288135,
20827856,aot,66114663.81927711,
20828253,aot,45597581.297029704,
20829215,aot,29096300.41891892,
20828080,aot,80951238.63076924,
20829877,aot,41888352.8046875,
20829228,aot,41219907.27586207,
20828243,aot,31284952.933774833,
20824534,aot,39091271.571428575,
20825377,aot,27835423.655555554,
20829427,aot,61781086.175,
20827369,aot,47805504.106796116,gas-used mismatch for 0x71fdb602d6bfa84b992bb30f9a9422eec3be5dfaf43c9d378ba23b9a590acb54: expected 294301 found 223793
20827321,aot,32123203.01986755,
20829423,aot,36586599.874125876,
20827365,aot,43409629.56,
20829567,aot,35399543.966887414,
20829497,aot,39675768.49618321,
20828277,aot,36768919.36956522,
20829404,aot,31132386.87671233,
20825278,aot,32248749.860759493,
20825092,aot,43640755.725663714,
20825486,aot,27774904.289617486,
20825108,aot,34525365.00684932,gas-used mismatch for 0xc3810df2498d66e254e17656361ea28c30cd6dd612180a51b3cca9558491981e: expected 160574 found 117302
20829790,aot,49801726.1,
20827895,aot,26623740.126262628,
20826986,aot,36538124.98529412,
20827552,aot,35787910.407142855,
20824670,aot,31515014.187878788,
20827342,aot,37008327.04444444,gas-used mismatch for 0xb8afadf0dffd13370aff63e3e7849718f2466e2d085e67c3ca1e6f70929e437b: expected 360175 found 317174
20829238,aot,26017008.865284976,
20829421,aot,32962092.613333333,
20829754,aot,35745720.63043478,
20824504,aot,38365825.576,
20829143,aot,31703018.084848486,
20825115,aot,29712113.57763975,
20824716,aot,28067127.578651685,
20827323,aot,32253156.55625,
20829152,aot,33859557.5319149,
20824686,aot,48288818.25,
20825058,aot,28465879.381215468,
20825291,aot,74605774.13846155,
20824857,aot,12326789.557788944,
20827857,aot,23300916.55172414,
20825106,aot,30366895.47368421,
20828254,aot,53384828.22093023,
20824741,aot,46598018.6952381,gas-used mismatch for 0x12f94027427e9761afc7a703370193d95e0dfed13145e69e455c1f0179dcb59f: expected 255320 found 240462
20824734,aot,41515480.712,gas-used mismatch for 0x573faad67cb21cf3bc5cd78300742ab58de5c783f2ab95bd8ef5d6cf90b0a7e4: expected 399030 found 320501
20827358,aot,49087398.81132075,
20829878,aot,45725009.48514851,
20824987,aot,50119665.12264151,gas-used mismatch for 0x4cf2eb064481baecfcbafbd1c22d8b1dbb308c54c701d1da6d69d872ebf8ba59: expected 224305 found 214265
20829229,aot,35756739.0703125,
20825111,aot,93026793.39622642,
20826122,aot,58347901.98863637,
20829216,aot,44080742.6173913,
20824535,aot,33669283.20979021,gas-used mismatch for 0x2e704b5d06c2be9f39ef68123ec63f053a55447a733d890662d424846bd74bc8: expected 195418 found 81646
20829428,aot,37367532.16793893,
20827370,aot,30080068.98192771,
20825378,aot,38188086.98473282,
20828081,aot,66621003.692307696,
20828244,aot,54081054.3367347,
20829424,aot,27244105.516666666,
20825007,aot,45116535.5,
20827366,aot,10201972.033333333,
20829568,aot,44217816.62931035,
20829498,aot,40494317.8984375,
20828278,aot,46730779.38834952,
20825279,aot,27320440.104972377,gas-used mismatch for 0x1b97c130b5d55636413af3fad2cbfe17fb5e09b15d2a6c8c95e4e394d6899e62: expected 366091 found 306422
20825109,aot,33459428.811594203,
20829405,aot,48208387.495238096,
20825093,aot,30282647.95180723,
20825487,aot,45726320.42727273,gas-used mismatch for 0xb4d30b6a1842b3bf2500955f7f322e82cc46a4a959d69cc4154938f7247ae801: expected 476622 found 95892
20829791,aot,43888055.71681416,gas-used mismatch for 0x73883b068d62e54fd0046e3bff6b2f0ca0f86bf4d92ccd3ca4332d2b5c08f375: expected 200965 found 81738
20826987,aot,44920617.09009009,
20827343,aot,25083313.64676617,
20827553,aot,36496682.7037037,
20824505,aot,9677374.088353414,gas-used mismatch for 0xfcb11d9f9a7e935a051493844882a63ec871dabe78df6f90b9ecca12559d5dcc: expected 364268 found 95880
20827896,aot,48619623.518867925,
20824671,aot,31810042.345454544,
20829239,aot,42949422.24576271,
20827372,aot,31508523.089285713,
20829755,aot,57383477.68604651,
20828247,aot,50832314.75510204,gas-used mismatch for 0x0ed24eb983df6831ac6030e2d63b25f3430e6635cf0aa58abf65bf60214586b0: expected 303210 found 238477
20825116,aot,33339005.163398694,
20827324,aot,527601.5220231822,
20829153,aot,24856358.196891192,
20824717,aot,41781100.74137931,
20825059,aot,43984619.576576576,
20824687,aot,15528489.846153846,
20827858,aot,38494909.38983051,
20829217,aot,12559172.147398844,
20824858,aot,69845017.23287672,gas-used mismatch for 0x6c7b0a339f25e8bc774a0756fcc21dc665a1d409682274942e8ab317b44d8ecc: expected 385280 found 95880
20825292,aot,57580594.05555555,
20828250,aot,36868103.5,
20827359,aot,40183839.9338843,
20824735,aot,55169636.255813956,
20825112,aot,27319280.573863637,
20828255,aot,25465860.027906977,
20826123,aot,14602505.957264958,
20829879,aot,39752814.48091603,gas-used mismatch for 0xf121f90ed51f865d84b20efafe57b9165e3727ea1d3e6328cfcba644636e5218: expected 1593784 found 280404
20824988,aot,26842657.313131314,
20824742,aot,36975407.84246575,
20824536,aot,43281371.52542373,gas-used mismatch for 0x4655ac312ed63c1377f2c87bb52fe1964892e318c819de1b270b24aa02ae8271: expected 383267 found 95892
20828245,aot,34941267.766917296,
20829429,aot,33626576.94594595,
20829230,aot,44066056.39669421,
20825379,aot,31262959.763975155,gas-used mismatch for 0x6975a0569a022af5fb90e4b82f2ce71f1c17d6621f697aee8a1fd2e923c5c07d: expected 394363 found 274461
20827371,aot,28135579.666666668,
20828082,aot,19291993.72243346,gas-used mismatch for 0xb68d7044319dad032ad58791157604c95c6cc60053b49d86b93532230ee8d345: expected 366067 found 306398
20827373,aot,34084312.14492754,
20825008,aot,32906700.615384616,gas-used mismatch for 0xc883d698aceb3525b0e15cca16ff855c91f3bf05d48c8b84b048679ec98fadbe: expected 277745 found 153935
20827367,aot,62502836.3373494,gas-used mismatch for 0xe4fd9de736cbe87d9ad99d1f4a8593fc83fd8c10a9e6eba82dff86151c8fb0e2: expected 293361 found 95916
20829569,aot,32979702.013513513,
20828279,aot,39010903.62962963,
20829499,aot,51322944.427083336,
20829406,aot,21910372.451456312,
20825280,aot,49731282.427083336,gas-used mismatch for 0x6f9989d693c905a18cfb3ec484ce940beb4461574c4a8171046169efc9e4d66d: expected 386575 found 95868
20826156,aot,38051606.122137405,
20825488,aot,39730744.73015873,
20825094,aot,25917297.81632653,
20827344,aot,52028518.95698924,gas-used mismatch for 0xdf0279b14e70bd322a589a45b0544dfbcaffc3b47e1f8feedc02c61334f109ab: expected 431985 found 218883
20826988,aot,38598704.76153846,
20824672,aot,45561423.51428571,gas-used mismatch for 0xd5f773255aded25b51755b278ccff455fb59bf3224dea4120348c0036e69357e: expected 363956 found 95868
20829792,aot,40947196.752,
20827897,aot,32896732.298013244,
20824506,aot,51314688.29591837,gas-used mismatch for 0x535b89a4ef6d7974ed9f3c56beb394677084d8459bbf10d3c44403062927059a: expected 353645 found 175092
20827554,aot,27807751.44736842,gas-used mismatch for 0xe9f1cc9d03d9ee384344ed397e22379209b0039c5cd59fac74e2f990d67909eb: expected 685111 found 245679
20825117,aot,28167674.965714287,
20829240,aot,50469475.94,gas-used mismatch for 0x4082fe85172f0bbb75b8afb324ba5c91350435b6149c88eac50528b08df489d2: expected 277745 found 153935
20828248,aot,33911152.50675676,
20825282,aot,25249149.10232558,
20829756,aot,38608670.97058824,
20824718,aot,41025259.912,
20829154,aot,39191489.96296296,
20827325,aot,73559478.3,gas-used mismatch for 0x8490960d7619731a2bddb9dfc322658c8d65bca62106eb8f1a8275ba4cce7570: expected 272468 found 240510
20824688,aot,55206481.95555556,gas-used mismatch for 0x8124a99793b0d87464c91da19021fcdc105962a8b0587b0621348b59bad94bdf: expected 2301244 found 640351
20825060,aot,34042643.946666665,
20829218,aot,67899874.02739726,gas-used mismatch for 0xeaf062efaba51d2a6d95562f10a7426708577cb2bd63a7514ee64d367e546883: expected 319874 found 254544
20827859,aot,50957477.1632653,
20824859,aot,20113091.65612648,gas-used mismatch for 0x05fd992fe5ff76654a8a1361f360fdf3c64c472aa662660ceddf8dc2e11cb28c: expected 291479 found 327890
20827345,aot,28967348.52631579,
20828251,aot,39796806.536,
20824736,aot,36268685.28571428,
20825293,aot,36972706.97931034,
20828256,aot,38595628.888,
20824989,aot,54229319.57954545,gas-used mismatch for 0xba4261b08aff7b41882de27f8129b0356fd637160782a632d0a5d87916ce3ae8: expected 264079 found 215890
20824537,aot,38154575.82644628,
20824743,aot,39071488.27272727,
20828246,aot,24237239.74871795,
20827360,aot,57405551.19318182,
20826124,aot,49480685.64356436,gas-used mismatch for 0xa815460fcaabb5ed74a1a49fb86f61c9d9178f5de247ca5034c09e730369ee12: expected 499840 found 367307
20829880,aot,35557767.25,
20829430,aot,39345517.0,
20829231,aot,38735272.4453125,
20829759,aot,33188703.706666667,gas-used mismatch for 0x808d8052c75d2ee48148351ef756808eb37b263a42787b0a3bb40e581f27e5b6: expected 360091 found 317090
20825380,aot,48254223.48571429,
20828083,aot,61845443.526315786,
20827374,aot,47746162.80612245,
20825009,aot,28488424.104046244,
20827368,aot,36119875.52941176,
20829570,aot,38332231.22900763,
20828280,aot,30654250.20245399,
20829500,aot,35066400.42068966,
20829407,aot,61779356.5125,
20825489,aot,38477051.556521736,
20826157,aot,30233054.32142857,gas-used mismatch for 0x16d48ba97e3c4ca777cc7c73e9e584ddc3c34b1ca46edbedb18740392076f7c2: expected 458220 found 98981
20829578,aot,12635737.411471322,
20825281,aot,39389473.95890411,
20827898,aot,41743536.23728813,
20825095,aot,53259951.5625,
20829793,aot,23334268.888888888,
20826989,aot,48631145.833333336,gas-used mismatch for 0xb9465abcc3dd4ff7168f67e175e44a2943bdfc73f41d67da733d8050a61ebb6d: expected 543731 found 541852
20827555,aot,36702638.80419581,gas-used mismatch for 0x040699daf8cce28c18c538f0ad30354505b169036f722515b500a73e02f375ff: expected 494227 found 95856
20824507,aot,40001251.23846154,
20825118,aot,25601687.59,
20824673,aot,37549451.6369863,
20829155,aot,43662803.324324325,gas-used mismatch for 0x6a1ca99ab3320776f02a4c0d8c03c25c8983ee02ea2d1a72f1b4de46f18424a4: expected 938598 found 577542
20829757,aot,29196501.450867053,
20824689,aot,45233134.405660376,
20827326,aot,30198431.56626506,
20829241,aot,49227672.80909091,
20824719,aot,38138662.2406015,
20825283,aot,31837562.13125,
20828249,aot,59815592.88235294,
20827860,aot,29251408.757575758,
20825061,aot,59762124.4,
20824860,aot,50199969.54081633,gas-used mismatch for 0xfd9277ea35cf77fa7c3600eed11681d1406d3b73a110e6b41cb7fb509979a00d: expected 407423 found 287452
20829219,aot,34850649.52027027,
20827346,aot,32534236.25490196,
20829794,aot,45809814.346534654,gas-used mismatch for 0x3ba520da5bb42937f2ad2c9cd2364d2cba2eb699103942e48f2ce02654745c35: expected 209462 found 82074
20825294,aot,35511218.75362319,
20829800,aot,30348259.71875,
20828257,aot,33832073.85314685,
20828252,aot,37958294.86466166,
20824744,aot,30841234.810126584,
20824990,aot,46200793.12037037,
20824737,aot,35708913.26896552,
20829431,aot,34383830.80419581,
20827361,aot,29183807.870786518,
20829881,aot,48845339.267326735,
20826125,aot,40247699.32539683,
20825381,aot,46232836.86407767,gas-used mismatch for 0x2b03e8bb4c24525a7c192153a5ab8cddc4d4c97dc9a53e724b4475e9ee2df33c: expected 1233888 found 580985
20829760,aot,46787000.86046512,
20829232,aot,42636678.39655172,gas-used mismatch for 0xfef48572540bf85c5aef268b03a8618a62b12f10cf82aa233ff6e3008dca7133: expected 209682 found 82074
20825010,aot,48964380.78947368,gas-used mismatch for 0x87b4823201d6f88c2c8e61a7a891f10246c46e336d269e36cdfa083e3f62b4ed: expected 567389 found 119844
20828084,aot,32636502.903448276,
20827362,aot,42793694.13888889,
20829762,aot,63003821.1375,
20829571,aot,29922393.8969697,
20829501,aot,53487082.8631579,
20828281,aot,44807007.652173914,
20829408,aot,33433708.666666668,
20825490,aot,34182276.29655173,
20826158,aot,35678097.2739726,
20827899,aot,38406557.047619045,
20826994,aot,42273778.809523806,
20826990,aot,22364205.03167421,
20829244,aot,38486967.22137404,gas-used mismatch for 0xb80d053517d8dcae88bfbdd6a82f6aff3811ff5dcf8f4b901d8555ffd9b14217: expected 327931 found 98981
20825096,aot,42325950.68253968,gas-used mismatch for 0x2f002d97e2cdbb94b17934fe54984c8a35f61894ff62e8770e67649398bbc23a: expected 443290 found 96751
20824674,aot,27434464.87845304,
20824508,aot,40574888.578125,
20829579,aot,70645921.9859155,
20829758,aot,43708466.30909091,
20827556,aot,49110279.63636363,
20825062,aot,36872609.900763355,
20825300,aot,33808394.574324325,
20824720,aot,35519978.47945205,gas-used mismatch for 0xdae71bd1dd4a052d25474924a37101ce0e8bee3e94c1589a6010764174ddb77a: expected 194461 found 81750
20824690,aot,34092565.07333333,
20827861,aot,44374120.477477476,
20829242,aot,32292518.57142857,
20824861,aot,47529814.59047619,gas-used mismatch for 0x67b6972ba74491967dc939f6b063d595faa9c5751c772bc98ce13e1dbff3c72c: expected 216709 found 203869
20825119,aot,68667919.7037037,gas-used mismatch for 0xc148d726c656fb680776b432e2278b0e301e9ced7299ee1ec1075fa225a08e60: expected 425058 found 95880
20827327,aot,40454125.57692308,
20827559,aot,49919978.84955752,
20825284,aot,65890874.45,gas-used mismatch for 0xbb9b57f4252c3a2daaef49cb5630c9a5966f8e32d989216f537866f9814f9ffd: expected 277745 found 153935
20825295,aot,50032328.8019802,
20829220,aot,48532749.574074075,gas-used mismatch for 0xa0c788b2dde2adcf1396560d65f9cd9dbb5115d1ebd06c3329561f94b28fe5af: expected 522590 found 95868
20829801,aot,32422871.246835444,gas-used mismatch for 0x48348fd383518879c2c697519f7300a7ae06841d9c79f3716159483b3d486ebf: expected 204626 found 82074
20829795,aot,39921549.26153846,gas-used mismatch for 0xccff13d594ec35b6e17940d87e20895e5fdbbf21436bf19e2724ef68608bc83b: expected 385115 found 317114
20827347,aot,40447422.91538461,
20829507,aot,42836887.152542375,gas-used mismatch for 0x2d9c1c412f9955cc61e47b5153e62fb309ff929c5e16baae5a986db74256e293: expected 362581 found 95880
20827913,aot,29364702.46111111,
20829882,aot,25448704.153061226,
20828258,aot,63422916.79518072,
20824890,aot,33639060.33783784,
20824991,aot,48638437.216981135,
20829761,aot,14941706.80654762,
20824745,aot,56667985.2688172,
20829432,aot,32552050.335403726,
20829233,aot,30913302.31547619,
20825382,aot,34846482.81045751,
20825011,aot,35296468.13970588,
20826126,aot,39014312.93617021,
20825019,aot,40266062.14049587,gas-used mismatch for 0xd6be11427ea58eda0ecae30b6145a4602e8322bcdd036b43f230a5d59d847063: expected 277745 found 153935
20829763,aot,43271783.07619048,
20828085,aot,52380630.153061226,
20829572,aot,32827431.666666668,
20829502,aot,30255745.516556293,
20828282,aot,49527479.902912624,gas-used mismatch for 0x902970e5863c7bb9f4592c3e4577dea7b5a545df0f1a8b122913ee359ae29968: expected 294008 found 95880
20825491,aot,35409664.092857145,
20829409,aot,37834603.875,
20826159,aot,48319831.8490566,gas-used mismatch for 0xf7a48000944e631eeeaafa7725a3df02dd5b5e106af53442e681f11f6c895c54: expected 194849 found 166029
20826995,aot,39168956.87826087,gas-used mismatch for 0x8320097f433e04f89dc2d52773917cd0c0e536fd4e6b7650d8208989b6746213: expected 269910 found 238180
20827900,aot,37902767.38095238,
20829245,aot,30011745.570552148,
20825097,aot,21908424.537777778,
20824675,aot,8251494.264214047,
20827862,aot,35253311.05833333,
20826991,aot,48412882.38834952,
20829580,aot,27105542.41573034,
20824509,aot,35989395.34558824,
20827560,aot,34023120.86923077,gas-used mismatch for 0x22de421b3a2d2eb4e2c75ff706adf1062f762a9752eae924f861dbb3297053f8: expected 666051 found 425017
20824862,aot,26450961.44808743,gas-used mismatch for 0xd506ea34574561581c7bed8e8176c54cb2847d863ca8580f04642c50f030062d: expected 201955 found 191915
20824691,aot,38625710.84,
20825120,aot,26817978.54494382,
20825063,aot,33941677.96551724,
20829243,aot,50813787.094736844,gas-used mismatch for 0x5262bf702b406ae627048150488e81483ff77995c752f94395c138c8303e5921: expected 250866 found 196669
20825301,aot,53824291.47311828,
20824721,aot,58938933.430232555,gas-used mismatch for 0x906fa352ace4ffa22c2480b9da2ee9ec2d837cf2f12bfb97e1a39904a8bef2a4: expected 380725 found 95892
20825285,aot,25989838.21081081,
20827557,aot,34505652.00621118,
20829235,aot,44962559.18918919,
20829883,aot,31607082.34751773,
20825494,aot,41016032.61702128,
20829508,aot,28320988.25,
20829221,aot,29939440.339285713,
20827914,aot,36882682.44360902,gas-used mismatch for 0xa8c4841a7f4baa9495879693a035029d10a5e2266b13ef1ff43064bdd66fab7b: expected 836682 found 603133
20829802,aot,44420965.77586207,gas-used mismatch for 0xf59ee68ea69e8135c9245f04ff4bb030969903fe5b4a8c7c7e4ebcb98d064358: expected 264481 found 242479
20829796,aot,35752587.45,
20824723,aot,37718303.91269841,
20825296,aot,44364700.405172415,
20824746,aot,29935770.54658385,
20824992,aot,42403808.0,
20828259,aot,46301337.25,
20825383,aot,47330894.928571425,
20829433,aot,52479463.44210526,
20827348,aot,52231391.58415841,
20826127,aot,44255294.85454545,gas-used mismatch for 0xe8b85b874094ef2c810abfa8d8fac664cea313d8846c9fc6b448846902aaba65: expected 458220 found 98981
20824891,aot,32406596.715151515,
20825012,aot,27181811.71270718,
20829234,aot,33737650.894039735,
20825020,aot,43565993.08108108,
20828086,aot,18840040.439215686,
20829764,aot,44446380.82882883,
20829573,aot,30605014.666666668,
20829503,aot,55412418.01098901,
20828283,aot,31371185.975,
20826160,aot,39126151.46956522,gas-used mismatch for 0x07e78329008ec73bba2f17be0be45b0bf06a9a0f25482401dea84ed87a175df0: expected 277745 found 153935
20825492,aot,44781990.90434783,
20829410,aot,28010708.79005525,
20826996,aot,32952799.258064516,
20827863,aot,27749123.192982458,gas-used mismatch for 0x260ef8f510c48282b371a68b78990736f5ec2c7131b7e6df2146f4816caf4793: expected 437347 found 95880
20827901,aot,40519558.82926829,
20824510,aot,38981674.6173913,
20829246,aot,17742834.860068258,
20825098,aot,56178597.13333333,gas-used mismatch for 0xb7a05adf5ada5cc60348d3434bd886df33e788f2cd96b30d312d5c443ceb6253: expected 329240 found 95880
20826992,aot,54681527.0,
20829581,aot,32472389.206666667,
20824676,aot,64503069.94736842,
20827561,aot,31159210.57763975,
20824863,aot,38822188.75572519,gas-used mismatch for 0xfb615cdec0fddf00630969933ae5528e06ae5e4bf132d0cf19d9fc6d628fb782: expected 264445 found 242443
20825302,aot,32812241.165562913,
20826132,aot,33287159.953642383,
20824692,aot,48649417.87735849,
20825121,aot,32597363.2375,
20824722,aot,24957507.48,
20825064,aot,40270386.64885496,
20827558,aot,29909964.757763974,
20825495,aot,37597662.47692308,gas-used mismatch for 0x09dc6e662f2b703dc00bd43def9249b4638f5eeffaceeb8279a278edf3739d77: expected 277745 found 153935
20829509,aot,15715865.956656346,
20829236,aot,31780591.775757577,
20825286,aot,47480457.333333336,gas-used mismatch for 0xe624cd157ff51f1c5d9be2a3c866447cd4eb04bf7e81eb637e864b1076c804d7: expected 277745 found 153935
20824724,aot,42276232.90740741,
20824993,aot,29182373.277108435,
20825013,aot,38602739.16949152,
20829222,aot,18353733.316363636,
20827349,aot,32108297.143835615,
20829803,aot,36947287.86923077,
20829884,aot,48755628.22772277,
20829575,aot,34302435.758865245,gas-used mismatch for 0x224e3d8abbb5333f31fcc7962950a9355bc5684cc066bf1889d28bfea486327f: expected 360115 found 317114
20826128,aot,35431839.13533834,
20829797,aot,37816919.3984375,
20825384,aot,31144420.322981365,
20825297,aot,28237025.08839779,
20829434,aot,42165864.85217391,
20824892,aot,45995527.31481481,gas-used mismatch for 0x9728813937471f4b2aa2497b95c5eae45eb3d0a0c15eb3fbcb3fbcc5206057bf: expected 264079 found 215890
20824747,aot,47885960.26213592,
20828260,aot,32590670.801282052,
20827915,aot,37674638.99285714,
20828087,aot,64627255.525641024,gas-used mismatch for 0x19f3f7c7905ca7c7f3bf3900eb9bd7c2bc7d004469d9332b63667416f71880f3: expected 449369 found 417173
20825021,aot,49755069.175925925,
20827907,aot,56601236.86666667,
20829574,aot,30864772.25766871,
20829504,aot,32401166.589403972,
20828284,aot,41783382.34146342,
20829411,aot,36305987.603053436,
20826161,aot,32339131.06875,gas-used mismatch for 0x69289f27b6a7324537d1c9774a63db4dbfb5cf0b3f44da705cc3a15e10fb6d7c: expected 207609 found 138348
20825493,aot,31627606.418181818,
20827864,aot,42921574.61157025,
20827902,aot,38980008.52592593,
20824511,aot,51137495.83,
20826997,aot,40901727.4351145,
20829247,aot,59686458.77906977,
20825099,aot,35877525.9020979,
20826993,aot,31954320.490797546,
20824677,aot,35301187.533783786,
20829582,aot,51132716.091836736,
20827925,aot,39452369.13533834,
20824864,aot,43389717.24166667,gas-used mismatch for 0x0fb02aac0eafedb5cf67a75e1aad742d0b739a2063ede7ae3548c9b1d4fe4835: expected 380701 found 95868
20825122,aot,29602238.011560693,
20825309,aot,43171086.62068965,gas-used mismatch for 0x1464f30d7bbbc8ddcf0b967ce31c64411bf297d91a604be5d917de0ea3d71bd6: expected 355857 found 95868
20825303,aot,38381597.32608695,
20824693,aot,43379944.916666664,
20826133,aot,45027723.71551724,gas-used mismatch for 0xa9a4ac7fd4b445b358b7bc2efd7e13112071ecd019d13cf1ead8a1ae5c03310b: expected 318757 found 312280
20825065,aot,35316442.179310344,
20825496,aot,38713723.885496184,
20825306,aot,45877252.949152544,
20829510,aot,71351960.63013698,gas-used mismatch for 0x52e42590da74c030f30a31d1a11c5f6e6931e1b430e482354fcc7a936e99950b: expected 264067 found 215878
20825287,aot,48508954.58490566,
20829798,aot,37740851.833333336,
20827350,aot,36675619.907692306,
20825298,aot,20230519.466101695,
20825014,aot,7524234.030837004,
20829237,aot,68228779.38157895,gas-used mismatch for 0x8069c4fd1d28b18218451b41ece25ef9adf71916c0341183ff4f51b3f2f380bc: expected 381395 found 223704
20824725,aot,37427083.925925925,
20829435,aot,40609707.39130435,gas-used mismatch for 0x97ca297bbd66ea0715bb17e2ca54e7a9563bde13fd86fefcee44431c3487f159: expected 307960 found 217316
20829804,aot,46759567.504854366,
20829885,aot,39443508.17557252,gas-used mismatch for 0xb34b7b745facbe4b7a7a313f516e80a5236e206613eecb674ca7d98827d29dd8: expected 391890 found 314874
20828261,aot,39426481.333333336,
20825385,aot,38048540.65648855,
20829576,aot,32741474.234177217,
20824994,aot,19127218.518900342,
20824893,aot,41334266.91056911,
20826129,aot,31925699.208333332,
20825022,aot,33402153.195652176,gas-used mismatch for 0xff266fc4815763d93d8e2d3a8a3ad4688790ae47be475329f36bbd99a6a9e50a: expected 959422 found 747319
20828088,aot,28062568.532163743,
20829223,aot,90654260.07142857,gas-used mismatch for 0x16a7c63544adcd6a10e30214233841a80d650691302ee77c5a5139207c8f5357: expected 743006 found 617773
20827916,aot,36298231.572413795,
20824748,aot,38025567.5,
20827908,aot,31915945.81756757,
20829505,aot,40354910.88983051,
20826130,aot,43069759.83898305,gas-used mismatch for 0x242d4964b1032d14105ace4ede2a50c5cc52f67a137a09a14f417839fdebb7aa: expected 311844 found 173987
20828285,aot,51967065.795698926,
20829412,aot,31993001.018987343,
20826162,aot,42314049.52586207,
20828262,aot,19099819.785714287,
20824512,aot,26357047.29032258,
20827865,aot,36466973.45185185,
20826998,aot,36588603.55639098,
20827903,aot,51534750.32,
20824678,aot,40581364.1637931,
20825100,aot,39988319.487804875,
20824995,aot,56599616.39534884,
20829583,aot,28482822.539325844,
20829248,aot,50036776.58,
20824865,aot,44749442.79245283,
20825304,aot,34822620.198529415,
20825310,aot,23624599.185714286,
20827926,aot,30678622.713450294,
20824694,aot,35271235.48571429,
20825123,aot,24710500.947619047,
20826134,aot,39040123.50769231,
20825066,aot,35357384.673758864,
20825307,aot,46693913.723809525,
20826999,aot,23825670.415300548,
20825497,aot,39626091.66153846,gas-used mismatch for 0x22d1a02f30ac16504794b421187ff5d74f0b129dc9acd92979689b8b95434371: expected 844696 found 179829
20826131,aot,45591207.63207547,gas-used mismatch for 0xc39ac7c43770edc27e6d12c218716c5982807734de086b72cab2e11901a0f815: expected 262852 found 245561
20829436,aot,47279096.052083336,
20829799,aot,33021144.424657535,
20825299,aot,65799519.68,gas-used mismatch for 0xc691f4acc7d6ecfac471d262fede6919fcdf219fc90acb2809298dabfcf3ae98: expected 2216073 found 1481722
20829511,aot,41825425.246031746,
20825015,aot,71392782.07042253,gas-used mismatch for 0x113f9a43360d1a3d5ec865acfe66e49a9cd6dc229c4d6e88dbf05dc2a9a61afb: expected 365767 found 306098
20829805,aot,42491237.11016949,
20829806,aot,31744786.736486487,
20825069,aot,32694952.985507246,
20827904,aot,41011038.216,
20829886,aot,30974179.67721519,
20825394,aot,43394497.05555555,
20829224,aot,46810314.845454544,gas-used mismatch for 0xb9a8e68faa86795bc361e952e86bd0cca265f919bd17aaa6811dc000213a86d6: expected 269839 found 238086
20828089,aot,43246330.24324324,gas-used mismatch for 0x1edcaa2b3c247161d441b300a7eda6eab79e61dcc736b713a6bfd843ea6445a0: expected 267726 found 188547
20825386,aot,53000272.78494623,
20825023,aot,14111870.351123596,
20825072,aot,46106473.68518519,
20829577,aot,39845564.015625,
20824749,aot,33661401.31506849,gas-used mismatch for 0x82bfe468132e7c04db5833a93f7b13d9c393ed3326f9ac5e48695b499dc19ec7: expected 214600 found 144564
20827917,aot,29799058.719298247,gas-used mismatch for 0x0561e1297871e4a3f7c042f7e2c655af057df2732729d4b49fbb60cffd9e619b: expected 587310 found 392201
20827909,aot,32266673.116129033,
20824894,aot,44146689.336,
20829506,aot,54484786.47311828,
20825400,aot,40586474.928571425,gas-used mismatch for 0xdec237801ba7e43cf3ff615fa1686b6a1eec70a4747f8bb35971d4fe719e72f6: expected 277745 found 153935
20828286,aot,43640197.22123894,gas-used mismatch for 0x3db1c94802ae48e7a644aa440dc07989b0c4b162f6e72f27b29383e847a7591a: expected 360163 found 317162
20826163,aot,15196036.009287925,
20827931,aot,39569668.31746032,gas-used mismatch for 0x92617b9807ebe7c43cbdb8ae8daadf6cea190fcade5d6ea43cd01ea514fd79c2: expected 827835 found 184001
20828263,aot,58584080.03409091,
20827866,aot,34519758.70945946,gas-used mismatch for 0x9cad8492a7a6ea5864c32996e8a824fc982c4b4f8b561e3de8da32941f2e656e: expected 437347 found 95880
20827934,aot,27484896.806629833,
20824513,aot,27191113.031578947,
20829894,aot,38013398.08730159,
20825397,aot,34940031.461538464,
20824996,aot,42490887.7079646,
20827878,aot,36366206.36029412,
20824866,aot,27159843.679775283,
20829584,aot,39523515.43801653,
20824695,aot,34945780.84615385,
20829249,aot,34279637.12,
20829513,aot,41287890.91428571,gas-used mismatch for 0x412d389d943a7a0d97edfedd5d278d49ef11f9b2dcafd92e211d7ec96bee14db: expected 272533 found 240407
20825311,aot,24976959.616915423,
20827927,aot,48235326.19,gas-used mismatch for 0x6a2d791fd97dea193a9c3a7047eac14cb1c5def4947082613e8e8be716308785: expected 446279 found 95892
20825305,aot,50593770.732673265,
20825067,aot,34840546.226950355,
20829519,aot,29040347.61904762,
20826135,aot,34982184.406896554,gas-used mismatch for 0x1541ba777488bc20412cd66464cc920cfda54c7054c98263f8043ee95489786e: expected 384309 found 320411
20825498,aot,26704737.335106384,gas-used mismatch for 0x9fb9e80e582882ce6198cb2adf2bd60fd309be049db2a8ed1034dc68a4edb036: expected 272504 found 240468
20825124,aot,27390869.256544504,
20825308,aot,39009975.54615384,
20825388,aot,16053327.277419355,
20825395,aot,28766427.556962024,gas-used mismatch for 0xc4814c3aa7b848e3d23ceaf18e3187272233649c3e0e503309c53f2dc1ae4bf5: expected 345358 found 163865
20825001,aot,31277800.067484662,
20825016,aot,36184217.2132353,
20826144,aot,20567969.352941178,
20827884,aot,31777170.42948718,gas-used mismatch for 0x0dfa88abd9cf5dd42b65928303e336cb6dd23c867c8c082ee288e97aa68c0c2c: expected 262816 found 245525
20825387,aot,30852452.751633987,
20829512,aot,37186390.44927536,
20829807,aot,41186552.391666666,
20829225,aot,31927453.39102564,
20825024,aot,49478438.846938774,gas-used mismatch for 0xe4a3771fd84a6d909818cec07b387295f4a70212a00df6d575d8b7ef19e4110e: expected 277745 found 153935
20828090,aot,27471367.978142075,
20829887,aot,46529983.4245283,
20826138,aot,53183854.27472527,gas-used mismatch for 0xf49bb94337782c27f6d77b41fc7ffd598c6b032b0b30b091a609864c5ebcbece: expected 633608 found 289392
20825070,aot,32440870.993670885,
20827905,aot,43332962.152542375,
20829601,aot,41106675.16949152,
20825073,aot,51488202.895833336,gas-used mismatch for 0x237c7317c0a3ae3e5ff0949a459c4a4deda76b93871abaef31f8433a094bb658: expected 413238 found 95916
20824895,aot,42738536.65765766,
20827918,aot,47931182.495238096,gas-used mismatch for 0x8bace2d594b38241004db27033d127270aa8298390e75ce8919d50094db21833: expected 329240 found 95880
20827910,aot,61723321.2962963,
20825401,aot,49228072.0,gas-used mismatch for 0xa3e777f3016b46d2930ddadf1d6ee0f8e20ec3d9bc1edccc03b78fcdbed1b269: expected 264067 found 215878
20829900,aot,27724341.076502733,
20828287,aot,31155137.14375,
20827932,aot,35156966.442028984,gas-used mismatch for 0x61919f109ba4d650733f703ceeca62c3b1b7d2a273df9dc0a44c8892bb4671cc: expected 917550 found 701990
20826164,aot,74350924.07142857,
20828264,aot,21874150.770212766,
20824514,aot,29616383.875,
20827935,aot,45437263.49137931,
20825398,aot,41830691.44628099,
20827879,aot,34070705.0794702,
20824696,aot,55235452.435294114,
20829895,aot,34312791.01282051,
20829585,aot,33787242.13907285,
20824867,aot,50324850.55,
20824997,aot,65035619.35897436,
20825004,aot,59927933.075,
20827867,aot,37818356.4,
20829514,aot,21170611.800829876,
20827887,aot,38407821.925925925,gas-used mismatch for 0xe904eeba91e642fe1da2c716985d14862c118f25a8f15f8c5461be15bd415e68: expected 127917 found 56972
20827928,aot,49071619.66019417,
20825068,aot,46366541.18518519,
20826150,aot,43708274.20338983,
20826137,aot,29723636.391812865,
20826136,aot,47516641.416666664,gas-used mismatch for 0x931e9eeda2621aef47eb4c117879c6cb2e4c5416727692ca3b913e893f893354: expected 277745 found 153935
20825499,aot,58796823.18181818,gas-used mismatch for 0x59c9616994ffc345943456c4047dd5bbb67f242df6fd79e479882595e7bcc55f: expected 1289923 found 219648
20829520,aot,48097679.718446605,
20827911,aot,57408742.73863637,
20827885,aot,57447350.32530121,gas-used mismatch for 0x9fd4b1a5a24734f4972bb9d9d59dc114ec0d25328e43b96295bdfa309df45eeb: expected 443336 found 95928
20825002,aot,23261998.777251184,
20827929,aot,35961675.390625,
20825017,aot,39978791.54471545,
20825396,aot,47578071.017699115,gas-used mismatch for 0xbfd0e173ef7677fa7fed757a26ee1704c8c72a95e1bb7eb64abf7c00c6ef07ac: expected 264079 found 215890
20825389,aot,61170204.59090909,
20825025,aot,37943317.23664122,gas-used mismatch for 0xe69ec20e1a7989f7e6b7af3f95e39f1a70058dfc083231a766d211a3a4f4ad32: expected 885709 found 690454
20826139,aot,32722364.93918919,gas-used mismatch for 0xaeb8ecd7b7e167df5e019afe2cb2b2904ae2f3f0998baca94d18cc0a5b214423: expected 277745 found 153935
20829888,aot,42659590.844827585,gas-used mismatch for 0x7378c43435aa3882413e38d7444cdf1e0612195ef223356fa523a3b73ca96b8f: expected 468709 found 431019
20825005,aot,24382554.476190478,
20826203,aot,38753505.0882353,gas-used mismatch for 0x5694bef9dacbcc2947a8edf671b37929f0168de0b30bc512498681b5eb31bf9b: expected 1268797 found 816422
20826145,aot,65232998.93589743,gas-used mismatch for 0xf1c3764ccc9d2955b4f7fe49266b375f7f1dec2613736222d8e31572e56c8204: expected 349439 found 360503
20828288,aot,38757300.155555554,
20829808,aot,41521137.11382114,gas-used mismatch for 0x2e53e74422cbd302101dac7502dd447022da660f60d629773c6057baf2a5c67b: expected 369475 found 95868
20824896,aot,28263749.291666668,
20827906,aot,13766401.152815014,
20825071,aot,66769436.57333333,gas-used mismatch for 0xf838cc415aa0c3186acc9acafe74ca740cc7648515df80ab817ee08be9fd43f8: expected 392166 found 315150
20825074,aot,34656386.79452055,
20829602,aot,56417889.03409091,
20828091,aot,61124425.15116279,
20827919,aot,29546983.20224719,gas-used mismatch for 0x530524e8d6a939012011a2605e7b74c02251fa5320a65e980be709220ed07301: expected 385031 found 317030
20829901,aot,46574683.1686747,gas-used mismatch for 0x64f10d478938c6264f9eedefab733e0579a6185f9ec96cc2a5e3359c374fba98: expected 275288 found 243127
20825402,aot,28196100.760233916,
20827922,aot,37612628.618320614,gas-used mismatch for 0x730e767e20782a25a226fd11a4a6c8a01c031d1c738468196ba0bc2742c3205d: expected 368901 found 98981
20827933,aot,53221059.03225806,
20826165,aot,34723615.20979021,gas-used mismatch for 0x0e6ade7aeac166612dbd368370a644f28828ae0542cac6ce88d69ad0108584bb: expected 277745 found 153935
20827936,aot,36070250.57037037,
20829903,aot,46965600.30630631,gas-used mismatch for 0xdbed24a8ca6093627fbc63704c5120dcff13a0362c5fe13077be73048fa5e14a: expected 258200 found 243139
20827880,aot,12102724.147699758,
20825399,aot,38427874.29770993,
20824998,aot,35548782.43571428,
20829586,aot,40049125.52845529,
20824697,aot,43521964.3362069,
20829613,aot,31777730.26241135,
20824868,aot,44308857.28695652,
20829589,aot,50201850.46226415,gas-used mismatch for 0xe4cb72576cc1021f0702cb3b9f0630a2f57f46b13c929bfe26b13a431cbfd265: expected 200903 found 81750
20829896,aot,65051817.934210524,
20827912,aot,34992902.783783786,
20827868,aot,40527522.8125,
20824700,aot,36854986.36764706,gas-used mismatch for 0x1542821dcac5ac98428efd053d53562ae8d946517994139a2ba48b2058317992: expected 266735 found 238415
20827888,aot,56421032.98863637,gas-used mismatch for 0x3a35c2cf001259b17a36eb617ec803d9d4e2cf7a633cbd007faf6ef043c7b5b1: expected 262852 found 245561
20826151,aot,38795872.58461539,gas-used mismatch for 0x39b3cc7a7ca38185666d42198f0e373f5e474d98f3428d0263b04694fa5f3f4b: expected 289067 found 255026
20829902,aot,33069782.08496732,gas-used mismatch for 0xf445356ff2983b6cc83a236177da0585ae7c7ab8c665ad77ce19643540f26fae: expected 585439 found 653658
20829607,aot,20060577.64285714,
20824913,aot,56738224.96666667,
20825018,aot,32526677.703448277,
20829515,aot,85580015.44827586,
20825003,aot,38441191.746031746,gas-used mismatch for 0x6ed042763bc4ca41d021cbe3dd740cbafbb62a593d1a9ed8d0e450cfccfe7d43: expected 264031 found 215842
20827930,aot,42867805.62711865,
20829595,aot,53604996.72631579,
20829521,aot,42890477.84126984,
20825390,aot,65654798.2368421,gas-used mismatch for 0x96a6bd06ed732d18b8a3a676260aa1611ad009884634eac74b3aeaf8613c2bbb: expected 838690 found 840380
20827886,aot,40251326.03816794,
20826140,aot,40252940.56097561,gas-used mismatch for 0xfd8ad37e50c0b6903f936b13d5baee8acbcb833a3d8c0763ea34ae8af7158c0f: expected 221462 found 53661
20829592,aot,47259906.29245283,
20825026,aot,32320861.35897436,
20824897,aot,27834829.405555554,gas-used mismatch for 0xcaa5fa9bad6f61c286bb2333269fc4694bb8a4a61d7a84f635b7cb327c721e48: expected 264067 found 215878
20825075,aot,43354347.76190476,
20826204,aot,18160337.302491102,
20824999,aot,33647642.85135135,gas-used mismatch for 0xebef298ed1bff21e7cfd645cbbfb6d9157c4e87a3863e55dd84ca881317e807e: expected 305954 found 95856
20825006,aot,36826118.166666664,
20829809,aot,30898335.44099379,
20829889,aot,49635610.19417476,
20826146,aot,1806734.0898914519,
20828289,aot,52214070.05263158,
20827889,aot,34779377.31081081,
20827920,aot,33433003.385714285,
20829603,aot,30255538.61849711,
20828092,aot,46380171.81415929,
20826226,aot,38231728.84962406,gas-used mismatch for 0x17bf985c45b55eeeae47876da9398c30461e59dbcc484566d0554b67e47080d2: expected 258188 found 243127
20825403,aot,41937499.720338985,gas-used mismatch for 0x283cc49886f0a5f17a864f01fdda2a2c1d0b33f894dddb5f2769b2d3f5a17077: expected 723314 found 689934
20827923,aot,37933087.933823526,
20829587,aot,41395236.536,
20826166,aot,42468974.51304348,
20825404,aot,48073282.16831683,
20825076,aot,35389638.00813008,
20829904,aot,24008688.376190476,
20829598,aot,43319199.96296296,
20825028,aot,20046782.805084746,
20829590,aot,39494824.925,
20829614,aot,31091190.993548386,
20827869,aot,44830352.44761905,
20824869,aot,26439623.98924731,
20824698,aot,46660981.116504855,
20829588,aot,30149029.818181816,
20829897,aot,34535636.680851065,
20827881,aot,74873683.46153846,gas-used mismatch for 0x6336bed6c2d6538da86fb535f956185bcff8a03f30c7a267f951b8c1c90902f1: expected 418314 found 380861
20824701,aot,47714825.66019417,
20825027,aot,41196662.64814815,
20827921,aot,39180209.96875,
20826152,aot,43419823.52173913,
20829610,aot,22456954.13744076,
20826238,aot,30605743.086956523,
20824914,aot,26372982.650537636,
20826141,aot,37007830.11029412,gas-used mismatch for 0x4d0c99681c05e0302ed958a22dee827e1f4fe4d18c993450af76d5d1ba4eb691: expected 320024 found 99696
20829608,aot,52381564.92631579,
20829516,aot,75551013.41176471,gas-used mismatch for 0xe8d3b0aecf1eccb92b78a99fbe07eaf5cfa49307b3c226f851604770fa4b1758: expected 277733 found 153923
20825391,aot,45131292.666666664,
20824878,aot,35349406.9057971,
20829522,aot,41720753.15702479,
20829596,aot,39565590.02380952,
20829593,aot,29326216.17261905,
20829611,aot,69173547.88235295,
20829599,aot,35976733.07857143,
20829810,aot,27822694.61988304,
20827883,aot,36227594.924812034,
20827882,aot,43896990.65765766,
20826205,aot,85019685.2586207,gas-used mismatch for 0xd925e42339ce7b60bc60fbf3075493630fe67e70076ed0ec008649b41140eb72: expected 705785 found 387462
20829890,aot,32045505.596153848,
20824898,aot,21551739.545833334,
20828290,aot,38471630.256,
20829594,aot,34563528.44055944,
20825000,aot,40614496.54887218,gas-used mismatch for 0x365d967d1075d29134e2357ef7706f5b240246b45eac10c87017bec64b1d0c6c: expected 255356 found 240420
20826147,aot,85385720.81967214,gas-used mismatch for 0x2c4b392fdd9f837e905989a509a804e466ecba8aace5829960b1bdf442001e3e: expected 441986 found 248766
20826232,aot,36250672.832167834,gas-used mismatch for 0x77e1934fa47603b391f781d5efad9ff765c22dff6650871e8a2a10aa83084e0e: expected 277721 found 153911
20829604,aot,46721625.67,
20826227,aot,38414914.69491526,gas-used mismatch for 0x5bcf4e3b5ec3621c6a270ef87acc40461903bbdd5c1263f5767050182e1d11a5: expected 262864 found 245573
20828093,aot,31215452.056962024,
20829619,aot,41919180.872,
20827924,aot,35915186.219858155,
20829591,aot,39782565.8,
20826167,aot,42233238.520325206,gas-used mismatch for 0x97de1d963195ae6bf52b453da316452247b6f28499d8f7cb24a28fd5f90479ee: expected 326993 found 95868
20825405,aot,40208690.66115703,
20825077,aot,37580341.27536232,
20829905,aot,31250198.734104045,
20826142,aot,40840515.928571425,
20825392,aot,35873756.551724136,
20827870,aot,34799650.373333335,
20824901,aot,15451315.817647059,
20825029,aot,59459621.52272727,gas-used mismatch for 0x832dbdc09d23b381cf899c92b2aedf38b6f87993acdc0e051ecd6e6712ab725d: expected 214995 found 64107
20829898,aot,26909202.205263156,
20824699,aot,37914093.507246375,
20829615,aot,46250168.90434783,
20824870,aot,32512927.847058825,
20826153,aot,24471271.019417476,gas-used mismatch for 0x15f8dda536b48602afae22ed277156debcd1e5423b77e54016acf06679fda7e9: expected 202957 found 130094
20829609,aot,30195436.497076023,
20824702,aot,44101507.54782609,
20826229,aot,33159084.696774192,
20824899,aot,69718255.67692308,gas-used mismatch for 0xf99160f25d3296a81f7cf2d966fcba72c3354d4e862464466a0549edcf27534d: expected 836815 found 654791
20826228,aot,55421825.0989011,
20824907,aot,56376646.2631579,
20826239,aot,41338381.82113821,
20824879,aot,39238195.608,gas-used mismatch for 0x0e376e4ced5ab446354ee388c73cc6cbc9872656cc5cfa7cac98795a33f17ea4: expected 367017 found 175140
20829597,aot,18548436.237547893,
20824915,aot,39883001.176470585,
20828101,aot,42138146.80165289,
20829517,aot,29670727.15340909,
20826154,aot,43921847.60377359,
20829600,aot,37576200.5037594,
20825393,aot,37139973.32608695,
20829811,aot,44180220.16981132,
20828113,aot,37777261.03053435,
20829523,aot,40416672.94444445,
20829612,aot,41150357.56198347,gas-used mismatch for 0x9b44721e3c695f7ccf6fe05d1ac759575a6635aa812e9a8397a1f9f0a0c84fe0: expected 364632 found 226841
20826148,aot,48276849.29245283,
20824872,aot,58204158.89156626,gas-used mismatch for 0x8d59ec0a456994d73fa48b0eae1fc87a03de8bfb53a1fab5f1259dc0a853e49c: expected 266783 found 238463
20826214,aot,59122774.7037037,
20828291,aot,28467933.691891894,
20826206,aot,61810812.927710846,gas-used mismatch for 0x4cdbd891dfff2dd09d687950ed9903e9b4910864c2c68860d713a4ae3d33bdb1: expected 497751 found 183249
20829891,aot,17404525.801886793,
20824904,aot,63151474.0,
20826233,aot,33540562.586206898,
20829525,aot,67386888.0,
20829605,aot,45411152.37962963,
20824902,aot,26800549.34408602,
20828094,aot,37547690.03816794,
20829620,aot,44628136.20720721,
20829892,aot,48977255.052083336,
20824875,aot,49268344.24,
20826168,aot,39541355.0859375,
20829518,aot,35024710.38518518,gas-used mismatch for 0xaf42e5a48b5821fd14a2a1dd9c3f5c88140622ff2a7ab7300b23915619772f53: expected 437604 found 226902
20826230,aot,35831500.608391605,gas-used mismatch for 0x34eab0b936413486bc40259df444cca85f1c6968b4c81315261a2bd1bd366246: expected 289067 found 255026
20828107,aot,75022274.54929577,
20825030,aot,36664911.45925926,gas-used mismatch for 0xe3b71487687bd4d154a55a9989f180648f9bac9241006ffcfbfa1adbc9ce619d: expected 431019 found 95868
20828110,aot,14752767.382183908,
20826149,aot,36027091.27536232,
20826143,aot,53639334.104166664,
20829616,aot,30564436.525,
20827871,aot,44039622.672413796,
20824871,aot,14809853.47164179,
20829899,aot,43474038.29565217,
20828104,aot,26657587.481865287,
20829606,aot,29352107.529411763,
20826211,aot,37047353.63970588,
20826208,aot,65045070.425,gas-used mismatch for 0x5a04e1fb9a2b5e86e2328780ae988cf7700fbdfe5578a073c67309c9a61683f3: expected 332135 found 95880
20824908,aot,39192232.34615385,
20824873,aot,27051406.041884817,
20824916,aot,41588662.63063063,gas-used mismatch for 0x31ae31a3b542e5916c8fb12a8bbf31f2ea576a6889b272fbcac463c03a7a4507: expected 264043 found 215854
20826240,aot,39110486.296875,
20824900,aot,43533931.666666664,
20824880,aot,37471722.28571428,
20824876,aot,42781166.5,
20829524,aot,26585305.87978142,
20826155,aot,28598517.761363637,gas-used mismatch for 0x3a60861de27b31a2b7f2d99621f3eb45159e201d10bbb508803033ef8b57f36b: expected 166861 found 84399
20828102,aot,34239154.317567565,
20829617,aot,45659455.74774775,
20828114,aot,33155378.2,
20824877,aot,31984463.360759493,
20828103,aot,36019462.74468085,
20828111,aot,62708904.78409091,
20828112,aot,34150318.071428575,
20826234,aot,39947024.54310345,gas-used mismatch for 0xeedc3039ea7ba00f45d73ffbd600e6003b8afe8eb53e2ab33e872b44b4999c33: expected 279916 found 245525
20826244,aot,63045536.746987954,
20828119,aot,39600944.736,
20824925,aot,56718472.375,gas-used mismatch for 0xbd6cfa6b195d983f880af37e68cceddc7440d684dcef06dd12225db667213b41: expected 264079 found 215890
20826215,aot,45005545.64655172,gas-used mismatch for 0xa47cae3bc2b959b28679ab67a54967366ad25ffffde7d59a421c9b881efda7f8: expected 277745 found 153935
20826207,aot,43972563.35652174,
20828300,aot,33370330.61935484,
20824905,aot,33177257.943037976,
20829526,aot,41651123.861788616,gas-used mismatch for 0xa77670b378a07d486355d8980cdd30b952e18b5833041d9b1693421d2ae32691: expected 467646 found 95868
20828122,aot,32155806.43478261,
20828292,aot,36737896.39102564,
20828095,aot,42981907.612068966,
20824903,aot,68989268.14102565,
20829621,aot,11131300.417607224,
20829893,aot,53210554.663157895,
20828120,aot,39785425.15833333,
20826169,aot,36322122.919117644,
20828108,aot,49650524.05376344,
20824906,aot,27041583.34682081,
20826231,aot,42487305.948275864,
20828294,aot,34936350.34057971,
20824874,aot,60505282.95180723,
20828123,aot,37631576.45528455,
20829618,aot,35759884.61702128,
20828105,aot,45062631.518518515,
20827872,aot,23437951.206278026,
20824931,aot,39369413.515384614,
20828121,aot,35999991.074324325,
20826241,aot,35560287.716216214,gas-used mismatch for 0x1b08e68c8ce5c70e2339e4d23c23e9c9ece8709e96e7509290736852e4dd09f0: expected 262924 found 245633
20824909,aot,38722350.37301587,
20826179,aot,26834382.935672514,
20828293,aot,73222343.27941176,
20828109,aot,32454274.67948718,
20824928,aot,49387771.84,
20826235,aot,27678925.558282208,
20826212,aot,62438564.2125,
20828106,aot,7339237.643712575,
20826242,aot,43636261.820754714,
20824881,aot,38837971.265625,
20828098,aot,35112980.803921565,
20826209,aot,47911925.69369369,
20824917,aot,47545799.051724136,
20826243,aot,28139787.5,gas-used mismatch for 0x15f86a42bf39c7c10cc875acb9bd15f991674d3119491d43978105b394f4f63c: expected 277745 found 153935
20826247,aot,69360031.22058824,gas-used mismatch for 0x5c037afdf7e4f696243dd05b107e31ce6532e7da4312584c01df62e22b2c9cf7: expected 277721 found 153911
20828099,aot,50994627.091836736,gas-used mismatch for 0x3bc0d48266761863ee0d990670bb3f80bd2d9a2c88c964f64a9278315116264a: expected 932291 found 1023267
20828115,aot,15551832.578461539,
20826213,aot,26997578.519337017,
20826237,aot,34757430.89361702,gas-used mismatch for 0x81a064827c97869fd3e1939adc52c96230cea955f3c2d4f5bca75e2f094b5592: expected 282521 found 153911
20829528,aot,15431886.38390093,
20826245,aot,22703647.407079645,
20824926,aot,28412510.193370167,
20826236,aot,36271497.42384106,
20824910,aot,25136281.48989899,
20824929,aot,35372990.33846154,
20826220,aot,41278172.74166667,
20828301,aot,43083482.24137931,
20826216,aot,55456722.03225806,
20829527,aot,39940705.953125,gas-used mismatch for 0x0775b7c29709af18721e86eb9c76a9370b9586e24b4faf3698f0c1ecf7f77ef8: expected 232664 found 191663
20828096,aot,33765558.89655172,gas-used mismatch for 0x993fd9f8b652cd58478c43bb22ca4f497539ed283f2c304019d708e16159cd8b: expected 306998 found 95868
20828100,aot,42438742.415254235,
20829622,aot,71912665.49333334,
20824934,aot,44173624.7037037,
20828116,aot,65657645.025641024,gas-used mismatch for 0xd2f40e6b6fd6fd6365c4b7f332e50e1c4741412706d49dcdb7c0dae189dc99fd: expected 753734 found 116860
20826170,aot,38210815.333333336,
20824911,aot,23088202.85526316,
20824932,aot,37176402.03424658,
20824927,aot,37387047.315789476,
20826246,aot,40120481.76335878,gas-used mismatch for 0xd59886a4eb6d60d49b81e5072ecaf4815ec0bc4af8e81748289f613a690c03f0: expected 306998 found 95868
20828297,aot,30878256.892405063,
20828296,aot,31819249.64102564,gas-used mismatch for 0xdc6bc7b8cebcf733884d627faaeedb6712ac917790748955caf10129d9b0f83c: expected 277745 found 153935
20828295,aot,49836886.893203884,
20828124,aot,36609870.312056735,
20826223,aot,37498699.428571425,
20826180,aot,49965070.93877551,gas-used mismatch for 0x097f484dddc3d40dd02e897db0bbec04b5a85c9c9c39603637bc39ceb81aab36: expected 149582 found 75197
20829623,aot,30848441.333333332,
20826217,aot,43627685.26956522,
20824919,aot,38152059.768115945,
20824918,aot,43663881.14159292,gas-used mismatch for 0x61b110750a51972ac4b4a9546c27dd217af65f28f5cb08a992cd5424b84af20d: expected 345532 found 95880
20824933,aot,36875475.86923077,gas-used mismatch for 0x4cff8dba541b8a049c72478d3d691d15f82f43c26512d4a776dbdbe4c11aa61f: expected 329240 found 95880
20828117,aot,37503412.53333333,
20828298,aot,45452511.5462963,
20826224,aot,46229157.38181818,
20828118,aot,47645749.556603774,
20824882,aot,45527079.8,
20826210,aot,48981680.99029126,
20826225,aot,41139985.14285714,
20827873,aot,28411838.38095238,gas-used mismatch for 0x96aea38851c9ca5bb0f7d063af294d8cc5f9b2d35bfc6befdbec00f5f7d5ac4a: expected 475108 found 398089
20826191,aot,37123585.56923077,
20826248,aot,67946029.36619718,gas-used mismatch for 0x78a4f79c1ceb928aa678f741802b90b205779fc46288ec8b6078a66dd6f90d57: expected 277745 found 153935
20828309,aot,29090315.827777777,gas-used mismatch for 0x34bf093a48e96854dfe55a9720d58cf4d31c253d369eb724b2668d37732ffcd5: expected 360091 found 317090
20826221,aot,45007531.70769231,
20829624,aot,31671910.00613497,
20828306,aot,57214631.23076923,gas-used mismatch for 0x2dd39dd0a884cde5fecda76ca65205552b62eddcb382ca6e354fa2a23736a57d: expected 282991 found 157472
20824884,aot,41793125.61111111,
20828307,aot,60124700.56626506,
20824922,aot,40315476.70731708,
20829529,aot,36851805.88235294,
20828308,aot,43163451.05,
20826173,aot,12868129.69072165,
20824887,aot,46218417.71,
20829530,aot,36187039.74637681,
20824930,aot,40376256.73553719,gas-used mismatch for 0x8f1a68ec11f94f7711111cbf03289902149c72761a31cbff62ac254dc224c18a: expected 328208 found 95880
20824885,aot,34027948.7037037,
20826219,aot,33358337.992857143,
20826218,aot,46876222.61016949,
20828302,aot,77122099.57142857,
20828097,aot,37827392.455882356,
20824883,aot,28286654.07222222,
20824935,aot,41072132.27927928,
20824886,aot,38630937.74796748,
20826222,aot,30266344.61392405,gas-used mismatch for 0x142956d990996b717d8caf1ee88caa653cc6a4807c405d3c3ac0e4c9b743f255: expected 262852 found 245561
20824912,aot,35407328.23577236,gas-used mismatch for 0x68653e9a54366a9d2deb6139da04d848bf922e4b5a21ec395e9508e2f100c13a: expected 264055 found 215866
20826171,aot,53035142.9010989,
20826172,aot,38563054.264,
20824936,aot,31793679.576923076,
20826176,aot,46318197.018867925,gas-used mismatch for 0xf792077dc1e8c7c9e8e8a812b4f2993cc16138b2e9e53b2e2e2db338c7c78e14: expected 732053 found 698673
20826197,aot,38951430.08130081,
20824920,aot,33923973.70629371,
20826175,aot,31774932.918518517,
20826174,aot,59433444.48192771,gas-used mismatch for 0x3b2aaac257cc920b63e9c3652fc1c40f1057b2ccae51d336f2c73fcafb9acae8: expected 277745 found 153935
20826181,aot,38792952.675,
20828299,aot,44472313.225225225,
20826249,aot,34653467.321428575,
20828311,aot,39002823.08943089,gas-used mismatch for 0x269891ef20fadadfa86bd7f425f40d41fdb2ca46c3a57f87baa84170bb643a63: expected 832875 found 902378
20824888,aot,25094524.951351352,
20828310,aot,40608379.325203255,
20826188,aot,43555309.514563106,gas-used mismatch for 0x2900088bae994aff6a5e4c434f168dd5e6e70855151148417ccf063950049d06: expected 160170 found 77708
20826177,aot,43076961.82882883,
20826189,aot,42902096.21296296,gas-used mismatch for 0x6f5d519a191f52de3b59ecb6812065a2e8a745da7c074b258be96e5e5652e0f5: expected 1173661 found 740985
20828304,aot,29379527.64556962,
20826186,aot,45037002.76699029,gas-used mismatch for 0xe873113b0d06696c134a76c4e6426f82a18480f99c454afa57aae2777e667efc: expected 160170 found 77708
20826192,aot,33279082.04964539,gas-used mismatch for 0x7e3b7e58d8f0d6097c3fe60446e91a22bfafc35cb2727bdb21f85be52dfd1ed2: expected 166853 found 84391
20826190,aot,42696562.067961164,gas-used mismatch for 0x0e7d8386ef053277d7199dc8b5b67ab7b4922b9252bd31ccfc5772cfea917b92: expected 160158 found 77696
20826185,aot,41342946.86956522,
20828305,aot,22640740.01492537,
20824889,aot,68938711.73529412,
20827874,aot,50774717.76923077,
20828303,aot,41440189.85344828,
20826182,aot,14061484.502958579,
20824924,aot,28889870.91875,
20826193,aot,36371947.20661157,gas-used mismatch for 0x11d2285fa3ba0bb900db9f1fb3a184a5f71c679b78ca2b6d088bda0899dc16aa: expected 942683 found 488183
20826200,aot,36352876.88495575,gas-used mismatch for 0x1c4ccff07d93f2bea2136d1d01e28f7cabec92007cec0090005bc1db0b679b6c: expected 165855 found 83393
20824923,aot,28295110.73142857,
20824921,aot,41536856.344827585,
20826194,aot,23749463.39790576,
20826198,aot,21681705.20207254,gas-used mismatch for 0xcbfc030de7a7ba5a1a7917b824a678a83b9d22166682823eb16f126d89626c15: expected 160170 found 77708
20826187,aot,32071121.455172412,gas-used mismatch for 0x244ca4f763291bcc43fb73c33ba1bec528e64a0dd38a9c0bd62b8e69cd809051: expected 662186 found 287866
20826178,aot,28985598.429447852,gas-used mismatch for 0x89fc51e5a5cbfd61bf34a20bbe7539e020cd8e6b712aa1dda8e22fa2acce441e: expected 277721 found 153911
20826195,aot,56837471.315789476,gas-used mismatch for 0xc1abe1c54877f15db1ec2bbb8ae3bda0205b87b715b92c422347f287416e16f4: expected 160182 found 77720
20826202,aot,40432302.47,gas-used mismatch for 0xd82dd5ba4fafab7f714f60f88bbf4104ad23c96bbd4c9443036db7ae26fae459: expected 159172 found 76710
20826183,aot,36312394.6875,
20826184,aot,65917507.1,gas-used mismatch for 0x16a0ad095d5f5912e71595dc994b572059f7744fdf755d33437b7689d317cb76: expected 160170 found 77708
20826196,aot,40044894.48571429,
20826201,aot,38617496.05405405,
20826199,aot,42576135.04081633,gas-used mismatch for 0x4e7cb35e5d6fda48ae28fd0c6a73a689a9088dc343ef0c8844e0bf6c556ab493: expected 262888 found 245597
20827875,aot,19783384.900414936,
20827876,aot,23592109.369668245,
20827877,aot,20331950.872,gas-used mismatch for 0x0824331a78e025dc72f7712b88dbbe8dfd42b36d4d6a548c1c8d0825eee57038: expected 262828 found 245537
